qid,docid,attack_name,region,layer,condition,score_control,score_attack,score_patched_fwd,score_patched_rev,fwd_effect,rev_effect,combined_effect,attention_q_to_d_clean,attention_d_to_q_clean,attention_q_to_d_attack,attention_d_to_q_attack,query_span_start,query_span_end,doc_span_start,doc_span_end
1114646,8233327,relevance_random_3,encoder_self_attn,0,doc_only,-9.867744445800781,-8.007861137390137,-9.983694076538086,-8.219245910644531,-0.062342422351426424,0.11365485796796171,-0.062342422351426424,0.4124174017017171,0.4331803657114506,0.41898627194666094,0.41754972422495484,3,11,13,75
1114646,8233327,relevance_random_3,encoder_self_attn,0,query_only,-9.867744445800781,-8.007861137390137,-8.975311279296875,-8.806541442871094,0.479832881164212,0.42942495471044684,0.42942495471044684,0.4124174017017171,0.4331803657114506,0.41898627194666094,0.41754972422495484,3,11,13,75
1114646,8233327,relevance_random_3,encoder_self_attn,0,both,-9.867744445800781,-8.007861137390137,-9.04351806640625,-8.848100662231445,0.44316026476890663,0.45177002290500246,0.44316026476890663,0.4124174017017171,0.4331803657114506,0.41898627194666094,0.41754972422495484,3,11,13,75
1114646,8233327,relevance_random_3,encoder_self_attn,1,doc_only,-9.867744445800781,-8.007861137390137,-9.750980377197266,-8.253214836120605,0.06278031964451354,0.13191886696382835,0.06278031964451354,0.25627934629634275,0.2940316405147314,0.25719429312213776,0.2886520668398589,3,11,13,75
1114646,8233327,relevance_random_3,encoder_self_attn,1,query_only,-9.867744445800781,-8.007861137390137,-9.68160629272461,-8.259445190429688,0.10008055464255736,0.13526872997991518,0.10008055464255736,0.25627934629634275,0.2940316405147314,0.25719429312213776,0.2886520668398589,3,11,13,75
1114646,8233327,relevance_random_3,encoder_self_attn,1,both,-9.867744445800781,-8.007861137390137,-9.544736862182617,-8.462385177612305,0.17367088685482576,0.2443830955236539,0.17367088685482576,0.25627934629634275,0.2940316405147314,0.25719429312213776,0.2886520668398589,3,11,13,75
1114646,8233327,relevance_random_3,encoder_self_attn,2,doc_only,-9.867744445800781,-8.007861137390137,-9.855886459350586,-8.20944595336914,0.006375661524877335,0.10838573316261833,0.006375661524877335,0.31277563410290216,0.29528413712978363,0.31874524393389303,0.30016170954331756,3,11,13,75
1114646,8233327,relevance_random_3,encoder_self_attn,2,query_only,-9.867744445800781,-8.007861137390137,-9.25011920928955,-8.695497512817383,0.3320774124474613,0.36972017132347024,0.3320774124474613,0.31277563410290216,0.29528413712978363,0.31874524393389303,0.30016170954331756,3,11,13,75
1114646,8233327,relevance_random_3,encoder_self_attn,2,both,-9.867744445800781,-8.007861137390137,-9.225930213928223,-8.81943416595459,0.345083064604208,0.4363569611568693,0.345083064604208,0.31277563410290216,0.29528413712978363,0.31874524393389303,0.30016170954331756,3,11,13,75
1114646,8233327,relevance_random_3,encoder_self_attn,3,doc_only,-9.867744445800781,-8.007861137390137,-9.704176902770996,-8.461350440979004,0.08794505670872498,0.2438267506021088,0.08794505670872498,0.2565905310339847,0.3361109048128128,0.26594018215133297,0.3354898956604302,3,11,13,75
1114646,8233327,relevance_random_3,encoder_self_attn,3,query_only,-9.867744445800781,-8.007861137390137,-9.398544311523438,-8.463324546813965,0.2522739637242601,0.2448881644155635,0.2448881644155635,0.2565905310339847,0.3361109048128128,0.26594018215133297,0.3354898956604302,3,11,13,75
1114646,8233327,relevance_random_3,encoder_self_attn,3,both,-9.867744445800781,-8.007861137390137,-9.1851167678833,-8.852592468261719,0.36702715424701404,0.4541851239008342,0.36702715424701404,0.2565905310339847,0.3361109048128128,0.26594018215133297,0.3354898956604302,3,11,13,75
1114646,8233327,relevance_random_3,encoder_self_attn,4,doc_only,-9.867744445800781,-8.007861137390137,-9.72800064086914,-8.201143264770508,0.0751357917454822,0.10392164202255222,0.0751357917454822,0.286891828149052,0.5637295413762331,0.30010230526808773,0.5737537234090269,3,11,13,75
1114646,8233327,relevance_random_3,encoder_self_attn,4,query_only,-9.867744445800781,-8.007861137390137,-9.59253978729248,-8.215171813964844,0.14796877700003436,0.1114643459819334,0.1114643459819334,0.286891828149052,0.5637295413762331,0.30010230526808773,0.5737537234090269,3,11,13,75
1114646,8233327,relevance_random_3,encoder_self_attn,4,both,-9.867744445800781,-8.007861137390137,-9.435613632202148,-8.404322624206543,0.23234297100494353,0.21316471040067603,0.21316471040067603,0.286891828149052,0.5637295413762331,0.30010230526808773,0.5737537234090269,3,11,13,75
1114646,8233327,relevance_random_3,encoder_self_attn,5,doc_only,-9.867744445800781,-8.007861137390137,-9.743477821350098,-8.114166259765625,0.06681420489593787,0.057156877474388905,0.057156877474388905,0.24663465406935095,0.35838025994598866,0.2666699271048269,0.3608151157386601,3,11,13,75
1114646,8233327,relevance_random_3,encoder_self_attn,5,query_only,-9.867744445800781,-8.007861137390137,-9.709205627441406,-8.176703453063965,0.08524127166604538,0.09078113390786416,0.08524127166604538,0.24663465406935095,0.35838025994598866,0.2666699271048269,0.3608151157386601,3,11,13,75
1114646,8233327,relevance_random_3,encoder_self_attn,5,both,-9.867744445800781,-8.007861137390137,-9.569180488586426,-8.277152061462402,0.16052832769895228,0.14478915040233736,0.14478915040233736,0.24663465406935095,0.35838025994598866,0.2666699271048269,0.3608151157386601,3,11,13,75
1114646,8233327,relevance_random_3,encoder_self_attn,6,doc_only,-9.867744445800781,-8.007861137390137,-9.605005264282227,-8.541282653808594,0.14126648716637893,0.28680375484109816,0.14126648716637893,0.17625868623539553,0.2887095296755433,0.1988160069431028,0.30911171436309814,3,11,13,75
1114646,8233327,relevance_random_3,encoder_self_attn,6,query_only,-9.867744445800781,-8.007861137390137,-9.653907775878906,-8.267142295837402,0.11497316468989026,0.1394072183317959,0.11497316468989026,0.17625868623539553,0.2887095296755433,0.1988160069431028,0.30911171436309814,3,11,13,75
1114646,8233327,relevance_random_3,encoder_self_attn,6,both,-9.867744445800781,-8.007861137390137,-9.363473892211914,-8.758581161499023,0.2711302108624167,0.40363823940675686,0.2711302108624167,0.17625868623539553,0.2887095296755433,0.1988160069431028,0.30911171436309814,3,11,13,75
1114646,8233327,relevance_random_3,encoder_self_attn,7,doc_only,-9.867744445800781,-8.007861137390137,-9.840066909790039,-8.106629371643066,0.014881329320813094,0.053104532852295806,0.014881329320813094,0.28522146556337,0.2835593977943063,0.3051323885879209,0.27618060330860317,3,11,13,75
1114646,8233327,relevance_random_3,encoder_self_attn,7,query_only,-9.867744445800781,-8.007861137390137,-9.9658784866333,-7.908778190612793,-0.05276354725521977,-0.05327374375009294,-0.05327374375009294,0.28522146556337,0.2835593977943063,0.3051323885879209,0.27618060330860317,3,11,13,75
1114646,8233327,relevance_random_3,encoder_self_attn,7,both,-9.867744445800781,-8.007861137390137,-9.941275596618652,-8.023974418640137,-0.03953535712985501,0.00866359796721308,-0.03953535712985501,0.28522146556337,0.2835593977943063,0.3051323885879209,0.27618060330860317,3,11,13,75
1114646,8233327,relevance_random_3,encoder_self_attn,8,doc_only,-9.867744445800781,-8.007861137390137,-9.947494506835938,-7.819278717041016,-0.04287906702238558,-0.10139475928211507,-0.10139475928211507,0.17375982211808028,0.45327622815966606,0.18721478240143868,0.4560668491758406,3,11,13,75
1114646,8233327,relevance_random_3,encoder_self_attn,8,query_only,-9.867744445800781,-8.007861137390137,-9.691359519958496,-8.346978187561035,0.09483655509173539,0.18233243378085343,0.09483655509173539,0.17375982211808028,0.45327622815966606,0.18721478240143868,0.4560668491758406,3,11,13,75
1114646,8233327,relevance_random_3,encoder_self_attn,8,both,-9.867744445800781,-8.007861137390137,-9.778998374938965,-8.159428596496582,0.047715934897901734,0.08149299389969075,0.047715934897901734,0.17375982211808028,0.45327622815966606,0.18721478240143868,0.4560668491758406,3,11,13,75
1114646,8233327,relevance_random_3,encoder_self_attn,9,doc_only,-9.867744445800781,-8.007861137390137,-10.157058715820312,-7.293121337890625,-0.15555506558460572,-0.38429281894587763,-0.38429281894587763,0.32365585181672696,1.1709957532584667,0.3368253140680252,1.226055565290153,3,11,13,75
1114646,8233327,relevance_random_3,encoder_self_attn,9,query_only,-9.867744445800781,-8.007861137390137,-9.041009902954102,-9.029848098754883,0.4445088243483201,0.5494898291431417,0.4445088243483201,0.32365585181672696,1.1709957532584667,0.3368253140680252,1.226055565290153,3,11,13,75
1114646,8233327,relevance_random_3,encoder_self_attn,9,both,-9.867744445800781,-8.007861137390137,-9.380720138549805,-8.39043140411377,0.2618574536631339,0.20569584392396995,0.20569584392396995,0.32365585181672696,1.1709957532584667,0.3368253140680252,1.226055565290153,3,11,13,75
1114646,8233327,relevance_random_3,encoder_self_attn,10,doc_only,-9.867744445800781,-8.007861137390137,-9.423456192016602,-8.482677459716797,0.2388796392628763,0.25529360910949433,0.2388796392628763,0.355597356618461,0.6105512417852879,0.3472687515520281,0.6180381681770086,3,11,13,75
1114646,8233327,relevance_random_3,encoder_self_attn,10,query_only,-9.867744445800781,-8.007861137390137,-9.544695854187012,-8.371612548828125,0.17369293554756904,0.19557754499599792,0.17369293554756904,0.355597356618461,0.6105512417852879,0.3472687515520281,0.6180381681770086,3,11,13,75
1114646,8233327,relevance_random_3,encoder_self_attn,10,both,-9.867744445800781,-8.007861137390137,-9.08283805847168,-8.820817947387695,0.4220191577501924,0.4371009763468803,0.4220191577501924,0.355597356618461,0.6105512417852879,0.3472687515520281,0.6180381681770086,3,11,13,75
1114646,8233327,relevance_random_3,encoder_self_attn,11,doc_only,-9.867744445800781,-8.007861137390137,-9.79129409790039,-8.133805274963379,0.04110491639699748,0.0677161502572262,0.04110491639699748,0.28840448694714044,0.40497999265789986,0.29320698063219747,0.38240845408290625,3,11,13,75
1114646,8233327,relevance_random_3,encoder_self_attn,11,query_only,-9.867744445800781,-8.007861137390137,-9.154396057128906,-8.81609058380127,0.3835447016734958,0.4345592235578489,0.3835447016734958,0.28840448694714044,0.40497999265789986,0.29320698063219747,0.38240845408290625,3,11,13,75
1114646,8233327,relevance_random_3,encoder_self_attn,11,both,-9.867744445800781,-8.007861137390137,-9.071678161621094,-8.92883586883545,0.42801947873813795,0.49517877131352267,0.42801947873813795,0.28840448694714044,0.40497999265789986,0.29320698063219747,0.38240845408290625,3,11,13,75
1114646,8233327,relevance_random_3,decoder_cross_attn,0,doc_only,-9.867744445800781,-8.007861137390137,-9.851801872253418,-8.022859573364258,0.008571813874165547,0.008064181180774154,0.008064181180774154,,,,,3,11,13,75
1114646,8233327,relevance_random_3,decoder_cross_attn,0,query_only,-9.867744445800781,-8.007861137390137,-9.867870330810547,-8.008121490478516,-6.76843591188522e-05,0.00013998356090489885,-6.76843591188522e-05,,,,,3,11,13,75
1114646,8233327,relevance_random_3,decoder_cross_attn,0,both,-9.867744445800781,-8.007861137390137,-9.851943016052246,-8.02316665649414,0.008495925350305016,0.008229289996200446,0.008229289996200446,,,,,3,11,13,75
1114646,8233327,relevance_random_3,decoder_cross_attn,1,doc_only,-9.867744445800781,-8.007861137390137,-9.837361335754395,-8.033931732177734,0.016336030281572062,0.014017328221455018,0.014017328221455018,,,,,3,11,13,75
1114646,8233327,relevance_random_3,decoder_cross_attn,1,query_only,-9.867744445800781,-8.007861137390137,-9.865928649902344,-8.011016845703125,0.0009762956042598074,0.0016967238206384995,0.0009762956042598074,,,,,3,11,13,75
1114646,8233327,relevance_random_3,decoder_cross_attn,1,both,-9.867744445800781,-8.007861137390137,-9.83517837524414,-8.037433624267578,0.01750973859992852,0.01590018402967036,0.01590018402967036,,,,,3,11,13,75
1114646,8233327,relevance_random_3,decoder_cross_attn,2,doc_only,-9.867744445800781,-8.007861137390137,-9.865991592407227,-8.012262344360352,0.0009424534247003813,0.0023663887676780523,0.0009424534247003813,,,,,3,11,13,75
1114646,8233327,relevance_random_3,decoder_cross_attn,2,query_only,-9.867744445800781,-8.007861137390137,-9.857226371765137,-8.018882751464844,0.005655233308498643,0.005925970744974052,0.005655233308498643,,,,,3,11,13,75
1114646,8233327,relevance_random_3,decoder_cross_attn,2,both,-9.867744445800781,-8.007861137390137,-9.855602264404297,-8.023454666137695,0.006528464093191107,0.008384143605699638,0.006528464093191107,,,,,3,11,13,75
1114646,8233327,relevance_random_3,decoder_cross_attn,3,doc_only,-9.867744445800781,-8.007861137390137,-9.87025260925293,-8.000151634216309,-0.0013485595794134944,-0.004145154235733342,-0.004145154235733342,,,,,3,11,13,75
1114646,8233327,relevance_random_3,decoder_cross_attn,3,query_only,-9.867744445800781,-8.007861137390137,-9.841596603393555,-8.038853645324707,0.014058861805459769,0.016663684110942868,0.014058861805459769,,,,,3,11,13,75
1114646,8233327,relevance_random_3,decoder_cross_attn,3,both,-9.867744445800781,-8.007861137390137,-9.843660354614258,-8.030776977539062,0.012949248524147677,0.012321117161112874,0.012321117161112874,,,,,3,11,13,75
1114646,8233327,relevance_random_3,decoder_cross_attn,4,doc_only,-9.867744445800781,-8.007861137390137,-9.86806869506836,-8.007211685180664,-0.0001743385007606799,-0.0003491897618177147,-0.0003491897618177147,,,,,3,11,13,75
1114646,8233327,relevance_random_3,decoder_cross_attn,4,query_only,-9.867744445800781,-8.007861137390137,-9.826559066772461,-8.057479858398438,0.022144066158384476,0.02667840545905122,0.022144066158384476,,,,,3,11,13,75
1114646,8233327,relevance_random_3,decoder_cross_attn,4,both,-9.867744445800781,-8.007861137390137,-9.826855659484863,-8.05684757232666,0.02198459770621809,0.026338445382567893,0.02198459770621809,,,,,3,11,13,75
1114646,8233327,relevance_random_3,decoder_cross_attn,5,doc_only,-9.867744445800781,-8.007861137390137,-9.867244720458984,-8.000932693481445,0.000268686395289989,-0.0037252035530186455,-0.0037252035530186455,,,,,3,11,13,75
1114646,8233327,relevance_random_3,decoder_cross_attn,5,query_only,-9.867744445800781,-8.007861137390137,-9.819665908813477,-8.067745208740234,0.02585029758043799,0.032197757289015805,0.02585029758043799,,,,,3,11,13,75
1114646,8233327,relevance_random_3,decoder_cross_attn,5,both,-9.867744445800781,-8.007861137390137,-9.819583892822266,-8.060959815979004,0.025894394965924515,0.028549467780450397,0.025894394965924515,,,,,3,11,13,75
1114646,8233327,relevance_random_3,decoder_cross_attn,6,doc_only,-9.867744445800781,-8.007861137390137,-9.868598937988281,-8.005523681640625,-0.00045943322553402703,-0.00125677548636596,-0.00125677548636596,,,,,3,11,13,75
1114646,8233327,relevance_random_3,decoder_cross_attn,6,query_only,-9.867744445800781,-8.007861137390137,-9.744648933410645,-8.153608322143555,0.066184535252014,0.07836361781103655,0.066184535252014,,,,,3,11,13,75
1114646,8233327,relevance_random_3,decoder_cross_attn,6,both,-9.867744445800781,-8.007861137390137,-9.745928764343262,-8.151514053344727,0.06549641093430567,0.0772375962002411,0.06549641093430567,,,,,3,11,13,75
1114646,8233327,relevance_random_3,decoder_cross_attn,7,doc_only,-9.867744445800781,-8.007861137390137,-9.863968849182129,-8.012565612792969,0.002030018013269211,0.0025294465419189232,0.002030018013269211,,,,,3,11,13,75
1114646,8233327,relevance_random_3,decoder_cross_attn,7,query_only,-9.867744445800781,-8.007861137390137,-9.822196960449219,-8.07904052734375,0.024489431753911977,0.038270890239043724,0.024489431753911977,,,,,3,11,13,75
1114646,8233327,relevance_random_3,decoder_cross_attn,7,both,-9.867744445800781,-8.007861137390137,-9.818599700927734,-8.084003448486328,0.026423563591762813,0.040939294821274834,0.026423563591762813,,,,,3,11,13,75
1114646,8233327,relevance_random_3,decoder_cross_attn,8,doc_only,-9.867744445800781,-8.007861137390137,-9.863113403320312,-8.015380859375,0.002489963999099593,0.004043114936758709,0.002489963999099593,,,,,3,11,13,75
1114646,8233327,relevance_random_3,decoder_cross_attn,8,query_only,-9.867744445800781,-8.007861137390137,-9.718870162963867,-8.17384147644043,0.0800449588227844,0.08924234025850297,0.0800449588227844,,,,,3,11,13,75
1114646,8233327,relevance_random_3,decoder_cross_attn,8,both,-9.867744445800781,-8.007861137390137,-9.714468955993652,-8.181924819946289,0.08241134759046245,0.09358849653040746,0.08241134759046245,,,,,3,11,13,75
1114646,8233327,relevance_random_3,decoder_cross_attn,9,doc_only,-9.867744445800781,-8.007861137390137,-9.810111999511719,-8.077981948852539,0.03098713022932179,0.037701726310089737,0.03098713022932179,,,,,3,11,13,75
1114646,8233327,relevance_random_3,decoder_cross_attn,9,query_only,-9.867744445800781,-8.007861137390137,-9.771461486816406,-8.180593490600586,0.05176827951999483,0.09287268315669596,0.05176827951999483,,,,,3,11,13,75
1114646,8233327,relevance_random_3,decoder_cross_attn,9,both,-9.867744445800781,-8.007861137390137,-9.704858779907227,-8.238018035888672,0.08757843309683119,0.12374803164141236,0.08757843309683119,,,,,3,11,13,75
1114646,8233327,relevance_random_3,decoder_cross_attn,10,doc_only,-9.867744445800781,-8.007861137390137,-9.868170738220215,-8.007521629333496,-0.00022920385247065858,-0.00018254266550235895,-0.00022920385247065858,,,,,3,11,13,75
1114646,8233327,relevance_random_3,decoder_cross_attn,10,query_only,-9.867744445800781,-8.007861137390137,-9.850435256958008,-8.067997932434082,0.009306599378842177,0.03233363876754986,0.009306599378842177,,,,,3,11,13,75
1114646,8233327,relevance_random_3,decoder_cross_attn,10,both,-9.867744445800781,-8.007861137390137,-9.851400375366211,-8.068151473999023,0.008787685958930976,0.03241619317526301,0.008787685958930976,,,,,3,11,13,75
1114646,8233327,relevance_random_3,decoder_cross_attn,11,doc_only,-9.867744445800781,-8.007861137390137,-9.821203231811523,-8.062047958374023,0.025023727982713826,0.029134527278591386,0.025023727982713826,,,,,3,11,13,75
1114646,8233327,relevance_random_3,decoder_cross_attn,11,query_only,-9.867744445800781,-8.007861137390137,-9.417176246643066,-8.50478458404541,0.2422561658143736,0.2671799055392982,0.2422561658143736,,,,,3,11,13,75
1114646,8233327,relevance_random_3,decoder_cross_attn,11,both,-9.867744445800781,-8.007861137390137,-9.367027282714844,-8.556390762329102,0.2692196659981982,0.2949269034559531,0.2692196659981982,,,,,3,11,13,75
962179,6675260,relevance_random_3,encoder_self_attn,0,doc_only,-3.4821455478668213,-2.0354628562927246,-3.4274840354919434,-2.813589334487915,0.037784037020172134,0.537869487709521,0.037784037020172134,0.37204774067952084,0.6149829771990577,0.38045703083555277,0.5985122614850601,3,9,11,118
962179,6675260,relevance_random_3,encoder_self_attn,0,query_only,-3.4821455478668213,-2.0354628562927246,-3.359722137451172,-2.1437625885009766,0.08462353986031573,0.07486073680083496,0.07486073680083496,0.37204774067952084,0.6149829771990577,0.38045703083555277,0.5985122614850601,3,9,11,118
962179,6675260,relevance_random_3,encoder_self_attn,0,both,-3.4821455478668213,-2.0354628562927246,-3.2878267765045166,-2.9164164066314697,0.13432024347431132,0.608947321668861,0.13432024347431132,0.37204774067952084,0.6149829771990577,0.38045703083555277,0.5985122614850601,3,9,11,118
962179,6675260,relevance_random_3,encoder_self_attn,1,doc_only,-3.4821455478668213,-2.0354628562927246,-3.4107208251953125,-2.198580265045166,0.049371381220987345,0.11275272020774488,0.049371381220987345,0.3128847058575887,0.3953593379507462,0.31247739591331125,0.3907899670302868,3,9,11,118
962179,6675260,relevance_random_3,encoder_self_attn,1,query_only,-3.4821455478668213,-2.0354628562927246,-3.37286114692688,-2.1233859062194824,0.07554137585003659,0.06077562857345801,0.06077562857345801,0.3128847058575887,0.3953593379507462,0.31247739591331125,0.3907899670302868,3,9,11,118
962179,6675260,relevance_random_3,encoder_self_attn,1,both,-3.4821455478668213,-2.0354628562927246,-3.2976326942443848,-2.2919106483459473,0.12754203440539752,0.17726609542427627,0.12754203440539752,0.3128847058575887,0.3953593379507462,0.31247739591331125,0.3907899670302868,3,9,11,118
962179,6675260,relevance_random_3,encoder_self_attn,2,doc_only,-3.4821455478668213,-2.0354628562927246,-3.3478288650512695,-2.3867335319519043,0.09284460483135067,0.24281114145146196,0.09284460483135067,0.36750767122094447,0.4831182255099217,0.3669284526432786,0.4643997127811114,3,9,11,118
962179,6675260,relevance_random_3,encoder_self_attn,2,query_only,-3.4821455478668213,-2.0354628562927246,-3.541658401489258,-1.9844434261322021,-0.041137461565730206,-0.03526649655634546,-0.041137461565730206,0.36750767122094447,0.4831182255099217,0.3669284526432786,0.4643997127811114,3,9,11,118
962179,6675260,relevance_random_3,encoder_self_attn,2,both,-3.4821455478668213,-2.0354628562927246,-3.423884630203247,-2.3301944732666016,0.04027207763174527,0.20372927573577823,0.04027207763174527,0.36750767122094447,0.4831182255099217,0.3669284526432786,0.4643997127811114,3,9,11,118
962179,6675260,relevance_random_3,encoder_self_attn,3,doc_only,-3.4821455478668213,-2.0354628562927246,-3.635655641555786,-2.2076144218444824,-0.10611179257417853,0.11899745988143696,-0.10611179257417853,0.3087153795820016,0.5526980968813101,0.30850035119279523,0.5589833545188109,3,9,11,118
962179,6675260,relevance_random_3,encoder_self_attn,3,query_only,-3.4821455478668213,-2.0354628562927246,-3.404053211212158,-2.0864675045013428,0.053980279925581263,0.03525627873042524,0.03525627873042524,0.3087153795820016,0.5526980968813101,0.30850035119279523,0.5589833545188109,3,9,11,118
962179,6675260,relevance_random_3,encoder_self_attn,3,both,-3.4821455478668213,-2.0354628562927246,-3.553802967071533,-2.270236015319824,-0.04953222957740885,0.1622837961596466,-0.04953222957740885,0.3087153795820016,0.5526980968813101,0.30850035119279523,0.5589833545188109,3,9,11,118
962179,6675260,relevance_random_3,encoder_self_attn,4,doc_only,-3.4821455478668213,-2.0354628562927246,-3.2699379920959473,-2.1449437141418457,0.14668562567785798,0.07567717405258917,0.07567717405258917,0.3511993019626691,0.9663101881742477,0.3518960119407868,0.9504352795581023,3,9,11,118
962179,6675260,relevance_random_3,encoder_self_attn,4,query_only,-3.4821455478668213,-2.0354628562927246,-3.5665037631988525,-1.9224456548690796,-0.05831148449024667,-0.07812162410035751,-0.07812162410035751,0.3511993019626691,0.9663101881742477,0.3518960119407868,0.9504352795581023,3,9,11,118
962179,6675260,relevance_random_3,encoder_self_attn,4,both,-3.4821455478668213,-2.0354628562927246,-3.350045680999756,-2.046196460723877,0.09131226055060568,0.007419460047229428,0.007419460047229428,0.3511993019626691,0.9663101881742477,0.3518960119407868,0.9504352795581023,3,9,11,118
962179,6675260,relevance_random_3,encoder_self_attn,5,doc_only,-3.4821455478668213,-2.0354628562927246,-3.5094571113586426,-2.2375435829162598,-0.01887875181675417,0.13968559090428914,-0.01887875181675417,0.2703784986470754,0.5676595354452729,0.27641031675249617,0.5534348071863254,3,9,11,118
962179,6675260,relevance_random_3,encoder_self_attn,5,query_only,-3.4821455478668213,-2.0354628562927246,-3.4705135822296143,-2.064101457595825,0.008040440177348496,0.019796048898559567,0.008040440177348496,0.2703784986470754,0.5676595354452729,0.27641031675249617,0.5534348071863254,3,9,11,118
962179,6675260,relevance_random_3,encoder_self_attn,5,both,-3.4821455478668213,-2.0354628562927246,-3.481926441192627,-2.2599263191223145,0.00015145454872065404,0.15515735699122601,0.00015145454872065404,0.2703784986470754,0.5676595354452729,0.27641031675249617,0.5534348071863254,3,9,11,118
962179,6675260,relevance_random_3,encoder_self_attn,6,doc_only,-3.4821455478668213,-2.0354628562927246,-3.4141154289245605,-1.9221556186676025,0.0470249069395024,-0.07832210773313082,-0.07832210773313082,0.2371866682974192,0.5698047103360295,0.23844968994087148,0.5453438684344292,3,9,11,118
962179,6675260,relevance_random_3,encoder_self_attn,6,query_only,-3.4821455478668213,-2.0354628562927246,-3.385626792907715,-2.113780975341797,0.06671729434606491,0.054136348976330406,0.054136348976330406,0.2371866682974192,0.5698047103360295,0.23844968994087148,0.5453438684344292,3,9,11,118
962179,6675260,relevance_random_3,encoder_self_attn,6,both,-3.4821455478668213,-2.0354628562927246,-3.3206071853637695,-2.008953809738159,0.11166122567436415,-0.018324022751472643,-0.018324022751472643,0.2371866682974192,0.5698047103360295,0.23844968994087148,0.5453438684344292,3,9,11,118
962179,6675260,relevance_random_3,encoder_self_attn,7,doc_only,-3.4821455478668213,-2.0354628562927246,-2.815351724624634,-2.57871675491333,0.46091228375495874,0.3755169684303788,0.3755169684303788,0.2942433007634603,0.36970959541698295,0.2876677930912125,0.3512993883341551,3,9,11,118
962179,6675260,relevance_random_3,encoder_self_attn,7,query_only,-3.4821455478668213,-2.0354628562927246,-3.407007932662964,-2.136603355407715,0.05193786836704474,0.06991201298257185,0.05193786836704474,0.2942433007634603,0.36970959541698295,0.2876677930912125,0.3512993883341551,3,9,11,118
962179,6675260,relevance_random_3,encoder_self_attn,7,both,-3.4821455478668213,-2.0354628562927246,-2.737630605697632,-2.6762478351593018,0.5146359644070274,0.4429340190483348,0.4429340190483348,0.2942433007634603,0.36970959541698295,0.2876677930912125,0.3512993883341551,3,9,11,118
962179,6675260,relevance_random_3,encoder_self_attn,8,doc_only,-3.4821455478668213,-2.0354628562927246,-3.4191911220550537,-2.0161709785461426,0.04351640216505843,-0.013335251647748032,-0.013335251647748032,0.18737531653963602,0.6084324136997262,0.19098980822295786,0.635524303962787,3,9,11,118
962179,6675260,relevance_random_3,encoder_self_attn,8,query_only,-3.4821455478668213,-2.0354628562927246,-3.380096435546875,-2.1677496433258057,0.07054007966937752,0.09144146660740328,0.07054007966937752,0.18737531653963602,0.6084324136997262,0.19098980822295786,0.635524303962787,3,9,11,118
962179,6675260,relevance_random_3,encoder_self_attn,8,both,-3.4821455478668213,-2.0354628562927246,-3.3027801513671875,-2.1236352920532227,0.12398392373414734,0.060948013184950724,0.060948013184950724,0.18737531653963602,0.6084324136997262,0.19098980822295786,0.635524303962787,3,9,11,118
962179,6675260,relevance_random_3,encoder_self_attn,9,doc_only,-3.4821455478668213,-2.0354628562927246,-2.5673155784606934,-2.3886189460754395,0.6323639418196992,0.2441144086672214,0.2441144086672214,0.37912258591789466,1.9513080902397633,0.3700106962818966,1.9855727031826973,3,9,11,118
962179,6675260,relevance_random_3,encoder_self_attn,9,query_only,-3.4821455478668213,-2.0354628562927246,-3.3238306045532227,-2.155677318572998,0.10943308040918108,0.0830966340998186,0.0830966340998186,0.37912258591789466,1.9513080902397633,0.3700106962818966,1.9855727031826973,3,9,11,118
962179,6675260,relevance_random_3,encoder_self_attn,9,both,-3.4821455478668213,-2.0354628562927246,-2.413280487060547,-2.5156261920928955,0.7388386320176894,0.331906463384668,0.331906463384668,0.37912258591789466,1.9513080902397633,0.3700106962818966,1.9855727031826973,3,9,11,118
962179,6675260,relevance_random_3,encoder_self_attn,10,doc_only,-3.4821455478668213,-2.0354628562927246,-2.8261523246765137,-2.653395175933838,0.4534465138838006,0.4271374249793213,0.4271374249793213,0.3302910505579068,0.7655067754288514,0.31631175769823733,0.80592967197299,3,9,11,118
962179,6675260,relevance_random_3,encoder_self_attn,10,query_only,-3.4821455478668213,-2.0354628562927246,-3.2453994750976562,-2.226729393005371,0.163647546312708,0.13221042722543014,0.13221042722543014,0.3302910505579068,0.7655067754288514,0.31631175769823733,0.80592967197299,3,9,11,118
962179,6675260,relevance_random_3,encoder_self_attn,10,both,-3.4821455478668213,-2.0354628562927246,-2.6186842918395996,-2.8610100746154785,0.5968560079250776,0.570648438065225,0.570648438065225,0.3302910505579068,0.7655067754288514,0.31631175769823733,0.80592967197299,3,9,11,118
962179,6675260,relevance_random_3,encoder_self_attn,11,doc_only,-3.4821455478668213,-2.0354628562927246,-2.9863345623016357,-2.4347872734069824,0.3427226913357945,0.27602764548165265,0.27602764548165265,0.31642927258060527,0.5398316653445363,0.3068610095532141,0.5503731283048788,3,9,11,118
962179,6675260,relevance_random_3,encoder_self_attn,11,query_only,-3.4821455478668213,-2.0354628562927246,-2.9050748348236084,-2.518209934234619,0.39889238767024837,0.33369244047333585,0.33369244047333585,0.31642927258060527,0.5398316653445363,0.3068610095532141,0.5503731283048788,3,9,11,118
962179,6675260,relevance_random_3,encoder_self_attn,11,both,-3.4821455478668213,-2.0354628562927246,-2.45497465133667,-2.9476656913757324,0.7100181003842068,0.6305479704678463,0.6305479704678463,0.31642927258060527,0.5398316653445363,0.3068610095532141,0.5503731283048788,3,9,11,118
962179,6675260,relevance_random_3,decoder_cross_attn,0,doc_only,-3.4821455478668213,-2.0354628562927246,-3.4462361335754395,-2.069333076477051,0.024821900822155938,0.023412335256097445,0.023412335256097445,,,,,3,9,11,118
962179,6675260,relevance_random_3,decoder_cross_attn,0,query_only,-3.4821455478668213,-2.0354628562927246,-3.4814116954803467,-2.036064624786377,0.0005072656158456725,0.0004159643971392065,0.0004159643971392065,,,,,3,9,11,118
962179,6675260,relevance_random_3,decoder_cross_attn,0,both,-3.4821455478668213,-2.0354628562927246,-3.4455621242523193,-2.069960594177246,0.025287800723389115,0.0238460984467751,0.0238460984467751,,,,,3,9,11,118
962179,6675260,relevance_random_3,decoder_cross_attn,1,doc_only,-3.4821455478668213,-2.0354628562927246,-3.4355883598327637,-2.069521903991699,0.03218203155759055,0.023542859742046042,0.023542859742046042,,,,,3,9,11,118
962179,6675260,relevance_random_3,decoder_cross_attn,1,query_only,-3.4821455478668213,-2.0354628562927246,-3.4802844524383545,-2.036963701248169,0.0012864572440842495,0.001037438938189899,0.001037438938189899,,,,,3,9,11,118
962179,6675260,relevance_random_3,decoder_cross_attn,1,both,-3.4821455478668213,-2.0354628562927246,-3.4344067573547363,-2.071549415588379,0.03299879841663251,0.02494434992955468,0.02494434992955468,,,,,3,9,11,118
962179,6675260,relevance_random_3,decoder_cross_attn,2,doc_only,-3.4821455478668213,-2.0354628562927246,-3.4498038291931152,-2.060929775238037,0.022355779095218107,0.01760366602409726,0.01760366602409726,,,,,3,9,11,118
962179,6675260,relevance_random_3,decoder_cross_attn,2,query_only,-3.4821455478668213,-2.0354628562927246,-3.4789505004882812,-2.0367000102996826,0.0022085336315620075,0.0008551661080647158,0.0008551661080647158,,,,,3,9,11,118
962179,6675260,relevance_random_3,decoder_cross_attn,2,both,-3.4821455478668213,-2.0354628562927246,-3.446870803833008,-2.0623550415039062,0.024383193522162054,0.018588862207178945,0.018588862207178945,,,,,3,9,11,118
962179,6675260,relevance_random_3,decoder_cross_attn,3,doc_only,-3.4821455478668213,-2.0354628562927246,-3.4836769104003906,-2.032728672027588,-0.0010585338046058333,-0.001889968187952623,-0.001889968187952623,,,,,3,9,11,118
962179,6675260,relevance_random_3,decoder_cross_attn,3,query_only,-3.4821455478668213,-2.0354628562927246,-3.468761682510376,-2.0452589988708496,0.009251417352538231,0.006771452119514943,0.006771452119514943,,,,,3,9,11,118
962179,6675260,relevance_random_3,decoder_cross_attn,3,both,-3.4821455478668213,-2.0354628562927246,-3.470193862915039,-2.0426745414733887,0.008261441863784184,0.004984980619915498,0.004984980619915498,,,,,3,9,11,118
962179,6675260,relevance_random_3,decoder_cross_attn,4,doc_only,-3.4821455478668213,-2.0354628562927246,-3.482625722885132,-2.035036325454712,-0.00033191453876321784,-0.0002948337188914582,-0.00033191453876321784,,,,,3,9,11,118
962179,6675260,relevance_random_3,decoder_cross_attn,4,query_only,-3.4821455478668213,-2.0354628562927246,-3.4562668800354004,-2.056657314300537,0.0178882819170685,0.014650384725866442,0.014650384725866442,,,,,3,9,11,118
962179,6675260,relevance_random_3,decoder_cross_attn,4,both,-3.4821455478668213,-2.0354628562927246,-3.4567816257476807,-2.0562615394592285,0.01753247084994348,0.014376810677034793,0.014376810677034793,,,,,3,9,11,118
962179,6675260,relevance_random_3,decoder_cross_attn,5,doc_only,-3.4821455478668213,-2.0354628562927246,-3.4859166145324707,-2.030014991760254,-0.002606699235162769,-0.00376576326253204,-0.00376576326253204,,,,,3,9,11,118
962179,6675260,relevance_random_3,decoder_cross_attn,5,query_only,-3.4821455478668213,-2.0354628562927246,-3.4427618980407715,-2.0692615509033203,0.027223419520694972,0.0233628941629351,0.0233628941629351,,,,,3,9,11,118
962179,6675260,relevance_random_3,decoder_cross_attn,5,both,-3.4821455478668213,-2.0354628562927246,-3.447007417678833,-2.0641887187957764,0.02428876103422197,0.019856367032217628,0.019856367032217628,,,,,3,9,11,118
962179,6675260,relevance_random_3,decoder_cross_attn,6,doc_only,-3.4821455478668213,-2.0354628562927246,-3.4800338745117188,-2.035795211791992,0.001459665873796336,0.00022973627956103561,0.00022973627956103561,,,,,3,9,11,118
962179,6675260,relevance_random_3,decoder_cross_attn,6,query_only,-3.4821455478668213,-2.0354628562927246,-3.435702323913574,-2.0696542263031006,0.032103255415818543,0.02363432576439638,0.02363432576439638,,,,,3,9,11,118
962179,6675260,relevance_random_3,decoder_cross_attn,6,both,-3.4821455478668213,-2.0354628562927246,-3.4339351654052734,-2.070230007171631,0.033324780024216245,0.02403232656435327,0.02403232656435327,,,,,3,9,11,118
962179,6675260,relevance_random_3,decoder_cross_attn,7,doc_only,-3.4821455478668213,-2.0354628562927246,-3.4820613861083984,-2.034386157989502,5.81756862876941e-05,-0.0007442532557371856,-0.0007442532557371856,,,,,3,9,11,118
962179,6675260,relevance_random_3,decoder_cross_attn,7,query_only,-3.4821455478668213,-2.0354628562927246,-3.4256467819213867,-2.078148126602173,0.039054013899868935,0.029505620381068874,0.029505620381068874,,,,,3,9,11,118
962179,6675260,relevance_random_3,decoder_cross_attn,7,both,-3.4821455478668213,-2.0354628562927246,-3.426095962524414,-2.0775504112243652,0.0387435238348094,0.029092457645875532,0.029092457645875532,,,,,3,9,11,118
962179,6675260,relevance_random_3,decoder_cross_attn,8,doc_only,-3.4821455478668213,-2.0354628562927246,-3.401052951812744,-2.0930233001708984,0.05605416898009782,0.039787884526042025,0.039787884526042025,,,,,3,9,11,118
962179,6675260,relevance_random_3,decoder_cross_attn,8,query_only,-3.4821455478668213,-2.0354628562927246,-3.2960777282714844,-2.177114725112915,0.12861688377074693,0.09791495373879315,0.09791495373879315,,,,,3,9,11,118
962179,6675260,relevance_random_3,decoder_cross_attn,8,both,-3.4821455478668213,-2.0354628562927246,-3.215973377227783,-2.234076499938965,0.18398794164698498,0.13728901631506632,0.13728901631506632,,,,,3,9,11,118
962179,6675260,relevance_random_3,decoder_cross_attn,9,doc_only,-3.4821455478668213,-2.0354628562927246,-3.1813859939575195,-2.238760471343994,0.2078960062638569,0.14052674870262452,0.14052674870262452,,,,,3,9,11,118
962179,6675260,relevance_random_3,decoder_cross_attn,9,query_only,-3.4821455478668213,-2.0354628562927246,-3.4024434089660645,-2.083073616027832,0.055093034129021806,0.032910298859871914,0.032910298859871914,,,,,3,9,11,118
962179,6675260,relevance_random_3,decoder_cross_attn,9,both,-3.4821455478668213,-2.0354628562927246,-3.107551097869873,-2.2884998321533203,0.25893338752077144,0.17490841449500785,0.17490841449500785,,,,,3,9,11,118
962179,6675260,relevance_random_3,decoder_cross_attn,10,doc_only,-3.4821455478668213,-2.0354628562927246,-3.4687414169311523,-2.0445995330810547,0.009265425662267563,0.006315605240558111,0.006315605240558111,,,,,3,9,11,118
962179,6675260,relevance_random_3,decoder_cross_attn,10,query_only,-3.4821455478668213,-2.0354628562927246,-3.442075729370117,-2.0761241912841797,0.027697724407765745,0.02810660224821835,0.027697724407765745,,,,,3,9,11,118
962179,6675260,relevance_random_3,decoder_cross_attn,10,both,-3.4821455478668213,-2.0354628562927246,-3.4283127784729004,-2.0849170684814453,0.03721117955406441,0.03418456063430945,0.03418456063430945,,,,,3,9,11,118
962179,6675260,relevance_random_3,decoder_cross_attn,11,doc_only,-3.4821455478668213,-2.0354628562927246,-3.325967311859131,-2.144890308380127,0.10795611015277792,0.07564025803636129,0.07564025803636129,,,,,3,9,11,118
962179,6675260,relevance_random_3,decoder_cross_attn,11,query_only,-3.4821455478668213,-2.0354628562927246,-3.386080026626587,-2.109849691390991,0.0664040026190595,0.05141890169248398,0.05141890169248398,,,,,3,9,11,118
962179,6675260,relevance_random_3,decoder_cross_attn,11,both,-3.4821455478668213,-2.0354628562927246,-3.226393222808838,-2.217686414718628,0.17678536319509439,0.12595958981691469,0.12595958981691469,,,,,3,9,11,118
1121709,1615539,relevance_random_3,encoder_self_attn,0,doc_only,-12.880321502685547,-11.969490051269531,-12.764860153198242,-12.050373077392578,0.12676478102266206,0.08880131005281255,0.08880131005281255,0.3934227115121381,0.47214238984244206,0.4096752014316496,0.4511646218597889,3,10,12,73
1121709,1615539,relevance_random_3,encoder_self_attn,0,query_only,-12.880321502685547,-11.969490051269531,-12.778619766235352,-12.123077392578125,0.1116581298242234,0.16862322998379187,0.1116581298242234,0.3934227115121381,0.47214238984244206,0.4096752014316496,0.4511646218597889,3,10,12,73
1121709,1615539,relevance_random_3,encoder_self_attn,0,both,-12.880321502685547,-11.969490051269531,-12.656774520874023,-12.191671371459961,0.24543177715700112,0.2439324200377771,0.2439324200377771,0.3934227115121381,0.47214238984244206,0.4096752014316496,0.4511646218597889,3,10,12,73
1121709,1615539,relevance_random_3,encoder_self_attn,1,doc_only,-12.880321502685547,-11.969490051269531,-12.852665901184082,-11.917186737060547,0.030363028701380832,-0.05742370240692887,-0.05742370240692887,0.22780515972910256,0.2621676357729094,0.2210748161448807,0.26451874524354935,3,10,12,73
1121709,1615539,relevance_random_3,encoder_self_attn,1,query_only,-12.880321502685547,-11.969490051269531,-12.814748764038086,-12.055852890014648,0.07199217653883042,0.09481758519740838,0.07199217653883042,0.22780515972910256,0.2621676357729094,0.2210748161448807,0.26451874524354935,3,10,12,73
1121709,1615539,relevance_random_3,encoder_self_attn,1,both,-12.880321502685547,-11.969490051269531,-12.780805587768555,-12.00312614440918,0.10925832080378943,0.0369289983205525,0.0369289983205525,0.22780515972910256,0.2621676357729094,0.2210748161448807,0.26451874524354935,3,10,12,73
1121709,1615539,relevance_random_3,encoder_self_attn,2,doc_only,-12.880321502685547,-11.969490051269531,-12.824588775634766,-12.020492553710938,0.061188847798499806,0.05599554381012611,0.05599554381012611,0.28052816719844426,0.37423801741429735,0.28180248864361496,0.3803878240287304,3,10,12,73
1121709,1615539,relevance_random_3,encoder_self_attn,2,query_only,-12.880321502685547,-11.969490051269531,-12.862832069396973,-12.016584396362305,0.019201613274755096,0.05170478579715122,0.019201613274755096,0.28052816719844426,0.37423801741429735,0.28180248864361496,0.3803878240287304,3,10,12,73
1121709,1615539,relevance_random_3,encoder_self_attn,2,both,-12.880321502685547,-11.969490051269531,-12.806098937988281,-12.057184219360352,0.08148880298531216,0.09627924898123291,0.08148880298531216,0.28052816719844426,0.37423801741429735,0.28180248864361496,0.3803878240287304,3,10,12,73
1121709,1615539,relevance_random_3,encoder_self_attn,3,doc_only,-12.880321502685547,-11.969490051269531,-12.889108657836914,-12.003246307373047,-0.009647399788079693,0.037060924994450704,-0.009647399788079693,0.22216509231205644,0.37140340570892605,0.2288917168730595,0.3798755556344986,3,10,12,73
1121709,1615539,relevance_random_3,encoder_self_attn,3,query_only,-12.880321502685547,-11.969490051269531,-12.758749008178711,-12.13698959350586,0.13347419472377067,0.18389740711733935,0.13347419472377067,0.22216509231205644,0.37140340570892605,0.2288917168730595,0.3798755556344986,3,10,12,73
1121709,1615539,relevance_random_3,encoder_self_attn,3,both,-12.880321502685547,-11.969490051269531,-12.767927169799805,-12.164382934570312,0.12339750972697461,0.2139725006177519,0.12339750972697461,0.22216509231205644,0.37140340570892605,0.2288917168730595,0.3798755556344986,3,10,12,73
1121709,1615539,relevance_random_3,encoder_self_attn,4,doc_only,-12.880321502685547,-11.969490051269531,-12.862455368041992,-11.925331115722656,0.01961519292705502,-0.04848200562049512,-0.04848200562049512,0.2550899062691064,0.6395060122013092,0.26667846666007744,0.6482224836945534,3,10,12,73
1121709,1615539,relevance_random_3,encoder_self_attn,4,query_only,-12.880321502685547,-11.969490051269531,-12.903708457946777,-11.935653686523438,-0.02567649066671134,-0.03714887611038284,-0.03714887611038284,0.2550899062691064,0.6395060122013092,0.26667846666007744,0.6482224836945534,3,10,12,73
1121709,1615539,relevance_random_3,encoder_self_attn,4,both,-12.880321502685547,-11.969490051269531,-12.886783599853516,-11.89360237121582,-0.00709472335185891,-0.08331692975218725,-0.08331692975218725,0.2550899062691064,0.6395060122013092,0.26667846666007744,0.6482224836945534,3,10,12,73
1121709,1615539,relevance_random_3,encoder_self_attn,5,doc_only,-12.880321502685547,-11.969490051269531,-12.777610778808594,-12.114355087280273,0.11276589507013055,0.15904702871813342,0.11276589507013055,0.1734019821060115,0.34024874759571894,0.1886408072514612,0.3471970856189728,3,10,12,73
1121709,1615539,relevance_random_3,encoder_self_attn,5,query_only,-12.880321502685547,-11.969490051269531,-12.818916320800781,-12.06513786315918,0.06741662443617052,0.10501153834878062,0.06741662443617052,0.1734019821060115,0.34024874759571894,0.1886408072514612,0.3471970856189728,3,10,12,73
1121709,1615539,relevance_random_3,encoder_self_attn,5,both,-12.880321502685547,-11.969490051269531,-12.710081100463867,-12.20306396484375,0.18690659172673169,0.25644032516784004,0.18690659172673169,0.1734019821060115,0.34024874759571894,0.1886408072514612,0.3471970856189728,3,10,12,73
1121709,1615539,relevance_random_3,encoder_self_attn,6,doc_only,-12.880321502685547,-11.969490051269531,-12.840755462646484,-12.284687042236328,0.04343947497371937,0.34605413600593043,0.04343947497371937,0.15503263190902514,0.2635236441024712,0.16785626186699162,0.2858888525515795,3,10,12,73
1121709,1615539,relevance_random_3,encoder_self_attn,6,query_only,-12.880321502685547,-11.969490051269531,-12.83444595336914,-12.034280776977539,0.05036667239046945,0.07113360612139767,0.05036667239046945,0.15503263190902514,0.2635236441024712,0.16785626186699162,0.2858888525515795,3,10,12,73
1121709,1615539,relevance_random_3,encoder_self_attn,6,both,-12.880321502685547,-11.969490051269531,-12.792379379272461,-12.344888687133789,0.09655147862578475,0.41214939962893005,0.09655147862578475,0.15503263190902514,0.2635236441024712,0.16785626186699162,0.2858888525515795,3,10,12,73
1121709,1615539,relevance_random_3,encoder_self_attn,7,doc_only,-12.880321502685547,-11.969490051269531,-12.966724395751953,-12.053439140319824,-0.09486156075537444,0.09216753431140559,-0.09486156075537444,0.18307924887229657,0.2790412115199225,0.19858323746040218,0.2891175653785467,3,10,12,73
1121709,1615539,relevance_random_3,encoder_self_attn,7,query_only,-12.880321502685547,-11.969490051269531,-12.801788330078125,-12.034393310546875,0.08622141065213658,0.07125715649854043,0.07125715649854043,0.18307924887229657,0.2790412115199225,0.19858323746040218,0.2891175653785467,3,10,12,73
1121709,1615539,relevance_random_3,encoder_self_attn,7,both,-12.880321502685547,-11.969490051269531,-12.892522811889648,-12.122997283935547,-0.013395792586139741,0.16853527886785974,-0.013395792586139741,0.18307924887229657,0.2790412115199225,0.19858323746040218,0.2891175653785467,3,10,12,73
1121709,1615539,relevance_random_3,encoder_self_attn,8,doc_only,-12.880321502685547,-11.969490051269531,-12.752012252807617,-12.213987350463867,0.14087046475882548,0.26843308804744337,0.14087046475882548,0.14806519679982086,0.4474879471319062,0.15310752086463522,0.4682118780910969,3,10,12,73
1121709,1615539,relevance_random_3,encoder_self_attn,8,query_only,-12.880321502685547,-11.969490051269531,-12.864419937133789,-11.979663848876953,0.017458296512528847,0.011169791723381176,0.011169791723381176,0.14806519679982086,0.4474879471319062,0.15310752086463522,0.4682118780910969,3,10,12,73
1121709,1615539,relevance_random_3,encoder_self_attn,8,both,-12.880321502685547,-11.969490051269531,-12.733165740966797,-12.221723556518555,0.16156201181895471,0.276926652957461,0.16156201181895471,0.14806519679982086,0.4474879471319062,0.15310752086463522,0.4682118780910969,3,10,12,73
1121709,1615539,relevance_random_3,encoder_self_attn,9,doc_only,-12.880321502685547,-11.969490051269531,-12.771087646484375,-12.079410552978516,0.11992762879603298,0.12068149550402271,0.11992762879603298,0.3044841330626915,1.229356580546924,0.3127570047241742,1.271410159766674,3,10,12,73
1121709,1615539,relevance_random_3,encoder_self_attn,9,query_only,-12.880321502685547,-11.969490051269531,-12.356715202331543,-12.579204559326172,0.5748662933630413,0.6694043196562368,0.5748662933630413,0.3044841330626915,1.229356580546924,0.3127570047241742,1.271410159766674,3,10,12,73
1121709,1615539,relevance_random_3,encoder_self_attn,9,both,-12.880321502685547,-11.969490051269531,-12.221402168273926,-12.671147346496582,0.723426198543362,0.7703481188931561,0.723426198543362,0.3044841330626915,1.229356580546924,0.3127570047241742,1.271410159766674,3,10,12,73
1121709,1615539,relevance_random_3,encoder_self_attn,10,doc_only,-12.880321502685547,-11.969490051269531,-12.745901107788086,-12.099481582641602,0.1475798784599341,0.14271743819340033,0.14271743819340033,0.3269561878566084,0.40519750011818745,0.3317162980798815,0.4396205320954323,3,10,12,73
1121709,1615539,relevance_random_3,encoder_self_attn,10,query_only,-12.880321502685547,-11.969490051269531,-12.407960891723633,-12.543097496032715,0.5186037550938355,0.6297624482240157,0.5186037550938355,0.3269561878566084,0.40519750011818745,0.3317162980798815,0.4396205320954323,3,10,12,73
1121709,1615539,relevance_random_3,encoder_self_attn,10,both,-12.880321502685547,-11.969490051269531,-12.263594627380371,-12.651728630065918,0.6771031834115819,0.7490283495763688,0.6771031834115819,0.3269561878566084,0.40519750011818745,0.3317162980798815,0.4396205320954323,3,10,12,73
1121709,1615539,relevance_random_3,encoder_self_attn,11,doc_only,-12.880321502685547,-11.969490051269531,-12.88790512084961,-11.97958755493164,-0.008326038974908804,0.011086028755826762,-0.008326038974908804,0.28324661121286193,0.6276752554944584,0.28391439992873396,0.6044033132493496,3,10,12,73
1121709,1615539,relevance_random_3,encoder_self_attn,11,query_only,-12.880321502685547,-11.969490051269531,-12.281951904296875,-12.57099723815918,0.6569487663808954,0.6603935184215707,0.6569487663808954,0.28324661121286193,0.6276752554944584,0.28391439992873396,0.6044033132493496,3,10,12,73
1121709,1615539,relevance_random_3,encoder_self_attn,11,both,-12.880321502685547,-11.969490051269531,-12.290736198425293,-12.579880714416504,0.647304507704099,0.6701466689561878,0.647304507704099,0.28324661121286193,0.6276752554944584,0.28391439992873396,0.6044033132493496,3,10,12,73
1121709,1615539,relevance_random_3,decoder_cross_attn,0,doc_only,-12.880321502685547,-11.969490051269531,-12.85574722290039,-11.995593070983887,0.026980051849276918,0.028658452311648496,0.026980051849276918,,,,,3,10,12,73
1121709,1615539,relevance_random_3,decoder_cross_attn,0,query_only,-12.880321502685547,-11.969490051269531,-12.884549140930176,-11.965690612792969,-0.004641515439608995,-0.004171395784209843,-0.004641515439608995,,,,,3,10,12,73
1121709,1615539,relevance_random_3,decoder_cross_attn,0,both,-12.880321502685547,-11.969490051269531,-12.859336853027344,-11.991283416748047,0.02303900422584171,0.023926891681918507,0.02303900422584171,,,,,3,10,12,73
1121709,1615539,relevance_random_3,decoder_cross_attn,1,doc_only,-12.880321502685547,-11.969490051269531,-12.867216110229492,-11.982734680175781,0.014388383751659553,0.01454125116744636,0.014388383751659553,,,,,3,10,12,73
1121709,1615539,relevance_random_3,decoder_cross_attn,1,query_only,-12.880321502685547,-11.969490051269531,-12.8790864944458,-11.968313217163086,0.001355913037287085,-0.001292043774526844,-0.001292043774526844,,,,,3,10,12,73
1121709,1615539,relevance_random_3,decoder_cross_attn,1,both,-12.880321502685547,-11.969490051269531,-12.867362976074219,-11.982959747314453,0.014227140039117306,0.014788351921731883,0.014227140039117306,,,,,3,10,12,73
1121709,1615539,relevance_random_3,decoder_cross_attn,2,doc_only,-12.880321502685547,-11.969490051269531,-12.881729125976562,-11.966567993164062,-0.001545426751378948,-0.003208121657334076,-0.003208121657334076,,,,,3,10,12,73
1121709,1615539,relevance_random_3,decoder_cross_attn,2,query_only,-12.880321502685547,-11.969490051269531,-12.874677658081055,-11.976875305175781,0.006196365524837814,0.008108255259267325,0.006196365524837814,,,,,3,10,12,73
1121709,1615539,relevance_random_3,decoder_cross_attn,2,both,-12.880321502685547,-11.969490051269531,-12.876384735107422,-11.974409103393555,0.004322169125807789,0.005400617333070876,0.004322169125807789,,,,,3,10,12,73
1121709,1615539,relevance_random_3,decoder_cross_attn,3,doc_only,-12.880321502685547,-11.969490051269531,-12.87658405303955,-11.97204875946045,0.004103338373071881,0.002809200524356177,0.002809200524356177,,,,,3,10,12,73
1121709,1615539,relevance_random_3,decoder_cross_attn,3,query_only,-12.880321502685547,-11.969490051269531,-12.868383407592773,-11.979694366455078,0.013106810348077012,0.011203296910402942,0.011203296910402942,,,,,3,10,12,73
1121709,1615539,relevance_random_3,decoder_cross_attn,3,both,-12.880321502685547,-11.969490051269531,-12.86512279510498,-11.982561111450195,0.016686630173933802,0.014350690416260067,0.014350690416260067,,,,,3,10,12,73
1121709,1615539,relevance_random_3,decoder_cross_attn,4,doc_only,-12.880321502685547,-11.969490051269531,-12.880218505859375,-11.968896865844727,0.0001130800061984596,-0.0006512570727355729,-0.0006512570727355729,,,,,3,10,12,73
1121709,1615539,relevance_random_3,decoder_cross_attn,4,query_only,-12.880321502685547,-11.969490051269531,-12.852571487426758,-11.997684478759766,0.03046668537372942,0.030954604659733886,0.03046668537372942,,,,,3,10,12,73
1121709,1615539,relevance_random_3,decoder_cross_attn,4,both,-12.880321502685547,-11.969490051269531,-12.852184295654297,-11.996825218200684,0.030891782434068073,0.030011224237652293,0.030011224237652293,,,,,3,10,12,73
1121709,1615539,relevance_random_3,decoder_cross_attn,5,doc_only,-12.880321502685547,-11.969490051269531,-12.870454788208008,-11.978336334228516,0.010832645778974657,0.009712316087934363,0.009712316087934363,,,,,3,10,12,73
1121709,1615539,relevance_random_3,decoder_cross_attn,5,query_only,-12.880321502685547,-11.969490051269531,-12.856398582458496,-11.99752140045166,0.026264925513781102,0.030775561316586323,0.026264925513781102,,,,,3,10,12,73
1121709,1615539,relevance_random_3,decoder_cross_attn,5,both,-12.880321502685547,-11.969490051269531,-12.844915390014648,-12.005242347717285,0.03887229916781492,0.03925237363309307,0.03887229916781492,,,,,3,10,12,73
1121709,1615539,relevance_random_3,decoder_cross_attn,6,doc_only,-12.880321502685547,-11.969490051269531,-12.886186599731445,-11.968156814575195,-0.006439278130745616,-0.0014637578580133936,-0.006439278130745616,,,,,3,10,12,73
1121709,1615539,relevance_random_3,decoder_cross_attn,6,query_only,-12.880321502685547,-11.969490051269531,-12.810272216796875,-12.045852661132812,0.07690696866008569,0.08383835422521349,0.07690696866008569,,,,,3,10,12,73
1121709,1615539,relevance_random_3,decoder_cross_attn,6,both,-12.880321502685547,-11.969490051269531,-12.811244010925293,-12.0400390625,0.07584003786086134,0.0774556160975671,0.07584003786086134,,,,,3,10,12,73
1121709,1615539,relevance_random_3,decoder_cross_attn,7,doc_only,-12.880321502685547,-11.969490051269531,-12.879518508911133,-11.97191047668457,0.0008816052335102128,0.0026573801456638005,0.0008816052335102128,,,,,3,10,12,73
1121709,1615539,relevance_random_3,decoder_cross_attn,7,query_only,-12.880321502685547,-11.969490051269531,-12.84041690826416,-12.009122848510742,0.04381117314224208,0.04351276757032948,0.04351276757032948,,,,,3,10,12,73
1121709,1615539,relevance_random_3,decoder_cross_attn,7,both,-12.880321502685547,-11.969490051269531,-12.837921142578125,-12.011129379272461,0.046551269218365866,0.04571573361701058,0.04571573361701058,,,,,3,10,12,73
1121709,1615539,relevance_random_3,decoder_cross_attn,8,doc_only,-12.880321502685547,-11.969490051269531,-12.89648151397705,-11.954038619995117,-0.017742043565119426,-0.0169640950039578,-0.017742043565119426,,,,,3,10,12,73
1121709,1615539,relevance_random_3,decoder_cross_attn,8,query_only,-12.880321502685547,-11.969490051269531,-12.729836463928223,-12.109457015991211,0.16521721831561048,0.15366944620114,0.15366944620114,,,,,3,10,12,73
1121709,1615539,relevance_random_3,decoder_cross_attn,8,both,-12.880321502685547,-11.969490051269531,-12.746992111206055,-12.095349311828613,0.14638206802390596,0.13818062646323434,0.13818062646323434,,,,,3,10,12,73
1121709,1615539,relevance_random_3,decoder_cross_attn,9,doc_only,-12.880321502685547,-11.969490051269531,-12.876623153686523,-11.974705696105957,0.004060409852200244,0.005726245869438662,0.004060409852200244,,,,,3,10,12,73
1121709,1615539,relevance_random_3,decoder_cross_attn,9,query_only,-12.880321502685547,-11.969490051269531,-12.847184181213379,-12.003763198852539,0.036381397920165516,0.03762841909963186,0.036381397920165516,,,,,3,10,12,73
1121709,1615539,relevance_random_3,decoder_cross_attn,9,both,-12.880321502685547,-11.969490051269531,-12.842489242553711,-12.007883071899414,0.0415359615360453,0.042151619347570245,0.0415359615360453,,,,,3,10,12,73
1121709,1615539,relevance_random_3,decoder_cross_attn,10,doc_only,-12.880321502685547,-11.969490051269531,-12.887914657592773,-11.961387634277344,-0.008336509345853105,-0.008895627154278822,-0.008895627154278822,,,,,3,10,12,73
1121709,1615539,relevance_random_3,decoder_cross_attn,10,query_only,-12.880321502685547,-11.969490051269531,-12.806496620178223,-12.032079696655273,0.08105218851693478,0.0687170445074528,0.0687170445074528,,,,,3,10,12,73
1121709,1615539,relevance_random_3,decoder_cross_attn,10,both,-12.880321502685547,-11.969490051269531,-12.815418243408203,-12.026019096374512,0.07125715649854043,0.06206312377234901,0.06206312377234901,,,,,3,10,12,73
1121709,1615539,relevance_random_3,decoder_cross_attn,11,doc_only,-12.880321502685547,-11.969490051269531,-12.92955207824707,-11.910703659057617,-0.05405014888867483,-0.06454146057486525,-0.06454146057486525,,,,,3,10,12,73
1121709,1615539,relevance_random_3,decoder_cross_attn,11,query_only,-12.880321502685547,-11.969490051269531,-12.404592514038086,-12.41756820678711,0.5223018901113629,0.4919440965954542,0.4919440965954542,,,,,3,10,12,73
1121709,1615539,relevance_random_3,decoder_cross_attn,11,both,-12.880321502685547,-11.969490051269531,-12.460373878479004,-12.36849594116211,0.4610596434210471,0.4380677558644548,0.4380677558644548,,,,,3,10,12,73
207786,5170147,relevance_random_3,encoder_self_attn,0,doc_only,-8.92552375793457,-8.16978645324707,-8.651805877685547,-8.610489845275879,0.3621865409465353,0.5831436258278145,0.3621865409465353,0.44408596598583716,0.46853218600153923,0.44553518295288086,0.4593992978334427,3,12,14,86
207786,5170147,relevance_random_3,encoder_self_attn,0,query_only,-8.92552375793457,-8.16978645324707,-8.854503631591797,-8.297422409057617,0.09397462041673398,0.1688893151348732,0.09397462041673398,0.44408596598583716,0.46853218600153923,0.44553518295288086,0.4593992978334427,3,12,14,86
207786,5170147,relevance_random_3,encoder_self_attn,0,both,-8.92552375793457,-8.16978645324707,-8.552375793457031,-8.706426620483398,0.49375353335487,0.710088232918753,0.49375353335487,0.44408596598583716,0.46853218600153923,0.44553518295288086,0.4593992978334427,3,12,14,86
207786,5170147,relevance_random_3,encoder_self_attn,1,doc_only,-8.92552375793457,-8.16978645324707,-8.805777549743652,-8.17515754699707,0.1584495134065579,0.0071070909384590535,0.0071070909384590535,0.3121715064929879,0.28012707146505517,0.3048325888812542,0.2770157717168331,3,12,14,86
207786,5170147,relevance_random_3,encoder_self_attn,1,query_only,-8.92552375793457,-8.16978645324707,-8.837871551513672,-8.3262939453125,0.11598237360684865,0.20709245275399774,0.11598237360684865,0.3121715064929879,0.28012707146505517,0.3048325888812542,0.2770157717168331,3,12,14,86
207786,5170147,relevance_random_3,encoder_self_attn,1,both,-8.92552375793457,-8.16978645324707,-8.704813003540039,-8.311212539672852,0.29204692295267326,0.18713656921337427,0.18713656921337427,0.3121715064929879,0.28012707146505517,0.3048325888812542,0.2770157717168331,3,12,14,86
207786,5170147,relevance_random_3,encoder_self_attn,2,doc_only,-8.92552375793457,-8.16978645324707,-8.75360107421875,-8.683441162109375,0.2274900056533678,0.6796736189630108,0.2274900056533678,0.34656583355820697,0.34405867382884026,0.34488122910261154,0.3432903066277504,3,12,14,86
207786,5170147,relevance_random_3,encoder_self_attn,2,query_only,-8.92552375793457,-8.16978645324707,-8.84659481048584,-8.265471458435059,0.1044396603941205,0.1266114622031982,0.1044396603941205,0.34656583355820697,0.34405867382884026,0.34488122910261154,0.3432903066277504,3,12,14,86
207786,5170147,relevance_random_3,encoder_self_attn,2,both,-8.92552375793457,-8.16978645324707,-8.67283821105957,-8.760896682739258,0.3343563236956873,0.7821636246163786,0.3343563236956873,0.34656583355820697,0.34405867382884026,0.34488122910261154,0.3432903066277504,3,12,14,86
207786,5170147,relevance_random_3,encoder_self_attn,3,doc_only,-8.92552375793457,-8.16978645324707,-8.884918212890625,-8.343100547790527,0.05372970844774673,0.2293311359231142,0.05372970844774673,0.27770057903683704,0.3670186921954155,0.28209345415234566,0.35929124802351,3,12,14,86
207786,5170147,relevance_random_3,encoder_self_attn,3,query_only,-8.92552375793457,-8.16978645324707,-8.862567901611328,-8.23436450958252,0.08330388870941689,0.08545040179292522,0.08330388870941689,0.27770057903683704,0.3670186921954155,0.28209345415234566,0.35929124802351,3,12,14,86
207786,5170147,relevance_random_3,encoder_self_attn,3,both,-8.92552375793457,-8.16978645324707,-8.80540943145752,-8.401570320129395,0.1589366116136327,0.3066989884509772,0.1589366116136327,0.27770057903683704,0.3670186921954155,0.28209345415234566,0.35929124802351,3,12,14,86
207786,5170147,relevance_random_3,encoder_self_attn,4,doc_only,-8.92552375793457,-8.16978645324707,-8.793705940246582,-8.591779708862305,0.1744228012437409,0.5583861654013891,0.1744228012437409,0.32181528340215265,0.518333071221908,0.3243465721607208,0.5256682634353638,3,12,14,86
207786,5170147,relevance_random_3,encoder_self_attn,4,query_only,-8.92552375793457,-8.16978645324707,-8.867862701416016,-8.239533424377441,0.07629775076724277,0.09228996729122921,0.07629775076724277,0.32181528340215265,0.518333071221908,0.3243465721607208,0.5256682634353638,3,12,14,86
207786,5170147,relevance_random_3,encoder_self_attn,4,both,-8.92552375793457,-8.16978645324707,-8.725058555603027,-8.62851333618164,0.2652577834760136,0.6069925092876757,0.2652577834760136,0.32181528340215265,0.518333071221908,0.3243465721607208,0.5256682634353638,3,12,14,86
207786,5170147,relevance_random_3,encoder_self_attn,5,doc_only,-8.92552375793457,-8.16978645324707,-8.975666046142578,-8.767125129699707,-0.06634883298336294,0.7904051748505896,-0.06634883298336294,0.2696335451758426,0.3796653002500534,0.2794250287115574,0.36736488342285156,3,12,14,86
207786,5170147,relevance_random_3,encoder_self_attn,5,query_only,-8.92552375793457,-8.16978645324707,-8.665465354919434,-8.496467590332031,0.3441121688741722,0.43226811096753354,0.3441121688741722,0.2696335451758426,0.3796653002500534,0.2794250287115574,0.36736488342285156,3,12,14,86
207786,5170147,relevance_random_3,encoder_self_attn,5,both,-8.92552375793457,-8.16978645324707,-8.688634872436523,-9.023578643798828,0.3134540058148926,1.1297473146502988,0.3134540058148926,0.2696335451758426,0.3796653002500534,0.2794250287115574,0.36736488342285156,3,12,14,86
207786,5170147,relevance_random_3,encoder_self_attn,6,doc_only,-8.92552375793457,-8.16978645324707,-9.120258331298828,-8.532955169677734,-0.25767495154256176,0.48054888144080116,-0.25767495154256176,0.22035089783046555,0.280492980654041,0.2275591716170311,0.2721733786165714,3,12,14,86
207786,5170147,relevance_random_3,encoder_self_attn,6,query_only,-8.92552375793457,-8.16978645324707,-8.66380500793457,-8.502118110656738,0.346309158455823,0.43974494225488614,0.346309158455823,0.22035089783046555,0.280492980654041,0.2275591716170311,0.2721733786165714,3,12,14,86
207786,5170147,relevance_random_3,encoder_self_attn,6,both,-8.92552375793457,-8.16978645324707,-8.871622085571289,-8.830462455749512,0.07132329187530285,0.8742138285414311,0.07132329187530285,0.22035089783046555,0.280492980654041,0.2275591716170311,0.2721733786165714,3,12,14,86
207786,5170147,relevance_random_3,encoder_self_attn,7,doc_only,-8.92552375793457,-8.16978645324707,-8.795215606689453,-8.593818664550781,0.17242519382975285,0.5610841342271039,0.17242519382975285,0.2731864167296368,0.30555538336435956,0.28422826901078224,0.28606368228793144,3,12,14,86
207786,5170147,relevance_random_3,encoder_self_attn,7,query_only,-8.92552375793457,-8.16978645324707,-8.800752639770508,-8.338028907775879,0.1650985301243741,0.22262028549507348,0.1650985301243741,0.2731864167296368,0.30555538336435956,0.28422826901078224,0.28606368228793144,3,12,14,86
207786,5170147,relevance_random_3,encoder_self_attn,7,both,-8.92552375793457,-8.16978645324707,-8.638111114501953,-8.718188285827637,0.3803076037796802,0.7256513992085285,0.3803076037796802,0.2731864167296368,0.30555538336435956,0.28422826901078224,0.28606368228793144,3,12,14,86
207786,5170147,relevance_random_3,encoder_self_attn,8,doc_only,-8.92552375793457,-8.16978645324707,-8.954784393310547,-8.112055778503418,-0.03871799790017768,-0.07638987037635277,-0.07638987037635277,0.18000210692053256,0.5909372183183829,0.18929323181509972,0.5848977342247963,3,12,14,86
207786,5170147,relevance_random_3,encoder_self_attn,8,query_only,-8.92552375793457,-8.16978645324707,-8.702096939086914,-8.451934814453125,0.29564084962041676,0.37334184703602,0.29564084962041676,0.18000210692053256,0.5909372183183829,0.18929323181509972,0.5848977342247963,3,12,14,86
207786,5170147,relevance_random_3,encoder_self_attn,8,both,-8.92552375793457,-8.16978645324707,-8.749931335449219,-8.397103309631348,0.2323458447746729,0.3007881905184946,0.2323458447746729,0.18000210692053256,0.5909372183183829,0.18929323181509972,0.5848977342247963,3,12,14,86
207786,5170147,relevance_random_3,encoder_self_attn,9,doc_only,-8.92552375793457,-8.16978645324707,-8.765314102172852,-7.897436141967773,0.21199119689872395,-0.36037695848812795,-0.36037695848812795,0.35879555474156916,0.9915933758020401,0.3614567965269089,1.0247328877449036,3,12,14,86
207786,5170147,relevance_random_3,encoder_self_attn,9,query_only,-8.92552375793457,-8.16978645324707,-8.478200912475586,-8.658790588378906,0.5919025601679858,0.64705570586335,0.5919025601679858,0.35879555474156916,0.9915933758020401,0.3614567965269089,1.0247328877449036,3,12,14,86
207786,5170147,relevance_random_3,encoder_self_attn,9,both,-8.92552375793457,-8.16978645324707,-8.28395938873291,-8.407594680786133,0.8489251029720563,0.314670489420126,0.314670489420126,0.35879555474156916,0.9915933758020401,0.3614567965269089,1.0247328877449036,3,12,14,86
207786,5170147,relevance_random_3,encoder_self_attn,10,doc_only,-8.92552375793457,-8.16978645324707,-9.275680541992188,-7.785614013671875,-0.4633313479244064,-0.5083412413180424,-0.5083412413180424,0.3744973009047301,0.5557734568913778,0.3729015216231346,0.5547606572508812,3,12,14,86
207786,5170147,relevance_random_3,encoder_self_attn,10,query_only,-8.92552375793457,-8.16978645324707,-8.676315307617188,-8.439684867858887,0.3297553908900016,0.357132581570021,0.3297553908900016,0.3744973009047301,0.5557734568913778,0.3729015216231346,0.5547606572508812,3,12,14,86
207786,5170147,relevance_random_3,encoder_self_attn,10,both,-8.92552375793457,-8.16978645324707,-9.04165267944336,-8.068812370300293,-0.15366307947019867,-0.13361002867065094,-0.15366307947019867,0.3744973009047301,0.5557734568913778,0.3729015216231346,0.5547606572508812,3,12,14,86
207786,5170147,relevance_random_3,encoder_self_attn,11,doc_only,-8.92552375793457,-8.16978645324707,-9.085416793823242,-7.927267074584961,-0.21157224196414148,-0.3209043369407204,-0.3209043369407204,0.26789858483749884,0.4279470195372899,0.2573886513710022,0.4342605918645859,3,12,14,86
207786,5170147,relevance_random_3,encoder_self_attn,11,query_only,-8.92552375793457,-8.16978645324707,-8.260485649108887,-8.816713333129883,0.8799858161040219,0.8560208366984332,0.8560208366984332,0.26789858483749884,0.4279470195372899,0.2573886513710022,0.4342605918645859,3,12,14,86
207786,5170147,relevance_random_3,encoder_self_attn,11,both,-8.92552375793457,-8.16978645324707,-8.461971282958984,-8.62999153137207,0.6133777863026975,0.6089484735906961,0.6089484735906961,0.26789858483749884,0.4279470195372899,0.2573886513710022,0.4342605918645859,3,12,14,86
207786,5170147,relevance_random_3,decoder_cross_attn,0,doc_only,-8.92552375793457,-8.16978645324707,-8.944705963134766,-8.148432731628418,-0.02538210709093846,-0.02825548174769827,-0.02825548174769827,,,,,3,12,14,86
207786,5170147,relevance_random_3,decoder_cross_attn,0,query_only,-8.92552375793457,-8.16978645324707,-8.926064491271973,-8.169346809387207,-0.0007155043611694395,-0.0005817416410919076,-0.0007155043611694395,,,,,3,12,14,86
207786,5170147,relevance_random_3,decoder_cross_attn,0,both,-8.92552375793457,-8.16978645324707,-8.945259094238281,-8.147998809814453,-0.026114016314004198,-0.028829651914068808,-0.028829651914068808,,,,,3,12,14,86
207786,5170147,relevance_random_3,decoder_cross_attn,1,doc_only,-8.92552375793457,-8.16978645324707,-8.957416534423828,-8.133600234985352,-0.042200876272007755,-0.047882006137942176,-0.047882006137942176,,,,,3,12,14,86
207786,5170147,relevance_random_3,decoder_cross_attn,1,query_only,-8.92552375793457,-8.16978645324707,-8.919354438781738,-8.176603317260742,0.00816331166209013,0.009020150218058472,0.00816331166209013,,,,,3,12,14,86
207786,5170147,relevance_random_3,decoder_cross_attn,1,both,-8.92552375793457,-8.16978645324707,-8.951148986816406,-8.140824317932129,-0.03390758762720077,-0.038323019302212886,-0.038323019302212886,,,,,3,12,14,86
207786,5170147,relevance_random_3,decoder_cross_attn,2,doc_only,-8.92552375793457,-8.16978645324707,-8.914447784423828,-8.189935684204102,0.014655851235664675,0.026661686318849943,0.014655851235664675,,,,,3,12,14,86
207786,5170147,relevance_random_3,decoder_cross_attn,2,query_only,-8.92552375793457,-8.16978645324707,-8.91395378112793,-8.183547973632812,0.015309521886609594,0.0182093967048942,0.015309521886609594,,,,,3,12,14,86
207786,5170147,relevance_random_3,decoder_cross_attn,2,both,-8.92552375793457,-8.16978645324707,-8.902229309082031,-8.203609466552734,0.030823473590696173,0.04475498707801648,0.030823473590696173,,,,,3,12,14,86
207786,5170147,relevance_random_3,decoder_cross_attn,3,doc_only,-8.92552375793457,-8.16978645324707,-8.932132720947266,-8.1618070602417,-0.008745053303182038,-0.01055842149895009,-0.01055842149895009,,,,,3,12,14,86
207786,5170147,relevance_random_3,decoder_cross_attn,3,query_only,-8.92552375793457,-8.16978645324707,-8.91566276550293,-8.179941177368164,0.013048174769827168,0.013436843805524148,0.013048174769827168,,,,,3,12,14,86
207786,5170147,relevance_random_3,decoder_cross_attn,3,both,-8.92552375793457,-8.16978645324707,-8.922565460205078,-8.172348022460938,0.00391445243094815,0.0033894968502665157,0.0033894968502665157,,,,,3,12,14,86
207786,5170147,relevance_random_3,decoder_cross_attn,4,doc_only,-8.92552375793457,-8.16978645324707,-8.924745559692383,-8.170589447021484,0.0010297205621062834,0.0010625302858988854,0.0010297205621062834,,,,,3,12,14,86
207786,5170147,relevance_random_3,decoder_cross_attn,4,query_only,-8.92552375793457,-8.16978645324707,-8.913483619689941,-8.185857772827148,0.015931644726215475,0.02126574866742045,0.015931644726215475,,,,,3,12,14,86
207786,5170147,relevance_random_3,decoder_cross_attn,4,both,-8.92552375793457,-8.16978645324707,-8.912860870361328,-8.186810493469238,0.016755673558391214,0.02252639920852851,0.016755673558391214,,,,,3,12,14,86
207786,5170147,relevance_random_3,decoder_cross_attn,5,doc_only,-8.92552375793457,-8.16978645324707,-8.923015594482422,-8.169875144958496,0.0033188297528670653,0.00011735785818123083,0.00011735785818123083,,,,,3,12,14,86
207786,5170147,relevance_random_3,decoder_cross_attn,5,query_only,-8.92552375793457,-8.16978645324707,-8.885089874267578,-8.211042404174805,0.053502564206105635,0.054590332741075755,0.053502564206105635,,,,,3,12,14,86
207786,5170147,relevance_random_3,decoder_cross_attn,5,both,-8.92552375793457,-8.16978645324707,-8.882232666015625,-8.211076736450195,0.05728325391697626,0.054635761589403975,0.054635761589403975,,,,,3,12,14,86
207786,5170147,relevance_random_3,decoder_cross_attn,6,doc_only,-8.92552375793457,-8.16978645324707,-8.927934646606445,-8.167402267456055,-0.00319011468260378,-0.0031547811339040542,-0.00319011468260378,,,,,3,12,14,86
207786,5170147,relevance_random_3,decoder_cross_attn,6,query_only,-8.92552375793457,-8.16978645324707,-8.855157852172852,-8.243579864501953,0.09310894847359069,0.09764426183169117,0.09310894847359069,,,,,3,12,14,86
207786,5170147,relevance_random_3,decoder_cross_attn,6,both,-8.92552375793457,-8.16978645324707,-8.856771469116211,-8.240486145019531,0.09097379260216443,0.09355061783233726,0.09097379260216443,,,,,3,12,14,86
207786,5170147,relevance_random_3,decoder_cross_attn,7,doc_only,-8.92552375793457,-8.16978645324707,-8.925189971923828,-8.17063045501709,0.0004416693587465676,0.0011167925214020352,0.0004416693587465676,,,,,3,12,14,86
207786,5170147,relevance_random_3,decoder_cross_attn,7,query_only,-8.92552375793457,-8.16978645324707,-8.874041557312012,-8.221965789794922,0.06812181998061702,0.06904427798417057,0.06812181998061702,,,,,3,12,14,86
207786,5170147,relevance_random_3,decoder_cross_attn,7,both,-8.92552375793457,-8.16978645324707,-8.873299598693848,-8.222402572631836,0.06910358786948796,0.0696222338879018,0.06910358786948796,,,,,3,12,14,86
207786,5170147,relevance_random_3,decoder_cross_attn,8,doc_only,-8.92552375793457,-8.16978645324707,-8.935275077819824,-8.154029846191406,-0.012903054837667582,-0.020849317557745113,-0.020849317557745113,,,,,3,12,14,86
207786,5170147,relevance_random_3,decoder_cross_attn,8,query_only,-8.92552375793457,-8.16978645324707,-8.857913970947266,-8.22711181640625,0.08946202148279761,0.07585355758358908,0.07585355758358908,,,,,3,12,14,86
207786,5170147,relevance_random_3,decoder_cross_attn,8,both,-8.92552375793457,-8.16978645324707,-8.871569633483887,-8.216238021850586,0.07139269706024874,0.06146523178807947,0.06146523178807947,,,,,3,12,14,86
207786,5170147,relevance_random_3,decoder_cross_attn,9,doc_only,-8.92552375793457,-8.16978645324707,-8.968345642089844,-8.105254173278809,-0.05666239298982394,-0.08538982999515425,-0.08538982999515425,,,,,3,12,14,86
207786,5170147,relevance_random_3,decoder_cross_attn,9,query_only,-8.92552375793457,-8.16978645324707,-8.822003364562988,-8.27674674987793,0.13697933492166048,0.14153105314165723,0.13697933492166048,,,,,3,12,14,86
207786,5170147,relevance_random_3,decoder_cross_attn,9,both,-8.92552375793457,-8.16978645324707,-8.876559257507324,-8.227567672729492,0.06479037110321434,0.07645675173639153,0.06479037110321434,,,,,3,12,14,86
207786,5170147,relevance_random_3,decoder_cross_attn,10,doc_only,-8.92552375793457,-8.16978645324707,-8.926483154296875,-8.168068885803223,-0.0012694839282829913,-0.0022727043288644807,-0.0022727043288644807,,,,,3,12,14,86
207786,5170147,relevance_random_3,decoder_cross_attn,10,query_only,-8.92552375793457,-8.16978645324707,-8.921419143676758,-8.207023620605469,0.00543127120012922,0.04927263366176708,0.00543127120012922,,,,,3,12,14,86
207786,5170147,relevance_random_3,decoder_cross_attn,10,both,-8.92552375793457,-8.16978645324707,-8.922309875488281,-8.205141067504883,0.004252644968502665,0.04678161847843644,0.004252644968502665,,,,,3,12,14,86
207786,5170147,relevance_random_3,decoder_cross_attn,11,doc_only,-8.92552375793457,-8.16978645324707,-8.95794677734375,-8.130739212036133,-0.04290249959618801,-0.05166774349862704,-0.05166774349862704,,,,,3,12,14,86
207786,5170147,relevance_random_3,decoder_cross_attn,11,query_only,-8.92552375793457,-8.16978645324707,-8.495429992675781,-8.628087997436523,0.5691048497819415,0.6064296963333872,0.5691048497819415,,,,,3,12,14,86
207786,5170147,relevance_random_3,decoder_cross_attn,11,both,-8.92552375793457,-8.16978645324707,-8.529962539672852,-8.592704772949219,0.5234109998384752,0.5596102204813439,0.5234109998384752,,,,,3,12,14,86
47923,7142747,relevance_random_3,encoder_self_attn,0,doc_only,-7.092840194702148,-6.3729753494262695,-7.144525527954102,-6.951383590698242,-0.07179866275056866,0.8034956076377159,-0.07179866275056866,0.38544490467756987,0.4216772799069683,0.39416107490881164,0.4058490370710691,3,15,17,84
47923,7142747,relevance_random_3,encoder_self_attn,0,query_only,-7.092840194702148,-6.3729753494262695,-7.139139175415039,-6.378302574157715,-0.06431621299015809,0.007400312386978311,-0.06431621299015809,0.38544490467756987,0.4216772799069683,0.39416107490881164,0.4058490370710691,3,15,17,84
47923,7142747,relevance_random_3,encoder_self_attn,0,both,-7.092840194702148,-6.3729753494262695,-7.174699783325195,-6.930864334106445,-0.11371521912793955,0.7749912894640272,-0.11371521912793955,0.38544490467756987,0.4216772799069683,0.39416107490881164,0.4058490370710691,3,15,17,84
47923,7142747,relevance_random_3,encoder_self_attn,1,doc_only,-7.092840194702148,-6.3729753494262695,-7.112715721130371,-6.675986289978027,-0.02761008064035356,0.4209275429134656,-0.02761008064035356,0.27922188164666295,0.2749646982798974,0.2742152463144331,0.2710577994585037,3,15,17,84
47923,7142747,relevance_random_3,encoder_self_attn,1,query_only,-7.092840194702148,-6.3729753494262695,-7.033011436462402,-6.434362411499023,0.08311109874634522,0.08527581597518921,0.08311109874634522,0.27922188164666295,0.2749646982798974,0.2742152463144331,0.2710577994585037,3,15,17,84
47923,7142747,relevance_random_3,encoder_self_attn,1,both,-7.092840194702148,-6.3729753494262695,-7.053572654724121,-6.741617202758789,0.05454848953344647,0.5120987026269387,0.05454848953344647,0.27922188164666295,0.2749646982798974,0.2742152463144331,0.2710577994585037,3,15,17,84
47923,7142747,relevance_random_3,encoder_self_attn,2,doc_only,-7.092840194702148,-6.3729753494262695,-6.930790901184082,-6.575173377990723,0.22511071985459036,0.28088332121144677,0.22511071985459036,0.3409895859658718,0.33238996130724746,0.3379107517982597,0.3347969204187393,3,15,17,84
47923,7142747,relevance_random_3,encoder_self_attn,2,query_only,-7.092840194702148,-6.3729753494262695,-7.058332443237305,-6.404006004333496,0.04793643097214881,0.04310622349579311,0.04310622349579311,0.3409895859658718,0.33238996130724746,0.3379107517982597,0.3347969204187393,3,15,17,84
47923,7142747,relevance_random_3,encoder_self_attn,2,both,-7.092840194702148,-6.3729753494262695,-6.900846481323242,-6.602458953857422,0.26670800031265196,0.3187870694577476,0.26670800031265196,0.3409895859658718,0.33238996130724746,0.3379107517982597,0.3347969204187393,3,15,17,84
47923,7142747,relevance_random_3,encoder_self_attn,3,doc_only,-7.092840194702148,-6.3729753494262695,-7.101958274841309,-6.348318099975586,-0.012666377861063309,-0.03425260951760191,-0.03425260951760191,0.26985471136868,0.4071680751318733,0.2701078760090159,0.4039111783107122,3,15,17,84
47923,7142747,relevance_random_3,encoder_self_attn,3,query_only,-7.092840194702148,-6.3729753494262695,-7.05113410949707,-6.315380096435547,0.05793599378935473,-0.08000842570475854,-0.08000842570475854,0.26985471136868,0.4071680751318733,0.2701078760090159,0.4039111783107122,3,15,17,84
47923,7142747,relevance_random_3,encoder_self_attn,3,both,-7.092840194702148,-6.3729753494262695,-7.051811218261719,-6.301523208618164,0.05699538838392068,-0.0992577166075145,-0.0992577166075145,0.26985471136868,0.4071680751318733,0.2701078760090159,0.4039111783107122,3,15,17,84
47923,7142747,relevance_random_3,encoder_self_attn,4,doc_only,-7.092840194702148,-6.3729753494262695,-7.249128341674805,-6.303559303283691,-0.21710762513032683,-0.09642927640948395,-0.21710762513032683,0.3411521459929645,0.5316565992931525,0.347102862685474,0.5142097771167755,3,15,17,84
47923,7142747,relevance_random_3,encoder_self_attn,4,query_only,-7.092840194702148,-6.3729753494262695,-7.099699020385742,-6.339446067810059,-0.009527935318143218,-0.04657718992147932,-0.04657718992147932,0.3411521459929645,0.5316565992931525,0.347102862685474,0.5142097771167755,3,15,17,84
47923,7142747,relevance_random_3,encoder_self_attn,4,both,-7.092840194702148,-6.3729753494262695,-7.253060340881348,-6.26851749420166,-0.22256976046357274,-0.14510759333521456,-0.22256976046357274,0.3411521459929645,0.5316565992931525,0.347102862685474,0.5142097771167755,3,15,17,84
47923,7142747,relevance_random_3,encoder_self_attn,5,doc_only,-7.092840194702148,-6.3729753494262695,-7.023708343505859,-6.095903396606445,0.09603448709847079,-0.3848944071072674,-0.3848944071072674,0.30763551010750234,0.42866882557670277,0.31881051988744025,0.4226829881469409,3,15,17,84
47923,7142747,relevance_random_3,encoder_self_attn,5,query_only,-7.092840194702148,-6.3729753494262695,-7.12098503112793,-6.312389373779297,-0.039097389753760106,-0.08416298704481653,-0.08416298704481653,0.30763551010750234,0.42866882557670277,0.31881051988744025,0.4226829881469409,3,15,17,84
47923,7142747,relevance_random_3,encoder_self_attn,5,both,-7.092840194702148,-6.3729753494262695,-7.034235954284668,-6.047996520996094,0.08141006023848983,-0.45144422673624496,-0.45144422673624496,0.30763551010750234,0.42866882557670277,0.31881051988744025,0.4226829881469409,3,15,17,84
47923,7142747,relevance_random_3,encoder_self_attn,6,doc_only,-7.092840194702148,-6.3729753494262695,-6.928897857666016,-6.464186668395996,0.22774044060076865,0.1267061720936949,0.1267061720936949,0.23714258335530758,0.43306350087126094,0.24513614177703857,0.40775583436091745,3,15,17,84
47923,7142747,relevance_random_3,encoder_self_attn,6,query_only,-7.092840194702148,-6.3729753494262695,-7.004673957824707,-6.36591911315918,0.12247609736193303,-0.009802168161699343,-0.009802168161699343,0.23714258335530758,0.43306350087126094,0.24513614177703857,0.40775583436091745,3,15,17,84
47923,7142747,relevance_random_3,encoder_self_attn,6,both,-7.092840194702148,-6.3729753494262695,-6.868629455566406,-6.461029052734375,0.31146227046247316,0.1223197713931426,0.1223197713931426,0.23714258335530758,0.43306350087126094,0.24513614177703857,0.40775583436091745,3,15,17,84
47923,7142747,relevance_random_3,encoder_self_attn,7,doc_only,-7.092840194702148,-6.3729753494262695,-6.9555864334106445,-6.438006401062012,0.1906660148668646,0.09033786281203922,0.09033786281203922,0.28534020646475255,0.34599431324750185,0.2811151618388162,0.333905890583992,3,15,17,84
47923,7142747,relevance_random_3,encoder_self_attn,7,query_only,-7.092840194702148,-6.3729753494262695,-7.01167106628418,-6.482814788818359,0.11275606657366596,0.15258341911389672,0.11275606657366596,0.28534020646475255,0.34599431324750185,0.2811151618388162,0.333905890583992,3,15,17,84
47923,7142747,relevance_random_3,encoder_self_attn,7,both,-7.092840194702148,-6.3729753494262695,-6.860775947570801,-6.539220809936523,0.32237196836916243,0.2309398237755901,0.2309398237755901,0.28534020646475255,0.34599431324750185,0.2811151618388162,0.333905890583992,3,15,17,84
47923,7142747,relevance_random_3,encoder_self_attn,8,doc_only,-7.092840194702148,-6.3729753494262695,-7.278424263000488,-5.883205413818359,-0.2578040440733248,-0.6803637360846704,-0.6803637360846704,0.20164827234111726,0.34695911842087906,0.19347355614847211,0.37186019370953244,3,15,17,84
47923,7142747,relevance_random_3,encoder_self_attn,8,query_only,-7.092840194702148,-6.3729753494262695,-6.745306968688965,-6.725305557250977,0.4827756603116186,0.4894393859303979,0.4827756603116186,0.20164827234111726,0.34695911842087906,0.19347355614847211,0.37186019370953244,3,15,17,84
47923,7142747,relevance_random_3,encoder_self_attn,8,both,-7.092840194702148,-6.3729753494262695,-6.92973518371582,-6.218548774719238,0.22657726940926007,-0.21452162266355604,-0.21452162266355604,0.20164827234111726,0.34695911842087906,0.19347355614847211,0.37186019370953244,3,15,17,84
47923,7142747,relevance_random_3,encoder_self_attn,9,doc_only,-7.092840194702148,-6.3729753494262695,-6.810091972351074,-5.677107810974121,0.3927795949567653,-0.9666641495536099,-0.9666641495536099,0.29044285765849054,0.7050243020057678,0.2854002625194948,0.7665341496467591,3,15,17,84
47923,7142747,relevance_random_3,encoder_self_attn,9,query_only,-7.092840194702148,-6.3729753494262695,-6.980134963989258,-6.501227378845215,0.1565644321326704,0.17816126215997447,0.1565644321326704,0.29044285765849054,0.7050243020057678,0.2854002625194948,0.7665341496467591,3,15,17,84
47923,7142747,relevance_random_3,encoder_self_attn,9,both,-7.092840194702148,-6.3729753494262695,-6.658522605895996,-5.811988830566406,0.6033321277686587,-0.7792942279948015,-0.7792942279948015,0.29044285765849054,0.7050243020057678,0.2854002625194948,0.7665341496467591,3,15,17,84
47923,7142747,relevance_random_3,encoder_self_attn,10,doc_only,-7.092840194702148,-6.3729753494262695,-7.767070770263672,-6.497722625732422,-0.936607170062782,0.17329263558959399,-0.936607170062782,0.2791000506840646,0.3574121991793315,0.2751985468081574,0.3892841214934985,3,15,17,84
47923,7142747,relevance_random_3,encoder_self_attn,10,query_only,-7.092840194702148,-6.3729753494262695,-6.552275657653809,-6.82763671875,0.7509250390483723,0.6315926834147421,0.6315926834147421,0.2791000506840646,0.3574121991793315,0.2751985468081574,0.3892841214934985,3,15,17,84
47923,7142747,relevance_random_3,encoder_self_attn,10,both,-7.092840194702148,-6.3729753494262695,-7.2579193115234375,-6.984319686889648,-0.2293195978448213,0.8492487742321811,-0.2293195978448213,0.2791000506840646,0.3574121991793315,0.2751985468081574,0.3892841214934985,3,15,17,84
47923,7142747,relevance_random_3,encoder_self_attn,11,doc_only,-7.092840194702148,-6.3729753494262695,-7.491813659667969,-6.656024932861328,-0.5542338504013471,0.3931982306020007,-0.5542338504013471,0.26290100533515215,0.2853406748423974,0.2535467361336324,0.2768319273988406,3,15,17,84
47923,7142747,relevance_random_3,encoder_self_attn,11,query_only,-7.092840194702148,-6.3729753494262695,-6.776144981384277,-6.694475173950195,0.4399370456776532,0.4466113696671979,0.4399370456776532,0.26290100533515215,0.2853406748423974,0.2535467361336324,0.2768319273988406,3,15,17,84
47923,7142747,relevance_random_3,encoder_self_attn,11,both,-7.092840194702148,-6.3729753494262695,-7.1970319747924805,-6.960227966308594,-0.14473797515476933,0.8157817689475685,-0.14473797515476933,0.26290100533515215,0.2853406748423974,0.2535467361336324,0.2768319273988406,3,15,17,84
47923,7142747,relevance_random_3,decoder_cross_attn,0,doc_only,-7.092840194702148,-6.3729753494262695,-7.102043151855469,-6.380289077758789,-0.012784284735828984,0.010159863175033418,-0.012784284735828984,,,,,3,15,17,84
47923,7142747,relevance_random_3,decoder_cross_attn,0,query_only,-7.092840194702148,-6.3729753494262695,-7.0919952392578125,-6.3735809326171875,0.0011737695622740395,0.0008412456795079176,0.0008412456795079176,,,,,3,15,17,84
47923,7142747,relevance_random_3,decoder_cross_attn,0,both,-7.092840194702148,-6.3729753494262695,-7.1010589599609375,-6.380804061889648,-0.011417094907085408,0.010875253201701568,-0.011417094907085408,,,,,3,15,17,84
47923,7142747,relevance_random_3,decoder_cross_attn,1,doc_only,-7.092840194702148,-6.3729753494262695,-7.163421630859375,-6.284454345703125,-0.09804817754390706,-0.12296892160252665,-0.12296892160252665,,,,,3,15,17,84
47923,7142747,relevance_random_3,decoder_cross_attn,1,query_only,-7.092840194702148,-6.3729753494262695,-7.085756301879883,-6.379091262817383,0.009840587255724113,0.008495918964857128,0.008495918964857128,,,,,3,15,17,84
47923,7142747,relevance_random_3,decoder_cross_attn,1,both,-7.092840194702148,-6.3729753494262695,-7.157954216003418,-6.291934967041016,-0.09045312009411353,-0.11257721906699893,-0.11257721906699893,,,,,3,15,17,84
47923,7142747,relevance_random_3,decoder_cross_attn,2,doc_only,-7.092840194702148,-6.3729753494262695,-7.093240737915039,-6.363007545471191,-0.0005564144651863392,-0.013846771405065756,-0.013846771405065756,,,,,3,15,17,84
47923,7142747,relevance_random_3,decoder_cross_attn,2,query_only,-7.092840194702148,-6.3729753494262695,-7.080223083496094,-6.385436058044434,0.017527055653369684,0.01730978905267788,0.01730978905267788,,,,,3,15,17,84
47923,7142747,relevance_random_3,decoder_cross_attn,2,both,-7.092840194702148,-6.3729753494262695,-7.080211639404297,-6.374916076660156,0.01754295320951787,0.0026959605634623816,0.0026959605634623816,,,,,3,15,17,84
47923,7142747,relevance_random_3,decoder_cross_attn,3,doc_only,-7.092840194702148,-6.3729753494262695,-7.098896026611328,-6.365904808044434,-0.008412456795079177,-0.00982204010688457,-0.00982204010688457,,,,,3,15,17,84
47923,7142747,relevance_random_3,decoder_cross_attn,3,query_only,-7.092840194702148,-6.3729753494262695,-7.08436393737793,-6.375934600830078,0.011774789920419483,0.004110843060650501,0.004110843060650501,,,,,3,15,17,84
47923,7142747,relevance_random_3,decoder_cross_attn,3,both,-7.092840194702148,-6.3729753494262695,-7.090494155883789,-6.369244575500488,0.00325899901037713,-0.005182603304307046,-0.005182603304307046,,,,,3,15,17,84
47923,7142747,relevance_random_3,decoder_cross_attn,4,doc_only,-7.092840194702148,-6.3729753494262695,-7.093740463256836,-6.37169075012207,-0.0012506077503235814,-0.0017845006776333308,-0.0017845006776333308,,,,,3,15,17,84
47923,7142747,relevance_random_3,decoder_cross_attn,4,query_only,-7.092840194702148,-6.3729753494262695,-7.078965187072754,-6.387404441833496,0.019274462033323926,0.02004416871016503,0.019274462033323926,,,,,3,15,17,84
47923,7142747,relevance_random_3,decoder_cross_attn,4,both,-7.092840194702148,-6.3729753494262695,-7.079685211181641,-6.385822296142578,0.0182742407923342,0.01784633157267899,0.01784633157267899,,,,,3,15,17,84
47923,7142747,relevance_random_3,decoder_cross_attn,5,doc_only,-7.092840194702148,-6.3729753494262695,-7.093038558959961,-6.360162734985352,-0.0002755576399018061,-0.017798638904234446,-0.017798638904234446,,,,,3,15,17,84
47923,7142747,relevance_random_3,decoder_cross_attn,5,query_only,-7.092840194702148,-6.3729753494262695,-7.082515716552734,-6.378775596618652,0.014342245238350735,0.008057411374436465,0.008057411374436465,,,,,3,15,17,84
47923,7142747,relevance_random_3,decoder_cross_attn,5,both,-7.092840194702148,-6.3729753494262695,-7.08438777923584,-6.367283821105957,0.01174167001177744,-0.007906384591028744,-0.007906384591028744,,,,,3,15,17,84
47923,7142747,relevance_random_3,decoder_cross_attn,6,doc_only,-7.092840194702148,-6.3729753494262695,-7.093620300292969,-6.370482444763184,-0.0010836834107676796,-0.0034630176476121207,-0.0034630176476121207,,,,,3,15,17,84
47923,7142747,relevance_random_3,decoder_cross_attn,6,query_only,-7.092840194702148,-6.3729753494262695,-7.048828125,-6.409259796142578,0.061139351353213224,0.05040452656415392,0.05040452656415392,,,,,3,15,17,84
47923,7142747,relevance_random_3,decoder_cross_attn,6,both,-7.092840194702148,-6.3729753494262695,-7.049332618713379,-6.406820297241211,0.06043853408634758,0.04701569751189998,0.04701569751189998,,,,,3,15,17,84
47923,7142747,relevance_random_3,decoder_cross_attn,7,doc_only,-7.092840194702148,-6.3729753494262695,-7.097658157348633,-6.370436668395996,-0.0066928711383842515,-0.0035266078722048454,-0.0066928711383842515,,,,,3,15,17,84
47923,7142747,relevance_random_3,decoder_cross_attn,7,query_only,-7.092840194702148,-6.3729753494262695,-7.043299674987793,-6.44013786315918,0.06881919576913038,0.09329878264463795,0.06881919576913038,,,,,3,15,17,84
47923,7142747,relevance_random_3,decoder_cross_attn,7,both,-7.092840194702148,-6.3729753494262695,-7.047616958618164,-6.4359235763549805,0.06282184271222906,0.08744450759307025,0.06282184271222906,,,,,3,15,17,84
47923,7142747,relevance_random_3,decoder_cross_attn,8,doc_only,-7.092840194702148,-6.3729753494262695,-7.108043670654297,-6.388072967529297,-0.02111990334285862,0.020972850948487942,-0.02111990334285862,,,,,3,15,17,84
47923,7142747,relevance_random_3,decoder_cross_attn,8,query_only,-7.092840194702148,-6.3729753494262695,-7.0309553146362305,-6.421663284301758,0.0859673596676351,0.0676348278360909,0.0676348278360909,,,,,3,15,17,84
47923,7142747,relevance_random_3,decoder_cross_attn,8,both,-7.092840194702148,-6.3729753494262695,-7.04571533203125,-6.438393592834473,0.06546348662551849,0.09087573012838601,0.06546348662551849,,,,,3,15,17,84
47923,7142747,relevance_random_3,decoder_cross_attn,9,doc_only,-7.092840194702148,-6.3729753494262695,-7.342626571655273,-6.760903358459473,-0.3469906588609666,0.5388900591256609,-0.3469906588609666,,,,,3,15,17,84
47923,7142747,relevance_random_3,decoder_cross_attn,9,query_only,-7.092840194702148,-6.3729753494262695,-7.024116516113281,-6.43666934967041,0.09546747426251899,0.0884804983353934,0.0884804983353934,,,,,3,15,17,84
47923,7142747,relevance_random_3,decoder_cross_attn,9,both,-7.092840194702148,-6.3729753494262695,-7.280298233032227,-6.830944061279297,-0.26040726889258947,0.6361870771415664,-0.26040726889258947,,,,,3,15,17,84
47923,7142747,relevance_random_3,decoder_cross_attn,10,doc_only,-7.092840194702148,-6.3729753494262695,-7.09442138671875,-6.385159492492676,-0.002196512341140358,0.016925598112430166,-0.002196512341140358,,,,,3,15,17,84
47923,7142747,relevance_random_3,decoder_cross_attn,10,query_only,-7.092840194702148,-6.3729753494262695,-7.079959869384766,-6.396892547607422,0.01789269944477785,0.03322456755335286,0.01789269944477785,,,,,3,15,17,84
47923,7142747,relevance_random_3,decoder_cross_attn,10,both,-7.092840194702148,-6.3729753494262695,-7.081701278686523,-6.405612945556641,0.015473621317562958,0.045338505338266874,0.015473621317562958,,,,,3,15,17,84
47923,7142747,relevance_random_3,decoder_cross_attn,11,doc_only,-7.092840194702148,-6.3729753494262695,-7.16157341003418,-6.428187370300293,-0.09548072222597581,0.07669775963689981,-0.09548072222597581,,,,,3,15,17,84
47923,7142747,relevance_random_3,decoder_cross_attn,11,query_only,-7.092840194702148,-6.3729753494262695,-6.921110153198242,-6.5464324951171875,0.2385587275596059,0.24095793374163557,0.2385587275596059,,,,,3,15,17,84
47923,7142747,relevance_random_3,decoder_cross_attn,11,both,-7.092840194702148,-6.3729753494262695,-6.987607955932617,-6.592445373535156,0.14618332796790814,0.3048767078280891,0.14618332796790814,,,,,3,15,17,84
47923,3388872,relevance_random_3,encoder_self_attn,0,doc_only,-8.332857131958008,-7.681928634643555,-8.09315013885498,-7.802446365356445,0.36825395430064994,0.1851474182035549,0.1851474182035549,0.43638698368856355,0.4437644152591626,0.4409405836149266,0.4326300695538521,3,15,17,93
47923,3388872,relevance_random_3,encoder_self_attn,0,query_only,-8.332857131958008,-7.681928634643555,-8.290115356445312,-7.733470916748047,0.06566278122564274,0.07918270949442384,0.06566278122564274,0.43638698368856355,0.4437644152591626,0.4409405836149266,0.4326300695538521,3,15,17,93
47923,3388872,relevance_random_3,encoder_self_attn,0,both,-8.332857131958008,-7.681928634643555,-8.053650856018066,-7.867702484130859,0.42893540088023113,0.2853982430539684,0.2853982430539684,0.43638698368856355,0.4437644152591626,0.4409405836149266,0.4326300695538521,3,15,17,93
47923,3388872,relevance_random_3,encoder_self_attn,1,doc_only,-8.332857131958008,-7.681928634643555,-8.185901641845703,-7.800206184387207,0.22576287675006007,0.18170590200249653,0.18170590200249653,0.3040989457744442,0.2865198428432147,0.30847231926102386,0.28329629947741825,3,15,17,93
47923,3388872,relevance_random_3,encoder_self_attn,1,query_only,-8.332857131958008,-7.681928634643555,-8.286259651184082,-7.721351623535156,0.07158617415918002,0.06056423870555624,0.06056423870555624,0.3040989457744442,0.2865198428432147,0.30847231926102386,0.28329629947741825,3,15,17,93
47923,3388872,relevance_random_3,encoder_self_attn,1,both,-8.332857131958008,-7.681928634643555,-8.131597518920898,-7.834436416625977,0.30918851128418806,0.23429267978222776,0.23429267978222776,0.3040989457744442,0.2865198428432147,0.30847231926102386,0.28329629947741825,3,15,17,93
47923,3388872,relevance_random_3,encoder_self_attn,2,doc_only,-8.332857131958008,-7.681928634643555,-8.191171646118164,-7.726781845092773,0.21766674285178478,0.06890650913928398,0.06890650913928398,0.36759059723109416,0.3375225520382325,0.3695158985884566,0.34208806697279215,3,15,17,93
47923,3388872,relevance_random_3,encoder_self_attn,2,query_only,-8.332857131958008,-7.681928634643555,-8.282691955566406,-7.726789474487305,0.077067107368273,0.06891822992668648,0.06891822992668648,0.36759059723109416,0.3375225520382325,0.3695158985884566,0.34208806697279215,3,15,17,93
47923,3388872,relevance_random_3,encoder_self_attn,2,both,-8.332857131958008,-7.681928634643555,-8.137353897094727,-7.763576507568359,0.30034517718900355,0.12543293658467977,0.12543293658467977,0.36759059723109416,0.3375225520382325,0.3695158985884566,0.34208806697279215,3,15,17,93
47923,3388872,relevance_random_3,encoder_self_attn,3,doc_only,-8.332857131958008,-7.681928634643555,-8.308605194091797,-7.718854904174805,0.037257452955689566,0.05672861102808887,0.037257452955689566,0.2773587172978545,0.3892466556280852,0.2813608285627867,0.3888341570273042,3,15,17,93
47923,3388872,relevance_random_3,encoder_self_attn,3,query_only,-8.332857131958008,-7.681928634643555,-8.313886642456055,-7.701525688171387,0.02914373787631053,0.030106307541740655,0.02914373787631053,0.2773587172978545,0.3892466556280852,0.2813608285627867,0.3888341570273042,3,15,17,93
47923,3388872,relevance_random_3,encoder_self_attn,3,both,-8.332857131958008,-7.681928634643555,-8.289226531982422,-7.73548698425293,0.06702825295803372,0.08227992756553386,0.06702825295803372,0.2773587172978545,0.3892466556280852,0.2813608285627867,0.3888341570273042,3,15,17,93
47923,3388872,relevance_random_3,encoder_self_attn,4,doc_only,-8.332857131958008,-7.681928634643555,-8.351616859436035,-7.6514997482299805,-0.028819951124316533,-0.04674689545643676,-0.04674689545643676,0.31747913360595703,0.565147506693999,0.3199953389795203,0.5636780448257923,3,15,17,93
47923,3388872,relevance_random_3,encoder_self_attn,4,query_only,-8.332857131958008,-7.681928634643555,-8.352012634277344,-7.664263725280762,-0.0294279669708211,-0.02713801813205811,-0.0294279669708211,0.31747913360595703,0.565147506693999,0.3199953389795203,0.5636780448257923,3,15,17,93
47923,3388872,relevance_random_3,encoder_self_attn,4,both,-8.332857131958008,-7.681928634643555,-8.364545822143555,-7.630191802978516,-0.0486822904762742,-0.07948158957318753,-0.07948158957318753,0.31747913360595703,0.565147506693999,0.3199953389795203,0.5636780448257923,3,15,17,93
47923,3388872,relevance_random_3,encoder_self_attn,5,doc_only,-8.332857131958008,-7.681928634643555,-8.121515274047852,-7.926584243774414,0.32467753183658876,0.375856350029595,0.32467753183658876,0.31618230718455903,0.48479538845519227,0.3230105838493297,0.48791881930083036,3,15,17,93
47923,3388872,relevance_random_3,encoder_self_attn,5,query_only,-8.332857131958008,-7.681928634643555,-8.325115203857422,-7.709856986999512,0.011893669016684542,0.04290540738526814,0.011893669016684542,0.31618230718455903,0.48479538845519227,0.3230105838493297,0.48791881930083036,3,15,17,93
47923,3388872,relevance_random_3,encoder_self_attn,5,both,-8.332857131958008,-7.681928634643555,-8.099486351013184,-7.952929496765137,0.3585198403628756,0.41632969402884484,0.3585198403628756,0.31618230718455903,0.48479538845519227,0.3230105838493297,0.48791881930083036,3,15,17,93
47923,3388872,relevance_random_3,encoder_self_attn,6,doc_only,-8.332857131958008,-7.681928634643555,-8.053092956542969,-7.982770919799805,0.42979248345903875,0.4621740888552893,0.42979248345903875,0.24873299998779821,0.43099864386022096,0.2588354229534927,0.4283550810068846,3,15,17,93
47923,3388872,relevance_random_3,encoder_self_attn,6,query_only,-8.332857131958008,-7.681928634643555,-8.337432861328125,-7.67868709564209,-0.007029542244647995,-0.00497986954763621,-0.007029542244647995,0.24873299998779821,0.43099864386022096,0.2588354229534927,0.4283550810068846,3,15,17,93
47923,3388872,relevance_random_3,encoder_self_attn,6,both,-8.332857131958008,-7.681928634643555,-8.057182312011719,-7.979793548583984,0.4235101414113,0.45760005157146455,0.4235101414113,0.24873299998779821,0.43099864386022096,0.2588354229534927,0.4283550810068846,3,15,17,93
47923,3388872,relevance_random_3,encoder_self_attn,7,doc_only,-8.332857131958008,-7.681928634643555,-8.242290496826172,-7.754850387573242,0.13913453705819956,0.11202728599307302,0.11202728599307302,0.2768947180003336,0.4271802523483833,0.2851281634678966,0.42212475029130775,3,15,17,93
47923,3388872,relevance_random_3,encoder_self_attn,7,query_only,-8.332857131958008,-7.681928634643555,-8.26934814453125,-7.755845069885254,0.09756676453524148,0.11355538365067365,0.09756676453524148,0.2768947180003336,0.4271802523483833,0.2851281634678966,0.42212475029130775,3,15,17,93
47923,3388872,relevance_random_3,encoder_self_attn,7,both,-8.332857131958008,-7.681928634643555,-8.178030014038086,-7.823067665100098,0.23785579915258706,0.2168272414540809,0.2168272414540809,0.2768947180003336,0.4271802523483833,0.2851281634678966,0.42212475029130775,3,15,17,93
47923,3388872,relevance_random_3,encoder_self_attn,8,doc_only,-8.332857131958008,-7.681928634643555,-8.22828483581543,-7.733513832092285,0.16065097253233473,0.07924863892356289,0.07924863892356289,0.1805341023288361,0.41860762052237993,0.1880413182079792,0.43347596718619263,3,15,17,93
47923,3388872,relevance_random_3,encoder_self_attn,8,query_only,-8.332857131958008,-7.681928634643555,-8.257118225097656,-7.772132873535156,0.1163551867414453,0.13857779965658093,0.1163551867414453,0.1805341023288361,0.41860762052237993,0.1880413182079792,0.43347596718619263,3,15,17,93
47923,3388872,relevance_random_3,encoder_self_attn,8,both,-8.332857131958008,-7.681928634643555,-8.147319793701172,-7.820467948913574,0.28503489864449094,0.2128333831466798,0.2128333831466798,0.1805341023288361,0.41860762052237993,0.1880413182079792,0.43347596718619263,3,15,17,93
47923,3388872,relevance_random_3,encoder_self_attn,9,doc_only,-8.332857131958008,-7.681928634643555,-8.12309455871582,-7.68580436706543,0.32225132884427177,0.005954160000468832,0.005954160000468832,0.2733369743170804,0.8674245104193689,0.2711561202610794,0.8928190389027197,3,15,17,93
47923,3388872,relevance_random_3,encoder_self_attn,9,query_only,-8.332857131958008,-7.681928634643555,-8.293632507324219,-7.741883277893066,0.0602594982330913,0.09210634270410287,0.0602594982330913,0.2733369743170804,0.8674245104193689,0.2711561202610794,0.8928190389027197,3,15,17,93
47923,3388872,relevance_random_3,encoder_self_attn,9,both,-8.332857131958008,-7.681928634643555,-8.077781677246094,-7.7524261474609375,0.39186401542455623,0.10830300579592937,0.10830300579592937,0.2733369743170804,0.8674245104193689,0.2711561202610794,0.8928190389027197,3,15,17,93
47923,3388872,relevance_random_3,encoder_self_attn,10,doc_only,-8.332857131958008,-7.681928634643555,-8.043850898742676,-7.927181243896484,0.4439907522987394,0.37677350164384044,0.37677350164384044,0.27703590180775894,0.5370594362417858,0.2838507990695928,0.5671278834342957,3,15,17,93
47923,3388872,relevance_random_3,encoder_self_attn,10,query_only,-8.332857131958008,-7.681928634643555,-8.311788558959961,-7.703632354736328,0.0323669544119974,0.033342709963255335,0.0323669544119974,0.27703590180775894,0.5370594362417858,0.2838507990695928,0.5671278834342957,3,15,17,93
47923,3388872,relevance_random_3,encoder_self_attn,10,both,-8.332857131958008,-7.681928634643555,-8.022583961486816,-7.947177886962891,0.4766624471832018,0.4074936854257869,0.4074936854257869,0.27703590180775894,0.5370594362417858,0.2838507990695928,0.5671278834342957,3,15,17,93
47923,3388872,relevance_random_3,encoder_self_attn,11,doc_only,-8.332857131958008,-7.681928634643555,-8.251293182373047,-7.7777814865112305,0.12530400792325228,0.14725557762970518,0.12530400792325228,0.2577060771315065,0.2897544304529826,0.2613888394675757,0.30997075730313856,3,15,17,93
47923,3388872,relevance_random_3,encoder_self_attn,11,query_only,-8.332857131958008,-7.681928634643555,-8.21517276763916,-7.808080673217773,0.18079461078195233,0.19380321970029946,0.18079461078195233,0.2577060771315065,0.2897544304529826,0.2613888394675757,0.30997075730313856,3,15,17,93
47923,3388872,relevance_random_3,encoder_self_attn,11,both,-8.332857131958008,-7.681928634643555,-8.13139820098877,-7.901763916015625,0.30949471685507834,0.33772569841241934,0.30949471685507834,0.2577060771315065,0.2897544304529826,0.2613888394675757,0.30997075730313856,3,15,17,93
47923,3388872,relevance_random_3,decoder_cross_attn,0,doc_only,-8.332857131958008,-7.681928634643555,-8.302995681762695,-7.711780548095703,0.045875161893375996,0.045860510909122874,0.045860510909122874,,,,,3,15,17,93
47923,3388872,relevance_random_3,decoder_cross_attn,0,query_only,-8.332857131958008,-7.681928634643555,-8.333130836486816,-7.681741714477539,-0.00042048324806460497,-0.00028715929136119363,-0.00042048324806460497,,,,,3,15,17,93
47923,3388872,relevance_random_3,decoder_cross_attn,0,both,-8.332857131958008,-7.681928634643555,-8.303213119506836,-7.711550712585449,0.04554111945240481,0.04550742218862263,0.04550742218862263,,,,,3,15,17,93
47923,3388872,relevance_random_3,decoder_cross_attn,1,doc_only,-8.332857131958008,-7.681928634643555,-8.309234619140625,-7.702278137207031,0.0362904879949835,0.03126227019931199,0.03126227019931199,,,,,3,15,17,93
47923,3388872,relevance_random_3,decoder_cross_attn,1,query_only,-8.332857131958008,-7.681928634643555,-8.330080032348633,-7.684743881225586,0.004266366614509163,0.004324970551521651,0.004266366614509163,,,,,3,15,17,93
47923,3388872,relevance_random_3,decoder_cross_attn,1,both,-8.332857131958008,-7.681928634643555,-8.306535720825195,-7.7051849365234375,0.040436716538617065,0.03572789019966361,0.03572789019966361,,,,,3,15,17,93
47923,3388872,relevance_random_3,decoder_cross_attn,2,doc_only,-8.332857131958008,-7.681928634643555,-8.332001686096191,-7.682497978210449,0.0013141932875050547,0.0008746637599113909,0.0008746637599113909,,,,,3,15,17,93
47923,3388872,relevance_random_3,decoder_cross_attn,2,query_only,-8.332857131958008,-7.681928634643555,-8.331649780273438,-7.683326721191406,0.001854814606445261,0.0021478342915077033,0.001854814606445261,,,,,3,15,17,93
47923,3388872,relevance_random_3,decoder_cross_attn,2,both,-8.332857131958008,-7.681928634643555,-8.330801010131836,-7.683896064758301,0.00315875220497313,0.0030224980514190944,0.0030224980514190944,,,,,3,15,17,93
47923,3388872,relevance_random_3,decoder_cross_attn,3,doc_only,-8.332857131958008,-7.681928634643555,-8.328988075256348,-7.685176849365234,0.005943904311491646,0.004990125236613395,0.004990125236613395,,,,,3,15,17,93
47923,3388872,relevance_random_3,decoder_cross_attn,3,query_only,-8.332857131958008,-7.681928634643555,-8.32503604888916,-7.689793586730957,0.012015272185985455,0.012082666713549817,0.012015272185985455,,,,,3,15,17,93
47923,3388872,relevance_random_3,decoder_cross_attn,3,both,-8.332857131958008,-7.681928634643555,-8.321166038513184,-7.693058013916016,0.017960641595902414,0.01709769862339352,0.01709769862339352,,,,,3,15,17,93
47923,3388872,relevance_random_3,decoder_cross_attn,4,doc_only,-8.332857131958008,-7.681928634643555,-8.331398963928223,-7.683235168457031,0.0022401354923023728,0.002007184842677731,0.002007184842677731,,,,,3,15,17,93
47923,3388872,relevance_random_3,decoder_cross_attn,4,query_only,-8.332857131958008,-7.681928634643555,-8.316169738769531,-7.700159072875977,0.025636292246113093,0.028006821498268254,0.025636292246113093,,,,,3,15,17,93
47923,3388872,relevance_random_3,decoder_cross_attn,4,both,-8.332857131958008,-7.681928634643555,-8.31486988067627,-7.701752662658691,0.02763322139981364,0.030455000966964962,0.02763322139981364,,,,,3,15,17,93
47923,3388872,relevance_random_3,decoder_cross_attn,5,doc_only,-8.332857131958008,-7.681928634643555,-8.337223052978516,-7.677328109741211,-0.006707220591079309,-0.007067634803706113,-0.007067634803706113,,,,,3,15,17,93
47923,3388872,relevance_random_3,decoder_cross_attn,5,query_only,-8.332857131958008,-7.681928634643555,-8.333793640136719,-7.68238639831543,-0.0014387266536565926,0.000703247244149862,-0.0014387266536565926,,,,,3,15,17,93
47923,3388872,relevance_random_3,decoder_cross_attn,5,both,-8.332857131958008,-7.681928634643555,-8.338102340698242,-7.677960395812988,-0.008058041339217168,-0.006096274547724116,-0.008058041339217168,,,,,3,15,17,93
47923,3388872,relevance_random_3,decoder_cross_attn,6,doc_only,-8.332857131958008,-7.681928634643555,-8.33201789855957,-7.681399345397949,0.001289286614274747,-0.0008131296260482779,-0.0008131296260482779,,,,,3,15,17,93
47923,3388872,relevance_random_3,decoder_cross_attn,6,query_only,-8.332857131958008,-7.681928634643555,-8.32474136352539,-7.689385414123535,0.012467987599406928,0.01145560458751619,0.01145560458751619,,,,,3,15,17,93
47923,3388872,relevance_random_3,decoder_cross_attn,6,both,-8.332857131958008,-7.681928634643555,-8.324422836303711,-7.689207077026367,0.012957330473461207,0.011181631181982806,0.011181631181982806,,,,,3,15,17,93
47923,3388872,relevance_random_3,decoder_cross_attn,7,doc_only,-8.332857131958008,-7.681928634643555,-8.33161735534668,-7.682526588439941,0.0019046279529058763,0.0009186167126707572,0.0009186167126707572,,,,,3,15,17,93
47923,3388872,relevance_random_3,decoder_cross_attn,7,query_only,-8.332857131958008,-7.681928634643555,-8.310111999511719,-7.705148696899414,0.034942597443696266,0.03567221645950175,0.034942597443696266,,,,,3,15,17,93
47923,3388872,relevance_random_3,decoder_cross_attn,7,both,-8.332857131958008,-7.681928634643555,-8.309245109558105,-7.706151962280273,0.03627437191230507,0.037213500002930194,0.03627437191230507,,,,,3,15,17,93
47923,3388872,relevance_random_3,decoder_cross_attn,8,doc_only,-8.332857131958008,-7.681928634643555,-8.327954292297363,-7.688023567199707,0.007532071004530084,0.00936344403617035,0.007532071004530084,,,,,3,15,17,93
47923,3388872,relevance_random_3,decoder_cross_attn,8,query_only,-8.332857131958008,-7.681928634643555,-8.300569534301758,-7.717172622680664,0.049602372287370265,0.05414417740583812,0.049602372287370265,,,,,3,15,17,93
47923,3388872,relevance_random_3,decoder_cross_attn,8,both,-8.332857131958008,-7.681928634643555,-8.2962007522583,-7.72365665435791,0.05631398817372551,0.06410538159953585,0.05631398817372551,,,,,3,15,17,93
47923,3388872,relevance_random_3,decoder_cross_attn,9,doc_only,-8.332857131958008,-7.681928634643555,-8.280166625976562,-7.733570098876953,0.08094668799849974,0.0793350797306563,0.0793350797306563,,,,,3,15,17,93
47923,3388872,relevance_random_3,decoder_cross_attn,9,query_only,-8.332857131958008,-7.681928634643555,-8.290740966796875,-7.728019714355469,0.06470167665863792,0.07080820689533923,0.06470167665863792,,,,,3,15,17,93
47923,3388872,relevance_random_3,decoder_cross_attn,9,both,-8.332857131958008,-7.681928634643555,-8.237728118896484,-7.7796125411987305,0.1461435679248932,0.1500685666063046,0.1461435679248932,,,,,3,15,17,93
47923,3388872,relevance_random_3,decoder_cross_attn,10,doc_only,-8.332857131958008,-7.681928634643555,-8.334259033203125,-7.679847717285156,-0.0021536946852089523,-0.0031968447640312475,-0.0031968447640312475,,,,,3,15,17,93
47923,3388872,relevance_random_3,decoder_cross_attn,10,query_only,-8.332857131958008,-7.681928634643555,-8.332087516784668,-7.691376686096191,0.0011823344292269556,0.014514730099568088,0.0011823344292269556,,,,,3,15,17,93
47923,3388872,relevance_random_3,decoder_cross_attn,10,both,-8.332857131958008,-7.681928634643555,-8.334388732910156,-7.6901750564575195,-0.002352948071051413,0.012668706083674701,-0.002352948071051413,,,,,3,15,17,93
47923,3388872,relevance_random_3,decoder_cross_attn,11,doc_only,-8.332857131958008,-7.681928634643555,-8.265745162963867,-7.7445526123046875,0.10310190638607102,0.09620715319655175,0.09620715319655175,,,,,3,15,17,93
47923,3388872,relevance_random_3,decoder_cross_attn,11,query_only,-8.332857131958008,-7.681928634643555,-8.223377227783203,-7.7966508865356445,0.16819036902899137,0.1762440150729326,0.16819036902899137,,,,,3,15,17,93
47923,3388872,relevance_random_3,decoder_cross_attn,11,both,-8.332857131958008,-7.681928634643555,-8.156831741333008,-7.859803199768066,0.27042200695042695,0.27326283279710734,0.27042200695042695,,,,,3,15,17,93
451602,2076793,relevance_random_3,encoder_self_attn,0,doc_only,-9.736115455627441,-9.124163627624512,-9.893905639648438,-9.218769073486328,-0.2578473938642123,0.15459623050813648,-0.2578473938642123,0.42173206891332354,0.4125942913815379,0.42680816291129753,0.40385765489190817,3,11,13,86
451602,2076793,relevance_random_3,encoder_self_attn,0,query_only,-9.736115455627441,-9.124163627624512,-9.682270050048828,-9.211578369140625,0.08798961472888271,0.14284578869775807,0.08798961472888271,0.42173206891332354,0.4125942913815379,0.42680816291129753,0.40385765489190817,3,11,13,86
451602,2076793,relevance_random_3,encoder_self_attn,0,both,-9.736115455627441,-9.124163627624512,-9.841830253601074,-9.307985305786133,-0.17275019558096116,0.30038586331462197,-0.17275019558096116,0.42173206891332354,0.4125942913815379,0.42680816291129753,0.40385765489190817,3,11,13,86
451602,2076793,relevance_random_3,encoder_self_attn,1,doc_only,-9.736115455627441,-9.124163627624512,-9.690950393676758,-9.066302299499512,0.07380493019863545,-0.09455209622271607,-0.09455209622271607,0.24597346314362117,0.25875749182887375,0.2469866977979059,0.2554529579356313,3,11,13,86
451602,2076793,relevance_random_3,encoder_self_attn,1,query_only,-9.736115455627441,-9.124163627624512,-9.727676391601562,-9.15046215057373,0.013790405779845966,0.04297482537970758,0.013790405779845966,0.24597346314362117,0.25875749182887375,0.2469866977979059,0.2554529579356313,3,11,13,86
451602,2076793,relevance_random_3,encoder_self_attn,1,both,-9.736115455627441,-9.124163627624512,-9.678911209106445,-9.096864700317383,0.09347834895383667,-0.044609601700541394,-0.044609601700541394,0.24597346314362117,0.25875749182887375,0.2469866977979059,0.2554529579356313,3,11,13,86
451602,2076793,relevance_random_3,encoder_self_attn,2,doc_only,-9.736115455627441,-9.124163627624512,-9.625348091125488,-9.533208847045898,0.18100667312889018,0.6684271550528458,0.18100667312889018,0.29398060057844433,0.2863542437553406,0.29965010816103793,0.30071045737713575,3,11,13,86
451602,2076793,relevance_random_3,encoder_self_attn,2,query_only,-9.736115455627441,-9.124163627624512,-9.802011489868164,-9.065298080444336,-0.1076817344524824,-0.0961931061996827,-0.1076817344524824,0.29398060057844433,0.2863542437553406,0.29965010816103793,0.30071045737713575,3,11,13,86
451602,2076793,relevance_random_3,encoder_self_attn,2,both,-9.736115455627441,-9.124163627624512,-9.692283630371094,-9.477815628051758,0.07162626738021251,0.5779082343480687,0.07162626738021251,0.29398060057844433,0.2863542437553406,0.29965010816103793,0.30071045737713575,3,11,13,86
451602,2076793,relevance_random_3,encoder_self_attn,3,doc_only,-9.736115455627441,-9.124163627624512,-9.710603713989258,-8.89389419555664,0.04168913380231206,-0.3762868603879204,-0.3762868603879204,0.22545643533979143,0.439987001940608,0.23701610018129218,0.44403312262147665,3,11,13,86
451602,2076793,relevance_random_3,encoder_self_attn,3,query_only,-9.736115455627441,-9.124163627624512,-9.815495491027832,-9.064891815185547,-0.12971615046799173,-0.09685699057782876,-0.12971615046799173,0.22545643533979143,0.439987001940608,0.23701610018129218,0.44403312262147665,3,11,13,86
451602,2076793,relevance_random_3,encoder_self_attn,3,both,-9.736115455627441,-9.124163627624512,-9.781731605529785,-8.804827690124512,-0.07454206003634221,-0.5218318221911925,-0.5218318221911925,0.22545643533979143,0.439987001940608,0.23701610018129218,0.44403312262147665,3,11,13,86
451602,2076793,relevance_random_3,encoder_self_attn,4,doc_only,-9.736115455627441,-9.124163627624512,-9.765741348266602,-9.0828857421875,-0.048412131941565704,-0.067452834599285,-0.067452834599285,0.2320767479283469,0.41196914250031114,0.24581374575013984,0.42260633781552315,3,11,13,86
451602,2076793,relevance_random_3,encoder_self_attn,4,query_only,-9.736115455627441,-9.124163627624512,-9.806814193725586,-9.035106658935547,-0.11552990752371127,-0.14552937766293997,-0.14552937766293997,0.2320767479283469,0.41196914250031114,0.24581374575013984,0.42260633781552315,3,11,13,86
451602,2076793,relevance_random_3,encoder_self_attn,4,both,-9.736115455627441,-9.124163627624512,-9.838129997253418,-8.993412017822266,-0.16670354913211924,-0.2136632391947363,-0.2136632391947363,0.2320767479283469,0.41196914250031114,0.24581374575013984,0.42260633781552315,3,11,13,86
451602,2076793,relevance_random_3,encoder_self_attn,5,doc_only,-9.736115455627441,-9.124163627624512,-9.849077224731445,-8.924354553222656,-0.18459258381929877,-0.3265111161672989,-0.3265111161672989,0.16295016365391868,0.2883302019909024,0.17626266977558397,0.288543663918972,3,11,13,86
451602,2076793,relevance_random_3,encoder_self_attn,5,query_only,-9.736115455627441,-9.124163627624512,-9.800239562988281,-9.06427001953125,-0.10478620117878437,-0.09787307652747951,-0.10478620117878437,0.16295016365391868,0.2883302019909024,0.17626266977558397,0.288543663918972,3,11,13,86
451602,2076793,relevance_random_3,encoder_self_attn,5,both,-9.736115455627441,-9.124163627624512,-9.90353775024414,-8.858559608459473,-0.2735873755995998,-0.43402765873226135,-0.43402765873226135,0.16295016365391868,0.2883302019909024,0.17626266977558397,0.288543663918972,3,11,13,86
451602,2076793,relevance_random_3,encoder_self_attn,6,doc_only,-9.736115455627441,-9.124163627624512,-9.631131172180176,-9.341259002685547,0.17155645043152484,0.35475892893320327,0.17155645043152484,0.12618906434093202,0.21788186626508832,0.13401875042752043,0.21716123912483454,3,11,13,86
451602,2076793,relevance_random_3,encoder_self_attn,6,query_only,-9.736115455627441,-9.124163627624512,-9.803289413452148,-9.051477432250977,-0.10977000925697936,-0.118777642368914,-0.118777642368914,0.12618906434093202,0.21788186626508832,0.13401875042752043,0.21716123912483454,3,11,13,86
451602,2076793,relevance_random_3,encoder_self_attn,6,both,-9.736115455627441,-9.124163627624512,-9.700307846069336,-9.256914138793945,0.058513771704811444,0.2169296750083375,0.058513771704811444,0.12618906434093202,0.21788186626508832,0.13401875042752043,0.21716123912483454,3,11,13,86
451602,2076793,relevance_random_3,encoder_self_attn,7,doc_only,-9.736115455627441,-9.124163627624512,-9.65048885345459,-9.373128890991211,0.13992376238549553,0.4068380090949043,0.13992376238549553,0.18071508024420058,0.20078648929484189,0.18111570444825578,0.19615744706243277,3,11,13,86
451602,2076793,relevance_random_3,encoder_self_attn,7,query_only,-9.736115455627441,-9.124163627624512,-9.862220764160156,-8.993176460266113,-0.2060706460249533,-0.21404816746093835,-0.21404816746093835,0.18071508024420058,0.20078648929484189,0.18111570444825578,0.19615744706243277,3,11,13,86
451602,2076793,relevance_random_3,encoder_self_attn,7,both,-9.736115455627441,-9.124163627624512,-9.75403881072998,-9.235918998718262,-0.02928883334008646,0.18262119006729233,-0.02928883334008646,0.18071508024420058,0.20078648929484189,0.18111570444825578,0.19615744706243277,3,11,13,86
451602,2076793,relevance_random_3,encoder_self_attn,8,doc_only,-9.736115455627441,-9.124163627624512,-9.680827140808105,-9.896286010742188,0.09034749516112443,1.261737195291096,0.09034749516112443,0.10642085628850119,0.28392102057114244,0.11226521779413093,0.32250623451545835,3,11,13,86
451602,2076793,relevance_random_3,encoder_self_attn,8,query_only,-9.736115455627441,-9.124163627624512,-9.845968246459961,-8.995586395263672,-0.17951215407104498,-0.21011005519902506,-0.21011005519902506,0.10642085628850119,0.28392102057114244,0.11226521779413093,0.32250623451545835,3,11,13,86
451602,2076793,relevance_random_3,encoder_self_attn,8,both,-9.736115455627441,-9.124163627624512,-9.766427993774414,-9.789689064025879,-0.04953419004547452,1.0875454667294189,-0.04953419004547452,0.10642085628850119,0.28392102057114244,0.11226521779413093,0.32250623451545835,3,11,13,86
451602,2076793,relevance_random_3,encoder_self_attn,9,doc_only,-9.736115455627441,-9.124163627624512,-9.633334159851074,-9.38840389251709,0.1679565140148174,0.43179912666477577,0.1679565140148174,0.2296849991594042,0.8304805727675557,0.21826402373509865,0.8329090476036072,3,11,13,86
451602,2076793,relevance_random_3,encoder_self_attn,9,query_only,-9.736115455627441,-9.124163627624512,-9.548667907714844,-9.38442325592041,0.30631095346887377,0.4252943064901711,0.30631095346887377,0.2296849991594042,0.8304805727675557,0.21826402373509865,0.8329090476036072,3,11,13,86
451602,2076793,relevance_random_3,encoder_self_attn,9,both,-9.736115455627441,-9.124163627624512,-9.441478729248047,-9.63634967803955,0.4814704571451725,0.8369711911581822,0.4814704571451725,0.2296849991594042,0.8304805727675557,0.21826402373509865,0.8329090476036072,3,11,13,86
451602,2076793,relevance_random_3,encoder_self_attn,10,doc_only,-9.736115455627441,-9.124163627624512,-9.633346557617188,-9.296168327331543,0.1679362546323857,0.28107555502915793,0.1679362546323857,0.2269970042364938,0.33158701239153743,0.2272884629360617,0.34436653135344386,3,11,13,86
451602,2076793,relevance_random_3,encoder_self_attn,10,query_only,-9.736115455627441,-9.124163627624512,-9.612173080444336,-9.277721405029297,0.20253616299764057,0.250931152384841,0.20253616299764057,0.2269970042364938,0.33158701239153743,0.2272884629360617,0.34436653135344386,3,11,13,86
451602,2076793,relevance_random_3,encoder_self_attn,10,both,-9.736115455627441,-9.124163627624512,-9.514445304870605,-9.445121765136719,0.36223464105049574,0.524482684461677,0.36223464105049574,0.2269970042364938,0.33158701239153743,0.2272884629360617,0.34436653135344386,3,11,13,86
451602,2076793,relevance_random_3,encoder_self_attn,11,doc_only,-9.736115455627441,-9.124163627624512,-9.694843292236328,-9.165300369262695,0.06744348411508576,0.06722218932237041,0.06722218932237041,0.2592320156948907,0.20777022186666727,0.26121914182623773,0.20176552701741457,3,11,13,86
451602,2076793,relevance_random_3,encoder_self_attn,11,query_only,-9.736115455627441,-9.124163627624512,-9.445429801940918,-9.417205810546875,0.4750139478055972,0.4788647888816509,0.4750139478055972,0.2592320156948907,0.20777022186666727,0.26121914182623773,0.20176552701741457,3,11,13,86
451602,2076793,relevance_random_3,encoder_self_attn,11,both,-9.736115455627441,-9.124163627624512,-9.399772644042969,-9.4567289352417,0.5496230196453673,0.5434501416598356,0.5434501416598356,0.2592320156948907,0.20777022186666727,0.26121914182623773,0.20176552701741457,3,11,13,86
451602,2076793,relevance_random_3,decoder_cross_attn,0,doc_only,-9.736115455627441,-9.124163627624512,-9.743038177490234,-9.1182279586792,-0.011312527467047336,-0.009699568942678415,-0.011312527467047336,,,,,3,11,13,86
451602,2076793,relevance_random_3,decoder_cross_attn,0,query_only,-9.736115455627441,-9.124163627624512,-9.737298965454102,-9.122796058654785,-0.0019339918152094977,-0.002234765723618388,-0.002234765723618388,,,,,3,11,13,86
451602,2076793,relevance_random_3,decoder_cross_attn,0,both,-9.736115455627441,-9.124163627624512,-9.744353294372559,-9.117015838623047,-0.013461580418839356,-0.011680313178884114,-0.013461580418839356,,,,,3,11,13,86
451602,2076793,relevance_random_3,decoder_cross_attn,1,doc_only,-9.736115455627441,-9.124163627624512,-9.74072265625,-9.11825942993164,-0.007528698194421501,-0.009648141279582594,-0.009648141279582594,,,,,3,11,13,86
451602,2076793,relevance_random_3,decoder_cross_attn,1,query_only,-9.736115455627441,-9.124163627624512,-9.74220085144043,-9.117496490478516,-0.009944239945891865,-0.010894872506147943,-0.010894872506147943,,,,,3,11,13,86
451602,2076793,relevance_random_3,decoder_cross_attn,1,both,-9.736115455627441,-9.124163627624512,-9.746746063232422,-9.11202621459961,-0.017371641228154933,-0.019833935400621495,-0.019833935400621495,,,,,3,11,13,86
451602,2076793,relevance_random_3,decoder_cross_attn,2,doc_only,-9.736115455627441,-9.124163627624512,-9.740978240966797,-9.12092113494873,-0.007946353155320893,-0.005298607712902733,-0.007946353155320893,,,,,3,11,13,86
451602,2076793,relevance_random_3,decoder_cross_attn,2,query_only,-9.736115455627441,-9.124163627624512,-9.731704711914062,-9.12930679321289,0.0072076649035809235,0.008404526881083658,0.0072076649035809235,,,,,3,11,13,86
451602,2076793,relevance_random_3,decoder_cross_attn,2,both,-9.736115455627441,-9.124163627624512,-9.736490249633789,-9.12620735168457,-0.0006124567150502277,0.0033396812731619286,-0.0006124567150502277,,,,,3,11,13,86
451602,2076793,relevance_random_3,decoder_cross_attn,3,doc_only,-9.736115455627441,-9.124163627624512,-9.742862701416016,-9.116605758666992,-0.011025779284937306,-0.012350431213162988,-0.012350431213162988,,,,,3,11,13,86
451602,2076793,relevance_random_3,decoder_cross_attn,3,query_only,-9.736115455627441,-9.124163627624512,-9.737648010253906,-9.124011993408203,-0.0025043713513631448,-0.0002477878312798631,-0.0025043713513631448,,,,,3,11,13,86
451602,2076793,relevance_random_3,decoder_cross_attn,3,both,-9.736115455627441,-9.124163627624512,-9.744154930114746,-9.11645221710205,-0.013137430299932366,-0.012601335872509264,-0.013137430299932366,,,,,3,11,13,86
451602,2076793,relevance_random_3,decoder_cross_attn,4,doc_only,-9.736115455627441,-9.124163627624512,-9.73501968383789,-9.124261856079102,0.0017906177241544825,0.00016051664542028867,0.00016051664542028867,,,,,3,11,13,86
451602,2076793,relevance_random_3,decoder_cross_attn,4,query_only,-9.736115455627441,-9.124163627624512,-9.716266632080078,-9.142345428466797,0.03243527127313076,0.02971116354308547,0.02971116354308547,,,,,3,11,13,86
451602,2076793,relevance_random_3,decoder_cross_attn,4,both,-9.736115455627441,-9.124163627624512,-9.71563720703125,-9.142890930175781,0.033463824535047176,0.0306025763700797,0.0306025763700797,,,,,3,11,13,86
451602,2076793,relevance_random_3,decoder_cross_attn,5,doc_only,-9.736115455627441,-9.124163627624512,-9.742135047912598,-9.11711311340332,-0.009836709377600603,-0.011521354947497031,-0.011521354947497031,,,,,3,11,13,86
451602,2076793,relevance_random_3,decoder_cross_attn,5,query_only,-9.736115455627441,-9.124163627624512,-9.722424507141113,-9.134735107421875,0.022372591860715187,0.017275019558096117,0.017275019558096117,,,,,3,11,13,86
451602,2076793,relevance_random_3,decoder_cross_attn,5,both,-9.736115455627441,-9.124163627624512,-9.729562759399414,-9.128304481506348,0.010707862822163142,0.006766633732183431,0.006766633732183431,,,,,3,11,13,86
451602,2076793,relevance_random_3,decoder_cross_attn,6,doc_only,-9.736115455627441,-9.124163627624512,-9.73878288269043,-9.11822509765625,-0.004358884050879102,-0.009704244184778036,-0.009704244184778036,,,,,3,11,13,86
451602,2076793,relevance_random_3,decoder_cross_attn,6,query_only,-9.736115455627441,-9.124163627624512,-9.710609436035156,-9.148353576660156,0.041679783318112826,0.0395291719522876,0.0395291719522876,,,,,3,11,13,86
451602,2076793,relevance_random_3,decoder_cross_attn,6,both,-9.736115455627441,-9.124163627624512,-9.715206146240234,-9.144476890563965,0.03416822767805659,0.03319421890730242,0.03319421890730242,,,,,3,11,13,86
451602,2076793,relevance_random_3,decoder_cross_attn,7,doc_only,-9.736115455627441,-9.124163627624512,-9.73901653289795,-9.121152877807617,-0.00474069548901474,-0.004919913102833509,-0.004919913102833509,,,,,3,11,13,86
451602,2076793,relevance_random_3,decoder_cross_attn,7,query_only,-9.736115455627441,-9.124163627624512,-9.712034225463867,-9.14958381652832,0.03935151275250203,0.04153952605512422,0.03935151275250203,,,,,3,11,13,86
451602,2076793,relevance_random_3,decoder_cross_attn,7,both,-9.736115455627441,-9.124163627624512,-9.714386940002441,-9.146623611450195,0.03550690533258114,0.036702208896050664,0.03550690533258114,,,,,3,11,13,86
451602,2076793,relevance_random_3,decoder_cross_attn,8,doc_only,-9.736115455627441,-9.124163627624512,-9.723143577575684,-9.139925003051758,0.021197547679677346,0.025755908726806904,0.021197547679677346,,,,,3,11,13,86
451602,2076793,relevance_random_3,decoder_cross_attn,8,query_only,-9.736115455627441,-9.124163627624512,-9.704378128051758,-9.155616760253906,0.05186246061108531,0.051398053229189715,0.051398053229189715,,,,,3,11,13,86
451602,2076793,relevance_random_3,decoder_cross_attn,8,both,-9.736115455627441,-9.124163627624512,-9.689946174621582,-9.169857025146484,0.07544594017560209,0.07466829157303195,0.07466829157303195,,,,,3,11,13,86
451602,2076793,relevance_random_3,decoder_cross_attn,9,doc_only,-9.736115455627441,-9.124163627624512,-9.72800064086914,-9.137898445129395,0.013260545008555693,0.022444278906242694,0.013260545008555693,,,,,3,11,13,86
451602,2076793,relevance_random_3,decoder_cross_attn,9,query_only,-9.736115455627441,-9.124163627624512,-9.711373329162598,-9.166597366333008,0.040431493677514266,0.06934163240753151,0.040431493677514266,,,,,3,11,13,86
451602,2076793,relevance_random_3,decoder_cross_attn,9,both,-9.736115455627441,-9.124163627624512,-9.700878143310547,-9.178682327270508,0.05758184011295385,0.08908985503632663,0.05758184011295385,,,,,3,11,13,86
451602,2076793,relevance_random_3,decoder_cross_attn,10,doc_only,-9.736115455627441,-9.124163627624512,-9.727005958557129,-9.135740280151367,0.014885970845190267,0.018917587949095965,0.014885970845190267,,,,,3,11,13,86
451602,2076793,relevance_random_3,decoder_cross_attn,10,query_only,-9.736115455627441,-9.124163627624512,-9.73333740234375,-9.139784812927246,0.004539660078731077,0.02552682186392552,0.004539660078731077,,,,,3,11,13,86
451602,2076793,relevance_random_3,decoder_cross_attn,10,both,-9.736115455627441,-9.124163627624512,-9.723949432373047,-9.151463508605957,0.019880687821617695,0.0446111601145746,0.019880687821617695,,,,,3,11,13,86
451602,2076793,relevance_random_3,decoder_cross_attn,11,doc_only,-9.736115455627441,-9.124163627624512,-9.691692352294922,-9.172030448913574,0.07259248408080066,0.07821991715471,0.07259248408080066,,,,,3,11,13,86
451602,2076793,relevance_random_3,decoder_cross_attn,11,query_only,-9.736115455627441,-9.124163627624512,-9.549560546875,-9.313179016113281,0.3048522779337923,0.30887298613946557,0.3048522779337923,,,,,3,11,13,86
451602,2076793,relevance_random_3,decoder_cross_attn,11,both,-9.736115455627441,-9.124163627624512,-9.508172988891602,-9.364338874816895,0.3724843301468961,0.3924741069508383,0.3724843301468961,,,,,3,11,13,86
359349,8588957,relevance_random_3,encoder_self_attn,0,doc_only,-10.208003044128418,-9.650206565856934,-10.17779541015625,-9.746522903442383,0.05415529704629231,0.17267290371555774,0.05415529704629231,0.42654948193451453,0.33929907749680915,0.429265214865949,0.33412810853298974,3,20,22,141
359349,8588957,relevance_random_3,encoder_self_attn,0,query_only,-10.208003044128418,-9.650206565856934,-10.235644340515137,-9.647851943969727,-0.049554447658713065,-0.004221292135984079,-0.049554447658713065,0.42654948193451453,0.33929907749680915,0.429265214865949,0.33412810853298974,3,20,22,141
359349,8588957,relevance_random_3,encoder_self_attn,0,both,-10.208003044128418,-9.650206565856934,-10.197273254394531,-9.745790481567383,0.01923602989953701,0.1713598407911204,0.01923602989953701,0.42654948193451453,0.33929907749680915,0.429265214865949,0.33412810853298974,3,20,22,141
359349,8588957,relevance_random_3,encoder_self_attn,1,doc_only,-10.208003044128418,-9.650206565856934,-10.092734336853027,-9.771492004394531,0.20665011660272323,0.21743672336089398,0.20665011660272323,0.29121300603809025,0.25740569742286906,0.291845017746717,0.2528582535245839,3,20,22,141
359349,8588957,relevance_random_3,encoder_self_attn,1,query_only,-10.208003044128418,-9.650206565856934,-10.231084823608398,-9.672564506530762,-0.04138028901062076,0.040082613542329185,-0.04138028901062076,0.29121300603809025,0.25740569742286906,0.291845017746717,0.2528582535245839,3,20,22,141
359349,8588957,relevance_random_3,encoder_self_attn,1,both,-10.208003044128418,-9.650206565856934,-10.114384651184082,-9.79420280456543,0.16783611333374365,0.25815193232254846,0.16783611333374365,0.29121300603809025,0.25740569742286906,0.291845017746717,0.2528582535245839,3,20,22,141
359349,8588957,relevance_random_3,encoder_self_attn,2,doc_only,-10.208003044128418,-9.650206565856934,-10.08470344543457,-9.941603660583496,0.22104764640309665,0.5224075555829111,0.22104764640309665,0.3629902380293813,0.29170555051635294,0.3632013812786391,0.2905749759691603,3,20,22,141
359349,8588957,relevance_random_3,encoder_self_attn,2,query_only,-10.208003044128418,-9.650206565856934,-10.269877433776855,-9.57965087890625,-0.11092646163736211,-0.12649001867011345,-0.12649001867011345,0.3629902380293813,0.29170555051635294,0.3632013812786391,0.2905749759691603,3,20,22,141
359349,8588957,relevance_random_3,encoder_self_attn,2,both,-10.208003044128418,-9.650206565856934,-10.144905090332031,-9.870647430419922,0.11312002899680625,0.3951994556259959,0.11312002899680625,0.3629902380293813,0.29170555051635294,0.3632013812786391,0.2905749759691603,3,20,22,141
359349,8588957,relevance_random_3,encoder_self_attn,3,doc_only,-10.208003044128418,-9.650206565856934,-10.122867584228516,-9.79266357421875,0.1526281775096941,0.2553924485204106,0.1526281775096941,0.3097814917564392,0.33764028549194336,0.3138282206379065,0.33003821749897566,3,20,22,141
359349,8588957,relevance_random_3,encoder_self_attn,3,query_only,-10.208003044128418,-9.650206565856934,-10.220184326171875,-9.65880012512207,-0.021838219705518285,0.01540626303659479,-0.021838219705518285,0.3097814917564392,0.33764028549194336,0.3138282206379065,0.33003821749897566,3,20,22,141
359349,8588957,relevance_random_3,encoder_self_attn,3,both,-10.208003044128418,-9.650206565856934,-10.134298324584961,-9.80848503112793,0.13213550535825416,0.2837566593490764,0.13213550535825416,0.3097814917564392,0.33764028549194336,0.3138282206379065,0.33003821749897566,3,20,22,141
359349,8588957,relevance_random_3,encoder_self_attn,4,doc_only,-10.208003044128418,-9.650206565856934,-10.164531707763672,-9.74393081665039,0.07793404594352461,0.16802589195954123,0.07793404594352461,0.34209114467275553,0.4448350356782184,0.3488723370207458,0.44777653234846454,3,20,22,141
359349,8588957,relevance_random_3,encoder_self_attn,4,query_only,-10.208003044128418,-9.650206565856934,-10.168902397155762,-9.692972183227539,0.07009841133063882,0.07666885510487406,0.07009841133063882,0.34209114467275553,0.4448350356782184,0.3488723370207458,0.44777653234846454,3,20,22,141
359349,8588957,relevance_random_3,encoder_self_attn,4,both,-10.208003044128418,-9.650206565856934,-10.12248706817627,-9.790655136108398,0.15331035473215568,0.2517917837823051,0.15331035473215568,0.34209114467275553,0.4448350356782184,0.3488723370207458,0.44777653234846454,3,20,22,141
359349,8588957,relevance_random_3,encoder_self_attn,5,doc_only,-10.208003044128418,-9.650206565856934,-10.049524307250977,-9.798340797424316,0.28411569999247727,0.2655703959021495,0.2655703959021495,0.29851850250671647,0.3779147210366586,0.3099372018786038,0.37429191500825043,3,20,22,141
359349,8588957,relevance_random_3,encoder_self_attn,5,query_only,-10.208003044128418,-9.650206565856934,-10.20352554321289,-9.666125297546387,0.008027122956032908,0.028538601998317637,0.008027122956032908,0.29851850250671647,0.3779147210366586,0.3099372018786038,0.37429191500825043,3,20,22,141
359349,8588957,relevance_random_3,encoder_self_attn,5,both,-10.208003044128418,-9.650206565856934,-10.027104377746582,-9.792764663696289,0.32430944516252574,0.25557367855946056,0.25557367855946056,0.29851850250671647,0.3779147210366586,0.3099372018786038,0.37429191500825043,3,20,22,141
359349,8588957,relevance_random_3,encoder_self_attn,6,doc_only,-10.208003044128418,-9.650206565856934,-10.096593856811523,-9.83868408203125,0.19973089048918433,0.337896568939223,0.19973089048918433,0.24206906480008158,0.36906802741920247,0.2476529038252951,0.365106500685215,3,20,22,141
359349,8588957,relevance_random_3,encoder_self_attn,6,query_only,-10.208003044128418,-9.650206565856934,-10.193168640136719,-9.666107177734375,0.026594653371904555,0.02850611736867661,0.026594653371904555,0.24206906480008158,0.36906802741920247,0.2476529038252951,0.365106500685215,3,20,22,141
359349,8588957,relevance_random_3,encoder_self_attn,6,both,-10.208003044128418,-9.650206565856934,-10.076034545898438,-9.846315383911133,0.23658897711030413,0.35157772717014424,0.23658897711030413,0.24206906480008158,0.36906802741920247,0.2476529038252951,0.365106500685215,3,20,22,141
359349,8588957,relevance_random_3,encoder_self_attn,7,doc_only,-10.208003044128418,-9.650206565856934,-10.035659790039062,-9.941041946411133,0.30897157081991206,0.5214005320640391,0.30897157081991206,0.31616378909554976,0.3934286333182279,0.31991778301591633,0.4118451256962384,3,20,22,141
359349,8588957,relevance_random_3,encoder_self_attn,7,query_only,-10.208003044128418,-9.650206565856934,-10.185070037841797,-9.679510116577148,0.04111357310409443,0.05253448499893998,0.04111357310409443,0.31616378909554976,0.3934286333182279,0.31991778301591633,0.4118451256962384,3,20,22,141
359349,8588957,relevance_random_3,encoder_self_attn,7,both,-10.208003044128418,-9.650206565856934,-10.011820793151855,-9.961372375488281,0.35170937540605784,0.5578482865212723,0.35170937540605784,0.31616378909554976,0.3934286333182279,0.31991778301591633,0.4118451256962384,3,20,22,141
359349,8588957,relevance_random_3,encoder_self_attn,8,doc_only,-10.208003044128418,-9.650206565856934,-10.076536178588867,-9.594606399536133,0.23568966578445252,-0.09967823119481888,-0.09967823119481888,0.2081804278081861,0.4824804781990893,0.212896555787375,0.486602694453562,3,20,22,141
359349,8588957,relevance_random_3,encoder_self_attn,8,query_only,-10.208003044128418,-9.650206565856934,-10.168163299560547,-9.698295593261719,0.07142344227652285,0.0862124973499381,0.07142344227652285,0.2081804278081861,0.4824804781990893,0.212896555787375,0.486602694453562,3,20,22,141
359349,8588957,relevance_random_3,encoder_self_attn,8,both,-10.208003044128418,-9.650206565856934,-10.03018569946289,-9.638660430908203,0.3187853484062015,-0.020699547950732786,-0.020699547950732786,0.2081804278081861,0.4824804781990893,0.212896555787375,0.486602694453562,3,20,22,141
359349,8588957,relevance_random_3,encoder_self_attn,9,doc_only,-10.208003044128418,-9.650206565856934,-10.24880313873291,-9.575010299682617,-0.07314512764749731,-0.1348095032929156,-0.1348095032929156,0.3067774418099173,0.8685524928219178,0.31056190739158823,0.9016307070851326,3,20,22,141
359349,8588957,relevance_random_3,encoder_self_attn,9,query_only,-10.208003044128418,-9.650206565856934,-9.902441024780273,-9.964975357055664,0.547801987375447,0.5643075986677882,0.547801987375447,0.3067774418099173,0.8685524928219178,0.31056190739158823,0.9016307070851326,3,20,22,141
359349,8588957,relevance_random_3,encoder_self_attn,9,both,-10.208003044128418,-9.650206565856934,-9.950217247009277,-9.897560119628906,0.4621502773161541,0.44344767922966977,0.44344767922966977,0.3067774418099173,0.8685524928219178,0.31056190739158823,0.9016307070851326,3,20,22,141
359349,8588957,relevance_random_3,encoder_self_attn,10,doc_only,-10.208003044128418,-9.650206565856934,-10.11617660522461,-9.734628677368164,0.16462355443398097,0.15134930893224732,0.15134930893224732,0.2952669393913499,0.46440547047292485,0.2947259512769074,0.4822973085238653,3,20,22,141
359349,8588957,relevance_random_3,encoder_self_attn,10,query_only,-10.208003044128418,-9.650206565856934,-10.035508155822754,-9.82754898071289,0.30924341587848697,0.3179339091661367,0.30924341587848697,0.2952669393913499,0.46440547047292485,0.2947259512769074,0.4822973085238653,3,20,22,141
359349,8588957,relevance_random_3,encoder_self_attn,10,both,-10.208003044128418,-9.650206565856934,-9.942925453186035,-9.910987854003906,0.47522277617064346,0.4675204995110208,0.4675204995110208,0.2952669393913499,0.46440547047292485,0.2947259512769074,0.4822973085238653,3,20,22,141
359349,8588957,relevance_random_3,encoder_self_attn,11,doc_only,-10.208003044128418,-9.650206565856934,-10.198514938354492,-9.672147750854492,0.017009977910451845,0.03933546706058554,0.017009977910451845,0.3194692910745226,0.4411312880761483,0.3202932309202787,0.4535721439649077,3,20,22,141
359349,8588957,relevance_random_3,encoder_self_attn,11,query_only,-10.208003044128418,-9.650206565856934,-9.860437393188477,-9.99953842163086,0.6231047783180484,0.6262711748493739,0.6231047783180484,0.3194692910745226,0.4411312880761483,0.3202932309202787,0.4535721439649077,3,20,22,141
359349,8588957,relevance_random_3,encoder_self_attn,11,both,-10.208003044128418,-9.650206565856934,-9.848700523376465,-10.019230842590332,0.6441462697386868,0.661575128399773,0.6441462697386868,0.3194692910745226,0.4411312880761483,0.3202932309202787,0.4535721439649077,3,20,22,141
359349,8588957,relevance_random_3,decoder_cross_attn,0,doc_only,-10.208003044128418,-9.650206565856934,-10.202073097229004,-9.655624389648438,0.010631022479363712,0.009712904262667296,0.009712904262667296,,,,,3,20,22,141
359349,8588957,relevance_random_3,decoder_cross_attn,0,query_only,-10.208003044128418,-9.650206565856934,-10.207944869995117,-9.650312423706055,0.00010429275832119434,0.00018977862579758314,0.00010429275832119434,,,,,3,20,22,141
359349,8588957,relevance_random_3,decoder_cross_attn,0,both,-10.208003044128418,-9.650206565856934,-10.202001571655273,-9.655702590942383,0.010759251280578294,0.009853101085328574,0.009853101085328574,,,,,3,20,22,141
359349,8588957,relevance_random_3,decoder_cross_attn,1,doc_only,-10.208003044128418,-9.650206565856934,-10.193785667419434,-9.664457321166992,0.025488466246760086,0.025548306353993556,0.025488466246760086,,,,,3,20,22,141
359349,8588957,relevance_random_3,decoder_cross_attn,1,query_only,-10.208003044128418,-9.650206565856934,-10.204050064086914,-9.654411315917969,0.007086778413792631,0.007538143794067965,0.007086778413792631,,,,,3,20,22,141
359349,8588957,relevance_random_3,decoder_cross_attn,1,both,-10.208003044128418,-9.650206565856934,-10.189691543579102,-9.668612480163574,0.03282828282828283,0.03299754484588608,0.03282828282828283,,,,,3,20,22,141
359349,8588957,relevance_random_3,decoder_cross_attn,2,doc_only,-10.208003044128418,-9.650206565856934,-10.20773983001709,-9.65003490447998,0.0004718819884696662,-0.0003077491229149997,-0.0003077491229149997,,,,,3,20,22,141
359349,8588957,relevance_random_3,decoder_cross_attn,2,query_only,-10.208003044128418,-9.650206565856934,-10.201780319213867,-9.656110763549805,0.01115590570566874,0.010584860110926462,0.010584860110926462,,,,,3,20,22,141
359349,8588957,relevance_random_3,decoder_cross_attn,2,both,-10.208003044128418,-9.650206565856934,-10.201676368713379,-9.656097412109375,0.011342264896767266,0.010560924068033073,0.010560924068033073,,,,,3,20,22,141
359349,8588957,relevance_random_3,decoder_cross_attn,3,doc_only,-10.208003044128418,-9.650206565856934,-10.207589149475098,-9.650520324707031,0.0007420173296950548,0.0005624970079946383,0.0005624970079946383,,,,,3,20,22,141
359349,8588957,relevance_random_3,decoder_cross_attn,3,query_only,-10.208003044128418,-9.650206565856934,-10.194940567016602,-9.663301467895508,0.023417998536481948,0.023476128926365893,0.023417998536481948,,,,,3,20,22,141
359349,8588957,relevance_random_3,decoder_cross_attn,3,both,-10.208003044128418,-9.650206565856934,-10.194570541381836,-9.663642883300781,0.024081368868098727,0.02408820773749684,0.024081368868098727,,,,,3,20,22,141
359349,8588957,relevance_random_3,decoder_cross_attn,4,doc_only,-10.208003044128418,-9.650206565856934,-10.208574295043945,-9.649389266967773,-0.001024120692367138,-0.0014652277685453042,-0.0014652277685453042,,,,,3,20,22,141
359349,8588957,relevance_random_3,decoder_cross_attn,4,query_only,-10.208003044128418,-9.650206565856934,-10.189268112182617,-9.669929504394531,0.03358739733147316,0.035358664505583934,0.03358739733147316,,,,,3,20,22,141
359349,8588957,relevance_random_3,decoder_cross_attn,4,both,-10.208003044128418,-9.650206565856934,-10.190099716186523,-9.669291496276855,0.03209652380268494,0.03421486359874985,0.03209652380268494,,,,,3,20,22,141
359349,8588957,relevance_random_3,decoder_cross_attn,5,doc_only,-10.208003044128418,-9.650206565856934,-10.207807540893555,-9.650348663330078,0.0003504920566531941,0.00025474788507963864,0.00025474788507963864,,,,,3,20,22,141
359349,8588957,relevance_random_3,decoder_cross_attn,5,query_only,-10.208003044128418,-9.650206565856934,-10.192981719970703,-9.665827751159668,0.026929757972412,0.028005170185264973,0.026929757972412,,,,,3,20,22,141
359349,8588957,relevance_random_3,decoder_cross_attn,5,both,-10.208003044128418,-9.650206565856934,-10.192461013793945,-9.66583251953125,0.027863263645254165,0.02801371877201261,0.027863263645254165,,,,,3,20,22,141
359349,8588957,relevance_random_3,decoder_cross_attn,6,doc_only,-10.208003044128418,-9.650206565856934,-10.207353591918945,-9.65061092376709,0.0011643175150284155,0.0007249201561997771,0.0007249201561997771,,,,,3,20,22,141
359349,8588957,relevance_random_3,decoder_cross_attn,6,query_only,-10.208003044128418,-9.650206565856934,-10.165775299072266,-9.6937255859375,0.0757045745197404,0.078019531811001,0.0757045745197404,,,,,3,20,22,141
359349,8588957,relevance_random_3,decoder_cross_attn,6,both,-10.208003044128418,-9.650206565856934,-10.165166854858398,-9.694384574890137,0.07679537418873912,0.0792009464995247,0.07679537418873912,,,,,3,20,22,141
359349,8588957,relevance_random_3,decoder_cross_attn,7,doc_only,-10.208003044128418,-9.650206565856934,-10.208641052246094,-9.649750709533691,-0.0011438009068340822,-0.0008172448930742769,-0.0011438009068340822,,,,,3,20,22,141
359349,8588957,relevance_random_3,decoder_cross_attn,7,query_only,-10.208003044128418,-9.650206565856934,-10.173794746398926,-9.685163497924805,0.06132756132756133,0.06266968944694064,0.06132756132756133,,,,,3,20,22,141
359349,8588957,relevance_random_3,decoder_cross_attn,7,both,-10.208003044128418,-9.650206565856934,-10.174471855163574,-9.684825897216797,0.06011366200939661,0.0620644495052078,0.06011366200939661,,,,,3,20,22,141
359349,8588957,relevance_random_3,decoder_cross_attn,8,doc_only,-10.208003044128418,-9.650206565856934,-10.204980850219727,-9.65318775177002,0.005418094280653522,0.005344576434623828,0.005344576434623828,,,,,3,20,22,141
359349,8588957,relevance_random_3,decoder_cross_attn,8,query_only,-10.208003044128418,-9.650206565856934,-10.116220474243164,-9.74280834197998,0.1645449074359027,0.16601355463914705,0.1645449074359027,,,,,3,20,22,141
359349,8588957,relevance_random_3,decoder_cross_attn,8,both,-10.208003044128418,-9.650206565856934,-10.113433837890625,-9.74597454071045,0.16954070153122286,0.17168981623957927,0.16954070153122286,,,,,3,20,22,141
359349,8588957,relevance_random_3,decoder_cross_attn,9,doc_only,-10.208003044128418,-9.650206565856934,-10.203137397766113,-9.654899597167969,0.008722977917290714,0.008413519077026185,0.008413519077026185,,,,,3,20,22,141
359349,8588957,relevance_random_3,decoder_cross_attn,9,query_only,-10.208003044128418,-9.650206565856934,-10.165297508239746,-9.699289321899414,0.07656114291185381,0.08799402282814606,0.07656114291185381,,,,,3,20,22,141
359349,8588957,relevance_random_3,decoder_cross_attn,9,both,-10.208003044128418,-9.650206565856934,-10.160073280334473,-9.703536987304688,0.08592697455256697,0.09560910390294276,0.08592697455256697,,,,,3,20,22,141
359349,8588957,relevance_random_3,decoder_cross_attn,10,doc_only,-10.208003044128418,-9.650206565856934,-10.209917068481445,-9.647990226745605,-0.0034314027205022465,-0.003973383120302551,-0.003973383120302551,,,,,3,20,22,141
359349,8588957,relevance_random_3,decoder_cross_attn,10,query_only,-10.208003044128418,-9.650206565856934,-10.20677661895752,-9.657824516296387,0.00219869651149272,0.013657222188027875,0.00219869651149272,,,,,3,20,22,141
359349,8588957,relevance_random_3,decoder_cross_attn,10,both,-10.208003044128418,-9.650206565856934,-10.208891868591309,-9.655847549438477,-0.0015934565697598873,0.010112978122456795,-0.0015934565697598873,,,,,3,20,22,141
359349,8588957,relevance_random_3,decoder_cross_attn,11,doc_only,-10.208003044128418,-9.650206565856934,-10.18681526184082,-9.674728393554688,0.0379847903544586,0.04396196220840771,0.0379847903544586,,,,,3,20,22,141
359349,8588957,relevance_random_3,decoder_cross_attn,11,query_only,-10.208003044128418,-9.650206565856934,-10.004032135009766,-9.858657836914062,0.3656726369996512,0.3737048891077327,0.3656726369996512,,,,,3,20,22,141
359349,8588957,relevance_random_3,decoder_cross_attn,11,both,-10.208003044128418,-9.650206565856934,-9.981038093566895,-9.88158130645752,0.40689563201411544,0.41480136503833187,0.40689563201411544,,,,,3,20,22,141
1121709,4094993,relevance_random_3,encoder_self_attn,0,doc_only,-13.883660316467285,-13.395066261291504,-13.753227233886719,-13.474334716796875,0.2669559344794741,0.16223786324385941,0.16223786324385941,0.3938251222882952,0.4220844086791788,0.4053977664672967,0.40776436988796505,3,10,12,78
1121709,4094993,relevance_random_3,encoder_self_attn,0,query_only,-13.883660316467285,-13.395066261291504,-13.879701614379883,-13.397336959838867,0.008102231383020252,0.0046474133758061245,0.0046474133758061245,0.3938251222882952,0.4220844086791788,0.4053977664672967,0.40776436988796505,3,10,12,78
1121709,4094993,relevance_random_3,encoder_self_attn,0,both,-13.883660316467285,-13.395066261291504,-13.763649940490723,-13.463384628295898,0.2456238971908621,0.13982643931231556,0.13982643931231556,0.3938251222882952,0.4220844086791788,0.4053977664672967,0.40776436988796505,3,10,12,78
1121709,4094993,relevance_random_3,encoder_self_attn,1,doc_only,-13.883660316467285,-13.395066261291504,-13.837270736694336,-13.416614532470703,0.09494503521181744,0.044102606142939677,0.044102606142939677,0.20664773124551014,0.3037668224424124,0.20128391005776144,0.3054955367531095,3,10,12,78
1121709,4094993,relevance_random_3,encoder_self_attn,1,query_only,-13.883660316467285,-13.395066261291504,-13.858854293823242,-13.426666259765625,0.05077020970940491,0.0646753642197967,0.05077020970940491,0.20664773124551014,0.3037668224424124,0.20128391005776144,0.3054955367531095,3,10,12,78
1121709,4094993,relevance_random_3,encoder_self_attn,1,both,-13.883660316467285,-13.395066261291504,-13.81558609008789,-13.4456787109375,0.13932675941974673,0.10358793585359378,0.10358793585359378,0.20664773124551014,0.3037668224424124,0.20128391005776144,0.3054955367531095,3,10,12,78
1121709,4094993,relevance_random_3,encoder_self_attn,2,doc_only,-13.883660316467285,-13.395066261291504,-13.797099113464355,-13.568011283874512,0.17716384815977265,0.35396464764760077,0.17716384815977265,0.25176807031745,0.3840701968542167,0.25522271566318744,0.39786845871380394,3,10,12,78
1121709,4094993,relevance_random_3,encoder_self_attn,2,query_only,-13.883660316467285,-13.395066261291504,-13.85789966583252,-13.423763275146484,0.05272403616433222,0.05873385799722053,0.05272403616433222,0.25176807031745,0.3840701968542167,0.25522271566318744,0.39786845871380394,3,10,12,78
1121709,4094993,relevance_random_3,encoder_self_attn,2,both,-13.883660316467285,-13.395066261291504,-13.767723083496094,-13.591252326965332,0.23728744085820022,0.4015318311706563,0.23728744085820022,0.25176807031745,0.3840701968542167,0.25522271566318744,0.39786845871380394,3,10,12,78
1121709,4094993,relevance_random_3,encoder_self_attn,3,doc_only,-13.883660316467285,-13.395066261291504,-13.809280395507812,-13.430068969726562,0.15223255414500086,0.07163965272247466,0.07163965272247466,0.22083718932810284,0.3443760483392647,0.22971650461355844,0.35323943410600933,3,10,12,78
1121709,4094993,relevance_random_3,encoder_self_attn,3,query_only,-13.883660316467285,-13.395066261291504,-13.840076446533203,-13.446036338806152,0.08920262019643665,0.10431988882122391,0.08920262019643665,0.22083718932810284,0.3443760483392647,0.22971650461355844,0.35323943410600933,3,10,12,78
1121709,4094993,relevance_random_3,encoder_self_attn,3,both,-13.883660316467285,-13.395066261291504,-13.766219139099121,-13.480751991271973,0.2403655470714074,0.17537202729501414,0.17537202729501414,0.22083718932810284,0.3443760483392647,0.22971650461355844,0.35323943410600933,3,10,12,78
1121709,4094993,relevance_random_3,encoder_self_attn,4,doc_only,-13.883660316467285,-13.395066261291504,-13.88364315032959,-13.290352821350098,3.5133742446245377e-05,-0.21431582892209677,-0.21431582892209677,0.2581843632081198,0.5725897593157632,0.2713290163964936,0.5897571093269757,3,10,12,78
1121709,4094993,relevance_random_3,encoder_self_attn,4,query_only,-13.883660316467285,-13.395066261291504,-13.770724296569824,-13.520952224731445,0.23114489155384832,0.25764939648037977,0.23114489155384832,0.2581843632081198,0.5725897593157632,0.2713290163964936,0.5897571093269757,3,10,12,78
1121709,4094993,relevance_random_3,encoder_self_attn,4,both,-13.883660316467285,-13.395066261291504,-13.78365707397461,-13.43392562866211,0.2046755203697631,0.0795330335253978,0.0795330335253978,0.2581843632081198,0.5725897593157632,0.2713290163964936,0.5897571093269757,3,10,12,78
1121709,4094993,relevance_random_3,encoder_self_attn,5,doc_only,-13.883660316467285,-13.395066261291504,-13.914885520935059,-13.29502010345459,-0.06390827750972033,-0.20476335472587873,-0.20476335472587873,0.16234937097345079,0.3384213921214853,0.17947245095715378,0.33582980558276176,3,10,12,78
1121709,4094993,relevance_random_3,encoder_self_attn,5,query_only,-13.883660316467285,-13.395066261291504,-13.759454727172852,-13.56088638305664,0.2542101934698084,0.3393821926578286,0.2542101934698084,0.16234937097345079,0.3384213921214853,0.17947245095715378,0.33582980558276176,3,10,12,78
1121709,4094993,relevance_random_3,encoder_self_attn,5,both,-13.883660316467285,-13.395066261291504,-13.801203727722168,-13.483545303344727,0.16876297996595932,0.1810890679408504,0.16876297996595932,0.16234937097345079,0.3384213921214853,0.17947245095715378,0.33582980558276176,3,10,12,78
1121709,4094993,relevance_random_3,encoder_self_attn,6,doc_only,-13.883660316467285,-13.395066261291504,-13.914151191711426,-13.515039443969727,-0.062405334082853176,0.24554777408222858,-0.062405334082853176,0.1351020070058959,0.24915536333407676,0.1532717313278805,0.2765967984284673,3,10,12,78
1121709,4094993,relevance_random_3,encoder_self_attn,6,query_only,-13.883660316467285,-13.395066261291504,-13.811267852783203,-13.491406440734863,0.14816484751955777,0.19717837010665043,0.14816484751955777,0.1351020070058959,0.24915536333407676,0.1532717313278805,0.2765967984284673,3,10,12,78
1121709,4094993,relevance_random_3,encoder_self_attn,6,both,-13.883660316467285,-13.395066261291504,-13.852363586425781,-13.61241340637207,0.06405466810324635,0.4448419762339751,0.06405466810324635,0.1351020070058959,0.24915536333407676,0.1532717313278805,0.2765967984284673,3,10,12,78
1121709,4094993,relevance_random_3,encoder_self_attn,7,doc_only,-13.883660316467285,-13.395066261291504,-13.949426651000977,-13.357982635498047,-0.13460322293530708,-0.07589864305679174,-0.13460322293530708,0.2120550213352082,0.3377029688230583,0.227378482168371,0.33096454611846376,3,10,12,78
1121709,4094993,relevance_random_3,encoder_self_attn,7,query_only,-13.883660316467285,-13.395066261291504,-13.84998607635498,-13.430152893066406,0.06892069143205135,0.07181141768554519,0.06892069143205135,0.2120550213352082,0.3377029688230583,0.227378482168371,0.33096454611846376,3,10,12,78
1121709,4094993,relevance_random_3,encoder_self_attn,7,both,-13.883660316467285,-13.395066261291504,-13.925176620483398,-13.406013488769531,-0.08497095610624444,0.022405568307802815,-0.08497095610624444,0.2120550213352082,0.3377029688230583,0.227378482168371,0.33096454611846376,3,10,12,78
1121709,4094993,relevance_random_3,encoder_self_attn,8,doc_only,-13.883660316467285,-13.395066261291504,-13.746740341186523,-13.635995864868164,0.2802325853749941,0.4931079308567949,0.2802325853749941,0.15879393428091018,0.4130456362451826,0.16228097767540903,0.43075563758611674,3,10,12,78
1121709,4094993,relevance_random_3,encoder_self_attn,8,query_only,-13.883660316467285,-13.395066261291504,-13.895172119140625,-13.390487670898438,-0.023561078059368218,-0.00937094986024578,-0.023561078059368218,0.15879393428091018,0.4130456362451826,0.16228097767540903,0.43075563758611674,3,10,12,78
1121709,4094993,relevance_random_3,encoder_self_attn,8,both,-13.883660316467285,-13.395066261291504,-13.754977226257324,-13.625931739807129,0.2633742446245374,0.47250979841039337,0.2633742446245374,0.15879393428091018,0.4130456362451826,0.16228097767540903,0.43075563758611674,3,10,12,78
1121709,4094993,relevance_random_3,encoder_self_attn,9,doc_only,-13.883660316467285,-13.395066261291504,-13.871530532836914,-13.351625442504883,0.02482589278743305,-0.08890983900938461,-0.08890983900938461,0.23594848196657875,1.0781249957425254,0.2408481922113534,1.2052579798868723,3,10,12,78
1121709,4094993,relevance_random_3,encoder_self_attn,9,query_only,-13.883660316467285,-13.395066261291504,-13.766725540161133,-13.554141998291016,0.23932910166924315,0.32557853562561484,0.23932910166924315,0.23594848196657875,1.0781249957425254,0.2408481922113534,1.2052579798868723,3,10,12,78
1121709,4094993,relevance_random_3,encoder_self_attn,9,both,-13.883660316467285,-13.395066261291504,-13.756553649902344,-13.519502639770508,0.26014779594322385,0.2546825471182524,0.2546825471182524,0.23594848196657875,1.0781249957425254,0.2408481922113534,1.2052579798868723,3,10,12,78
1121709,4094993,relevance_random_3,encoder_self_attn,10,doc_only,-13.883660316467285,-13.395066261291504,-13.776008605957031,-13.514126777648926,0.2203295545041458,0.24367983010883654,0.2203295545041458,0.27222910144972423,0.5987162685820034,0.27159120548855176,0.6612788694245474,3,10,12,78
1121709,4094993,relevance_random_3,encoder_self_attn,10,query_only,-13.883660316467285,-13.395066261291504,-13.720172882080078,-13.589079856872559,0.3346079074342999,0.3970854608766259,0.3346079074342999,0.27222910144972423,0.5987162685820034,0.27159120548855176,0.6612788694245474,3,10,12,78
1121709,4094993,relevance_random_3,encoder_self_attn,10,both,-13.883660316467285,-13.395066261291504,-13.615123748779297,-13.702513694763184,0.5496107962086788,0.6292492309614154,0.5496107962086788,0.27222910144972423,0.5987162685820034,0.27159120548855176,0.6612788694245474,3,10,12,78
1121709,4094993,relevance_random_3,encoder_self_attn,11,doc_only,-13.883660316467285,-13.395066261291504,-13.874059677124023,-13.403864860534668,0.0196495214003529,0.0180079948782811,0.0180079948782811,0.24463991276801578,0.5532251234565463,0.234966877283472,0.5790509070668901,3,10,12,78
1121709,4094993,relevance_random_3,encoder_self_attn,11,query_only,-13.883660316467285,-13.395066261291504,-13.592878341674805,-13.681207656860352,0.5951402226698521,0.5856424009618838,0.5856424009618838,0.24463991276801578,0.5532251234565463,0.234966877283472,0.5790509070668901,3,10,12,78
1121709,4094993,relevance_random_3,encoder_self_attn,11,both,-13.883660316467285,-13.395066261291504,-13.58321762084961,-13.690485000610352,0.6149127121687669,0.604630236879499,0.604630236879499,0.24463991276801578,0.5532251234565463,0.234966877283472,0.5790509070668901,3,10,12,78
1121709,4094993,relevance_random_3,decoder_cross_attn,0,doc_only,-13.883660316467285,-13.395066261291504,-13.88121223449707,-13.39775276184082,0.00501046204775066,0.005498430692837401,0.00501046204775066,,,,,3,10,12,78
1121709,4094993,relevance_random_3,decoder_cross_attn,0,query_only,-13.883660316467285,-13.395066261291504,-13.885629653930664,-13.392800331115723,-0.0040306210084164835,-0.004637654002904389,-0.004637654002904389,,,,,3,10,12,78
1121709,4094993,relevance_random_3,decoder_cross_attn,0,both,-13.883660316467285,-13.395066261291504,-13.883176803588867,-13.395405769348145,0.0009896004122359114,0.0006948673506035196,0.0006948673506035196,,,,,3,10,12,78
1121709,4094993,relevance_random_3,decoder_cross_attn,1,doc_only,-13.883660316467285,-13.395066261291504,-13.881193161010742,-13.39865779876709,0.005049499539357599,0.007350759669586671,0.005049499539357599,,,,,3,10,12,78
1121709,4094993,relevance_random_3,decoder_cross_attn,1,query_only,-13.883660316467285,-13.395066261291504,-13.887615203857422,-13.390776634216309,-0.008094423884698864,-0.00877953186240065,-0.00877953186240065,,,,,3,10,12,78
1121709,4094993,relevance_random_3,decoder_cross_attn,1,both,-13.883660316467285,-13.395066261291504,-13.884815216064453,-13.394442558288574,-0.0023637201168001747,-0.0012765259755469153,-0.0023637201168001747,,,,,3,10,12,78
1121709,4094993,relevance_random_3,decoder_cross_attn,2,doc_only,-13.883660316467285,-13.395066261291504,-13.88345718383789,-13.394872665405273,0.0004157492856139036,-0.00039623053981043395,-0.00039623053981043395,,,,,3,10,12,78
1121709,4094993,relevance_random_3,decoder_cross_attn,2,query_only,-13.883660316467285,-13.395066261291504,-13.876291275024414,-13.4039306640625,0.015082134882341001,0.018142674224325042,0.015082134882341001,,,,,3,10,12,78
1121709,4094993,relevance_random_3,decoder_cross_attn,2,both,-13.883660316467285,-13.395066261291504,-13.876054763793945,-13.403709411621094,0.015566199778267047,0.017689839321684546,0.015566199778267047,,,,,3,10,12,78
1121709,4094993,relevance_random_3,decoder_cross_attn,3,doc_only,-13.883660316467285,-13.395066261291504,-13.884317398071289,-13.393383026123047,-0.001344841585859059,-0.003445058634312394,-0.003445058634312394,,,,,3,10,12,78
1121709,4094993,relevance_random_3,decoder_cross_attn,3,query_only,-13.883660316467285,-13.395066261291504,-13.878018379211426,-13.398948669433594,0.011547290017332646,0.007946081416592496,0.007946081416592496,,,,,3,10,12,78
1121709,4094993,relevance_random_3,decoder_cross_attn,3,both,-13.883660316467285,-13.395066261291504,-13.878812789916992,-13.397380828857422,0.009921378491903624,0.004737199606502085,0.004737199606502085,,,,,3,10,12,78
1121709,4094993,relevance_random_3,decoder_cross_attn,4,doc_only,-13.883660316467285,-13.395066261291504,-13.883914947509766,-13.39472770690918,-0.0005211505129526397,-0.0006929154760231727,-0.0006929154760231727,,,,,3,10,12,78
1121709,4094993,relevance_random_3,decoder_cross_attn,4,query_only,-13.883660316467285,-13.395066261291504,-13.874734878540039,-13.403268814086914,0.01826759419746725,0.016788073265564248,0.016788073265564248,,,,,3,10,12,78
1121709,4094993,relevance_random_3,decoder_cross_attn,4,both,-13.883660316467285,-13.395066261291504,-13.875045776367188,-13.402958869934082,0.017631283084274137,0.016153714026951486,0.016153714026951486,,,,,3,10,12,78
1121709,4094993,relevance_random_3,decoder_cross_attn,5,doc_only,-13.883660316467285,-13.395066261291504,-13.882354736328125,-13.396108627319336,0.002672116300494995,0.002133398916319233,0.002133398916319233,,,,,3,10,12,78
1121709,4094993,relevance_random_3,decoder_cross_attn,5,query_only,-13.883660316467285,-13.395066261291504,-13.865629196166992,-13.413576126098633,0.036904092690620074,0.03788393372995425,0.036904092690620074,,,,,3,10,12,78
1121709,4094993,relevance_random_3,decoder_cross_attn,5,both,-13.883660316467285,-13.395066261291504,-13.864301681518555,-13.414680480957031,0.039621102106463045,0.040144204493996034,0.039621102106463045,,,,,3,10,12,78
1121709,4094993,relevance_random_3,decoder_cross_attn,6,doc_only,-13.883660316467285,-13.395066261291504,-13.88236141204834,-13.396531105041504,0.0026584531784325668,0.0029980793554129385,0.0026584531784325668,,,,,3,10,12,78
1121709,4094993,relevance_random_3,decoder_cross_attn,6,query_only,-13.883660316467285,-13.395066261291504,-13.8355712890625,-13.445575714111328,0.09842327571399573,0.10337713339891631,0.09842327571399573,,,,,3,10,12,78
1121709,4094993,relevance_random_3,decoder_cross_attn,6,both,-13.883660316467285,-13.395066261291504,-13.834425926208496,-13.447185516357422,0.10076747708499242,0.106671897690542,0.10076747708499242,,,,,3,10,12,78
1121709,4094993,relevance_random_3,decoder_cross_attn,7,doc_only,-13.883660316467285,-13.395066261291504,-13.883151054382324,-13.395389556884766,0.0010423010259052795,0.0006616854827376212,0.0006616854827376212,,,,,3,10,12,78
1121709,4094993,relevance_random_3,decoder_cross_attn,7,query_only,-13.883660316467285,-13.395066261291504,-13.855011940002441,-13.42263412475586,0.05863431239362284,0.05642283849408972,0.05642283849408972,,,,,3,10,12,78
1121709,4094993,relevance_random_3,decoder_cross_attn,7,both,-13.883660316467285,-13.395066261291504,-13.854636192321777,-13.42306137084961,0.05940335097827954,0.057297278306085164,0.057297278306085164,,,,,3,10,12,78
1121709,4094993,relevance_random_3,decoder_cross_attn,8,doc_only,-13.883660316467285,-13.395066261291504,-13.882343292236328,-13.396200180053711,0.002695538795459159,0.0023207788760325416,0.0023207788760325416,,,,,3,10,12,78
1121709,4094993,relevance_random_3,decoder_cross_attn,8,query_only,-13.883660316467285,-13.395066261291504,-13.832321166992188,-13.447304725646973,0.10507526428381818,0.10691588201308537,0.10507526428381818,,,,,3,10,12,78
1121709,4094993,relevance_random_3,decoder_cross_attn,8,both,-13.883660316467285,-13.395066261291504,-13.830939292907715,-13.44837474822998,0.10790353055074094,0.10910588529223467,0.10790353055074094,,,,,3,10,12,78
1121709,4094993,relevance_random_3,decoder_cross_attn,9,doc_only,-13.883660316467285,-13.395066261291504,-13.884052276611328,-13.394775390625,-0.0008022204525226027,-0.0005953217470058244,-0.0008022204525226027,,,,,3,10,12,78
1121709,4094993,relevance_random_3,decoder_cross_attn,9,query_only,-13.883660316467285,-13.395066261291504,-13.85682487487793,-13.421110153198242,0.054923798816383256,0.05330374291469527,0.05330374291469527,,,,,3,10,12,78
1121709,4094993,relevance_random_3,decoder_cross_attn,9,both,-13.883660316467285,-13.395066261291504,-13.857131958007812,-13.420777320861816,0.05429529520151153,0.052622538686154186,0.052622538686154186,,,,,3,10,12,78
1121709,4094993,relevance_random_3,decoder_cross_attn,10,doc_only,-13.883660316467285,-13.395066261291504,-13.881790161132812,-13.397092819213867,0.0038276260520603987,0.004147733483237301,0.0038276260520603987,,,,,3,10,12,78
1121709,4094993,relevance_random_3,decoder_cross_attn,10,query_only,-13.883660316467285,-13.395066261291504,-13.838906288146973,-13.437740325927734,0.09159757030652238,0.08734053184678565,0.08734053184678565,,,,,3,10,12,78
1121709,4094993,relevance_random_3,decoder_cross_attn,10,both,-13.883660316467285,-13.395066261291504,-13.836822509765625,-13.43941879272461,0.0958624162645805,0.09077583110819631,0.09077583110819631,,,,,3,10,12,78
1121709,4094993,relevance_random_3,decoder_cross_attn,11,doc_only,-13.883660316467285,-13.395066261291504,-13.878305435180664,-13.40107250213623,0.010959775768648209,0.012292906107025187,0.010959775768648209,,,,,3,10,12,78
1121709,4094993,relevance_random_3,decoder_cross_attn,11,query_only,-13.883660316467285,-13.395066261291504,-13.690265655517578,-13.57856559753418,0.39581869427398075,0.3755660436283006,0.3755660436283006,,,,,3,10,12,78
1121709,4094993,relevance_random_3,decoder_cross_attn,11,both,-13.883660316467285,-13.395066261291504,-13.684284210205078,-13.583784103393555,0.4080608516419169,0.3862467013319592,0.3862467013319592,,,,,3,10,12,78
833860,3899039,relevance_random_3,encoder_self_attn,0,doc_only,-11.875322341918945,-11.419020652770996,-11.904495239257812,-11.344098091125488,-0.06393335381541465,-0.16419523185507046,-0.16419523185507046,0.43890134864878433,0.4108492930730184,0.4424028345129707,0.4014000293488304,3,15,17,127
833860,3899039,relevance_random_3,encoder_self_attn,0,query_only,-11.875322341918945,-11.419020652770996,-11.811689376831055,-11.521029472351074,0.13945371363124312,0.22355564751592064,0.13945371363124312,0.43890134864878433,0.4108492930730184,0.4424028345129707,0.4014000293488304,3,15,17,127
833860,3899039,relevance_random_3,encoder_self_attn,0,both,-11.875322341918945,-11.419020652770996,-11.830090522766113,-11.437829971313477,0.09912700353420403,0.041221233648297585,0.041221233648297585,0.43890134864878433,0.4108492930730184,0.4424028345129707,0.4014000293488304,3,15,17,127
833860,3899039,relevance_random_3,encoder_self_attn,1,doc_only,-11.875322341918945,-11.419020652770996,-11.81570816040039,-11.50552749633789,0.1306464186662821,0.1895825626427737,0.1306464186662821,0.2929865043854045,0.2712020476659139,0.28961266306313604,0.26915429361785453,3,15,17,127
833860,3899039,relevance_random_3,encoder_self_attn,1,query_only,-11.875322341918945,-11.419020652770996,-11.788613319396973,-11.517091751098633,0.19002564440180827,0.21492600325623293,0.19002564440180827,0.2929865043854045,0.2712020476659139,0.28961266306313604,0.26915429361785453,3,15,17,127
833860,3899039,relevance_random_3,encoder_self_attn,1,both,-11.875322341918945,-11.419020652770996,-11.722833633422852,-11.600935935974121,0.33418396671034784,0.39867326273285303,0.33418396671034784,0.2929865043854045,0.2712020476659139,0.28961266306313604,0.26915429361785453,3,15,17,127
833860,3899039,relevance_random_3,encoder_self_attn,2,doc_only,-11.875322341918945,-11.419020652770996,-11.99438762664795,-11.433565139770508,-0.26093544591372025,0.03187471654262467,-0.26093544591372025,0.3632309102566443,0.322195569674174,0.3628736048936844,0.3266896673788627,3,15,17,127
833860,3899039,relevance_random_3,encoder_self_attn,2,query_only,-11.875322341918945,-11.419020652770996,-11.882935523986816,-11.384464263916016,-0.016684536237608863,-0.0757314506538591,-0.0757314506538591,0.3632309102566443,0.322195569674174,0.3628736048936844,0.3266896673788627,3,15,17,127
833860,3899039,relevance_random_3,encoder_self_attn,2,both,-11.875322341918945,-11.419020652770996,-12.001006126403809,-11.4002685546875,-0.2754401034972109,-0.04109583315045761,-0.2754401034972109,0.3632309102566443,0.322195569674174,0.3628736048936844,0.3266896673788627,3,15,17,127
833860,3899039,relevance_random_3,encoder_self_attn,3,doc_only,-11.875322341918945,-11.419020652770996,-11.838081359863281,-11.562583923339844,0.08161482401085132,0.31462357905560884,0.08161482401085132,0.26966811563367044,0.35956740379333496,0.27358684756539087,0.3566653796782096,3,15,17,127
833860,3899039,relevance_random_3,encoder_self_attn,3,query_only,-11.875322341918945,-11.419020652770996,-11.86190414428711,-11.427312850952148,0.02940641674347447,0.018172622145309916,0.018172622145309916,0.26966811563367044,0.35956740379333496,0.27358684756539087,0.3566653796782096,3,15,17,127
833860,3899039,relevance_random_3,encoder_self_attn,3,both,-11.875322341918945,-11.419020652770996,-11.828161239624023,-11.5703763961792,0.10335509031970858,0.3317010368531163,0.10335509031970858,0.26966811563367044,0.35956740379333496,0.27358684756539087,0.3566653796782096,3,15,17,127
833860,3899039,relevance_random_3,encoder_self_attn,4,doc_only,-11.875322341918945,-11.419020652770996,-11.774452209472656,-11.500181198120117,0.22106017760890512,0.17786597612792523,0.17786597612792523,0.3269857959212544,0.47292808691660565,0.3312193052335219,0.4683551729346315,3,15,17,127
833860,3899039,relevance_random_3,encoder_self_attn,4,query_only,-11.875322341918945,-11.419020652770996,-11.955544471740723,-11.318986892700195,-0.17580940796334962,-0.2192272403321441,-0.2192272403321441,0.3269857959212544,0.47292808691660565,0.3312193052335219,0.4683551729346315,3,15,17,127
833860,3899039,relevance_random_3,encoder_self_attn,4,both,-11.875322341918945,-11.419020652770996,-11.858794212341309,-11.39696216583252,0.03622193380107719,-0.04834189191731091,-0.04834189191731091,0.3269857959212544,0.47292808691660565,0.3312193052335219,0.4683551729346315,3,15,17,127
833860,3899039,relevance_random_3,encoder_self_attn,5,doc_only,-11.875322341918945,-11.419020652770996,-11.964177131652832,-11.429558753967285,-0.1947281630708074,0.023094591685528992,-0.1947281630708074,0.2670764923095703,0.29912139972050983,0.2792085802013224,0.29083829854304594,3,15,17,127
833860,3899039,relevance_random_3,encoder_self_attn,5,query_only,-11.875322341918945,-11.419020652770996,-11.808022499084473,-11.523378372192383,0.14748979553448827,0.22870333795225167,0.14748979553448827,0.2670764923095703,0.29912139972050983,0.2792085802013224,0.29083829854304594,3,15,17,127
833860,3899039,relevance_random_3,encoder_self_attn,5,both,-11.875322341918945,-11.419020652770996,-11.888185501098633,-11.529104232788086,-0.028190031914426702,0.24125174776943864,-0.028190031914426702,0.2670764923095703,0.29912139972050983,0.2792085802013224,0.29083829854304594,3,15,17,127
833860,3899039,relevance_random_3,encoder_self_attn,6,doc_only,-11.875322341918945,-11.419020652770996,-11.73841667175293,-11.548565864562988,0.3000332311319276,0.28390254709311197,0.28390254709311197,0.20453148244697356,0.34912113348642987,0.21019943857734855,0.3423280855640769,3,15,17,127
833860,3899039,relevance_random_3,encoder_self_attn,6,query_only,-11.875322341918945,-11.419020652770996,-11.862159729003906,-11.447992324829102,0.028846294519789244,0.0634923620646774,0.028846294519789244,0.20453148244697356,0.34912113348642987,0.21019943857734855,0.3423280855640769,3,15,17,127
833860,3899039,relevance_random_3,encoder_self_attn,6,both,-11.875322341918945,-11.419020652770996,-11.715522766113281,-11.573501586914062,0.3502059703177022,0.33854999404347635,0.33854999404347635,0.20453148244697356,0.34912113348642987,0.21019943857734855,0.3423280855640769,3,15,17,127
833860,3899039,relevance_random_3,encoder_self_attn,7,doc_only,-11.875322341918945,-11.419020652770996,-11.835312843322754,-11.129678726196289,0.08768211809800885,-0.6341022473859221,-0.6341022473859221,0.2704548702061733,0.3008708755175273,0.2737507489594546,0.29574742494150996,3,15,17,127
833860,3899039,relevance_random_3,encoder_self_attn,7,query_only,-11.875322341918945,-11.419020652770996,-11.761941909790039,-11.573953628540039,0.24847690645331863,0.33954065797641214,0.24847690645331863,0.2704548702061733,0.3008708755175273,0.2737507489594546,0.29574742494150996,3,15,17,127
833860,3899039,relevance_random_3,encoder_self_attn,7,both,-11.875322341918945,-11.419020652770996,-11.706578254699707,-11.298957824707031,0.3698081581383878,-0.26312159459273055,-0.26312159459273055,0.2704548702061733,0.3008708755175273,0.2737507489594546,0.29574742494150996,3,15,17,127
833860,3899039,relevance_random_3,encoder_self_attn,8,doc_only,-11.875322341918945,-11.419020652770996,-11.77059555053711,-11.510425567626953,0.2295121711633195,0.2003168452578757,0.2003168452578757,0.20966242852612077,0.41679080327351886,0.21153639907186683,0.41557631983111304,3,15,17,127
833860,3899039,relevance_random_3,encoder_self_attn,8,query_only,-11.875322341918945,-11.419020652770996,-11.846229553222656,-11.464420318603516,0.06375779311843868,0.09949484499453463,0.06375779311843868,0.20966242852612077,0.41679080327351886,0.21153639907186683,0.41557631983111304,3,15,17,127
833860,3899039,relevance_random_3,encoder_self_attn,8,both,-11.875322341918945,-11.419020652770996,-11.732259750366211,-11.5545015335083,0.3135263246995091,0.29691075873571215,0.29691075873571215,0.20966242852612077,0.41679080327351886,0.21153639907186683,0.41557631983111304,3,15,17,127
833860,3899039,relevance_random_3,encoder_self_attn,9,doc_only,-11.875322341918945,-11.419020652770996,-11.705514907836914,-11.363624572753906,0.37213851738991405,-0.1214023119671785,-0.1214023119671785,0.3692761358813705,1.023024320602417,0.36838446096940475,1.0075124961634476,3,15,17,127
833860,3899039,relevance_random_3,encoder_self_attn,9,query_only,-11.875322341918945,-11.419020652770996,-11.861968040466309,-11.452128410339355,0.029266386187553166,0.07255672805021036,0.029266386187553166,0.3692761358813705,1.023024320602417,0.36838446096940475,1.0075124961634476,3,15,17,127
833860,3899039,relevance_random_3,encoder_self_attn,9,both,-11.875322341918945,-11.419020652770996,-11.681570053100586,-11.396602630615234,0.42461444571934953,-0.04912982504540543,-0.04912982504540543,0.3692761358813705,1.023024320602417,0.36838446096940475,1.0075124961634476,3,15,17,127
833860,3899039,relevance_random_3,encoder_self_attn,10,doc_only,-11.875322341918945,-11.419020652770996,-11.573049545288086,-11.74272346496582,0.6624406698894595,0.709405246338828,0.6624406698894595,0.34412441075405226,0.48814574877421063,0.33109952021728867,0.48072536786397296,3,15,17,127
833860,3899039,relevance_random_3,encoder_self_attn,10,query_only,-11.875322341918945,-11.419020652770996,-11.855469703674316,-11.457548141479492,0.04350770272557982,0.08443424520395346,0.04350770272557982,0.34412441075405226,0.48814574877421063,0.33109952021728867,0.48072536786397296,3,15,17,127
833860,3899039,relevance_random_3,encoder_self_attn,10,both,-11.875322341918945,-11.419020652770996,-11.540244102478027,-11.770195960998535,0.7343348653094153,0.769612115360098,0.7343348653094153,0.34412441075405226,0.48814574877421063,0.33109952021728867,0.48072536786397296,3,15,17,127
833860,3899039,relevance_random_3,encoder_self_attn,11,doc_only,-11.875322341918945,-11.419020652770996,-11.808917999267578,-11.497406005859375,0.14552727774329263,0.17178405198268637,0.14552727774329263,0.28518519891756716,0.4555904467900594,0.26862348887053406,0.4666765301177899,3,15,17,127
833860,3899039,relevance_random_3,encoder_self_attn,11,query_only,-11.875322341918945,-11.419020652770996,-11.538588523864746,-11.76065731048584,0.7379631197135853,0.7487078523701739,0.7379631197135853,0.28518519891756716,0.4555904467900594,0.26862348887053406,0.4666765301177899,3,15,17,127
833860,3899039,relevance_random_3,encoder_self_attn,11,both,-11.875322341918945,-11.419020652770996,-11.467143058776855,-11.835814476013184,0.8945381813165798,0.9134172262663883,0.8945381813165798,0.28518519891756716,0.4555904467900594,0.26862348887053406,0.4666765301177899,3,15,17,127
833860,3899039,relevance_random_3,decoder_cross_attn,0,doc_only,-11.875322341918945,-11.419020652770996,-11.854876518249512,-11.44009017944336,0.04480768788652091,0.04617455331297665,0.04480768788652091,,,,,3,15,17,127
833860,3899039,relevance_random_3,decoder_cross_attn,0,query_only,-11.875322341918945,-11.419020652770996,-11.875420570373535,-11.419085502624512,-0.00021527085462529286,0.00014212056421863994,-0.00021527085462529286,,,,,3,15,17,127
833860,3899039,relevance_random_3,decoder_cross_attn,0,both,-11.875322341918945,-11.419020652770996,-11.85488224029541,-11.440202713012695,0.04479514783673691,0.04642117429206194,0.04479514783673691,,,,,3,15,17,127
833860,3899039,relevance_random_3,decoder_cross_attn,1,doc_only,-11.875322341918945,-11.419020652770996,-11.861616134643555,-11.434304237365723,0.03003759924926902,0.0334944729730577,0.03003759924926902,,,,,3,15,17,127
833860,3899039,relevance_random_3,decoder_cross_attn,1,query_only,-11.875322341918945,-11.419020652770996,-11.878649711608887,-11.415987014770508,-0.007292038949394629,-0.0066483163938160835,-0.007292038949394629,,,,,3,15,17,127
833860,3899039,relevance_random_3,decoder_cross_attn,1,both,-11.875322341918945,-11.419020652770996,-11.864606857299805,-11.431182861328125,0.02348333322883292,0.02665387581588699,0.02348333322883292,,,,,3,15,17,127
833860,3899039,relevance_random_3,decoder_cross_attn,2,doc_only,-11.875322341918945,-11.419020652770996,-11.875763893127441,-11.418307304382324,-0.0009676738416651514,-0.0015633262064050394,-0.0015633262064050394,,,,,3,15,17,127
833860,3899039,relevance_random_3,decoder_cross_attn,2,query_only,-11.875322341918945,-11.419020652770996,-11.877328872680664,-11.417257308959961,-0.004397377457588506,-0.003864425341768607,-0.004397377457588506,,,,,3,15,17,127
833860,3899039,relevance_random_3,decoder_cross_attn,2,both,-11.875322341918945,-11.419020652770996,-11.877693176269531,-11.41649055480957,-0.00519576062716969,-0.005544792012824291,-0.005544792012824291,,,,,3,15,17,127
833860,3899039,relevance_random_3,decoder_cross_attn,3,doc_only,-11.875322341918945,-11.419020652770996,-11.880462646484375,-11.412162780761719,-0.011265144722624548,-0.015029249666121175,-0.015029249666121175,,,,,3,15,17,127
833860,3899039,relevance_random_3,decoder_cross_attn,3,query_only,-11.875322341918945,-11.419020652770996,-11.876678466796875,-11.418529510498047,-0.0029719917988074414,-0.0010763542731264642,-0.0029719917988074414,,,,,3,15,17,127
833860,3899039,relevance_random_3,decoder_cross_attn,3,both,-11.875322341918945,-11.419020652770996,-11.881245613098145,-11.411516189575195,-0.012981041534734892,-0.016446275291712907,-0.016446275291712907,,,,,3,15,17,127
833860,3899039,relevance_random_3,decoder_cross_attn,4,doc_only,-11.875322341918945,-11.419020652770996,-11.876153945922852,-11.418161392211914,-0.0018224872352743241,-0.0018830974758969794,-0.0018830974758969794,,,,,3,15,17,127
833860,3899039,relevance_random_3,decoder_cross_attn,4,query_only,-11.875322341918945,-11.419020652770996,-11.867836952209473,-11.428765296936035,0.01640447512576625,0.021355704782147985,0.01640447512576625,,,,,3,15,17,127
833860,3899039,relevance_random_3,decoder_cross_attn,4,both,-11.875322341918945,-11.419020652770996,-11.868714332580566,-11.427915573120117,0.014481667492219944,0.019493507389224334,0.014481667492219944,,,,,3,15,17,127
833860,3899039,relevance_random_3,decoder_cross_attn,5,doc_only,-11.875322341918945,-11.419020652770996,-11.873794555664062,-11.41995620727539,0.0033481932923273704,0.0020502981396836144,0.0020502981396836144,,,,,3,15,17,127
833860,3899039,relevance_random_3,decoder_cross_attn,5,query_only,-11.875322341918945,-11.419020652770996,-11.862926483154297,-11.432551383972168,0.02716592784873356,0.02965303772255976,0.02716592784873356,,,,,3,15,17,127
833860,3899039,relevance_random_3,decoder_cross_attn,5,both,-11.875322341918945,-11.419020652770996,-11.861387252807617,-11.433490753173828,0.030539201240628925,0.031711695895432705,0.030539201240628925,,,,,3,15,17,127
833860,3899039,relevance_random_3,decoder_cross_attn,6,doc_only,-11.875322341918945,-11.419020652770996,-11.872053146362305,-11.422496795654297,0.0071645484432573195,0.007618080243778568,0.0071645484432573195,,,,,3,15,17,127
833860,3899039,relevance_random_3,decoder_cross_attn,6,query_only,-11.875322341918945,-11.419020652770996,-11.860663414001465,-11.435995101928711,0.03212551753830463,0.03720005768422901,0.03212551753830463,,,,,3,15,17,127
833860,3899039,relevance_random_3,decoder_cross_attn,6,both,-11.875322341918945,-11.419020652770996,-11.857446670532227,-11.439513206481934,0.03917511552520864,0.04491009829309022,0.03917511552520864,,,,,3,15,17,127
833860,3899039,relevance_random_3,decoder_cross_attn,7,doc_only,-11.875322341918945,-11.419020652770996,-11.87502384185791,-11.419716835021973,0.0006541725970652104,0.0015257060570530465,0.0006541725970652104,,,,,3,15,17,127
833860,3899039,relevance_random_3,decoder_cross_attn,7,query_only,-11.875322341918945,-11.419020652770996,-11.857930183410645,-11.43834114074707,0.038115481318460834,0.04234147809566804,0.038115481318460834,,,,,3,15,17,127
833860,3899039,relevance_random_3,decoder_cross_attn,7,both,-11.875322341918945,-11.419020652770996,-11.857654571533203,-11.439072608947754,0.03871949371639005,0.0439445144597224,0.03871949371639005,,,,,3,15,17,127
833860,3899039,relevance_random_3,decoder_cross_attn,8,doc_only,-11.875322341918945,-11.419020652770996,-11.874044418334961,-11.420297622680664,0.00280061111842614,0.002798521110128807,0.002798521110128807,,,,,3,15,17,127
833860,3899039,relevance_random_3,decoder_cross_attn,8,query_only,-11.875322341918945,-11.419020652770996,-11.800799369812012,-11.497343063354492,0.16331951837848796,0.1716461114350624,0.16331951837848796,,,,,3,15,17,127
833860,3899039,relevance_random_3,decoder_cross_attn,8,both,-11.875322341918945,-11.419020652770996,-11.799588203430176,-11.498723030090332,0.1659738289161008,0.17467035344130316,0.1659738289161008,,,,,3,15,17,127
833860,3899039,relevance_random_3,decoder_cross_attn,9,doc_only,-11.875322341918945,-11.419020652770996,-11.789135932922363,-11.518418312072754,0.18888031985486983,0.21783320479782306,0.18888031985486983,,,,,3,15,17,127
833860,3899039,relevance_random_3,decoder_cross_attn,9,query_only,-11.875322341918945,-11.419020652770996,-11.863334655761719,-11.435049057006836,0.02627140429747506,0.03512676945327473,0.02627140429747506,,,,,3,15,17,127
833860,3899039,relevance_random_3,decoder_cross_attn,9,both,-11.875322341918945,-11.419020652770996,-11.772650718688965,-11.531180381774902,0.22500820328256704,0.24580169583273245,0.22500820328256704,,,,,3,15,17,127
833860,3899039,relevance_random_3,decoder_cross_attn,10,doc_only,-11.875322341918945,-11.419020652770996,-11.875497817993164,-11.418810844421387,-0.000384561526709261,-0.0004598018254132469,-0.0004598018254132469,,,,,3,15,17,127
833860,3899039,relevance_random_3,decoder_cross_attn,10,query_only,-11.875322341918945,-11.419020652770996,-11.880331039428711,-11.41847038269043,-0.010976723577592603,-0.0012059347875611067,-0.010976723577592603,,,,,3,15,17,127
833860,3899039,relevance_random_3,decoder_cross_attn,10,both,-11.875322341918945,-11.419020652770996,-11.880514144897461,-11.418323516845703,-0.011378005170680527,-0.0015277960653503795,-0.011378005170680527,,,,,3,15,17,127
833860,3899039,relevance_random_3,decoder_cross_attn,11,doc_only,-11.875322341918945,-11.419020652770996,-11.869551658630371,-11.426626205444336,0.012646640207161622,0.0166678161712302,0.012646640207161622,,,,,3,15,17,127
833860,3899039,relevance_random_3,decoder_cross_attn,11,query_only,-11.875322341918945,-11.419020652770996,-11.69271183013916,-11.613243103027344,0.40019687878160876,0.4256448198099346,0.40019687878160876,,,,,3,15,17,127
833860,3899039,relevance_random_3,decoder_cross_attn,11,both,-11.875322341918945,-11.419020652770996,-11.686263084411621,-11.619982719421387,0.4143295148881741,0.44041490844718656,0.4143295148881741,,,,,3,15,17,127
