attack_name,qid,docid,layer,intervention_type,intervention_name,query_word_index,query_word_text,query_word_token_start,query_word_token_end,num_subtokens,content_or_stopword,matched_or_unmatched,word_group,score_control,score_attack,delta,score_forward_patched,score_reverse_patched,forward_effect,reverse_effect,combined_effect
bar_random_1,47923,7946829,0,query_word,axon,0,axon,3,7,4,content,matched,content_matched,-6.195390701293945,-5.233376502990723,0.9620141983032227,-6.199158668518066,-5.233717918395996,-0.003916748038404156,0.0003548964307134112,-0.003916748038404156
bar_random_1,47923,7946829,0,query_word,terminals,1,terminals,7,9,2,content,matched,content_matched,-6.195390701293945,-5.233376502990723,0.9620141983032227,-6.198276519775391,-5.229925155639648,-0.0029997670372591684,-0.003587626208804009,-0.003587626208804009
bar_random_1,47923,7946829,0,query_word,or,2,or,9,10,1,stopword,unmatched,stopword_unmatched,-6.195390701293945,-5.233376502990723,0.9620141983032227,-6.197419166564941,-5.231134414672852,-0.002108560637227446,-0.00233061873912634,-0.00233061873912634
bar_random_1,47923,7946829,0,query_word,synaptic,3,synaptic,10,13,3,content,unmatched,content_unmatched,-6.195390701293945,-5.233376502990723,0.9620141983032227,-6.180240631103516,-5.24888801574707,0.015748281280204612,0.016123995657971044,0.015748281280204612
bar_random_1,47923,7946829,0,query_word,knob,4,knob,13,14,1,content,unmatched,content_unmatched,-6.195390701293945,-5.233376502990723,0.9620141983032227,-6.194755554199219,-5.249425888061523,0.0006602263208243907,0.01668310623596647,0.0006602263208243907
bar_random_1,47923,7946829,0,query_word,definition,5,definition,14,15,1,content,unmatched,content_unmatched,-6.195390701293945,-5.233376502990723,0.9620141983032227,-6.193686485290527,-5.233894348144531,0.0017715081611309102,0.0005382926309424087,0.0005382926309424087
bar_random_1,47923,7946829,0,structural_group,Query,,,,,,,,,-6.195390701293945,-5.233376502990723,0.9620141983032227,-6.194027900695801,-5.234647750854492,0.001416611730417499,0.00132144397246083,0.00132144397246083
bar_random_1,47923,7946829,0,structural_group,Query_colon,,,,,,,,,-6.195390701293945,-5.233376502990723,0.9620141983032227,-6.194423675537109,-5.234596252441406,0.0010052094434173156,0.0012679121086102037,0.0010052094434173156
bar_random_1,47923,7946829,0,structural_group,query_content,,,,,,,,,-6.195390701293945,-5.233376502990723,0.9620141983032227,-6.1871442794799805,-5.260927200317383,0.008572037531784545,0.028638555829273007,0.008572037531784545
bar_random_1,47923,7946829,0,structural_group,Document,,,,,,,,,-6.195390701293945,-5.233376502990723,0.9620141983032227,-6.187776565551758,-5.240367889404297,0.007914785203396299,0.007267446183128541,0.007267446183128541
bar_random_1,47923,7946829,0,structural_group,Document_colon,,,,,,,,,-6.195390701293945,-5.233376502990723,0.9620141983032227,-6.209006309509277,-5.215312957763672,-0.014153230003618357,-0.01877679691101319,-0.01877679691101319
bar_random_1,47923,7946829,0,structural_group,attack_tokens,,,,,,,,,-6.195390701293945,-5.233376502990723,0.9620141983032227,-6.195390701293945,-5.29226016998291,0.0,0.0612087296591309,0.0
bar_random_1,47923,7946829,0,structural_group,original_document,,,,,,,,,-6.195390701293945,-5.233376502990723,0.9620141983032227,-6.19682502746582,-5.220792770385742,-0.0014909615413211466,-0.013080610064981735,-0.013080610064981735
bar_random_1,47923,7946829,0,structural_group,Relevant,,,,,,,,,-6.195390701293945,-5.233376502990723,0.9620141983032227,-6.195487022399902,-5.233257293701172,-0.0001001244120169121,-0.00012391635150607933,-0.00012391635150607933
bar_random_1,47923,7946829,0,structural_group,Relevant_colon,,,,,,,,,-6.195390701293945,-5.233376502990723,0.9620141983032227,-6.195368766784668,-5.233373641967773,2.2800608677118597e-05,-2.973992436145904e-06,-2.973992436145904e-06
bar_random_1,47923,7946829,1,query_word,axon,0,axon,3,7,4,content,matched,content_matched,-6.195390701293945,-5.233376502990723,0.9620141983032227,-6.194149971008301,-5.23377799987793,0.0012897213864752736,0.0004173502718724752,0.0004173502718724752
bar_random_1,47923,7946829,1,query_word,terminals,1,terminals,7,9,2,content,matched,content_matched,-6.195390701293945,-5.233376502990723,0.9620141983032227,-6.198906898498535,-5.228397369384766,-0.003655036704023316,-0.005175738169705922,-0.005175738169705922
bar_random_1,47923,7946829,1,query_word,or,2,or,9,10,1,stopword,unmatched,stopword_unmatched,-6.195390701293945,-5.233376502990723,0.9620141983032227,-6.195282936096191,-5.23293399810791,0.00011202038176149572,-0.0004599774967905665,-0.0004599774967905665
bar_random_1,47923,7946829,1,query_word,synaptic,3,synaptic,10,13,3,content,unmatched,content_unmatched,-6.195390701293945,-5.233376502990723,0.9620141983032227,-6.189197540283203,-5.242277145385742,0.0064377022934438335,0.009252090468849908,0.0064377022934438335
bar_random_1,47923,7946829,1,query_word,knob,4,knob,13,14,1,content,unmatched,content_unmatched,-6.195390701293945,-5.233376502990723,0.9620141983032227,-6.174280166625977,-5.25849723815918,0.021944098855508576,0.026112644920173088,0.021944098855508576
bar_random_1,47923,7946829,1,query_word,definition,5,definition,14,15,1,content,unmatched,content_unmatched,-6.195390701293945,-5.233376502990723,0.9620141983032227,-6.190295219421387,-5.239879608154297,0.005296680528775855,0.00675988480735964,0.005296680528775855
bar_random_1,47923,7946829,1,structural_group,Query,,,,,,,,,-6.195390701293945,-5.233376502990723,0.9620141983032227,-6.197930335998535,-5.23049259185791,-0.0026399139524855143,-0.002997784375635071,-0.002997784375635071
bar_random_1,47923,7946829,1,structural_group,Query_colon,,,,,,,,,-6.195390701293945,-5.233376502990723,0.9620141983032227,-6.20047664642334,-5.227697372436523,-0.0052867672206553685,-0.005903374985749619,-0.005903374985749619
bar_random_1,47923,7946829,1,structural_group,query_content,,,,,,,,,-6.195390701293945,-5.233376502990723,0.9620141983032227,-6.165340423583984,-5.269281387329102,0.031236833887652478,0.03732261374281905,0.031236833887652478
bar_random_1,47923,7946829,1,structural_group,Document,,,,,,,,,-6.195390701293945,-5.233376502990723,0.9620141983032227,-6.1940507888793945,-5.235099792480469,0.0013928197909283317,0.001791334777371883,0.0013928197909283317
bar_random_1,47923,7946829,1,structural_group,Document_colon,,,,,,,,,-6.195390701293945,-5.233376502990723,0.9620141983032227,-6.200458526611328,-5.232250213623047,-0.005267931935226445,-0.0011707616890294377,-0.005267931935226445
bar_random_1,47923,7946829,1,structural_group,attack_tokens,,,,,,,,,-6.195390701293945,-5.233376502990723,0.9620141983032227,-6.195390701293945,-5.276760101318359,0.0,0.04509662997090444,0.0
bar_random_1,47923,7946829,1,structural_group,original_document,,,,,,,,,-6.195390701293945,-5.233376502990723,0.9620141983032227,-6.189949035644531,-5.19268798828125,0.00565653361354951,-0.042295129096055,-0.042295129096055
bar_random_1,47923,7946829,1,structural_group,Relevant,,,,,,,,,-6.195390701293945,-5.233376502990723,0.9620141983032227,-6.195446014404297,-5.233226776123047,-5.749718709882081e-05,-0.00015563893749163564,-0.00015563893749163564
bar_random_1,47923,7946829,1,structural_group,Relevant_colon,,,,,,,,,-6.195390701293945,-5.233376502990723,0.9620141983032227,-6.195344924926758,-5.233153343200684,4.758387897833446e-05,-0.00023197141001938051,-0.00023197141001938051
bar_random_1,47923,7946829,2,query_word,axon,0,axon,3,7,4,content,matched,content_matched,-6.195390701293945,-5.233376502990723,0.9620141983032227,-6.198400497436523,-5.230430603027344,-0.0031286400428254912,-0.0030622208784182327,-0.0031286400428254912
bar_random_1,47923,7946829,2,query_word,terminals,1,terminals,7,9,2,content,matched,content_matched,-6.195390701293945,-5.233376502990723,0.9620141983032227,-6.1946001052856445,-5.232549667358398,0.0008218132431883181,-0.0008594838140461663,-0.0008594838140461663
bar_random_1,47923,7946829,2,query_word,or,2,or,9,10,1,stopword,unmatched,stopword_unmatched,-6.195390701293945,-5.233376502990723,0.9620141983032227,-6.194777488708496,-5.234145164489746,0.0006374257121472721,0.0007990126345111995,0.0006374257121472721
bar_random_1,47923,7946829,2,query_word,synaptic,3,synaptic,10,13,3,content,unmatched,content_unmatched,-6.195390701293945,-5.233376502990723,0.9620141983032227,-6.195653915405273,-5.234353065490723,-0.0002736073041254232,0.0010151227515378019,-0.0002736073041254232
bar_random_1,47923,7946829,2,query_word,knob,4,knob,13,14,1,content,unmatched,content_unmatched,-6.195390701293945,-5.233376502990723,0.9620141983032227,-6.198121070861816,-5.250383377075195,-0.002838180114895241,0.017678402371263304,-0.002838180114895241
bar_random_1,47923,7946829,2,query_word,definition,5,definition,14,15,1,content,unmatched,content_unmatched,-6.195390701293945,-5.233376502990723,0.9620141983032227,-6.197935104370117,-5.226696014404297,-0.0026448706065457573,-0.006944272338400686,-0.006944272338400686
bar_random_1,47923,7946829,2,structural_group,Query,,,,,,,,,-6.195390701293945,-5.233376502990723,0.9620141983032227,-6.195354461669922,-5.2333526611328125,3.767057085784812e-05,-2.4783270301215868e-05,-2.4783270301215868e-05
bar_random_1,47923,7946829,2,structural_group,Query_colon,,,,,,,,,-6.195390701293945,-5.233376502990723,0.9620141983032227,-6.1960906982421875,-5.231966972351074,-0.0007276368160436978,-0.001465186940207882,-0.001465186940207882
bar_random_1,47923,7946829,2,structural_group,query_content,,,,,,,,,-6.195390701293945,-5.233376502990723,0.9620141983032227,-6.20353889465332,-5.241969108581543,-0.008469930458143534,0.008931890616558198,-0.008469930458143534
bar_random_1,47923,7946829,2,structural_group,Document,,,,,,,,,-6.195390701293945,-5.233376502990723,0.9620141983032227,-6.198891639709473,-5.220908164978027,-0.003639175411030538,-0.01296065903672385,-0.01296065903672385
bar_random_1,47923,7946829,2,structural_group,Document_colon,,,,,,,,,-6.195390701293945,-5.233376502990723,0.9620141983032227,-6.19166374206543,-5.242769241333008,0.0038741208134860645,0.009763617167867004,0.0038741208134860645
bar_random_1,47923,7946829,2,structural_group,attack_tokens,,,,,,,,,-6.195390701293945,-5.233376502990723,0.9620141983032227,-6.195390701293945,-5.357875823974609,0.0,0.1294152635205131,0.0
bar_random_1,47923,7946829,2,structural_group,original_document,,,,,,,,,-6.195390701293945,-5.233376502990723,0.9620141983032227,-6.1428117752075195,-5.242591857910156,0.054655041660677375,0.009579229636825956,0.009579229636825956
bar_random_1,47923,7946829,2,structural_group,Relevant,,,,,,,,,-6.195390701293945,-5.233376502990723,0.9620141983032227,-6.1956892013549805,-5.233078956604004,-0.0003102865441712227,-0.00030929521335917404,-0.0003102865441712227
bar_random_1,47923,7946829,2,structural_group,Relevant_colon,,,,,,,,,-6.195390701293945,-5.233376502990723,0.9620141983032227,-6.195076942443848,-5.233434677124023,0.0003261478371640008,6.047117953496672e-05,6.047117953496672e-05
bar_random_1,47923,7946829,3,query_word,axon,0,axon,3,7,4,content,matched,content_matched,-6.195390701293945,-5.233376502990723,0.9620141983032227,-6.18610954284668,-5.2431488037109375,0.009647631462857314,0.01015816683106236,0.009647631462857314
bar_random_1,47923,7946829,3,query_word,terminals,1,terminals,7,9,2,content,matched,content_matched,-6.195390701293945,-5.233376502990723,0.9620141983032227,-6.202492713928223,-5.2234296798706055,-0.007382440557326182,-0.01033958036966726,-0.01033958036966726
bar_random_1,47923,7946829,3,query_word,or,2,or,9,10,1,stopword,unmatched,stopword_unmatched,-6.195390701293945,-5.233376502990723,0.9620141983032227,-6.195958137512207,-5.231164932250977,-0.0005898418331689376,-0.002298896153140784,-0.002298896153140784
bar_random_1,47923,7946829,3,query_word,synaptic,3,synaptic,10,13,3,content,unmatched,content_unmatched,-6.195390701293945,-5.233376502990723,0.9620141983032227,-6.170105934143066,-5.264562606811523,0.026283153819845452,0.0324175088848024,0.026283153819845452
bar_random_1,47923,7946829,3,query_word,knob,4,knob,13,14,1,content,unmatched,content_unmatched,-6.195390701293945,-5.233376502990723,0.9620141983032227,-6.144749641418457,-5.321292877197266,0.05264065745059455,0.09138781357032749,0.05264065745059455
bar_random_1,47923,7946829,3,query_word,definition,5,definition,14,15,1,content,unmatched,content_unmatched,-6.195390701293945,-5.233376502990723,0.9620141983032227,-6.188192367553711,-5.2389068603515625,0.007482564969343094,0.005748727379070033,0.005748727379070033
bar_random_1,47923,7946829,3,structural_group,Query,,,,,,,,,-6.195390701293945,-5.233376502990723,0.9620141983032227,-6.196462631225586,-5.231372833251953,-0.0011142558327426654,-0.0020827860361141816,-0.0020827860361141816
bar_random_1,47923,7946829,3,structural_group,Query_colon,,,,,,,,,-6.195390701293945,-5.233376502990723,0.9620141983032227,-6.193259239196777,-5.234551429748535,0.0022156243649286986,0.0012213195604439178,0.0012213195604439178
bar_random_1,47923,7946829,3,structural_group,query_content,,,,,,,,,-6.195390701293945,-5.233376502990723,0.9620141983032227,-6.1117658615112305,-5.354942321777344,0.08692682491610863,0.1263659299426515,0.08692682491610863
bar_random_1,47923,7946829,3,structural_group,Document,,,,,,,,,-6.195390701293945,-5.233376502990723,0.9620141983032227,-6.201578140258789,-5.228386878967285,-0.006431754308571542,-0.0051866428086384565,-0.006431754308571542
bar_random_1,47923,7946829,3,structural_group,Document_colon,,,,,,,,,-6.195390701293945,-5.233376502990723,0.9620141983032227,-6.206415176391602,-5.222501754760742,-0.011459784187282216,-0.011304145249790582,-0.011459784187282216
bar_random_1,47923,7946829,3,structural_group,attack_tokens,,,,,,,,,-6.195390701293945,-5.233376502990723,0.9620141983032227,-6.195390701293945,-5.366233825683594,0.0,0.13810328675730735,0.0
bar_random_1,47923,7946829,3,structural_group,original_document,,,,,,,,,-6.195390701293945,-5.233376502990723,0.9620141983032227,-6.195975303649902,-5.228715896606445,-0.0006076857877858131,-0.004844633678481678,-0.004844633678481678
bar_random_1,47923,7946829,3,structural_group,Relevant,,,,,,,,,-6.195390701293945,-5.233376502990723,0.9620141983032227,-6.195016860961914,-5.233795166015625,0.0003886016783230648,0.0004351942264893506,0.0003886016783230648
bar_random_1,47923,7946829,3,structural_group,Relevant_colon,,,,,,,,,-6.195390701293945,-5.233376502990723,0.9620141983032227,-6.195356369018555,-5.233175277709961,3.568790923375085e-05,-0.00020917080134226192,-0.00020917080134226192
bar_random_1,47923,7946829,4,query_word,axon,0,axon,3,7,4,content,matched,content_matched,-6.195390701293945,-5.233376502990723,0.9620141983032227,-6.2028961181640625,-5.2200927734375,-0.007801773490822755,-0.013808246881025433,-0.013808246881025433
bar_random_1,47923,7946829,4,query_word,terminals,1,terminals,7,9,2,content,matched,content_matched,-6.195390701293945,-5.233376502990723,0.9620141983032227,-6.1961822509765625,-5.228828430175781,-0.0008228045740003668,-0.0047276566426599385,-0.0047276566426599385
bar_random_1,47923,7946829,4,query_word,or,2,or,9,10,1,stopword,unmatched,stopword_unmatched,-6.195390701293945,-5.233376502990723,0.9620141983032227,-6.189079284667969,-5.236271858215332,0.0065606273141378645,0.003009680345379655,0.003009680345379655
bar_random_1,47923,7946829,4,query_word,synaptic,3,synaptic,10,13,3,content,unmatched,content_unmatched,-6.195390701293945,-5.233376502990723,0.9620141983032227,-6.185593605041504,-5.235810279846191,0.010183941432175624,0.002529876232348116,0.002529876232348116
bar_random_1,47923,7946829,4,query_word,knob,4,knob,13,14,1,content,unmatched,content_unmatched,-6.195390701293945,-5.233376502990723,0.9620141983032227,-6.206207275390625,-5.225760459899902,-0.011243674070255614,-0.007916767865020397,-0.011243674070255614
bar_random_1,47923,7946829,4,query_word,definition,5,definition,14,15,1,content,unmatched,content_unmatched,-6.195390701293945,-5.233376502990723,0.9620141983032227,-6.2076263427734375,-5.217154502868652,-0.012718774318583983,-0.016862537112947277,-0.016862537112947277
bar_random_1,47923,7946829,4,structural_group,Query,,,,,,,,,-6.195390701293945,-5.233376502990723,0.9620141983032227,-6.196891784667969,-5.23198127746582,-0.001560354698164551,-0.0014503169780271526,-0.001560354698164551
bar_random_1,47923,7946829,4,structural_group,Query_colon,,,,,,,,,-6.195390701293945,-5.233376502990723,0.9620141983032227,-6.193195343017578,-5.236715316772461,0.002282043529335957,0.00347064917298227,0.002282043529335957
bar_random_1,47923,7946829,4,structural_group,query_content,,,,,,,,,-6.195390701293945,-5.233376502990723,0.9620141983032227,-6.212065696716309,-5.198582649230957,-0.01733341924867038,-0.036167713346782385,-0.036167713346782385
bar_random_1,47923,7946829,4,structural_group,Document,,,,,,,,,-6.195390701293945,-5.233376502990723,0.9620141983032227,-6.198190689086914,-5.22517204284668,-0.0029105472641747913,-0.008528418976054403,-0.008528418976054403
bar_random_1,47923,7946829,4,structural_group,Document_colon,,,,,,,,,-6.195390701293945,-5.233376502990723,0.9620141983032227,-6.190013885498047,-5.246472358703613,0.005589123118330202,0.013612954711051851,0.005589123118330202
bar_random_1,47923,7946829,4,structural_group,attack_tokens,,,,,,,,,-6.195390701293945,-5.233376502990723,0.9620141983032227,-6.195390701293945,-5.392238616943359,0.0,0.16513489534024953,0.0
bar_random_1,47923,7946829,4,structural_group,original_document,,,,,,,,,-6.195390701293945,-5.233376502990723,0.9620141983032227,-6.200486183166504,-5.166767120361328,-0.005296680528775855,-0.06923950056753689,-0.06923950056753689
bar_random_1,47923,7946829,4,structural_group,Relevant,,,,,,,,,-6.195390701293945,-5.233376502990723,0.9620141983032227,-6.195384979248047,-5.233240127563477,5.947984872291808e-06,-0.00014176030612295476,-0.00014176030612295476
bar_random_1,47923,7946829,4,structural_group,Relevant_colon,,,,,,,,,-6.195390701293945,-5.233376502990723,0.9620141983032227,-6.195061683654785,-5.233564376831055,0.00034200913015677896,0.00019529216997358104,0.00019529216997358104
bar_random_1,47923,7946829,5,query_word,axon,0,axon,3,7,4,content,matched,content_matched,-6.195390701293945,-5.233376502990723,0.9620141983032227,-6.197517395019531,-5.232819557189941,-0.002210667710868455,-0.0005789371942364026,-0.002210667710868455
bar_random_1,47923,7946829,5,query_word,terminals,1,terminals,7,9,2,content,matched,content_matched,-6.195390701293945,-5.233376502990723,0.9620141983032227,-6.183469772338867,-5.242973327636719,0.012391635150607934,0.00997576196164541,0.00997576196164541
bar_random_1,47923,7946829,5,query_word,or,2,or,9,10,1,stopword,unmatched,stopword_unmatched,-6.195390701293945,-5.233376502990723,0.9620141983032227,-6.205806732177734,-5.218720436096191,-0.010827315129195188,-0.015234771919563418,-0.015234771919563418
bar_random_1,47923,7946829,5,query_word,synaptic,3,synaptic,10,13,3,content,unmatched,content_unmatched,-6.195390701293945,-5.233376502990723,0.9620141983032227,-6.172890663146973,-5.254263877868652,0.023388467848663438,0.021712127445489195,0.021712127445489195
bar_random_1,47923,7946829,5,query_word,knob,4,knob,13,14,1,content,unmatched,content_unmatched,-6.195390701293945,-5.233376502990723,0.9620141983032227,-6.159605979919434,-5.274465560913086,0.03719770606050092,0.04271148803711543,0.03719770606050092
bar_random_1,47923,7946829,5,query_word,definition,5,definition,14,15,1,content,unmatched,content_unmatched,-6.195390701293945,-5.233376502990723,0.9620141983032227,-6.197444915771484,-5.231363296508789,-0.002135326569152759,-0.0020926993442346676,-0.002135326569152759
bar_random_1,47923,7946829,5,structural_group,Query,,,,,,,,,-6.195390701293945,-5.233376502990723,0.9620141983032227,-6.197334289550781,-5.231025695800781,-0.0020203321949551177,-0.0024436304516998845,-0.0024436304516998845
bar_random_1,47923,7946829,5,structural_group,Query_colon,,,,,,,,,-6.195390701293945,-5.233376502990723,0.9620141983032227,-6.196179389953613,-5.232517242431641,-0.0008198305815642208,-0.0008931890616558198,-0.0008931890616558198
bar_random_1,47923,7946829,5,structural_group,query_content,,,,,,,,,-6.195390701293945,-5.233376502990723,0.9620141983032227,-6.140153884887695,-5.290624618530273,0.05741788063385692,0.059508597316467494,0.05741788063385692
bar_random_1,47923,7946829,5,structural_group,Document,,,,,,,,,-6.195390701293945,-5.233376502990723,0.9620141983032227,-6.188283920288086,-5.2335662841796875,0.007387397211386426,0.0001972748315976783,0.0001972748315976783
bar_random_1,47923,7946829,5,structural_group,Document_colon,,,,,,,,,-6.195390701293945,-5.233376502990723,0.9620141983032227,-6.195646286010742,-5.230876922607422,-0.0002656766576290341,-0.0025982780583794717,-0.0025982780583794717
bar_random_1,47923,7946829,5,structural_group,attack_tokens,,,,,,,,,-6.195390701293945,-5.233376502990723,0.9620141983032227,-6.195390701293945,-5.146636962890625,0.0,-0.09016451134825947,-0.09016451134825947
bar_random_1,47923,7946829,5,structural_group,original_document,,,,,,,,,-6.195390701293945,-5.233376502990723,0.9620141983032227,-6.247659683227539,-5.178532600402832,-0.05433285914676157,-0.05700945233929288,-0.05700945233929288
bar_random_1,47923,7946829,5,structural_group,Relevant,,,,,,,,,-6.195390701293945,-5.233376502990723,0.9620141983032227,-6.195375442504883,-5.233617782592773,1.5861292992778154e-05,0.0002508066954483046,1.5861292992778154e-05
bar_random_1,47923,7946829,5,structural_group,Relevant_colon,,,,,,,,,-6.195390701293945,-5.233376502990723,0.9620141983032227,-6.195552825927734,-5.2335205078125,-0.0001685262380482679,0.00014969095261934383,-0.0001685262380482679
bar_random_1,47923,7946829,6,query_word,axon,0,axon,3,7,4,content,matched,content_matched,-6.195390701293945,-5.233376502990723,0.9620141983032227,-6.212271690368652,-5.221779823303223,-0.017547546704072884,-0.012054582674511398,-0.017547546704072884
bar_random_1,47923,7946829,6,query_word,terminals,1,terminals,7,9,2,content,matched,content_matched,-6.195390701293945,-5.233376502990723,0.9620141983032227,-6.178133010864258,-5.251453399658203,0.017939122374832094,0.018790675542381872,0.017939122374832094
bar_random_1,47923,7946829,6,query_word,or,2,or,9,10,1,stopword,unmatched,stopword_unmatched,-6.195390701293945,-5.233376502990723,0.9620141983032227,-6.201990127563477,-5.222786903381348,-0.006860009219376552,-0.01100773733698804,-0.01100773733698804
bar_random_1,47923,7946829,6,query_word,synaptic,3,synaptic,10,13,3,content,unmatched,content_unmatched,-6.195390701293945,-5.233376502990723,0.9620141983032227,-6.189781188964844,-5.236833572387695,0.0058310078364700695,0.0035935741936763007,0.0035935741936763007
bar_random_1,47923,7946829,6,query_word,knob,4,knob,13,14,1,content,unmatched,content_unmatched,-6.195390701293945,-5.233376502990723,0.9620141983032227,-6.190079689025879,-5.244570732116699,0.005520721292298847,0.011636241071826875,0.005520721292298847
bar_random_1,47923,7946829,6,query_word,definition,5,definition,14,15,1,content,unmatched,content_unmatched,-6.195390701293945,-5.233376502990723,0.9620141983032227,-6.200052261352539,-5.227170944213867,-0.0048456250092937265,-0.006450589594000466,-0.006450589594000466
bar_random_1,47923,7946829,6,structural_group,Query,,,,,,,,,-6.195390701293945,-5.233376502990723,0.9620141983032227,-6.193334579467773,-5.235130310058594,0.0021373092307768564,0.0018230573633574393,0.0018230573633574393
bar_random_1,47923,7946829,6,structural_group,Query_colon,,,,,,,,,-6.195390701293945,-5.233376502990723,0.9620141983032227,-6.190442085266113,-5.239627838134766,0.0051440155837203655,0.0064981734729788005,0.0051440155837203655
bar_random_1,47923,7946829,6,structural_group,query_content,,,,,,,,,-6.195390701293945,-5.233376502990723,0.9620141983032227,-6.195126533508301,-5.238175392150879,0.0002745986349374718,0.0049883766462287295,0.0002745986349374718
bar_random_1,47923,7946829,6,structural_group,Document,,,,,,,,,-6.195390701293945,-5.233376502990723,0.9620141983032227,-6.16301155090332,-5.261221885681152,0.03365766373067525,0.028944877050196036,0.028944877050196036
bar_random_1,47923,7946829,6,structural_group,Document_colon,,,,,,,,,-6.195390701293945,-5.233376502990723,0.9620141983032227,-6.175243377685547,-5.255928039550781,0.020942854735339456,0.023441999712514063,0.020942854735339456
bar_random_1,47923,7946829,6,structural_group,attack_tokens,,,,,,,,,-6.195390701293945,-5.233376502990723,0.9620141983032227,-6.195390701293945,-5.334364891052246,0.0,0.10497598501107812,0.0
bar_random_1,47923,7946829,6,structural_group,original_document,,,,,,,,,-6.195390701293945,-5.233376502990723,0.9620141983032227,-5.997110366821289,-5.359999656677246,0.20610957179465575,0.13162295723894543,0.13162295723894543
bar_random_1,47923,7946829,6,structural_group,Relevant,,,,,,,,,-6.195390701293945,-5.233376502990723,0.9620141983032227,-6.194761276245117,-5.233814239501953,0.0006542783359520989,0.00045502084273032334,0.00045502084273032334
bar_random_1,47923,7946829,6,structural_group,Relevant_colon,,,,,,,,,-6.195390701293945,-5.233376502990723,0.9620141983032227,-6.193442344665527,-5.236150741577148,0.0020252888490153607,0.002883781332249478,0.0020252888490153607
bar_random_1,47923,7946829,7,query_word,axon,0,axon,3,7,4,content,matched,content_matched,-6.195390701293945,-5.233376502990723,0.9620141983032227,-6.166059494018555,-5.269609451293945,0.030489370455367808,0.037663631542163775,0.030489370455367808
bar_random_1,47923,7946829,7,query_word,terminals,1,terminals,7,9,2,content,matched,content_matched,-6.195390701293945,-5.233376502990723,0.9620141983032227,-6.199955940246582,-5.221782684326172,-0.0047455005972768145,-0.012051608682075252,-0.012051608682075252
bar_random_1,47923,7946829,7,query_word,or,2,or,9,10,1,stopword,unmatched,stopword_unmatched,-6.195390701293945,-5.233376502990723,0.9620141983032227,-6.189090728759766,-5.244091987609863,0.006548731344393281,0.01113859300417846,0.006548731344393281
bar_random_1,47923,7946829,7,query_word,synaptic,3,synaptic,10,13,3,content,unmatched,content_unmatched,-6.195390701293945,-5.233376502990723,0.9620141983032227,-6.192348480224609,-5.233574867248535,0.0031623452904351447,0.00020619680890611602,0.00020619680890611602
bar_random_1,47923,7946829,7,query_word,knob,4,knob,13,14,1,content,unmatched,content_unmatched,-6.195390701293945,-5.233376502990723,0.9620141983032227,-6.1467437744140625,-5.330284118652344,0.05056778472260086,0.10073408046632201,0.05056778472260086
bar_random_1,47923,7946829,7,query_word,definition,5,definition,14,15,1,content,unmatched,content_unmatched,-6.195390701293945,-5.233376502990723,0.9620141983032227,-6.203952789306641,-5.222253799438477,-0.008900168030572642,-0.011561891260923227,-0.011561891260923227
bar_random_1,47923,7946829,7,structural_group,Query,,,,,,,,,-6.195390701293945,-5.233376502990723,0.9620141983032227,-6.207180976867676,-5.219024658203125,-0.01225582282935727,-0.014918537390519904,-0.014918537390519904
bar_random_1,47923,7946829,7,structural_group,Query_colon,,,,,,,,,-6.195390701293945,-5.233376502990723,0.9620141983032227,-6.201595306396484,-5.225236892700195,-0.006449598263188417,-0.008461008480835096,-0.008461008480835096
bar_random_1,47923,7946829,7,structural_group,query_content,,,,,,,,,-6.195390701293945,-5.233376502990723,0.9620141983032227,-6.118968963623047,-5.3556976318359375,0.0794393032927053,0.12715106394579404,0.0794393032927053
bar_random_1,47923,7946829,7,structural_group,Document,,,,,,,,,-6.195390701293945,-5.233376502990723,0.9620141983032227,-6.174276351928711,-5.250799179077148,0.021948064178756773,0.01811062260531651,0.01811062260531651
bar_random_1,47923,7946829,7,structural_group,Document_colon,,,,,,,,,-6.195390701293945,-5.233376502990723,0.9620141983032227,-6.188416481018066,-5.236045837402344,0.007249602228511665,0.0027747349429241286,0.0027747349429241286
bar_random_1,47923,7946829,7,structural_group,attack_tokens,,,,,,,,,-6.195390701293945,-5.233376502990723,0.9620141983032227,-6.195390701293945,-5.3960065841674805,0.0,0.16905164337865367,0.0
bar_random_1,47923,7946829,7,structural_group,original_document,,,,,,,,,-6.195390701293945,-5.233376502990723,0.9620141983032227,-6.028454780578613,-5.453268051147461,0.17352750199505326,0.22857411932648986,0.17352750199505326
bar_random_1,47923,7946829,7,structural_group,Relevant,,,,,,,,,-6.195390701293945,-5.233376502990723,0.9620141983032227,-6.195430755615234,-5.233116149902344,-4.163589410604266e-05,-0.00027063331168927725,-0.00027063331168927725
bar_random_1,47923,7946829,7,structural_group,Relevant_colon,,,,,,,,,-6.195390701293945,-5.233376502990723,0.9620141983032227,-6.196356773376465,-5.231616973876953,-0.001004218112605267,-0.001829005348229731,-0.001829005348229731
bar_random_1,47923,7946829,8,query_word,axon,0,axon,3,7,4,content,matched,content_matched,-6.195390701293945,-5.233376502990723,0.9620141983032227,-6.167085647583008,-5.2638397216796875,0.029422698501603478,0.03166608012926954,0.029422698501603478
bar_random_1,47923,7946829,8,query_word,terminals,1,terminals,7,9,2,content,matched,content_matched,-6.195390701293945,-5.233376502990723,0.9620141983032227,-6.159610748291016,-5.274208068847656,0.03719274940644068,0.04244382871786229,0.03719274940644068
bar_random_1,47923,7946829,8,query_word,or,2,or,9,10,1,stopword,unmatched,stopword_unmatched,-6.195390701293945,-5.233376502990723,0.9620141983032227,-6.189328193664551,-5.243898391723633,0.00630188997219317,0.010937352849332586,0.00630188997219317
bar_random_1,47923,7946829,8,query_word,synaptic,3,synaptic,10,13,3,content,unmatched,content_unmatched,-6.195390701293945,-5.233376502990723,0.9620141983032227,-6.135480880737305,-5.295166969299316,0.06227540161289523,0.06423030597425514,0.06227540161289523
bar_random_1,47923,7946829,8,query_word,knob,4,knob,13,14,1,content,unmatched,content_unmatched,-6.195390701293945,-5.233376502990723,0.9620141983032227,-6.243241310119629,-5.195827484130859,-0.04974002349454024,-0.039031668062790896,-0.04974002349454024
bar_random_1,47923,7946829,8,query_word,definition,5,definition,14,15,1,content,unmatched,content_unmatched,-6.195390701293945,-5.233376502990723,0.9620141983032227,-6.2157793045043945,-5.207832336425781,-0.021193661430787762,-0.02655279580072268,-0.02655279580072268
bar_random_1,47923,7946829,8,structural_group,Query,,,,,,,,,-6.195390701293945,-5.233376502990723,0.9620141983032227,-6.203190803527832,-5.222585678100586,-0.008108094711745784,-0.011216908138330301,-0.011216908138330301
bar_random_1,47923,7946829,8,structural_group,Query_colon,,,,,,,,,-6.195390701293945,-5.233376502990723,0.9620141983032227,-6.1965532302856445,-5.233267784118652,-0.0012084322598872857,-0.00011301171257354435,-0.0012084322598872857
bar_random_1,47923,7946829,8,structural_group,query_content,,,,,,,,,-6.195390701293945,-5.233376502990723,0.9620141983032227,-6.135551452636719,-5.31512451171875,0.062202043132803635,0.08497588587799691,0.062202043132803635
bar_random_1,47923,7946829,8,structural_group,Document,,,,,,,,,-6.195390701293945,-5.233376502990723,0.9620141983032227,-6.202343940734863,-5.216831207275391,-0.0072277929506465955,-0.017198598258231765,-0.017198598258231765
bar_random_1,47923,7946829,8,structural_group,Document_colon,,,,,,,,,-6.195390701293945,-5.233376502990723,0.9620141983032227,-6.177022933959961,-5.252471923828125,0.019093031440056703,0.019849416849649814,0.019093031440056703
bar_random_1,47923,7946829,8,structural_group,attack_tokens,,,,,,,,,-6.195390701293945,-5.233376502990723,0.9620141983032227,-6.195390701293945,-5.371402740478516,0.0,0.14347629975861095,0.0
bar_random_1,47923,7946829,8,structural_group,original_document,,,,,,,,,-6.195390701293945,-5.233376502990723,0.9620141983032227,-6.145524024963379,-5.254934310913086,0.05183569683121106,0.022409033006359387,0.022409033006359387
bar_random_1,47923,7946829,8,structural_group,Relevant,,,,,,,,,-6.195390701293945,-5.233376502990723,0.9620141983032227,-6.194976806640625,-5.233660697937012,0.00043023757242910746,0.00029541658199049313,0.00029541658199049313
bar_random_1,47923,7946829,8,structural_group,Relevant_colon,,,,,,,,,-6.195390701293945,-5.233376502990723,0.9620141983032227,-6.195047378540039,-5.233591079711914,0.0003568790923375085,0.0002230494327109428,0.0002230494327109428
bar_random_1,47923,7946829,9,query_word,axon,0,axon,3,7,4,content,matched,content_matched,-6.195390701293945,-5.233376502990723,0.9620141983032227,-6.161530494689941,-5.2789306640625,0.035197200481786775,0.04735289889912713,0.035197200481786775
bar_random_1,47923,7946829,9,query_word,terminals,1,terminals,7,9,2,content,matched,content_matched,-6.195390701293945,-5.233376502990723,0.9620141983032227,-6.162239074707031,-5.271024703979492,0.034460641688434636,0.03913476646724395,0.034460641688434636
bar_random_1,47923,7946829,9,query_word,or,2,or,9,10,1,stopword,unmatched,stopword_unmatched,-6.195390701293945,-5.233376502990723,0.9620141983032227,-6.185097694396973,-5.245891571044922,0.010699433454440915,0.013009234246514232,0.010699433454440915
bar_random_1,47923,7946829,9,query_word,synaptic,3,synaptic,10,13,3,content,unmatched,content_unmatched,-6.195390701293945,-5.233376502990723,0.9620141983032227,-6.186428070068359,-5.245450019836426,0.00931652697163307,0.012550248080535715,0.00931652697163307
bar_random_1,47923,7946829,9,query_word,knob,4,knob,13,14,1,content,unmatched,content_unmatched,-6.195390701293945,-5.233376502990723,0.9620141983032227,-5.983672142028809,-5.518614768981934,0.22007841426723304,0.29650109789887436,0.22007841426723304
bar_random_1,47923,7946829,9,query_word,definition,5,definition,14,15,1,content,unmatched,content_unmatched,-6.195390701293945,-5.233376502990723,0.9620141983032227,-6.21904182434082,-5.206338882446289,-0.02458500413880614,-0.028105219852390843,-0.028105219852390843
bar_random_1,47923,7946829,9,structural_group,Query,,,,,,,,,-6.195390701293945,-5.233376502990723,0.9620141983032227,-6.208093643188477,-5.218149185180664,-0.013204526416487814,-0.01582857907598055,-0.01582857907598055
bar_random_1,47923,7946829,9,structural_group,Query_colon,,,,,,,,,-6.195390701293945,-5.233376502990723,0.9620141983032227,-6.209619522094727,-5.21708869934082,-0.014790655715765629,-0.01693093893897863,-0.01693093893897863
bar_random_1,47923,7946829,9,structural_group,query_content,,,,,,,,,-6.195390701293945,-5.233376502990723,0.9620141983032227,-5.924187660217285,-5.588258743286133,0.2819116823379546,0.36889501311035,0.2819116823379546
bar_random_1,47923,7946829,9,structural_group,Document,,,,,,,,,-6.195390701293945,-5.233376502990723,0.9620141983032227,-6.191186904907227,-5.236682891845703,0.004369786219510382,0.0034369439253726167,0.0034369439253726167
bar_random_1,47923,7946829,9,structural_group,Document_colon,,,,,,,,,-6.195390701293945,-5.233376502990723,0.9620141983032227,-6.184900283813477,-5.23712158203125,0.010904638932534981,0.0038929560989149885,0.0038929560989149885
bar_random_1,47923,7946829,9,structural_group,attack_tokens,,,,,,,,,-6.195390701293945,-5.233376502990723,0.9620141983032227,-6.195390701293945,-5.00870418548584,0.0,-0.23354366068728966,-0.23354366068728966
bar_random_1,47923,7946829,9,structural_group,original_document,,,,,,,,,-6.195390701293945,-5.233376502990723,0.9620141983032227,-5.755838394165039,-5.744874000549316,0.4569083365964639,0.5316943330574129,0.4569083365964639
bar_random_1,47923,7946829,9,structural_group,Relevant,,,,,,,,,-6.195390701293945,-5.233376502990723,0.9620141983032227,-6.193868637084961,-5.234615325927734,0.001582163976029621,0.0012877387248511766,0.0012877387248511766
bar_random_1,47923,7946829,9,structural_group,Relevant_colon,,,,,,,,,-6.195390701293945,-5.233376502990723,0.9620141983032227,-6.196474075317383,-5.2321367263793945,-0.0011261518024872491,-0.0012887300556632252,-0.0012887300556632252
bar_random_1,47923,7946829,10,query_word,axon,0,axon,3,7,4,content,matched,content_matched,-6.195390701293945,-5.233376502990723,0.9620141983032227,-6.122321128845215,-5.324977874755859,0.07595477548835435,0.0952183158280834,0.07595477548835435
bar_random_1,47923,7946829,10,query_word,terminals,1,terminals,7,9,2,content,matched,content_matched,-6.195390701293945,-5.233376502990723,0.9620141983032227,-6.164909362792969,-5.2767486572265625,0.031684915414698464,0.04508473400115986,0.031684915414698464
bar_random_1,47923,7946829,10,query_word,or,2,or,9,10,1,stopword,unmatched,stopword_unmatched,-6.195390701293945,-5.233376502990723,0.9620141983032227,-6.166386604309082,-5.272790908813477,0.030149343986835126,0.04097071113115802,0.030149343986835126
bar_random_1,47923,7946829,10,query_word,synaptic,3,synaptic,10,13,3,content,unmatched,content_unmatched,-6.195390701293945,-5.233376502990723,0.9620141983032227,-6.094554901123047,-5.337442398071289,0.10481737208115034,0.10817500954155906,0.10481737208115034
bar_random_1,47923,7946829,10,query_word,knob,4,knob,13,14,1,content,unmatched,content_unmatched,-6.195390701293945,-5.233376502990723,0.9620141983032227,-6.003150939941406,-5.453534126281738,0.19983048243113968,0.2288507006230514,0.19983048243113968
bar_random_1,47923,7946829,10,query_word,definition,5,definition,14,15,1,content,unmatched,content_unmatched,-6.195390701293945,-5.233376502990723,0.9620141983032227,-6.144455909729004,-5.299360275268555,0.05294598734070553,0.06858918755483298,0.05294598734070553
bar_random_1,47923,7946829,10,structural_group,Query,,,,,,,,,-6.195390701293945,-5.233376502990723,0.9620141983032227,-6.201952934265137,-5.230855941772461,-0.006821347317706655,-0.0026200873362445414,-0.006821347317706655
bar_random_1,47923,7946829,10,structural_group,Query_colon,,,,,,,,,-6.195390701293945,-5.233376502990723,0.9620141983032227,-6.189394950866699,-5.242950439453125,0.0062324968153497666,0.009951970022156243,0.0062324968153497666
bar_random_1,47923,7946829,10,structural_group,query_content,,,,,,,,,-6.195390701293945,-5.233376502990723,0.9620141983032227,-5.723117828369141,-5.741997718811035,0.49092089675785255,0.5287044793282742,0.49092089675785255
bar_random_1,47923,7946829,10,structural_group,Document,,,,,,,,,-6.195390701293945,-5.233376502990723,0.9620141983032227,-6.220514297485352,-5.213687896728516,-0.02611561891260923,-0.020466024614744064,-0.02611561891260923
bar_random_1,47923,7946829,10,structural_group,Document_colon,,,,,,,,,-6.195390701293945,-5.233376502990723,0.9620141983032227,-6.177450180053711,-5.253734588623047,0.018648915236258917,0.021161938844802206,0.018648915236258917
bar_random_1,47923,7946829,10,structural_group,attack_tokens,,,,,,,,,-6.195390701293945,-5.233376502990723,0.9620141983032227,-6.195390701293945,-5.300800323486328,0.0,0.07008609708102642,0.0
bar_random_1,47923,7946829,10,structural_group,original_document,,,,,,,,,-6.195390701293945,-5.233376502990723,0.9620141983032227,-5.980859756469727,-5.506551742553711,0.22300184883196447,0.2839617544572712,0.22300184883196447
bar_random_1,47923,7946829,10,structural_group,Relevant,,,,,,,,,-6.195390701293945,-5.233376502990723,0.9620141983032227,-6.195722579956055,-5.232818603515625,-0.0003449831225929249,-0.0005799285250484513,-0.0005799285250484513
bar_random_1,47923,7946829,10,structural_group,Relevant_colon,,,,,,,,,-6.195390701293945,-5.233376502990723,0.9620141983032227,-6.195182800292969,-5.233874320983887,0.00021611011702660237,0.0005174746838893873,0.00021611011702660237
bar_random_1,47923,7946829,11,query_word,axon,0,axon,3,7,4,content,matched,content_matched,-6.195390701293945,-5.233376502990723,0.9620141983032227,-6.087064743041992,-5.367546081542969,0.11260328427898032,0.13946735795468626,0.11260328427898032
bar_random_1,47923,7946829,11,query_word,terminals,1,terminals,7,9,2,content,matched,content_matched,-6.195390701293945,-5.233376502990723,0.9620141983032227,-6.090846061706543,-5.359832763671875,0.10867265760920748,0.1314494743468369,0.10867265760920748
bar_random_1,47923,7946829,11,query_word,or,2,or,9,10,1,stopword,unmatched,stopword_unmatched,-6.195390701293945,-5.233376502990723,0.9620141983032227,-6.17533016204834,-5.25941276550293,0.02085264363144303,0.027064322499739776,0.02085264363144303
bar_random_1,47923,7946829,11,query_word,synaptic,3,synaptic,10,13,3,content,unmatched,content_unmatched,-6.195390701293945,-5.233376502990723,0.9620141983032227,-6.06020450592041,-5.3938446044921875,0.14052411660033012,0.16680429642773942,0.14052411660033012
bar_random_1,47923,7946829,11,query_word,knob,4,knob,13,14,1,content,unmatched,content_unmatched,-6.195390701293945,-5.233376502990723,0.9620141983032227,-6.157297134399414,-5.280170440673828,0.039597717956470664,0.04864162895479036,0.039597717956470664
bar_random_1,47923,7946829,11,query_word,definition,5,definition,14,15,1,content,unmatched,content_unmatched,-6.195390701293945,-5.233376502990723,0.9620141983032227,-6.134992599487305,-5.304339408874512,0.06278296298866413,0.07376492572453891,0.06278296298866413
bar_random_1,47923,7946829,11,structural_group,Query,,,,,,,,,-6.195390701293945,-5.233376502990723,0.9620141983032227,-6.159059524536133,-5.274822235107422,0.03776573861580479,0.04308224576082161,0.03776573861580479
bar_random_1,47923,7946829,11,structural_group,Query_colon,,,,,,,,,-6.195390701293945,-5.233376502990723,0.9620141983032227,-6.108251571655273,-5.3294878005981445,0.09057987895850785,0.0999063192382614,0.09057987895850785
bar_random_1,47923,7946829,11,structural_group,query_content,,,,,,,,,-6.195390701293945,-5.233376502990723,0.9620141983032227,-5.727168083190918,-5.738131523132324,0.486710714799082,0.5246856242162291,0.486710714799082
bar_random_1,47923,7946829,11,structural_group,Document,,,,,,,,,-6.195390701293945,-5.233376502990723,0.9620141983032227,-6.1701459884643555,-5.252518653869629,0.026241517925739408,0.019897992059440196,0.019897992059440196
bar_random_1,47923,7946829,11,structural_group,Document_colon,,,,,,,,,-6.195390701293945,-5.233376502990723,0.9620141983032227,-6.126115798950195,-5.308367729187012,0.07201027018721283,0.07795230707463234,0.07201027018721283
bar_random_1,47923,7946829,11,structural_group,attack_tokens,,,,,,,,,-6.195390701293945,-5.233376502990723,0.9620141983032227,-6.195390701293945,-5.229694366455078,0.0,-0.0038275282653197785,-0.0038275282653197785
bar_random_1,47923,7946829,11,structural_group,original_document,,,,,,,,,-6.195390701293945,-5.233376502990723,0.9620141983032227,-5.937965393066406,-5.422677993774414,0.26758992609628796,0.19677619219921785,0.19677619219921785
bar_random_1,47923,7946829,11,structural_group,Relevant,,,,,,,,,-6.195390701293945,-5.233376502990723,0.9620141983032227,-6.194724082946777,-5.234010696411133,0.0006929402376219956,0.000659234990012342,0.000659234990012342
bar_random_1,47923,7946829,11,structural_group,Relevant_colon,,,,,,,,,-6.195390701293945,-5.233376502990723,0.9620141983032227,-6.191553115844727,-5.237550735473633,0.003989115187683706,0.004339054964336874,0.003989115187683706
bar_random_1,1113437,4783289,0,query_word,what,0,what,3,4,1,stopword,unmatched,stopword_unmatched,-6.700038909912109,-5.992931365966797,0.7071075439453125,-6.699426651000977,-5.993429183959961,0.0008658639217971127,0.0007040201980967178,0.0007040201980967178
bar_random_1,1113437,4783289,0,query_word,is,1,is,4,5,1,stopword,matched,stopword_matched,-6.700038909912109,-5.992931365966797,0.7071075439453125,-6.699283599853516,-5.993703842163086,0.0010681685764226062,0.0010924451349776656,0.0010681685764226062
bar_random_1,1113437,4783289,0,query_word,physical,2,physical,5,6,1,content,unmatched,content_unmatched,-6.700038909912109,-5.992931365966797,0.7071075439453125,-6.686281204223633,-6.007298469543457,0.019456312984182475,0.020318130812887077,0.019456312984182475
bar_random_1,1113437,4783289,0,query_word,description,3,description,6,7,1,content,unmatched,content_unmatched,-6.700038909912109,-5.992931365966797,0.7071075439453125,-6.704328536987305,-5.9894256591796875,-0.006066442243369802,-0.004957812736022097,-0.006066442243369802
bar_random_1,1113437,4783289,0,query_word,of,4,of,7,8,1,stopword,unmatched,stopword_unmatched,-6.700038909912109,-5.992931365966797,0.7071075439453125,-6.700254440307617,-5.992820739746094,-0.00030480567963574374,-0.00015644893291038173,-0.00030480567963574374
bar_random_1,1113437,4783289,0,query_word,spruce,5,spruce,8,12,4,content,matched,content_matched,-6.700038909912109,-5.992931365966797,0.7071075439453125,-6.695804595947266,-5.997160911560059,0.005988217776914611,0.005981474288427095,0.005981474288427095
bar_random_1,1113437,4783289,0,structural_group,Query,,,,,,,,,-6.700038909912109,-5.992931365966797,0.7071075439453125,-6.699975967407227,-5.993022918701172,8.90140480352172e-05,0.00012947497896031592,8.90140480352172e-05
bar_random_1,1113437,4783289,0,structural_group,Query_colon,,,,,,,,,-6.700038909912109,-5.992931365966797,0.7071075439453125,-6.699701309204102,-5.993206024169922,0.00047743898491616496,0.0003884249368809478,0.0003884249368809478
bar_random_1,1113437,4783289,0,structural_group,query_content,,,,,,,,,-6.700038909912109,-5.992931365966797,0.7071075439453125,-6.685346603393555,-6.009055137634277,0.020778036727735698,0.022802431971688138,0.020778036727735698
bar_random_1,1113437,4783289,0,structural_group,Document,,,,,,,,,-6.700038909912109,-5.992931365966797,0.7071075439453125,-6.6992950439453125,-5.993565559387207,0.001051984204052567,0.0008968839688396884,0.0008968839688396884
bar_random_1,1113437,4783289,0,structural_group,Document_colon,,,,,,,,,-6.700038909912109,-5.992931365966797,0.7071075439453125,-6.700019836425781,-5.992959976196289,2.6973953950065816e-05,4.046093092509872e-05,2.6973953950065816e-05
bar_random_1,1113437,4783289,0,structural_group,attack_tokens,,,,,,,,,-6.700038909912109,-5.992931365966797,0.7071075439453125,-6.700038909912109,-6.037273406982422,0.0,0.06270904814311301,0.0
bar_random_1,1113437,4783289,0,structural_group,original_document,,,,,,,,,-6.700038909912109,-5.992931365966797,0.7071075439453125,-6.681835174560547,-5.986922264099121,0.025743941649942814,-0.008498144191968236,-0.008498144191968236
bar_random_1,1113437,4783289,0,structural_group,Relevant,,,,,,,,,-6.700038909912109,-5.992931365966797,0.7071075439453125,-6.700679779052734,-5.992231369018555,-0.0009063248527222114,-0.0009899441099674154,-0.0009899441099674154
bar_random_1,1113437,4783289,0,structural_group,Relevant_colon,,,,,,,,,-6.700038909912109,-5.992931365966797,0.7071075439453125,-6.69975471496582,-5.993315696716309,0.00040191191385598066,0.0005435251720938262,0.00040191191385598066
bar_random_1,1113437,4783289,1,query_word,what,0,what,3,4,1,stopword,unmatched,stopword_unmatched,-6.700038909912109,-5.992931365966797,0.7071075439453125,-6.699764251708984,-5.993182182312012,0.0003884249368809478,0.0003547074944433655,0.0003547074944433655
bar_random_1,1113437,4783289,1,query_word,is,1,is,4,5,1,stopword,matched,stopword_matched,-6.700038909912109,-5.992931365966797,0.7071075439453125,-6.69786262512207,-5.995006561279297,0.0030777281457025096,0.002934766189767161,0.002934766189767161
bar_random_1,1113437,4783289,1,query_word,physical,2,physical,5,6,1,content,unmatched,content_unmatched,-6.700038909912109,-5.992931365966797,0.7071075439453125,-6.678737640380859,-6.014524459838867,0.030124511771433504,0.03053721326686951,0.030124511771433504
bar_random_1,1113437,4783289,1,query_word,description,3,description,6,7,1,content,unmatched,content_unmatched,-6.700038909912109,-5.992931365966797,0.7071075439453125,-6.690940856933594,-6.000522613525391,0.012866576034181395,0.010735633672126195,0.010735633672126195
bar_random_1,1113437,4783289,1,query_word,of,4,of,7,8,1,stopword,unmatched,stopword_unmatched,-6.700038909912109,-5.992931365966797,0.7071075439453125,-6.69813346862793,-5.994592666625977,0.002694697999611575,0.0023494313890507325,0.0023494313890507325
bar_random_1,1113437,4783289,1,query_word,spruce,5,spruce,8,12,4,content,matched,content_matched,-6.700038909912109,-5.992931365966797,0.7071075439453125,-6.69227409362793,-5.9996795654296875,0.010981096653071794,0.009543384907533287,0.009543384907533287
bar_random_1,1113437,4783289,1,structural_group,Query,,,,,,,,,-6.700038909912109,-5.992931365966797,0.7071075439453125,-6.700164794921875,-5.9927978515625,-0.0001780280960704344,-0.0001888176776504607,-0.0001888176776504607
bar_random_1,1113437,4783289,1,structural_group,Query_colon,,,,,,,,,-6.700038909912109,-5.992931365966797,0.7071075439453125,-6.700143814086914,-5.992816925048828,-0.00014835674672536198,-0.0001618437237003949,-0.0001618437237003949
bar_random_1,1113437,4783289,1,structural_group,query_content,,,,,,,,,-6.700038909912109,-5.992931365966797,0.7071075439453125,-6.65770149230957,-6.032770156860352,0.05987408558296109,0.05634049761550247,0.05634049761550247
bar_random_1,1113437,4783289,1,structural_group,Document,,,,,,,,,-6.700038909912109,-5.992931365966797,0.7071075439453125,-6.700592041015625,-5.992179870605469,-0.0007822446645519087,-0.0010627737856325932,-0.0010627737856325932
bar_random_1,1113437,4783289,1,structural_group,Document_colon,,,,,,,,,-6.700038909912109,-5.992931365966797,0.7071075439453125,-6.700414657592773,-5.99250602722168,-0.0005313868928162966,-0.0006015191730864677,-0.0006015191730864677
bar_random_1,1113437,4783289,1,structural_group,attack_tokens,,,,,,,,,-6.700038909912109,-5.992931365966797,0.7071075439453125,-6.700038909912109,-5.924497604370117,0.0,-0.09677984937744115,-0.09677984937744115
bar_random_1,1113437,4783289,1,structural_group,original_document,,,,,,,,,-6.700038909912109,-5.992931365966797,0.7071075439453125,-6.703104019165039,-5.980365753173828,-0.004334714399775576,-0.01777044086230336,-0.01777044086230336
bar_random_1,1113437,4783289,1,structural_group,Relevant,,,,,,,,,-6.700038909912109,-5.992931365966797,0.7071075439453125,-6.700056076049805,-5.99296760559082,-2.4276558555059236e-05,5.125051250512505e-05,-2.4276558555059236e-05
bar_random_1,1113437,4783289,1,structural_group,Relevant_colon,,,,,,,,,-6.700038909912109,-5.992931365966797,0.7071075439453125,-6.699357986450195,-5.993729591369629,0.0009629701560173496,0.0011288599728102545,0.0009629701560173496
bar_random_1,1113437,4783289,2,query_word,what,0,what,3,4,1,stopword,unmatched,stopword_unmatched,-6.700038909912109,-5.992931365966797,0.7071075439453125,-6.6999053955078125,-5.992998123168945,0.0001888176776504607,9.440883882523035e-05,9.440883882523035e-05
bar_random_1,1113437,4783289,2,query_word,is,1,is,4,5,1,stopword,matched,stopword_matched,-6.700038909912109,-5.992931365966797,0.7071075439453125,-6.699316024780273,-5.993608474731445,0.0010223128547074945,0.0009575753652273364,0.0009575753652273364
bar_random_1,1113437,4783289,2,query_word,physical,2,physical,5,6,1,content,unmatched,content_unmatched,-6.700038909912109,-5.992931365966797,0.7071075439453125,-6.689935684204102,-6.0057830810546875,0.014288103407349864,0.01817505017155435,0.014288103407349864
bar_random_1,1113437,4783289,2,query_word,description,3,description,6,7,1,content,unmatched,content_unmatched,-6.700038909912109,-5.992931365966797,0.7071075439453125,-6.691659927368164,-6.001631736755371,0.011849657970263914,0.012304169094322522,0.011849657970263914
bar_random_1,1113437,4783289,2,query_word,of,4,of,7,8,1,stopword,unmatched,stopword_unmatched,-6.700038909912109,-5.992931365966797,0.7071075439453125,-6.700225830078125,-5.992548942565918,-0.000264344748710645,-0.0005408277766988196,-0.0005408277766988196
bar_random_1,1113437,4783289,2,query_word,spruce,5,spruce,8,12,4,content,matched,content_matched,-6.700038909912109,-5.992931365966797,0.7071075439453125,-6.694721221923828,-5.999264717102051,0.00752033836127835,0.008956701409119354,0.00752033836127835
bar_random_1,1113437,4783289,2,structural_group,Query,,,,,,,,,-6.700038909912109,-5.992931365966797,0.7071075439453125,-6.699470520019531,-5.993143081665039,0.0008038238277119613,0.0002994108888457306,0.0002994108888457306
bar_random_1,1113437,4783289,2,structural_group,Query_colon,,,,,,,,,-6.700038909912109,-5.992931365966797,0.7071075439453125,-6.699199676513672,-5.993593215942383,0.0011868539738028958,0.0009359962020672838,0.0009359962020672838
bar_random_1,1113437,4783289,2,structural_group,query_content,,,,,,,,,-6.700038909912109,-5.992931365966797,0.7071075439453125,-6.675544738769531,-6.021093368530273,0.03463995166267452,0.039827043007272175,0.03463995166267452
bar_random_1,1113437,4783289,2,structural_group,Document,,,,,,,,,-6.700038909912109,-5.992931365966797,0.7071075439453125,-6.698757171630859,-5.994006156921387,0.0018126497054444229,0.0015199823050862087,0.0015199823050862087
bar_random_1,1113437,4783289,2,structural_group,Document_colon,,,,,,,,,-6.700038909912109,-5.992931365966797,0.7071075439453125,-6.699375152587891,-5.993687629699707,0.0009386935974622905,0.0010695172741201097,0.0009386935974622905
bar_random_1,1113437,4783289,2,structural_group,attack_tokens,,,,,,,,,-6.700038909912109,-5.992931365966797,0.7071075439453125,-6.700038909912109,-5.8881378173828125,0.0,-0.1482002977924516,-0.1482002977924516
bar_random_1,1113437,4783289,2,structural_group,original_document,,,,,,,,,-6.700038909912109,-5.992931365966797,0.7071075439453125,-6.763889312744141,-6.0320587158203125,-0.09029800824324033,0.055334369133165015,-0.09029800824324033
bar_random_1,1113437,4783289,2,structural_group,Relevant,,,,,,,,,-6.700038909912109,-5.992931365966797,0.7071075439453125,-6.699138641357422,-5.993906021118164,0.0012731706264431065,0.0013783690468483632,0.0012731706264431065
bar_random_1,1113437,4783289,2,structural_group,Relevant_colon,,,,,,,,,-6.700038909912109,-5.992931365966797,0.7071075439453125,-6.699975967407227,-5.993250846862793,8.90140480352172e-05,0.0004518137286636024,8.90140480352172e-05
bar_random_1,1113437,4783289,3,query_word,what,0,what,3,4,1,stopword,unmatched,stopword_unmatched,-6.700038909912109,-5.992931365966797,0.7071075439453125,-6.700702667236328,-5.99250602722168,-0.0009386935974622905,-0.0006015191730864677,-0.0009386935974622905
bar_random_1,1113437,4783289,3,query_word,is,1,is,4,5,1,stopword,matched,stopword_matched,-6.700038909912109,-5.992931365966797,0.7071075439453125,-6.699024200439453,-5.994260787963867,0.0014350143501435015,0.0018800845903195874,0.0014350143501435015
bar_random_1,1113437,4783289,3,query_word,physical,2,physical,5,6,1,content,unmatched,content_unmatched,-6.700038909912109,-5.992931365966797,0.7071075439453125,-6.679990768432617,-6.014433860778809,0.02835232299691418,0.0304090869856067,0.02835232299691418
bar_random_1,1113437,4783289,3,query_word,description,3,description,6,7,1,content,unmatched,content_unmatched,-6.700038909912109,-5.992931365966797,0.7071075439453125,-6.674419403076172,-6.018017768859863,0.0362314149457284,0.03547749293282407,0.03547749293282407
bar_random_1,1113437,4783289,3,query_word,of,4,of,7,8,1,stopword,unmatched,stopword_unmatched,-6.700038909912109,-5.992931365966797,0.7071075439453125,-6.697542190551758,-5.995348930358887,0.0035308905720636153,0.0034189486631708422,0.0034189486631708422
bar_random_1,1113437,4783289,3,query_word,spruce,5,spruce,8,12,4,content,matched,content_matched,-6.700038909912109,-5.992931365966797,0.7071075439453125,-6.68940544128418,-6.001682281494141,0.015037979327161693,0.012375650072290197,0.012375650072290197
bar_random_1,1113437,4783289,3,structural_group,Query,,,,,,,,,-6.700038909912109,-5.992931365966797,0.7071075439453125,-6.701662063598633,-5.991506576538086,-0.0022954834811506008,-0.0020149543600699164,-0.0022954834811506008
bar_random_1,1113437,4783289,3,structural_group,Query_colon,,,,,,,,,-6.700038909912109,-5.992931365966797,0.7071075439453125,-6.70073127746582,-5.992387771606445,-0.000979154528387389,-0.0007687576875768758,-0.000979154528387389
bar_random_1,1113437,4783289,3,structural_group,query_content,,,,,,,,,-6.700038909912109,-5.992931365966797,0.7071075439453125,-6.640275955200195,-6.051475524902344,0.08451748991174123,0.08279385425433201,0.08279385425433201
bar_random_1,1113437,4783289,3,structural_group,Document,,,,,,,,,-6.700038909912109,-5.992931365966797,0.7071075439453125,-6.699451446533203,-5.993478775024414,0.0008307977816620272,0.0007741524783668889,0.0007741524783668889
bar_random_1,1113437,4783289,3,structural_group,Document_colon,,,,,,,,,-6.700038909912109,-5.992931365966797,0.7071075439453125,-6.699663162231445,-5.9933013916015625,0.0005313868928162966,0.0005232947066312768,0.0005232947066312768
bar_random_1,1113437,4783289,3,structural_group,attack_tokens,,,,,,,,,-6.700038909912109,-5.992931365966797,0.7071075439453125,-6.700038909912109,-6.045287132263184,0.0,0.07404215489523316,0.0
bar_random_1,1113437,4783289,3,structural_group,original_document,,,,,,,,,-6.700038909912109,-5.992931365966797,0.7071075439453125,-6.735881805419922,-5.95347785949707,-0.05068945426296368,-0.05579562374571114,-0.05579562374571114
bar_random_1,1113437,4783289,3,structural_group,Relevant,,,,,,,,,-6.700038909912109,-5.992931365966797,0.7071075439453125,-6.700183868408203,-5.9930219650268555,-0.0002050020500205002,0.00012812628126281263,-0.0002050020500205002
bar_random_1,1113437,4783289,3,structural_group,Relevant_colon,,,,,,,,,-6.700038909912109,-5.992931365966797,0.7071075439453125,-6.700044631958008,-5.993176460266113,-8.092186185019745e-06,0.00034661530825834576,-8.092186185019745e-06
bar_random_1,1113437,4783289,4,query_word,what,0,what,3,4,1,stopword,unmatched,stopword_unmatched,-6.700038909912109,-5.992931365966797,0.7071075439453125,-6.7030487060546875,-5.990008354187012,-0.004256489933320386,-0.004133758442847586,-0.004256489933320386
bar_random_1,1113437,4783289,4,query_word,is,1,is,4,5,1,stopword,matched,stopword_matched,-6.700038909912109,-5.992931365966797,0.7071075439453125,-6.7010040283203125,-5.991893768310547,-0.0013648820698733304,-0.0014673830948835804,-0.0014673830948835804
bar_random_1,1113437,4783289,4,query_word,physical,2,physical,5,6,1,content,unmatched,content_unmatched,-6.700038909912109,-5.992931365966797,0.7071075439453125,-6.72850227355957,-5.965906143188477,-0.04025323147968322,-0.038219395351848255,-0.04025323147968322
bar_random_1,1113437,4783289,4,query_word,description,3,description,6,7,1,content,unmatched,content_unmatched,-6.700038909912109,-5.992931365966797,0.7071075439453125,-6.715221405029297,-5.977752685546875,-0.02147126734425239,-0.021465872553462377,-0.02147126734425239
bar_random_1,1113437,4783289,4,query_word,of,4,of,7,8,1,stopword,unmatched,stopword_unmatched,-6.700038909912109,-5.992931365966797,0.7071075439453125,-6.699245452880859,-5.993261337280273,0.001122116484322738,0.0004666494033361386,0.0004666494033361386
bar_random_1,1113437,4783289,4,query_word,spruce,5,spruce,8,12,4,content,matched,content_matched,-6.700038909912109,-5.992931365966797,0.7071075439453125,-6.6837005615234375,-6.008861541748047,0.023105888953626377,0.02252864633909497,0.02252864633909497
bar_random_1,1113437,4783289,4,structural_group,Query,,,,,,,,,-6.700038909912109,-5.992931365966797,0.7071075439453125,-6.699668884277344,-5.993429183959961,0.0005232947066312768,0.0007040201980967178,0.0005232947066312768
bar_random_1,1113437,4783289,4,structural_group,Query_colon,,,,,,,,,-6.700038909912109,-5.992931365966797,0.7071075439453125,-6.700477600097656,-5.992465019226074,-0.0006204009408515138,-0.0006595131740791092,-0.0006595131740791092
bar_random_1,1113437,4783289,4,structural_group,query_content,,,,,,,,,-6.700038909912109,-5.992931365966797,0.7071075439453125,-6.730499267578125,-5.963137626647949,-0.04307740445825511,-0.04213466476770031,-0.04307740445825511
bar_random_1,1113437,4783289,4,structural_group,Document,,,,,,,,,-6.700038909912109,-5.992931365966797,0.7071075439453125,-6.7009735107421875,-5.992259979248047,-0.001321723743553225,-0.0009494831790423168,-0.001321723743553225
bar_random_1,1113437,4783289,4,structural_group,Document_colon,,,,,,,,,-6.700038909912109,-5.992931365966797,0.7071075439453125,-6.699392318725586,-5.9935455322265625,0.0009144170389072312,0.0008685613171921193,0.0008685613171921193
bar_random_1,1113437,4783289,4,structural_group,attack_tokens,,,,,,,,,-6.700038909912109,-5.992931365966797,0.7071075439453125,-6.700038909912109,-5.998649597167969,0.0,0.008086791394229732,0.0
bar_random_1,1113437,4783289,4,structural_group,original_document,,,,,,,,,-6.700038909912109,-5.992931365966797,0.7071075439453125,-6.584995269775391,-6.187473297119141,0.16269610064521697,0.2751235407090913,0.16269610064521697
bar_random_1,1113437,4783289,4,structural_group,Relevant,,,,,,,,,-6.700038909912109,-5.992931365966797,0.7071075439453125,-6.699169158935547,-5.993963241577148,0.0012300123001230013,0.0014592909086985606,0.0012300123001230013
bar_random_1,1113437,4783289,4,structural_group,Relevant_colon,,,,,,,,,-6.700038909912109,-5.992931365966797,0.7071075439453125,-6.700284957885742,-5.992744445800781,-0.000347964005955849,-0.000264344748710645,-0.000347964005955849
bar_random_1,1113437,4783289,5,query_word,what,0,what,3,4,1,stopword,unmatched,stopword_unmatched,-6.700038909912109,-5.992931365966797,0.7071075439453125,-6.697788238525391,-5.995016098022461,0.0031829265661077666,0.002948253166742194,0.002948253166742194
bar_random_1,1113437,4783289,5,query_word,is,1,is,4,5,1,stopword,matched,stopword_matched,-6.700038909912109,-5.992931365966797,0.7071075439453125,-6.701148986816406,-5.991997718811035,-0.0015698841198938304,-0.0013203750458557217,-0.0015698841198938304
bar_random_1,1113437,4783289,5,query_word,physical,2,physical,5,6,1,content,unmatched,content_unmatched,-6.700038909912109,-5.992931365966797,0.7071075439453125,-6.72535514831543,-5.968193054199219,-0.035802529077922356,-0.03498521827323536,-0.035802529077922356
bar_random_1,1113437,4783289,5,query_word,description,3,description,6,7,1,content,unmatched,content_unmatched,-6.700038909912109,-5.992931365966797,0.7071075439453125,-6.700832366943359,-5.993839263916016,-0.001122116484322738,0.0012839602080231328,-0.001122116484322738
bar_random_1,1113437,4783289,5,query_word,of,4,of,7,8,1,stopword,unmatched,stopword_unmatched,-6.700038909912109,-5.992931365966797,0.7071075439453125,-6.695030212402344,-5.996744155883789,0.007083360307287284,0.0053920933946181564,0.0053920933946181564
bar_random_1,1113437,4783289,5,query_word,spruce,5,spruce,8,12,4,content,matched,content_matched,-6.700038909912109,-5.992931365966797,0.7071075439453125,-6.697763442993164,-5.9949235916137695,0.0032179927062428518,0.0028174294900843743,0.0028174294900843743
bar_random_1,1113437,4783289,5,structural_group,Query,,,,,,,,,-6.700038909912109,-5.992931365966797,0.7071075439453125,-6.6999053955078125,-5.992888450622559,0.0001888176776504607,-6.0691396387648086e-05,-6.0691396387648086e-05
bar_random_1,1113437,4783289,5,structural_group,Query_colon,,,,,,,,,-6.700038909912109,-5.992931365966797,0.7071075439453125,-6.700736999511719,-5.992117881774902,-0.0009872467145724088,-0.0011504391359703071,-0.0011504391359703071
bar_random_1,1113437,4783289,5,structural_group,query_content,,,,,,,,,-6.700038909912109,-5.992931365966797,0.7071075439453125,-6.717945098876953,-5.9763383865356445,-0.025323147968321788,-0.023465991238859757,-0.025323147968321788
bar_random_1,1113437,4783289,5,structural_group,Document,,,,,,,,,-6.700038909912109,-5.992931365966797,0.7071075439453125,-6.700235366821289,-5.992624282836914,-0.0002778317256856779,-0.00043428065859605963,-0.00043428065859605963
bar_random_1,1113437,4783289,5,structural_group,Document_colon,,,,,,,,,-6.700038909912109,-5.992931365966797,0.7071075439453125,-6.7005615234375,-5.992714881896973,-0.0007390863382318034,-0.000306154377333247,-0.0007390863382318034
bar_random_1,1113437,4783289,5,structural_group,attack_tokens,,,,,,,,,-6.700038909912109,-5.992931365966797,0.7071075439453125,-6.700038909912109,-5.983189582824707,0.0,-0.013776946979996115,-0.013776946979996115
bar_random_1,1113437,4783289,5,structural_group,original_document,,,,,,,,,-6.700038909912109,-5.992931365966797,0.7071075439453125,-6.568267822265625,-6.2660722732543945,0.1863522582594247,0.38627915884422004,0.1863522582594247
bar_random_1,1113437,4783289,5,structural_group,Relevant,,,,,,,,,-6.700038909912109,-5.992931365966797,0.7071075439453125,-6.700780868530273,-5.992330551147461,-0.0010492868086575602,-0.0008496795494270732,-0.0010492868086575602
bar_random_1,1113437,4783289,5,structural_group,Relevant_colon,,,,,,,,,-6.700038909912109,-5.992931365966797,0.7071075439453125,-6.70109748840332,-5.992097854614258,-0.0014970544442286528,-0.0011787617876178763,-0.0014970544442286528
bar_random_1,1113437,4783289,6,query_word,what,0,what,3,4,1,stopword,unmatched,stopword_unmatched,-6.700038909912109,-5.992931365966797,0.7071075439453125,-6.70311164855957,-5.990867614746094,-0.004345503981355603,-0.0029185818173971213,-0.004345503981355603
bar_random_1,1113437,4783289,6,query_word,is,1,is,4,5,1,stopword,matched,stopword_matched,-6.700038909912109,-5.992931365966797,0.7071075439453125,-6.698688507080078,-5.9937334060668945,0.0019097559396646598,0.0011342547636002676,0.0011342547636002676
bar_random_1,1113437,4783289,6,query_word,physical,2,physical,5,6,1,content,unmatched,content_unmatched,-6.700038909912109,-5.992931365966797,0.7071075439453125,-6.685918807983398,-6.005440711975098,0.019968818109233726,0.017690867698150665,0.017690867698150665
bar_random_1,1113437,4783289,6,query_word,description,3,description,6,7,1,content,unmatched,content_unmatched,-6.700038909912109,-5.992931365966797,0.7071075439453125,-6.686061859130859,-6.003124237060547,0.01976651345460823,0.014414880990915173,0.014414880990915173
bar_random_1,1113437,4783289,6,query_word,of,4,of,7,8,1,stopword,unmatched,stopword_unmatched,-6.700038909912109,-5.992931365966797,0.7071075439453125,-6.718416213989258,-5.9751691818237305,-0.025989404630888415,-0.025119494615998793,-0.025989404630888415
bar_random_1,1113437,4783289,6,query_word,spruce,5,spruce,8,12,4,content,matched,content_matched,-6.700038909912109,-5.992931365966797,0.7071075439453125,-6.704067230224609,-5.99006462097168,-0.005696899074253901,-0.004054185278694892,-0.005696899074253901
bar_random_1,1113437,4783289,6,structural_group,Query,,,,,,,,,-6.700038909912109,-5.992931365966797,0.7071075439453125,-6.701509475708008,-5.991828918457031,-0.0020796918495500747,-0.0015590945383138041,-0.0020796918495500747
bar_random_1,1113437,4783289,6,structural_group,Query_colon,,,,,,,,,-6.700038909912109,-5.992931365966797,0.7071075439453125,-6.6995849609375,-5.993549346923828,0.0006419801040115664,0.0008739561079821324,0.0006419801040115664
bar_random_1,1113437,4783289,6,structural_group,query_content,,,,,,,,,-6.700038909912109,-5.992931365966797,0.7071075439453125,-6.696746826171875,-5.994405746459961,0.00465570445178136,0.0020850866403400877,0.0020850866403400877
bar_random_1,1113437,4783289,6,structural_group,Document,,,,,,,,,-6.700038909912109,-5.992931365966797,0.7071075439453125,-6.700660705566406,-5.992069244384766,-0.0008793508987721456,-0.001219222718542975,-0.001219222718542975
bar_random_1,1113437,4783289,6,structural_group,Document_colon,,,,,,,,,-6.700038909912109,-5.992931365966797,0.7071075439453125,-6.699787139892578,-5.993583679199219,0.0003560561921408688,0.0009225092250922509,0.0003560561921408688
bar_random_1,1113437,4783289,6,structural_group,attack_tokens,,,,,,,,,-6.700038909912109,-5.992931365966797,0.7071075439453125,-6.700038909912109,-5.949541091918945,0.0,-0.06136304784100473,-0.06136304784100473
bar_random_1,1113437,4783289,6,structural_group,original_document,,,,,,,,,-6.700038909912109,-5.992931365966797,0.7071075439453125,-6.5828094482421875,-6.2228546142578125,0.16578731576789452,0.3251602252864634,0.16578731576789452
bar_random_1,1113437,4783289,6,structural_group,Relevant,,,,,,,,,-6.700038909912109,-5.992931365966797,0.7071075439453125,-6.699274063110352,-5.993577003479004,0.0010816555533976393,0.0009130683412097279,0.0009130683412097279
bar_random_1,1113437,4783289,6,structural_group,Relevant_colon,,,,,,,,,-6.700038909912109,-5.992931365966797,0.7071075439453125,-6.702314376831055,-5.990883827209473,-0.0032179927062428518,-0.002895653956539565,-0.0032179927062428518
bar_random_1,1113437,4783289,7,query_word,what,0,what,3,4,1,stopword,unmatched,stopword_unmatched,-6.700038909912109,-5.992931365966797,0.7071075439453125,-6.702093124389648,-5.991077423095703,-0.0029050948404220883,-0.0026218683239463973,-0.0029050948404220883
bar_random_1,1113437,4783289,7,query_word,is,1,is,4,5,1,stopword,matched,stopword_matched,-6.700038909912109,-5.992931365966797,0.7071075439453125,-6.702339172363281,-5.990684509277344,-0.0032530588463779374,-0.003177531775317753,-0.0032530588463779374
bar_random_1,1113437,4783289,7,query_word,physical,2,physical,5,6,1,content,unmatched,content_unmatched,-6.700038909912109,-5.992931365966797,0.7071075439453125,-6.71025276184082,-5.985962867736816,-0.014444552340260245,-0.009854934075656546,-0.014444552340260245
bar_random_1,1113437,4783289,7,query_word,description,3,description,6,7,1,content,unmatched,content_unmatched,-6.700038909912109,-5.992931365966797,0.7071075439453125,-6.700305938720703,-5.993422508239746,-0.0003776353553009214,0.0006945793142141948,-0.0003776353553009214
bar_random_1,1113437,4783289,7,query_word,of,4,of,7,8,1,stopword,unmatched,stopword_unmatched,-6.700038909912109,-5.992931365966797,0.7071075439453125,-6.722927093505859,-5.972616195678711,-0.03236874474007898,-0.0287299583522151,-0.03236874474007898
bar_random_1,1113437,4783289,7,query_word,spruce,5,spruce,8,12,4,content,matched,content_matched,-6.700038909912109,-5.992931365966797,0.7071075439453125,-6.719335556030273,-5.974403381347656,-0.027289549211281586,-0.026202498867093933,-0.027289549211281586
bar_random_1,1113437,4783289,7,structural_group,Query,,,,,,,,,-6.700038909912109,-5.992931365966797,0.7071075439453125,-6.701162338256836,-5.991992950439453,-0.0015887658876588765,-0.0013271185343432382,-0.0015887658876588765
bar_random_1,1113437,4783289,7,structural_group,Query_colon,,,,,,,,,-6.700038909912109,-5.992931365966797,0.7071075439453125,-6.701177597045898,-5.991909980773926,-0.0016103450508189291,-0.0014444552340260246,-0.0016103450508189291
bar_random_1,1113437,4783289,7,structural_group,query_content,,,,,,,,,-6.700038909912109,-5.992931365966797,0.7071075439453125,-6.756723403930664,-5.942966461181641,-0.0801638937442006,-0.07066096976759241,-0.0801638937442006
bar_random_1,1113437,4783289,7,structural_group,Document,,,,,,,,,-6.700038909912109,-5.992931365966797,0.7071075439453125,-6.69952392578125,-5.993005752563477,0.0007282967566517771,0.00010519842040525669,0.00010519842040525669
bar_random_1,1113437,4783289,7,structural_group,Document_colon,,,,,,,,,-6.700038909912109,-5.992931365966797,0.7071075439453125,-6.699607849121094,-5.99320125579834,0.0006096113592714875,0.0003816814483934313,0.0003816814483934313
bar_random_1,1113437,4783289,7,structural_group,attack_tokens,,,,,,,,,-6.700038909912109,-5.992931365966797,0.7071075439453125,-6.700038909912109,-6.060327529907227,0.0,0.09531246628255756,0.0
bar_random_1,1113437,4783289,7,structural_group,original_document,,,,,,,,,-6.700038909912109,-5.992931365966797,0.7071075439453125,-6.4287567138671875,-6.307275772094727,0.3836505470317861,0.4445496428648497,0.3836505470317861
bar_random_1,1113437,4783289,7,structural_group,Relevant,,,,,,,,,-6.700038909912109,-5.992931365966797,0.7071075439453125,-6.700677871704102,-5.992473602294922,-0.0009036274573272048,-0.0006473748948015796,-0.0009036274573272048
bar_random_1,1113437,4783289,7,structural_group,Relevant_colon,,,,,,,,,-6.700038909912109,-5.992931365966797,0.7071075439453125,-6.704750061035156,-5.98797607421875,-0.006662566625666257,-0.007007833236227099,-0.007007833236227099
bar_random_1,1113437,4783289,8,query_word,what,0,what,3,4,1,stopword,unmatched,stopword_unmatched,-6.700038909912109,-5.992931365966797,0.7071075439453125,-6.697330474853516,-5.996100425720215,0.0038303014609093458,0.004481722448803435,0.0038303014609093458
bar_random_1,1113437,4783289,8,query_word,is,1,is,4,5,1,stopword,matched,stopword_matched,-6.700038909912109,-5.992931365966797,0.7071075439453125,-6.698720932006836,-5.9942169189453125,0.0018639002179495479,0.0018180444962344361,0.0018180444962344361
bar_random_1,1113437,4783289,8,query_word,physical,2,physical,5,6,1,content,unmatched,content_unmatched,-6.700038909912109,-5.992931365966797,0.7071075439453125,-6.670429229736328,-6.020547866821289,0.04187436611208217,0.0390555879243003,0.0390555879243003
bar_random_1,1113437,4783289,8,query_word,description,3,description,6,7,1,content,unmatched,content_unmatched,-6.700038909912109,-5.992931365966797,0.7071075439453125,-6.732807159423828,-5.96498966217041,-0.046341252886213075,-0.039515493839148916,-0.046341252886213075
bar_random_1,1113437,4783289,8,query_word,of,4,of,7,8,1,stopword,unmatched,stopword_unmatched,-6.700038909912109,-5.992931365966797,0.7071075439453125,-6.683994293212891,-6.010876655578613,0.022690490062795363,0.025378444573919422,0.022690490062795363
bar_random_1,1113437,4783289,8,query_word,spruce,5,spruce,8,12,4,content,matched,content_matched,-6.700038909912109,-5.992931365966797,0.7071075439453125,-6.685972213745117,-6.0077619552612305,0.01989329103817354,0.020973597893873677,0.01989329103817354
bar_random_1,1113437,4783289,8,structural_group,Query,,,,,,,,,-6.700038909912109,-5.992931365966797,0.7071075439453125,-6.70079231262207,-5.991342544555664,-0.0010654711810275997,-0.0022469303640404825,-0.0022469303640404825
bar_random_1,1113437,4783289,8,structural_group,Query_colon,,,,,,,,,-6.700038909912109,-5.992931365966797,0.7071075439453125,-6.703367233276367,-5.989654541015625,-0.004706954964286485,-0.004634125288621308,-0.004706954964286485
bar_random_1,1113437,4783289,8,structural_group,query_content,,,,,,,,,-6.700038909912109,-5.992931365966797,0.7071075439453125,-6.668947219848633,-6.029449462890625,0.04397024233400229,0.05164433223279601,0.04397024233400229
bar_random_1,1113437,4783289,8,structural_group,Document,,,,,,,,,-6.700038909912109,-5.992931365966797,0.7071075439453125,-6.701450347900391,-5.9918928146362305,-0.0019960725923048703,-0.0014687317925810837,-0.0019960725923048703
bar_random_1,1113437,4783289,8,structural_group,Document_colon,,,,,,,,,-6.700038909912109,-5.992931365966797,0.7071075439453125,-6.705085754394531,-5.988443374633789,-0.007137308215187415,-0.006346971364450487,-0.007137308215187415
bar_random_1,1113437,4783289,8,structural_group,attack_tokens,,,,,,,,,-6.700038909912109,-5.992931365966797,0.7071075439453125,-6.700038909912109,-5.967498779296875,0.0,-0.03596707019701776,-0.03596707019701776
bar_random_1,1113437,4783289,8,structural_group,original_document,,,,,,,,,-6.700038909912109,-5.992931365966797,0.7071075439453125,-6.427305221557617,-6.2039337158203125,0.3857032649273861,0.2984020629679981,0.2984020629679981
bar_random_1,1113437,4783289,8,structural_group,Relevant,,,,,,,,,-6.700038909912109,-5.992931365966797,0.7071075439453125,-6.696445465087891,-5.9960479736328125,0.0050818929241924,0.0044075440754407546,0.0044075440754407546
bar_random_1,1113437,4783289,8,structural_group,Relevant_colon,,,,,,,,,-6.700038909912109,-5.992931365966797,0.7071075439453125,-6.69951057434082,-5.993776321411133,0.0007471785244168232,0.0011949461599879156,0.0007471785244168232
bar_random_1,1113437,4783289,9,query_word,what,0,what,3,4,1,stopword,unmatched,stopword_unmatched,-6.700038909912109,-5.992931365966797,0.7071075439453125,-6.696102142333984,-5.999638557434082,0.005567424095293584,0.009485390906540644,0.005567424095293584
bar_random_1,1113437,4783289,9,query_word,is,1,is,4,5,1,stopword,matched,stopword_matched,-6.700038909912109,-5.992931365966797,0.7071075439453125,-6.695394515991211,-5.9971818923950195,0.006568157786841026,0.006011145637772167,0.006011145637772167
bar_random_1,1113437,4783289,9,query_word,physical,2,physical,5,6,1,content,unmatched,content_unmatched,-6.700038909912109,-5.992931365966797,0.7071075439453125,-6.521022796630859,-6.154736518859863,0.25316674219373775,0.22882679484689583,0.22882679484689583
bar_random_1,1113437,4783289,9,query_word,description,3,description,6,7,1,content,unmatched,content_unmatched,-6.700038909912109,-5.992931365966797,0.7071075439453125,-6.503957748413086,-6.168296813964844,0.2773003387928616,0.24800392740769514,0.24800392740769514
bar_random_1,1113437,4783289,9,query_word,of,4,of,7,8,1,stopword,unmatched,stopword_unmatched,-6.700038909912109,-5.992931365966797,0.7071075439453125,-6.677234649658203,-6.013321876525879,0.03225005934269869,0.02883650547031786,0.02883650547031786
bar_random_1,1113437,4783289,9,query_word,spruce,5,spruce,8,12,4,content,matched,content_matched,-6.700038909912109,-5.992931365966797,0.7071075439453125,-6.656131744384766,-6.02916145324707,0.06209404199305151,0.051237025528150015,0.051237025528150015
bar_random_1,1113437,4783289,9,structural_group,Query,,,,,,,,,-6.700038909912109,-5.992931365966797,0.7071075439453125,-6.695381164550781,-5.996537208557129,0.006587039554606072,0.005099425994259943,0.005099425994259943
bar_random_1,1113437,4783289,9,structural_group,Query_colon,,,,,,,,,-6.700038909912109,-5.992931365966797,0.7071075439453125,-6.694364547729492,-5.998525619506836,0.008024751300144581,0.007911460693554305,0.007911460693554305
bar_random_1,1113437,4783289,9,structural_group,query_content,,,,,,,,,-6.700038909912109,-5.992931365966797,0.7071075439453125,-6.259169578552246,-6.413910865783691,0.6234827150903088,0.5953542759111802,0.5953542759111802
bar_random_1,1113437,4783289,9,structural_group,Document,,,,,,,,,-6.700038909912109,-5.992931365966797,0.7071075439453125,-6.700532913208008,-5.992317199707031,-0.0006986254073067047,-0.0008685613171921193,-0.0008685613171921193
bar_random_1,1113437,4783289,9,structural_group,Document_colon,,,,,,,,,-6.700038909912109,-5.992931365966797,0.7071075439453125,-6.698566436767578,-5.994546890258789,0.002082389244945081,0.0022846938995705747,0.002082389244945081
bar_random_1,1113437,4783289,9,structural_group,attack_tokens,,,,,,,,,-6.700038909912109,-5.992931365966797,0.7071075439453125,-6.700038909912109,-6.036964416503906,0.0,0.062272070089121945,0.0
bar_random_1,1113437,4783289,9,structural_group,original_document,,,,,,,,,-6.700038909912109,-5.992931365966797,0.7071075439453125,-6.565667152404785,-6.112667083740234,0.19003015688051617,0.16933169331693318,0.16933169331693318
bar_random_1,1113437,4783289,9,structural_group,Relevant,,,,,,,,,-6.700038909912109,-5.992931365966797,0.7071075439453125,-6.703411102294922,-5.989437103271484,-0.004768995058371636,-0.004941628363652057,-0.004941628363652057
bar_random_1,1113437,4783289,9,structural_group,Relevant_colon,,,,,,,,,-6.700038909912109,-5.992931365966797,0.7071075439453125,-6.698322296142578,-5.9946746826171875,0.0024276558555059234,0.0024654193910360156,0.0024276558555059234
bar_random_1,1113437,4783289,10,query_word,what,0,what,3,4,1,stopword,unmatched,stopword_unmatched,-6.700038909912109,-5.992931365966797,0.7071075439453125,-6.571514129638672,-6.117987632751465,0.18176129129712348,0.17685607777130402,0.17685607777130402
bar_random_1,1113437,4783289,10,query_word,is,1,is,4,5,1,stopword,matched,stopword_matched,-6.700038909912109,-5.992931365966797,0.7071075439453125,-6.696964263916016,-5.995814323425293,0.004348201376750609,0.004077113139552448,0.004077113139552448
bar_random_1,1113437,4783289,10,query_word,physical,2,physical,5,6,1,content,unmatched,content_unmatched,-6.700038909912109,-5.992931365966797,0.7071075439453125,-6.689552307128906,-6.001306533813477,0.014830279881746187,0.0118442631794739,0.0118442631794739
bar_random_1,1113437,4783289,10,query_word,description,3,description,6,7,1,content,unmatched,content_unmatched,-6.700038909912109,-5.992931365966797,0.7071075439453125,-6.655910491943359,-6.022997856140137,0.06240693985887227,0.04252039230918625,0.04252039230918625
bar_random_1,1113437,4783289,10,query_word,of,4,of,7,8,1,stopword,unmatched,stopword_unmatched,-6.700038909912109,-5.992931365966797,0.7071075439453125,-6.64300537109375,-6.046348571777344,0.0806575171014868,0.07554325543255433,0.07554325543255433
bar_random_1,1113437,4783289,10,query_word,spruce,5,spruce,8,12,4,content,matched,content_matched,-6.700038909912109,-5.992931365966797,0.7071075439453125,-6.644506454467773,-6.044521331787109,0.07853466692561663,0.07295915064413802,0.07295915064413802
bar_random_1,1113437,4783289,10,structural_group,Query,,,,,,,,,-6.700038909912109,-5.992931365966797,0.7071075439453125,-6.657005310058594,-6.032438278198242,0.0608586349021385,0.055871150816771326,0.055871150816771326
bar_random_1,1113437,4783289,10,structural_group,Query_colon,,,,,,,,,-6.700038909912109,-5.992931365966797,0.7071075439453125,-6.664770126342773,-6.025516510009766,0.049877538249066704,0.04608230292829244,0.04608230292829244
bar_random_1,1113437,4783289,10,structural_group,query_content,,,,,,,,,-6.700038909912109,-5.992931365966797,0.7071075439453125,-6.39617919921875,-6.266722679138184,0.4297220603784985,0.3871989706739173,0.3871989706739173
bar_random_1,1113437,4783289,10,structural_group,Document,,,,,,,,,-6.700038909912109,-5.992931365966797,0.7071075439453125,-6.687629699707031,-6.00439453125,0.01754925443991282,0.016211346323989555,0.016211346323989555
bar_random_1,1113437,4783289,10,structural_group,Document_colon,,,,,,,,,-6.700038909912109,-5.992931365966797,0.7071075439453125,-6.683282852172852,-6.008902549743652,0.02369661854513282,0.022586640340087612,0.022586640340087612
bar_random_1,1113437,4783289,10,structural_group,attack_tokens,,,,,,,,,-6.700038909912109,-5.992931365966797,0.7071075439453125,-6.700038909912109,-5.997255325317383,0.0,0.006114995360479921,0.0
bar_random_1,1113437,4783289,10,structural_group,original_document,,,,,,,,,-6.700038909912109,-5.992931365966797,0.7071075439453125,-6.653881072998047,-6.036603927612305,0.06527696855915928,0.0617622623594657,0.0617622623594657
bar_random_1,1113437,4783289,10,structural_group,Relevant,,,,,,,,,-6.700038909912109,-5.992931365966797,0.7071075439453125,-6.700565338134766,-5.993012428283691,-0.0007444811290218165,0.00011463930428777972,-0.0007444811290218165
bar_random_1,1113437,4783289,10,structural_group,Relevant_colon,,,,,,,,,-6.700038909912109,-5.992931365966797,0.7071075439453125,-6.697603225708008,-5.994607925415039,0.003444573919423405,0.002371010552210785,0.002371010552210785
bar_random_1,1113437,4783289,11,query_word,what,0,what,3,4,1,stopword,unmatched,stopword_unmatched,-6.700038909912109,-5.992931365966797,0.7071075439453125,-6.608196258544922,-6.073625564575195,0.12988498306035692,0.11411870697654344,0.11411870697654344
bar_random_1,1113437,4783289,11,query_word,is,1,is,4,5,1,stopword,matched,stopword_matched,-6.700038909912109,-5.992931365966797,0.7071075439453125,-6.694463729858398,-5.997581481933594,0.007884486739604239,0.006576249973026046,0.006576249973026046
bar_random_1,1113437,4783289,11,query_word,physical,2,physical,5,6,1,content,unmatched,content_unmatched,-6.700038909912109,-5.992931365966797,0.7071075439453125,-6.612377166748047,-6.068309783935547,0.1239722923545025,0.1066010660106601,0.1066010660106601
bar_random_1,1113437,4783289,11,query_word,description,3,description,6,7,1,content,unmatched,content_unmatched,-6.700038909912109,-5.992931365966797,0.7071075439453125,-6.58782958984375,-6.084440231323242,0.1586877710882372,0.12941293886623076,0.12941293886623076
bar_random_1,1113437,4783289,11,query_word,of,4,of,7,8,1,stopword,unmatched,stopword_unmatched,-6.700038909912109,-5.992931365966797,0.7071075439453125,-6.675619125366211,-6.014169692993164,0.03453475324226926,0.030035497723398287,0.030035497723398287
bar_random_1,1113437,4783289,11,query_word,spruce,5,spruce,8,12,4,content,matched,content_matched,-6.700038909912109,-5.992931365966797,0.7071075439453125,-6.661369323730469,-6.023311614990234,0.054686994238363436,0.042964113851664834,0.042964113851664834
bar_random_1,1113437,4783289,11,structural_group,Query,,,,,,,,,-6.700038909912109,-5.992931365966797,0.7071075439453125,-6.658472061157227,-6.028641700744629,0.058784337843378436,0.050501985283010725,0.050501985283010725
bar_random_1,1113437,4783289,11,structural_group,Query_colon,,,,,,,,,-6.700038909912109,-5.992931365966797,0.7071075439453125,-6.6003875732421875,-6.075590133666992,0.14092811980751385,0.11689702423340023,0.11689702423340023
bar_random_1,1113437,4783289,11,structural_group,query_content,,,,,,,,,-6.700038909912109,-5.992931365966797,0.7071075439453125,-6.345245361328125,-6.304767608642578,0.5017533070067542,0.44100256792041603,0.44100256792041603
bar_random_1,1113437,4783289,11,structural_group,Document,,,,,,,,,-6.700038909912109,-5.992931365966797,0.7071075439453125,-6.681402206420898,-6.007425308227539,0.02635625040460931,0.020497507606655013,0.020497507606655013
bar_random_1,1113437,4783289,11,structural_group,Document_colon,,,,,,,,,-6.700038909912109,-5.992931365966797,0.7071075439453125,-6.663246154785156,-6.023313522338867,0.05203275716967696,0.04296681124705984,0.04296681124705984
bar_random_1,1113437,4783289,11,structural_group,attack_tokens,,,,,,,,,-6.700038909912109,-5.992931365966797,0.7071075439453125,-6.700038909912109,-5.992914199829102,0.0,-2.4276558555059236e-05,-2.4276558555059236e-05
bar_random_1,1113437,4783289,11,structural_group,original_document,,,,,,,,,-6.700038909912109,-5.992931365966797,0.7071075439453125,-6.699092864990234,-5.995952606201172,0.0013379081159232645,0.004272674305690425,0.0013379081159232645
bar_random_1,1113437,4783289,11,structural_group,Relevant,,,,,,,,,-6.700038909912109,-5.992931365966797,0.7071075439453125,-6.699644088745117,-5.993405342102051,0.0005583608467663624,0.0006703027556591355,0.0005583608467663624
bar_random_1,1113437,4783289,11,structural_group,Relevant_colon,,,,,,,,,-6.700038909912109,-5.992931365966797,0.7071075439453125,-6.692623138427734,-5.998481750488281,0.01048747329578559,0.007849420599469152,0.007849420599469152
bar_random_1,47923,4321228,0,query_word,axon,0,axon,3,7,4,content,matched,content_matched,-3.1208364963531494,-2.5321884155273438,0.5886480808258057,-3.1188738346099854,-2.5340609550476074,0.003334185240883948,0.003181084898190297,0.003181084898190297
bar_random_1,47923,4321228,0,query_word,terminals,1,terminals,7,9,2,content,matched,content_matched,-3.1208364963531494,-2.5321884155273438,0.5886480808258057,-3.1206107139587402,-2.5324015617370605,0.0003835609114573735,0.00036209446129133253,0.00036209446129133253
bar_random_1,47923,4321228,0,query_word,or,2,or,9,10,1,stopword,matched,stopword_matched,-3.1208364963531494,-2.5321884155273438,0.5886480808258057,-3.1209559440612793,-2.5321340560913086,-0.00020291870817333064,-9.23462384501385e-05,-0.00020291870817333064
bar_random_1,47923,4321228,0,query_word,synaptic,3,synaptic,10,13,3,content,unmatched,content_unmatched,-3.1208364963531494,-2.5321884155273438,0.5886480808258057,-3.1214051246643066,-2.531994342803955,-0.0009659902574718436,-0.00032969227236145937,-0.0009659902574718436
bar_random_1,47923,4321228,0,query_word,knob,4,knob,13,14,1,content,unmatched,content_unmatched,-3.1208364963531494,-2.5321884155273438,0.5886480808258057,-3.113074779510498,-2.538905382156372,0.013185665757650258,0.011410835859016456,0.011410835859016456
bar_random_1,47923,4321228,0,query_word,definition,5,definition,14,15,1,content,unmatched,content_unmatched,-3.1208364963531494,-2.5321884155273438,0.5886480808258057,-3.1216323375701904,-2.53141450881958,-0.0013519813330989574,-0.0013147188158296034,-0.0013519813330989574
bar_random_1,47923,4321228,0,structural_group,Query,,,,,,,,,-3.1208364963531494,-2.5321884155273438,0.5886480808258057,-3.121075391769409,-2.5319552421569824,-0.0004058374163466613,-0.00039611675966769937,-0.0004058374163466613
bar_random_1,47923,4321228,0,structural_group,Query_colon,,,,,,,,,-3.1208364963531494,-2.5321884155273438,0.5886480808258057,-3.120734691619873,-2.532303810119629,0.000172946683413198,0.0001960332430257326,0.000172946683413198
bar_random_1,47923,4321228,0,structural_group,query_content,,,,,,,,,-3.1208364963531494,-2.5321884155273438,0.5886480808258057,-3.112372875213623,-2.5399646759033203,0.01437806631026959,0.013210372426709286,0.013210372426709286
bar_random_1,47923,4321228,0,structural_group,Document,,,,,,,,,-3.1208364963531494,-2.5321884155273438,0.5886480808258057,-3.1207408905029297,-2.5322680473327637,0.0001624159720109892,0.00013527913878222042,0.00013527913878222042
bar_random_1,47923,4321228,0,structural_group,Document_colon,,,,,,,,,-3.1208364963531494,-2.5321884155273438,0.5886480808258057,-3.1202120780944824,-2.532700777053833,0.0010607666600917225,0.0008704038001287177,0.0008704038001287177
bar_random_1,47923,4321228,0,structural_group,attack_tokens,,,,,,,,,-3.1208364963531494,-2.5321884155273438,0.5886480808258057,-3.1208364963531494,-2.523202657699585,0.0,-0.015265076232224868,-0.015265076232224868
bar_random_1,47923,4321228,0,structural_group,original_document,,,,,,,,,-3.1208364963531494,-2.5321884155273438,0.5886480808258057,-3.1249759197235107,-2.52630615234375,-0.007032085052505722,-0.009992835065972882,-0.009992835065972882
bar_random_1,47923,4321228,0,structural_group,Relevant,,,,,,,,,-3.1208364963531494,-2.5321884155273438,0.5886480808258057,-3.120901584625244,-2.5321412086486816,-0.00011057246972319214,-8.019541760143607e-05,-0.00011057246972319214
bar_random_1,47923,4321228,0,structural_group,Relevant_colon,,,,,,,,,-3.1208364963531494,-2.5321884155273438,0.5886480808258057,-3.1207830905914307,-2.5322256088256836,9.072612900364484e-05,6.318426841325265e-05,6.318426841325265e-05
bar_random_1,47923,4321228,1,query_word,axon,0,axon,3,7,4,content,matched,content_matched,-3.1208364963531494,-2.5321884155273438,0.5886480808258057,-3.1184089183807373,-2.534376621246338,0.004123988596049606,0.003717341124979698,0.003717341124979698
bar_random_1,47923,4321228,1,query_word,terminals,1,terminals,7,9,2,content,matched,content_matched,-3.1208364963531494,-2.5321884155273438,0.5886480808258057,-3.1238389015197754,-2.529423952102661,-0.005100509564923659,-0.004696292258023491,-0.005100509564923659
bar_random_1,47923,4321228,1,query_word,or,2,or,9,10,1,stopword,matched,stopword_matched,-3.1208364963531494,-2.5321884155273438,0.5886480808258057,-3.1206185817718506,-2.5322911739349365,0.00037019500852380084,0.00017456679285969163,0.00017456679285969163
bar_random_1,47923,4321228,1,query_word,synaptic,3,synaptic,10,13,3,content,unmatched,content_unmatched,-3.1208364963531494,-2.5321884155273438,0.5886480808258057,-3.121269464492798,-2.531873941421509,-0.0007355296887081207,-0.0005342310899812837,-0.0007355296887081207
bar_random_1,47923,4321228,1,query_word,knob,4,knob,13,14,1,content,unmatched,content_unmatched,-3.1208364963531494,-2.5321884155273438,0.5886480808258057,-3.113431930541992,-2.5395588874816895,0.012578934769938384,0.012521015857226234,0.012521015857226234
bar_random_1,47923,4321228,1,query_word,definition,5,definition,14,15,1,content,unmatched,content_unmatched,-3.1208364963531494,-2.5321884155273438,0.5886480808258057,-3.121809482574463,-2.53094220161438,-0.0016529166627851544,-0.0021170780192055873,-0.0021170780192055873
bar_random_1,47923,4321228,1,structural_group,Query,,,,,,,,,-3.1208364963531494,-2.5321884155273438,0.5886480808258057,-3.121469020843506,-2.53159499168396,-0.0010745375903869186,-0.0010081131030806787,-0.0010745375903869186
bar_random_1,47923,4321228,1,structural_group,Query_colon,,,,,,,,,-3.1208364963531494,-2.5321884155273438,0.5886480808258057,-3.1214938163757324,-2.5314669609069824,-0.0011166604359957536,-0.0012256127962724521,-0.0012256127962724521
bar_random_1,47923,4321228,1,structural_group,query_content,,,,,,,,,-3.1208364963531494,-2.5321884155273438,0.5886480808258057,-3.1152496337890625,-2.5375707149505615,0.009491006164921472,0.009143492688648582,0.009143492688648582
bar_random_1,47923,4321228,1,structural_group,Document,,,,,,,,,-3.1208364963531494,-2.5321884155273438,0.5886480808258057,-3.121295928955078,-2.5318193435668945,-0.0007804877258483197,-0.0006269823557930456,-0.0007804877258483197
bar_random_1,47923,4321228,1,structural_group,Document_colon,,,,,,,,,-3.1208364963531494,-2.5321884155273438,0.5886480808258057,-3.1209864616394043,-2.5320353507995605,-0.0002547622104611277,-0.0002600275661622321,-0.0002600275661622321
bar_random_1,47923,4321228,1,structural_group,attack_tokens,,,,,,,,,-3.1208364963531494,-2.5321884155273438,0.5886480808258057,-3.1208364963531494,-2.589317560195923,0.0,0.09705144131011771,0.0
bar_random_1,47923,4321228,1,structural_group,original_document,,,,,,,,,-3.1208364963531494,-2.5321884155273438,0.5886480808258057,-3.0766563415527344,-2.565642833709717,0.07505359524562683,0.05683262932827427,0.05683262932827427
bar_random_1,47923,4321228,1,structural_group,Relevant,,,,,,,,,-3.1208364963531494,-2.5321884155273438,0.5886480808258057,-3.1209557056427,-2.5320796966552734,-0.00020251368081170723,-0.000184692476900277,-0.00020251368081170723
bar_random_1,47923,4321228,1,structural_group,Relevant_colon,,,,,,,,,-3.1208364963531494,-2.5321884155273438,0.5886480808258057,-3.1208393573760986,-2.532148838043213,-4.8603283394809735e-06,-6.72345420294868e-05,-6.72345420294868e-05
bar_random_1,47923,4321228,2,query_word,axon,0,axon,3,7,4,content,matched,content_matched,-3.1208364963531494,-2.5321884155273438,0.5886480808258057,-3.114802122116089,-2.5368731021881104,0.01025124252268862,0.007958382628538471,0.007958382628538471
bar_random_1,47923,4321228,2,query_word,terminals,1,terminals,7,9,2,content,matched,content_matched,-3.1208364963531494,-2.5321884155273438,0.5886480808258057,-3.1214261054992676,-2.5319881439208984,-0.001001632665294704,-0.0003402229837636682,-0.001001632665294704
bar_random_1,47923,4321228,2,query_word,or,2,or,9,10,1,stopword,matched,stopword_matched,-3.1208364963531494,-2.5321884155273438,0.5886480808258057,-3.121772527694702,-2.531677484512329,-0.0015901374217335252,-0.0008679736359589772,-0.0015901374217335252
bar_random_1,47923,4321228,2,query_word,synaptic,3,synaptic,10,13,3,content,unmatched,content_unmatched,-3.1208364963531494,-2.5321884155273438,0.5886480808258057,-3.1197428703308105,-2.533388614654541,0.0018578605077666022,0.0020389077384122684,0.0018578605077666022
bar_random_1,47923,4321228,2,query_word,knob,4,knob,13,14,1,content,unmatched,content_unmatched,-3.1208364963531494,-2.5321884155273438,0.5886480808258057,-3.1177735328674316,-2.533287525177002,0.005203386514776006,0.0018671761370839407,0.0018671761370839407
bar_random_1,47923,4321228,2,query_word,definition,5,definition,14,15,1,content,unmatched,content_unmatched,-3.1208364963531494,-2.5321884155273438,0.5886480808258057,-3.118898868560791,-2.5339527130126953,0.0032916573679134895,0.002997202476013267,0.002997202476013267
bar_random_1,47923,4321228,2,structural_group,Query,,,,,,,,,-3.1208364963531494,-2.5321884155273438,0.5886480808258057,-3.1213860511779785,-2.5316386222839355,-0.0009335880685419703,-0.0009339930959035938,-0.0009339930959035938
bar_random_1,47923,4321228,2,structural_group,Query_colon,,,,,,,,,-3.1208364963531494,-2.5321884155273438,0.5886480808258057,-3.1204757690429688,-2.5323562622070312,0.0006128063981362261,0.0002851392625828838,0.0002851392625828838
bar_random_1,47923,4321228,2,structural_group,query_content,,,,,,,,,-3.1208364963531494,-2.5321884155273438,0.5886480808258057,-3.1104207038879395,-2.540282726287842,0.017694430347242107,0.013750678927114922,0.013750678927114922
bar_random_1,47923,4321228,2,structural_group,Document,,,,,,,,,-3.1208364963531494,-2.5321884155273438,0.5886480808258057,-3.12106990814209,-2.5319876670837402,-0.0003965217870293228,-0.00034103303848691496,-0.0003965217870293228
bar_random_1,47923,4321228,2,structural_group,Document_colon,,,,,,,,,-3.1208364963531494,-2.5321884155273438,0.5886480808258057,-3.1209182739257812,-2.5321028232574463,-0.00013892438503683115,-0.0001454048228228058,-0.0001454048228228058
bar_random_1,47923,4321228,2,structural_group,attack_tokens,,,,,,,,,-3.1208364963531494,-2.5321884155273438,0.5886480808258057,-3.1208364963531494,-2.4460699558258057,0.0,-0.14629871820990867,-0.14629871820990867
bar_random_1,47923,4321228,2,structural_group,original_document,,,,,,,,,-3.1208364963531494,-2.5321884155273438,0.5886480808258057,-3.1147661209106445,-2.5464420318603516,0.010312401654293755,0.02421415578729421,0.010312401654293755
bar_random_1,47923,4321228,2,structural_group,Relevant,,,,,,,,,-3.1208364963531494,-2.5321884155273438,0.5886480808258057,-3.1206846237182617,-2.5323128700256348,0.000258002429354115,0.00021142428276742237,0.00021142428276742237
bar_random_1,47923,4321228,2,structural_group,Relevant_colon,,,,,,,,,-3.1208364963531494,-2.5321884155273438,0.5886480808258057,-3.120790719985962,-2.5322251319885254,7.776525343169558e-05,6.237421369000583e-05,6.237421369000583e-05
bar_random_1,47923,4321228,3,query_word,axon,0,axon,3,7,4,content,matched,content_matched,-3.1208364963531494,-2.5321884155273438,0.5886480808258057,-3.1179757118225098,-2.5345771312713623,0.00485992331211935,0.00405796913610499,0.00405796913610499
bar_random_1,47923,4321228,3,query_word,terminals,1,terminals,7,9,2,content,matched,content_matched,-3.1208364963531494,-2.5321884155273438,0.5886480808258057,-3.1169135570526123,-2.536379814147949,0.006664320208151661,0.0071203810173396265,0.006664320208151661
bar_random_1,47923,4321228,3,query_word,or,2,or,9,10,1,stopword,matched,stopword_matched,-3.1208364963531494,-2.5321884155273438,0.5886480808258057,-3.121781349182129,-2.5312423706054688,-0.0016051234341135916,-0.0016071485709217086,-0.0016071485709217086
bar_random_1,47923,4321228,3,query_word,synaptic,3,synaptic,10,13,3,content,unmatched,content_unmatched,-3.1208364963531494,-2.5321884155273438,0.5886480808258057,-3.1190829277038574,-2.5336732864379883,0.0029789762447402133,0.0025225104081906253,0.0025225104081906253
bar_random_1,47923,4321228,3,query_word,knob,4,knob,13,14,1,content,unmatched,content_unmatched,-3.1208364963531494,-2.5321884155273438,0.5886480808258057,-3.1132073402404785,-2.541666030883789,0.012960470544587639,0.01610064767925397,0.012960470544587639
bar_random_1,47923,4321228,3,query_word,definition,5,definition,14,15,1,content,unmatched,content_unmatched,-3.1208364963531494,-2.5321884155273438,0.5886480808258057,-3.1220362186431885,-2.5313754081726074,-0.0020380976836890216,-0.0013811433031358433,-0.0020380976836890216
bar_random_1,47923,4321228,3,structural_group,Query,,,,,,,,,-3.1208364963531494,-2.5321884155273438,0.5886480808258057,-3.1211190223693848,-2.531970739364624,-0.00047995742352374617,-0.0003697899811621774,-0.00047995742352374617
bar_random_1,47923,4321228,3,structural_group,Query_colon,,,,,,,,,-3.1208364963531494,-2.5321884155273438,0.5886480808258057,-3.121279239654541,-2.5316591262817383,-0.0007521358105346806,-0.0008991607428039801,-0.0008991607428039801
bar_random_1,47923,4321228,3,structural_group,query_content,,,,,,,,,-3.1208364963531494,-2.5321884155273438,0.5886480808258057,-3.107010841369629,-2.547929286956787,0.023487131673180183,0.02674071646910107,0.023487131673180183
bar_random_1,47923,4321228,3,structural_group,Document,,,,,,,,,-3.1208364963531494,-2.5321884155273438,0.5886480808258057,-3.121016263961792,-2.532144546508789,-0.0003053906306640545,-7.452503453870826e-05,-0.0003053906306640545
bar_random_1,47923,4321228,3,structural_group,Document_colon,,,,,,,,,-3.1208364963531494,-2.5321884155273438,0.5886480808258057,-3.1211585998535156,-2.5319137573242188,-0.000547191965553233,-0.0004665915205901735,-0.000547191965553233
bar_random_1,47923,4321228,3,structural_group,attack_tokens,,,,,,,,,-3.1208364963531494,-2.5321884155273438,0.5886480808258057,-3.1208364963531494,-2.4829115867614746,0.0,-0.08371186515505055,-0.08371186515505055
bar_random_1,47923,4321228,3,structural_group,original_document,,,,,,,,,-3.1208364963531494,-2.5321884155273438,0.5886480808258057,-3.1511757373809814,-2.5101025104522705,-0.051540541821302736,-0.037519709643985,-0.051540541821302736
bar_random_1,47923,4321228,3,structural_group,Relevant,,,,,,,,,-3.1208364963531494,-2.5321884155273438,0.5886480808258057,-3.120851993560791,-2.5321803092956543,-2.632677850552194e-05,-1.3770930295196092e-05,-2.632677850552194e-05
bar_random_1,47923,4321228,3,structural_group,Relevant_colon,,,,,,,,,-3.1208364963531494,-2.5321884155273438,0.5886480808258057,-3.1209664344787598,-2.5320777893066406,-0.0002207399120847609,-0.00018793269579326432,-0.0002207399120847609
bar_random_1,47923,4321228,4,query_word,axon,0,axon,3,7,4,content,matched,content_matched,-3.1208364963531494,-2.5321884155273438,0.5886480808258057,-3.119636297225952,-2.5322980880737305,0.0020389077384122684,0.00018631258634677064,0.00018631258634677064
bar_random_1,47923,4321228,4,query_word,terminals,1,terminals,7,9,2,content,matched,content_matched,-3.1208364963531494,-2.5321884155273438,0.5886480808258057,-3.1214346885681152,-2.532410144805908,-0.0010162136503131468,0.00037667544630977547,-0.0010162136503131468
bar_random_1,47923,4321228,4,query_word,or,2,or,9,10,1,stopword,matched,stopword_matched,-3.1208364963531494,-2.5321884155273438,0.5886480808258057,-3.1207332611083984,-2.5324440002441406,0.00017537684758293847,0.0004341893316603003,0.00017537684758293847
bar_random_1,47923,4321228,4,query_word,synaptic,3,synaptic,10,13,3,content,unmatched,content_unmatched,-3.1208364963531494,-2.5321884155273438,0.5886480808258057,-3.1161065101623535,-2.535784959793091,0.00803533782724692,0.006109837750089208,0.006109837750089208
bar_random_1,47923,4321228,4,query_word,knob,4,knob,13,14,1,content,unmatched,content_unmatched,-3.1208364963531494,-2.5321884155273438,0.5886480808258057,-3.11997389793396,-2.5330591201782227,0.0014653889943535136,0.0014791599246487097,0.0014653889943535136
bar_random_1,47923,4321228,4,query_word,definition,5,definition,14,15,1,content,unmatched,content_unmatched,-3.1208364963531494,-2.5321884155273438,0.5886480808258057,-3.12144136428833,-2.5313243865966797,-0.0010275544164386025,-0.001467819158523254,-0.001467819158523254
bar_random_1,47923,4321228,4,structural_group,Query,,,,,,,,,-3.1208364963531494,-2.5321884155273438,0.5886480808258057,-3.121706485748291,-2.531500816345215,-0.0014779448425638394,-0.0011680989109219273,-0.0014779448425638394
bar_random_1,47923,4321228,4,structural_group,Query_colon,,,,,,,,,-3.1208364963531494,-2.5321884155273438,0.5886480808258057,-3.1212334632873535,-2.531860113143921,-0.0006743705571029851,-0.0005577226769554418,-0.0006743705571029851
bar_random_1,47923,4321228,4,structural_group,query_content,,,,,,,,,-3.1208364963531494,-2.5321884155273438,0.5886480808258057,-3.1151623725891113,-2.5361552238464355,0.009639246179275642,0.00673884524269037,0.00673884524269037
bar_random_1,47923,4321228,4,structural_group,Document,,,,,,,,,-3.1208364963531494,-2.5321884155273438,0.5886480808258057,-3.1210572719573975,-2.5320334434509277,-0.0003750553368632818,-0.0002632677850552194,-0.0003750553368632818
bar_random_1,47923,4321228,4,structural_group,Document_colon,,,,,,,,,-3.1208364963531494,-2.5321884155273438,0.5886480808258057,-3.120941638946533,-2.532075881958008,-0.00017861706647592579,-0.00019117291468625163,-0.00019117291468625163
bar_random_1,47923,4321228,4,structural_group,attack_tokens,,,,,,,,,-3.1208364963531494,-2.5321884155273438,0.5886480808258057,-3.1208364963531494,-2.7016408443450928,0.0,0.2878671218634175,0.0
bar_random_1,47923,4321228,4,structural_group,original_document,,,,,,,,,-3.1208364963531494,-2.5321884155273438,0.5886480808258057,-3.161853551864624,-2.5222718715667725,-0.06968009723896898,-0.016846303052002676,-0.06968009723896898
bar_random_1,47923,4321228,4,structural_group,Relevant,,,,,,,,,-3.1208364963531494,-2.5321884155273438,0.5886480808258057,-3.120905876159668,-2.53212308883667,-0.00011786296223241361,-0.00011097749708481556,-0.00011786296223241361
bar_random_1,47923,4321228,4,structural_group,Relevant_colon,,,,,,,,,-3.1208364963531494,-2.5321884155273438,0.5886480808258057,-3.121058940887451,-2.5320000648498535,-0.0003778905283946457,-0.00031997161568249745,-0.0003778905283946457
bar_random_1,47923,4321228,5,query_word,axon,0,axon,3,7,4,content,matched,content_matched,-3.1208364963531494,-2.5321884155273438,0.5886480808258057,-3.1155009269714355,-2.5378756523132324,0.009064107325770392,0.009661522684164928,0.009064107325770392
bar_random_1,47923,4321228,5,query_word,terminals,1,terminals,7,9,2,content,matched,content_matched,-3.1208364963531494,-2.5321884155273438,0.5886480808258057,-3.1151516437530518,-2.5397298336029053,0.009657472410548694,0.012811420475510224,0.009657472410548694
bar_random_1,47923,4321228,5,query_word,or,2,or,9,10,1,stopword,matched,stopword_matched,-3.1208364963531494,-2.5321884155273438,0.5886480808258057,-3.121659278869629,-2.5310306549072266,-0.0013977494249624034,-0.0019668128680433005,-0.0019668128680433005
bar_random_1,47923,4321228,5,query_word,synaptic,3,synaptic,10,13,3,content,unmatched,content_unmatched,-3.1208364963531494,-2.5321884155273438,0.5886480808258057,-3.1212964057922363,-2.5322439670562744,-0.0007812977805715665,9.437137525825558e-05,-0.0007812977805715665
bar_random_1,47923,4321228,5,query_word,knob,4,knob,13,14,1,content,unmatched,content_unmatched,-3.1208364963531494,-2.5321884155273438,0.5886480808258057,-3.107400894165039,-2.5459866523742676,0.022824506909564276,0.02344055352659349,0.022824506909564276
bar_random_1,47923,4321228,5,query_word,definition,5,definition,14,15,1,content,unmatched,content_unmatched,-3.1208364963531494,-2.5321884155273438,0.5886480808258057,-3.1157593727111816,-2.536616325378418,0.00862505766577061,0.007522168160070054,0.007522168160070054
bar_random_1,47923,4321228,5,structural_group,Query,,,,,,,,,-3.1208364963531494,-2.5321884155273438,0.5886480808258057,-3.1221537590026855,-2.5308895111083984,-0.002237776172969365,-0.002206589066124362,-0.002237776172969365
bar_random_1,47923,4321228,5,structural_group,Query_colon,,,,,,,,,-3.1208364963531494,-2.5321884155273438,0.5886480808258057,-3.1217947006225586,-2.5312907695770264,-0.0016278049663645028,-0.0015249280165121554,-0.0016278049663645028
bar_random_1,47923,4321228,5,structural_group,query_content,,,,,,,,,-3.1208364963531494,-2.5321884155273438,0.5886480808258057,-3.092752456665039,-2.5630621910095215,0.04770938800770686,0.05244861316606243,0.04770938800770686
bar_random_1,47923,4321228,5,structural_group,Document,,,,,,,,,-3.1208364963531494,-2.5321884155273438,0.5886480808258057,-3.121601104736328,-2.5316162109375,-0.0012989227487262903,-0.0009720656678961948,-0.0012989227487262903
bar_random_1,47923,4321228,5,structural_group,Document_colon,,,,,,,,,-3.1208364963531494,-2.5321884155273438,0.5886480808258057,-3.1217563152313232,-2.5315487384796143,-0.001562595561143133,-0.001086688411235621,-0.001562595561143133
bar_random_1,47923,4321228,5,structural_group,attack_tokens,,,,,,,,,-3.1208364963531494,-2.5321884155273438,0.5886480808258057,-3.1208364963531494,-2.451730251312256,0.0,-0.13668296361760718,-0.13668296361760718
bar_random_1,47923,4321228,5,structural_group,original_document,,,,,,,,,-3.1208364963531494,-2.5321884155273438,0.5886480808258057,-3.154601573944092,-2.5380258560180664,-0.057360379980469584,0.00991668992198768,-0.057360379980469584
bar_random_1,47923,4321228,5,structural_group,Relevant,,,,,,,,,-3.1208364963531494,-2.5321884155273438,0.5886480808258057,-3.1207847595214844,-2.532228946685791,8.789093747228094e-05,6.885465147598046e-05,6.885465147598046e-05
bar_random_1,47923,4321228,5,structural_group,Relevant_colon,,,,,,,,,-3.1208364963531494,-2.5321884155273438,0.5886480808258057,-3.120563507080078,-2.5324385166168213,0.00046375632905880956,0.00042487370234296177,0.00042487370234296177
bar_random_1,47923,4321228,6,query_word,axon,0,axon,3,7,4,content,matched,content_matched,-3.1208364963531494,-2.5321884155273438,0.5886480808258057,-3.120850086212158,-2.532740354537964,-2.3086559612534625e-05,0.0009376383421582045,-2.3086559612534625e-05
bar_random_1,47923,4321228,6,query_word,terminals,1,terminals,7,9,2,content,matched,content_matched,-3.1208364963531494,-2.5321884155273438,0.5886480808258057,-3.1110939979553223,-2.5415561199188232,0.016550633078017584,0.01591393006554558,0.01591393006554558
bar_random_1,47923,4321228,6,query_word,or,2,or,9,10,1,stopword,matched,stopword_matched,-3.1208364963531494,-2.5321884155273438,0.5886480808258057,-3.113060712814331,-2.5383663177490234,0.01320956237198604,0.010495068994385915,0.010495068994385915
bar_random_1,47923,4321228,6,query_word,synaptic,3,synaptic,10,13,3,content,unmatched,content_unmatched,-3.1208364963531494,-2.5321884155273438,0.5886480808258057,-3.1295363903045654,-2.5252065658569336,-0.014779448425638393,-0.011860821257780069,-0.014779448425638393
bar_random_1,47923,4321228,6,query_word,knob,4,knob,13,14,1,content,unmatched,content_unmatched,-3.1208364963531494,-2.5321884155273438,0.5886480808258057,-3.075221061706543,-2.57751202583313,0.07749185996259977,0.07699610647197272,0.07699610647197272
bar_random_1,47923,4321228,6,query_word,definition,5,definition,14,15,1,content,unmatched,content_unmatched,-3.1208364963531494,-2.5321884155273438,0.5886480808258057,-3.1222586631774902,-2.5301976203918457,-0.0024159882120836675,-0.0033819784695555107,-0.0033819784695555107
bar_random_1,47923,4321228,6,structural_group,Query,,,,,,,,,-3.1208364963531494,-2.5321884155273438,0.5886480808258057,-3.1205942630767822,-2.532238483428955,0.0004115077994093891,8.505574594091704e-05,8.505574594091704e-05
bar_random_1,47923,4321228,6,structural_group,Query_colon,,,,,,,,,-3.1208364963531494,-2.5321884155273438,0.5886480808258057,-3.1199445724487305,-2.5329246520996094,0.0015152073598331936,0.001250724492693104,0.001250724492693104
bar_random_1,47923,4321228,6,structural_group,query_content,,,,,,,,,-3.1208364963531494,-2.5321884155273438,0.5886480808258057,-3.0673413276672363,-2.5846896171569824,0.09087801426425363,0.0891894551936456,0.0891894551936456
bar_random_1,47923,4321228,6,structural_group,Document,,,,,,,,,-3.1208364963531494,-2.5321884155273438,0.5886480808258057,-3.1220641136169434,-2.5310916900634766,-0.002085485884998961,-0.0018631258634677066,-0.002085485884998961
bar_random_1,47923,4321228,6,structural_group,Document_colon,,,,,,,,,-3.1208364963531494,-2.5321884155273438,0.5886480808258057,-3.1210408210754395,-2.53204083442688,-0.0003471084489112662,-0.0002507119368448936,-0.0003471084489112662
bar_random_1,47923,4321228,6,structural_group,attack_tokens,,,,,,,,,-3.1208364963531494,-2.5321884155273438,0.5886480808258057,-3.1208364963531494,-2.523552656173706,0.0,-0.014670496065361695,-0.014670496065361695
bar_random_1,47923,4321228,6,structural_group,original_document,,,,,,,,,-3.1208364963531494,-2.5321884155273438,0.5886480808258057,-3.1559619903564453,-2.5176780223846436,-0.05967146610589279,-0.024650370255762628,-0.05967146610589279
bar_random_1,47923,4321228,6,structural_group,Relevant,,,,,,,,,-3.1208364963531494,-2.5321884155273438,0.5886480808258057,-3.1207499504089355,-2.5322160720825195,0.00014702493226929946,4.698317394831608e-05,4.698317394831608e-05
bar_random_1,47923,4321228,6,structural_group,Relevant_colon,,,,,,,,,-3.1208364963531494,-2.5321884155273438,0.5886480808258057,-3.1216344833374023,-2.531477212905884,-0.0013556265793535681,-0.0012081966197226453,-0.0013556265793535681
bar_random_1,47923,4321228,7,query_word,axon,0,axon,3,7,4,content,matched,content_matched,-3.1208364963531494,-2.5321884155273438,0.5886480808258057,-3.1047253608703613,-2.547611713409424,0.027369723961702234,0.02620122002341868,0.02620122002341868
bar_random_1,47923,4321228,7,query_word,terminals,1,terminals,7,9,2,content,matched,content_matched,-3.1208364963531494,-2.5321884155273438,0.5886480808258057,-3.1058735847473145,-2.5481228828430176,0.025419112188123868,0.027069598686739284,0.025419112188123868
bar_random_1,47923,4321228,7,query_word,or,2,or,9,10,1,stopword,matched,stopword_matched,-3.1208364963531494,-2.5321884155273438,0.5886480808258057,-3.117190361022949,-2.5362606048583984,0.006194083441306878,0.0069178673365279195,0.006194083441306878
bar_random_1,47923,4321228,7,query_word,synaptic,3,synaptic,10,13,3,content,unmatched,content_unmatched,-3.1208364963531494,-2.5321884155273438,0.5886480808258057,-3.1144275665283203,-2.537484884262085,0.010887540507799004,0.008997682838464152,0.008997682838464152
bar_random_1,47923,4321228,7,query_word,knob,4,knob,13,14,1,content,unmatched,content_unmatched,-3.1208364963531494,-2.5321884155273438,0.5886480808258057,-3.070448398590088,-2.5809760093688965,0.08559969768757729,0.0828807490089993,0.0828807490089993
bar_random_1,47923,4321228,7,query_word,definition,5,definition,14,15,1,content,unmatched,content_unmatched,-3.1208364963531494,-2.5321884155273438,0.5886480808258057,-3.1165521144866943,-2.536471366882324,0.007278341688372758,0.007275911524203017,0.007275911524203017
bar_random_1,47923,4321228,7,structural_group,Query,,,,,,,,,-3.1208364963531494,-2.5321884155273438,0.5886480808258057,-3.1248950958251953,-2.528561592102051,-0.006894780776915384,-0.006161276225015381,-0.006894780776915384
bar_random_1,47923,4321228,7,structural_group,Query_colon,,,,,,,,,-3.1208364963531494,-2.5321884155273438,0.5886480808258057,-3.123033046722412,-2.5304219722747803,-0.0037315170826365176,-0.003000847722267878,-0.0037315170826365176
bar_random_1,47923,4321228,7,structural_group,query_content,,,,,,,,,-3.1208364963531494,-2.5321884155273438,0.5886480808258057,-3.025254249572754,-2.626138210296631,0.16237587430218847,0.15960265195715295,0.15960265195715295
bar_random_1,47923,4321228,7,structural_group,Document,,,,,,,,,-3.1208364963531494,-2.5321884155273438,0.5886480808258057,-3.1190834045410156,-2.533562183380127,0.0029781661900169665,0.002333767657674114,0.002333767657674114
bar_random_1,47923,4321228,7,structural_group,Document_colon,,,,,,,,,-3.1208364963531494,-2.5321884155273438,0.5886480808258057,-3.1192493438720703,-2.53352689743042,0.0026962671463270703,0.002273823608153849,0.002273823608153849
bar_random_1,47923,4321228,7,structural_group,attack_tokens,,,,,,,,,-3.1208364963531494,-2.5321884155273438,0.5886480808258057,-3.1208364963531494,-2.54622483253479,0.0,0.02384517586085528,0.0
bar_random_1,47923,4321228,7,structural_group,original_document,,,,,,,,,-3.1208364963531494,-2.5321884155273438,0.5886480808258057,-3.190971851348877,-2.4968647956848145,-0.11914649394139822,-0.06000804384340184,-0.11914649394139822
bar_random_1,47923,4321228,7,structural_group,Relevant,,,,,,,,,-3.1208364963531494,-2.5321884155273438,0.5886480808258057,-3.1200003623962402,-2.5328311920166016,0.0014204309572133146,0.0010919537669367254,0.0010919537669367254
bar_random_1,47923,4321228,7,structural_group,Relevant_colon,,,,,,,,,-3.1208364963531494,-2.5321884155273438,0.5886480808258057,-3.120488166809082,-2.532501220703125,0.0005917449753318085,0.0005313958984499198,0.0005313958984499198
bar_random_1,47923,4321228,8,query_word,axon,0,axon,3,7,4,content,matched,content_matched,-3.1208364963531494,-2.5321884155273438,0.5886480808258057,-3.1037650108337402,-2.550661325454712,0.029001174174321347,0.03138192500594378,0.029001174174321347
bar_random_1,47923,4321228,8,query_word,terminals,1,terminals,7,9,2,content,matched,content_matched,-3.1208364963531494,-2.5321884155273438,0.5886480808258057,-3.083007335662842,-2.5686874389648438,0.06426447638670231,0.062004828736205275,0.062004828736205275
bar_random_1,47923,4321228,8,query_word,or,2,or,9,10,1,stopword,matched,stopword_matched,-3.1208364963531494,-2.5321884155273438,0.5886480808258057,-3.092900514602661,-2.5591018199920654,0.047457866016138724,0.045720703662135896,0.045720703662135896
bar_random_1,47923,4321228,8,query_word,synaptic,3,synaptic,10,13,3,content,unmatched,content_unmatched,-3.1208364963531494,-2.5321884155273438,0.5886480808258057,-3.0629124641418457,-2.581482410430908,0.09840180253377016,0.08374102712508744,0.08374102712508744
bar_random_1,47923,4321228,8,query_word,knob,4,knob,13,14,1,content,unmatched,content_unmatched,-3.1208364963531494,-2.5321884155273438,0.5886480808258057,-3.0694217681884766,-2.5789127349853516,0.0873437455067277,0.07937564222151028,0.07937564222151028
bar_random_1,47923,4321228,8,query_word,definition,5,definition,14,15,1,content,unmatched,content_unmatched,-3.1208364963531494,-2.5321884155273438,0.5886480808258057,-3.124438762664795,-2.5289692878723145,-0.006119558406768169,-0.0054686794366393425,-0.006119558406768169
bar_random_1,47923,4321228,8,structural_group,Query,,,,,,,,,-3.1208364963531494,-2.5321884155273438,0.5886480808258057,-3.116441249847412,-2.534947395324707,0.007466679411527646,0.004686976628706152,0.004686976628706152
bar_random_1,47923,4321228,8,structural_group,Query_colon,,,,,,,,,-3.1208364963531494,-2.5321884155273438,0.5886480808258057,-3.1207942962646484,-2.531723737716675,7.168984300734436e-05,-0.0007893983278040348,-0.0007893983278040348
bar_random_1,47923,4321228,8,structural_group,query_content,,,,,,,,,-3.1208364963531494,-2.5321884155273438,0.5886480808258057,-2.9340124130249023,-2.7079124450683594,0.31737822548602274,0.2985213666109214,0.2985213666109214
bar_random_1,47923,4321228,8,structural_group,Document,,,,,,,,,-3.1208364963531494,-2.5321884155273438,0.5886480808258057,-3.123141050338745,-2.5302376747131348,-0.003914994477451924,-0.0033139338728027773,-0.003914994477451924
bar_random_1,47923,4321228,8,structural_group,Document_colon,,,,,,,,,-3.1208364963531494,-2.5321884155273438,0.5886480808258057,-3.1229982376098633,-2.529526710510254,-0.003672383087839499,-0.004521725465163799,-0.004521725465163799
bar_random_1,47923,4321228,8,structural_group,attack_tokens,,,,,,,,,-3.1208364963531494,-2.5321884155273438,0.5886480808258057,-3.1208364963531494,-2.5064728260040283,0.0,-0.04368584619733986,-0.04368584619733986
bar_random_1,47923,4321228,8,structural_group,original_document,,,,,,,,,-3.1208364963531494,-2.5321884155273438,0.5886480808258057,-3.266669750213623,-2.4180476665496826,-0.2477426812568323,-0.19390320413095508,-0.2477426812568323
bar_random_1,47923,4321228,8,structural_group,Relevant,,,,,,,,,-3.1208364963531494,-2.5321884155273438,0.5886480808258057,-3.1197304725646973,-2.533107042312622,0.0018789219305710197,0.001560570424335016,0.001560570424335016
bar_random_1,47923,4321228,8,structural_group,Relevant_colon,,,,,,,,,-3.1208364963531494,-2.5321884155273438,0.5886480808258057,-3.1208810806274414,-2.532161235809326,-7.57401166235785e-05,-4.617311922506925e-05,-7.57401166235785e-05
bar_random_1,47923,4321228,9,query_word,axon,0,axon,3,7,4,content,matched,content_matched,-3.1208364963531494,-2.5321884155273438,0.5886480808258057,-3.1104495525360107,-2.541475772857666,0.017645422036485676,0.015777435844678486,0.015777435844678486
bar_random_1,47923,4321228,9,query_word,terminals,1,terminals,7,9,2,content,matched,content_matched,-3.1208364963531494,-2.5321884155273438,0.5886480808258057,-3.09293270111084,-2.558281898498535,0.04740318732231956,0.04432781456551297,0.04432781456551297
bar_random_1,47923,4321228,9,query_word,or,2,or,9,10,1,stopword,matched,stopword_matched,-3.1208364963531494,-2.5321884155273438,0.5886480808258057,-3.1220219135284424,-2.531735420227051,-0.0020137960419916168,-0.0007695519870844875,-0.0020137960419916168
bar_random_1,47923,4321228,9,query_word,synaptic,3,synaptic,10,13,3,content,unmatched,content_unmatched,-3.1208364963531494,-2.5321884155273438,0.5886480808258057,-3.1226325035095215,-2.532151699066162,-0.003051071115109181,-6.237421369000583e-05,-0.003051071115109181
bar_random_1,47923,4321228,9,query_word,knob,4,knob,13,14,1,content,unmatched,content_unmatched,-3.1208364963531494,-2.5321884155273438,0.5886480808258057,-3.0073373317718506,-2.6362698078155518,0.19281327550082647,0.17681428968933996,0.17681428968933996
bar_random_1,47923,4321228,9,query_word,definition,5,definition,14,15,1,content,unmatched,content_unmatched,-3.1208364963531494,-2.5321884155273438,0.5886480808258057,-3.1103405952453613,-2.5427889823913574,0.017830519540747575,0.018008326552500255,0.017830519540747575
bar_random_1,47923,4321228,9,structural_group,Query,,,,,,,,,-3.1208364963531494,-2.5321884155273438,0.5886480808258057,-3.116612672805786,-2.535667896270752,0.007175464738520411,0.005910969315532111,0.005910969315532111
bar_random_1,47923,4321228,9,structural_group,Query_colon,,,,,,,,,-3.1208364963531494,-2.5321884155273438,0.5886480808258057,-3.1192140579223633,-2.5335817337036133,0.0027562111958473355,0.002366979901327234,0.002366979901327234
bar_random_1,47923,4321228,9,structural_group,query_content,,,,,,,,,-3.1208364963531494,-2.5321884155273438,0.5886480808258057,-2.9622693061828613,-2.6827054023742676,0.26937519264113885,0.2556994437759243,0.2556994437759243
bar_random_1,47923,4321228,9,structural_group,Document,,,,,,,,,-3.1208364963531494,-2.5321884155273438,0.5886480808258057,-3.119838237762451,-2.533153533935547,0.0016958495631172364,0.0016395507598515819,0.0016395507598515819
bar_random_1,47923,4321228,9,structural_group,Document_colon,,,,,,,,,-3.1208364963531494,-2.5321884155273438,0.5886480808258057,-3.1201577186584473,-2.532386302947998,0.001153112898541861,0.000336172710147434,0.000336172710147434
bar_random_1,47923,4321228,9,structural_group,attack_tokens,,,,,,,,,-3.1208364963531494,-2.5321884155273438,0.5886480808258057,-3.1208364963531494,-2.4957454204559326,0.0,-0.061909647306223774,-0.061909647306223774
bar_random_1,47923,4321228,9,structural_group,original_document,,,,,,,,,-3.1208364963531494,-2.5321884155273438,0.5886480808258057,-3.194138288497925,-2.463916778564453,-0.12452566233111878,-0.11598039505558798,-0.12452566233111878
bar_random_1,47923,4321228,9,structural_group,Relevant,,,,,,,,,-3.1208364963531494,-2.5321884155273438,0.5886480808258057,-3.119441509246826,-2.5334463119506836,0.002369815092858598,0.002136924359925135,0.002136924359925135
bar_random_1,47923,4321228,9,structural_group,Relevant_colon,,,,,,,,,-3.1208364963531494,-2.5321884155273438,0.5886480808258057,-3.1195688247680664,-2.5333590507507324,0.002153530481751695,0.001988684345570965,0.001988684345570965
bar_random_1,47923,4321228,10,query_word,axon,0,axon,3,7,4,content,matched,content_matched,-3.1208364963531494,-2.5321884155273438,0.5886480808258057,-3.1286706924438477,-2.524653434753418,-0.013308794075583776,-0.01280048473674639,-0.013308794075583776
bar_random_1,47923,4321228,10,query_word,terminals,1,terminals,7,9,2,content,matched,content_matched,-3.1208364963531494,-2.5321884155273438,0.5886480808258057,-3.1045684814453125,-2.547287940979004,0.02763623196565044,0.025651192866334084,0.025651192866334084
bar_random_1,47923,4321228,10,query_word,or,2,or,9,10,1,stopword,matched,stopword_matched,-3.1208364963531494,-2.5321884155273438,0.5886480808258057,-3.1210923194885254,-2.53200101852417,-0.00043459435902192374,-0.0003183515062360038,-0.00043459435902192374
bar_random_1,47923,4321228,10,query_word,synaptic,3,synaptic,10,13,3,content,unmatched,content_unmatched,-3.1208364963531494,-2.5321884155273438,0.5886480808258057,-3.061837673187256,-2.58258056640625,0.10022766587996852,0.08560658315272489,0.08560658315272489
bar_random_1,47923,4321228,10,query_word,knob,4,knob,13,14,1,content,unmatched,content_unmatched,-3.1208364963531494,-2.5321884155273438,0.5886480808258057,-2.863062858581543,-2.763941526412964,0.4379078878673649,0.3937040116745087,0.3937040116745087
bar_random_1,47923,4321228,10,query_word,definition,5,definition,14,15,1,content,unmatched,content_unmatched,-3.1208364963531494,-2.5321884155273438,0.5886480808258057,-3.100465774536133,-2.552661895751953,0.034605942804466154,0.03478050959732585,0.034605942804466154
bar_random_1,47923,4321228,10,structural_group,Query,,,,,,,,,-3.1208364963531494,-2.5321884155273438,0.5886480808258057,-3.1141929626464844,-2.538105010986328,0.011286087431636444,0.010051159006046653,0.010051159006046653
bar_random_1,47923,4321228,10,structural_group,Query_colon,,,,,,,,,-3.1208364963531494,-2.5321884155273438,0.5886480808258057,-3.110762596130371,-2.5414931774139404,0.017113621110674132,0.015807002842076995,0.015807002842076995
bar_random_1,47923,4321228,10,structural_group,query_content,,,,,,,,,-3.1208364963531494,-2.5321884155273438,0.5886480808258057,-2.779381513595581,-2.844810962677002,0.580066416386759,0.5310856474909162,0.5310856474909162
bar_random_1,47923,4321228,10,structural_group,Document,,,,,,,,,-3.1208364963531494,-2.5321884155273438,0.5886480808258057,-3.115540027618408,-2.5367870330810547,0.008997682838464152,0.0078121677509924185,0.0078121677509924185
bar_random_1,47923,4321228,10,structural_group,Document_colon,,,,,,,,,-3.1208364963531494,-2.5321884155273438,0.5886480808258057,-3.1220169067382812,-2.5310966968536377,-0.002005290467397525,-0.0018546202888736149,-0.002005290467397525
bar_random_1,47923,4321228,10,structural_group,attack_tokens,,,,,,,,,-3.1208364963531494,-2.5321884155273438,0.5886480808258057,-3.1208364963531494,-2.5278193950653076,0.0,-0.00742212640174907,-0.00742212640174907
bar_random_1,47923,4321228,10,structural_group,original_document,,,,,,,,,-3.1208364963531494,-2.5321884155273438,0.5886480808258057,-3.0423266887664795,-2.6330275535583496,0.13337308001842063,0.17130632259862316,0.13337308001842063
bar_random_1,47923,4321228,10,structural_group,Relevant,,,,,,,,,-3.1208364963531494,-2.5321884155273438,0.5886480808258057,-3.120713233947754,-2.5323314666748047,0.00020939914595930528,0.0002430164169740487,0.00020939914595930528
bar_random_1,47923,4321228,10,structural_group,Relevant_colon,,,,,,,,,-3.1208364963531494,-2.5321884155273438,0.5886480808258057,-3.1207644939422607,-2.5323219299316406,0.00012231826321027118,0.0002268153225091121,0.00012231826321027118
bar_random_1,47923,4321228,11,query_word,axon,0,axon,3,7,4,content,matched,content_matched,-3.1208364963531494,-2.5321884155273438,0.5886480808258057,-3.0859618186950684,-2.5655486583709717,0.059245377321464954,0.056672643520433025,0.056672643520433025
bar_random_1,47923,4321228,11,query_word,terminals,1,terminals,7,9,2,content,matched,content_matched,-3.1208364963531494,-2.5321884155273438,0.5886480808258057,-3.0690510272979736,-2.5826573371887207,0.08797356305405211,0.08573700196316762,0.08573700196316762
bar_random_1,47923,4321228,11,query_word,or,2,or,9,10,1,stopword,matched,stopword_matched,-3.1208364963531494,-2.5321884155273438,0.5886480808258057,-3.1093130111694336,-2.5440897941589355,0.019576187469344492,0.020218155837517602,0.019576187469344492
bar_random_1,47923,4321228,11,query_word,synaptic,3,synaptic,10,13,3,content,unmatched,content_unmatched,-3.1208364963531494,-2.5321884155273438,0.5886480808258057,-3.0328752994537354,-2.6130733489990234,0.14942917468789604,0.13740796259491309,0.13740796259491309
bar_random_1,47923,4321228,11,query_word,knob,4,knob,13,14,1,content,unmatched,content_unmatched,-3.1208364963531494,-2.5321884155273438,0.5886480808258057,-3.0132007598876953,-2.6268231868743896,0.18285243759642184,0.16076629556709704,0.16076629556709704
bar_random_1,47923,4321228,11,query_word,definition,5,definition,14,15,1,content,unmatched,content_unmatched,-3.1208364963531494,-2.5321884155273438,0.5886480808258057,-3.092437505722046,-2.560542345046997,0.048244429152411394,0.04816787898106457,0.04816787898106457
bar_random_1,47923,4321228,11,structural_group,Query,,,,,,,,,-3.1208364963531494,-2.5321884155273438,0.5886480808258057,-3.1000843048095703,-2.5504415035247803,0.03525398658306362,0.03100848977852699,0.03100848977852699
bar_random_1,47923,4321228,11,structural_group,Query_colon,,,,,,,,,-3.1208364963531494,-2.5321884155273438,0.5886480808258057,-3.0790317058563232,-2.5695436000823975,0.07101830764177273,0.06345928199179496,0.06345928199179496
bar_random_1,47923,4321228,11,structural_group,query_content,,,,,,,,,-3.1208364963531494,-2.5321884155273438,0.5886480808258057,-2.795546293258667,-2.8266234397888184,0.5526055612686915,0.5001885402368357,0.5001885402368357
bar_random_1,47923,4321228,11,structural_group,Document,,,,,,,,,-3.1208364963531494,-2.5321884155273438,0.5886480808258057,-3.1078155040740967,-2.5425596237182617,0.02212016432770116,0.01761869023061853,0.01761869023061853
bar_random_1,47923,4321228,11,structural_group,Document_colon,,,,,,,,,-3.1208364963531494,-2.5321884155273438,0.5886480808258057,-3.091672897338867,-2.5575709342956543,0.049543351901137685,0.04312002297315195,0.04312002297315195
bar_random_1,47923,4321228,11,structural_group,attack_tokens,,,,,,,,,-3.1208364963531494,-2.5321884155273438,0.5886480808258057,-3.1208364963531494,-2.531754970550537,0.0,-0.0007363397434313675,-0.0007363397434313675
bar_random_1,47923,4321228,11,structural_group,original_document,,,,,,,,,-3.1208364963531494,-2.5321884155273438,0.5886480808258057,-3.0205767154693604,-2.636282444000244,0.17032210610987825,0.176835756139506,0.17032210610987825
bar_random_1,47923,4321228,11,structural_group,Relevant,,,,,,,,,-3.1208364963531494,-2.5321884155273438,0.5886480808258057,-3.12070894241333,-2.532278537750244,0.00021668963846852674,0.00015310034269365067,0.00015310034269365067
bar_random_1,47923,4321228,11,structural_group,Relevant_colon,,,,,,,,,-3.1208364963531494,-2.5321884155273438,0.5886480808258057,-3.118943691253662,-2.5335910320281982,0.0032155122239282876,0.0023827759684305473,0.0023827759684305473
bar_random_1,182539,57452,0,query_word,example,0,example,3,4,1,content,unmatched,content_unmatched,-5.544294357299805,-4.999029159545898,0.5452651977539062,-5.541309356689453,-5.002577781677246,0.005474401488757363,0.006508066434398131,0.005474401488757363
bar_random_1,182539,57452,0,query_word,of,1,of,4,5,1,stopword,unmatched,stopword_unmatched,-5.544294357299805,-4.999029159545898,0.5452651977539062,-5.544122695922852,-4.999926567077637,0.000314821810855056,0.0016458184667478208,0.000314821810855056
bar_random_1,182539,57452,0,query_word,monotonic,2,monotonic,5,7,2,content,matched,content_matched,-5.544294357299805,-4.999029159545898,0.5452651977539062,-5.550266265869141,-4.992778778076172,-0.010952300997635339,-0.011463011935244651,-0.011463011935244651
bar_random_1,182539,57452,0,query_word,function,3,function,7,8,1,content,unmatched,content_unmatched,-5.544294357299805,-4.999029159545898,0.5452651977539062,-5.53813362121582,-5.011196136474609,0.0112986049895759,0.02231387034938225,0.0112986049895759
bar_random_1,182539,57452,0,structural_group,Query,,,,,,,,,-5.544294357299805,-4.999029159545898,0.5452651977539062,-5.5438737869262695,-4.9992265701293945,0.0007713134365948873,0.00036204508248331447,0.00036204508248331447
bar_random_1,182539,57452,0,structural_group,Query_colon,,,,,,,,,-5.544294357299805,-4.999029159545898,0.5452651977539062,-5.542222023010254,-5.001700401306152,0.003800598861044649,0.0048989771789167335,0.003800598861044649
bar_random_1,182539,57452,0,structural_group,query_content,,,,,,,,,-5.544294357299805,-4.999029159545898,0.5452651977539062,-5.540994644165039,-5.00926399230957,0.0060515748086583,0.018770375967202563,0.0060515748086583
bar_random_1,182539,57452,0,structural_group,Document,,,,,,,,,-5.544294357299805,-4.999029159545898,0.5452651977539062,-5.543861389160156,-4.999272346496582,0.0007940505673788635,0.00044599756537799605,0.00044599756537799605
bar_random_1,182539,57452,0,structural_group,Document_colon,,,,,,,,,-5.544294357299805,-4.999029159545898,0.5452651977539062,-5.544431686401367,-4.9988861083984375,-0.0002518574486840448,-0.00026235150904588,-0.00026235150904588
bar_random_1,182539,57452,0,structural_group,attack_tokens,,,,,,,,,-5.544294357299805,-4.999029159545898,0.5452651977539062,-5.544294357299805,-4.995798110961914,0.0,-0.005925646084316277,-0.005925646084316277
bar_random_1,182539,57452,0,structural_group,original_document,,,,,,,,,-5.544294357299805,-4.999029159545898,0.5452651977539062,-5.503578186035156,-5.033266067504883,0.07467223551469868,0.06278946116498062,0.06278946116498062
bar_random_1,182539,57452,0,structural_group,Relevant,,,,,,,,,-5.544294357299805,-4.999029159545898,0.5452651977539062,-5.544794082641602,-4.998533248901367,-0.0009164812716002742,-0.0009094852313590508,-0.0009164812716002742
bar_random_1,182539,57452,0,structural_group,Relevant_colon,,,,,,,,,-5.544294357299805,-4.999029159545898,0.5452651977539062,-5.544122695922852,-4.999265670776367,0.000314821810855056,0.000433754494955855,0.000314821810855056
bar_random_1,182539,57452,1,query_word,example,0,example,3,4,1,content,unmatched,content_unmatched,-5.544294357299805,-4.999029159545898,0.5452651977539062,-5.529558181762695,-5.015256881713867,0.027025703451846256,0.02976115518616463,0.027025703451846256
bar_random_1,182539,57452,1,query_word,of,1,of,4,5,1,stopword,unmatched,stopword_unmatched,-5.544294357299805,-4.999029159545898,0.5452651977539062,-5.545190811157227,-4.998451232910156,-0.0016440694566875148,-0.0010599000965453554,-0.0016440694566875148
bar_random_1,182539,57452,1,query_word,monotonic,2,monotonic,5,7,2,content,matched,content_matched,-5.544294357299805,-4.999029159545898,0.5452651977539062,-5.529951095581055,-5.017965316772461,0.026305111307000237,0.03472834375743329,0.026305111307000237
bar_random_1,182539,57452,1,query_word,function,3,function,7,8,1,content,unmatched,content_unmatched,-5.544294357299805,-4.999029159545898,0.5452651977539062,-5.512361526489258,-5.0425872802734375,0.058563852859281645,0.07988428549441016,0.058563852859281645
bar_random_1,182539,57452,1,structural_group,Query,,,,,,,,,-5.544294357299805,-4.999029159545898,0.5452651977539062,-5.543609619140625,-4.999673843383789,0.0012557892232996125,0.001182330800766766,0.001182330800766766
bar_random_1,182539,57452,1,structural_group,Query_colon,,,,,,,,,-5.544294357299805,-4.999029159545898,0.5452651977539062,-5.54570198059082,-4.997005462646484,-0.0025815388490114596,-0.0037113993479690496,-0.0037113993479690496
bar_random_1,182539,57452,1,structural_group,query_content,,,,,,,,,-5.544294357299805,-4.999029159545898,0.5452651977539062,-5.484363555908203,-5.076398849487305,0.10991129020974129,0.14189368817249437,0.10991129020974129
bar_random_1,182539,57452,1,structural_group,Document,,,,,,,,,-5.544294357299805,-4.999029159545898,0.5452651977539062,-5.542120933532715,-5.001969337463379,0.003985993927437071,0.005392198015922988,0.003985993927437071
bar_random_1,182539,57452,1,structural_group,Document_colon,,,,,,,,,-5.544294357299805,-4.999029159545898,0.5452651977539062,-5.544990539550781,-4.998497009277344,-0.0012767773440232827,-0.0009759476136506737,-0.0012767773440232827
bar_random_1,182539,57452,1,structural_group,attack_tokens,,,,,,,,,-5.544294357299805,-4.999029159545898,0.5452651977539062,-5.544294357299805,-5.026201248168945,0.0,0.049832794638234756,0.0
bar_random_1,182539,57452,1,structural_group,original_document,,,,,,,,,-5.544294357299805,-4.999029159545898,0.5452651977539062,-5.536394119262695,-5.078531265258789,0.014488799339573801,0.14580447466733829,0.014488799339573801
bar_random_1,182539,57452,1,structural_group,Relevant,,,,,,,,,-5.544294357299805,-4.999029159545898,0.5452651977539062,-5.544857025146484,-4.998239517211914,-0.0010319159355804614,-0.0014481803299332579,-0.0014481803299332579
bar_random_1,182539,57452,1,structural_group,Relevant_colon,,,,,,,,,-5.544294357299805,-4.999029159545898,0.5452651977539062,-5.5442352294921875,-4.999092102050781,0.00010843862373896375,0.00011543466398018722,0.00010843862373896375
bar_random_1,182539,57452,2,query_word,example,0,example,3,4,1,content,unmatched,content_unmatched,-5.544294357299805,-4.999029159545898,0.5452651977539062,-5.539175033569336,-5.007158279418945,0.009388686003721893,0.014908561754047209,0.009388686003721893
bar_random_1,182539,57452,2,query_word,of,1,of,4,5,1,stopword,unmatched,stopword_unmatched,-5.544294357299805,-4.999029159545898,0.5452651977539062,-5.543229103088379,-4.999635696411133,0.0019536442373616534,0.0011123703983545313,0.0011123703983545313
bar_random_1,182539,57452,2,query_word,monotonic,2,monotonic,5,7,2,content,matched,content_matched,-5.544294357299805,-4.999029159545898,0.5452651977539062,-5.52153205871582,-5.025235176086426,0.04174537211938043,0.048061047447144914,0.04174537211938043
bar_random_1,182539,57452,2,query_word,function,3,function,7,8,1,content,unmatched,content_unmatched,-5.544294357299805,-4.999029159545898,0.5452651977539062,-5.539609909057617,-5.00535774230957,0.008591137416222418,0.011606430760189733,0.008591137416222418
bar_random_1,182539,57452,2,structural_group,Query,,,,,,,,,-5.544294357299805,-4.999029159545898,0.5452651977539062,-5.544410705566406,-4.999026298522949,-0.00021337922735731576,-5.247030180917601e-06,-0.00021337922735731576
bar_random_1,182539,57452,2,structural_group,Query_colon,,,,,,,,,-5.544294357299805,-4.999029159545898,0.5452651977539062,-5.544895172119141,-4.998364448547363,-0.0011018763379926962,-0.0012190600120331892,-0.0012190600120331892
bar_random_1,182539,57452,2,structural_group,query_content,,,,,,,,,-5.544294357299805,-4.999029159545898,0.5452651977539062,-5.509275436401367,-5.038829803466797,0.06422364941443143,0.07299318585680505,0.06422364941443143
bar_random_1,182539,57452,2,structural_group,Document,,,,,,,,,-5.544294357299805,-4.999029159545898,0.5452651977539062,-5.541812896728516,-5.001584053039551,0.004550924176915865,0.004685597951559418,0.004550924176915865
bar_random_1,182539,57452,2,structural_group,Document_colon,,,,,,,,,-5.544294357299805,-4.999029159545898,0.5452651977539062,-5.5443115234375,-4.998876571655273,-3.14821810855056e-05,-0.0002798416096489387,-0.0002798416096489387
bar_random_1,182539,57452,2,structural_group,attack_tokens,,,,,,,,,-5.544294357299805,-4.999029159545898,0.5452651977539062,-5.544294357299805,-5.015110015869141,0.0,0.029491807636877528,0.0
bar_random_1,182539,57452,2,structural_group,original_document,,,,,,,,,-5.544294357299805,-4.999029159545898,0.5452651977539062,-5.529064178466797,-5.044073104858398,0.027931690663084693,0.08260924316836671,0.027931690663084693
bar_random_1,182539,57452,2,structural_group,Relevant,,,,,,,,,-5.544294357299805,-4.999029159545898,0.5452651977539062,-5.544707298278809,-4.998638153076172,-0.0007573213561124404,-0.0007170941247254054,-0.0007573213561124404
bar_random_1,182539,57452,2,structural_group,Relevant_colon,,,,,,,,,-5.544294357299805,-4.999029159545898,0.5452651977539062,-5.544065475463867,-4.999269485473633,0.000419762414473408,0.00044075053519707845,0.000419762414473408
bar_random_1,182539,57452,3,query_word,example,0,example,3,4,1,content,unmatched,content_unmatched,-5.544294357299805,-4.999029159545898,0.5452651977539062,-5.536260604858398,-5.00836181640625,0.014733660748016623,0.017115812450153214,0.014733660748016623
bar_random_1,182539,57452,3,query_word,of,1,of,4,5,1,stopword,unmatched,stopword_unmatched,-5.544294357299805,-4.999029159545898,0.5452651977539062,-5.543428421020508,-5.0011444091796875,0.001588101134757727,0.0038793043137584126,0.001588101134757727
bar_random_1,182539,57452,3,query_word,monotonic,2,monotonic,5,7,2,content,matched,content_matched,-5.544294357299805,-4.999029159545898,0.5452651977539062,-5.513153076171875,-5.035856246948242,0.05711217450922778,0.06753977248877135,0.05711217450922778
bar_random_1,182539,57452,3,query_word,function,3,function,7,8,1,content,unmatched,content_unmatched,-5.544294357299805,-4.999029159545898,0.5452651977539062,-5.531719207763672,-5.011192321777344,0.02306244665519316,0.022306874309141026,0.022306874309141026
bar_random_1,182539,57452,3,structural_group,Query,,,,,,,,,-5.544294357299805,-4.999029159545898,0.5452651977539062,-5.547462463378906,-4.9955339431762695,-0.00581021142033609,-0.006410121871021002,-0.006410121871021002
bar_random_1,182539,57452,3,structural_group,Query_colon,,,,,,,,,-5.544294357299805,-4.999029159545898,0.5452651977539062,-5.54616641998291,-4.996784210205078,-0.003433306748380417,-0.0041171696819600105,-0.0041171696819600105
bar_random_1,182539,57452,3,structural_group,query_content,,,,,,,,,-5.544294357299805,-4.999029159545898,0.5452651977539062,-5.491671562194824,-5.060699462890625,0.09650862611761743,0.11310148455973919,0.09650862611761743
bar_random_1,182539,57452,3,structural_group,Document,,,,,,,,,-5.544294357299805,-4.999029159545898,0.5452651977539062,-5.542268753051758,-5.001223564147949,0.003714897368089661,0.004024472148763799,0.003714897368089661
bar_random_1,182539,57452,3,structural_group,Document_colon,,,,,,,,,-5.544294357299805,-4.999029159545898,0.5452651977539062,-5.544284820556641,-4.999197006225586,1.749010060305867e-05,0.0003078257706138326,1.749010060305867e-05
bar_random_1,182539,57452,3,structural_group,attack_tokens,,,,,,,,,-5.544294357299805,-4.999029159545898,0.5452651977539062,-5.544294357299805,-4.88865852355957,0.0,-0.20241643229931858,-0.20241643229931858
bar_random_1,182539,57452,3,structural_group,original_document,,,,,,,,,-5.544294357299805,-4.999029159545898,0.5452651977539062,-5.526701927185059,-5.002605438232422,0.03226398858246233,0.006558787726147001,0.006558787726147001
bar_random_1,182539,57452,3,structural_group,Relevant,,,,,,,,,-5.544294357299805,-4.999029159545898,0.5452651977539062,-5.544548988342285,-4.998758316040039,-0.0004669856861016665,-0.0004967188571268662,-0.0004967188571268662
bar_random_1,182539,57452,3,structural_group,Relevant_colon,,,,,,,,,-5.544294357299805,-4.999029159545898,0.5452651977539062,-5.544672012329102,-4.998722076416016,-0.0006926079838811233,-0.0005631812394184891,-0.0006926079838811233
bar_random_1,182539,57452,4,query_word,example,0,example,3,4,1,content,unmatched,content_unmatched,-5.544294357299805,-4.999029159545898,0.5452651977539062,-5.541349411010742,-5.005242347717285,0.005400943066224517,0.011394800542892722,0.005400943066224517
bar_random_1,182539,57452,4,query_word,of,1,of,4,5,1,stopword,unmatched,stopword_unmatched,-5.544294357299805,-4.999029159545898,0.5452651977539062,-5.5447587966918945,-4.998504638671875,-0.0008517678993689571,-0.0009619555331682268,-0.0009619555331682268
bar_random_1,182539,57452,4,query_word,monotonic,2,monotonic,5,7,2,content,matched,content_matched,-5.544294357299805,-4.999029159545898,0.5452651977539062,-5.565677642822266,-4.976351737976074,-0.039216303572178146,-0.041589710224013206,-0.041589710224013206
bar_random_1,182539,57452,4,query_word,function,3,function,7,8,1,content,unmatched,content_unmatched,-5.544294357299805,-4.999029159545898,0.5452651977539062,-5.547588348388672,-4.988332748413086,-0.006041080748296465,-0.019616896836390604,-0.019616896836390604
bar_random_1,182539,57452,4,structural_group,Query,,,,,,,,,-5.544294357299805,-4.999029159545898,0.5452651977539062,-5.543485641479492,-5.00031852722168,0.0014831605311393752,0.002364661601533532,0.0014831605311393752
bar_random_1,182539,57452,4,structural_group,Query_colon,,,,,,,,,-5.544294357299805,-4.999029159545898,0.5452651977539062,-5.545200347900391,-4.997516632080078,-0.0016615595572905735,-0.0027739299556451048,-0.0027739299556451048
bar_random_1,182539,57452,4,structural_group,query_content,,,,,,,,,-5.544294357299805,-4.999029159545898,0.5452651977539062,-5.56569766998291,-4.971467971801758,-0.03925303278344457,-0.05054639074283955,-0.05054639074283955
bar_random_1,182539,57452,4,structural_group,Document,,,,,,,,,-5.544294357299805,-4.999029159545898,0.5452651977539062,-5.545188903808594,-4.997884750366211,-0.001640571436566903,-0.00209881207236704,-0.00209881207236704
bar_random_1,182539,57452,4,structural_group,Document_colon,,,,,,,,,-5.544294357299805,-4.999029159545898,0.5452651977539062,-5.548108100891113,-4.994007110595703,-0.006994291231163161,-0.009210286977570694,-0.009210286977570694
bar_random_1,182539,57452,4,structural_group,attack_tokens,,,,,,,,,-5.544294357299805,-4.999029159545898,0.5452651977539062,-5.544294357299805,-5.01753044128418,0.0,0.03393079516993382,0.0
bar_random_1,182539,57452,4,structural_group,original_document,,,,,,,,,-5.544294357299805,-4.999029159545898,0.5452651977539062,-5.435907363891602,-5.122953414916992,0.19877849137388237,0.22727336327638556,0.19877849137388237
bar_random_1,182539,57452,4,structural_group,Relevant,,,,,,,,,-5.544294357299805,-4.999029159545898,0.5452651977539062,-5.543619155883789,-4.999792098999023,0.0012382991226965537,0.0013992080482446935,0.0012382991226965537
bar_random_1,182539,57452,4,structural_group,Relevant_colon,,,,,,,,,-5.544294357299805,-4.999029159545898,0.5452651977539062,-5.544353485107422,-4.999059677124023,-0.00010843862373896375,5.596832192978774e-05,-0.00010843862373896375
bar_random_1,182539,57452,5,query_word,example,0,example,3,4,1,content,unmatched,content_unmatched,-5.544294357299805,-4.999029159545898,0.5452651977539062,-5.538270950317383,-5.003462791442871,0.011046747540891855,0.008131147770361976,0.008131147770361976
bar_random_1,182539,57452,5,query_word,of,1,of,4,5,1,stopword,unmatched,stopword_unmatched,-5.544294357299805,-4.999029159545898,0.5452651977539062,-5.541139602661133,-5.003514289855957,0.0057857252794918075,0.008225594313618492,0.0057857252794918075
bar_random_1,182539,57452,5,query_word,monotonic,2,monotonic,5,7,2,content,matched,content_matched,-5.544294357299805,-4.999029159545898,0.5452651977539062,-5.503060340881348,-5.058521270751953,0.07562194797744477,0.10910674558200059,0.07562194797744477
bar_random_1,182539,57452,5,query_word,function,3,function,7,8,1,content,unmatched,content_unmatched,-5.544294357299805,-4.999029159545898,0.5452651977539062,-5.491930961608887,-5.093528747558594,0.09603289538121423,0.17330940687570834,0.09603289538121423
bar_random_1,182539,57452,5,structural_group,Query,,,,,,,,,-5.544294357299805,-4.999029159545898,0.5452651977539062,-5.546989440917969,-4.995639801025391,-0.0049427024304243795,-0.006215981754327051,-0.006215981754327051
bar_random_1,182539,57452,5,structural_group,Query_colon,,,,,,,,,-5.544294357299805,-4.999029159545898,0.5452651977539062,-5.545123100280762,-4.997913360595703,-0.0015198897424057983,-0.002046341770557864,-0.002046341770557864
bar_random_1,182539,57452,5,structural_group,query_content,,,,,,,,,-5.544294357299805,-4.999029159545898,0.5452651977539062,-5.439979553222656,-5.160801887512207,0.19131021841637633,0.2966863255397445,0.19131021841637633
bar_random_1,182539,57452,5,structural_group,Document,,,,,,,,,-5.544294357299805,-4.999029159545898,0.5452651977539062,-5.544013977050781,-4.999284744262695,0.0005142089577299248,0.0004687346961619723,0.0004687346961619723
bar_random_1,182539,57452,5,structural_group,Document_colon,,,,,,,,,-5.544294357299805,-4.999029159545898,0.5452651977539062,-5.54373836517334,-4.999312400817871,0.0010196728651583203,0.0005194559879108425,0.0005194559879108425
bar_random_1,182539,57452,5,structural_group,attack_tokens,,,,,,,,,-5.544294357299805,-4.999029159545898,0.5452651977539062,-5.544294357299805,-4.947090148925781,0.0,-0.09525458590437812,-0.09525458590437812
bar_random_1,182539,57452,5,structural_group,original_document,,,,,,,,,-5.544294357299805,-4.999029159545898,0.5452651977539062,-5.414223670959473,-5.156191825866699,0.2385457331150569,0.28823161090822597,0.2385457331150569
bar_random_1,182539,57452,5,structural_group,Relevant,,,,,,,,,-5.544294357299805,-4.999029159545898,0.5452651977539062,-5.544637680053711,-4.99860954284668,-0.000629643621710112,-0.0007695644265345815,-0.0007695644265345815
bar_random_1,182539,57452,5,structural_group,Relevant_colon,,,,,,,,,-5.544294357299805,-4.999029159545898,0.5452651977539062,-5.5459089279174805,-4.99720573425293,-0.002961074032097833,-0.0033441072353048175,-0.0033441072353048175
bar_random_1,182539,57452,6,query_word,example,0,example,3,4,1,content,unmatched,content_unmatched,-5.544294357299805,-4.999029159545898,0.5452651977539062,-5.550657272338867,-4.996996879577637,-0.011669395122360744,-0.0037271404385118023,-0.011669395122360744
bar_random_1,182539,57452,6,query_word,of,1,of,4,5,1,stopword,unmatched,stopword_unmatched,-5.544294357299805,-4.999029159545898,0.5452651977539062,-5.552707672119141,-4.993350982666016,-0.015429766752018358,-0.010413605899061132,-0.015429766752018358
bar_random_1,182539,57452,6,query_word,monotonic,2,monotonic,5,7,2,content,matched,content_matched,-5.544294357299805,-4.999029159545898,0.5452651977539062,-5.53974723815918,-5.005863189697266,0.008339279967538374,0.012533406092151842,0.008339279967538374
bar_random_1,182539,57452,6,query_word,function,3,function,7,8,1,content,unmatched,content_unmatched,-5.544294357299805,-4.999029159545898,0.5452651977539062,-5.508501052856445,-5.024106025695801,0.06564384558339979,0.04599021953574277,0.04599021953574277
bar_random_1,182539,57452,6,structural_group,Query,,,,,,,,,-5.544294357299805,-4.999029159545898,0.5452651977539062,-5.5442657470703125,-4.998355865478516,5.2470301809176e-05,-0.001234801102575942,-0.001234801102575942
bar_random_1,182539,57452,6,structural_group,Query_colon,,,,,,,,,-5.544294357299805,-4.999029159545898,0.5452651977539062,-5.546221733093262,-4.99635124206543,-0.003534749331878157,-0.004911220249338874,-0.004911220249338874
bar_random_1,182539,57452,6,structural_group,query_content,,,,,,,,,-5.544294357299805,-4.999029159545898,0.5452651977539062,-5.518152236938477,-5.022829055786133,0.047943863773104424,0.043648295064993216,0.043648295064993216
bar_random_1,182539,57452,6,structural_group,Document,,,,,,,,,-5.544294357299805,-4.999029159545898,0.5452651977539062,-5.543923377990723,-5.000572204589844,0.0006803649134589822,0.0028298982775748927,0.0006803649134589822
bar_random_1,182539,57452,6,structural_group,Document_colon,,,,,,,,,-5.544294357299805,-4.999029159545898,0.5452651977539062,-5.546443939208984,-4.996468544006348,-0.003942268675929424,-0.004696092011921253,-0.004696092011921253
bar_random_1,182539,57452,6,structural_group,attack_tokens,,,,,,,,,-5.544294357299805,-4.999029159545898,0.5452651977539062,-5.544294357299805,-4.914705276489258,0.0,-0.15464746953224476,-0.15464746953224476
bar_random_1,182539,57452,6,structural_group,original_document,,,,,,,,,-5.544294357299805,-4.999029159545898,0.5452651977539062,-5.358452796936035,-5.222238540649414,0.340827841441744,0.40935930263470877,0.340827841441744
bar_random_1,182539,57452,6,structural_group,Relevant,,,,,,,,,-5.544294357299805,-4.999029159545898,0.5452651977539062,-5.542400360107422,-5.001253128051758,0.0034735339797674516,0.004078691460633281,0.0034735339797674516
bar_random_1,182539,57452,6,structural_group,Relevant_colon,,,,,,,,,-5.544294357299805,-4.999029159545898,0.5452651977539062,-5.544663429260254,-4.998405456542969,-0.0006768668933383704,-0.0011438525794400369,-0.0011438525794400369
bar_random_1,182539,57452,7,query_word,example,0,example,3,4,1,content,unmatched,content_unmatched,-5.544294357299805,-4.999029159545898,0.5452651977539062,-5.565217971801758,-4.982610702514648,-0.03837328072311072,-0.030110957198225805,-0.03837328072311072
bar_random_1,182539,57452,7,query_word,of,1,of,4,5,1,stopword,unmatched,stopword_unmatched,-5.544294357299805,-4.999029159545898,0.5452651977539062,-5.544417381286621,-4.999101638793945,-0.00022562229777945683,0.0001329247645832459,-0.00022562229777945683
bar_random_1,182539,57452,7,query_word,monotonic,2,monotonic,5,7,2,content,matched,content_matched,-5.544294357299805,-4.999029159545898,0.5452651977539062,-5.5584516525268555,-4.984590530395508,-0.025964054345240593,-0.026480012313030824,-0.026480012313030824
bar_random_1,182539,57452,7,query_word,function,3,function,7,8,1,content,unmatched,content_unmatched,-5.544294357299805,-4.999029159545898,0.5452651977539062,-5.520421981811523,-5.029211044311523,0.04378121982957646,0.05535267038856007,0.04378121982957646
bar_random_1,182539,57452,7,structural_group,Query,,,,,,,,,-5.544294357299805,-4.999029159545898,0.5452651977539062,-5.5411577224731445,-5.002824783325195,0.005752494088345996,0.00696106004001735,0.005752494088345996
bar_random_1,182539,57452,7,structural_group,Query_colon,,,,,,,,,-5.544294357299805,-4.999029159545898,0.5452651977539062,-5.538434982299805,-5.005499839782715,0.010745917810519246,0.011867033259175307,0.010745917810519246
bar_random_1,182539,57452,7,structural_group,query_content,,,,,,,,,-5.544294357299805,-4.999029159545898,0.5452651977539062,-5.555139541625977,-4.998166084289551,-0.019889742405798317,-0.0015828541045768095,-0.019889742405798317
bar_random_1,182539,57452,7,structural_group,Document,,,,,,,,,-5.544294357299805,-4.999029159545898,0.5452651977539062,-5.547767639160156,-4.995344161987305,-0.006369894639633967,-0.00675817487302187,-0.00675817487302187
bar_random_1,182539,57452,7,structural_group,Document_colon,,,,,,,,,-5.544294357299805,-4.999029159545898,0.5452651977539062,-5.540383338928223,-5.003318786621094,0.00717269025731436,0.007867047251255789,0.00717269025731436
bar_random_1,182539,57452,7,structural_group,attack_tokens,,,,,,,,,-5.544294357299805,-4.999029159545898,0.5452651977539062,-5.544294357299805,-4.928837776184082,0.0,-0.1287288894485721,-0.1287288894485721
bar_random_1,182539,57452,7,structural_group,original_document,,,,,,,,,-5.544294357299805,-4.999029159545898,0.5452651977539062,-5.487367630004883,-5.104032516479492,0.1044019085197778,0.19257300367991717,0.1044019085197778
bar_random_1,182539,57452,7,structural_group,Relevant,,,,,,,,,-5.544294357299805,-4.999029159545898,0.5452651977539062,-5.542259216308594,-5.0017900466918945,0.00373238746869272,0.005063384124585485,0.00373238746869272
bar_random_1,182539,57452,7,structural_group,Relevant_colon,,,,,,,,,-5.544294357299805,-4.999029159545898,0.5452651977539062,-5.543117523193359,-5.000078201293945,0.0021582784144174396,0.0019239110663364536,0.0019239110663364536
bar_random_1,182539,57452,8,query_word,example,0,example,3,4,1,content,unmatched,content_unmatched,-5.544294357299805,-4.999029159545898,0.5452651977539062,-5.49445915222168,-5.062216758728027,0.09139626971134338,0.11588415956568582,0.09139626971134338
bar_random_1,182539,57452,8,query_word,of,1,of,4,5,1,stopword,unmatched,stopword_unmatched,-5.544294357299805,-4.999029159545898,0.5452651977539062,-5.539180755615234,-5.00250244140625,0.009378191943360058,0.006369894639633967,0.006369894639633967
bar_random_1,182539,57452,8,query_word,monotonic,2,monotonic,5,7,2,content,matched,content_matched,-5.544294357299805,-4.999029159545898,0.5452651977539062,-5.536500930786133,-5.010404586791992,0.014292910212819544,0.02086219199932838,0.014292910212819544
bar_random_1,182539,57452,8,query_word,function,3,function,7,8,1,content,unmatched,content_unmatched,-5.544294357299805,-4.999029159545898,0.5452651977539062,-5.571764945983887,-4.956452369689941,-0.0503802347871105,-0.07808455414235543,-0.07808455414235543
bar_random_1,182539,57452,8,structural_group,Query,,,,,,,,,-5.544294357299805,-4.999029159545898,0.5452651977539062,-5.528522491455078,-5.017927169799805,0.028925128377338426,0.034658383355021055,0.028925128377338426
bar_random_1,182539,57452,8,structural_group,Query_colon,,,,,,,,,-5.544294357299805,-4.999029159545898,0.5452651977539062,-5.534494400024414,-5.011709213256836,0.01797282737970309,0.023254837761826807,0.01797282737970309
bar_random_1,182539,57452,8,structural_group,query_content,,,,,,,,,-5.544294357299805,-4.999029159545898,0.5452651977539062,-5.510812759399414,-5.036159515380859,0.06140424519721838,0.06809595768794863,0.06140424519721838
bar_random_1,182539,57452,8,structural_group,Document,,,,,,,,,-5.544294357299805,-4.999029159545898,0.5452651977539062,-5.542228698730469,-5.002052307128906,0.0037883557906225078,0.0055443618911695984,0.0037883557906225078
bar_random_1,182539,57452,8,structural_group,Document_colon,,,,,,,,,-5.544294357299805,-4.999029159545898,0.5452651977539062,-5.54380989074707,-4.999454498291016,0.0008884971106353803,0.0007800584868964167,0.0007800584868964167
bar_random_1,182539,57452,8,structural_group,attack_tokens,,,,,,,,,-5.544294357299805,-4.999029159545898,0.5452651977539062,-5.544294357299805,-4.874946594238281,0.0,-0.22756369894639633,-0.22756369894639633
bar_random_1,182539,57452,8,structural_group,original_document,,,,,,,,,-5.544294357299805,-4.999029159545898,0.5452651977539062,-5.218453407287598,-5.360599517822266,0.5975825182946453,0.6631091802040046,0.5975825182946453
bar_random_1,182539,57452,8,structural_group,Relevant,,,,,,,,,-5.544294357299805,-4.999029159545898,0.5452651977539062,-5.543806076049805,-4.999117851257324,0.0008954931508766039,0.00016265793560844562,0.00016265793560844562
bar_random_1,182539,57452,8,structural_group,Relevant_colon,,,,,,,,,-5.544294357299805,-4.999029159545898,0.5452651977539062,-5.544007301330566,-4.999616622924805,0.0005264520281520659,0.001077390197148414,0.0005264520281520659
bar_random_1,182539,57452,9,query_word,example,0,example,3,4,1,content,unmatched,content_unmatched,-5.544294357299805,-4.999029159545898,0.5452651977539062,-5.349733352661133,-5.21888542175293,0.3568190404231205,0.4032097832626733,0.3568190404231205
bar_random_1,182539,57452,9,query_word,of,1,of,4,5,1,stopword,unmatched,stopword_unmatched,-5.544294357299805,-4.999029159545898,0.5452651977539062,-5.524925231933594,-5.023001670837402,0.035522394324812155,0.043964865885908574,0.035522394324812155
bar_random_1,182539,57452,9,query_word,monotonic,2,monotonic,5,7,2,content,matched,content_matched,-5.544294357299805,-4.999029159545898,0.5452651977539062,-5.475687026977539,-5.0841474533081055,0.12582378373840405,0.15610439491247954,0.12582378373840405
bar_random_1,182539,57452,9,query_word,function,3,function,7,8,1,content,unmatched,content_unmatched,-5.544294357299805,-4.999029159545898,0.5452651977539062,-5.51439094543457,-5.040544509887695,0.05484195945095076,0.076137905945235,0.05484195945095076
bar_random_1,182539,57452,9,structural_group,Query,,,,,,,,,-5.544294357299805,-4.999029159545898,0.5452651977539062,-5.538357734680176,-5.005551338195801,0.010887587625404021,0.011961479802431823,0.010887587625404021
bar_random_1,182539,57452,9,structural_group,Query_colon,,,,,,,,,-5.544294357299805,-4.999029159545898,0.5452651977539062,-5.540776252746582,-5.003269195556641,0.006452098112468343,0.007776098728119884,0.006452098112468343
bar_random_1,182539,57452,9,structural_group,query_content,,,,,,,,,-5.544294357299805,-4.999029159545898,0.5452651977539062,-5.221479415893555,-5.358835220336914,0.5920329093732947,0.6598735115924387,0.5920329093732947
bar_random_1,182539,57452,9,structural_group,Document,,,,,,,,,-5.544294357299805,-4.999029159545898,0.5452651977539062,-5.545440673828125,-4.997745513916016,-0.002102310092487652,-0.0023541675411716968,-0.0023541675411716968
bar_random_1,182539,57452,9,structural_group,Document_colon,,,,,,,,,-5.544294357299805,-4.999029159545898,0.5452651977539062,-5.5462493896484375,-4.996862411499023,-0.003585470623627027,-0.003973750857014929,-0.003973750857014929
bar_random_1,182539,57452,9,structural_group,attack_tokens,,,,,,,,,-5.544294357299805,-4.999029159545898,0.5452651977539062,-5.544294357299805,-4.86543083190918,0.0,-0.24501532132812828,-0.24501532132812828
bar_random_1,182539,57452,9,structural_group,original_document,,,,,,,,,-5.544294357299805,-4.999029159545898,0.5452651977539062,-5.475542068481445,-5.074724197387695,0.12608963326757056,0.13882242650659726,0.12608963326757056
bar_random_1,182539,57452,9,structural_group,Relevant,,,,,,,,,-5.544294357299805,-4.999029159545898,0.5452651977539062,-5.544015884399414,-4.999610900878906,0.0005107109376093132,0.0010668961367865787,0.0005107109376093132
bar_random_1,182539,57452,9,structural_group,Relevant_colon,,,,,,,,,-5.544294357299805,-4.999029159545898,0.5452651977539062,-5.545137405395508,-4.998069763183594,-0.0015461248933103862,-0.001759504120667702,-0.001759504120667702
bar_random_1,182539,57452,10,query_word,example,0,example,3,4,1,content,unmatched,content_unmatched,-5.544294357299805,-4.999029159545898,0.5452651977539062,-5.4635009765625,-5.093183517456055,0.14817263428899244,0.17267626523387763,0.14817263428899244
bar_random_1,182539,57452,10,query_word,of,1,of,4,5,1,stopword,unmatched,stopword_unmatched,-5.544294357299805,-4.999029159545898,0.5452651977539062,-5.551529884338379,-4.990453720092773,-0.013269739327540612,-0.015727098462270356,-0.015727098462270356
bar_random_1,182539,57452,10,query_word,monotonic,2,monotonic,5,7,2,content,matched,content_matched,-5.544294357299805,-4.999029159545898,0.5452651977539062,-5.487829208374023,-5.067502975463867,0.10355538765058976,0.12557892232996123,0.10355538765058976
bar_random_1,182539,57452,10,query_word,function,3,function,7,8,1,content,unmatched,content_unmatched,-5.544294357299805,-4.999029159545898,0.5452651977539062,-5.517133712768555,-5.032920837402344,0.04981180651751109,0.0621563195231499,0.04981180651751109
bar_random_1,182539,57452,10,structural_group,Query,,,,,,,,,-5.544294357299805,-4.999029159545898,0.5452651977539062,-5.508686065673828,-5.040153503417969,0.06530453763170045,0.0754208118205096,0.06530453763170045
bar_random_1,182539,57452,10,structural_group,Query_colon,,,,,,,,,-5.544294357299805,-4.999029159545898,0.5452651977539062,-5.497076988220215,-5.052545547485352,0.08659523709580377,0.09814744854412402,0.08659523709580377
bar_random_1,182539,57452,10,structural_group,query_content,,,,,,,,,-5.544294357299805,-4.999029159545898,0.5452651977539062,-5.384405136108398,-5.183229446411133,0.2932320306706404,0.33781779512795757,0.2932320306706404
bar_random_1,182539,57452,10,structural_group,Document,,,,,,,,,-5.544294357299805,-4.999029159545898,0.5452651977539062,-5.534450531005859,-5.009830474853516,0.01805328184247716,0.019809287943024247,0.01805328184247716
bar_random_1,182539,57452,10,structural_group,Document_colon,,,,,,,,,-5.544294357299805,-4.999029159545898,0.5452651977539062,-5.526228904724121,-5.020374298095703,0.03313149757237403,0.03914634316976591,0.03313149757237403
bar_random_1,182539,57452,10,structural_group,attack_tokens,,,,,,,,,-5.544294357299805,-4.999029159545898,0.5452651977539062,-5.544294357299805,-4.993183135986328,0.0,-0.010721431669674965,-0.010721431669674965
bar_random_1,182539,57452,10,structural_group,original_document,,,,,,,,,-5.544294357299805,-4.999029159545898,0.5452651977539062,-5.566530227661133,-4.970193862915039,-0.040779918566091596,-0.05288306818340819,-0.05288306818340819
bar_random_1,182539,57452,10,structural_group,Relevant,,,,,,,,,-5.544294357299805,-4.999029159545898,0.5452651977539062,-5.545483589172363,-4.997706413269043,-0.002181015545201416,-0.0024258769536442374,-0.0024258769536442374
bar_random_1,182539,57452,10,structural_group,Relevant_colon,,,,,,,,,-5.544294357299805,-4.999029159545898,0.5452651977539062,-5.5462236404418945,-4.99652099609375,-0.0035382473519987687,-0.00459989645860443,-0.00459989645860443
bar_random_1,182539,57452,11,query_word,example,0,example,3,4,1,content,unmatched,content_unmatched,-5.544294357299805,-4.999029159545898,0.5452651977539062,-5.395069122314453,-5.168357849121094,0.2736746001763002,0.3105437322475479,0.2736746001763002
bar_random_1,182539,57452,11,query_word,of,1,of,4,5,1,stopword,unmatched,stopword_unmatched,-5.544294357299805,-4.999029159545898,0.5452651977539062,-5.520837783813477,-5.028615951538086,0.0430186514432831,0.054261288110929215,0.0430186514432831
bar_random_1,182539,57452,11,query_word,monotonic,2,monotonic,5,7,2,content,matched,content_matched,-5.544294357299805,-4.999029159545898,0.5452651977539062,-5.464815139770508,-5.094329833984375,0.14576249842589095,0.1747785753263653,0.14576249842589095
bar_random_1,182539,57452,11,query_word,function,3,function,7,8,1,content,unmatched,content_unmatched,-5.544294357299805,-4.999029159545898,0.5452651977539062,-5.523931503295898,-5.023999214172363,0.03734486280765087,0.04579433040898851,0.03734486280765087
bar_random_1,182539,57452,11,structural_group,Query,,,,,,,,,-5.544294357299805,-4.999029159545898,0.5452651977539062,-5.525002479553223,-5.020707130432129,0.03538072450992738,0.03975674768081266,0.03538072450992738
bar_random_1,182539,57452,11,structural_group,Query_colon,,,,,,,,,-5.544294357299805,-4.999029159545898,0.5452651977539062,-5.512460708618164,-5.033511161804199,0.05838195581300984,0.06323895675047923,0.05838195581300984
bar_random_1,182539,57452,11,structural_group,query_content,,,,,,,,,-5.544294357299805,-4.999029159545898,0.5452651977539062,-5.259714126586914,-5.303493499755859,0.5219115980355119,0.5583784577928892,0.5219115980355119
bar_random_1,182539,57452,11,structural_group,Document,,,,,,,,,-5.544294357299805,-4.999029159545898,0.5452651977539062,-5.520849227905273,-5.022551536560059,0.04299766332255943,0.043139333137444204,0.04299766332255943
bar_random_1,182539,57452,11,structural_group,Document_colon,,,,,,,,,-5.544294357299805,-4.999029159545898,0.5452651977539062,-5.527907371520996,-5.017496109008789,0.03005323986623571,0.03386783080776281,0.03005323986623571
bar_random_1,182539,57452,11,structural_group,attack_tokens,,,,,,,,,-5.544294357299805,-4.999029159545898,0.5452651977539062,-5.544294357299805,-4.9987030029296875,0.0,-0.0005981614406246065,-0.0005981614406246065
bar_random_1,182539,57452,11,structural_group,original_document,,,,,,,,,-5.544294357299805,-4.999029159545898,0.5452651977539062,-5.519458770751953,-5.026683807373047,0.04554771999048539,0.05071779372874953,0.04554771999048539
bar_random_1,182539,57452,11,structural_group,Relevant,,,,,,,,,-5.544294357299805,-4.999029159545898,0.5452651977539062,-5.543918609619141,-4.999432563781738,0.0006891099637605115,0.0007398312555093817,0.0006891099637605115
bar_random_1,182539,57452,11,structural_group,Relevant_colon,,,,,,,,,-5.544294357299805,-4.999029159545898,0.5452651977539062,-5.540824890136719,-5.002216339111328,0.006362898599392743,0.005845191621542207,0.005845191621542207
bar_random_1,527433,6667277,0,query_word,types,0,types,3,4,1,content,unmatched,content_unmatched,-8.126516342163086,-7.772193908691406,0.3543224334716797,-8.128680229187012,-7.769529342651367,-0.006107112673402703,-0.007520173120091297,-0.007520173120091297
bar_random_1,527433,6667277,0,query_word,of,1,of,4,5,1,stopword,unmatched,stopword_unmatched,-8.126516342163086,-7.772193908691406,0.3543224334716797,-8.125574111938477,-7.773168563842773,0.0026592451834825345,0.002750757669553796,0.0026592451834825345
bar_random_1,527433,6667277,0,query_word,dysarthria,2,dysarthria,5,10,5,content,unmatched,content_unmatched,-8.126516342163086,-7.772193908691406,0.3543224334716797,-8.120977401733398,-7.778419494628906,0.015632485855937815,0.01757039732568217,0.015632485855937815
bar_random_1,527433,6667277,0,query_word,from,3,from,10,11,1,stopword,unmatched,stopword_unmatched,-8.126516342163086,-7.772193908691406,0.3543224334716797,-8.12763786315918,-7.770793914794922,-0.00316525540058245,-0.003951186163312106,-0.003951186163312106
bar_random_1,527433,6667277,0,query_word,cerebral,4,cerebral,11,12,1,content,matched,content_matched,-8.126516342163086,-7.772193908691406,0.3543224334716797,-8.129664421081543,-7.768924713134766,-0.008884785780036281,-0.009226611830949524,-0.009226611830949524
bar_random_1,527433,6667277,0,query_word,palsy,5,palsy,12,15,3,content,matched,content_matched,-8.126516342163086,-7.772193908691406,0.3543224334716797,-8.124329566955566,-7.773895263671875,0.006171709722394182,0.004801713975033241,0.004801713975033241
bar_random_1,527433,6667277,0,structural_group,Query,,,,,,,,,-8.126516342163086,-7.772193908691406,0.3543224334716797,-8.126033782958984,-7.772747039794922,0.0013619211162370067,0.0015610953506273988,0.0013619211162370067
bar_random_1,527433,6667277,0,structural_group,Query_colon,,,,,,,,,-8.126516342163086,-7.772193908691406,0.3543224334716797,-8.126167297363281,-7.772819519042969,0.0009851049971200483,0.0017656526724337477,0.0009851049971200483
bar_random_1,527433,6667277,0,structural_group,query_content,,,,,,,,,-8.126516342163086,-7.772193908691406,0.3543224334716797,-8.124177932739258,-7.773784637451172,0.006599665171962727,0.004489494904907761,0.004489494904907761
bar_random_1,527433,6667277,0,structural_group,Document,,,,,,,,,-8.126516342163086,-7.772193908691406,0.3543224334716797,-8.1261625289917,-7.772787094116211,0.0009985627156599397,0.0016741401863624864,0.0009985627156599397
bar_random_1,527433,6667277,0,structural_group,Document_colon,,,,,,,,,-8.126516342163086,-7.772193908691406,0.3543224334716797,-8.125860214233398,-7.77287483215332,0.0018517820710890523,0.0019217622074964875,0.0018517820710890523
bar_random_1,527433,6667277,0,structural_group,attack_tokens,,,,,,,,,-8.126516342163086,-7.772193908691406,0.3543224334716797,-8.126516342163086,-7.763662338256836,0.0,-0.02407855001157364,-0.02407855001157364
bar_random_1,527433,6667277,0,structural_group,original_document,,,,,,,,,-8.126516342163086,-7.772193908691406,0.3543224334716797,-8.098068237304688,-7.797138214111328,0.08028874880899191,0.07040001722587973,0.07040001722587973
bar_random_1,527433,6667277,0,structural_group,Relevant,,,,,,,,,-8.126516342163086,-7.772193908691406,0.3543224334716797,-8.12672233581543,-7.771869659423828,-0.0005813734409233071,-0.0009151248607126131,-0.0009151248607126131
bar_random_1,527433,6667277,0,structural_group,Relevant_colon,,,,,,,,,-8.126516342163086,-7.772193908691406,0.3543224334716797,-8.126633644104004,-7.772008895874023,-0.0003310598760813277,-0.0005221594793477851,-0.0005221594793477851
bar_random_1,527433,6667277,1,query_word,types,0,types,3,4,1,content,unmatched,content_unmatched,-8.126516342163086,-7.772193908691406,0.3543224334716797,-8.131128311157227,-7.766946792602539,-0.013016305371782933,-0.014808873481296463,-0.014808873481296463
bar_random_1,527433,6667277,1,query_word,of,1,of,4,5,1,stopword,unmatched,stopword_unmatched,-8.126516342163086,-7.772193908691406,0.3543224334716797,-8.12593936920166,-7.772819519042969,0.0016283839433268556,0.0017656526724337477,0.0016283839433268556
bar_random_1,527433,6667277,1,query_word,dysarthria,2,dysarthria,5,10,5,content,unmatched,content_unmatched,-8.126516342163086,-7.772193908691406,0.3543224334716797,-8.123823165893555,-7.775302886962891,0.007600919431330645,0.008774432488009173,0.007600919431330645
bar_random_1,527433,6667277,1,query_word,from,3,from,10,11,1,stopword,unmatched,stopword_unmatched,-8.126516342163086,-7.772193908691406,0.3543224334716797,-8.127201080322266,-7.771762847900391,-0.0019325283823284007,-0.0012165777560061797,-0.0019325283823284007
bar_random_1,527433,6667277,1,query_word,cerebral,4,cerebral,11,12,1,content,matched,content_matched,-8.126516342163086,-7.772193908691406,0.3543224334716797,-8.127458572387695,-7.772300720214844,-0.0026592451834825345,0.00030145289529356667,-0.0026592451834825345
bar_random_1,527433,6667277,1,query_word,palsy,5,palsy,12,15,3,content,matched,content_matched,-8.126516342163086,-7.772193908691406,0.3543224334716797,-8.127574920654297,-7.770164489746094,-0.002987613515855884,-0.005727605010577767,-0.005727605010577767
bar_random_1,527433,6667277,1,structural_group,Query,,,,,,,,,-8.126516342163086,-7.772193908691406,0.3543224334716797,-8.125665664672852,-7.773075103759766,0.0024008569875166204,0.0024869863861719252,0.0024008569875166204
bar_random_1,527433,6667277,1,structural_group,Query_colon,,,,,,,,,-8.126516342163086,-7.772193908691406,0.3543224334716797,-8.126208305358887,-7.772575378417969,0.0008693686176769825,0.0010766174831913096,0.0008693686176769825
bar_random_1,527433,6667277,1,structural_group,query_content,,,,,,,,,-8.126516342163086,-7.772193908691406,0.3543224334716797,-8.13058853149414,-7.767974853515625,-0.011492891633067229,-0.011907389364095883,-0.011907389364095883
bar_random_1,527433,6667277,1,structural_group,Document,,,,,,,,,-8.126516342163086,-7.772193908691406,0.3543224334716797,-8.12706470489502,-7.771631240844727,-0.0015476376320875075,-0.0015880107877071815,-0.0015880107877071815
bar_random_1,527433,6667277,1,structural_group,Document_colon,,,,,,,,,-8.126516342163086,-7.772193908691406,0.3543224334716797,-8.126812934875488,-7.771795272827148,-0.0008370700931812432,-0.0011250652699349186,-0.0011250652699349186
bar_random_1,527433,6667277,1,structural_group,attack_tokens,,,,,,,,,-8.126516342163086,-7.772193908691406,0.3543224334716797,-8.126516342163086,-7.838886260986328,0.0,0.18822503458633666,0.0
bar_random_1,527433,6667277,1,structural_group,original_document,,,,,,,,,-8.126516342163086,-7.772193908691406,0.3543224334716797,-8.074531555175781,-7.806919097900391,0.1467160475218957,0.09800448949490491,0.09800448949490491
bar_random_1,527433,6667277,1,structural_group,Relevant,,,,,,,,,-8.126516342163086,-7.772193908691406,0.3543224334716797,-8.12681770324707,-7.771856307983398,-0.0008505278117211345,-0.000952806472624309,-0.000952806472624309
bar_random_1,527433,6667277,1,structural_group,Relevant_colon,,,,,,,,,-8.126516342163086,-7.772193908691406,0.3543224334716797,-8.126154899597168,-7.772500991821289,0.0010200950653237659,0.0008666770739690041,0.0008666770739690041
bar_random_1,527433,6667277,2,query_word,types,0,types,3,4,1,content,unmatched,content_unmatched,-8.126516342163086,-7.772193908691406,0.3543224334716797,-8.125495910644531,-7.772792816162109,0.002879951767536753,0.0016902894486103559,0.0016902894486103559
bar_random_1,527433,6667277,2,query_word,of,1,of,4,5,1,stopword,unmatched,stopword_unmatched,-8.126516342163086,-7.772193908691406,0.3543224334716797,-8.126507759094238,-7.771270751953125,2.4223893371804466e-05,-0.002605414309322969,-0.002605414309322969
bar_random_1,527433,6667277,2,query_word,dysarthria,2,dysarthria,5,10,5,content,unmatched,content_unmatched,-8.126516342163086,-7.772193908691406,0.3543224334716797,-8.12746810913086,-7.770898818969727,-0.002686160620562317,-0.003655116355434496,-0.003655116355434496
bar_random_1,527433,6667277,2,query_word,from,3,from,10,11,1,stopword,unmatched,stopword_unmatched,-8.126516342163086,-7.772193908691406,0.3543224334716797,-8.125215530395508,-7.773988723754883,0.0036712656176823657,0.005065485258415111,0.0036712656176823657
bar_random_1,527433,6667277,2,query_word,cerebral,4,cerebral,11,12,1,content,matched,content_matched,-8.126516342163086,-7.772193908691406,0.3543224334716797,-8.127391815185547,-7.770893096923828,-0.0024708371239240555,-0.0036712656176823657,-0.0036712656176823657
bar_random_1,527433,6667277,2,query_word,palsy,5,palsy,12,15,3,content,matched,content_matched,-8.126516342163086,-7.772193908691406,0.3543224334716797,-8.123139381408691,-7.7741241455078125,0.009530756269951068,0.005447684464948027,0.005447684464948027
bar_random_1,527433,6667277,2,structural_group,Query,,,,,,,,,-8.126516342163086,-7.772193908691406,0.3543224334716797,-8.125761032104492,-7.772834777832031,0.002131702616718793,0.0018087173717614,0.0018087173717614
bar_random_1,527433,6667277,2,structural_group,Query_colon,,,,,,,,,-8.126516342163086,-7.772193908691406,0.3543224334716797,-8.126428604125977,-7.772214889526367,0.0002476220211340012,5.9213961575522024e-05,5.9213961575522024e-05
bar_random_1,527433,6667277,2,structural_group,query_content,,,,,,,,,-8.126516342163086,-7.772193908691406,0.3543224334716797,-8.122932434082031,-7.773088455200195,0.010114821254582353,0.002524667998083621,0.002524667998083621
bar_random_1,527433,6667277,2,structural_group,Document,,,,,,,,,-8.126516342163086,-7.772193908691406,0.3543224334716797,-8.127093315124512,-7.771650314331055,-0.0016283839433268556,-0.0015341799135476161,-0.0016283839433268556
bar_random_1,527433,6667277,2,structural_group,Document_colon,,,,,,,,,-8.126516342163086,-7.772193908691406,0.3543224334716797,-8.126763343811035,-7.771873474121094,-0.0006971098203663729,-0.0009043586858807,-0.0009043586858807
bar_random_1,527433,6667277,2,structural_group,attack_tokens,,,,,,,,,-8.126516342163086,-7.772193908691406,0.3543224334716797,-8.126516342163086,-7.821413040161133,0.0,0.1389105707687587,0.0
bar_random_1,527433,6667277,2,structural_group,original_document,,,,,,,,,-8.126516342163086,-7.772193908691406,0.3543224334716797,-8.061362266540527,-7.85711669921875,0.1838835745853677,0.23967658410804932,0.1838835745853677
bar_random_1,527433,6667277,2,structural_group,Relevant,,,,,,,,,-8.126516342163086,-7.772193908691406,0.3543224334716797,-8.126871109008789,-7.772010803222656,-0.0010012542593679178,-0.0005167763919318286,-0.0010012542593679178
bar_random_1,527433,6667277,2,structural_group,Relevant_colon,,,,,,,,,-8.126516342163086,-7.772193908691406,0.3543224334716797,-8.126161575317383,-7.772542953491211,0.0010012542593679178,0.0009851049971200483,0.0009851049971200483
bar_random_1,527433,6667277,3,query_word,types,0,types,3,4,1,content,unmatched,content_unmatched,-8.126516342163086,-7.772193908691406,0.3543224334716797,-8.123987197875977,-7.775691986083984,0.007137973913558382,0.009872582320864309,0.007137973913558382
bar_random_1,527433,6667277,3,query_word,of,1,of,4,5,1,stopword,unmatched,stopword_unmatched,-8.126516342163086,-7.772193908691406,0.3543224334716797,-8.125340461730957,-7.773107528686523,0.0033186733919372117,0.0025784988722431863,0.0025784988722431863
bar_random_1,527433,6667277,3,query_word,dysarthria,2,dysarthria,5,10,5,content,unmatched,content_unmatched,-8.126516342163086,-7.772193908691406,0.3543224334716797,-8.123126983642578,-7.775667190551758,0.009565746338154785,0.009802602184456874,0.009565746338154785
bar_random_1,527433,6667277,3,query_word,from,3,from,10,11,1,stopword,unmatched,stopword_unmatched,-8.126516342163086,-7.772193908691406,0.3543224334716797,-8.127668380737305,-7.770940780639648,-0.003251384799237755,-0.0035366884322834517,-0.0035366884322834517
bar_random_1,527433,6667277,3,query_word,cerebral,4,cerebral,11,12,1,content,matched,content_matched,-8.126516342163086,-7.772193908691406,0.3543224334716797,-8.13192081451416,-7.765996932983398,-0.015252978193112878,-0.017489651014442824,-0.017489651014442824
bar_random_1,527433,6667277,3,query_word,palsy,5,palsy,12,15,3,content,matched,content_matched,-8.126516342163086,-7.772193908691406,0.3543224334716797,-8.124065399169922,-7.773637771606445,0.006917267329504164,0.004074997173879107,0.004074997173879107
bar_random_1,527433,6667277,3,structural_group,Query,,,,,,,,,-8.126516342163086,-7.772193908691406,0.3543224334716797,-8.127704620361328,-7.770870208740234,-0.003353663460140929,-0.003735862666673844,-0.003735862666673844
bar_random_1,527433,6667277,3,structural_group,Query_colon,,,,,,,,,-8.126516342163086,-7.772193908691406,0.3543224334716797,-8.126009941101074,-7.772785186767578,0.0014292097089364634,0.0016687570989465299,0.0014292097089364634
bar_random_1,527433,6667277,3,structural_group,query_content,,,,,,,,,-8.126516342163086,-7.772193908691406,0.3543224334716797,-8.123648643493652,-7.774164199829102,0.00809347192989067,0.005560729300683114,0.005560729300683114
bar_random_1,527433,6667277,3,structural_group,Document,,,,,,,,,-8.126516342163086,-7.772193908691406,0.3543224334716797,-8.125934600830078,-7.772705078125,0.001641841661866747,0.0014426674274763548,0.0014426674274763548
bar_random_1,527433,6667277,3,structural_group,Document_colon,,,,,,,,,-8.126516342163086,-7.772193908691406,0.3543224334716797,-8.126557350158691,-7.772176742553711,-0.00011573637944306577,-4.844778674360893e-05,-0.00011573637944306577
bar_random_1,527433,6667277,3,structural_group,attack_tokens,,,,,,,,,-8.126516342163086,-7.772193908691406,0.3543224334716797,-8.126516342163086,-7.973154067993164,0.0,0.5671674732325979,0.0
bar_random_1,527433,6667277,3,structural_group,original_document,,,,,,,,,-8.126516342163086,-7.772193908691406,0.3543224334716797,-8.13999080657959,-7.783901214599609,-0.03802882105002503,0.03304139055914129,-0.03802882105002503
bar_random_1,527433,6667277,3,structural_group,Relevant,,,,,,,,,-8.126516342163086,-7.772193908691406,0.3543224334716797,-8.126496315002441,-7.772302627563477,5.652241786754375e-05,0.0003068359827095232,5.652241786754375e-05
bar_random_1,527433,6667277,3,structural_group,Relevant_colon,,,,,,,,,-8.126516342163086,-7.772193908691406,0.3543224334716797,-8.126708984375,-7.771978378295898,-0.0005436918290116113,-0.0006082888780030898,-0.0006082888780030898
bar_random_1,527433,6667277,4,query_word,types,0,types,3,4,1,content,unmatched,content_unmatched,-8.126516342163086,-7.772193908691406,0.3543224334716797,-8.12725830078125,-7.770414352416992,-0.002094021004807097,-0.005022420559087459,-0.005022420559087459
bar_random_1,527433,6667277,4,query_word,of,1,of,4,5,1,stopword,unmatched,stopword_unmatched,-8.126516342163086,-7.772193908691406,0.3543224334716797,-8.125871658325195,-7.772552490234375,0.0018194835465933131,0.001012020434199831,0.001012020434199831
bar_random_1,527433,6667277,4,query_word,dysarthria,2,dysarthria,5,10,5,content,unmatched,content_unmatched,-8.126516342163086,-7.772193908691406,0.3543224334716797,-8.102931022644043,-7.799709320068359,0.0665645674420107,0.07765641906258916,0.0665645674420107
bar_random_1,527433,6667277,4,query_word,from,3,from,10,11,1,stopword,unmatched,stopword_unmatched,-8.126516342163086,-7.772193908691406,0.3543224334716797,-8.12816333770752,-7.769939422607422,-0.004648295983678479,-0.00636280932566064,-0.00636280932566064
bar_random_1,527433,6667277,4,query_word,cerebral,4,cerebral,11,12,1,content,matched,content_matched,-8.126516342163086,-7.772193908691406,0.3543224334716797,-8.11880111694336,-7.781421661376953,0.021774588597544234,0.026043376918397778,0.021774588597544234
bar_random_1,527433,6667277,4,query_word,palsy,5,palsy,12,15,3,content,matched,content_matched,-8.126516342163086,-7.772193908691406,0.3543224334716797,-8.07136344909668,-7.823064804077148,0.15565735571979952,0.1435723244709771,0.1435723244709771
bar_random_1,527433,6667277,4,structural_group,Query,,,,,,,,,-8.126516342163086,-7.772193908691406,0.3543224334716797,-8.126627922058105,-7.772199630737305,-0.000314910613833458,1.6149262247869644e-05,-0.000314910613833458
bar_random_1,527433,6667277,4,structural_group,Query_colon,,,,,,,,,-8.126516342163086,-7.772193908691406,0.3543224334716797,-8.125295639038086,-7.773735046386719,0.0034451759462121906,0.004349534632092891,0.0034451759462121906
bar_random_1,527433,6667277,4,structural_group,query_content,,,,,,,,,-8.126516342163086,-7.772193908691406,0.3543224334716797,-8.041756629943848,-7.856903076171875,0.23921633013398505,0.2390736783174622,0.2390736783174622
bar_random_1,527433,6667277,4,structural_group,Document,,,,,,,,,-8.126516342163086,-7.772193908691406,0.3543224334716797,-8.127017974853516,-7.771734237670898,-0.001415751990396572,-0.001297324067245528,-0.001415751990396572
bar_random_1,527433,6667277,4,structural_group,Document_colon,,,,,,,,,-8.126516342163086,-7.772193908691406,0.3543224334716797,-8.127323150634766,-7.771511077880859,-0.00227704597694962,-0.0019271452949124442,-0.00227704597694962
bar_random_1,527433,6667277,4,structural_group,attack_tokens,,,,,,,,,-8.126516342163086,-7.772193908691406,0.3543224334716797,-8.126516342163086,-7.773139953613281,0.0,0.0026700113583144475,0.0
bar_random_1,527433,6667277,4,structural_group,original_document,,,,,,,,,-8.126516342163086,-7.772193908691406,0.3543224334716797,-8.09182357788086,-7.777261734008789,0.09791297700883364,0.014302863264196547,0.014302863264196547
bar_random_1,527433,6667277,4,structural_group,Relevant,,,,,,,,,-8.126516342163086,-7.772193908691406,0.3543224334716797,-8.126875877380371,-7.7718353271484375,-0.0010147119779078092,-0.001012020434199831,-0.0010147119779078092
bar_random_1,527433,6667277,4,structural_group,Relevant_colon,,,,,,,,,-8.126516342163086,-7.772193908691406,0.3543224334716797,-8.127317428588867,-7.771352767944336,-0.00226089671470175,-0.0023739415504368377,-0.0023739415504368377
bar_random_1,527433,6667277,5,query_word,types,0,types,3,4,1,content,unmatched,content_unmatched,-8.126516342163086,-7.772193908691406,0.3543224334716797,-8.116983413696289,-7.7864837646484375,0.026904670904950825,0.04033009092034646,0.026904670904950825
bar_random_1,527433,6667277,5,query_word,of,1,of,4,5,1,stopword,unmatched,stopword_unmatched,-8.126516342163086,-7.772193908691406,0.3543224334716797,-8.124984741210938,-7.773811340332031,0.004322619195013108,0.004564858128731152,0.004322619195013108
bar_random_1,527433,6667277,5,query_word,dysarthria,2,dysarthria,5,10,5,content,unmatched,content_unmatched,-8.126516342163086,-7.772193908691406,0.3543224334716797,-8.08854866027832,-7.807628631591797,0.10715573810203104,0.10000699801364074,0.10000699801364074
bar_random_1,527433,6667277,5,query_word,from,3,from,10,11,1,stopword,unmatched,stopword_unmatched,-8.126516342163086,-7.772193908691406,0.3543224334716797,-8.119626998901367,-7.77952766418457,0.01944371174643505,0.020697971114352925,0.01944371174643505
bar_random_1,527433,6667277,5,query_word,cerebral,4,cerebral,11,12,1,content,matched,content_matched,-8.126516342163086,-7.772193908691406,0.3543224334716797,-8.098603248596191,-7.801998138427734,0.0787787927888161,0.08411612396173701,0.0787787927888161
bar_random_1,527433,6667277,5,query_word,palsy,5,palsy,12,15,3,content,matched,content_matched,-8.126516342163086,-7.772193908691406,0.3543224334716797,-8.106583595275879,-7.794477462768555,0.0562559550404539,0.06289061028062035,0.0562559550404539
bar_random_1,527433,6667277,5,structural_group,Query,,,,,,,,,-8.126516342163086,-7.772193908691406,0.3543224334716797,-8.127639770507812,-7.77076530456543,-0.003170638487998407,-0.004031932474551454,-0.004031932474551454
bar_random_1,527433,6667277,5,structural_group,Query_colon,,,,,,,,,-8.126516342163086,-7.772193908691406,0.3543224334716797,-8.127439498901367,-7.7715301513671875,-0.002605414309322969,-0.0018733144207528786,-0.002605414309322969
bar_random_1,527433,6667277,5,structural_group,query_content,,,,,,,,,-8.126516342163086,-7.772193908691406,0.3543224334716797,-8.022163391113281,-7.882959365844727,0.2945140956143987,0.3126120355068446,0.2945140956143987
bar_random_1,527433,6667277,5,structural_group,Document,,,,,,,,,-8.126516342163086,-7.772193908691406,0.3543224334716797,-8.130638122558594,-7.76740837097168,-0.0116328519058821,-0.013506166326634978,-0.013506166326634978
bar_random_1,527433,6667277,5,structural_group,Document_colon,,,,,,,,,-8.126516342163086,-7.772193908691406,0.3543224334716797,-8.126260757446289,-7.772464752197266,0.0007213337137381774,0.0007643984130658298,0.0007213337137381774
bar_random_1,527433,6667277,5,structural_group,attack_tokens,,,,,,,,,-8.126516342163086,-7.772193908691406,0.3543224334716797,-8.126516342163086,-7.838390350341797,0.0,0.18682543185818795,0.0
bar_random_1,527433,6667277,5,structural_group,original_document,,,,,,,,,-8.126516342163086,-7.772193908691406,0.3543224334716797,-8.055764198303223,-7.8161468505859375,0.19968293615120017,0.12404786641330269,0.12404786641330269
bar_random_1,527433,6667277,5,structural_group,Relevant,,,,,,,,,-8.126516342163086,-7.772193908691406,0.3543224334716797,-8.127908706665039,-7.770408630371094,-0.00392965381364828,-0.005038569821335328,-0.005038569821335328
bar_random_1,527433,6667277,5,structural_group,Relevant_colon,,,,,,,,,-8.126516342163086,-7.772193908691406,0.3543224334716797,-8.126968383789062,-7.7717437744140625,-0.0012757917175817018,-0.0012704086301657453,-0.0012757917175817018
bar_random_1,527433,6667277,6,query_word,types,0,types,3,4,1,content,unmatched,content_unmatched,-8.126516342163086,-7.772193908691406,0.3543224334716797,-8.111713409423828,-7.7857666015625,0.041778141435238766,0.038306050051946795,0.038306050051946795
bar_random_1,527433,6667277,6,query_word,of,1,of,4,5,1,stopword,unmatched,stopword_unmatched,-8.126516342163086,-7.772193908691406,0.3543224334716797,-8.114195823669434,-7.783916473388672,0.03477205316337132,0.03308445525846894,0.03308445525846894
bar_random_1,527433,6667277,6,query_word,dysarthria,2,dysarthria,5,10,5,content,unmatched,content_unmatched,-8.126516342163086,-7.772193908691406,0.3543224334716797,-8.122664451599121,-7.775093078613281,0.010871145036524248,0.008182292872253952,0.008182292872253952
bar_random_1,527433,6667277,6,query_word,from,3,from,10,11,1,stopword,unmatched,stopword_unmatched,-8.126516342163086,-7.772193908691406,0.3543224334716797,-8.109708786010742,-7.785345077514648,0.0474357663094091,0.037116387733020395,0.037116387733020395
bar_random_1,527433,6667277,6,query_word,cerebral,4,cerebral,11,12,1,content,matched,content_matched,-8.126516342163086,-7.772193908691406,0.3543224334716797,-8.129490852355957,-7.77043342590332,-0.008394924825184237,-0.004968589684927894,-0.008394924825184237
bar_random_1,527433,6667277,6,query_word,palsy,5,palsy,12,15,3,content,matched,content_matched,-8.126516342163086,-7.772193908691406,0.3543224334716797,-8.119512557983398,-7.777254104614258,0.019766696991392444,0.01428133091453272,0.01428133091453272
bar_random_1,527433,6667277,6,structural_group,Query,,,,,,,,,-8.126516342163086,-7.772193908691406,0.3543224334716797,-8.128124237060547,-7.770566940307617,-0.0045379426916513695,-0.004591773565810935,-0.004591773565810935
bar_random_1,527433,6667277,6,structural_group,Query_colon,,,,,,,,,-8.126516342163086,-7.772193908691406,0.3543224334716797,-8.12758731842041,-7.77128791809082,-0.0030226035840596015,-0.0025569665225793604,-0.0030226035840596015
bar_random_1,527433,6667277,6,structural_group,query_content,,,,,,,,,-8.126516342163086,-7.772193908691406,0.3543224334716797,-8.074518203735352,-7.817298889160156,0.1467537291338074,0.12729925121254043,0.12729925121254043
bar_random_1,527433,6667277,6,structural_group,Document,,,,,,,,,-8.126516342163086,-7.772193908691406,0.3543224334716797,-8.120738983154297,-7.778495788574219,0.016305371782932385,0.017785720822320435,0.016305371782932385
bar_random_1,527433,6667277,6,structural_group,Document_colon,,,,,,,,,-8.126516342163086,-7.772193908691406,0.3543224334716797,-8.127222061157227,-7.771705627441406,-0.0019917423439039226,-0.0013780703784848762,-0.0019917423439039226
bar_random_1,527433,6667277,6,structural_group,attack_tokens,,,,,,,,,-8.126516342163086,-7.772193908691406,0.3543224334716797,-8.126516342163086,-7.808557510375977,0.0,0.10262856158521158,0.0
bar_random_1,527433,6667277,6,structural_group,original_document,,,,,,,,,-8.126516342163086,-7.772193908691406,0.3543224334716797,-8.050636291503906,-7.83073616027832,0.21415536666899934,0.16522310205795432,0.16522310205795432
bar_random_1,527433,6667277,6,structural_group,Relevant,,,,,,,,,-8.126516342163086,-7.772193908691406,0.3543224334716797,-8.12404727935791,-7.774637222290039,0.006968406659955751,0.006895734979840338,0.006895734979840338
bar_random_1,527433,6667277,6,structural_group,Relevant_colon,,,,,,,,,-8.126516342163086,-7.772193908691406,0.3543224334716797,-8.126202583312988,-7.772485733032227,0.0008855178799248521,0.0008236123746413518,0.0008236123746413518
bar_random_1,527433,6667277,7,query_word,types,0,types,3,4,1,content,unmatched,content_unmatched,-8.126516342163086,-7.772193908691406,0.3543224334716797,-8.121179580688477,-7.778497695922852,0.01506187858984642,0.01779110390973639,0.01506187858984642
bar_random_1,527433,6667277,7,query_word,of,1,of,4,5,1,stopword,unmatched,stopword_unmatched,-8.126516342163086,-7.772193908691406,0.3543224334716797,-8.120487213134766,-7.777046203613281,0.017015939321838647,0.013694574386193457,0.013694574386193457
bar_random_1,527433,6667277,7,query_word,dysarthria,2,dysarthria,5,10,5,content,unmatched,content_unmatched,-8.126516342163086,-7.772193908691406,0.3543224334716797,-8.116339683532715,-7.780345916748047,0.02872146290783616,0.023007315615798284,0.023007315615798284
bar_random_1,527433,6667277,7,query_word,from,3,from,10,11,1,stopword,unmatched,stopword_unmatched,-8.126516342163086,-7.772193908691406,0.3543224334716797,-8.11802864074707,-7.779438018798828,0.02395473900100664,0.020444966005802968,0.020444966005802968
bar_random_1,527433,6667277,7,query_word,cerebral,4,cerebral,11,12,1,content,matched,content_matched,-8.126516342163086,-7.772193908691406,0.3543224334716797,-8.094796180725098,-7.809032440185547,0.08952343527106536,0.10396895035178476,0.08952343527106536
bar_random_1,527433,6667277,7,query_word,palsy,5,palsy,12,15,3,content,matched,content_matched,-8.126516342163086,-7.772193908691406,0.3543224334716797,-8.123294830322266,-7.775861740112305,0.009092034645550608,0.010351677100884442,0.009092034645550608
bar_random_1,527433,6667277,7,structural_group,Query,,,,,,,,,-8.126516342163086,-7.772193908691406,0.3543224334716797,-8.126075744628906,-7.77189826965332,0.0012434931930859626,-0.0008343785494732649,-0.0008343785494732649
bar_random_1,527433,6667277,7,structural_group,Query_colon,,,,,,,,,-8.126516342163086,-7.772193908691406,0.3543224334716797,-8.128445625305176,-7.7695770263671875,-0.005444992921240048,-0.007385595934692383,-0.007385595934692383
bar_random_1,527433,6667277,7,structural_group,query_content,,,,,,,,,-8.126516342163086,-7.772193908691406,0.3543224334716797,-8.061291694641113,-7.839214324951172,0.18408274881975809,0.18915092562188118,0.18408274881975809
bar_random_1,527433,6667277,7,structural_group,Document,,,,,,,,,-8.126516342163086,-7.772193908691406,0.3543224334716797,-8.130005836486816,-7.769083023071289,-0.009848358427492505,-0.00877981557542513,-0.009848358427492505
bar_random_1,527433,6667277,7,structural_group,Document_colon,,,,,,,,,-8.126516342163086,-7.772193908691406,0.3543224334716797,-8.126102447509766,-7.772727966308594,0.0011681299692625708,0.0015072644764678334,0.0011681299692625708
bar_random_1,527433,6667277,7,structural_group,attack_tokens,,,,,,,,,-8.126516342163086,-7.772193908691406,0.3543224334716797,-8.126516342163086,-7.9158782958984375,0.0,0.40551874121883863,0.0
bar_random_1,527433,6667277,7,structural_group,original_document,,,,,,,,,-8.126516342163086,-7.772193908691406,0.3543224334716797,-8.084115028381348,-7.813840866088867,0.11966872480042204,0.11753971372741122,0.11753971372741122
bar_random_1,527433,6667277,7,structural_group,Relevant,,,,,,,,,-8.126516342163086,-7.772193908691406,0.3543224334716797,-8.122716903686523,-7.775844573974609,0.010723110132585444,0.010303229314140832,0.010303229314140832
bar_random_1,527433,6667277,7,structural_group,Relevant_colon,,,,,,,,,-8.126516342163086,-7.772193908691406,0.3543224334716797,-8.126237869262695,-7.772605895996094,0.0007859307627296559,0.0011627468818466143,0.0007859307627296559
bar_random_1,527433,6667277,8,query_word,types,0,types,3,4,1,content,unmatched,content_unmatched,-8.126516342163086,-7.772193908691406,0.3543224334716797,-8.10232925415039,-7.796531677246094,0.06826293152174498,0.06868819542760556,0.06826293152174498
bar_random_1,527433,6667277,8,query_word,of,1,of,4,5,1,stopword,unmatched,stopword_unmatched,-8.126516342163086,-7.772193908691406,0.3543224334716797,-8.112608909606934,-7.7863006591796875,0.03925078189344717,0.03981331452841463,0.03925078189344717
bar_random_1,527433,6667277,8,query_word,dysarthria,2,dysarthria,5,10,5,content,unmatched,content_unmatched,-8.126516342163086,-7.772193908691406,0.3543224334716797,-8.037010192871094,-7.872591018676758,0.25261214316859293,0.2833495723137048,0.25261214316859293
bar_random_1,527433,6667277,8,query_word,from,3,from,10,11,1,stopword,unmatched,stopword_unmatched,-8.126516342163086,-7.772193908691406,0.3543224334716797,-8.123781204223633,-7.775701522827148,0.007719347354481689,0.009899497757944091,0.007719347354481689
bar_random_1,527433,6667277,8,query_word,cerebral,4,cerebral,11,12,1,content,matched,content_matched,-8.126516342163086,-7.772193908691406,0.3543224334716797,-8.141424179077148,-7.751720428466797,-0.042074211243116375,-0.05778206032287758,-0.05778206032287758
bar_random_1,527433,6667277,8,query_word,palsy,5,palsy,12,15,3,content,matched,content_matched,-8.126516342163086,-7.772193908691406,0.3543224334716797,-8.14322280883789,-7.752847671508789,-0.0471504626763634,-0.054600655660047265,-0.054600655660047265
bar_random_1,527433,6667277,8,structural_group,Query,,,,,,,,,-8.126516342163086,-7.772193908691406,0.3543224334716797,-8.12118148803711,-7.777212142944336,0.015056495502430463,0.014162902991381676,0.014162902991381676
bar_random_1,527433,6667277,8,structural_group,Query_colon,,,,,,,,,-8.126516342163086,-7.772193908691406,0.3543224334716797,-8.126608848571777,-7.772373199462891,-0.00026107973967389256,0.0005060102170999155,-0.00026107973967389256
bar_random_1,527433,6667277,8,structural_group,query_content,,,,,,,,,-8.126516342163086,-7.772193908691406,0.3543224334716797,-8.027063369750977,-7.875064849853516,0.2806849440428063,0.29033143669220046,0.2806849440428063
bar_random_1,527433,6667277,8,structural_group,Document,,,,,,,,,-8.126516342163086,-7.772193908691406,0.3543224334716797,-8.125590324401855,-7.773401260375977,0.002613488940446904,0.003407494334300495,0.002613488940446904
bar_random_1,527433,6667277,8,structural_group,Document_colon,,,,,,,,,-8.126516342163086,-7.772193908691406,0.3543224334716797,-8.12529468536377,-7.773109436035156,0.003447867489920169,0.002583881959659143,0.002583881959659143
bar_random_1,527433,6667277,8,structural_group,attack_tokens,,,,,,,,,-8.126516342163086,-7.772193908691406,0.3543224334716797,-8.126516342163086,-7.691534042358398,0.0,-0.22764538373338644,-0.22764538373338644
bar_random_1,527433,6667277,8,structural_group,original_document,,,,,,,,,-8.126516342163086,-7.772193908691406,0.3543224334716797,-8.008346557617188,-7.918610572814941,0.3335091808555879,0.4132300139421964,0.3335091808555879
bar_random_1,527433,6667277,8,structural_group,Relevant,,,,,,,,,-8.126516342163086,-7.772193908691406,0.3543224334716797,-8.124792098999023,-7.773311614990234,0.004866311024024719,0.003154489225750537,0.003154489225750537
bar_random_1,527433,6667277,8,structural_group,Relevant_colon,,,,,,,,,-8.126516342163086,-7.772193908691406,0.3543224334716797,-8.128023147583008,-7.7702789306640625,-0.004252639058605672,-0.005404619765620374,-0.005404619765620374
bar_random_1,527433,6667277,9,query_word,types,0,types,3,4,1,content,unmatched,content_unmatched,-8.126516342163086,-7.772193908691406,0.3543224334716797,-7.963115692138672,-7.940248489379883,0.4611637158375815,0.47429844913251545,0.4611637158375815
bar_random_1,527433,6667277,9,query_word,of,1,of,4,5,1,stopword,unmatched,stopword_unmatched,-8.126516342163086,-7.772193908691406,0.3543224334716797,-8.091273307800293,-7.809038162231445,0.09946599772833711,0.10398509961403263,0.09946599772833711
bar_random_1,527433,6667277,9,query_word,dysarthria,2,dysarthria,5,10,5,content,unmatched,content_unmatched,-8.126516342163086,-7.772193908691406,0.3543224334716797,-8.064748764038086,-7.836803436279297,0.17432590287833685,0.1823467031281121,0.17432590287833685
bar_random_1,527433,6667277,9,query_word,from,3,from,10,11,1,stopword,unmatched,stopword_unmatched,-8.126516342163086,-7.772193908691406,0.3543224334716797,-8.117962837219238,-7.7798919677734375,0.02414045551685714,0.021726140810800626,0.021726140810800626
bar_random_1,527433,6667277,9,query_word,cerebral,4,cerebral,11,12,1,content,matched,content_matched,-8.126516342163086,-7.772193908691406,0.3543224334716797,-8.13070297241211,-7.77009391784668,-0.011815876878024623,-0.005926779244968159,-0.011815876878024623
bar_random_1,527433,6667277,9,query_word,palsy,5,palsy,12,15,3,content,matched,content_matched,-8.126516342163086,-7.772193908691406,0.3543224334716797,-8.170797348022461,-7.723945617675781,-0.12497375744884721,-0.13617057927403683,-0.13617057927403683
bar_random_1,527433,6667277,9,structural_group,Query,,,,,,,,,-8.126516342163086,-7.772193908691406,0.3543224334716797,-8.123857498168945,-7.774509429931641,0.007504023857843428,0.006535068122971249,0.006535068122971249
bar_random_1,527433,6667277,9,structural_group,Query_colon,,,,,,,,,-8.126516342163086,-7.772193908691406,0.3543224334716797,-8.118936538696289,-7.779256820678711,0.021392389391011322,0.019933572701287098,0.019933572701287098
bar_random_1,527433,6667277,9,structural_group,query_content,,,,,,,,,-8.126516342163086,-7.772193908691406,0.3543224334716797,-7.902637481689453,-7.9962921142578125,0.6318506516227317,0.6324697066755667,0.6318506516227317
bar_random_1,527433,6667277,9,structural_group,Document,,,,,,,,,-8.126516342163086,-7.772193908691406,0.3543224334716797,-8.122127532958984,-7.777156829833984,0.012386484144116016,0.014006793456318938,0.012386484144116016
bar_random_1,527433,6667277,9,structural_group,Document_colon,,,,,,,,,-8.126516342163086,-7.772193908691406,0.3543224334716797,-8.125343322753906,-7.7739410400390625,0.003310598760813277,0.004930908073016198,0.003310598760813277
bar_random_1,527433,6667277,9,structural_group,attack_tokens,,,,,,,,,-8.126516342163086,-7.772193908691406,0.3543224334716797,-8.126516342163086,-7.706199645996094,0.0,-0.18625482459209655,-0.18625482459209655
bar_random_1,527433,6667277,9,structural_group,original_document,,,,,,,,,-8.126516342163086,-7.772193908691406,0.3543224334716797,-8.132638931274414,-7.787538528442383,-0.01727971060522052,0.04330693826137043,-0.01727971060522052
bar_random_1,527433,6667277,9,structural_group,Relevant,,,,,,,,,-8.126516342163086,-7.772193908691406,0.3543224334716797,-8.126504898071289,-7.7722320556640625,3.229852449573929e-05,0.00010766174831913096,3.229852449573929e-05
bar_random_1,527433,6667277,9,structural_group,Relevant_colon,,,,,,,,,-8.126516342163086,-7.772193908691406,0.3543224334716797,-8.127857208251953,-7.770586013793945,-0.0037843104534174533,-0.0045379426916513695,-0.0045379426916513695
bar_random_1,527433,6667277,10,query_word,types,0,types,3,4,1,content,unmatched,content_unmatched,-8.126516342163086,-7.772193908691406,0.3543224334716797,-8.016620635986328,-7.8816423416137695,0.3101573476451684,0.3088950136461266,0.3088950136461266
bar_random_1,527433,6667277,10,query_word,of,1,of,4,5,1,stopword,unmatched,stopword_unmatched,-8.126516342163086,-7.772193908691406,0.3543224334716797,-8.10262680053711,-7.79736328125,0.06742316988485576,0.0710352215409626,0.06742316988485576
bar_random_1,527433,6667277,10,query_word,dysarthria,2,dysarthria,5,10,5,content,unmatched,content_unmatched,-8.126516342163086,-7.772193908691406,0.3543224334716797,-8.087508201599121,-7.802436828613281,0.11009221228743533,0.08535423406740703,0.08535423406740703
bar_random_1,527433,6667277,10,query_word,from,3,from,10,11,1,stopword,unmatched,stopword_unmatched,-8.126516342163086,-7.772193908691406,0.3543224334716797,-8.13963508605957,-7.759494781494141,-0.037024875246949134,-0.035840596015438694,-0.037024875246949134
bar_random_1,527433,6667277,10,query_word,cerebral,4,cerebral,11,12,1,content,matched,content_matched,-8.126516342163086,-7.772193908691406,0.3543224334716797,-8.128860473632812,-7.768270492553711,-0.006615814434210597,-0.011073010814622619,-0.011073010814622619
bar_random_1,527433,6667277,10,query_word,palsy,5,palsy,12,15,3,content,matched,content_matched,-8.126516342163086,-7.772193908691406,0.3543224334716797,-8.124964714050293,-7.774250030517578,0.004379141612880651,0.005802968234401159,0.004379141612880651
bar_random_1,527433,6667277,10,structural_group,Query,,,,,,,,,-8.126516342163086,-7.772193908691406,0.3543224334716797,-8.12411117553711,-7.772256851196289,0.006788073231521207,0.00017764188472656607,0.00017764188472656607
bar_random_1,527433,6667277,10,structural_group,Query_colon,,,,,,,,,-8.126516342163086,-7.772193908691406,0.3543224334716797,-8.124967575073242,-7.772771835327148,0.0043710669817567166,0.001631075487034834,0.001631075487034834
bar_random_1,527433,6667277,10,structural_group,query_content,,,,,,,,,-8.126516342163086,-7.772193908691406,0.3543224334716797,-7.9683074951171875,-7.924904823303223,0.44651095189134776,0.43099420241485303,0.43099420241485303
bar_random_1,527433,6667277,10,structural_group,Document,,,,,,,,,-8.126516342163086,-7.772193908691406,0.3543224334716797,-8.153912544250488,-7.745262145996094,-0.07731997609909187,-0.07600919431330645,-0.07731997609909187
bar_random_1,527433,6667277,10,structural_group,Document_colon,,,,,,,,,-8.126516342163086,-7.772193908691406,0.3543224334716797,-8.131608963012695,-7.765974044799805,-0.014372843400603982,-0.0175542480634343,-0.0175542480634343
bar_random_1,527433,6667277,10,structural_group,attack_tokens,,,,,,,,,-8.126516342163086,-7.772193908691406,0.3543224334716797,-8.126516342163086,-7.804998397827148,0.0,0.09258372046703667,0.0
bar_random_1,527433,6667277,10,structural_group,original_document,,,,,,,,,-8.126516342163086,-7.772193908691406,0.3543224334716797,-8.23005485534668,-7.68206787109375,-0.2922155172877852,-0.2543616465787788,-0.2922155172877852
bar_random_1,527433,6667277,10,structural_group,Relevant,,,,,,,,,-8.126516342163086,-7.772193908691406,0.3543224334716797,-8.131644248962402,-7.767486572265625,-0.014472430517799178,-0.01328545974258076,-0.014472430517799178
bar_random_1,527433,6667277,10,structural_group,Relevant_colon,,,,,,,,,-8.126516342163086,-7.772193908691406,0.3543224334716797,-8.123861312866211,-7.774072647094727,0.007493257683011514,0.0053023411047172,0.0053023411047172
bar_random_1,527433,6667277,11,query_word,types,0,types,3,4,1,content,unmatched,content_unmatched,-8.126516342163086,-7.772193908691406,0.3543224334716797,-8.033554077148438,-7.871387481689453,0.2623662975663062,0.2799528441542362,0.2623662975663062
bar_random_1,527433,6667277,11,query_word,of,1,of,4,5,1,stopword,unmatched,stopword_unmatched,-8.126516342163086,-7.772193908691406,0.3543224334716797,-8.087528228759766,-7.814945220947266,0.1100356898695678,0.12065652134125006,0.1100356898695678
bar_random_1,527433,6667277,11,query_word,dysarthria,2,dysarthria,5,10,5,content,unmatched,content_unmatched,-8.126516342163086,-7.772193908691406,0.3543224334716797,-8.015700340270996,-7.887762069702148,0.3127546873233674,0.3261666496202232,0.3127546873233674
bar_random_1,527433,6667277,11,query_word,from,3,from,10,11,1,stopword,unmatched,stopword_unmatched,-8.126516342163086,-7.772193908691406,0.3543224334716797,-8.121418952941895,-7.778326034545898,0.014386301119143874,0.0173066260423003,0.014386301119143874
bar_random_1,527433,6667277,11,query_word,cerebral,4,cerebral,11,12,1,content,matched,content_matched,-8.126516342163086,-7.772193908691406,0.3543224334716797,-8.133084297180176,-7.7655487060546875,-0.01853666151684637,-0.018754676557192613,-0.018754676557192613
bar_random_1,527433,6667277,11,query_word,palsy,5,palsy,12,15,3,content,matched,content_matched,-8.126516342163086,-7.772193908691406,0.3543224334716797,-8.11876106262207,-7.779567718505859,0.021887633433279322,0.020811015950088014,0.020811015950088014
bar_random_1,527433,6667277,11,structural_group,Query,,,,,,,,,-8.126516342163086,-7.772193908691406,0.3543224334716797,-8.132240295410156,-7.766101837158203,-0.0161546453352856,-0.017193581206565212,-0.017193581206565212
bar_random_1,527433,6667277,11,structural_group,Query_colon,,,,,,,,,-8.126516342163086,-7.772193908691406,0.3543224334716797,-8.131280899047852,-7.7674102783203125,-0.013446952365059456,-0.013500783239219022,-0.013500783239219022
bar_random_1,527433,6667277,11,structural_group,query_content,,,,,,,,,-8.126516342163086,-7.772193908691406,0.3543224334716797,-7.868022918701172,-8.029369354248047,0.7295429220475111,0.7258232086430851,0.7258232086430851
bar_random_1,527433,6667277,11,structural_group,Document,,,,,,,,,-8.126516342163086,-7.772193908691406,0.3543224334716797,-8.158796310424805,-7.738594055175781,-0.09110337142764861,-0.09482846791949054,-0.09482846791949054
bar_random_1,527433,6667277,11,structural_group,Document_colon,,,,,,,,,-8.126516342163086,-7.772193908691406,0.3543224334716797,-8.121438026428223,-7.776660919189453,0.014332470244984309,0.012607190728170235,0.012607190728170235
bar_random_1,527433,6667277,11,structural_group,attack_tokens,,,,,,,,,-8.126516342163086,-7.772193908691406,0.3543224334716797,-8.126516342163086,-7.772836685180664,0.0,0.0018141004591773566,0.0
bar_random_1,527433,6667277,11,structural_group,original_document,,,,,,,,,-8.126516342163086,-7.772193908691406,0.3543224334716797,-8.135400772094727,-7.775638580322266,-0.0250744211835256,0.009721855873217526,-0.0250744211835256
bar_random_1,527433,6667277,11,structural_group,Relevant,,,,,,,,,-8.126516342163086,-7.772193908691406,0.3543224334716797,-8.126818656921387,-7.771892547607422,-0.0008532193554291128,-0.0008505278117211345,-0.0008532193554291128
bar_random_1,527433,6667277,11,structural_group,Relevant_colon,,,,,,,,,-8.126516342163086,-7.772193908691406,0.3543224334716797,-8.130311965942383,-7.76679801940918,-0.01071234395775353,-0.015228754299741073,-0.015228754299741073
bar_random_1,47923,3388872,0,query_word,axon,0,axon,3,7,4,content,matched,content_matched,-8.256315231323242,-7.922377586364746,0.3339376449584961,-8.254528045654297,-7.924306869506836,0.005351854443267201,0.005777375420880229,0.005351854443267201
bar_random_1,47923,3388872,0,query_word,terminals,1,terminals,7,9,2,content,unmatched,content_unmatched,-8.256315231323242,-7.922377586364746,0.3339376449584961,-8.255106925964355,-7.923646926879883,0.003618356232454399,0.0038011303436438874,0.003618356232454399
bar_random_1,47923,3388872,0,query_word,or,2,or,9,10,1,stopword,unmatched,stopword_unmatched,-8.256315231323242,-7.922377586364746,0.3339376449584961,-8.257438659667969,-7.921412467956543,-0.0033641859840815172,-0.0028901156331837823,-0.0033641859840815172
bar_random_1,47923,3388872,0,query_word,synaptic,3,synaptic,10,13,3,content,unmatched,content_unmatched,-8.256315231323242,-7.922377586364746,0.3339376449584961,-8.254644393920898,-7.924312591552734,0.005003441293812239,0.005794510493804243,0.005003441293812239
bar_random_1,47923,3388872,0,query_word,knob,4,knob,13,14,1,content,unmatched,content_unmatched,-8.256315231323242,-7.922377586364746,0.3339376449584961,-8.247995376586914,-7.92800235748291,0.02491439603151711,0.016843776684306273,0.016843776684306273
bar_random_1,47923,3388872,0,query_word,definition,5,definition,14,15,1,content,unmatched,content_unmatched,-8.256315231323242,-7.922377586364746,0.3339376449584961,-8.256362915039062,-7.922090530395508,-0.00014279227436678766,-0.0008596094916880617,-0.0008596094916880617
bar_random_1,47923,3388872,0,structural_group,Query,,,,,,,,,-8.256315231323242,-7.922377586364746,0.3339376449584961,-8.255908012390137,-7.922757148742676,0.0012194460230923667,0.0011366265039596298,0.0011366265039596298
bar_random_1,47923,3388872,0,structural_group,Query_colon,,,,,,,,,-8.256315231323242,-7.922377586364746,0.3339376449584961,-8.256465911865234,-7.922258377075195,-0.000451223586999049,-0.0003569806859169691,-0.000451223586999049
bar_random_1,47923,3388872,0,structural_group,query_content,,,,,,,,,-8.256315231323242,-7.922377586364746,0.3339376449584961,-8.244658470153809,-7.93195915222168,0.03490699939170491,0.028692679611262314,0.028692679611262314
bar_random_1,47923,3388872,0,structural_group,Document,,,,,,,,,-8.256315231323242,-7.922377586364746,0.3339376449584961,-8.25607681274414,-7.922674179077148,0.0007139613718339383,0.0008881679465614192,0.0007139613718339383
bar_random_1,47923,3388872,0,structural_group,Document_colon,,,,,,,,,-8.256315231323242,-7.922377586364746,0.3339376449584961,-8.256170272827148,-7.9224090576171875,0.0004340885140750345,9.424290108207985e-05,9.424290108207985e-05
bar_random_1,47923,3388872,0,structural_group,attack_tokens,,,,,,,,,-8.256315231323242,-7.922377586364746,0.3339376449584961,-8.256315231323242,-7.938563346862793,0.0,0.0484694096110624,0.0
bar_random_1,47923,3388872,0,structural_group,original_document,,,,,,,,,-8.256315231323242,-7.922377586364746,0.3339376449584961,-8.240633010864258,-7.9489288330078125,0.046961523193749126,0.0795095942129147,0.046961523193749126
bar_random_1,47923,3388872,0,structural_group,Relevant,,,,,,,,,-8.256315231323242,-7.922377586364746,0.3339376449584961,-8.256725311279297,-7.9219818115234375,-0.0012280135595543738,-0.0011851758772443376,-0.0012280135595543738
bar_random_1,47923,3388872,0,structural_group,Relevant_colon,,,,,,,,,-8.256315231323242,-7.922377586364746,0.3339376449584961,-8.256404876708984,-7.92231559753418,-0.0002684494758095608,-0.00018562995667682395,-0.0002684494758095608
bar_random_1,47923,3388872,1,query_word,axon,0,axon,3,7,4,content,matched,content_matched,-8.256315231323242,-7.922377586364746,0.3339376449584961,-8.256708145141602,-7.921866416931152,-0.0011766083407823303,-0.0015307331812119637,-0.0015307331812119637
bar_random_1,47923,3388872,1,query_word,terminals,1,terminals,7,9,2,content,unmatched,content_unmatched,-8.256315231323242,-7.922377586364746,0.3339376449584961,-8.255284309387207,-7.923191070556641,0.0030871689718099493,0.0024360362006973974,0.0024360362006973974
bar_random_1,47923,3388872,1,query_word,or,2,or,9,10,1,stopword,unmatched,stopword_unmatched,-8.256315231323242,-7.922377586364746,0.3339376449584961,-8.255306243896484,-7.923490524291992,0.0030214845256012267,0.003332771683720824,0.0030214845256012267
bar_random_1,47923,3388872,1,query_word,synaptic,3,synaptic,10,13,3,content,unmatched,content_unmatched,-8.256315231323242,-7.922377586364746,0.3339376449584961,-8.253273010253906,-7.924489974975586,0.009110147104601053,0.0063256977544486935,0.0063256977544486935
bar_random_1,47923,3388872,1,query_word,knob,4,knob,13,14,1,content,unmatched,content_unmatched,-8.256315231323242,-7.922377586364746,0.3339376449584961,-8.250648498535156,-7.929660797119141,0.016969433885749046,0.02181009198678315,0.016969433885749046
bar_random_1,47923,3388872,1,query_word,definition,5,definition,14,15,1,content,unmatched,content_unmatched,-8.256315231323242,-7.922377586364746,0.3339376449584961,-8.260986328125,-7.917075157165527,-0.013987931196970518,-0.015878500909586788,-0.015878500909586788
bar_random_1,47923,3388872,1,structural_group,Query,,,,,,,,,-8.256315231323242,-7.922377586364746,0.3339376449584961,-8.25643539428711,-7.922233581542969,-0.0003598365314043049,-0.00043123266858769875,-0.00043123266858769875
bar_random_1,47923,3388872,1,structural_group,Query_colon,,,,,,,,,-8.256315231323242,-7.922377586364746,0.3339376449584961,-8.257133483886719,-7.921789169311523,-0.002450315428134076,-0.0017620566656861597,-0.002450315428134076
bar_random_1,47923,3388872,1,structural_group,query_content,,,,,,,,,-8.256315231323242,-7.922377586364746,0.3339376449584961,-8.250646591186523,-7.927684783935547,0.016975145576723718,0.015892780137023468,0.015892780137023468
bar_random_1,47923,3388872,1,structural_group,Document,,,,,,,,,-8.256315231323242,-7.922377586364746,0.3339376449584961,-8.256669998168945,-7.922197341918945,-0.0010623745212889001,-0.0005397547971064574,-0.0010623745212889001
bar_random_1,47923,3388872,1,structural_group,Document_colon,,,,,,,,,-8.256315231323242,-7.922377586364746,0.3339376449584961,-8.256915092468262,-7.921778678894043,-0.0017963268115341888,-0.001793470966046853,-0.0017963268115341888
bar_random_1,47923,3388872,1,structural_group,attack_tokens,,,,,,,,,-8.256315231323242,-7.922377586364746,0.3339376449584961,-8.256315231323242,-7.92878532409668,0.0,0.019188425829408925,0.0
bar_random_1,47923,3388872,1,structural_group,original_document,,,,,,,,,-8.256315231323242,-7.922377586364746,0.3339376449584961,-8.240413665771484,-7.959206581115723,0.047618367655836345,0.11028704102993211,0.047618367655836345
bar_random_1,47923,3388872,1,structural_group,Relevant,,,,,,,,,-8.256315231323242,-7.922377586364746,0.3339376449584961,-8.256582260131836,-7.922063827514648,-0.0007996367364540109,-0.0009395731653334628,-0.0009395731653334628
bar_random_1,47923,3388872,1,structural_group,Relevant_colon,,,,,,,,,-8.256315231323242,-7.922377586364746,0.3339376449584961,-8.256348609924316,-7.922279357910156,-9.995459205675136e-05,-0.0002941520851955826,-0.0002941520851955826
bar_random_1,47923,3388872,2,query_word,axon,0,axon,3,7,4,content,matched,content_matched,-8.256315231323242,-7.922377586364746,0.3339376449584961,-8.25271224975586,-7.925846099853516,0.010789384251154475,0.010386710037440135,0.010386710037440135
bar_random_1,47923,3388872,2,query_word,terminals,1,terminals,7,9,2,content,unmatched,content_unmatched,-8.256315231323242,-7.922377586364746,0.3339376449584961,-8.25245189666748,-7.926741600036621,0.011569030069197137,0.013068348950048407,0.011569030069197137
bar_random_1,47923,3388872,2,query_word,or,2,or,9,10,1,stopword,unmatched,stopword_unmatched,-8.256315231323242,-7.922377586364746,0.3339376449584961,-8.257913589477539,-7.920633316040039,-0.0047863970367747226,-0.005223341396337093,-0.005223341396337093
bar_random_1,47923,3388872,2,query_word,synaptic,3,synaptic,10,13,3,content,unmatched,content_unmatched,-8.256315231323242,-7.922377586364746,0.3339376449584961,-8.254484176635742,-7.924770355224609,0.0054832233356846465,0.007165316327725405,0.0054832233356846465
bar_random_1,47923,3388872,2,query_word,knob,4,knob,13,14,1,content,unmatched,content_unmatched,-8.256315231323242,-7.922377586364746,0.3339376449584961,-8.267258644104004,-7.912824630737305,-0.032770826967177764,-0.02860700424664224,-0.032770826967177764
bar_random_1,47923,3388872,2,query_word,definition,5,definition,14,15,1,content,unmatched,content_unmatched,-8.256315231323242,-7.922377586364746,0.3339376449584961,-8.25540542602539,-7.9242048263549805,0.0027244765949183086,0.005471799953735303,0.0027244765949183086
bar_random_1,47923,3388872,2,structural_group,Query,,,,,,,,,-8.256315231323242,-7.922377586364746,0.3339376449584961,-8.255475997924805,-7.9232282638549805,0.002513144028855463,0.0025474141747034917,0.002513144028855463
bar_random_1,47923,3388872,2,structural_group,Query_colon,,,,,,,,,-8.256315231323242,-7.922377586364746,0.3339376449584961,-8.255885124206543,-7.92283821105957,0.0012879863147884248,0.0013793733703831687,0.0012879863147884248
bar_random_1,47923,3388872,2,structural_group,query_content,,,,,,,,,-8.256315231323242,-7.922377586364746,0.3339376449584961,-8.258633613586426,-7.922891616821289,-0.006942560379713216,0.001539300717673971,-0.006942560379713216
bar_random_1,47923,3388872,2,structural_group,Document,,,,,,,,,-8.256315231323242,-7.922377586364746,0.3339376449584961,-8.25577163696289,-7.923343658447266,0.0016278319277813792,0.002892971478671118,0.0016278319277813792
bar_random_1,47923,3388872,2,structural_group,Document_colon,,,,,,,,,-8.256315231323242,-7.922377586364746,0.3339376449584961,-8.256731986999512,-7.921872138977051,-0.0012480044779657241,-0.0015135981082879493,-0.0015135981082879493
bar_random_1,47923,3388872,2,structural_group,attack_tokens,,,,,,,,,-8.256315231323242,-7.922377586364746,0.3339376449584961,-8.256315231323242,-7.947808265686035,0.0,0.0761539757652952,0.0
bar_random_1,47923,3388872,2,structural_group,original_document,,,,,,,,,-8.256315231323242,-7.922377586364746,0.3339376449584961,-8.293027877807617,-7.903973579406738,-0.10993862788047716,-0.05511210621460536,-0.10993862788047716
bar_random_1,47923,3388872,2,structural_group,Relevant,,,,,,,,,-8.256315231323242,-7.922377586364746,0.3339376449584961,-8.255691528320312,-7.923059463500977,0.0018677229487175826,0.0020419295234450634,0.0018677229487175826
bar_random_1,47923,3388872,2,structural_group,Relevant_colon,,,,,,,,,-8.256315231323242,-7.922377586364746,0.3339376449584961,-8.256058692932129,-7.922564506530762,0.0007682224360933176,0.0005597457155178076,0.0005597457155178076
bar_random_1,47923,3388872,3,query_word,axon,0,axon,3,7,4,content,matched,content_matched,-8.256315231323242,-7.922377586364746,0.3339376449584961,-8.246932983398438,-7.932028770446777,0.02809580790440914,0.028901156331837822,0.02809580790440914
bar_random_1,47923,3388872,3,query_word,terminals,1,terminals,7,9,2,content,unmatched,content_unmatched,-8.256315231323242,-7.922377586364746,0.3339376449584961,-8.249269485473633,-7.930661201477051,0.021098986460436543,0.024805873902998352,0.021098986460436543
bar_random_1,47923,3388872,3,query_word,or,2,or,9,10,1,stopword,unmatched,stopword_unmatched,-8.256315231323242,-7.922377586364746,0.3339376449584961,-8.256319046020508,-7.922297477722168,-1.1423381949343012e-05,-0.00023989102093620326,-0.00023989102093620326
bar_random_1,47923,3388872,3,query_word,synaptic,3,synaptic,10,13,3,content,unmatched,content_unmatched,-8.256315231323242,-7.922377586364746,0.3339376449584961,-8.25108814239502,-7.928276062011719,0.015652889116087264,0.017663404339171632,0.015652889116087264
bar_random_1,47923,3388872,3,query_word,knob,4,knob,13,14,1,content,unmatched,content_unmatched,-8.256315231323242,-7.922377586364746,0.3339376449584961,-8.227883338928223,-7.956193923950195,0.08514132151394081,0.10126542513543847,0.08514132151394081
bar_random_1,47923,3388872,3,query_word,definition,5,definition,14,15,1,content,unmatched,content_unmatched,-8.256315231323242,-7.922377586364746,0.3339376449584961,-8.246658325195312,-7.930835723876953,0.028918291404761837,0.025328493627180794,0.025328493627180794
bar_random_1,47923,3388872,3,structural_group,Query,,,,,,,,,-8.256315231323242,-7.922377586364746,0.3339376449584961,-8.255626678466797,-7.923035621643066,0.002061920441856414,0.00197053338626167,0.00197053338626167
bar_random_1,47923,3388872,3,structural_group,Query_colon,,,,,,,,,-8.256315231323242,-7.922377586364746,0.3339376449584961,-8.256587028503418,-7.922013282775879,-0.0008139159638906896,-0.0010909329761622578,-0.0010909329761622578
bar_random_1,47923,3388872,3,structural_group,query_content,,,,,,,,,-8.256315231323242,-7.922377586364746,0.3339376449584961,-8.196544647216797,-7.988626480102539,0.178987260073281,0.19838701846875276,0.178987260073281
bar_random_1,47923,3388872,3,structural_group,Document,,,,,,,,,-8.256315231323242,-7.922377586364746,0.3339376449584961,-8.25645637512207,-7.922171592712402,-0.0004226651321256915,-0.0006168626252645227,-0.0006168626252645227
bar_random_1,47923,3388872,3,structural_group,Document_colon,,,,,,,,,-8.256315231323242,-7.922377586364746,0.3339376449584961,-8.25694465637207,-7.921854019165039,-0.001884858021641597,-0.0015678591725473284,-0.001884858021641597
bar_random_1,47923,3388872,3,structural_group,attack_tokens,,,,,,,,,-8.256315231323242,-7.922377586364746,0.3339376449584961,-8.256315231323242,-7.8716325759887695,0.0,-0.15195953838113543,-0.15195953838113543
bar_random_1,47923,3388872,3,structural_group,original_document,,,,,,,,,-8.256315231323242,-7.922377586364746,0.3339376449584961,-8.277409553527832,-7.900872230529785,-0.06316844633437953,-0.06439931573942123,-0.06439931573942123
bar_random_1,47923,3388872,3,structural_group,Relevant,,,,,,,,,-8.256315231323242,-7.922377586364746,0.3339376449584961,-8.256134033203125,-7.9224090576171875,0.0005426106425937931,9.424290108207985e-05,9.424290108207985e-05
bar_random_1,47923,3388872,3,structural_group,Relevant_colon,,,,,,,,,-8.256315231323242,-7.922377586364746,0.3339376449584961,-8.25631332397461,-7.922380447387695,5.711690974671506e-06,8.567536462007259e-06,5.711690974671506e-06
bar_random_1,47923,3388872,4,query_word,axon,0,axon,3,7,4,content,matched,content_matched,-8.256315231323242,-7.922377586364746,0.3339376449584961,-8.251814842224121,-7.926480293273926,0.013476734854737419,0.01228584728651841,0.01228584728651841
bar_random_1,47923,3388872,4,query_word,terminals,1,terminals,7,9,2,content,unmatched,content_unmatched,-8.256315231323242,-7.922377586364746,0.3339376449584961,-8.254547119140625,-7.924579620361328,0.005294737533520486,0.006594147230258254,0.005294737533520486
bar_random_1,47923,3388872,4,query_word,or,2,or,9,10,1,stopword,unmatched,stopword_unmatched,-8.256315231323242,-7.922377586364746,0.3339376449584961,-8.251813888549805,-7.927306175231934,0.013479590700224755,0.014759009478551173,0.013479590700224755
bar_random_1,47923,3388872,4,query_word,synaptic,3,synaptic,10,13,3,content,unmatched,content_unmatched,-8.256315231323242,-7.922377586364746,0.3339376449584961,-8.261567115783691,-7.917863845825195,-0.01572714109875799,-0.01351671669156012,-0.01572714109875799
bar_random_1,47923,3388872,4,query_word,knob,4,knob,13,14,1,content,unmatched,content_unmatched,-8.256315231323242,-7.922377586364746,0.3339376449584961,-8.256519317626953,-7.923541069030762,-0.0006111509342898512,0.003484131494549619,-0.0006111509342898512
bar_random_1,47923,3388872,4,query_word,definition,5,definition,14,15,1,content,unmatched,content_unmatched,-8.256315231323242,-7.922377586364746,0.3339376449584961,-8.257957458496094,-7.919191360473633,-0.004917765929192167,-0.009541379773188752,-0.009541379773188752
bar_random_1,47923,3388872,4,structural_group,Query,,,,,,,,,-8.256315231323242,-7.922377586364746,0.3339376449584961,-8.25665283203125,-7.9222517013549805,-0.0010109693025168566,-0.0003769716043283194,-0.0010109693025168566
bar_random_1,47923,3388872,4,structural_group,Query_colon,,,,,,,,,-8.256315231323242,-7.922377586364746,0.3339376449584961,-8.25796890258789,-7.920903205871582,-0.004952036075040196,-0.004415137123421074,-0.004952036075040196
bar_random_1,47923,3388872,4,structural_group,query_content,,,,,,,,,-8.256315231323242,-7.922377586364746,0.3339376449584961,-8.252174377441406,-7.928217887878418,0.01240008110601184,0.017489197764444152,0.01240008110601184
bar_random_1,47923,3388872,4,structural_group,Document,,,,,,,,,-8.256315231323242,-7.922377586364746,0.3339376449584961,-8.256153106689453,-7.922222137451172,0.00048549373284707803,-0.00046550281443572775,-0.00046550281443572775
bar_random_1,47923,3388872,4,structural_group,Document_colon,,,,,,,,,-8.256315231323242,-7.922377586364746,0.3339376449584961,-8.256060600280762,-7.922633171081543,0.0007625107451186461,0.0007653665906059818,0.0007625107451186461
bar_random_1,47923,3388872,4,structural_group,attack_tokens,,,,,,,,,-8.256315231323242,-7.922377586364746,0.3339376449584961,-8.256315231323242,-7.753391265869141,0.0,-0.5060415411284588,-0.5060415411284588
bar_random_1,47923,3388872,4,structural_group,original_document,,,,,,,,,-8.256315231323242,-7.922377586364746,0.3339376449584961,-8.262800216674805,-7.917030334472656,-0.01941974931388312,-0.01601272564749157,-0.01941974931388312
bar_random_1,47923,3388872,4,structural_group,Relevant,,,,,,,,,-8.256315231323242,-7.922377586364746,0.3339376449584961,-8.256548881530762,-7.922028541564941,-0.0006996821443972595,-0.0010452394483648857,-0.0010452394483648857
bar_random_1,47923,3388872,4,structural_group,Relevant_colon,,,,,,,,,-8.256315231323242,-7.922377586364746,0.3339376449584961,-8.256916046142578,-7.921747207641602,-0.0017991826570215245,-0.001887713867128933,-0.001887713867128933
bar_random_1,47923,3388872,5,query_word,axon,0,axon,3,7,4,content,matched,content_matched,-8.256315231323242,-7.922377586364746,0.3339376449584961,-8.247071266174316,-7.930961608886719,0.027681710308745455,0.025705465231509114,0.025705465231509114
bar_random_1,47923,3388872,5,query_word,terminals,1,terminals,7,9,2,content,unmatched,content_unmatched,-8.256315231323242,-7.922377586364746,0.3339376449584961,-8.254241943359375,-7.923891067504883,0.006208608089467927,0.004532226788401841,0.004532226788401841
bar_random_1,47923,3388872,5,query_word,or,2,or,9,10,1,stopword,unmatched,stopword_unmatched,-8.256315231323242,-7.922377586364746,0.3339376449584961,-8.252384185791016,-7.925629615783691,0.011771795098797975,0.009738433111814918,0.009738433111814918
bar_random_1,47923,3388872,5,query_word,synaptic,3,synaptic,10,13,3,content,unmatched,content_unmatched,-8.256315231323242,-7.922377586364746,0.3339376449584961,-8.272306442260742,-7.90296745300293,-0.04788681713164591,-0.05812502320374458,-0.05812502320374458
bar_random_1,47923,3388872,5,query_word,knob,4,knob,13,14,1,content,unmatched,content_unmatched,-8.256315231323242,-7.922377586364746,0.3339376449584961,-8.24420166015625,-7.940354347229004,0.036274949380138734,0.05383268743627895,0.036274949380138734
bar_random_1,47923,3388872,5,query_word,definition,5,definition,14,15,1,content,unmatched,content_unmatched,-8.256315231323242,-7.922377586364746,0.3339376449584961,-8.252487182617188,-7.926200866699219,0.011463363786165713,0.011449084558729035,0.011449084558729035
bar_random_1,47923,3388872,5,structural_group,Query,,,,,,,,,-8.256315231323242,-7.922377586364746,0.3339376449584961,-8.256078720092773,-7.922801971435547,0.0007082496808592667,0.0012708512418644102,0.0007082496808592667
bar_random_1,47923,3388872,5,structural_group,Query_colon,,,,,,,,,-8.256315231323242,-7.922377586364746,0.3339376449584961,-8.257743835449219,-7.921032905578613,-0.004278056540028958,-0.004026742137143412,-0.004278056540028958
bar_random_1,47923,3388872,5,structural_group,query_content,,,,,,,,,-8.256315231323242,-7.922377586364746,0.3339376449584961,-8.240559577941895,-7.938985824584961,0.04718142329627398,0.04973454916195214,0.04718142329627398
bar_random_1,47923,3388872,5,structural_group,Document,,,,,,,,,-8.256315231323242,-7.922377586364746,0.3339376449584961,-8.256783485412598,-7.921755790710449,-0.0014022201342818548,-0.001862011257742911,-0.001862011257742911
bar_random_1,47923,3388872,5,structural_group,Document_colon,,,,,,,,,-8.256315231323242,-7.922377586364746,0.3339376449584961,-8.257627487182617,-7.921238899230957,-0.003929643390573997,-0.0034098795118788893,-0.003929643390573997
bar_random_1,47923,3388872,5,structural_group,attack_tokens,,,,,,,,,-8.256315231323242,-7.922377586364746,0.3339376449584961,-8.256315231323242,-7.896486282348633,0.0,-0.07753334913567836,-0.07753334913567836
bar_random_1,47923,3388872,5,structural_group,original_document,,,,,,,,,-8.256315231323242,-7.922377586364746,0.3339376449584961,-8.239992141723633,-7.968656539916992,0.04888065136123875,0.1385856139639421,0.04888065136123875
bar_random_1,47923,3388872,5,structural_group,Relevant,,,,,,,,,-8.256315231323242,-7.922377586364746,0.3339376449584961,-8.256077766418457,-7.922510147094727,0.0007111055263466025,0.0003969625227396697,0.0003969625227396697
bar_random_1,47923,3388872,5,structural_group,Relevant_colon,,,,,,,,,-8.256315231323242,-7.922377586364746,0.3339376449584961,-8.2568941116333,-7.921648025512695,-0.001733498210812802,-0.002184721797811851,-0.002184721797811851
bar_random_1,47923,3388872,6,query_word,axon,0,axon,3,7,4,content,matched,content_matched,-8.256315231323242,-7.922377586364746,0.3339376449584961,-8.265625,-7.910795211791992,-0.027878763647371622,-0.034684243443692725,-0.034684243443692725
bar_random_1,47923,3388872,6,query_word,terminals,1,terminals,7,9,2,content,unmatched,content_unmatched,-8.256315231323242,-7.922377586364746,0.3339376449584961,-8.253836631774902,-7.924474716186523,0.0074223424215856225,0.0062800042266513215,0.0062800042266513215
bar_random_1,47923,3388872,6,query_word,or,2,or,9,10,1,stopword,unmatched,stopword_unmatched,-8.256315231323242,-7.922377586364746,0.3339376449584961,-8.242071151733398,-7.934558868408203,0.04265490819884681,0.03647771440973958,0.03647771440973958
bar_random_1,47923,3388872,6,query_word,synaptic,3,synaptic,10,13,3,content,unmatched,content_unmatched,-8.256315231323242,-7.922377586364746,0.3339376449584961,-8.261423110961914,-7.91749382019043,-0.015295908430170294,-0.014624784740646391,-0.015295908430170294
bar_random_1,47923,3388872,6,query_word,knob,4,knob,13,14,1,content,unmatched,content_unmatched,-8.256315231323242,-7.922377586364746,0.3339376449584961,-8.23377513885498,-7.951398849487305,0.06749790809318053,0.0869062340251143,0.06749790809318053
bar_random_1,47923,3388872,6,query_word,definition,5,definition,14,15,1,content,unmatched,content_unmatched,-8.256315231323242,-7.922377586364746,0.3339376449584961,-8.259984970092773,-7.918916702270508,-0.010989293435267979,-0.010363863273541449,-0.010989293435267979
bar_random_1,47923,3388872,6,structural_group,Query,,,,,,,,,-8.256315231323242,-7.922377586364746,0.3339376449584961,-8.255577087402344,-7.922889709472656,0.002210424407197873,0.0015335890266992994,0.0015335890266992994
bar_random_1,47923,3388872,6,structural_group,Query_colon,,,,,,,,,-8.256315231323242,-7.922377586364746,0.3339376449584961,-8.255650520324707,-7.923067092895508,0.00199052430467302,0.0020647762873437494,0.00199052430467302
bar_random_1,47923,3388872,6,structural_group,query_content,,,,,,,,,-8.256315231323242,-7.922377586364746,0.3339376449584961,-8.234371185302734,-7.946184158325195,0.06571300466359568,0.0712904709003624,0.06571300466359568
bar_random_1,47923,3388872,6,structural_group,Document,,,,,,,,,-8.256315231323242,-7.922377586364746,0.3339376449584961,-8.253501892089844,-7.924282073974609,0.008424744187640472,0.005703123438209499,0.005703123438209499
bar_random_1,47923,3388872,6,structural_group,Document_colon,,,,,,,,,-8.256315231323242,-7.922377586364746,0.3339376449584961,-8.256621360778809,-7.921500205993652,-0.0009167264014347768,-0.002627377848348893,-0.002627377848348893
bar_random_1,47923,3388872,6,structural_group,attack_tokens,,,,,,,,,-8.256315231323242,-7.922377586364746,0.3339376449584961,-8.256315231323242,-7.83791446685791,0.0,-0.2529308114313783,-0.2529308114313783
bar_random_1,47923,3388872,6,structural_group,original_document,,,,,,,,,-8.256315231323242,-7.922377586364746,0.3339376449584961,-8.242545127868652,-7.932496070861816,0.04123555299164094,0.03030052062063234,0.03030052062063234
bar_random_1,47923,3388872,6,structural_group,Relevant,,,,,,,,,-8.256315231323242,-7.922377586364746,0.3339376449584961,-8.255492210388184,-7.923036575317383,0.002464594655570755,0.0019733892317490053,0.0019733892317490053
bar_random_1,47923,3388872,6,structural_group,Relevant_colon,,,,,,,,,-8.256315231323242,-7.922377586364746,0.3339376449584961,-8.256909370422363,-7.921653747558594,-0.0017791917386101742,-0.002167586724887837,-0.002167586724887837
bar_random_1,47923,3388872,7,query_word,axon,0,axon,3,7,4,content,matched,content_matched,-8.256315231323242,-7.922377586364746,0.3339376449584961,-8.25033187866211,-7.927641868591309,0.017917574587544515,0.01576426709009336,0.01576426709009336
bar_random_1,47923,3388872,7,query_word,terminals,1,terminals,7,9,2,content,unmatched,content_unmatched,-8.256315231323242,-7.922377586364746,0.3339376449584961,-8.264996528625488,-7.912294387817383,-0.02599676147121736,-0.03019485433760092,-0.03019485433760092
bar_random_1,47923,3388872,7,query_word,or,2,or,9,10,1,stopword,unmatched,stopword_unmatched,-8.256315231323242,-7.922377586364746,0.3339376449584961,-8.254449844360352,-7.925759315490723,0.0055860337732287334,0.01012682809809258,0.0055860337732287334
bar_random_1,47923,3388872,7,query_word,synaptic,3,synaptic,10,13,3,content,unmatched,content_unmatched,-8.256315231323242,-7.922377586364746,0.3339376449584961,-8.253637313842773,-7.92384147644043,0.008019214128438795,0.004383722823060381,0.004383722823060381
bar_random_1,47923,3388872,7,query_word,knob,4,knob,13,14,1,content,unmatched,content_unmatched,-8.256315231323242,-7.922377586364746,0.3339376449584961,-8.25174617767334,-7.92833137512207,0.013682355729825594,0.01782904337743711,0.013682355729825594
bar_random_1,47923,3388872,7,query_word,definition,5,definition,14,15,1,content,unmatched,content_unmatched,-8.256315231323242,-7.922377586364746,0.3339376449584961,-8.269500732421875,-7.906815528869629,-0.039484919707904124,-0.04660168666234482,-0.04660168666234482
bar_random_1,47923,3388872,7,structural_group,Query,,,,,,,,,-8.256315231323242,-7.922377586364746,0.3339376449584961,-8.255521774291992,-7.9230852127075195,0.0023760634454633466,0.002119037351603129,0.002119037351603129
bar_random_1,47923,3388872,7,structural_group,Query_colon,,,,,,,,,-8.256315231323242,-7.922377586364746,0.3339376449584961,-8.256144523620605,-7.922553062438965,0.0005111963422330998,0.0005254755696697785,0.0005111963422330998
bar_random_1,47923,3388872,7,structural_group,query_content,,,,,,,,,-8.256315231323242,-7.922377586364746,0.3339376449584961,-8.262432098388672,-7.91249942779541,-0.01831739295577152,-0.029580847557823732,-0.029580847557823732
bar_random_1,47923,3388872,7,structural_group,Document,,,,,,,,,-8.256315231323242,-7.922377586364746,0.3339376449584961,-8.254719734191895,-7.924566268920898,0.004777829500312715,0.006554165393435554,0.004777829500312715
bar_random_1,47923,3388872,7,structural_group,Document_colon,,,,,,,,,-8.256315231323242,-7.922377586364746,0.3339376449584961,-8.25501823425293,-7.92418098449707,0.0038839498627766243,0.005400403816551909,0.0038839498627766243
bar_random_1,47923,3388872,7,structural_group,attack_tokens,,,,,,,,,-8.256315231323242,-7.922377586364746,0.3339376449584961,-8.256315231323242,-7.944948196411133,0.0,0.06758929514877528,0.0
bar_random_1,47923,3388872,7,structural_group,original_document,,,,,,,,,-8.256315231323242,-7.922377586364746,0.3339376449584961,-8.229888916015625,-7.947539329528809,0.07913547845407372,0.07534862733786651,0.07534862733786651
bar_random_1,47923,3388872,7,structural_group,Relevant,,,,,,,,,-8.256315231323242,-7.922377586364746,0.3339376449584961,-8.255472183227539,-7.922983169555664,0.0025245674108048057,0.0018134618844582032,0.0018134618844582032
bar_random_1,47923,3388872,7,structural_group,Relevant_colon,,,,,,,,,-8.256315231323242,-7.922377586364746,0.3339376449584961,-8.256528854370117,-7.9219970703125,-0.0006397093891632087,-0.0011394823494469655,-0.0011394823494469655
bar_random_1,47923,3388872,8,query_word,axon,0,axon,3,7,4,content,matched,content_matched,-8.256315231323242,-7.922377586364746,0.3339376449584961,-8.241207122802734,-7.937263488769531,0.045242304210373,0.044576892211823774,0.044576892211823774
bar_random_1,47923,3388872,8,query_word,terminals,1,terminals,7,9,2,content,unmatched,content_unmatched,-8.256315231323242,-7.922377586364746,0.3339376449584961,-8.253225326538086,-7.925409317016602,0.00925293937896784,0.00907873280424036,0.00907873280424036
bar_random_1,47923,3388872,8,query_word,or,2,or,9,10,1,stopword,unmatched,stopword_unmatched,-8.256315231323242,-7.922377586364746,0.3339376449584961,-8.255714416503906,-7.923269271850586,0.0017991826570215245,0.002670215530658929,0.0017991826570215245
bar_random_1,47923,3388872,8,query_word,synaptic,3,synaptic,10,13,3,content,unmatched,content_unmatched,-8.256315231323242,-7.922377586364746,0.3339376449584961,-8.226067543029785,-7.953125,0.09057885132182808,0.09207531435719202,0.09057885132182808
bar_random_1,47923,3388872,8,query_word,knob,4,knob,13,14,1,content,unmatched,content_unmatched,-8.256315231323242,-7.922377586364746,0.3339376449584961,-8.270960807800293,-7.914885520935059,-0.043857219149015164,-0.022435522148509676,-0.043857219149015164
bar_random_1,47923,3388872,8,query_word,definition,5,definition,14,15,1,content,unmatched,content_unmatched,-8.256315231323242,-7.922377586364746,0.3339376449584961,-8.275623321533203,-7.899702072143555,-0.05781944773659966,-0.0679034381523822,-0.0679034381523822
bar_random_1,47923,3388872,8,structural_group,Query,,,,,,,,,-8.256315231323242,-7.922377586364746,0.3339376449584961,-8.249706268310547,-7.929258346557617,0.01979100922723677,0.02060492519112746,0.01979100922723677
bar_random_1,47923,3388872,8,structural_group,Query_colon,,,,,,,,,-8.256315231323242,-7.922377586364746,0.3339376449584961,-8.255578994750977,-7.923348426818848,0.0022047127162232016,0.002907250706107797,0.0022047127162232016
bar_random_1,47923,3388872,8,structural_group,query_content,,,,,,,,,-8.256315231323242,-7.922377586364746,0.3339376449584961,-8.241655349731445,-7.942323684692383,0.043900056831325196,0.05973000836762728,0.043900056831325196
bar_random_1,47923,3388872,8,structural_group,Document,,,,,,,,,-8.256315231323242,-7.922377586364746,0.3339376449584961,-8.254749298095703,-7.924041748046875,0.0046892982902053066,0.00498345037540089,0.0046892982902053066
bar_random_1,47923,3388872,8,structural_group,Document_colon,,,,,,,,,-8.256315231323242,-7.922377586364746,0.3339376449584961,-8.25490951538086,-7.923700332641602,0.0042095162483329,0.003961057690934689,0.003961057690934689
bar_random_1,47923,3388872,8,structural_group,attack_tokens,,,,,,,,,-8.256315231323242,-7.922377586364746,0.3339376449584961,-8.256315231323242,-7.990840911865234,0.0,0.20501829169034638,0.0
bar_random_1,47923,3388872,8,structural_group,original_document,,,,,,,,,-8.256315231323242,-7.922377586364746,0.3339376449584961,-8.228971481323242,-7.942397117614746,0.08188280181289072,0.05994990847015213,0.05994990847015213
bar_random_1,47923,3388872,8,structural_group,Relevant,,,,,,,,,-8.256315231323242,-7.922377586364746,0.3339376449584961,-8.256675720214844,-7.921984672546387,-0.0010795095942129147,-0.0011766083407823303,-0.0011766083407823303
bar_random_1,47923,3388872,8,structural_group,Relevant_colon,,,,,,,,,-8.256315231323242,-7.922377586364746,0.3339376449584961,-8.25545883178711,-7.923108100891113,0.0025645492476275063,0.002187577643299187,0.002187577643299187
bar_random_1,47923,3388872,9,query_word,axon,0,axon,3,7,4,content,matched,content_matched,-8.256315231323242,-7.922377586364746,0.3339376449584961,-8.239119529724121,-7.940380096435547,0.05149374998215096,0.05390979526443701,0.05149374998215096
bar_random_1,47923,3388872,9,query_word,terminals,1,terminals,7,9,2,content,unmatched,content_unmatched,-8.256315231323242,-7.922377586364746,0.3339376449584961,-8.230949401855469,-7.9505414962768555,0.07595977827215636,0.08433882893199947,0.07595977827215636
bar_random_1,47923,3388872,9,query_word,or,2,or,9,10,1,stopword,unmatched,stopword_unmatched,-8.256315231323242,-7.922377586364746,0.3339376449584961,-8.258627891540527,-7.91996955871582,-0.0069254253067892015,-0.007211009855522777,-0.007211009855522777
bar_random_1,47923,3388872,9,query_word,synaptic,3,synaptic,10,13,3,content,unmatched,content_unmatched,-8.256315231323242,-7.922377586364746,0.3339376449584961,-8.277587890625,-7.899212837219238,-0.06370248944051131,-0.06936848688738545,-0.06936848688738545
bar_random_1,47923,3388872,9,query_word,knob,4,knob,13,14,1,content,unmatched,content_unmatched,-8.256315231323242,-7.922377586364746,0.3339376449584961,-8.172751426696777,-8.02297306060791,0.2502377491368207,0.30124029369514993,0.2502377491368207
bar_random_1,47923,3388872,9,query_word,definition,5,definition,14,15,1,content,unmatched,content_unmatched,-8.256315231323242,-7.922377586364746,0.3339376449584961,-8.271683692932129,-7.904415130615234,-0.046021950028415665,-0.05378984975396891,-0.05378984975396891
bar_random_1,47923,3388872,9,structural_group,Query,,,,,,,,,-8.256315231323242,-7.922377586364746,0.3339376449584961,-8.252469062805176,-7.925548553466797,0.011517624850425092,0.009495686245391379,0.009495686245391379
bar_random_1,47923,3388872,9,structural_group,Query_colon,,,,,,,,,-8.256315231323242,-7.922377586364746,0.3339376449584961,-8.255650520324707,-7.922527313232422,0.00199052430467302,0.0004483677415117133,0.0004483677415117133
bar_random_1,47923,3388872,9,structural_group,query_content,,,,,,,,,-8.256315231323242,-7.922377586364746,0.3339376449584961,-8.169015884399414,-8.025063514709473,0.26142409591071486,0.30750030700338987,0.26142409591071486
bar_random_1,47923,3388872,9,structural_group,Document,,,,,,,,,-8.256315231323242,-7.922377586364746,0.3339376449584961,-8.25780963897705,-7.920092582702637,-0.004475109878655125,-0.006842605787656464,-0.006842605787656464
bar_random_1,47923,3388872,9,structural_group,Document_colon,,,,,,,,,-8.256315231323242,-7.922377586364746,0.3339376449584961,-8.255681991577148,-7.922746658325195,0.00189628140359094,0.0011052122035989365,0.0011052122035989365
bar_random_1,47923,3388872,9,structural_group,attack_tokens,,,,,,,,,-8.256315231323242,-7.922377586364746,0.3339376449584961,-8.256315231323242,-7.980483055114746,0.0,0.17400095385239278,0.0
bar_random_1,47923,3388872,9,structural_group,original_document,,,,,,,,,-8.256315231323242,-7.922377586364746,0.3339376449584961,-8.26480770111084,-7.914053916931152,-0.025431304064724884,-0.024925819413466454,-0.025431304064724884
bar_random_1,47923,3388872,9,structural_group,Relevant,,,,,,,,,-8.256315231323242,-7.922377586364746,0.3339376449584961,-8.256237030029297,-7.922733306884766,0.00023417932996153175,0.001065230366776236,0.00023417932996153175
bar_random_1,47923,3388872,9,structural_group,Relevant_colon,,,,,,,,,-8.256315231323242,-7.922377586364746,0.3339376449584961,-8.25489330291748,-7.923758506774902,0.004258065621617608,0.004135264265662171,0.004135264265662171
bar_random_1,47923,3388872,10,query_word,axon,0,axon,3,7,4,content,matched,content_matched,-8.256315231323242,-7.922377586364746,0.3339376449584961,-8.22983169555664,-7.950428009033203,0.07930682918331386,0.08399898331900651,0.07930682918331386
bar_random_1,47923,3388872,10,query_word,terminals,1,terminals,7,9,2,content,unmatched,content_unmatched,-8.256315231323242,-7.922377586364746,0.3339376449584961,-8.247764587402344,-7.930934906005859,0.025605510639452364,0.025625501557863712,0.025605510639452364
bar_random_1,47923,3388872,10,query_word,or,2,or,9,10,1,stopword,unmatched,stopword_unmatched,-8.256315231323242,-7.922377586364746,0.3339376449584961,-8.244529724121094,-7.933528900146484,0.03529253853249524,0.03339340128341696,0.03339340128341696
bar_random_1,47923,3388872,10,query_word,synaptic,3,synaptic,10,13,3,content,unmatched,content_unmatched,-8.256315231323242,-7.922377586364746,0.3339376449584961,-8.207777976989746,-7.970527648925781,0.14534825607795315,0.14418878281009484,0.14418878281009484
bar_random_1,47923,3388872,10,query_word,knob,4,knob,13,14,1,content,unmatched,content_unmatched,-8.256315231323242,-7.922377586364746,0.3339376449584961,-8.085092544555664,-8.10482406616211,0.5127384987962611,0.5463489443367157,0.5127384987962611
bar_random_1,47923,3388872,10,query_word,definition,5,definition,14,15,1,content,unmatched,content_unmatched,-8.256315231323242,-7.922377586364746,0.3339376449584961,-8.28234577178955,-7.893324851989746,-0.07795030257682939,-0.08700047692619639,-0.08700047692619639
bar_random_1,47923,3388872,10,structural_group,Query,,,,,,,,,-8.256315231323242,-7.922377586364746,0.3339376449584961,-8.256072998046875,-7.922397613525391,0.0007253847537832813,5.9972755234050816e-05,5.9972755234050816e-05
bar_random_1,47923,3388872,10,structural_group,Query_colon,,,,,,,,,-8.256315231323242,-7.922377586364746,0.3339376449584961,-8.256555557250977,-7.922214508056641,-0.0007196730628086098,-0.0004883495783344138,-0.0007196730628086098
bar_random_1,47923,3388872,10,structural_group,query_content,,,,,,,,,-8.256315231323242,-7.922377586364746,0.3339376449584961,-8.014530181884766,-8.170284271240234,0.7240425064042335,0.7423741785874417,0.7240425064042335
bar_random_1,47923,3388872,10,structural_group,Document,,,,,,,,,-8.256315231323242,-7.922377586364746,0.3339376449584961,-8.251001358032227,-7.928433418273926,0.015912771055434816,0.018134618844582034,0.015912771055434816
bar_random_1,47923,3388872,10,structural_group,Document_colon,,,,,,,,,-8.256315231323242,-7.922377586364746,0.3339376449584961,-8.258819580078125,-7.919210433959961,-0.007499450249743688,-0.009484262863442037,-0.009484262863442037
bar_random_1,47923,3388872,10,structural_group,attack_tokens,,,,,,,,,-8.256315231323242,-7.922377586364746,0.3339376449584961,-8.256315231323242,-7.944354057312012,0.0,0.06581010341016509,0.0
bar_random_1,47923,3388872,10,structural_group,original_document,,,,,,,,,-8.256315231323242,-7.922377586364746,0.3339376449584961,-8.16596508026123,-8.028167724609375,0.2705599456247019,0.31679608406466775,0.2705599456247019
bar_random_1,47923,3388872,10,structural_group,Relevant,,,,,,,,,-8.256315231323242,-7.922377586364746,0.3339376449584961,-8.255634307861328,-7.923009872436523,0.002039073677957728,0.0018934255581036044,0.0018934255581036044
bar_random_1,47923,3388872,10,structural_group,Relevant_colon,,,,,,,,,-8.256315231323242,-7.922377586364746,0.3339376449584961,-8.256519317626953,-7.922145843505859,-0.0006111509342898512,-0.000693970453422588,-0.000693970453422588
bar_random_1,47923,3388872,11,query_word,axon,0,axon,3,7,4,content,matched,content_matched,-8.256315231323242,-7.922377586364746,0.3339376449584961,-8.21606731414795,-7.971403121948242,0.12052524710203079,0.14681044896746906,0.12052524710203079
bar_random_1,47923,3388872,11,query_word,terminals,1,terminals,7,9,2,content,unmatched,content_unmatched,-8.256315231323242,-7.922377586364746,0.3339376449584961,-8.223608016967773,-7.96098518371582,0.09794407683366699,0.1156131928638133,0.09794407683366699
bar_random_1,47923,3388872,11,query_word,or,2,or,9,10,1,stopword,unmatched,stopword_unmatched,-8.256315231323242,-7.922377586364746,0.3339376449584961,-8.24921703338623,-7.9316301345825195,0.02125605796224001,0.027707412918131478,0.02125605796224001
bar_random_1,47923,3388872,11,query_word,synaptic,3,synaptic,10,13,3,content,unmatched,content_unmatched,-8.256315231323242,-7.922377586364746,0.3339376449584961,-8.23196029663086,-7.947956085205078,0.07293258205558047,0.07659663181583223,0.07293258205558047
bar_random_1,47923,3388872,11,query_word,knob,4,knob,13,14,1,content,unmatched,content_unmatched,-8.256315231323242,-7.922377586364746,0.3339376449584961,-8.220563888549805,-7.95814323425293,0.10705993562924272,0.10710277331155275,0.10705993562924272
bar_random_1,47923,3388872,11,query_word,definition,5,definition,14,15,1,content,unmatched,content_unmatched,-8.256315231323242,-7.922377586364746,0.3339376449584961,-8.205414772033691,-7.976837158203125,0.15242504119557115,0.1630830565543082,0.15242504119557115
bar_random_1,47923,3388872,11,structural_group,Query,,,,,,,,,-8.256315231323242,-7.922377586364746,0.3339376449584961,-8.236491203308105,-7.942058563232422,0.0593644601452483,0.05893608332214794,0.05893608332214794
bar_random_1,47923,3388872,11,structural_group,Query_colon,,,,,,,,,-8.256315231323242,-7.922377586364746,0.3339376449584961,-8.220134735107422,-7.959232330322266,0.1083450660985438,0.11036414885809018,0.1083450660985438
bar_random_1,47923,3388872,11,structural_group,query_content,,,,,,,,,-8.256315231323242,-7.922377586364746,0.3339376449584961,-8.056062698364258,-8.125728607177734,0.5996704354307615,0.6089490774191153,0.5996704354307615
bar_random_1,47923,3388872,11,structural_group,Document,,,,,,,,,-8.256315231323242,-7.922377586364746,0.3339376449584961,-8.238228797912598,-7.9400739669799805,0.05416110966732256,0.052993068863002236,0.052993068863002236
bar_random_1,47923,3388872,11,structural_group,Document_colon,,,,,,,,,-8.256315231323242,-7.922377586364746,0.3339376449584961,-8.235269546508789,-7.943336486816406,0.0630227982145254,0.06276291627517785,0.06276291627517785
bar_random_1,47923,3388872,11,structural_group,attack_tokens,,,,,,,,,-8.256315231323242,-7.922377586364746,0.3339376449584961,-8.256315231323242,-7.8984375,0.0,-0.07169028926858942,-0.07169028926858942
bar_random_1,47923,3388872,11,structural_group,original_document,,,,,,,,,-8.256315231323242,-7.922377586364746,0.3339376449584961,-8.211627006530762,-7.962454795837402,0.13382206369106606,0.1200140507597977,0.1200140507597977
bar_random_1,47923,3388872,11,structural_group,Relevant,,,,,,,,,-8.256315231323242,-7.922377586364746,0.3339376449584961,-8.255435943603516,-7.923513412475586,0.0026330895393235645,0.003401311975416882,0.0026330895393235645
bar_random_1,47923,3388872,11,structural_group,Relevant_colon,,,,,,,,,-8.256315231323242,-7.922377586364746,0.3339376449584961,-8.253410339355469,-7.924970626831055,0.008698905354424705,0.007765043880065913,0.007765043880065913
bar_random_1,962179,6675260,0,query_word,when,0,when,3,4,1,stopword,matched,stopword_matched,-3.6593406200408936,-3.3610641956329346,0.298276424407959,-3.661410331726074,-3.3604793548583984,-0.006938904706561305,-0.0019607341602574453,-0.006938904706561305
bar_random_1,962179,6675260,0,query_word,was,1,was,4,5,1,stopword,unmatched,stopword_unmatched,-3.6593406200408936,-3.3610641956329346,0.298276424407959,-3.662930488586426,-3.3579511642456055,-0.012035374745616124,-0.01043673295168425,-0.012035374745616124
bar_random_1,962179,6675260,0,query_word,the,2,the,5,6,1,stopword,matched,stopword_matched,-3.6593406200408936,-3.3610641956329346,0.298276424407959,-3.65946626663208,-3.360558271408081,-0.0004212421127010492,-0.0016961589433617198,-0.0016961589433617198
bar_random_1,962179,6675260,0,query_word,salvation,3,salvation,6,7,1,content,matched,content_matched,-3.6593406200408936,-3.3610641956329346,0.298276424407959,-3.697486639022827,-3.330562114715576,-0.12788814623096217,-0.10226111895333724,-0.12788814623096217
bar_random_1,962179,6675260,0,query_word,army,4,army,7,8,1,content,matched,content_matched,-3.6593406200408936,-3.3610641956329346,0.298276424407959,-3.656243324279785,-3.3642635345458984,0.010383977772484497,0.010726087116385919,0.010383977772484497
bar_random_1,962179,6675260,0,query_word,founded,5,founded,8,9,1,content,unmatched,content_unmatched,-3.6593406200408936,-3.3610641956329346,0.298276424407959,-3.6547420024871826,-3.3654024600982666,0.015417301460679007,0.014544443041192203,0.014544443041192203
bar_random_1,962179,6675260,0,structural_group,Query,,,,,,,,,-3.6593406200408936,-3.3610641956329346,0.298276424407959,-3.657778739929199,-3.362372398376465,0.005236351196023858,0.0043858737616521,0.0043858737616521
bar_random_1,962179,6675260,0,structural_group,Query_colon,,,,,,,,,-3.6593406200408936,-3.3610641956329346,0.298276424407959,-3.6606767177581787,-3.3593177795410156,-0.004479394306597115,-0.005855025570275494,-0.005855025570275494
bar_random_1,962179,6675260,0,structural_group,query_content,,,,,,,,,-3.6593406200408936,-3.3610641956329346,0.298276424407959,-3.6957478523254395,-3.3346028327941895,-0.12205869892938959,-0.08871422839155853,-0.12205869892938959
bar_random_1,962179,6675260,0,structural_group,Document,,,,,,,,,-3.6593406200408936,-3.3610641956329346,0.298276424407959,-3.6562283039093018,-3.364150285720825,0.01043433498899335,0.010346409690327098,0.010346409690327098
bar_random_1,962179,6675260,0,structural_group,Document_colon,,,,,,,,,-3.6593406200408936,-3.3610641956329346,0.298276424407959,-3.6368298530578613,-3.360729455947876,0.07546948112883295,-0.0011222465393401766,-0.0011222465393401766
bar_random_1,962179,6675260,0,structural_group,attack_tokens,,,,,,,,,-3.6593406200408936,-3.3610641956329346,0.298276424407959,-3.6593406200408936,-3.318124532699585,0.0,-0.14395929218535933,-0.14395929218535933
bar_random_1,962179,6675260,0,structural_group,original_document,,,,,,,,,-3.6593406200408936,-3.3610641956329346,0.298276424407959,-3.6175413131713867,-3.370823860168457,0.14013614033517124,0.032720200917300664,0.032720200917300664
bar_random_1,962179,6675260,0,structural_group,Relevant,,,,,,,,,-3.6593406200408936,-3.3610641956329346,0.298276424407959,-3.6596271991729736,-3.3607397079467773,-0.0009607837181530572,-0.0010878757407706413,-0.0010878757407706413
bar_random_1,962179,6675260,0,structural_group,Relevant_colon,,,,,,,,,-3.6593406200408936,-3.3610641956329346,0.298276424407959,-3.659416675567627,-3.3608837127685547,-0.0002549833661321341,-0.0006050859190032149,-0.0006050859190032149
bar_random_1,962179,6675260,1,query_word,when,0,when,3,4,1,stopword,matched,stopword_matched,-3.6593406200408936,-3.3610641956329346,0.298276424407959,-3.657616138458252,-3.363736629486084,0.005781488047754628,0.008959587934091197,0.005781488047754628
bar_random_1,962179,6675260,1,query_word,was,1,was,4,5,1,stopword,unmatched,stopword_unmatched,-3.6593406200408936,-3.3610641956329346,0.298276424407959,-3.6643712520599365,-3.3546695709228516,-0.016865670925981287,-0.021438585777523417,-0.021438585777523417
bar_random_1,962179,6675260,1,query_word,the,2,the,5,6,1,stopword,matched,stopword_matched,-3.6593406200408936,-3.3610641956329346,0.298276424407959,-3.6659202575683594,-3.3564748764038086,-0.022058858793568985,-0.015386127945697336,-0.022058858793568985
bar_random_1,962179,6675260,1,query_word,salvation,3,salvation,6,7,1,content,matched,content_matched,-3.6593406200408936,-3.3610641956329346,0.298276424407959,-3.6963999271392822,-3.3327503204345703,-0.12424484158259143,-0.09492495176098387,-0.12424484158259143
bar_random_1,962179,6675260,1,query_word,army,4,army,7,8,1,content,matched,content_matched,-3.6593406200408936,-3.3610641956329346,0.298276424407959,-3.6830294132232666,-3.3396353721618652,-0.07941892568074164,-0.07184216289840152,-0.07941892568074164
bar_random_1,962179,6675260,1,query_word,founded,5,founded,8,9,1,content,unmatched,content_unmatched,-3.6593406200408936,-3.3610641956329346,0.298276424407959,-3.7010693550109863,-3.3194336891174316,-0.1398995413496693,-0.13957022114011935,-0.1398995413496693
bar_random_1,962179,6675260,1,structural_group,Query,,,,,,,,,-3.6593406200408936,-3.3610641956329346,0.298276424407959,-3.6610870361328125,-3.359227418899536,-0.005855025570275494,-0.006157968190225584,-0.006157968190225584
bar_random_1,962179,6675260,1,structural_group,Query_colon,,,,,,,,,-3.6593406200408936,-3.3610641956329346,0.298276424407959,-3.6589012145996094,-3.362149477005005,0.0014731484131082233,0.0036385087229889486,0.0014731484131082233
bar_random_1,962179,6675260,1,structural_group,query_content,,,,,,,,,-3.6593406200408936,-3.3610641956329346,0.298276424407959,-3.7697386741638184,-3.262234687805176,-0.3701199460937987,-0.3313352975312175,-0.3701199460937987
bar_random_1,962179,6675260,1,structural_group,Document,,,,,,,,,-3.6593406200408936,-3.3610641956329346,0.298276424407959,-3.671363353729248,-3.351776123046875,-0.04030735487130134,-0.031139144183102038,-0.04030735487130134
bar_random_1,962179,6675260,1,structural_group,Document_colon,,,,,,,,,-3.6593406200408936,-3.3610641956329346,0.298276424407959,-3.6491189002990723,-3.3718600273132324,0.03426928481562065,0.036194049535514625,0.03426928481562065
bar_random_1,962179,6675260,1,structural_group,attack_tokens,,,,,,,,,-3.6593406200408936,-3.3610641956329346,0.298276424407959,-3.6593406200408936,-3.380571126937866,0.0,0.06539883714795909,0.0
bar_random_1,962179,6675260,1,structural_group,original_document,,,,,,,,,-3.6593406200408936,-3.3610641956329346,0.298276424407959,-3.613314151763916,-3.4335598945617676,0.15430809983837732,0.24304870581953572,0.15430809983837732
bar_random_1,962179,6675260,1,structural_group,Relevant,,,,,,,,,-3.6593406200408936,-3.3610641956329346,0.298276424407959,-3.6597135066986084,-3.360609769821167,-0.0012501378828547267,-0.0015235056296170773,-0.0015235056296170773
bar_random_1,962179,6675260,1,structural_group,Relevant_colon,,,,,,,,,-3.6593406200408936,-3.3610641956329346,0.298276424407959,-3.6593551635742188,-3.361011505126953,-4.87585747149222e-05,-0.00017664991822947224,-0.00017664991822947224
bar_random_1,962179,6675260,2,query_word,when,0,when,3,4,1,stopword,matched,stopword_matched,-3.6593406200408936,-3.3610641956329346,0.298276424407959,-3.674672842025757,-3.345141887664795,-0.05140272824208553,-0.05338104746207622,-0.05338104746207622
bar_random_1,962179,6675260,2,query_word,was,1,was,4,5,1,stopword,unmatched,stopword_unmatched,-3.6593406200408936,-3.3610641956329346,0.298276424407959,-3.6637167930603027,-3.3591408729553223,-0.014671535063809787,-0.00644812167582422,-0.014671535063809787
bar_random_1,962179,6675260,2,query_word,the,2,the,5,6,1,stopword,matched,stopword_matched,-3.6593406200408936,-3.3610641956329346,0.298276424407959,-3.6654303073883057,-3.3573226928710938,-0.020416254350303982,-0.01254374283608646,-0.020416254350303982
bar_random_1,962179,6675260,2,query_word,salvation,3,salvation,6,7,1,content,matched,content_matched,-3.6593406200408936,-3.3610641956329346,0.298276424407959,-3.699911117553711,-3.3248648643493652,-0.13601644043220878,-0.1213616911072353,-0.13601644043220878
bar_random_1,962179,6675260,2,query_word,army,4,army,7,8,1,content,matched,content_matched,-3.6593406200408936,-3.3610641956329346,0.298276424407959,-3.6822049617767334,-3.339815139770508,-0.07665487401903343,-0.0712394749420892,-0.07665487401903343
bar_random_1,962179,6675260,2,query_word,founded,5,founded,8,9,1,content,unmatched,content_unmatched,-3.6593406200408936,-3.3610641956329346,0.298276424407959,-3.6746468544006348,-3.339952230453491,-0.05131560226431624,-0.07077986542633379,-0.07077986542633379
bar_random_1,962179,6675260,2,structural_group,Query,,,,,,,,,-3.6593406200408936,-3.3610641956329346,0.298276424407959,-3.655005693435669,-3.36378812789917,0.01453325254863468,0.009132241247835838,0.009132241247835838
bar_random_1,962179,6675260,2,structural_group,Query_colon,,,,,,,,,-3.6593406200408936,-3.3610641956329346,0.298276424407959,-3.6539411544799805,-3.36556339263916,0.018102220353587592,0.01508398464664421,0.01508398464664421
bar_random_1,962179,6675260,2,structural_group,query_content,,,,,,,,,-3.6593406200408936,-3.3610641956329346,0.298276424407959,-3.7640480995178223,-3.2624144554138184,-0.3510417549250157,-0.33073260957490513,-0.3510417549250157
bar_random_1,962179,6675260,2,structural_group,Document,,,,,,,,,-3.6593406200408936,-3.3610641956329346,0.298276424407959,-3.6452815532684326,-3.359929084777832,0.047134354652287415,-0.0038055667904548294,-0.0038055667904548294
bar_random_1,962179,6675260,2,structural_group,Document_colon,,,,,,,,,-3.6593406200408936,-3.3610641956329346,0.298276424407959,-3.6748464107513428,-3.3470284938812256,-0.05198463385507673,-0.047056021204384756,-0.05198463385507673
bar_random_1,962179,6675260,2,structural_group,attack_tokens,,,,,,,,,-3.6593406200408936,-3.3610641956329346,0.298276424407959,-3.6593406200408936,-3.4802470207214355,0.0,0.39957172386340567,0.0
bar_random_1,962179,6675260,2,structural_group,original_document,,,,,,,,,-3.6593406200408936,-3.3610641956329346,0.298276424407959,-3.6662254333496094,-3.3520472049713135,-0.023081989541685385,-0.030230316323251766,-0.030230316323251766
bar_random_1,962179,6675260,2,structural_group,Relevant,,,,,,,,,-3.6593406200408936,-3.3610641956329346,0.298276424407959,-3.659111499786377,-3.3613667488098145,0.0007681473819842662,0.001014338218249775,0.0007681473819842662
bar_random_1,962179,6675260,2,structural_group,Relevant_colon,,,,,,,,,-3.6593406200408936,-3.3610641956329346,0.298276424407959,-3.6620419025421143,-3.35770845413208,-0.009056305762624074,-0.011250441624795573,-0.011250441624795573
bar_random_1,962179,6675260,3,query_word,when,0,when,3,4,1,stopword,matched,stopword_matched,-3.6593406200408936,-3.3610641956329346,0.298276424407959,-3.6712088584899902,-3.348395347595215,-0.03978939493006742,-0.042473514502079035,-0.042473514502079035
bar_random_1,962179,6675260,3,query_word,was,1,was,4,5,1,stopword,unmatched,stopword_unmatched,-3.6593406200408936,-3.3610641956329346,0.298276424407959,-3.6713972091674805,-3.351597309112549,-0.04042085843867051,-0.03173863485582649,-0.04042085843867051
bar_random_1,962179,6675260,3,query_word,the,2,the,5,6,1,stopword,matched,stopword_matched,-3.6593406200408936,-3.3610641956329346,0.298276424407959,-3.661165237426758,-3.3594062328338623,-0.006117202824480321,-0.005558477517501131,-0.006117202824480321
bar_random_1,962179,6675260,3,query_word,salvation,3,salvation,6,7,1,content,matched,content_matched,-3.6593406200408936,-3.3610641956329346,0.298276424407959,-3.6643941402435303,-3.3542604446411133,-0.016942405732090018,-0.022810220436716964,-0.022810220436716964
bar_random_1,962179,6675260,3,query_word,army,4,army,7,8,1,content,matched,content_matched,-3.6593406200408936,-3.3610641956329346,0.298276424407959,-3.6713638305664062,-3.347766876220703,-0.040308953513095276,-0.044580524386481246,-0.044580524386481246
bar_random_1,962179,6675260,3,query_word,founded,5,founded,8,9,1,content,unmatched,content_unmatched,-3.6593406200408936,-3.3610641956329346,0.298276424407959,-3.6734042167663574,-3.3381805419921875,-0.04714954174932977,-0.07671961901168767,-0.07671961901168767
bar_random_1,962179,6675260,3,structural_group,Query,,,,,,,,,-3.6593406200408936,-3.3610641956329346,0.298276424407959,-3.6607208251953125,-3.3599801063537598,-0.004627268672535814,-0.0036345121185041187,-0.004627268672535814
bar_random_1,962179,6675260,3,structural_group,Query_colon,,,,,,,,,-3.6593406200408936,-3.3610641956329346,0.298276424407959,-3.6570396423339844,-3.364064931869507,0.007714245976618265,0.010060252809213292,0.007714245976618265
bar_random_1,962179,6675260,3,structural_group,query_content,,,,,,,,,-3.6593406200408936,-3.3610641956329346,0.298276424407959,-3.7160568237304688,-3.293668270111084,-0.1901464515747421,-0.22595123183343432,-0.22595123183343432
bar_random_1,962179,6675260,3,structural_group,Document,,,,,,,,,-3.6593406200408936,-3.3610641956329346,0.298276424407959,-3.653719425201416,-3.369842052459717,0.018845588787765915,0.02942859746359493,0.018845588787765915
bar_random_1,962179,6675260,3,structural_group,Document_colon,,,,,,,,,-3.6593406200408936,-3.3610641956329346,0.298276424407959,-3.6418447494506836,-3.380263328552246,0.05865656538205141,0.06436691386997608,0.05865656538205141
bar_random_1,962179,6675260,3,structural_group,attack_tokens,,,,,,,,,-3.6593406200408936,-3.3610641956329346,0.298276424407959,-3.6593406200408936,-3.3464038372039795,0.0,-0.049150241954435514,-0.049150241954435514
bar_random_1,962179,6675260,3,structural_group,original_document,,,,,,,,,-3.6593406200408936,-3.3610641956329346,0.298276424407959,-4.03004789352417,-3.080268383026123,-1.242831290535561,-0.9413945911553544,-1.242831290535561
bar_random_1,962179,6675260,3,structural_group,Relevant,,,,,,,,,-3.6593406200408936,-3.3610641956329346,0.298276424407959,-3.6588211059570312,-3.362128973007202,0.0017417202344887784,0.003569767125849878,0.0017417202344887784
bar_random_1,962179,6675260,3,structural_group,Relevant_colon,,,,,,,,,-3.6593406200408936,-3.3610641956329346,0.298276424407959,-3.6596739292144775,-3.360464334487915,-0.001117450613958381,-0.002011091376766299,-0.002011091376766299
bar_random_1,962179,6675260,4,query_word,when,0,when,3,4,1,stopword,matched,stopword_matched,-3.6593406200408936,-3.3610641956329346,0.298276424407959,-3.646562099456787,-3.3717808723449707,0.04284120211468336,0.035928674997721934,0.035928674997721934
bar_random_1,962179,6675260,4,query_word,was,1,was,4,5,1,stopword,unmatched,stopword_unmatched,-3.6593406200408936,-3.3610641956329346,0.298276424407959,-3.6649155616760254,-3.3564963340759277,-0.018690520533754522,-0.015314189064970401,-0.018690520533754522
bar_random_1,962179,6675260,4,query_word,the,2,the,5,6,1,stopword,matched,stopword_matched,-3.6593406200408936,-3.3610641956329346,0.298276424407959,-3.6577930450439453,-3.3629884719848633,0.0051883919422059015,0.006451318959412084,0.0051883919422059015
bar_random_1,962179,6675260,4,query_word,salvation,3,salvation,6,7,1,content,matched,content_matched,-3.6593406200408936,-3.3610641956329346,0.298276424407959,-3.6469058990478516,-3.3746731281280518,0.041688581381258485,0.04562523679881573,0.041688581381258485
bar_random_1,962179,6675260,4,query_word,army,4,army,7,8,1,content,matched,content_matched,-3.6593406200408936,-3.3610641956329346,0.298276424407959,-3.6714649200439453,-3.357774019241333,-0.04064786557340883,-0.011030628378129941,-0.04064786557340883
bar_random_1,962179,6675260,4,query_word,founded,5,founded,8,9,1,content,unmatched,content_unmatched,-3.6593406200408936,-3.3610641956329346,0.298276424407959,-3.6561875343322754,-3.359569549560547,0.010571018862374527,-0.005010942703079464,-0.005010942703079464
bar_random_1,962179,6675260,4,structural_group,Query,,,,,,,,,-3.6593406200408936,-3.3610641956329346,0.298276424407959,-3.661297559738159,-3.3586678504943848,-0.006560825922296417,-0.00803397433540464,-0.00803397433540464
bar_random_1,962179,6675260,4,structural_group,Query_colon,,,,,,,,,-3.6593406200408936,-3.3610641956329346,0.298276424407959,-3.6634521484375,-3.3575925827026367,-0.013784288868177596,-0.01163891158072102,-0.013784288868177596
bar_random_1,962179,6675260,4,structural_group,query_content,,,,,,,,,-3.6593406200408936,-3.3610641956329346,0.298276424407959,-3.6485118865966797,-3.3796651363372803,0.036304355819295926,0.06236141773948853,0.036304355819295926
bar_random_1,962179,6675260,4,structural_group,Document,,,,,,,,,-3.6593406200408936,-3.3610641956329346,0.298276424407959,-3.666024684906006,-3.3549017906188965,-0.022408961346440066,-0.020660047223878594,-0.022408961346440066
bar_random_1,962179,6675260,4,structural_group,Document_colon,,,,,,,,,-3.6593406200408936,-3.3610641956329346,0.298276424407959,-3.6820592880249023,-3.3500757217407227,-0.07616648895098724,-0.0368399008202631,-0.07616648895098724
bar_random_1,962179,6675260,4,structural_group,attack_tokens,,,,,,,,,-3.6593406200408936,-3.3610641956329346,0.298276424407959,-3.6593406200408936,-3.4408609867095947,0.0,0.26752630964732366,0.0
bar_random_1,962179,6675260,4,structural_group,original_document,,,,,,,,,-3.6593406200408936,-3.3610641956329346,0.298276424407959,-3.5345256328582764,-3.5136168003082275,0.418454081412432,0.5114470745654492,0.418454081412432
bar_random_1,962179,6675260,4,structural_group,Relevant,,,,,,,,,-3.6593406200408936,-3.3610641956329346,0.298276424407959,-3.6554136276245117,-3.3643746376037598,0.01316561449392596,0.011098570654372045,0.011098570654372045
bar_random_1,962179,6675260,4,structural_group,Relevant_colon,,,,,,,,,-3.6593406200408936,-3.3610641956329346,0.298276424407959,-3.6594624519348145,-3.361027956008911,-0.00040845297834959417,-0.00012149677633882254,-0.00040845297834959417
bar_random_1,962179,6675260,5,query_word,when,0,when,3,4,1,stopword,matched,stopword_matched,-3.6593406200408936,-3.3610641956329346,0.298276424407959,-3.669208526611328,-3.356189489364624,-0.0330830926045232,-0.016342915059365564,-0.0330830926045232
bar_random_1,962179,6675260,5,query_word,was,1,was,4,5,1,stopword,unmatched,stopword_unmatched,-3.6593406200408936,-3.3610641956329346,0.298276424407959,-3.661594867706299,-3.3580214977264404,-0.0075575790808129414,-0.010200933287079297,-0.010200933287079297
bar_random_1,962179,6675260,5,query_word,the,2,the,5,6,1,stopword,matched,stopword_matched,-3.6593406200408936,-3.3610641956329346,0.298276424407959,-3.657745838165283,-3.361997127532959,0.005346657479805158,0.0031277426698277143,0.0031277426698277143
bar_random_1,962179,6675260,5,query_word,salvation,3,salvation,6,7,1,content,matched,content_matched,-3.6593406200408936,-3.3610641956329346,0.298276424407959,-3.6710147857666016,-3.35552978515625,-0.03913874771993714,-0.01855463598127031,-0.03913874771993714
bar_random_1,962179,6675260,5,query_word,army,4,army,7,8,1,content,matched,content_matched,-3.6593406200408936,-3.3610641956329346,0.298276424407959,-3.6781673431396484,-3.3477745056152344,-0.06311837462891527,-0.044554946117778334,-0.06311837462891527
bar_random_1,962179,6675260,5,query_word,founded,5,founded,8,9,1,content,unmatched,content_unmatched,-3.6593406200408936,-3.3610641956329346,0.298276424407959,-3.688821792602539,-3.34393048286438,-0.0988384268725291,-0.05744239693956015,-0.0988384268725291
bar_random_1,962179,6675260,5,structural_group,Query,,,,,,,,,-3.6593406200408936,-3.3610641956329346,0.298276424407959,-3.661386489868164,-3.3589272499084473,-0.006858972616864712,-0.0071643131995056996,-0.0071643131995056996
bar_random_1,962179,6675260,5,structural_group,Query_colon,,,,,,,,,-3.6593406200408936,-3.3610641956329346,0.298276424407959,-3.6582088470458984,-3.362088680267334,0.0037943762978973066,0.0034346818942626346,0.0034346818942626346
bar_random_1,962179,6675260,5,structural_group,query_content,,,,,,,,,-3.6593406200408936,-3.3610641956329346,0.298276424407959,-3.728722333908081,-3.317040205001831,-0.2326087755842636,-0.1475946036247604,-0.2326087755842636
bar_random_1,962179,6675260,5,structural_group,Document,,,,,,,,,-3.6593406200408936,-3.3610641956329346,0.298276424407959,-3.66267991065979,-3.358020305633545,-0.011195288482904924,-0.010204929891564128,-0.011195288482904924
bar_random_1,962179,6675260,5,structural_group,Document_colon,,,,,,,,,-3.6593406200408936,-3.3610641956329346,0.298276424407959,-3.6700758934020996,-3.351154327392578,-0.035991022027685275,-0.033223773082389205,-0.035991022027685275
bar_random_1,962179,6675260,5,structural_group,attack_tokens,,,,,,,,,-3.6593406200408936,-3.3610641956329346,0.298276424407959,-3.6593406200408936,-3.440772533416748,0.0,0.26722976159454925,0.0
bar_random_1,962179,6675260,5,structural_group,original_document,,,,,,,,,-3.6593406200408936,-3.3610641956329346,0.298276424407959,-3.8447322845458984,-3.276528835296631,-0.6215431369508465,-0.28341281247452166,-0.6215431369508465
bar_random_1,962179,6675260,5,structural_group,Relevant,,,,,,,,,-3.6593406200408936,-3.3610641956329346,0.298276424407959,-3.655423164367676,-3.364107847213745,0.013133641658047323,0.010204130570667162,0.010204130570667162
bar_random_1,962179,6675260,5,structural_group,Relevant_colon,,,,,,,,,-3.6593406200408936,-3.3610641956329346,0.298276424407959,-3.656308174133301,-3.363612651824951,0.010166562488509763,0.008543941067668908,0.008543941067668908
bar_random_1,962179,6675260,6,query_word,when,0,when,3,4,1,stopword,matched,stopword_matched,-3.6593406200408936,-3.3610641956329346,0.298276424407959,-3.6733736991882324,-3.3489813804626465,-0.04704722867451813,-0.04050878373733676,-0.04704722867451813
bar_random_1,962179,6675260,6,query_word,was,1,was,4,5,1,stopword,unmatched,stopword_unmatched,-3.6593406200408936,-3.3610641956329346,0.298276424407959,-3.6682627201080322,-3.353400230407715,-0.02991218660625932,-0.02569417023297007,-0.02991218660625932
bar_random_1,962179,6675260,6,query_word,the,2,the,5,6,1,stopword,matched,stopword_matched,-3.6593406200408936,-3.3610641956329346,0.298276424407959,-3.664280891418457,-3.3559985160827637,-0.016562728306031196,-0.01698317109783528,-0.01698317109783528
bar_random_1,962179,6675260,6,query_word,salvation,3,salvation,6,7,1,content,matched,content_matched,-3.6593406200408936,-3.3610641956329346,0.298276424407959,-3.6583027839660645,-3.366501808166504,0.003479443864492727,0.018230111697102144,0.003479443864492727
bar_random_1,962179,6675260,6,query_word,army,4,army,7,8,1,content,matched,content_matched,-3.6593406200408936,-3.3610641956329346,0.298276424407959,-3.657747268676758,-3.360872745513916,0.005341861554423362,-0.000641854680263648,-0.000641854680263648
bar_random_1,962179,6675260,6,query_word,founded,5,founded,8,9,1,content,unmatched,content_unmatched,-3.6593406200408936,-3.3610641956329346,0.298276424407959,-3.6548500061035156,-3.370011568069458,0.015055209094353436,0.02999691462133771,0.015055209094353436
bar_random_1,962179,6675260,6,structural_group,Query,,,,,,,,,-3.6593406200408936,-3.3610641956329346,0.298276424407959,-3.649171829223633,-3.368316173553467,0.03409183557649421,0.024312943723012927,0.024312943723012927
bar_random_1,962179,6675260,6,structural_group,Query_colon,,,,,,,,,-3.6593406200408936,-3.3610641956329346,0.298276424407959,-3.639683961868286,-3.3761556148529053,0.06590081067125371,0.05059541413614993,0.05059541413614993
bar_random_1,962179,6675260,6,structural_group,query_content,,,,,,,,,-3.6593406200408936,-3.3610641956329346,0.298276424407959,-3.680784225463867,-3.3495984077453613,-0.0718917207940134,-0.038440141255988915,-0.0718917207940134
bar_random_1,962179,6675260,6,structural_group,Document,,,,,,,,,-3.6593406200408936,-3.3610641956329346,0.298276424407959,-3.654961109161377,-3.3607254028320312,0.01468272555636731,-0.0011358349945885975,-0.0011358349945885975
bar_random_1,962179,6675260,6,structural_group,Document_colon,,,,,,,,,-3.6593406200408936,-3.3610641956329346,0.298276424407959,-3.6726274490356445,-3.3491978645324707,-0.044545354267014746,-0.03978300036289169,-0.044545354267014746
bar_random_1,962179,6675260,6,structural_group,attack_tokens,,,,,,,,,-3.6593406200408936,-3.3610641956329346,0.298276424407959,-3.6593406200408936,-3.387981414794922,0.0,0.0902425299465574,0.0
bar_random_1,962179,6675260,6,structural_group,original_document,,,,,,,,,-3.6593406200408936,-3.3610641956329346,0.298276424407959,-3.789766311645508,-3.1967434883117676,-0.4372645000807314,-0.550900754718791,-0.550900754718791
bar_random_1,962179,6675260,6,structural_group,Relevant,,,,,,,,,-3.6593406200408936,-3.3610641956329346,0.298276424407959,-3.6592395305633545,-3.3603830337524414,0.0003389120603135576,-0.002283659802631684,-0.002283659802631684
bar_random_1,962179,6675260,6,structural_group,Relevant_colon,,,,,,,,,-3.6593406200408936,-3.3610641956329346,0.298276424407959,-3.6494197845458984,-3.37046217918396,0.033260541843649634,0.03150763111660333,0.03150763111660333
bar_random_1,962179,6675260,7,query_word,when,0,when,3,4,1,stopword,matched,stopword_matched,-3.6593406200408936,-3.3610641956329346,0.298276424407959,-3.633145332336426,-3.3817834854125977,0.08782218627054454,0.06946338390903088,0.06946338390903088
bar_random_1,962179,6675260,7,query_word,was,1,was,4,5,1,stopword,unmatched,stopword_unmatched,-3.6593406200408936,-3.3610641956329346,0.298276424407959,-3.665339708328247,-3.3612077236175537,-0.020112512409456926,0.0004811911799734945,-0.020112512409456926
bar_random_1,962179,6675260,7,query_word,the,2,the,5,6,1,stopword,matched,stopword_matched,-3.6593406200408936,-3.3610641956329346,0.298276424407959,-3.6395046710968018,-3.383570671081543,0.06650189998577209,0.07545509335268756,0.06650189998577209
bar_random_1,962179,6675260,7,query_word,salvation,3,salvation,6,7,1,content,matched,content_matched,-3.6593406200408936,-3.3610641956329346,0.298276424407959,-3.6083130836486816,-3.416027545928955,0.17107465497313482,0.1842698443402485,0.17107465497313482
bar_random_1,962179,6675260,7,query_word,army,4,army,7,8,1,content,matched,content_matched,-3.6593406200408936,-3.3610641956329346,0.298276424407959,-3.6354169845581055,-3.3846435546875,0.0802062567642531,0.07905203738903428,0.07905203738903428
bar_random_1,962179,6675260,7,query_word,founded,5,founded,8,9,1,content,unmatched,content_unmatched,-3.6593406200408936,-3.3610641956329346,0.298276424407959,-3.6503939628601074,-3.372823715209961,0.029994516658646813,0.03942490460105095,0.029994516658646813
bar_random_1,962179,6675260,7,structural_group,Query,,,,,,,,,-3.6593406200408936,-3.3610641956329346,0.298276424407959,-3.658081293106079,-3.3573594093322754,0.004222012977774083,-0.012420647417953706,-0.012420647417953706
bar_random_1,962179,6675260,7,structural_group,Query_colon,,,,,,,,,-3.6593406200408936,-3.3610641956329346,0.298276424407959,-3.665591239929199,-3.355764150619507,-0.02095579595575599,-0.017768903539552797,-0.02095579595575599
bar_random_1,962179,6675260,7,structural_group,query_content,,,,,,,,,-3.6593406200408936,-3.3610641956329346,0.298276424407959,-3.5368447303771973,-3.4976067543029785,0.41067908704764433,0.45777187701328953,0.41067908704764433
bar_random_1,962179,6675260,7,structural_group,Document,,,,,,,,,-3.6593406200408936,-3.3610641956329346,0.298276424407959,-3.645482063293457,-3.3794426918029785,0.04646212577793906,0.06161565134261931,0.04646212577793906
bar_random_1,962179,6675260,7,structural_group,Document_colon,,,,,,,,,-3.6593406200408936,-3.3610641956329346,0.298276424407959,-3.615396738052368,-3.4064815044403076,0.14732603180337986,0.15226583494662935,0.14732603180337986
bar_random_1,962179,6675260,7,structural_group,attack_tokens,,,,,,,,,-3.6593406200408936,-3.3610641956329346,0.298276424407959,-3.6593406200408936,-3.621098041534424,0.0,0.8717881288057666,0.0
bar_random_1,962179,6675260,7,structural_group,original_document,,,,,,,,,-3.6593406200408936,-3.3610641956329346,0.298276424407959,-3.5815250873565674,-3.3595659732818604,0.26088395299353667,-0.005022932516533953,-0.005022932516533953
bar_random_1,962179,6675260,7,structural_group,Relevant,,,,,,,,,-3.6593406200408936,-3.3610641956329346,0.298276424407959,-3.659196376800537,-3.362112045288086,0.0004835891426643923,0.0035130153421652965,0.0004835891426643923
bar_random_1,962179,6675260,7,structural_group,Relevant_colon,,,,,,,,,-3.6593406200408936,-3.3610641956329346,0.298276424407959,-3.6580333709716797,-3.361377477645874,0.004382676478064237,0.0010503076586132422,0.0010503076586132422
bar_random_1,962179,6675260,8,query_word,when,0,when,3,4,1,stopword,matched,stopword_matched,-3.6593406200408936,-3.3610641956329346,0.298276424407959,-3.6676793098449707,-3.3507862091064453,-0.027956248371383673,-0.03445792454730461,-0.03445792454730461
bar_random_1,962179,6675260,8,query_word,was,1,was,4,5,1,stopword,unmatched,stopword_unmatched,-3.6593406200408936,-3.3610641956329346,0.298276424407959,-3.6579999923706055,-3.361452579498291,0.004494581403639468,0.0013020937411575126,0.0013020937411575126
bar_random_1,962179,6675260,8,query_word,the,2,the,5,6,1,stopword,matched,stopword_matched,-3.6593406200408936,-3.3610641956329346,0.298276424407959,-3.6499438285827637,-3.372962236404419,0.0315036345121185,0.03988931004218816,0.0315036345121185
bar_random_1,962179,6675260,8,query_word,salvation,3,salvation,6,7,1,content,matched,content_matched,-3.6593406200408936,-3.3610641956329346,0.298276424407959,-3.6796703338623047,-3.3418102264404297,-0.06815729356338855,-0.06455075767627823,-0.06815729356338855
bar_random_1,962179,6675260,8,query_word,army,4,army,7,8,1,content,matched,content_matched,-3.6593406200408936,-3.3610641956329346,0.298276424407959,-3.628957986831665,-3.394202947616577,0.10186065918395731,0.11110080875288356,0.10186065918395731
bar_random_1,962179,6675260,8,query_word,founded,5,founded,8,9,1,content,unmatched,content_unmatched,-3.6593406200408936,-3.3610641956329346,0.298276424407959,-3.6858510971069336,-3.331890106201172,-0.08887888849633352,-0.09780890155723697,-0.09780890155723697
bar_random_1,962179,6675260,8,structural_group,Query,,,,,,,,,-3.6593406200408936,-3.3610641956329346,0.298276424407959,-3.6511523723602295,-3.36680269241333,0.027451876885398165,0.019238854669073154,0.019238854669073154
bar_random_1,962179,6675260,8,structural_group,Query_colon,,,,,,,,,-3.6593406200408936,-3.3610641956329346,0.298276424407959,-3.6651973724365234,-3.3523848056793213,-0.019635317833968262,-0.029098477933147997,-0.029098477933147997
bar_random_1,962179,6675260,8,structural_group,query_content,,,,,,,,,-3.6593406200408936,-3.3610641956329346,0.298276424407959,-3.6729674339294434,-3.3480868339538574,-0.04568518586608817,-0.04350783574275296,-0.04568518586608817
bar_random_1,962179,6675260,8,structural_group,Document,,,,,,,,,-3.6593406200408936,-3.3610641956329346,0.298276424407959,-3.6641390323638916,-3.350740432739258,-0.016087132372336464,-0.03461139415952207,-0.03461139415952207
bar_random_1,962179,6675260,8,structural_group,Document_colon,,,,,,,,,-3.6593406200408936,-3.3610641956329346,0.298276424407959,-3.672701358795166,-3.347478151321411,-0.04479314374507418,-0.045548501992707,-0.045548501992707
bar_random_1,962179,6675260,8,structural_group,attack_tokens,,,,,,,,,-3.6593406200408936,-3.3610641956329346,0.298276424407959,-3.6593406200408936,-3.44085693359375,0.0,0.2675127211920752,0.0
bar_random_1,962179,6675260,8,structural_group,original_document,,,,,,,,,-3.6593406200408936,-3.3610641956329346,0.298276424407959,-3.8334920406341553,-3.336481809616089,-0.5838591532633874,-0.08241478040256997,-0.5838591532633874
bar_random_1,962179,6675260,8,structural_group,Relevant,,,,,,,,,-3.6593406200408936,-3.3610641956329346,0.298276424407959,-3.6606671810150146,-3.3592469692230225,-0.004447421470718477,-0.006092423876674378,-0.006092423876674378
bar_random_1,962179,6675260,8,structural_group,Relevant_colon,,,,,,,,,-3.6593406200408936,-3.3610641956329346,0.298276424407959,-3.660503387451172,-3.3601226806640625,-0.0038982880145028783,-0.003156518222118488,-0.0038982880145028783
bar_random_1,962179,6675260,9,query_word,when,0,when,3,4,1,stopword,matched,stopword_matched,-3.6593406200408936,-3.3610641956329346,0.298276424407959,-3.6968488693237305,-3.3254647254943848,-0.1257499628315783,-0.11935059973046899,-0.1257499628315783
bar_random_1,962179,6675260,9,query_word,was,1,was,4,5,1,stopword,unmatched,stopword_unmatched,-3.6593406200408936,-3.3610641956329346,0.298276424407959,-3.6665706634521484,-3.352764129638672,-0.024239406200492062,-0.02782675838607519,-0.02782675838607519
bar_random_1,962179,6675260,9,query_word,the,2,the,5,6,1,stopword,matched,stopword_matched,-3.6593406200408936,-3.3610641956329346,0.298276424407959,-3.630739688873291,-3.3863394260406494,0.09588733412093085,0.084737606929153,0.084737606929153
bar_random_1,962179,6675260,9,query_word,salvation,3,salvation,6,7,1,content,matched,content_matched,-3.6593406200408936,-3.3610641956329346,0.298276424407959,-3.7138569355010986,-3.3144338130950928,-0.1827711176584374,-0.15633277967039202,-0.1827711176584374
bar_random_1,962179,6675260,9,query_word,army,4,army,7,8,1,content,matched,content_matched,-3.6593406200408936,-3.3610641956329346,0.298276424407959,-3.6512880325317383,-3.3704638481140137,0.026997063295024548,0.0315132263628821,0.026997063295024548
bar_random_1,962179,6675260,9,query_word,founded,5,founded,8,9,1,content,unmatched,content_unmatched,-3.6593406200408936,-3.3610641956329346,0.298276424407959,-3.8530149459838867,-3.1823930740356445,-0.6493115449114433,-0.5990118795071707,-0.6493115449114433
bar_random_1,962179,6675260,9,structural_group,Query,,,,,,,,,-3.6593406200408936,-3.3610641956329346,0.298276424407959,-3.6561708450317383,-3.3667783737182617,0.010626971325162143,0.01915732393758263,0.010626971325162143
bar_random_1,962179,6675260,9,structural_group,Query_colon,,,,,,,,,-3.6593406200408936,-3.3610641956329346,0.298276424407959,-3.672130584716797,-3.3470678329467773,-0.04287956951773773,-0.04692413325638538,-0.04692413325638538
bar_random_1,962179,6675260,9,structural_group,query_content,,,,,,,,,-3.6593406200408936,-3.3610641956329346,0.298276424407959,-3.9139702320098877,-3.127537965774536,-0.8536699220342397,-0.7829188321601966,-0.8536699220342397
bar_random_1,962179,6675260,9,structural_group,Document,,,,,,,,,-3.6593406200408936,-3.3610641956329346,0.298276424407959,-3.659855842590332,-3.360165596008301,-0.0017273324583433915,-0.0030126404606646193,-0.0030126404606646193
bar_random_1,962179,6675260,9,structural_group,Document_colon,,,,,,,,,-3.6593406200408936,-3.3610641956329346,0.298276424407959,-3.6605448722839355,-3.3572545051574707,-0.0040373698505749515,-0.012772348612618719,-0.012772348612618719
bar_random_1,962179,6675260,9,structural_group,attack_tokens,,,,,,,,,-3.6593406200408936,-3.3610641956329346,0.298276424407959,-3.6593406200408936,-3.313796281814575,0.0,-0.15847016374887896,-0.15847016374887896
bar_random_1,962179,6675260,9,structural_group,original_document,,,,,,,,,-3.6593406200408936,-3.3610641956329346,0.298276424407959,-3.2387855052948,-3.855933427810669,1.4099509057105084,1.6590960320112034,1.4099509057105084
bar_random_1,962179,6675260,9,structural_group,Relevant,,,,,,,,,-3.6593406200408936,-3.3610641956329346,0.298276424407959,-3.660672426223755,-3.3597469329833984,-0.004465006530451728,-0.004416247955736806,-0.004465006530451728
bar_random_1,962179,6675260,9,structural_group,Relevant_colon,,,,,,,,,-3.6593406200408936,-3.3610641956329346,0.298276424407959,-3.658555746078491,-3.3617231845855713,0.002631364392811867,0.002209322959213852,0.002209322959213852
bar_random_1,962179,6675260,10,query_word,when,0,when,3,4,1,stopword,matched,stopword_matched,-3.6593406200408936,-3.3610641956329346,0.298276424407959,-3.682216167449951,-3.3375611305236816,-0.07669244210119083,-0.07879625470200517,-0.07879625470200517
bar_random_1,962179,6675260,10,query_word,was,1,was,4,5,1,stopword,unmatched,stopword_unmatched,-3.6593406200408936,-3.3610641956329346,0.298276424407959,-3.6695332527160645,-3.3515357971191406,-0.0341717676661908,-0.0319448596472437,-0.0341717676661908
bar_random_1,962179,6675260,10,query_word,the,2,the,5,6,1,stopword,matched,stopword_matched,-3.6593406200408936,-3.3610641956329346,0.298276424407959,-3.6551101207733154,-3.3650779724121094,0.014183149995763599,0.013456567300421562,0.013456567300421562
bar_random_1,962179,6675260,10,query_word,salvation,3,salvation,6,7,1,content,matched,content_matched,-3.6593406200408936,-3.3610641956329346,0.298276424407959,-3.6482882499694824,-3.37192440032959,0.037054118820649976,0.03640986617769543,0.03640986617769543
bar_random_1,962179,6675260,10,query_word,army,4,army,7,8,1,content,matched,content_matched,-3.6593406200408936,-3.3610641956329346,0.298276424407959,-3.6651618480682373,-3.355583667755127,-0.019516219020320337,-0.01837398945855601,-0.019516219020320337
bar_random_1,962179,6675260,10,query_word,founded,5,founded,8,9,1,content,unmatched,content_unmatched,-3.6593406200408936,-3.3610641956329346,0.298276424407959,-3.7111339569091797,-3.317127227783203,-0.1736420736941894,-0.14730285149736783,-0.1736420736941894
bar_random_1,962179,6675260,10,structural_group,Query,,,,,,,,,-3.6593406200408936,-3.3610641956329346,0.298276424407959,-3.6577110290527344,-3.3636374473571777,0.005463358330762185,0.008627070440953366,0.005463358330762185
bar_random_1,962179,6675260,10,structural_group,Query_colon,,,,,,,,,-3.6593406200408936,-3.3610641956329346,0.298276424407959,-3.673093318939209,-3.354660987854004,-0.046107227299686186,-0.02146736132981419,-0.046107227299686186
bar_random_1,962179,6675260,10,structural_group,query_content,,,,,,,,,-3.6593406200408936,-3.3610641956329346,0.298276424407959,-3.733835458755493,-3.2930407524108887,-0.24975101154059512,-0.22805504443424865,-0.24975101154059512
bar_random_1,962179,6675260,10,structural_group,Document,,,,,,,,,-3.6593406200408936,-3.3610641956329346,0.298276424407959,-3.6733291149139404,-3.347339153289795,-0.0468977556667855,-0.04601450607563814,-0.0468977556667855
bar_random_1,962179,6675260,10,structural_group,Document_colon,,,,,,,,,-3.6593406200408936,-3.3610641956329346,0.298276424407959,-3.6762123107910156,-3.345529079437256,-0.05656394327379458,-0.05208295032540354,-0.05656394327379458
bar_random_1,962179,6675260,10,structural_group,attack_tokens,,,,,,,,,-3.6593406200408936,-3.3610641956329346,0.298276424407959,-3.6593406200408936,-3.366382122039795,0.0,0.017828852606825242,0.0
bar_random_1,962179,6675260,10,structural_group,original_document,,,,,,,,,-3.6593406200408936,-3.3610641956329346,0.298276424407959,-3.40431809425354,-3.6592857837677,0.8549872028724396,0.9998161561936978,0.8549872028724396
bar_random_1,962179,6675260,10,structural_group,Relevant,,,,,,,,,-3.6593406200408936,-3.3610641956329346,0.298276424407959,-3.6582605838775635,-3.362351179122925,0.003620923663255698,0.004314734201822132,0.003620923663255698
bar_random_1,962179,6675260,10,structural_group,Relevant_colon,,,,,,,,,-3.6593406200408936,-3.3610641956329346,0.298276424407959,-3.654937982559204,-3.3651576042175293,0.014760259683373007,0.013723540480008185,0.013723540480008185
bar_random_1,962179,6675260,11,query_word,when,0,when,3,4,1,stopword,matched,stopword_matched,-3.6593406200408936,-3.3610641956329346,0.298276424407959,-3.7152435779571533,-3.307896852493286,-0.18741996799519128,-0.1782485600234041,-0.18741996799519128
bar_random_1,962179,6675260,11,query_word,was,1,was,4,5,1,stopword,unmatched,stopword_unmatched,-3.6593406200408936,-3.3610641956329346,0.298276424407959,-3.690688133239746,-3.334244728088379,-0.10509551085397846,-0.08991480837880136,-0.10509551085397846
bar_random_1,962179,6675260,11,query_word,the,2,the,5,6,1,stopword,matched,stopword_matched,-3.6593406200408936,-3.3610641956329346,0.298276424407959,-3.652066707611084,-3.3668253421783447,0.024386481245533796,0.01931479015428492,0.01931479015428492
bar_random_1,962179,6675260,11,query_word,salvation,3,salvation,6,7,1,content,matched,content_matched,-3.6593406200408936,-3.3610641956329346,0.298276424407959,-3.62009859085083,-3.3969345092773438,0.1315626243943146,0.1202586282694223,0.1202586282694223
bar_random_1,962179,6675260,11,query_word,army,4,army,7,8,1,content,matched,content_matched,-3.6593406200408936,-3.3610641956329346,0.298276424407959,-3.665067672729492,-3.356443166732788,-0.01920048726601879,-0.015492437624993805,-0.01920048726601879
bar_random_1,962179,6675260,11,query_word,founded,5,founded,8,9,1,content,unmatched,content_unmatched,-3.6593406200408936,-3.3610641956329346,0.298276424407959,-3.6940159797668457,-3.3287408351898193,-0.11625243193382902,-0.10836713128526004,-0.11625243193382902
bar_random_1,962179,6675260,11,structural_group,Query,,,,,,,,,-3.6593406200408936,-3.3610641956329346,0.298276424407959,-3.572667121887207,-3.4393179416656494,0.2905811222785122,0.26235310480216006,0.26235310480216006
bar_random_1,962179,6675260,11,structural_group,Query_colon,,,,,,,,,-3.6593406200408936,-3.3610641956329346,0.298276424407959,-3.500847578048706,-3.508798599243164,0.5313629540342525,0.49529359855866456,0.49529359855866456
bar_random_1,962179,6675260,11,structural_group,query_content,,,,,,,,,-3.6593406200408936,-3.3610641956329346,0.298276424407959,-3.7397658824920654,-3.28608775138855,-0.26963331953172587,-0.2513656397524663,-0.26963331953172587
bar_random_1,962179,6675260,11,structural_group,Document,,,,,,,,,-3.6593406200408936,-3.3610641956329346,0.298276424407959,-3.6610703468322754,-3.3598833084106445,-0.005799073107487878,-0.00395903640267229,-0.005799073107487878
bar_random_1,962179,6675260,11,structural_group,Document_colon,,,,,,,,,-3.6593406200408936,-3.3610641956329346,0.298276424407959,-3.662217617034912,-3.360717296600342,-0.00964540526368797,-0.0011630119050854394,-0.00964540526368797
bar_random_1,962179,6675260,11,structural_group,attack_tokens,,,,,,,,,-3.6593406200408936,-3.3610641956329346,0.298276424407959,-3.6593406200408936,-3.3610105514526367,0.0,-0.000179847201817336,-0.000179847201817336
bar_random_1,962179,6675260,11,structural_group,original_document,,,,,,,,,-3.6593406200408936,-3.3610641956329346,0.298276424407959,-3.3667526245117188,-3.634953022003174,0.9809290027192897,0.9182382647702512,0.9182382647702512
bar_random_1,962179,6675260,11,structural_group,Relevant,,,,,,,,,-3.6593406200408936,-3.3610641956329346,0.298276424407959,-3.6598544120788574,-3.3606438636779785,-0.0017225365329615959,-0.0014092027413509483,-0.0017225365329615959
bar_random_1,962179,6675260,11,structural_group,Relevant_colon,,,,,,,,,-3.6593406200408936,-3.3610641956329346,0.298276424407959,-3.6527976989746094,-3.367323398590088,0.021935763375436228,0.020984571508046765,0.020984571508046765
bar_random_1,130510,8094068,0,query_word,definition,0,definition,3,4,1,content,unmatched,content_unmatched,-6.326528549194336,-6.076745986938477,0.24978256225585938,-6.324556350708008,-6.077767372131348,0.007895661204355595,0.004089097267826326,0.004089097267826326
bar_random_1,130510,8094068,0,query_word,declaratory,1,declaratory,4,6,2,content,matched,content_matched,-6.326528549194336,-6.076745986938477,0.24978256225585938,-6.3203582763671875,-6.080488204956055,0.02470257639853999,0.014981902594725026,0.014981902594725026
bar_random_1,130510,8094068,0,query_word,judgment,2,judgment,6,7,1,content,unmatched,content_unmatched,-6.326528549194336,-6.076745986938477,0.24978256225585938,-6.314600944519043,-6.085213661193848,0.04775195100719314,0.03390018173765635,0.03390018173765635
bar_random_1,130510,8094068,0,structural_group,Query,,,,,,,,,-6.326528549194336,-6.076745986938477,0.24978256225585938,-6.327156066894531,-6.075965881347656,-0.0025122558377495075,-0.003123138716229631,-0.003123138716229631
bar_random_1,130510,8094068,0,structural_group,Query_colon,,,,,,,,,-6.326528549194336,-6.076745986938477,0.24978256225585938,-6.325564384460449,-6.077393531799316,0.00386001618839628,0.002592434215550024,0.002592434215550024
bar_random_1,130510,8094068,0,structural_group,query_content,,,,,,,,,-6.326528549194336,-6.076745986938477,0.24978256225585938,-6.306451797485352,-6.089939117431641,0.08037691473602224,0.05281846088058767,0.05281846088058767
bar_random_1,130510,8094068,0,structural_group,Document,,,,,,,,,-6.326528549194336,-6.076745986938477,0.24978256225585938,-6.324865341186523,-6.077935218811035,0.006658623375433345,0.004761068434154462,0.004761068434154462
bar_random_1,130510,8094068,0,structural_group,Document_colon,,,,,,,,,-6.326528549194336,-6.076745986938477,0.24978256225585938,-6.328351974487305,-6.075265884399414,-0.0073000503978374745,-0.005925563921257197,-0.0073000503978374745
bar_random_1,130510,8094068,0,structural_group,attack_tokens,,,,,,,,,-6.326528549194336,-6.076745986938477,0.24978256225585938,-6.326528549194336,-6.456380844116211,0.0,1.519861329586585,0.0
bar_random_1,130510,8094068,0,structural_group,original_document,,,,,,,,,-6.326528549194336,-6.076745986938477,0.24978256225585938,-6.321514129638672,-6.081331253051758,0.020075138594053056,0.01835703049832771,0.01835703049832771
bar_random_1,130510,8094068,0,structural_group,Relevant,,,,,,,,,-6.326528549194336,-6.076745986938477,0.24978256225585938,-6.328253746032715,-6.075085639953613,-0.0069067945448158955,-0.006647169321461843,-0.0069067945448158955
bar_random_1,130510,8094068,0,structural_group,Relevant_colon,,,,,,,,,-6.326528549194336,-6.076745986938477,0.24978256225585938,-6.3273773193359375,-6.0760345458984375,-0.0033980360115456864,-0.0028482414209135753,-0.0033980360115456864
bar_random_1,130510,8094068,1,query_word,definition,0,definition,3,4,1,content,unmatched,content_unmatched,-6.326528549194336,-6.076745986938477,0.24978256225585938,-6.322531700134277,-6.078849792480469,0.01600131339818873,0.008422547687044701,0.008422547687044701
bar_random_1,130510,8094068,1,query_word,declaratory,1,declaratory,4,6,2,content,matched,content_matched,-6.326528549194336,-6.076745986938477,0.24978256225585938,-6.327972412109375,-6.076515197753906,-0.005780479237618168,-0.0009239603537011866,-0.005780479237618168
bar_random_1,130510,8094068,1,query_word,judgment,2,judgment,6,7,1,content,unmatched,content_unmatched,-6.326528549194336,-6.076745986938477,0.24978256225585938,-6.330234527587891,-6.07728385925293,-0.014836817911085997,0.002153362146642435,-0.014836817911085997
bar_random_1,130510,8094068,1,structural_group,Query,,,,,,,,,-6.326528549194336,-6.076745986938477,0.24978256225585938,-6.326915740966797,-6.076180458068848,-0.001550115304143313,-0.0022640846683669572,-0.0022640846683669572
bar_random_1,130510,8094068,1,structural_group,Query_colon,,,,,,,,,-6.326528549194336,-6.076745986938477,0.24978256225585938,-6.3275041580200195,-6.075921058654785,-0.0039058324042822888,-0.003302585561783167,-0.0039058324042822888
bar_random_1,130510,8094068,1,structural_group,query_content,,,,,,,,,-6.326528549194336,-6.076745986938477,0.24978256225585938,-6.327917098999023,-6.079326629638672,-0.005559034194169123,0.010331556682295087,-0.005559034194169123
bar_random_1,130510,8094068,1,structural_group,Document,,,,,,,,,-6.326528549194336,-6.076745986938477,0.24978256225585938,-6.324532508850098,-6.078336715698242,0.007991111654118114,0.006368454008155286,0.006368454008155286
bar_random_1,130510,8094068,1,structural_group,Document_colon,,,,,,,,,-6.326528549194336,-6.076745986938477,0.24978256225585938,-6.324509620666504,-6.078212738037109,0.008082744085890133,0.005872111669390186,0.005872111669390186
bar_random_1,130510,8094068,1,structural_group,attack_tokens,,,,,,,,,-6.326528549194336,-6.076745986938477,0.24978256225585938,-6.326528549194336,-5.675199508666992,0.0,-1.6075841109363307,-1.6075841109363307
bar_random_1,130510,8094068,1,structural_group,original_document,,,,,,,,,-6.326528549194336,-6.076745986938477,0.24978256225585938,-6.318210601806641,-6.071300506591797,0.03330075291314773,-0.021800882725759405,-0.021800882725759405
bar_random_1,130510,8094068,1,structural_group,Relevant,,,,,,,,,-6.326528549194336,-6.076745986938477,0.24978256225585938,-6.330065727233887,-6.074021339416504,-0.01416102872676736,-0.010908077398860704,-0.01416102872676736
bar_random_1,130510,8094068,1,structural_group,Relevant_colon,,,,,,,,,-6.326528549194336,-6.076745986938477,0.24978256225585938,-6.3267011642456055,-6.076395034790039,-0.0006910612562806396,-0.0014050306205042838,-0.0014050306205042838
bar_random_1,130510,8094068,2,query_word,definition,0,definition,3,4,1,content,unmatched,content_unmatched,-6.326528549194336,-6.076745986938477,0.24978256225585938,-6.323934555053711,-6.0749921798706055,0.010385008934162098,-0.007021335084530918,-0.007021335084530918
bar_random_1,130510,8094068,2,query_word,declaratory,1,declaratory,4,6,2,content,matched,content_matched,-6.326528549194336,-6.076745986938477,0.24978256225585938,-6.366634368896484,-6.047611236572266,-0.16056292857251944,-0.11664044960979857,-0.16056292857251944
bar_random_1,130510,8094068,2,query_word,judgment,2,judgment,6,7,1,content,unmatched,content_unmatched,-6.326528549194336,-6.076745986938477,0.24978256225585938,-6.3416595458984375,-6.06962776184082,-0.06057667343728523,-0.028497686281097757,-0.06057667343728523
bar_random_1,130510,8094068,2,structural_group,Query,,,,,,,,,-6.326528549194336,-6.076745986938477,0.24978256225585938,-6.3278093338012695,-6.076148986816406,-0.0051275981612425355,-0.002390079262053483,-0.0051275981612425355
bar_random_1,130510,8094068,2,structural_group,Query_colon,,,,,,,,,-6.326528549194336,-6.076745986938477,0.24978256225585938,-6.325448989868164,-6.077643394470215,0.004321996365246873,0.0035927549290612256,0.0035927549290612256
bar_random_1,130510,8094068,2,structural_group,query_content,,,,,,,,,-6.326528549194336,-6.076745986938477,0.24978256225585938,-6.380596160888672,-6.039186477661133,-0.21645871195345073,-0.15036882053788236,-0.21645871195345073
bar_random_1,130510,8094068,2,structural_group,Document,,,,,,,,,-6.326528549194336,-6.076745986938477,0.24978256225585938,-6.3277387619018555,-6.07594108581543,-0.004845064829945478,-0.0032224071839826508,-0.004845064829945478
bar_random_1,130510,8094068,2,structural_group,Document_colon,,,,,,,,,-6.326528549194336,-6.076745986938477,0.24978256225585938,-6.327943801879883,-6.075867652893066,-0.005665938697903145,-0.0035163945692512103,-0.005665938697903145
bar_random_1,130510,8094068,2,structural_group,attack_tokens,,,,,,,,,-6.326528549194336,-6.076745986938477,0.24978256225585938,-6.326528549194336,-6.076326370239258,0.0,-0.0016799279158203394,-0.0016799279158203394
bar_random_1,130510,8094068,2,structural_group,original_document,,,,,,,,,-6.326528549194336,-6.076745986938477,0.24978256225585938,-6.34816837310791,-6.078372955322266,-0.086634646222453,0.0065135386917943155,-0.086634646222453
bar_random_1,130510,8094068,2,structural_group,Relevant,,,,,,,,,-6.326528549194336,-6.076745986938477,0.24978256225585938,-6.327090263366699,-6.076015472412109,-0.0022488125964049543,-0.0029246017807235906,-0.0029246017807235906
bar_random_1,130510,8094068,2,structural_group,Relevant_colon,,,,,,,,,-6.326528549194336,-6.076745986938477,0.24978256225585938,-6.325460433959961,-6.077671051025391,0.004276180149360864,0.0037034774507857483,0.0037034774507857483
bar_random_1,130510,8094068,3,query_word,definition,0,definition,3,4,1,content,unmatched,content_unmatched,-6.326528549194336,-6.076745986938477,0.24978256225585938,-6.3198747634887695,-6.081409454345703,0.02663831151972388,0.01867010797354877,0.01867010797354877
bar_random_1,130510,8094068,3,query_word,declaratory,1,declaratory,4,6,2,content,matched,content_matched,-6.326528549194336,-6.076745986938477,0.24978256225585938,-6.316716194152832,-6.08476448059082,0.039283587104262434,0.03210189526413049,0.03210189526413049
bar_random_1,130510,8094068,3,query_word,judgment,2,judgment,6,7,1,content,unmatched,content_unmatched,-6.326528549194336,-6.076745986938477,0.24978256225585938,-6.262447357177734,-6.133903503417969,0.2565479008537088,0.22882909024267323,0.22882909024267323
bar_random_1,130510,8094068,3,structural_group,Query,,,,,,,,,-6.326528549194336,-6.076745986938477,0.24978256225585938,-6.327548980712891,-6.076190948486328,-0.0040852792498358255,-0.002222086470471449,-0.0040852792498358255
bar_random_1,130510,8094068,3,structural_group,Query_colon,,,,,,,,,-6.326528549194336,-6.076745986938477,0.24978256225585938,-6.327451705932617,-6.076192855834961,-0.0036958414148047466,-0.0022144504344904473,-0.0036958414148047466
bar_random_1,130510,8094068,3,structural_group,query_content,,,,,,,,,-6.326528549194336,-6.076745986938477,0.24978256225585938,-6.250387191772461,-6.146512985229492,0.3048305563615816,0.2793109241130744,0.2793109241130744
bar_random_1,130510,8094068,3,structural_group,Document,,,,,,,,,-6.326528549194336,-6.076745986938477,0.24978256225585938,-6.324267387390137,-6.078305244445801,0.009052520655477328,0.006242459414468761,0.006242459414468761
bar_random_1,130510,8094068,3,structural_group,Document_colon,,,,,,,,,-6.326528549194336,-6.076745986938477,0.24978256225585938,-6.327079772949219,-6.076458930969238,-0.0022068143985094456,-0.0011492234151407321,-0.0022068143985094456
bar_random_1,130510,8094068,3,structural_group,attack_tokens,,,,,,,,,-6.326528549194336,-6.076745986938477,0.24978256225585938,-6.326528549194336,-6.087800979614258,0.0,0.04425846454588494,0.0
bar_random_1,130510,8094068,3,structural_group,original_document,,,,,,,,,-6.326528549194336,-6.076745986938477,0.24978256225585938,-6.534550666809082,-5.896257400512695,-0.8328128102139617,-0.722582812810214,-0.8328128102139617
bar_random_1,130510,8094068,3,structural_group,Relevant,,,,,,,,,-6.326528549194336,-6.076745986938477,0.24978256225585938,-6.326732635498047,-6.077310562133789,-0.000817055849967165,0.0022602666503764566,-0.000817055849967165
bar_random_1,130510,8094068,3,structural_group,Relevant_colon,,,,,,,,,-6.326528549194336,-6.076745986938477,0.24978256225585938,-6.327546119689941,-6.076271057128906,-0.004073825195864323,-0.0019013729592693841,-0.004073825195864323
bar_random_1,130510,8094068,4,query_word,definition,0,definition,3,4,1,content,unmatched,content_unmatched,-6.326528549194336,-6.076745986938477,0.24978256225585938,-6.331780433654785,-6.070931434631348,-0.02102582507368775,-0.0232784556880832,-0.0232784556880832
bar_random_1,130510,8094068,4,query_word,declaratory,1,declaratory,4,6,2,content,matched,content_matched,-6.326528549194336,-6.076745986938477,0.24978256225585938,-6.339127540588379,-6.068212509155273,-0.050439835672505685,-0.0341636249790009,-0.050439835672505685
bar_random_1,130510,8094068,4,query_word,judgment,2,judgment,6,7,1,content,unmatched,content_unmatched,-6.326528549194336,-6.076745986938477,0.24978256225585938,-6.369912147521973,-6.053171157836914,-0.17368545640587058,-0.09438140472517907,-0.17368545640587058
bar_random_1,130510,8094068,4,structural_group,Query,,,,,,,,,-6.326528549194336,-6.076745986938477,0.24978256225585938,-6.324728012084961,-6.078290939331055,0.007208417966065456,0.006185189144611249,0.006185189144611249
bar_random_1,130510,8094068,4,structural_group,Query_colon,,,,,,,,,-6.326528549194336,-6.076745986938477,0.24978256225585938,-6.327114105224609,-6.076543807983398,-0.0023442630461674736,-0.0008094198139861635,-0.0023442630461674736
bar_random_1,130510,8094068,4,structural_group,query_content,,,,,,,,,-6.326528549194336,-6.076745986938477,0.24978256225585938,-6.388106346130371,-6.038990020751953,-0.24652560362864429,-0.15115533224392552,-0.24652560362864429
bar_random_1,130510,8094068,4,structural_group,Document,,,,,,,,,-6.326528549194336,-6.076745986938477,0.24978256225585938,-6.327781677246094,-6.076007843017578,-0.005016875639518014,-0.002955145924647597,-0.005016875639518014
bar_random_1,130510,8094068,4,structural_group,Document_colon,,,,,,,,,-6.326528549194336,-6.076745986938477,0.24978256225585938,-6.3272199630737305,-6.076305389404297,-0.002768063043113059,-0.0017639243116113563,-0.002768063043113059
bar_random_1,130510,8094068,4,structural_group,attack_tokens,,,,,,,,,-6.326528549194336,-6.076745986938477,0.24978256225585938,-6.326528549194336,-6.147523880004883,0.0,0.28335802318300524,0.0
bar_random_1,130510,8094068,4,structural_group,original_document,,,,,,,,,-6.326528549194336,-6.076745986938477,0.24978256225585938,-6.257115364074707,-6.091655731201172,0.27789443943859865,0.05969089326348906,0.05969089326348906
bar_random_1,130510,8094068,4,structural_group,Relevant,,,,,,,,,-6.326528549194336,-6.076745986938477,0.24978256225585938,-6.325113296508789,-6.077882766723633,0.005665938697903145,0.004551077444676919,0.004551077444676919
bar_random_1,130510,8094068,4,structural_group,Relevant_colon,,,,,,,,,-6.326528549194336,-6.076745986938477,0.24978256225585938,-6.3274383544921875,-6.076213836669922,-0.0036423891629377356,-0.0021304540386994303,-0.0036423891629377356
bar_random_1,130510,8094068,5,query_word,definition,0,definition,3,4,1,content,unmatched,content_unmatched,-6.326528549194336,-6.076745986938477,0.24978256225585938,-6.317597389221191,-6.082383155822754,0.035755738481039724,0.02256830434185006,0.02256830434185006
bar_random_1,130510,8094068,5,query_word,declaratory,1,declaratory,4,6,2,content,matched,content_matched,-6.326528549194336,-6.076745986938477,0.24978256225585938,-6.348081588745117,-6.064393997192383,-0.08628720658531742,-0.04945096901296599,-0.08628720658531742
bar_random_1,130510,8094068,5,query_word,judgment,2,judgment,6,7,1,content,unmatched,content_unmatched,-6.326528549194336,-6.076745986938477,0.24978256225585938,-6.265695571899414,-6.1262359619140625,0.2435437315780632,0.19813222559904703,0.19813222559904703
bar_random_1,130510,8094068,5,structural_group,Query,,,,,,,,,-6.326528549194336,-6.076745986938477,0.24978256225585938,-6.328131675720215,-6.075477600097656,-0.006418088242031796,-0.0050779639273660256,-0.006418088242031796
bar_random_1,130510,8094068,5,structural_group,Query_colon,,,,,,,,,-6.326528549194336,-6.076745986938477,0.24978256225585938,-6.32918643951416,-6.074541091918945,-0.010640816139525649,-0.008827257594037782,-0.010640816139525649
bar_random_1,130510,8094068,5,structural_group,query_content,,,,,,,,,-6.326528549194336,-6.076745986938477,0.24978256225585938,-6.2783660888671875,-6.119261741638184,0.19281754455626995,0.1702110600345149,0.1702110600345149
bar_random_1,130510,8094068,5,structural_group,Document,,,,,,,,,-6.326528549194336,-6.076745986938477,0.24978256225585938,-6.327814102172852,-6.0758161544799805,-0.0051466882511950396,-0.003722567540738252,-0.0051466882511950396
bar_random_1,130510,8094068,5,structural_group,Document_colon,,,,,,,,,-6.326528549194336,-6.076745986938477,0.24978256225585938,-6.32707405090332,-6.076128005981445,-0.0021839062905664413,-0.0024740756578445,-0.0024740756578445
bar_random_1,130510,8094068,5,structural_group,attack_tokens,,,,,,,,,-6.326528549194336,-6.076745986938477,0.24978256225585938,-6.326528549194336,-6.26827335357666,0.0,0.7667763710502604,0.0
bar_random_1,130510,8094068,5,structural_group,original_document,,,,,,,,,-6.326528549194336,-6.076745986938477,0.24978256225585938,-6.2388200759887695,-6.087519645690918,0.35113929656836546,0.04313214923868721,0.04313214923868721
bar_random_1,130510,8094068,5,structural_group,Relevant,,,,,,,,,-6.326528549194336,-6.076745986938477,0.24978256225585938,-6.328282356262207,-6.074831008911133,-0.007021335084530918,-0.007666580124925548,-0.007666580124925548
bar_random_1,130510,8094068,5,structural_group,Relevant_colon,,,,,,,,,-6.326528549194336,-6.076745986938477,0.24978256225585938,-6.324633598327637,-6.077929496765137,0.007586401747125032,0.004738160326211457,0.004738160326211457
bar_random_1,130510,8094068,6,query_word,definition,0,definition,3,4,1,content,unmatched,content_unmatched,-6.326528549194336,-6.076745986938477,0.24978256225585938,-6.321672439575195,-6.078763961791992,0.019441347607629927,0.008078926067899632,0.008078926067899632
bar_random_1,130510,8094068,6,query_word,declaratory,1,declaratory,4,6,2,content,matched,content_matched,-6.326528549194336,-6.076745986938477,0.24978256225585938,-6.360968589782715,-6.05258846282959,-0.13788008369095436,-0.09671421371737504,-0.13788008369095436
bar_random_1,130510,8094068,6,query_word,judgment,2,judgment,6,7,1,content,unmatched,content_unmatched,-6.326528549194336,-6.076745986938477,0.24978256225585938,-6.339488983154297,-6.068295478820801,-0.05188686449090548,-0.033831457413827336,-0.05188686449090548
bar_random_1,130510,8094068,6,structural_group,Query,,,,,,,,,-6.326528549194336,-6.076745986938477,0.24978256225585938,-6.3258771896362305,-6.077390670776367,0.0026077062875120268,0.0025809801615785215,0.0025809801615785215
bar_random_1,130510,8094068,6,structural_group,Query_colon,,,,,,,,,-6.326528549194336,-6.076745986938477,0.24978256225585938,-6.328229904174805,-6.075647354125977,-0.006811344095053376,-0.004398356725056889,-0.006811344095053376
bar_random_1,130510,8094068,6,structural_group,query_content,,,,,,,,,-6.326528549194336,-6.076745986938477,0.24978256225585938,-6.369424819946289,-6.046665191650391,-0.17173444921272468,-0.12042792345637533,-0.17173444921272468
bar_random_1,130510,8094068,6,structural_group,Document,,,,,,,,,-6.326528549194336,-6.076745986938477,0.24978256225585938,-6.339313507080078,-6.067361831665039,-0.05118434918065334,-0.03756929702652759,-0.05118434918065334
bar_random_1,130510,8094068,6,structural_group,Document_colon,,,,,,,,,-6.326528549194336,-6.076745986938477,0.24978256225585938,-6.333146095275879,-6.071819305419922,-0.026493226836084852,-0.019723880938926984,-0.026493226836084852
bar_random_1,130510,8094068,6,structural_group,attack_tokens,,,,,,,,,-6.326528549194336,-6.076745986938477,0.24978256225585938,-6.326528549194336,-6.130643844604492,0.0,0.2157791047511416,0.0
bar_random_1,130510,8094068,6,structural_group,original_document,,,,,,,,,-6.326528549194336,-6.076745986938477,0.24978256225585938,-5.983325004577637,-6.454409599304199,1.374009224331465,1.51196948640022,1.374009224331465
bar_random_1,130510,8094068,6,structural_group,Relevant,,,,,,,,,-6.326528549194336,-6.076745986938477,0.24978256225585938,-6.323624610900879,-6.079296112060547,0.011625864781074849,0.010209380106599062,0.010209380106599062
bar_random_1,130510,8094068,6,structural_group,Relevant_colon,,,,,,,,,-6.326528549194336,-6.076745986938477,0.24978256225585938,-6.327402114868164,-6.075864791870117,-0.0034973044792987063,-0.0035278486232227127,-0.0035278486232227127
bar_random_1,130510,8094068,7,query_word,definition,0,definition,3,4,1,content,unmatched,content_unmatched,-6.326528549194336,-6.076745986938477,0.24978256225585938,-6.323404312133789,-6.0791521072387695,0.012507826936880526,0.009632859390033445,0.009632859390033445
bar_random_1,130510,8094068,7,query_word,declaratory,1,declaratory,4,6,2,content,matched,content_matched,-6.326528549194336,-6.076745986938477,0.24978256225585938,-6.342123985290527,-6.065044403076172,-0.06243604819865911,-0.046847080743444465,-0.06243604819865911
bar_random_1,130510,8094068,7,query_word,judgment,2,judgment,6,7,1,content,unmatched,content_unmatched,-6.326528549194336,-6.076745986938477,0.24978256225585938,-6.390560150146484,-6.027827262878418,-0.2563493639182028,-0.19584523282273705,-0.2563493639182028
bar_random_1,130510,8094068,7,structural_group,Query,,,,,,,,,-6.326528549194336,-6.076745986938477,0.24978256225585938,-6.322819709777832,-6.079320907592773,0.014848271965057499,0.010308648574352082,0.010308648574352082
bar_random_1,130510,8094068,7,structural_group,Query_colon,,,,,,,,,-6.326528549194336,-6.076745986938477,0.24978256225585938,-6.322507858276367,-6.080018997192383,0.01609676384795125,0.013103437743398647,0.013103437743398647
bar_random_1,130510,8094068,7,structural_group,query_content,,,,,,,,,-6.326528549194336,-6.076745986938477,0.24978256225585938,-6.404352188110352,-6.0195722579956055,-0.3115655400968249,-0.22889399654851172,-0.3115655400968249
bar_random_1,130510,8094068,7,structural_group,Document,,,,,,,,,-6.326528549194336,-6.076745986938477,0.24978256225585938,-6.326197624206543,-6.0765838623046875,0.0013248522427037675,-0.0006490630583851311,-0.0006490630583851311
bar_random_1,130510,8094068,7,structural_group,Document_colon,,,,,,,,,-6.326528549194336,-6.076745986938477,0.24978256225585938,-6.327606201171875,-6.074798583984375,-0.004314360329265871,-0.007796392736602575,-0.007796392736602575
bar_random_1,130510,8094068,7,structural_group,attack_tokens,,,,,,,,,-6.326528549194336,-6.076745986938477,0.24978256225585938,-6.326528549194336,-6.11976432800293,0.0,0.1722231555155088,0.0
bar_random_1,130510,8094068,7,structural_group,original_document,,,,,,,,,-6.326528549194336,-6.076745986938477,0.24978256225585938,-5.99968147277832,-6.38507080078125,1.3085263977763864,1.2343728523648803,1.2343728523648803
bar_random_1,130510,8094068,7,structural_group,Relevant,,,,,,,,,-6.326528549194336,-6.076745986938477,0.24978256225585938,-6.327581405639648,-6.075932502746582,-0.004215091861512851,-0.0032567693458971578,-0.004215091861512851
bar_random_1,130510,8094068,7,structural_group,Relevant_colon,,,,,,,,,-6.326528549194336,-6.076745986938477,0.24978256225585938,-6.332979202270508,-6.071132659912109,-0.025825073687747217,-0.02247285389208754,-0.025825073687747217
bar_random_1,130510,8094068,8,query_word,definition,0,definition,3,4,1,content,unmatched,content_unmatched,-6.326528549194336,-6.076745986938477,0.24978256225585938,-6.272928237915039,-6.117973327636719,0.21458788313810534,0.16505291772934835,0.16505291772934835
bar_random_1,130510,8094068,8,query_word,declaratory,1,declaratory,4,6,2,content,matched,content_matched,-6.326528549194336,-6.076745986938477,0.24978256225585938,-6.2986907958984375,-6.095148086547852,0.11144794514271751,0.07367247514470288,0.07367247514470288
bar_random_1,130510,8094068,8,query_word,judgment,2,judgment,6,7,1,content,unmatched,content_unmatched,-6.326528549194336,-6.076745986938477,0.24978256225585938,-6.167820930480957,-6.226415634155273,0.6353830999251668,0.599199743429191,0.599199743429191
bar_random_1,130510,8094068,8,structural_group,Query,,,,,,,,,-6.326528549194336,-6.076745986938477,0.24978256225585938,-6.320382118225098,-6.081076622009277,0.02460712594877747,0.017337619694864,0.017337619694864
bar_random_1,130510,8094068,8,structural_group,Query_colon,,,,,,,,,-6.326528549194336,-6.076745986938477,0.24978256225585938,-6.328289031982422,-6.075324058532715,-0.007048061210464424,-0.00569266482383665,-0.007048061210464424
bar_random_1,130510,8094068,8,structural_group,query_content,,,,,,,,,-6.326528549194336,-6.076745986938477,0.24978256225585938,-6.108397483825684,-6.3073272705078125,0.87328380091327,0.9231280257792575,0.87328380091327
bar_random_1,130510,8094068,8,structural_group,Document,,,,,,,,,-6.326528549194336,-6.076745986938477,0.24978256225585938,-6.3221635818481445,-6.079629898071289,0.01747506834252203,0.011545686403274332,0.011545686403274332
bar_random_1,130510,8094068,8,structural_group,Document_colon,,,,,,,,,-6.326528549194336,-6.076745986938477,0.24978256225585938,-6.325570106506348,-6.076972961425781,0.0038371080804532752,0.0009086882817391836,0.0009086882817391836
bar_random_1,130510,8094068,8,structural_group,attack_tokens,,,,,,,,,-6.326528549194336,-6.076745986938477,0.24978256225585938,-6.326528549194336,-5.94047737121582,0.0,-0.5455489546266742,-0.5455489546266742
bar_random_1,130510,8094068,8,structural_group,original_document,,,,,,,,,-6.326528549194336,-6.076745986938477,0.24978256225585938,-6.396860122680664,-6.016477584838867,-0.2815711907634509,-0.24128346492768674,-0.2815711907634509
bar_random_1,130510,8094068,8,structural_group,Relevant,,,,,,,,,-6.326528549194336,-6.076745986938477,0.24978256225585938,-6.331067085266113,-6.073482513427734,-0.01816994761679317,-0.01306525756349364,-0.01816994761679317
bar_random_1,130510,8094068,8,structural_group,Relevant_colon,,,,,,,,,-6.326528549194336,-6.076745986938477,0.24978256225585938,-6.3257951736450195,-6.077127456665039,0.002936055834695093,0.0015272071962003084,0.0015272071962003084
bar_random_1,130510,8094068,9,query_word,definition,0,definition,3,4,1,content,unmatched,content_unmatched,-6.326528549194336,-6.076745986938477,0.24978256225585938,-6.3029937744140625,-6.0956878662109375,0.09422104796957803,0.07583347332732632,0.07583347332732632
bar_random_1,130510,8094068,9,query_word,declaratory,1,declaratory,4,6,2,content,matched,content_matched,-6.326528549194336,-6.076745986938477,0.24978256225585938,-6.326441764831543,-6.080170631408691,0.00034743963713557017,0.013710502603888269,0.00034743963713557017
bar_random_1,130510,8094068,9,query_word,judgment,2,judgment,6,7,1,content,unmatched,content_unmatched,-6.326528549194336,-6.076745986938477,0.24978256225585938,-6.237149238586426,-6.154613494873047,0.3578284640877228,0.31174116892438797,0.31174116892438797
bar_random_1,130510,8094068,9,structural_group,Query,,,,,,,,,-6.326528549194336,-6.076745986938477,0.24978256225585938,-6.316871643066406,-6.083508491516113,0.03866125017181081,0.02707356557064097,0.02707356557064097
bar_random_1,130510,8094068,9,structural_group,Query_colon,,,,,,,,,-6.326528549194336,-6.076745986938477,0.24978256225585938,-6.324463844299316,-6.077542304992676,0.00826600894943417,0.0031880450220681438,0.0031880450220681438
bar_random_1,130510,8094068,9,structural_group,query_content,,,,,,,,,-6.326528549194336,-6.076745986938477,0.24978256225585938,-6.218416213989258,-6.177827835083008,0.43282579147512945,0.40467936284915773,0.40467936284915773
bar_random_1,130510,8094068,9,structural_group,Document,,,,,,,,,-6.326528549194336,-6.076745986938477,0.24978256225585938,-6.324782371520996,-6.077986717224121,0.006990790940606912,0.004967241405641504,0.004967241405641504
bar_random_1,130510,8094068,9,structural_group,Document_colon,,,,,,,,,-6.326528549194336,-6.076745986938477,0.24978256225585938,-6.328332901000977,-6.075343132019043,-0.007223690038027459,-0.005616304464026635,-0.007223690038027459
bar_random_1,130510,8094068,9,structural_group,attack_tokens,,,,,,,,,-6.326528549194336,-6.076745986938477,0.24978256225585938,-6.326528549194336,-5.932867050170898,0.0,-0.5760167381908704,-0.5760167381908704
bar_random_1,130510,8094068,9,structural_group,original_document,,,,,,,,,-6.326528549194336,-6.076745986938477,0.24978256225585938,-6.232119560241699,-6.14293098449707,0.3779646909696239,0.2649704485407535,0.2649704485407535
bar_random_1,130510,8094068,9,structural_group,Relevant,,,,,,,,,-6.326528549194336,-6.076745986938477,0.24978256225585938,-6.327345848083496,-6.076255798339844,-0.0032720414178591607,-0.0019624612471173964,-0.0032720414178591607
bar_random_1,130510,8094068,9,structural_group,Relevant_colon,,,,,,,,,-6.326528549194336,-6.076745986938477,0.24978256225585938,-6.326118469238281,-6.076994895935059,0.0016417477359153315,0.0009965026955207014,0.0009965026955207014
bar_random_1,130510,8094068,10,query_word,definition,0,definition,3,4,1,content,unmatched,content_unmatched,-6.326528549194336,-6.076745986938477,0.24978256225585938,-6.320094108581543,-6.081197738647461,0.025760167381908703,0.0178225079796576,0.0178225079796576
bar_random_1,130510,8094068,10,query_word,declaratory,1,declaratory,4,6,2,content,matched,content_matched,-6.326528549194336,-6.076745986938477,0.24978256225585938,-6.304983139038086,-6.092988014221191,0.08625666244139342,0.06502466439621864,0.06502466439621864
bar_random_1,130510,8094068,10,query_word,judgment,2,judgment,6,7,1,content,unmatched,content_unmatched,-6.326528549194336,-6.076745986938477,0.24978256225585938,-6.2693376541137695,-6.122720718383789,0.22896272087234076,0.18405901128606117,0.18405901128606117
bar_random_1,130510,8094068,10,structural_group,Query,,,,,,,,,-6.326528549194336,-6.076745986938477,0.24978256225585938,-6.347345352172852,-6.061633110046387,-0.08333969669665084,-0.06050413109546572,-0.08333969669665084
bar_random_1,130510,8094068,10,structural_group,Query_colon,,,,,,,,,-6.326528549194336,-6.076745986938477,0.24978256225585938,-6.335028648376465,-6.070974349975586,-0.034029994349333376,-0.023106644878510666,-0.034029994349333376
bar_random_1,130510,8094068,10,structural_group,query_content,,,,,,,,,-6.326528549194336,-6.076745986938477,0.24978256225585938,-6.24796199798584,-6.14341926574707,0.31453977611142503,0.2669252737518899,0.2669252737518899
bar_random_1,130510,8094068,10,structural_group,Document,,,,,,,,,-6.326528549194336,-6.076745986938477,0.24978256225585938,-6.317514419555664,-6.083386421203613,0.03608790604621329,0.02658485926785687,0.02658485926785687
bar_random_1,130510,8094068,10,structural_group,Document_colon,,,,,,,,,-6.326528549194336,-6.076745986938477,0.24978256225585938,-6.328160285949707,-6.076148986816406,-0.00653262878174682,-0.002390079262053483,-0.00653262878174682
bar_random_1,130510,8094068,10,structural_group,attack_tokens,,,,,,,,,-6.326528549194336,-6.076745986938477,0.24978256225585938,-6.326528549194336,-6.097833633422852,0.0,0.08442401380595306,0.0
bar_random_1,130510,8094068,10,structural_group,original_document,,,,,,,,,-6.326528549194336,-6.076745986938477,0.24978256225585938,-6.346940040588379,-6.056928634643555,-0.081717039050688,-0.07933841384260602,-0.081717039050688
bar_random_1,130510,8094068,10,structural_group,Relevant,,,,,,,,,-6.326528549194336,-6.076745986938477,0.24978256225585938,-6.330455780029297,-6.074178695678711,-0.015722598084882175,-0.010278104430428077,-0.015722598084882175
bar_random_1,130510,8094068,10,structural_group,Relevant_colon,,,,,,,,,-6.326528549194336,-6.076745986938477,0.24978256225585938,-6.330002784729004,-6.074027061462402,-0.01390903953939431,-0.010885169290917698,-0.01390903953939431
bar_random_1,130510,8094068,11,query_word,definition,0,definition,3,4,1,content,unmatched,content_unmatched,-6.326528549194336,-6.076745986938477,0.24978256225585938,-6.313289642333984,-6.0876922607421875,0.05300172574413171,0.04382321049496785,0.04382321049496785
bar_random_1,130510,8094068,11,query_word,declaratory,1,declaratory,4,6,2,content,matched,content_matched,-6.326528549194336,-6.076745986938477,0.24978256225585938,-6.317302703857422,-6.087554931640625,0.03693550604010446,0.04327341590433574,0.03693550604010446
bar_random_1,130510,8094068,11,query_word,judgment,2,judgment,6,7,1,content,unmatched,content_unmatched,-6.326528549194336,-6.076745986938477,0.24978256225585938,-6.213430404663086,-6.17243766784668,0.4527863895294675,0.3830999251668474,0.3830999251668474
bar_random_1,130510,8094068,11,structural_group,Query,,,,,,,,,-6.326528549194336,-6.076745986938477,0.24978256225585938,-6.31199836730957,-6.087638854980469,0.05817132210326975,0.04360940148749981,0.04360940148749981
bar_random_1,130510,8094068,11,structural_group,Query_colon,,,,,,,,,-6.326528549194336,-6.076745986938477,0.24978256225585938,-6.308640480041504,-6.089987754821777,0.07161456344782297,0.05301317979810321,0.05301317979810321
bar_random_1,130510,8094068,11,structural_group,query_content,,,,,,,,,-6.326528549194336,-6.076745986938477,0.24978256225585938,-6.193538665771484,-6.194395065307617,0.5324226087753325,0.47100597138013717,0.47100597138013717
bar_random_1,130510,8094068,11,structural_group,Document,,,,,,,,,-6.326528549194336,-6.076745986938477,0.24978256225585938,-6.327275276184082,-6.076092720031738,-0.002989508086562104,-0.0026153423234930285,-0.002989508086562104
bar_random_1,130510,8094068,11,structural_group,Document_colon,,,,,,,,,-6.326528549194336,-6.076745986938477,0.24978256225585938,-6.316880226135254,-6.083780288696289,0.038626888009896304,0.028161700697933688,0.028161700697933688
bar_random_1,130510,8094068,11,structural_group,attack_tokens,,,,,,,,,-6.326528549194336,-6.076745986938477,0.24978256225585938,-6.326528549194336,-6.076803207397461,0.0,0.00022908107943004626,0.0
bar_random_1,130510,8094068,11,structural_group,original_document,,,,,,,,,-6.326528549194336,-6.076745986938477,0.24978256225585938,-6.340113639831543,-6.0653533935546875,-0.054387666274683485,-0.04561004291452221,-0.054387666274683485
bar_random_1,130510,8094068,11,structural_group,Relevant,,,,,,,,,-6.326528549194336,-6.076745986938477,0.24978256225585938,-6.327304840087891,-6.076263427734375,-0.003107866644267628,-0.0019319171031933903,-0.003107866644267628
bar_random_1,130510,8094068,11,structural_group,Relevant_colon,,,,,,,,,-6.326528549194336,-6.076745986938477,0.24978256225585938,-6.324709892272949,-6.0778703689575195,0.0072809603078849705,0.004501443210800409,0.004501443210800409
bar_random_1,1121402,7165342,0,query_word,what,0,what,3,4,1,stopword,unmatched,stopword_unmatched,-9.780004501342773,-9.531682968139648,0.248321533203125,-9.779972076416016,-9.531729698181152,0.0001305763795010446,0.00018818360575150546,0.0001305763795010446
bar_random_1,1121402,7165342,0,query_word,can,1,can,4,5,1,stopword,unmatched,stopword_unmatched,-9.780004501342773,-9.531682968139648,0.248321533203125,-9.78006362915039,-9.531656265258789,-0.00023810986850190488,-0.00010753348900086027,-0.00023810986850190488
bar_random_1,1121402,7165342,0,query_word,contour,2,contour,5,6,1,content,unmatched,content_unmatched,-9.780004501342773,-9.531682968139648,0.248321533203125,-9.784100532531738,-9.527783393859863,-0.01649486911638196,-0.01570372987587563,-0.01649486911638196
bar_random_1,1121402,7165342,0,query_word,plowing,3,plowing,6,8,2,content,unmatched,content_unmatched,-9.780004501342773,-9.531682968139648,0.248321533203125,-9.77972412109375,-9.53188705444336,0.0011291016345090327,0.0008218630945065749,0.0008218630945065749
bar_random_1,1121402,7165342,0,query_word,reduce,4,reduce,8,9,1,content,unmatched,content_unmatched,-9.780004501342773,-9.531682968139648,0.248321533203125,-9.77998161315918,-9.531421661376953,9.217156200073738e-05,-0.0010522919995084184,-0.0010522919995084184
bar_random_1,1121402,7165342,0,structural_group,Query,,,,,,,,,-9.780004501342773,-9.531682968139648,0.248321533203125,-9.780172348022461,-9.531515121459961,-0.0006759247880054074,-0.0006759247880054074,-0.0006759247880054074
bar_random_1,1121402,7165342,0,structural_group,Query_colon,,,,,,,,,-9.780004501342773,-9.531682968139648,0.248321533203125,-9.779879570007324,-9.531903266906738,0.0005031031092540249,0.0008871512842570972,0.0005031031092540249
bar_random_1,1121402,7165342,0,structural_group,query_content,,,,,,,,,-9.780004501342773,-9.531682968139648,0.248321533203125,-9.78384780883789,-9.527714729309082,-0.015477141452623817,-0.01598024456187784,-0.01598024456187784
bar_random_1,1121402,7165342,0,structural_group,Document,,,,,,,,,-9.780004501342773,-9.531682968139648,0.248321533203125,-9.779895782470703,-9.531778335571289,0.0004378149195035025,0.00038404817500307237,0.00038404817500307237
bar_random_1,1121402,7165342,0,structural_group,Document_colon,,,,,,,,,-9.780004501342773,-9.531682968139648,0.248321533203125,-9.779852867126465,-9.531826972961426,0.0006106365982548851,0.0005799127442546393,0.0005799127442546393
bar_random_1,1121402,7165342,0,structural_group,attack_tokens,,,,,,,,,-9.780004501342773,-9.531682968139648,0.248321533203125,-9.780004501342773,-9.45195198059082,0.0,-0.32107963622956864,-0.32107963622956864
bar_random_1,1121402,7165342,0,structural_group,original_document,,,,,,,,,-9.780004501342773,-9.531682968139648,0.248321533203125,-9.755952835083008,-9.540143966674805,0.09685694973577486,0.03407275408627258,0.03407275408627258
bar_random_1,1121402,7165342,0,structural_group,Relevant,,,,,,,,,-9.780004501342773,-9.531682968139648,0.248321533203125,-9.780220031738281,-9.531436920166016,-0.0008679488755069436,-0.0009908442915079268,-0.0009908442915079268
bar_random_1,1121402,7165342,0,structural_group,Relevant_colon,,,,,,,,,-9.780004501342773,-9.531682968139648,0.248321533203125,-9.779800415039062,-9.531895637512207,0.0008218630945065749,0.0008564274302568514,0.0008218630945065749
bar_random_1,1121402,7165342,1,query_word,what,0,what,3,4,1,stopword,unmatched,stopword_unmatched,-9.780004501342773,-9.531682968139648,0.248321533203125,-9.779786109924316,-9.531841278076172,0.0008794703207570358,0.0006375199705051001,0.0006375199705051001
bar_random_1,1121402,7165342,1,query_word,can,1,can,4,5,1,stopword,unmatched,stopword_unmatched,-9.780004501342773,-9.531682968139648,0.248321533203125,-9.77950668334961,-9.53223991394043,0.002004731473516038,0.002242841342017943,0.002004731473516038
bar_random_1,1121402,7165342,1,query_word,contour,2,contour,5,6,1,content,unmatched,content_unmatched,-9.780004501342773,-9.531682968139648,0.248321533203125,-9.77711296081543,-9.534287452697754,0.011644340666093154,0.010488355659333906,0.010488355659333906
bar_random_1,1121402,7165342,1,query_word,plowing,3,plowing,6,8,2,content,unmatched,content_unmatched,-9.780004501342773,-9.531682968139648,0.248321533203125,-9.778236389160156,-9.533538818359375,0.007120253164556962,0.007473577485559789,0.007120253164556962
bar_random_1,1121402,7165342,1,query_word,reduce,4,reduce,8,9,1,content,unmatched,content_unmatched,-9.780004501342773,-9.531682968139648,0.248321533203125,-9.780950546264648,-9.531420707702637,-0.003809757896030478,-0.001056132481258449,-0.003809757896030478
bar_random_1,1121402,7165342,1,structural_group,Query,,,,,,,,,-9.780004501342773,-9.531682968139648,0.248321533203125,-9.780435562133789,-9.531266212463379,-0.0017358977510138873,-0.0016782905247634263,-0.0017358977510138873
bar_random_1,1121402,7165342,1,structural_group,Query_colon,,,,,,,,,-9.780004501342773,-9.531682968139648,0.248321533203125,-9.780425071716309,-9.531183242797852,-0.0016936524517635492,-0.0020124124370160994,-0.0020124124370160994
bar_random_1,1121402,7165342,1,structural_group,query_content,,,,,,,,,-9.780004501342773,-9.531682968139648,0.248321533203125,-9.775581359863281,-9.53660774230957,0.017812154356642497,0.01983224775715866,0.017812154356642497
bar_random_1,1121402,7165342,1,structural_group,Document,,,,,,,,,-9.780004501342773,-9.531682968139648,0.248321533203125,-9.779743194580078,-9.531944274902344,0.0010522919995084184,0.0010522919995084184,0.0010522919995084184
bar_random_1,1121402,7165342,1,structural_group,Document_colon,,,,,,,,,-9.780004501342773,-9.531682968139648,0.248321533203125,-9.779679298400879,-9.531936645507812,0.0013096042767604768,0.0010215681455081726,0.0010215681455081726
bar_random_1,1121402,7165342,1,structural_group,attack_tokens,,,,,,,,,-9.780004501342773,-9.531682968139648,0.248321533203125,-9.780004501342773,-9.582261085510254,0.0,0.20367994961287944,0.0
bar_random_1,1121402,7165342,1,structural_group,original_document,,,,,,,,,-9.780004501342773,-9.531682968139648,0.248321533203125,-9.727888107299805,-9.604694366455078,0.209874646675679,0.29401960181885217,0.209874646675679
bar_random_1,1121402,7165342,1,structural_group,Relevant,,,,,,,,,-9.780004501342773,-9.531682968139648,0.248321533203125,-9.780353546142578,-9.531350135803223,-0.0014056163205112449,-0.0013403281307607226,-0.0014056163205112449
bar_random_1,1121402,7165342,1,structural_group,Relevant_colon,,,,,,,,,-9.780004501342773,-9.531682968139648,0.248321533203125,-9.779905319213867,-9.531776428222656,0.0003994101020031953,0.0003763672115030109,0.0003763672115030109
bar_random_1,1121402,7165342,2,query_word,what,0,what,3,4,1,stopword,unmatched,stopword_unmatched,-9.780004501342773,-9.531682968139648,0.248321533203125,-9.77985954284668,-9.531841278076172,0.0005837532260046701,0.0006375199705051001,0.0005837532260046701
bar_random_1,1121402,7165342,2,query_word,can,1,can,4,5,1,stopword,unmatched,stopword_unmatched,-9.780004501342773,-9.531682968139648,0.248321533203125,-9.779561996459961,-9.532369613647461,0.0017819835320142558,0.0027651468600221212,0.0017819835320142558
bar_random_1,1121402,7165342,2,query_word,contour,2,contour,5,6,1,content,unmatched,content_unmatched,-9.780004501342773,-9.531682968139648,0.248321533203125,-9.773895263671875,-9.538688659667969,0.024602126090696817,0.028212178935725696,0.024602126090696817
bar_random_1,1121402,7165342,2,query_word,plowing,3,plowing,6,8,2,content,unmatched,content_unmatched,-9.780004501342773,-9.531682968139648,0.248321533203125,-9.777799606323242,-9.534513473510742,0.008879193806071033,0.011398549834091188,0.008879193806071033
bar_random_1,1121402,7165342,2,query_word,reduce,4,reduce,8,9,1,content,unmatched,content_unmatched,-9.780004501342773,-9.531682968139648,0.248321533203125,-9.771146774291992,-9.540586471557617,0.035670394494285364,0.035854737618286836,0.035670394494285364
bar_random_1,1121402,7165342,2,structural_group,Query,,,,,,,,,-9.780004501342773,-9.531682968139648,0.248321533203125,-9.779868125915527,-9.531906127929688,0.0005491888902543935,0.0008986727295071893,0.0005491888902543935
bar_random_1,1121402,7165342,2,structural_group,Query_colon,,,,,,,,,-9.780004501342773,-9.531682968139648,0.248321533203125,-9.779728889465332,-9.531987190246582,0.0011098992257588792,0.0012251136782598009,0.0011098992257588792
bar_random_1,1121402,7165342,2,structural_group,query_content,,,,,,,,,-9.780004501342773,-9.531682968139648,0.248321533203125,-9.761971473693848,-9.551137924194336,0.07261966941133095,0.07834582770062677,0.07261966941133095
bar_random_1,1121402,7165342,2,structural_group,Document,,,,,,,,,-9.780004501342773,-9.531682968139648,0.248321533203125,-9.779802322387695,-9.531950950622559,0.0008141821310065135,0.0010791753717586334,0.0008141821310065135
bar_random_1,1121402,7165342,2,structural_group,Document_colon,,,,,,,,,-9.780004501342773,-9.531682968139648,0.248321533203125,-9.77995491027832,-9.53172492980957,0.00019970505100159764,0.00016898119700135185,0.00016898119700135185
bar_random_1,1121402,7165342,2,structural_group,attack_tokens,,,,,,,,,-9.780004501342773,-9.531682968139648,0.248321533203125,-9.780004501342773,-9.6898193359375,0.0,0.6368210028265946,0.0
bar_random_1,1121402,7165342,2,structural_group,original_document,,,,,,,,,-9.780004501342773,-9.531682968139648,0.248321533203125,-9.72554874420166,-9.614730834960938,0.21929534840850437,0.3344368317561755,0.21929534840850437
bar_random_1,1121402,7165342,2,structural_group,Relevant,,,,,,,,,-9.780004501342773,-9.531682968139648,0.248321533203125,-9.780218124389648,-9.531538963317871,-0.0008602679120068822,-0.0005799127442546393,-0.0008602679120068822
bar_random_1,1121402,7165342,2,structural_group,Relevant_colon,,,,,,,,,-9.780004501342773,-9.531682968139648,0.248321533203125,-9.78017807006836,-9.531485557556152,-0.0006989676785055918,-0.0007949797222563599,-0.0007949797222563599
bar_random_1,1121402,7165342,3,query_word,what,0,what,3,4,1,stopword,unmatched,stopword_unmatched,-9.780004501342773,-9.531682968139648,0.248321533203125,-9.77958869934082,-9.532002449035645,0.0016744500430133956,0.0012865613862602925,0.0012865613862602925
bar_random_1,1121402,7165342,3,query_word,can,1,can,4,5,1,stopword,unmatched,stopword_unmatched,-9.780004501342773,-9.531682968139648,0.248321533203125,-9.778739929199219,-9.53341293334961,0.00509247880054074,0.006966633894555733,0.00509247880054074
bar_random_1,1121402,7165342,3,query_word,contour,2,contour,5,6,1,content,unmatched,content_unmatched,-9.780004501342773,-9.531682968139648,0.248321533203125,-9.777556419372559,-9.534690856933594,0.009858516652328867,0.012112879439596902,0.009858516652328867
bar_random_1,1121402,7165342,3,query_word,plowing,3,plowing,6,8,2,content,unmatched,content_unmatched,-9.780004501342773,-9.531682968139648,0.248321533203125,-9.775355339050293,-9.536626815795898,0.018722348531399778,0.01990905739215927,0.018722348531399778
bar_random_1,1121402,7165342,3,query_word,reduce,4,reduce,8,9,1,content,unmatched,content_unmatched,-9.780004501342773,-9.531682968139648,0.248321533203125,-9.774721145629883,-9.538443565368652,0.02127626889517021,0.027225175125967803,0.02127626889517021
bar_random_1,1121402,7165342,3,structural_group,Query,,,,,,,,,-9.780004501342773,-9.531682968139648,0.248321533203125,-9.780084609985352,-9.531501770019531,-0.0003226004670025808,-0.0007296915325058376,-0.0007296915325058376
bar_random_1,1121402,7165342,3,structural_group,Query_colon,,,,,,,,,-9.780004501342773,-9.531682968139648,0.248321533203125,-9.779778480529785,-9.531837463378906,0.0009101941747572816,0.0006221580435049772,0.0006221580435049772
bar_random_1,1121402,7165342,3,structural_group,query_content,,,,,,,,,-9.780004501342773,-9.531682968139648,0.248321533203125,-9.765918731689453,-9.5483980178833,0.05672391544795379,0.0673121236327885,0.05672391544795379
bar_random_1,1121402,7165342,3,structural_group,Document,,,,,,,,,-9.780004501342773,-9.531682968139648,0.248321533203125,-9.77924633026123,-9.532559394836426,0.0030531829912744256,0.003529402728278235,0.0030531829912744256
bar_random_1,1121402,7165342,3,structural_group,Document_colon,,,,,,,,,-9.780004501342773,-9.531682968139648,0.248321533203125,-9.779778480529785,-9.531854629516602,0.0009101941747572816,0.0006912867150055303,0.0006912867150055303
bar_random_1,1121402,7165342,3,structural_group,attack_tokens,,,,,,,,,-9.780004501342773,-9.531682968139648,0.248321533203125,-9.780004501342773,-9.611495971679688,0.0,0.32140991766007126,0.0
bar_random_1,1121402,7165342,3,structural_group,original_document,,,,,,,,,-9.780004501342773,-9.531682968139648,0.248321533203125,-9.768247604370117,-9.56509017944336,0.04734545901437876,0.13453207570357625,0.04734545901437876
bar_random_1,1121402,7165342,3,structural_group,Relevant,,,,,,,,,-9.780004501342773,-9.531682968139648,0.248321533203125,-9.780452728271484,-9.531246185302734,-0.0018050264225144403,-0.0017589406415140715,-0.0018050264225144403
bar_random_1,1121402,7165342,3,structural_group,Relevant_colon,,,,,,,,,-9.780004501342773,-9.531682968139648,0.248321533203125,-9.780876159667969,-9.530715942382812,-0.0035102003195280817,-0.003894248494531154,-0.003894248494531154
bar_random_1,1121402,7165342,4,query_word,what,0,what,3,4,1,stopword,unmatched,stopword_unmatched,-9.780004501342773,-9.531682968139648,0.248321533203125,-9.780601501464844,-9.53121280670166,-0.0024041415755192332,-0.0018933575027651468,-0.0024041415755192332
bar_random_1,1121402,7165342,4,query_word,can,1,can,4,5,1,stopword,unmatched,stopword_unmatched,-9.780004501342773,-9.531682968139648,0.248321533203125,-9.782293319702148,-9.529104232788086,-0.009217156200073738,-0.010384662652083078,-0.010384662652083078
bar_random_1,1121402,7165342,4,query_word,contour,2,contour,5,6,1,content,unmatched,content_unmatched,-9.780004501342773,-9.531682968139648,0.248321533203125,-9.781014442443848,-9.529964447021484,-0.004067070173282537,-0.006920548113555364,-0.006920548113555364
bar_random_1,1121402,7165342,4,query_word,plowing,3,plowing,6,8,2,content,unmatched,content_unmatched,-9.780004501342773,-9.531682968139648,0.248321533203125,-9.797337532043457,-9.514892578125,-0.0698007558068084,-0.06761552169104093,-0.0698007558068084
bar_random_1,1121402,7165342,4,query_word,reduce,4,reduce,8,9,1,content,unmatched,content_unmatched,-9.780004501342773,-9.531682968139648,0.248321533203125,-9.808486938476562,-9.515579223632812,-0.1146998279464176,-0.0648503748310188,-0.1146998279464176
bar_random_1,1121402,7165342,4,structural_group,Query,,,,,,,,,-9.780004501342773,-9.531682968139648,0.248321533203125,-9.780292510986328,-9.531386375427246,-0.0011598254885092786,-0.001194389824259555,-0.001194389824259555
bar_random_1,1121402,7165342,4,structural_group,Query_colon,,,,,,,,,-9.780004501342773,-9.531682968139648,0.248321533203125,-9.780399322509766,-9.531116485595703,-0.0015899594445127198,-0.00228124615951825,-0.00228124615951825
bar_random_1,1121402,7165342,4,structural_group,query_content,,,,,,,,,-9.780004501342773,-9.531682968139648,0.248321533203125,-9.828888893127441,-9.493372917175293,-0.19685925402482488,-0.1542759923804842,-0.19685925402482488
bar_random_1,1121402,7165342,4,structural_group,Document,,,,,,,,,-9.780004501342773,-9.531682968139648,0.248321533203125,-9.779476165771484,-9.532299041748047,0.002127626889517021,0.0024809512105198476,0.002127626889517021
bar_random_1,1121402,7165342,4,structural_group,Document_colon,,,,,,,,,-9.780004501342773,-9.531682968139648,0.248321533203125,-9.779951095581055,-9.531688690185547,0.00021506697800172055,2.3042890500184345e-05,2.3042890500184345e-05
bar_random_1,1121402,7165342,4,structural_group,attack_tokens,,,,,,,,,-9.780004501342773,-9.531682968139648,0.248321533203125,-9.780004501342773,-9.437668800354004,0.0,-0.3785985313997788,-0.3785985313997788
bar_random_1,1121402,7165342,4,structural_group,original_document,,,,,,,,,-9.780004501342773,-9.531682968139648,0.248321533203125,-9.702141761779785,-9.66438102722168,0.31355613248125846,0.534379992626275,0.31355613248125846
bar_random_1,1121402,7165342,4,structural_group,Relevant,,,,,,,,,-9.780004501342773,-9.531682968139648,0.248321533203125,-9.779136657714844,-9.532665252685547,0.0034948383925279586,0.003955696202531646,0.0034948383925279586
bar_random_1,1121402,7165342,4,structural_group,Relevant_colon,,,,,,,,,-9.780004501342773,-9.531682968139648,0.248321533203125,-9.779714584350586,-9.532207489013672,0.0011675064520093401,0.002112264962516898,0.0011675064520093401
bar_random_1,1121402,7165342,5,query_word,what,0,what,3,4,1,stopword,unmatched,stopword_unmatched,-9.780004501342773,-9.531682968139648,0.248321533203125,-9.780168533325195,-9.531893730163574,-0.0006605628610052845,0.00084874646675679,-0.0006605628610052845
bar_random_1,1121402,7165342,5,query_word,can,1,can,4,5,1,stopword,unmatched,stopword_unmatched,-9.780004501342773,-9.531682968139648,0.248321533203125,-9.777219772338867,-9.534411430358887,0.011214206710089714,0.010987618286837902,0.010987618286837902
bar_random_1,1121402,7165342,5,query_word,contour,2,contour,5,6,1,content,unmatched,content_unmatched,-9.780004501342773,-9.531682968139648,0.248321533203125,-9.787603378295898,-9.524251937866211,-0.030600958584244806,-0.0299250337962394,-0.030600958584244806
bar_random_1,1121402,7165342,5,query_word,plowing,3,plowing,6,8,2,content,unmatched,content_unmatched,-9.780004501342773,-9.531682968139648,0.248321533203125,-9.767319679260254,-9.545530319213867,0.05108224775715866,0.05576379501044611,0.05108224775715866
bar_random_1,1121402,7165342,5,query_word,reduce,4,reduce,8,9,1,content,unmatched,content_unmatched,-9.780004501342773,-9.531682968139648,0.248321533203125,-9.64469051361084,-9.706794738769531,0.5449144340666093,0.7051815779771414,0.5449144340666093
bar_random_1,1121402,7165342,5,structural_group,Query,,,,,,,,,-9.780004501342773,-9.531682968139648,0.248321533203125,-9.77912425994873,-9.532500267028809,0.003544764655278358,0.0032912928597763303,0.0032912928597763303
bar_random_1,1121402,7165342,5,structural_group,Query_colon,,,,,,,,,-9.780004501342773,-9.531682968139648,0.248321533203125,-9.779938697814941,-9.53160285949707,0.00026499324075211994,-0.0003226004670025808,-0.0003226004670025808
bar_random_1,1121402,7165342,5,structural_group,query_content,,,,,,,,,-9.780004501342773,-9.531682968139648,0.248321533203125,-9.635865211486816,-9.715494155883789,0.5804542521813937,0.7402144525009217,0.5804542521813937
bar_random_1,1121402,7165342,5,structural_group,Document,,,,,,,,,-9.780004501342773,-9.531682968139648,0.248321533203125,-9.780640602111816,-9.531143188476562,-0.002561601327270493,-0.00217371267051739,-0.002561601327270493
bar_random_1,1121402,7165342,5,structural_group,Document_colon,,,,,,,,,-9.780004501342773,-9.531682968139648,0.248321533203125,-9.779670715332031,-9.531861305236816,0.0013441686125107532,0.0007181700872557453,0.0007181700872557453
bar_random_1,1121402,7165342,5,structural_group,attack_tokens,,,,,,,,,-9.780004501342773,-9.531682968139648,0.248321533203125,-9.780004501342773,-9.611696243286133,0.0,0.32221641882757773,0.0
bar_random_1,1121402,7165342,5,structural_group,original_document,,,,,,,,,-9.780004501342773,-9.531682968139648,0.248321533203125,-9.762066841125488,-9.62370491027832,0.07223562123632789,0.3705757650239646,0.07223562123632789
bar_random_1,1121402,7165342,5,structural_group,Relevant,,,,,,,,,-9.780004501342773,-9.531682968139648,0.248321533203125,-9.779212951660156,-9.532569885253906,0.003187599852525501,0.0035716480275285734,0.003187599852525501
bar_random_1,1121402,7165342,5,structural_group,Relevant_colon,,,,,,,,,-9.780004501342773,-9.531682968139648,0.248321533203125,-9.779754638671875,-9.532011032104492,0.0010062062185080497,0.001321125722010569,0.0010062062185080497
bar_random_1,1121402,7165342,6,query_word,what,0,what,3,4,1,stopword,unmatched,stopword_unmatched,-9.780004501342773,-9.531682968139648,0.248321533203125,-9.780662536621094,-9.53233814239502,-0.0026499324075211993,0.0026384109622711073,-0.0026499324075211993
bar_random_1,1121402,7165342,6,query_word,can,1,can,4,5,1,stopword,unmatched,stopword_unmatched,-9.780004501342773,-9.531682968139648,0.248321533203125,-9.789276123046875,-9.524370193481445,-0.037337163573798696,-0.02944881405923559,-0.037337163573798696
bar_random_1,1121402,7165342,6,query_word,contour,2,contour,5,6,1,content,unmatched,content_unmatched,-9.780004501342773,-9.531682968139648,0.248321533203125,-9.779288291931152,-9.532514572143555,0.002884201794273074,0.0033489000860267913,0.002884201794273074
bar_random_1,1121402,7165342,6,query_word,plowing,3,plowing,6,8,2,content,unmatched,content_unmatched,-9.780004501342773,-9.531682968139648,0.248321533203125,-9.760324478149414,-9.55313491821289,0.07925218139363402,0.0863877964851911,0.07925218139363402
bar_random_1,1121402,7165342,6,query_word,reduce,4,reduce,8,9,1,content,unmatched,content_unmatched,-9.780004501342773,-9.531682968139648,0.248321533203125,-9.745197296142578,-9.572002410888672,0.14016990291262135,0.16236788742779895,0.14016990291262135
bar_random_1,1121402,7165342,6,structural_group,Query,,,,,,,,,-9.780004501342773,-9.531682968139648,0.248321533203125,-9.777929306030273,-9.53365707397461,0.008356888288066855,0.007949797222563598,0.007949797222563598
bar_random_1,1121402,7165342,6,structural_group,Query_colon,,,,,,,,,-9.780004501342773,-9.531682968139648,0.248321533203125,-9.780274391174316,-9.531184196472168,-0.001086856335258695,-0.0020085719552660687,-0.0020085719552660687
bar_random_1,1121402,7165342,6,structural_group,query_content,,,,,,,,,-9.780004501342773,-9.531682968139648,0.248321533203125,-9.734496116638184,-9.587993621826172,0.18326394862971612,0.22676508541231413,0.18326394862971612
bar_random_1,1121402,7165342,6,structural_group,Document,,,,,,,,,-9.780004501342773,-9.531682968139648,0.248321533203125,-9.779129028320312,-9.532429695129395,0.0035255622465282044,0.0030070972102740567,0.0030070972102740567
bar_random_1,1121402,7165342,6,structural_group,Document_colon,,,,,,,,,-9.780004501342773,-9.531682968139648,0.248321533203125,-9.779881477355957,-9.53171157836914,0.0004954221457539634,0.00011521445250092171,0.00011521445250092171
bar_random_1,1121402,7165342,6,structural_group,attack_tokens,,,,,,,,,-9.780004501342773,-9.531682968139648,0.248321533203125,-9.780004501342773,-9.617281913757324,0.0,0.3447101204375077,0.0
bar_random_1,1121402,7165342,6,structural_group,original_document,,,,,,,,,-9.780004501342773,-9.531682968139648,0.248321533203125,-9.828675270080566,-9.540782928466797,-0.195998986112818,0.03664587685879317,-0.195998986112818
bar_random_1,1121402,7165342,6,structural_group,Relevant,,,,,,,,,-9.780004501342773,-9.531682968139648,0.248321533203125,-9.779817581176758,-9.531595230102539,0.0007527344230060218,-0.0003533243210028266,-0.0003533243210028266
bar_random_1,1121402,7165342,6,structural_group,Relevant_colon,,,,,,,,,-9.780004501342773,-9.531682968139648,0.248321533203125,-9.780782699584961,-9.530376434326172,-0.0031338331080250706,-0.005261459997542092,-0.005261459997542092
bar_random_1,1121402,7165342,7,query_word,what,0,what,3,4,1,stopword,unmatched,stopword_unmatched,-9.780004501342773,-9.531682968139648,0.248321533203125,-9.775705337524414,-9.535491943359375,0.017312891729138503,0.01533888410962271,0.01533888410962271
bar_random_1,1121402,7165342,7,query_word,can,1,can,4,5,1,stopword,unmatched,stopword_unmatched,-9.780004501342773,-9.531682968139648,0.248321533203125,-9.777750015258789,-9.537775993347168,0.009078898857072632,0.024536837900946296,0.009078898857072632
bar_random_1,1121402,7165342,7,query_word,contour,2,contour,5,6,1,content,unmatched,content_unmatched,-9.780004501342773,-9.531682968139648,0.248321533203125,-9.743078231811523,-9.571492195129395,0.14870345336118962,0.1603132296915325,0.14870345336118962
bar_random_1,1121402,7165342,7,query_word,plowing,3,plowing,6,8,2,content,unmatched,content_unmatched,-9.780004501342773,-9.531682968139648,0.248321533203125,-9.779991149902344,-9.532620429992676,5.376674450043014e-05,0.0037751935602802016,5.376674450043014e-05
bar_random_1,1121402,7165342,7,query_word,reduce,4,reduce,8,9,1,content,unmatched,content_unmatched,-9.780004501342773,-9.531682968139648,0.248321533203125,-9.705601692199707,-9.626132011413574,0.299622864692147,0.3803497910777928,0.299622864692147
bar_random_1,1121402,7165342,7,structural_group,Query,,,,,,,,,-9.780004501342773,-9.531682968139648,0.248321533203125,-9.781083106994629,-9.531655311584473,-0.0043435848592847486,-0.00011137397075089099,-0.0043435848592847486
bar_random_1,1121402,7165342,7,structural_group,Query_colon,,,,,,,,,-9.780004501342773,-9.531682968139648,0.248321533203125,-9.780412673950195,-9.531673431396484,-0.0016437261890131498,-3.8404817500307236e-05,-0.0016437261890131498
bar_random_1,1121402,7165342,7,structural_group,query_content,,,,,,,,,-9.780004501342773,-9.531682968139648,0.248321533203125,-9.668350219726562,-9.682279586791992,0.4496359223300971,0.6064581541108517,0.4496359223300971
bar_random_1,1121402,7165342,7,structural_group,Document,,,,,,,,,-9.780004501342773,-9.531682968139648,0.248321533203125,-9.779136657714844,-9.532718658447266,0.0034948383925279586,0.004170763180533366,0.0034948383925279586
bar_random_1,1121402,7165342,7,structural_group,Document_colon,,,,,,,,,-9.780004501342773,-9.531682968139648,0.248321533203125,-9.780145645141602,-9.531862258911133,-0.0005683912990045472,0.0007220105690057761,-0.0005683912990045472
bar_random_1,1121402,7165342,7,structural_group,attack_tokens,,,,,,,,,-9.780004501342773,-9.531682968139648,0.248321533203125,-9.780004501342773,-9.582052230834961,0.0,0.20283888410962272,0.0
bar_random_1,1121402,7165342,7,structural_group,original_document,,,,,,,,,-9.780004501342773,-9.531682968139648,0.248321533203125,-9.703149795532227,-9.667875289916992,0.30949674327147597,0.5484515177583876,0.30949674327147597
bar_random_1,1121402,7165342,7,structural_group,Relevant,,,,,,,,,-9.780004501342773,-9.531682968139648,0.248321533203125,-9.780027389526367,-9.531787872314453,-9.217156200073738e-05,0.00042245299250337964,-9.217156200073738e-05
bar_random_1,1121402,7165342,7,structural_group,Relevant_colon,,,,,,,,,-9.780004501342773,-9.531682968139648,0.248321533203125,-9.781472206115723,-9.530390739440918,-0.005910501413297284,-0.0052038527712916305,-0.005910501413297284
bar_random_1,1121402,7165342,8,query_word,what,0,what,3,4,1,stopword,unmatched,stopword_unmatched,-9.780004501342773,-9.531682968139648,0.248321533203125,-9.779706954956055,-9.532599449157715,0.001198230306009586,0.0036907029617795255,0.001198230306009586
bar_random_1,1121402,7165342,8,query_word,can,1,can,4,5,1,stopword,unmatched,stopword_unmatched,-9.780004501342773,-9.531682968139648,0.248321533203125,-9.771049499511719,-9.54494857788086,0.0360621236327885,0.05342110114292737,0.0360621236327885
bar_random_1,1121402,7165342,8,query_word,contour,2,contour,5,6,1,content,unmatched,content_unmatched,-9.780004501342773,-9.531682968139648,0.248321533203125,-9.785408020019531,-9.531878471374512,-0.021760169595674082,0.0007872987587562984,-0.021760169595674082
bar_random_1,1121402,7165342,8,query_word,plowing,3,plowing,6,8,2,content,unmatched,content_unmatched,-9.780004501342773,-9.531682968139648,0.248321533203125,-9.732840538024902,-9.582901000976562,0.18993102494776945,0.20625691286715006,0.18993102494776945
bar_random_1,1121402,7165342,8,query_word,reduce,4,reduce,8,9,1,content,unmatched,content_unmatched,-9.780004501342773,-9.531682968139648,0.248321533203125,-9.778036117553711,-9.526565551757812,0.007926754332063414,-0.020608025070664865,-0.020608025070664865
bar_random_1,1121402,7165342,8,structural_group,Query,,,,,,,,,-9.780004501342773,-9.531682968139648,0.248321533203125,-9.777402877807617,-9.534579277038574,0.010476834214083814,0.011663543074843309,0.010476834214083814
bar_random_1,1121402,7165342,8,structural_group,Query_colon,,,,,,,,,-9.780004501342773,-9.531682968139648,0.248321533203125,-9.777968406677246,-9.534265518188477,0.008199428536315596,0.0104000245790832,0.008199428536315596
bar_random_1,1121402,7165342,8,structural_group,query_content,,,,,,,,,-9.780004501342773,-9.531682968139648,0.248321533203125,-9.726243019104004,-9.592194557189941,0.216499477694482,0.24368240752119946,0.216499477694482
bar_random_1,1121402,7165342,8,structural_group,Document,,,,,,,,,-9.780004501342773,-9.531682968139648,0.248321533203125,-9.778648376464844,-9.53306770324707,0.0054611650485436895,0.005576379501044611,0.0054611650485436895
bar_random_1,1121402,7165342,8,structural_group,Document_colon,,,,,,,,,-9.780004501342773,-9.531682968139648,0.248321533203125,-9.778593063354492,-9.533287048339844,0.005683912990045471,0.006459690303551677,0.005683912990045471
bar_random_1,1121402,7165342,8,structural_group,attack_tokens,,,,,,,,,-9.780004501342773,-9.531682968139648,0.248321533203125,-9.780004501342773,-9.531277656555176,0.0,-0.0016322047437630576,-0.0016322047437630576
bar_random_1,1121402,7165342,8,structural_group,original_document,,,,,,,,,-9.780004501342773,-9.531682968139648,0.248321533203125,-9.828840255737305,-9.442873001098633,-0.1966633894555733,-0.3576410224898611,-0.3576410224898611
bar_random_1,1121402,7165342,8,structural_group,Relevant,,,,,,,,,-9.780004501342773,-9.531682968139648,0.248321533203125,-9.779226303100586,-9.532283782958984,0.0031338331080250706,0.002419503502519356,0.002419503502519356
bar_random_1,1121402,7165342,8,structural_group,Relevant_colon,,,,,,,,,-9.780004501342773,-9.531682968139648,0.248321533203125,-9.780832290649414,-9.53097915649414,-0.003333538159026668,-0.002834275531522674,-0.003333538159026668
bar_random_1,1121402,7165342,9,query_word,what,0,what,3,4,1,stopword,unmatched,stopword_unmatched,-9.780004501342773,-9.531682968139648,0.248321533203125,-9.78216552734375,-9.531105995178223,-0.00870253164556962,-0.002323491458768588,-0.00870253164556962
bar_random_1,1121402,7165342,9,query_word,can,1,can,4,5,1,stopword,unmatched,stopword_unmatched,-9.780004501342773,-9.531682968139648,0.248321533203125,-9.803333282470703,-9.506502151489258,-0.09394586456925157,-0.10140408012781123,-0.10140408012781123
bar_random_1,1121402,7165342,9,query_word,contour,2,contour,5,6,1,content,unmatched,content_unmatched,-9.780004501342773,-9.531682968139648,0.248321533203125,-9.748839378356934,-9.566983222961426,0.12550310310925403,0.14215543197738725,0.12550310310925403
bar_random_1,1121402,7165342,9,query_word,plowing,3,plowing,6,8,2,content,unmatched,content_unmatched,-9.780004501342773,-9.531682968139648,0.248321533203125,-9.750408172607422,-9.56230640411377,0.11918551063045349,0.12332170947523657,0.11918551063045349
bar_random_1,1121402,7165342,9,query_word,reduce,4,reduce,8,9,1,content,unmatched,content_unmatched,-9.780004501342773,-9.531682968139648,0.248321533203125,-9.663570404052734,-9.667841911315918,0.4688844168612511,0.5483171008971366,0.4688844168612511
bar_random_1,1121402,7165342,9,structural_group,Query,,,,,,,,,-9.780004501342773,-9.531682968139648,0.248321533203125,-9.777730941772461,-9.534828186035156,0.009155708492073245,0.012665908811601328,0.009155708492073245
bar_random_1,1121402,7165342,9,structural_group,Query_colon,,,,,,,,,-9.780004501342773,-9.531682968139648,0.248321533203125,-9.77595043182373,-9.537208557128906,0.016325887919380607,0.022251751259678015,0.016325887919380607
bar_random_1,1121402,7165342,9,structural_group,query_content,,,,,,,,,-9.780004501342773,-9.531682968139648,0.248321533203125,-9.629281997680664,-9.709732055664062,0.6069650977018557,0.717010261767236,0.6069650977018557
bar_random_1,1121402,7165342,9,structural_group,Document,,,,,,,,,-9.780004501342773,-9.531682968139648,0.248321533203125,-9.779165267944336,-9.532905578613281,0.003379623940027037,0.004923497603539388,0.003379623940027037
bar_random_1,1121402,7165342,9,structural_group,Document_colon,,,,,,,,,-9.780004501342773,-9.531682968139648,0.248321533203125,-9.778448104858398,-9.533746719360352,0.006267666216050141,0.008310802507066487,0.006267666216050141
bar_random_1,1121402,7165342,9,structural_group,attack_tokens,,,,,,,,,-9.780004501342773,-9.531682968139648,0.248321533203125,-9.780004501342773,-9.497730255126953,0.0,-0.13672883126459384,-0.13672883126459384
bar_random_1,1121402,7165342,9,structural_group,original_document,,,,,,,,,-9.780004501342773,-9.531682968139648,0.248321533203125,-9.791271209716797,-9.529074668884277,-0.04537145139486297,-0.01050371758633403,-0.04537145139486297
bar_random_1,1121402,7165342,9,structural_group,Relevant,,,,,,,,,-9.780004501342773,-9.531682968139648,0.248321533203125,-9.779006958007812,-9.532768249511719,0.0040171439105321375,0.004370468231534964,0.0040171439105321375
bar_random_1,1121402,7165342,9,structural_group,Relevant_colon,,,,,,,,,-9.780004501342773,-9.531682968139648,0.248321533203125,-9.779903411865234,-9.531668663024902,0.00040709106550325673,-5.760722625046086e-05,-5.760722625046086e-05
bar_random_1,1121402,7165342,10,query_word,what,0,what,3,4,1,stopword,unmatched,stopword_unmatched,-9.780004501342773,-9.531682968139648,0.248321533203125,-9.76909065246582,-9.548194885253906,0.04395047314735161,0.06649410102003195,0.04395047314735161
bar_random_1,1121402,7165342,10,query_word,can,1,can,4,5,1,stopword,unmatched,stopword_unmatched,-9.780004501342773,-9.531682968139648,0.248321533203125,-9.743630409240723,-9.567967414855957,0.14647981442792185,0.14611880914341896,0.14611880914341896
bar_random_1,1121402,7165342,10,query_word,contour,2,contour,5,6,1,content,unmatched,content_unmatched,-9.780004501342773,-9.531682968139648,0.248321533203125,-9.78719711303711,-9.528629302978516,-0.02896491335873172,-0.012297222563598378,-0.02896491335873172
bar_random_1,1121402,7165342,10,query_word,plowing,3,plowing,6,8,2,content,unmatched,content_unmatched,-9.780004501342773,-9.531682968139648,0.248321533203125,-9.69411563873291,-9.623981475830078,0.345877626889517,0.3716895047314735,0.345877626889517
bar_random_1,1121402,7165342,10,query_word,reduce,4,reduce,8,9,1,content,unmatched,content_unmatched,-9.780004501342773,-9.531682968139648,0.248321533203125,-9.703125,-9.613391876220703,0.3095965957969768,0.32904479537913234,0.3095965957969768
bar_random_1,1121402,7165342,10,structural_group,Query,,,,,,,,,-9.780004501342773,-9.531682968139648,0.248321533203125,-9.776512145996094,-9.536235809326172,0.01406384416861251,0.018334459874646675,0.01406384416861251
bar_random_1,1121402,7165342,10,structural_group,Query_colon,,,,,,,,,-9.780004501342773,-9.531682968139648,0.248321533203125,-9.774621963500977,-9.537673950195312,0.021675678997173407,0.024125906353693008,0.021675678997173407
bar_random_1,1121402,7165342,10,structural_group,query_content,,,,,,,,,-9.780004501342773,-9.531682968139648,0.248321533203125,-9.568843841552734,-9.750020027160645,0.8503517881283028,0.879251413297284,0.8503517881283028
bar_random_1,1121402,7165342,10,structural_group,Document,,,,,,,,,-9.780004501342773,-9.531682968139648,0.248321533203125,-9.765798568725586,-9.548178672790527,0.057207816148457664,0.06642881283028143,0.057207816148457664
bar_random_1,1121402,7165342,10,structural_group,Document_colon,,,,,,,,,-9.780004501342773,-9.531682968139648,0.248321533203125,-9.774791717529297,-9.538995742797852,0.020992073245667937,0.02944881405923559,0.020992073245667937
bar_random_1,1121402,7165342,10,structural_group,attack_tokens,,,,,,,,,-9.780004501342773,-9.531682968139648,0.248321533203125,-9.780004501342773,-9.53675365447998,0.0,0.02041984146491336,0.0
bar_random_1,1121402,7165342,10,structural_group,original_document,,,,,,,,,-9.780004501342773,-9.531682968139648,0.248321533203125,-9.862220764160156,-9.44650936126709,-0.3310879316701487,-0.342997265576994,-0.342997265576994
bar_random_1,1121402,7165342,10,structural_group,Relevant,,,,,,,,,-9.780004501342773,-9.531682968139648,0.248321533203125,-9.780922889709473,-9.53095817565918,-0.003698383925279587,-0.0029187661300233503,-0.003698383925279587
bar_random_1,1121402,7165342,10,structural_group,Relevant_colon,,,,,,,,,-9.780004501342773,-9.531682968139648,0.248321533203125,-9.778783798217773,-9.532659530639648,0.004915816640039326,0.003932653312031461,0.003932653312031461
bar_random_1,1121402,7165342,11,query_word,what,0,what,3,4,1,stopword,unmatched,stopword_unmatched,-9.780004501342773,-9.531682968139648,0.248321533203125,-9.755594253540039,-9.558219909667969,0.0983009708737864,0.10686524517635493,0.0983009708737864
bar_random_1,1121402,7165342,11,query_word,can,1,can,4,5,1,stopword,unmatched,stopword_unmatched,-9.780004501342773,-9.531682968139648,0.248321533203125,-9.757913589477539,-9.554213523864746,0.08896091925771168,0.09073138134447585,0.08896091925771168
bar_random_1,1121402,7165342,11,query_word,contour,2,contour,5,6,1,content,unmatched,content_unmatched,-9.780004501342773,-9.531682968139648,0.248321533203125,-9.734750747680664,-9.581474304199219,0.1822385400024579,0.2005115521691041,0.1822385400024579
bar_random_1,1121402,7165342,11,query_word,plowing,3,plowing,6,8,2,content,unmatched,content_unmatched,-9.780004501342773,-9.531682968139648,0.248321533203125,-9.657166481018066,-9.655202865600586,0.4946732518127074,0.49741919626397935,0.4946732518127074
bar_random_1,1121402,7165342,11,query_word,reduce,4,reduce,8,9,1,content,unmatched,content_unmatched,-9.780004501342773,-9.531682968139648,0.248321533203125,-9.800668716430664,-9.502171516418457,-0.08321555855966573,-0.11884370775470075,-0.11884370775470075
bar_random_1,1121402,7165342,11,structural_group,Query,,,,,,,,,-9.780004501342773,-9.531682968139648,0.248321533203125,-9.790557861328125,-9.520711898803711,-0.04249877104583999,-0.04418090205235345,-0.04418090205235345
bar_random_1,1121402,7165342,11,structural_group,Query_colon,,,,,,,,,-9.780004501342773,-9.531682968139648,0.248321533203125,-9.777839660644531,-9.533329010009766,0.008717893572569742,0.00662867150055303,0.00662867150055303
bar_random_1,1121402,7165342,11,structural_group,query_content,,,,,,,,,-9.780004501342773,-9.531682968139648,0.248321533203125,-9.582670211791992,-9.72348403930664,0.7946724837163573,0.7723900086026791,0.7723900086026791
bar_random_1,1121402,7165342,11,structural_group,Document,,,,,,,,,-9.780004501342773,-9.531682968139648,0.248321533203125,-9.776310920715332,-9.536256790161133,0.014874185817868993,0.01841895047314735,0.014874185817868993
bar_random_1,1121402,7165342,11,structural_group,Document_colon,,,,,,,,,-9.780004501342773,-9.531682968139648,0.248321533203125,-9.77914047241211,-9.531896591186523,0.003479476465527836,0.0008602679120068822,0.0008602679120068822
bar_random_1,1121402,7165342,11,structural_group,attack_tokens,,,,,,,,,-9.780004501342773,-9.531682968139648,0.248321533203125,-9.780004501342773,-9.531373977661133,0.0,-0.0012443160870099544,-0.0012443160870099544
bar_random_1,1121402,7165342,11,structural_group,original_document,,,,,,,,,-9.780004501342773,-9.531682968139648,0.248321533203125,-9.81721305847168,-9.507684707641602,-0.1498402359591987,-0.09664188275777313,-0.1498402359591987
bar_random_1,1121402,7165342,11,structural_group,Relevant,,,,,,,,,-9.780004501342773,-9.531682968139648,0.248321533203125,-9.77979850769043,-9.531970977783203,0.0008295440580066364,0.0011598254885092786,0.0008295440580066364
bar_random_1,1121402,7165342,11,structural_group,Relevant_colon,,,,,,,,,-9.780004501342773,-9.531682968139648,0.248321533203125,-9.780471801757812,-9.531171798706055,-0.0018818360575150546,-0.002058498218016468,-0.002058498218016468
bar_random_1,148538,4539661,0,query_word,difference,0,difference,3,4,1,content,unmatched,content_unmatched,-7.762201309204102,-7.529177665710449,0.23302364349365234,-7.762345314025879,-7.529068946838379,-0.0006179837359777035,-0.000466557257625551,-0.0006179837359777035
bar_random_1,148538,4539661,0,query_word,between,1,between,4,5,1,stopword,matched,stopword_matched,-7.762201309204102,-7.529177665710449,0.23302364349365234,-7.761329650878906,-7.530144691467285,0.00374064327605047,0.0041499040283535845,0.00374064327605047
bar_random_1,148538,4539661,0,query_word,rn,2,rn,5,8,3,content,matched,content_matched,-7.762201309204102,-7.529177665710449,0.23302364349365234,-7.7627363204956055,-7.528861999511719,-0.0022959528204204746,-0.0013546530901233102,-0.0022959528204204746
bar_random_1,148538,4539661,0,query_word,and,3,and,8,9,1,stopword,unmatched,stopword_unmatched,-7.762201309204102,-7.529177665710449,0.23302364349365234,-7.762093544006348,-7.529301643371582,0.0004624646501025198,0.0005320389779940493,0.0004624646501025198
bar_random_1,148538,4539661,0,query_word,bsn,4,bsn,9,13,4,content,matched,content_matched,-7.762201309204102,-7.529177665710449,0.23302364349365234,-7.760215759277344,-7.5315093994140625,0.008520808862950853,0.010006425393811158,0.008520808862950853
bar_random_1,148538,4539661,0,structural_group,Query,,,,,,,,,-7.762201309204102,-7.529177665710449,0.23302364349365234,-7.762347221374512,-7.529026031494141,-0.0006261689510237658,-0.0006507245961619527,-0.0006507245961619527
bar_random_1,148538,4539661,0,structural_group,Query_colon,,,,,,,,,-7.762201309204102,-7.529177665710449,0.23302364349365234,-7.762341499328613,-7.528960227966309,-0.0006016133058855789,-0.000933114515251102,-0.000933114515251102
bar_random_1,148538,4539661,0,structural_group,query_content,,,,,,,,,-7.762201309204102,-7.529177665710449,0.23302364349365234,-7.759921073913574,-7.532157897949219,0.009785424587567476,0.01278939850947234,0.009785424587567476
bar_random_1,148538,4539661,0,structural_group,Document,,,,,,,,,-7.762201309204102,-7.529177665710449,0.23302364349365234,-7.7626495361328125,-7.5286455154418945,-0.00192352553582464,-0.0022836749978513812,-0.0022836749978513812
bar_random_1,148538,4539661,0,structural_group,Document_colon,,,,,,,,,-7.762201309204102,-7.529177665710449,0.23302364349365234,-7.7622270584106445,-7.529167175292969,-0.00011050040312184102,-4.501868275334264e-05,-0.00011050040312184102
bar_random_1,148538,4539661,0,structural_group,attack_tokens,,,,,,,,,-7.762201309204102,-7.529177665710449,0.23302364349365234,-7.762201309204102,-7.511659622192383,0.0,-0.07517710759055918,-0.07517710759055918
bar_random_1,148538,4539661,0,structural_group,original_document,,,,,,,,,-7.762201309204102,-7.529177665710449,0.23302364349365234,-7.724632263183594,-7.550806045532227,0.1612241807622891,0.09281624601482343,0.09281624601482343
bar_random_1,148538,4539661,0,structural_group,Relevant,,,,,,,,,-7.762201309204102,-7.529177665710449,0.23302364349365234,-7.762068748474121,-7.529301643371582,0.0005688724457013297,0.0005320389779940493,0.0005320389779940493
bar_random_1,148538,4539661,0,structural_group,Relevant_colon,,,,,,,,,-7.762201309204102,-7.529177665710449,0.23302364349365234,-7.762323379516602,-7.529035568237305,-0.000523853762947987,-0.0006097985209316412,-0.0006097985209316412
bar_random_1,148538,4539661,1,query_word,difference,0,difference,3,4,1,content,unmatched,content_unmatched,-7.762201309204102,-7.529177665710449,0.23302364349365234,-7.760046005249023,-7.531656265258789,0.009249293002050397,0.010636686952357956,0.009249293002050397
bar_random_1,148538,4539661,1,query_word,between,1,between,4,5,1,stopword,matched,stopword_matched,-7.762201309204102,-7.529177665710449,0.23302364349365234,-7.761735916137695,-7.529607772827148,0.0019971924712392005,0.001845765992887048,0.001845765992887048
bar_random_1,148538,4539661,1,query_word,rn,2,rn,5,8,3,content,matched,content_matched,-7.762201309204102,-7.529177665710449,0.23302364349365234,-7.7653303146362305,-7.52646541595459,-0.013427845283065199,-0.011639375795500588,-0.013427845283065199
bar_random_1,148538,4539661,1,query_word,and,3,and,8,9,1,stopword,unmatched,stopword_unmatched,-7.762201309204102,-7.529177665710449,0.23302364349365234,-7.762845993041992,-7.5285491943359375,-0.0027666026855690568,-0.002697028357677527,-0.0027666026855690568
bar_random_1,148538,4539661,1,query_word,bsn,4,bsn,9,13,4,content,matched,content_matched,-7.762201309204102,-7.529177665710449,0.23302364349365234,-7.761177062988281,-7.530285835266113,0.004395460479735454,0.004755609941762195,0.004395460479735454
bar_random_1,148538,4539661,1,structural_group,Query,,,,,,,,,-7.762201309204102,-7.529177665710449,0.23302364349365234,-7.762262344360352,-7.529059410095215,-0.0002619268814739935,-0.0005074833328558624,-0.0005074833328558624
bar_random_1,148538,4539661,1,structural_group,Query_colon,,,,,,,,,-7.762201309204102,-7.529177665710449,0.23302364349365234,-7.762480735778809,-7.528974533081055,-0.0011991340042481265,-0.0008717254024056347,-0.0011991340042481265
bar_random_1,148538,4539661,1,structural_group,query_content,,,,,,,,,-7.762201309204102,-7.529177665710449,0.23302364349365234,-7.762563705444336,-7.52995491027832,-0.0015551908587518365,0.003335475131270386,-0.0015551908587518365
bar_random_1,148538,4539661,1,structural_group,Document,,,,,,,,,-7.762201309204102,-7.529177665710449,0.23302364349365234,-7.761905670166016,-7.529497146606445,0.0012687083321396562,0.0013710235202154348,0.0012687083321396562
bar_random_1,148538,4539661,1,structural_group,Document_colon,,,,,,,,,-7.762201309204102,-7.529177665710449,0.23302364349365234,-7.762396812438965,-7.529008865356445,-0.0008389845422213855,-0.0007243915315765134,-0.0008389845422213855
bar_random_1,148538,4539661,1,structural_group,attack_tokens,,,,,,,,,-7.762201309204102,-7.529177665710449,0.23302364349365234,-7.762201309204102,-7.479024887084961,0.0,-0.2152261370286851,-0.2152261370286851
bar_random_1,148538,4539661,1,structural_group,original_document,,,,,,,,,-7.762201309204102,-7.529177665710449,0.23302364349365234,-7.7344865798950195,-7.557599067687988,0.11893526722680822,0.12196788940137429,0.11893526722680822
bar_random_1,148538,4539661,1,structural_group,Relevant,,,,,,,,,-7.762201309204102,-7.529177665710449,0.23302364349365234,-7.761719703674316,-7.529645919799805,0.00206676679913073,0.0020094702938082943,0.0020094702938082943
bar_random_1,148538,4539661,1,structural_group,Relevant_colon,,,,,,,,,-7.762201309204102,-7.529177665710449,0.23302364349365234,-7.762557029724121,-7.528778076171875,-0.0015265426060906185,-0.0017148025521500515,-0.0017148025521500515
bar_random_1,148538,4539661,2,query_word,difference,0,difference,3,4,1,content,unmatched,content_unmatched,-7.762201309204102,-7.529177665710449,0.23302364349365234,-7.763357162475586,-7.527946472167969,-0.004960240317913752,-0.005283556312233213,-0.005283556312233213
bar_random_1,148538,4539661,2,query_word,between,1,between,4,5,1,stopword,matched,stopword_matched,-7.762201309204102,-7.529177665710449,0.23302364349365234,-7.763184547424316,-7.5281829833984375,-0.004219478356245115,-0.004268589646521488,-0.004268589646521488
bar_random_1,148538,4539661,2,query_word,rn,2,rn,5,8,3,content,matched,content_matched,-7.762201309204102,-7.529177665710449,0.23302364349365234,-7.750472068786621,-7.541585922241211,0.0503349799257601,0.05324891648215828,0.0503349799257601
bar_random_1,148538,4539661,2,query_word,and,3,and,8,9,1,stopword,unmatched,stopword_unmatched,-7.762201309204102,-7.529177665710449,0.23302364349365234,-7.762904167175293,-7.528709411621094,-0.0030162517444739566,-0.0020094702938082943,-0.0030162517444739566
bar_random_1,148538,4539661,2,query_word,bsn,4,bsn,9,13,4,content,matched,content_matched,-7.762201309204102,-7.529177665710449,0.23302364349365234,-7.75547981262207,-7.537233352661133,0.028844697822323538,0.034570255747044115,0.028844697822323538
bar_random_1,148538,4539661,2,structural_group,Query,,,,,,,,,-7.762201309204102,-7.529177665710449,0.23302364349365234,-7.763195037841797,-7.52810001373291,-0.004264497038998457,-0.004624646501025198,-0.004624646501025198
bar_random_1,148538,4539661,2,structural_group,Query_colon,,,,,,,,,-7.762201309204102,-7.529177665710449,0.23302364349365234,-7.762112617492676,-7.529216766357422,0.0003806124996418968,0.0001677969084442771,0.0001677969084442771
bar_random_1,148538,4539661,2,structural_group,query_content,,,,,,,,,-7.762201309204102,-7.529177665710449,0.23302364349365234,-7.746679306030273,-7.546901702880859,0.06661128004485498,0.0760611108155339,0.06661128004485498
bar_random_1,148538,4539661,2,structural_group,Document,,,,,,,,,-7.762201309204102,-7.529177665710449,0.23302364349365234,-7.762093544006348,-7.529189109802246,0.0004624646501025198,4.9111290276373784e-05,4.9111290276373784e-05
bar_random_1,148538,4539661,2,structural_group,Document_colon,,,,,,,,,-7.762201309204102,-7.529177665710449,0.23302364349365234,-7.761774063110352,-7.529541969299316,0.0018334881703179547,0.0015633760737978988,0.0015633760737978988
bar_random_1,148538,4539661,2,structural_group,attack_tokens,,,,,,,,,-7.762201309204102,-7.529177665710449,0.23302364349365234,-7.762201309204102,-7.57408332824707,0.0,0.19270861043696771,0.0
bar_random_1,148538,4539661,2,structural_group,original_document,,,,,,,,,-7.762201309204102,-7.529177665710449,0.23302364349365234,-7.772860527038574,-7.531244277954102,-0.04574307428491915,0.008868680502408499,-0.04574307428491915
bar_random_1,148538,4539661,2,structural_group,Relevant,,,,,,,,,-7.762201309204102,-7.529177665710449,0.23302364349365234,-7.7621612548828125,-7.529197692871094,0.00017188951596730826,8.594475798365413e-05,8.594475798365413e-05
bar_random_1,148538,4539661,2,structural_group,Relevant_colon,,,,,,,,,-7.762201309204102,-7.529177665710449,0.23302364349365234,-7.762001037597656,-7.529297828674316,0.0008594475798365412,0.0005156685479019247,0.0005156685479019247
bar_random_1,148538,4539661,3,query_word,difference,0,difference,3,4,1,content,unmatched,content_unmatched,-7.762201309204102,-7.529177665710449,0.23302364349365234,-7.76097297668457,-7.530526161193848,0.00527127848966412,0.005786947037566045,0.00527127848966412
bar_random_1,148538,4539661,3,query_word,between,1,between,4,5,1,stopword,matched,stopword_matched,-7.762201309204102,-7.529177665710449,0.23302364349365234,-7.761256217956543,-7.53018856048584,0.004055774055323869,0.004338163974413018,0.004055774055323869
bar_random_1,148538,4539661,3,query_word,rn,2,rn,5,8,3,content,matched,content_matched,-7.762201309204102,-7.529177665710449,0.23302364349365234,-7.751436233520508,-7.540279388427734,0.04619735371997561,0.0476420441756056,0.04619735371997561
bar_random_1,148538,4539661,3,query_word,and,3,and,8,9,1,stopword,unmatched,stopword_unmatched,-7.762201309204102,-7.529177665710449,0.23302364349365234,-7.760388374328613,-7.530937194824219,0.007780046901282214,0.00755086087999247,0.00755086087999247
bar_random_1,148538,4539661,3,query_word,bsn,4,bsn,9,13,4,content,matched,content_matched,-7.762201309204102,-7.529177665710449,0.23302364349365234,-7.7605438232421875,-7.530634880065918,0.007112951875028137,0.006253504295191595,0.006253504295191595
bar_random_1,148538,4539661,3,structural_group,Query,,,,,,,,,-7.762201309204102,-7.529177665710449,0.23302364349365234,-7.763399124145508,-7.527885437011719,-0.005140315048927123,-0.005545483193707207,-0.005545483193707207
bar_random_1,148538,4539661,3,structural_group,Query_colon,,,,,,,,,-7.762201309204102,-7.529177665710449,0.23302364349365234,-7.763421058654785,-7.527875900268555,-0.005234445021956839,-0.005586409268937518,-0.005586409268937518
bar_random_1,148538,4539661,3,structural_group,query_content,,,,,,,,,-7.762201309204102,-7.529177665710449,0.23302364349365234,-7.7458343505859375,-7.545842170715332,0.07023733031026058,0.0715142238574463,0.07023733031026058
bar_random_1,148538,4539661,3,structural_group,Document,,,,,,,,,-7.762201309204102,-7.529177665710449,0.23302364349365234,-7.762511253356934,-7.5289306640625,-0.0013300974449851233,-0.0010599853484650676,-0.0013300974449851233
bar_random_1,148538,4539661,3,structural_group,Document_colon,,,,,,,,,-7.762201309204102,-7.529177665710449,0.23302364349365234,-7.763073921203613,-7.52825927734375,-0.003744735883573501,-0.003941181044678996,-0.003941181044678996
bar_random_1,148538,4539661,3,structural_group,attack_tokens,,,,,,,,,-7.762201309204102,-7.529177665710449,0.23302364349365234,-7.762201309204102,-7.484567642211914,0.0,-0.19143990210482806,-0.19143990210482806
bar_random_1,148538,4539661,3,structural_group,original_document,,,,,,,,,-7.762201309204102,-7.529177665710449,0.23302364349365234,-7.723427772521973,-7.559534072875977,0.16639314406387742,0.1302717900656045,0.1302717900656045
bar_random_1,148538,4539661,3,structural_group,Relevant,,,,,,,,,-7.762201309204102,-7.529177665710449,0.23302364349365234,-7.761896133422852,-7.529488563537598,0.0013096344073699677,0.0013341900525081546,0.0013096344073699677
bar_random_1,148538,4539661,3,structural_group,Relevant_colon,,,,,,,,,-7.762201309204102,-7.529177665710449,0.23302364349365234,-7.762123107910156,-7.529269218444824,0.0003355938168885542,0.00039289032221099027,0.0003355938168885542
bar_random_1,148538,4539661,4,query_word,difference,0,difference,3,4,1,content,unmatched,content_unmatched,-7.762201309204102,-7.529177665710449,0.23302364349365234,-7.761087417602539,-7.530444145202637,0.004780165586900382,0.005434982790585366,0.004780165586900382
bar_random_1,148538,4539661,4,query_word,between,1,between,4,5,1,stopword,matched,stopword_matched,-7.762201309204102,-7.529177665710449,0.23302364349365234,-7.760309219360352,-7.531277656555176,0.008119733325693799,0.00901192176571459,0.008119733325693799
bar_random_1,148538,4539661,4,query_word,rn,2,rn,5,8,3,content,matched,content_matched,-7.762201309204102,-7.529177665710449,0.23302364349365234,-7.770462989807129,-7.5208282470703125,-0.03545425897201884,-0.035830778864137706,-0.035830778864137706
bar_random_1,148538,4539661,4,query_word,and,3,and,8,9,1,stopword,unmatched,stopword_unmatched,-7.762201309204102,-7.529177665710449,0.23302364349365234,-7.762332916259766,-7.529129981994629,-0.0005647798381782985,-0.00020463037615155744,-0.0005647798381782985
bar_random_1,148538,4539661,4,query_word,bsn,4,bsn,9,13,4,content,matched,content_matched,-7.762201309204102,-7.529177665710449,0.23302364349365234,-7.77956485748291,-7.510607719421387,-0.07451410517182813,-0.07969125368846253,-0.07969125368846253
bar_random_1,148538,4539661,4,structural_group,Query,,,,,,,,,-7.762201309204102,-7.529177665710449,0.23302364349365234,-7.762285232543945,-7.52911376953125,-0.0003601494620267411,-0.00027420470404308697,-0.0003601494620267411
bar_random_1,148538,4539661,4,structural_group,Query_colon,,,,,,,,,-7.762201309204102,-7.529177665710449,0.23302364349365234,-7.761999130249023,-7.529399871826172,0.0008676327948826035,0.0009535775528662577,0.0008676327948826035
bar_random_1,148538,4539661,4,structural_group,query_content,,,,,,,,,-7.762201309204102,-7.529177665710449,0.23302364349365234,-7.784761428833008,-7.505764961242676,-0.09681472356482486,-0.1004735146904147,-0.1004735146904147
bar_random_1,148538,4539661,4,structural_group,Document,,,,,,,,,-7.762201309204102,-7.529177665710449,0.23302364349365234,-7.761905670166016,-7.529560089111328,0.0012687083321396562,0.0016411356167354907,0.0012687083321396562
bar_random_1,148538,4539661,4,structural_group,Document_colon,,,,,,,,,-7.762201309204102,-7.529177665710449,0.23302364349365234,-7.762571334838867,-7.52879524230957,-0.0015879317189360857,-0.0016411356167354907,-0.0016411356167354907
bar_random_1,148538,4539661,4,structural_group,attack_tokens,,,,,,,,,-7.762201309204102,-7.529177665710449,0.23302364349365234,-7.762201309204102,-7.520473480224609,0.0,-0.0373532288627053,-0.0373532288627053
bar_random_1,148538,4539661,4,structural_group,original_document,,,,,,,,,-7.762201309204102,-7.529177665710449,0.23302364349365234,-7.69087028503418,-7.610649108886719,0.30611067229263783,0.34962736808502803,0.30611067229263783
bar_random_1,148538,4539661,4,structural_group,Relevant,,,,,,,,,-7.762201309204102,-7.529177665710449,0.23302364349365234,-7.762521743774414,-7.528870582580566,-0.001375116127738466,-0.00131781962241603,-0.001375116127738466
bar_random_1,148538,4539661,4,structural_group,Relevant_colon,,,,,,,,,-7.762201309204102,-7.529177665710449,0.23302364349365234,-7.762250900268555,-7.529054641723633,-0.00021281559119761974,-0.0005279463704710182,-0.0005279463704710182
bar_random_1,148538,4539661,5,query_word,difference,0,difference,3,4,1,content,unmatched,content_unmatched,-7.762201309204102,-7.529177665710449,0.23302364349365234,-7.761151313781738,-7.530181884765625,0.004505960882857295,0.0043095157217518,0.0043095157217518
bar_random_1,148538,4539661,5,query_word,between,1,between,4,5,1,stopword,matched,stopword_matched,-7.762201309204102,-7.529177665710449,0.23302364349365234,-7.763672828674316,-7.527788162231445,-0.006314893408037063,-0.005962929161056384,-0.006314893408037063
bar_random_1,148538,4539661,5,query_word,rn,2,rn,5,8,3,content,matched,content_matched,-7.762201309204102,-7.529177665710449,0.23302364349365234,-7.77020263671875,-7.520805358886719,-0.03433697711823134,-0.03592900144469045,-0.03592900144469045
bar_random_1,148538,4539661,5,query_word,and,3,and,8,9,1,stopword,unmatched,stopword_unmatched,-7.762201309204102,-7.529177665710449,0.23302364349365234,-7.762170791625977,-7.529278755187988,0.00013096344073699676,0.0004338163974413018,0.00013096344073699676
bar_random_1,148538,4539661,5,query_word,bsn,4,bsn,9,13,4,content,matched,content_matched,-7.762201309204102,-7.529177665710449,0.23302364349365234,-7.763525009155273,-7.52714729309082,-0.0056805392419672345,-0.008713161416533315,-0.008713161416533315
bar_random_1,148538,4539661,5,structural_group,Query,,,,,,,,,-7.762201309204102,-7.529177665710449,0.23302364349365234,-7.763193130493164,-7.528059005737305,-0.004256311823952395,-0.004800628624515538,-0.004800628624515538
bar_random_1,148538,4539661,5,structural_group,Query_colon,,,,,,,,,-7.762201309204102,-7.529177665710449,0.23302364349365234,-7.762117385864258,-7.5291290283203125,0.0003601494620267411,-0.0002087229836745886,-0.0002087229836745886
bar_random_1,148538,4539661,5,structural_group,query_content,,,,,,,,,-7.762201309204102,-7.529177665710449,0.23302364349365234,-7.772380828857422,-7.518954277038574,-0.043684492700834486,-0.043872752646893914,-0.043872752646893914
bar_random_1,148538,4539661,5,structural_group,Document,,,,,,,,,-7.762201309204102,-7.529177665710449,0.23302364349365234,-7.762294769287109,-7.528989791870117,-0.00040107553725705257,-0.0008062436820371363,-0.0008062436820371363
bar_random_1,148538,4539661,5,structural_group,Document_colon,,,,,,,,,-7.762201309204102,-7.529177665710449,0.23302364349365234,-7.762899398803711,-7.528253555297852,-0.0029957887068588008,-0.0039657366898171835,-0.0039657366898171835
bar_random_1,148538,4539661,5,structural_group,attack_tokens,,,,,,,,,-7.762201309204102,-7.529177665710449,0.23302364349365234,-7.762201309204102,-7.524731636047363,0.0,-0.019079736272371216,-0.019079736272371216
bar_random_1,148538,4539661,5,structural_group,original_document,,,,,,,,,-7.762201309204102,-7.529177665710449,0.23302364349365234,-7.662225723266602,-7.641064643859863,0.4290362318544014,0.48015289981706044,0.4290362318544014
bar_random_1,148538,4539661,5,structural_group,Relevant,,,,,,,,,-7.762201309204102,-7.529177665710449,0.23302364349365234,-7.763106346130371,-7.528232574462891,-0.00388388453935656,-0.004055774055323869,-0.004055774055323869
bar_random_1,148538,4539661,5,structural_group,Relevant_colon,,,,,,,,,-7.762201309204102,-7.529177665710449,0.23302364349365234,-7.761981010437012,-7.529358863830566,0.0009453923378201954,0.0007775954293759182,0.0007775954293759182
bar_random_1,148538,4539661,6,query_word,difference,0,difference,3,4,1,content,unmatched,content_unmatched,-7.762201309204102,-7.529177665710449,0.23302364349365234,-7.76085090637207,-7.530579566955566,0.005795132252612107,0.006016133058855789,0.005795132252612107
bar_random_1,148538,4539661,6,query_word,between,1,between,4,5,1,stopword,matched,stopword_matched,-7.762201309204102,-7.529177665710449,0.23302364349365234,-7.762849807739258,-7.528541564941406,-0.0027829731156611814,-0.0027297692178617763,-0.0027829731156611814
bar_random_1,148538,4539661,6,query_word,rn,2,rn,5,8,3,content,matched,content_matched,-7.762201309204102,-7.529177665710449,0.23302364349365234,-7.764341354370117,-7.526926040649414,-0.009183811281681898,-0.009662646361876543,-0.009662646361876543
bar_random_1,148538,4539661,6,query_word,and,3,and,8,9,1,stopword,unmatched,stopword_unmatched,-7.762201309204102,-7.529177665710449,0.23302364349365234,-7.765043258666992,-7.526418685913086,-0.012195970418632823,-0.011839913564129114,-0.012195970418632823
bar_random_1,148538,4539661,6,query_word,bsn,4,bsn,9,13,4,content,matched,content_matched,-7.762201309204102,-7.529177665710449,0.23302364349365234,-7.759012222290039,-7.532962799072266,0.013685679557016162,0.01624355925891063,0.013685679557016162
bar_random_1,148538,4539661,6,structural_group,Query,,,,,,,,,-7.762201309204102,-7.529177665710449,0.23302364349365234,-7.7627763748168945,-7.52857780456543,-0.0024678423363877827,-0.002574250131986593,-0.002574250131986593
bar_random_1,148538,4539661,6,structural_group,Query_colon,,,,,,,,,-7.762201309204102,-7.529177665710449,0.23302364349365234,-7.762351989746094,-7.52899169921875,-0.0006466319886389215,-0.000798058466991074,-0.000798058466991074
bar_random_1,148538,4539661,6,structural_group,query_content,,,,,,,,,-7.762201309204102,-7.529177665710449,0.23302364349365234,-7.763388633728027,-7.528779983520508,-0.0050952963661737806,-0.0017066173371039892,-0.0050952963661737806
bar_random_1,148538,4539661,6,structural_group,Document,,,,,,,,,-7.762201309204102,-7.529177665710449,0.23302364349365234,-7.7611541748046875,-7.530275344848633,0.004493683060288202,0.004710591259008853,0.004493683060288202
bar_random_1,148538,4539661,6,structural_group,Document_colon,,,,,,,,,-7.762201309204102,-7.529177665710449,0.23302364349365234,-7.761646270751953,-7.529901504516602,0.0023818975784041284,0.003106289109980642,0.0023818975784041284
bar_random_1,148538,4539661,6,structural_group,attack_tokens,,,,,,,,,-7.762201309204102,-7.529177665710449,0.23302364349365234,-7.762201309204102,-7.524968147277832,0.0,-0.01806476960665949,-0.01806476960665949
bar_random_1,148538,4539661,6,structural_group,original_document,,,,,,,,,-7.762201309204102,-7.529177665710449,0.23302364349365234,-7.749692916870117,-7.555336952209473,0.05367864027207655,0.11226022435674442,0.05367864027207655
bar_random_1,148538,4539661,6,structural_group,Relevant,,,,,,,,,-7.762201309204102,-7.529177665710449,0.23302364349365234,-7.762781143188477,-7.5285491943359375,-0.0024883053740029385,-0.002697028357677527,-0.002697028357677527
bar_random_1,148538,4539661,6,structural_group,Relevant_colon,,,,,,,,,-7.762201309204102,-7.529177665710449,0.23302364349365234,-7.762778282165527,-7.528583526611328,-0.002476027551433845,-0.0025496944868484057,-0.0025496944868484057
bar_random_1,148538,4539661,7,query_word,difference,0,difference,3,4,1,content,unmatched,content_unmatched,-7.762201309204102,-7.529177665710449,0.23302364349365234,-7.756792068481445,-7.534846305847168,0.023213269870632675,0.02432645911689715,0.023213269870632675
bar_random_1,148538,4539661,7,query_word,between,1,between,4,5,1,stopword,matched,stopword_matched,-7.762201309204102,-7.529177665710449,0.23302364349365234,-7.7624053955078125,-7.529080390930176,-0.0008758180099286658,-0.0004174459673491772,-0.0008758180099286658
bar_random_1,148538,4539661,7,query_word,rn,2,rn,5,8,3,content,matched,content_matched,-7.762201309204102,-7.529177665710449,0.23302364349365234,-7.79347038269043,-7.496977806091309,-0.13418841546514532,-0.1381828004076237,-0.1381828004076237
bar_random_1,148538,4539661,7,query_word,and,3,and,8,9,1,stopword,unmatched,stopword_unmatched,-7.762201309204102,-7.529177665710449,0.23302364349365234,-7.7593183517456055,-7.532449722290039,0.012371952542123163,0.014041736411519871,0.012371952542123163
bar_random_1,148538,4539661,7,query_word,bsn,4,bsn,9,13,4,content,matched,content_matched,-7.762201309204102,-7.529177665710449,0.23302364349365234,-7.765917778015137,-7.525666236877441,-0.015948891517252387,-0.01506898089980069,-0.015948891517252387
bar_random_1,148538,4539661,7,structural_group,Query,,,,,,,,,-7.762201309204102,-7.529177665710449,0.23302364349365234,-7.763986587524414,-7.52744197845459,-0.007661361283114311,-0.007448545691916691,-0.007661361283114311
bar_random_1,148538,4539661,7,structural_group,Query_colon,,,,,,,,,-7.762201309204102,-7.529177665710449,0.23302364349365234,-7.764041900634766,-7.527240753173828,-0.007898732519450117,-0.008312085879276263,-0.008312085879276263
bar_random_1,148538,4539661,7,structural_group,query_content,,,,,,,,,-7.762201309204102,-7.529177665710449,0.23302364349365234,-7.788872718811035,-7.501997947692871,-0.11445795459661214,-0.11663931440638774,-0.11663931440638774
bar_random_1,148538,4539661,7,structural_group,Document,,,,,,,,,-7.762201309204102,-7.529177665710449,0.23302364349365234,-7.761456489562988,-7.529850006103516,0.0031963264754873272,0.00288528830373696,0.00288528830373696
bar_random_1,148538,4539661,7,structural_group,Document_colon,,,,,,,,,-7.762201309204102,-7.529177665710449,0.23302364349365234,-7.762557029724121,-7.528851509094238,-0.0015265426060906185,-0.001399671772876653,-0.0015265426060906185
bar_random_1,148538,4539661,7,structural_group,attack_tokens,,,,,,,,,-7.762201309204102,-7.529177665710449,0.23302364349365234,-7.762201309204102,-7.524454116821289,0.0,-0.02027068506157328,-0.02027068506157328
bar_random_1,148538,4539661,7,structural_group,original_document,,,,,,,,,-7.762201309204102,-7.529177665710449,0.23302364349365234,-7.643721580505371,-7.684362411499023,0.5084450956237748,0.6659613739701976,0.5084450956237748
bar_random_1,148538,4539661,7,structural_group,Relevant,,,,,,,,,-7.762201309204102,-7.529177665710449,0.23302364349365234,-7.7630205154418945,-7.528277397155762,-0.0035155498622837567,-0.0038634215017414046,-0.0038634215017414046
bar_random_1,148538,4539661,7,structural_group,Relevant_colon,,,,,,,,,-7.762201309204102,-7.529177665710449,0.23302364349365234,-7.761784553527832,-7.529636383056641,0.001788469487564612,0.0019685442185779826,0.001788469487564612
bar_random_1,148538,4539661,8,query_word,difference,0,difference,3,4,1,content,unmatched,content_unmatched,-7.762201309204102,-7.529177665710449,0.23302364349365234,-7.762054443359375,-7.529764175415039,0.0006302615585467969,0.0025169536266641565,0.0006302615585467969
bar_random_1,148538,4539661,8,query_word,between,1,between,4,5,1,stopword,matched,stopword_matched,-7.762201309204102,-7.529177665710449,0.23302364349365234,-7.766075134277344,-7.525047302246094,-0.016624171758552526,-0.017725083182247907,-0.017725083182247907
bar_random_1,148538,4539661,8,query_word,rn,2,rn,5,8,3,content,matched,content_matched,-7.762201309204102,-7.529177665710449,0.23302364349365234,-7.755609512329102,-7.537393569946289,0.0282881031991913,0.03525781381091335,0.0282881031991913
bar_random_1,148538,4539661,8,query_word,and,3,and,8,9,1,stopword,unmatched,stopword_unmatched,-7.762201309204102,-7.529177665710449,0.23302364349365234,-7.768259048461914,-7.522859573364258,-0.02599624298629386,-0.027113524840081362,-0.027113524840081362
bar_random_1,148538,4539661,8,query_word,bsn,4,bsn,9,13,4,content,matched,content_matched,-7.762201309204102,-7.529177665710449,0.23302364349365234,-7.760303497314453,-7.530703544616699,0.008144288970831986,0.006548172036849838,0.006548172036849838
bar_random_1,148538,4539661,8,structural_group,Query,,,,,,,,,-7.762201309204102,-7.529177665710449,0.23302364349365234,-7.758325576782227,-7.533496856689453,0.016632356973598588,0.018535419471808073,0.016632356973598588
bar_random_1,148538,4539661,8,structural_group,Query_colon,,,,,,,,,-7.762201309204102,-7.529177665710449,0.23302364349365234,-7.7612409591674805,-7.53018856048584,0.004121255775692367,0.004338163974413018,0.004121255775692367
bar_random_1,148538,4539661,8,structural_group,query_content,,,,,,,,,-7.762201309204102,-7.529177665710449,0.23302364349365234,-7.763422012329102,-7.529062271118164,-0.005238537629479871,-0.000495205510286769,-0.005238537629479871
bar_random_1,148538,4539661,8,structural_group,Document,,,,,,,,,-7.762201309204102,-7.529177665710449,0.23302364349365234,-7.757794380187988,-7.533717155456543,0.01891193936392694,0.019480811809628268,0.01891193936392694
bar_random_1,148538,4539661,8,structural_group,Document_colon,,,,,,,,,-7.762201309204102,-7.529177665710449,0.23302364349365234,-7.760418891906738,-7.530975341796875,0.0076490834605452175,0.007714565180913716,0.0076490834605452175
bar_random_1,148538,4539661,8,structural_group,attack_tokens,,,,,,,,,-7.762201309204102,-7.529177665710449,0.23302364349365234,-7.762201309204102,-7.52232551574707,0.0,-0.029405385052978805,-0.029405385052978805
bar_random_1,148538,4539661,8,structural_group,original_document,,,,,,,,,-7.762201309204102,-7.529177665710449,0.23302364349365234,-7.714496612548828,-7.633569717407227,0.20472041351706413,0.4479890972935586,0.20472041351706413
bar_random_1,148538,4539661,8,structural_group,Relevant,,,,,,,,,-7.762201309204102,-7.529177665710449,0.23302364349365234,-7.757537841796875,-7.5337982177734375,0.020012850787622317,0.019828683449085917,0.019828683449085917
bar_random_1,148538,4539661,8,structural_group,Relevant_colon,,,,,,,,,-7.762201309204102,-7.529177665710449,0.23302364349365234,-7.759709358215332,-7.531652450561523,0.010693983457680393,0.01062031652226583,0.01062031652226583
bar_random_1,148538,4539661,9,query_word,difference,0,difference,3,4,1,content,unmatched,content_unmatched,-7.762201309204102,-7.529177665710449,0.23302364349365234,-7.713706016540527,-7.578402519226074,0.20811318515365695,0.21124402990877578,0.20811318515365695
bar_random_1,148538,4539661,9,query_word,between,1,between,4,5,1,stopword,matched,stopword_matched,-7.762201309204102,-7.529177665710449,0.23302364349365234,-7.75836181640625,-7.533538818359375,0.016476837887723406,0.018715494202821443,0.016476837887723406
bar_random_1,148538,4539661,9,query_word,rn,2,rn,5,8,3,content,matched,content_matched,-7.762201309204102,-7.529177665710449,0.23302364349365234,-7.760097503662109,-7.532249450683594,0.009028292195806715,0.01318228883168333,0.009028292195806715
bar_random_1,148538,4539661,9,query_word,and,3,and,8,9,1,stopword,unmatched,stopword_unmatched,-7.762201309204102,-7.529177665710449,0.23302364349365234,-7.763060569763184,-7.528715133666992,-0.0036874393782510653,-0.001984914648670107,-0.0036874393782510653
bar_random_1,148538,4539661,9,query_word,bsn,4,bsn,9,13,4,content,matched,content_matched,-7.762201309204102,-7.529177665710449,0.23302364349365234,-7.749412536621094,-7.54298210144043,0.054881866883847705,0.05924049389587588,0.054881866883847705
bar_random_1,148538,4539661,9,structural_group,Query,,,,,,,,,-7.762201309204102,-7.529177665710449,0.23302364349365234,-7.759042739868164,-7.532402992248535,0.013554716116279165,0.013841198642891345,0.013554716116279165
bar_random_1,148538,4539661,9,structural_group,Query_colon,,,,,,,,,-7.762201309204102,-7.529177665710449,0.23302364349365234,-7.7590227127075195,-7.532276153564453,0.013640660874262819,0.013296881842328202,0.013296881842328202
bar_random_1,148538,4539661,9,structural_group,query_content,,,,,,,,,-7.762201309204102,-7.529177665710449,0.23302364349365234,-7.694980621337891,-7.5987043380737305,0.28847153386837354,0.29836745885906285,0.28847153386837354
bar_random_1,148538,4539661,9,structural_group,Document,,,,,,,,,-7.762201309204102,-7.529177665710449,0.23302364349365234,-7.7639312744140625,-7.5275726318359375,-0.007423990046778504,-0.006887858461261423,-0.007423990046778504
bar_random_1,148538,4539661,9,structural_group,Document_colon,,,,,,,,,-7.762201309204102,-7.529177665710449,0.23302364349365234,-7.757820129394531,-7.533596992492676,0.0188014389608051,0.018965143261726342,0.0188014389608051
bar_random_1,148538,4539661,9,structural_group,attack_tokens,,,,,,,,,-7.762201309204102,-7.529177665710449,0.23302364349365234,-7.762201309204102,-7.562427520751953,0.0,0.142688761290481,0.0
bar_random_1,148538,4539661,9,structural_group,original_document,,,,,,,,,-7.762201309204102,-7.529177665710449,0.23302364349365234,-7.670833587646484,-7.615232467651367,0.39209635635152223,0.3692964398407157,0.3692964398407157
bar_random_1,148538,4539661,9,structural_group,Relevant,,,,,,,,,-7.762201309204102,-7.529177665710449,0.23302364349365234,-7.762286186218262,-7.529104232788086,-0.00036424206954977227,-0.00031513077927339847,-0.00036424206954977227
bar_random_1,148538,4539661,9,structural_group,Relevant_colon,,,,,,,,,-7.762201309204102,-7.529177665710449,0.23302364349365234,-7.760313034057617,-7.531183242797852,0.008103362895601676,0.008606753620934505,0.008103362895601676
bar_random_1,148538,4539661,10,query_word,difference,0,difference,3,4,1,content,unmatched,content_unmatched,-7.762201309204102,-7.529177665710449,0.23302364349365234,-7.7592010498046875,-7.532682418823242,0.012875343267455994,0.015040332647139472,0.012875343267455994
bar_random_1,148538,4539661,10,query_word,between,1,between,4,5,1,stopword,matched,stopword_matched,-7.762201309204102,-7.529177665710449,0.23302364349365234,-7.763471603393555,-7.527807235717773,-0.00545135322067749,-0.0058810770105957606,-0.0058810770105957606
bar_random_1,148538,4539661,10,query_word,rn,2,rn,5,8,3,content,matched,content_matched,-7.762201309204102,-7.529177665710449,0.23302364349365234,-7.748141288757324,-7.543684005737305,0.06033731271204823,0.0622526530328268,0.06033731271204823
bar_random_1,148538,4539661,10,query_word,and,3,and,8,9,1,stopword,unmatched,stopword_unmatched,-7.762201309204102,-7.529177665710449,0.23302364349365234,-7.755502700805664,-7.536179542541504,0.028746475241770788,0.030047924434094694,0.028746475241770788
bar_random_1,148538,4539661,10,query_word,bsn,4,bsn,9,13,4,content,matched,content_matched,-7.762201309204102,-7.529177665710449,0.23302364349365234,-7.766307830810547,-7.524932861328125,-0.017622767994172128,-0.018216196085011644,-0.018216196085011644
bar_random_1,148538,4539661,10,structural_group,Query,,,,,,,,,-7.762201309204102,-7.529177665710449,0.23302364349365234,-7.757089614868164,-7.534460067749023,0.021936376323446957,0.022668953070069532,0.021936376323446957
bar_random_1,148538,4539661,10,structural_group,Query_colon,,,,,,,,,-7.762201309204102,-7.529177665710449,0.23302364349365234,-7.756478309631348,-7.535038948059082,0.024559737745709923,0.025153165836549442,0.024559737745709923
bar_random_1,148538,4539661,10,structural_group,query_content,,,,,,,,,-7.762201309204102,-7.529177665710449,0.23302364349365234,-7.7439165115356445,-7.548445701599121,0.07846756403907622,0.08268704239532133,0.07846756403907622
bar_random_1,148538,4539661,10,structural_group,Document,,,,,,,,,-7.762201309204102,-7.529177665710449,0.23302364349365234,-7.756444931030273,-7.535031318664551,0.024702979009016014,0.025120424976365192,0.024702979009016014
bar_random_1,148538,4539661,10,structural_group,Document_colon,,,,,,,,,-7.762201309204102,-7.529177665710449,0.23302364349365234,-7.7586870193481445,-7.532722473144531,0.015081258722369784,0.01521222216310678,0.015081258722369784
bar_random_1,148538,4539661,10,structural_group,attack_tokens,,,,,,,,,-7.762201309204102,-7.529177665710449,0.23302364349365234,-7.762201309204102,-7.517462730407715,0.0,-0.05027359081291463,-0.05027359081291463
bar_random_1,148538,4539661,10,structural_group,original_document,,,,,,,,,-7.762201309204102,-7.529177665710449,0.23302364349365234,-7.683643341064453,-7.601963043212891,0.33712445210216785,0.3123518987652603,0.3123518987652603
bar_random_1,148538,4539661,10,structural_group,Relevant,,,,,,,,,-7.762201309204102,-7.529177665710449,0.23302364349365234,-7.762953758239746,-7.528369903564453,-0.0032290673356715764,-0.003466438572007383,-0.003466438572007383
bar_random_1,148538,4539661,10,structural_group,Relevant_colon,,,,,,,,,-7.762201309204102,-7.529177665710449,0.23302364349365234,-7.761631011962891,-7.529756546020508,0.002447379298772627,0.0024842127664799073,0.002447379298772627
bar_random_1,148538,4539661,11,query_word,difference,0,difference,3,4,1,content,unmatched,content_unmatched,-7.762201309204102,-7.529177665710449,0.23302364349365234,-7.716148376464844,-7.577139854431152,0.19763201728717417,0.20582541754828254,0.19763201728717417
bar_random_1,148538,4539661,11,query_word,between,1,between,4,5,1,stopword,matched,stopword_matched,-7.762201309204102,-7.529177665710449,0.23302364349365234,-7.737208366394043,-7.556425094604492,0.10725496535607731,0.11692988954052295,0.10725496535607731
bar_random_1,148538,4539661,11,query_word,rn,2,rn,5,8,3,content,matched,content_matched,-7.762201309204102,-7.529177665710449,0.23302364349365234,-7.751260757446289,-7.540860176086426,0.04695039350421334,0.05013444215713157,0.04695039350421334
bar_random_1,148538,4539661,11,query_word,and,3,and,8,9,1,stopword,unmatched,stopword_unmatched,-7.762201309204102,-7.529177665710449,0.23302364349365234,-7.733448028564453,-7.560033798217773,0.12339211681938914,0.13241631640767282,0.12339211681938914
bar_random_1,148538,4539661,11,query_word,bsn,4,bsn,9,13,4,content,matched,content_matched,-7.762201309204102,-7.529177665710449,0.23302364349365234,-7.748697280883789,-7.544099807739258,0.05795132252612107,0.06403702991286839,0.05795132252612107
bar_random_1,148538,4539661,11,structural_group,Query,,,,,,,,,-7.762201309204102,-7.529177665710449,0.23302364349365234,-7.761763572692871,-7.530177116394043,0.0018785068530712973,0.004289052684136644,0.0018785068530712973
bar_random_1,148538,4539661,11,structural_group,Query_colon,,,,,,,,,-7.762201309204102,-7.529177665710449,0.23302364349365234,-7.756898880004883,-7.53465461730957,0.022754897828053188,0.023503845004767886,0.022754897828053188
bar_random_1,148538,4539661,11,structural_group,query_content,,,,,,,,,-7.762201309204102,-7.529177665710449,0.23302364349365234,-7.635337829589844,-7.658880233764648,0.5444232083587416,0.5566069009548054,0.5444232083587416
bar_random_1,148538,4539661,11,structural_group,Document,,,,,,,,,-7.762201309204102,-7.529177665710449,0.23302364349365234,-7.7401933670043945,-7.551112174987793,0.09444510380898982,0.09412997302971643,0.09412997302971643
bar_random_1,148538,4539661,11,structural_group,Document_colon,,,,,,,,,-7.762201309204102,-7.529177665710449,0.23302364349365234,-7.7569475173950195,-7.534616470336914,0.0225461748443786,0.023340140703846643,0.0225461748443786
bar_random_1,148538,4539661,11,structural_group,attack_tokens,,,,,,,,,-7.762201309204102,-7.529177665710449,0.23302364349365234,-7.762201309204102,-7.529308319091797,0.0,0.0005606872306552674,0.0
bar_random_1,148538,4539661,11,structural_group,original_document,,,,,,,,,-7.762201309204102,-7.529177665710449,0.23302364349365234,-7.746106147766113,-7.533226013183594,0.0690709371661967,0.017373118935267228,0.017373118935267228
bar_random_1,148538,4539661,11,structural_group,Relevant,,,,,,,,,-7.762201309204102,-7.529177665710449,0.23302364349365234,-7.762216567993164,-7.529132843017578,-6.548172036849838e-05,-0.00019235255358246399,-0.00019235255358246399
bar_random_1,148538,4539661,11,structural_group,Relevant_colon,,,,,,,,,-7.762201309204102,-7.529177665710449,0.23302364349365234,-7.761704444885254,-7.529670715332031,0.0021322485194992286,0.002115878089407104,0.002115878089407104
