attack_name,token,position,repetitions,qid,docid,variant,layer_index,layer_name,score,rank,candidate_top_k,n_candidates_scored
bar_random_4,bar,random,4,1037798,3641634,original,0,embedding,0.8320577144622803,37,100,100
bar_random_4,bar,random,4,1037798,3641634,original,1,encoder_block_1,0.5770964622497559,62,100,100
bar_random_4,bar,random,4,1037798,3641634,original,2,encoder_block_2,0.8005528450012207,52,100,100
bar_random_4,bar,random,4,1037798,3641634,original,3,encoder_block_3,0.6463022232055664,45,100,100
bar_random_4,bar,random,4,1037798,3641634,original,4,encoder_block_4,0.5612177848815918,46,100,100
bar_random_4,bar,random,4,1037798,3641634,original,5,encoder_block_5,0.5341918468475342,35,100,100
bar_random_4,bar,random,4,1037798,3641634,original,6,encoder_block_6,0.7486610412597656,22,100,100
bar_random_4,bar,random,4,1037798,3641634,original,7,encoder_block_7,0.5290794372558594,44,100,100
bar_random_4,bar,random,4,1037798,3641634,original,8,encoder_block_8,0.5495195388793945,56,100,100
bar_random_4,bar,random,4,1037798,3641634,original,9,encoder_block_9,0.7852129936218262,50,100,100
bar_random_4,bar,random,4,1037798,3641634,original,10,encoder_block_10,0.8754327297210693,23,100,100
bar_random_4,bar,random,4,1037798,3641634,original,11,encoder_block_11,1.6852598190307615,9,100,100
bar_random_4,bar,random,4,1037798,3641634,original,12,encoder_block_12,1.2045688927173617,11,100,100
bar_random_4,bar,random,4,1037798,3641634,padded_control,0,embedding,0.8320584297180176,37,100,100
bar_random_4,bar,random,4,1037798,3641634,padded_control,1,encoder_block_1,0.5775089263916016,62,100,100
bar_random_4,bar,random,4,1037798,3641634,padded_control,2,encoder_block_2,0.8011136054992676,52,100,100
bar_random_4,bar,random,4,1037798,3641634,padded_control,3,encoder_block_3,0.6471867561340332,45,100,100
bar_random_4,bar,random,4,1037798,3641634,padded_control,4,encoder_block_4,0.5659394264221191,43,100,100
bar_random_4,bar,random,4,1037798,3641634,padded_control,5,encoder_block_5,0.5403647422790527,35,100,100
bar_random_4,bar,random,4,1037798,3641634,padded_control,6,encoder_block_6,0.7562298774719238,22,100,100
bar_random_4,bar,random,4,1037798,3641634,padded_control,7,encoder_block_7,0.5363349914550781,44,100,100
bar_random_4,bar,random,4,1037798,3641634,padded_control,8,encoder_block_8,0.555483341217041,56,100,100
bar_random_4,bar,random,4,1037798,3641634,padded_control,9,encoder_block_9,0.7932183742523193,50,100,100
bar_random_4,bar,random,4,1037798,3641634,padded_control,10,encoder_block_10,0.8754913806915283,23,100,100
bar_random_4,bar,random,4,1037798,3641634,padded_control,11,encoder_block_11,1.699998140335083,9,100,100
bar_random_4,bar,random,4,1037798,3641634,padded_control,12,encoder_block_12,1.1704869270324707,11,100,100
bar_random_4,bar,random,4,1037798,3641634,attack,0,embedding,0.7682766914367676,44,100,100
bar_random_4,bar,random,4,1037798,3641634,attack,1,encoder_block_1,0.5292205810546875,64,100,100
bar_random_4,bar,random,4,1037798,3641634,attack,2,encoder_block_2,0.7903895378112793,53,100,100
bar_random_4,bar,random,4,1037798,3641634,attack,3,encoder_block_3,0.6091856956481934,51,100,100
bar_random_4,bar,random,4,1037798,3641634,attack,4,encoder_block_4,0.5206310749053955,53,100,100
bar_random_4,bar,random,4,1037798,3641634,attack,5,encoder_block_5,0.5065040588378906,40,100,100
bar_random_4,bar,random,4,1037798,3641634,attack,6,encoder_block_6,0.7104284763336182,27,100,100
bar_random_4,bar,random,4,1037798,3641634,attack,7,encoder_block_7,0.4993429183959961,48,100,100
bar_random_4,bar,random,4,1037798,3641634,attack,8,encoder_block_8,0.5467569828033447,56,100,100
bar_random_4,bar,random,4,1037798,3641634,attack,9,encoder_block_9,0.7832822799682617,51,100,100
bar_random_4,bar,random,4,1037798,3641634,attack,10,encoder_block_10,0.8658149242401123,23,100,100
bar_random_4,bar,random,4,1037798,3641634,attack,11,encoder_block_11,1.6588149070739746,9,100,100
bar_random_4,bar,random,4,1037798,3641634,attack,12,encoder_block_12,1.1660807877779007,11,100,100
bar_random_4,bar,random,4,104861,459676,original,0,embedding,0.9635918140411376,45,100,100
bar_random_4,bar,random,4,104861,459676,original,1,encoder_block_1,1.1753835678100586,32,100,100
bar_random_4,bar,random,4,104861,459676,original,2,encoder_block_2,1.640017032623291,3,100,100
bar_random_4,bar,random,4,104861,459676,original,3,encoder_block_3,1.6881709098815918,5,100,100
bar_random_4,bar,random,4,104861,459676,original,4,encoder_block_4,1.9483013153076167,3,100,100
bar_random_4,bar,random,4,104861,459676,original,5,encoder_block_5,2.049661874771118,3,100,100
bar_random_4,bar,random,4,104861,459676,original,6,encoder_block_6,1.990306615829468,3,100,100
bar_random_4,bar,random,4,104861,459676,original,7,encoder_block_7,2.039266586303711,3,100,100
bar_random_4,bar,random,4,104861,459676,original,8,encoder_block_8,1.8978996276855469,3,100,100
bar_random_4,bar,random,4,104861,459676,original,9,encoder_block_9,2.068165779113769,2,100,100
bar_random_4,bar,random,4,104861,459676,original,10,encoder_block_10,2.228157520294189,1,100,100
bar_random_4,bar,random,4,104861,459676,original,11,encoder_block_11,2.517533540725708,1,100,100
bar_random_4,bar,random,4,104861,459676,original,12,encoder_block_12,1.6921783089637756,14,100,100
bar_random_4,bar,random,4,104861,459676,padded_control,0,embedding,0.9635915756225586,45,100,100
bar_random_4,bar,random,4,104861,459676,padded_control,1,encoder_block_1,1.1744098663330078,32,100,100
bar_random_4,bar,random,4,104861,459676,padded_control,2,encoder_block_2,1.63692045211792,4,100,100
bar_random_4,bar,random,4,104861,459676,padded_control,3,encoder_block_3,1.683861255645752,5,100,100
bar_random_4,bar,random,4,104861,459676,padded_control,4,encoder_block_4,1.943386793136597,3,100,100
bar_random_4,bar,random,4,104861,459676,padded_control,5,encoder_block_5,2.040743112564087,3,100,100
bar_random_4,bar,random,4,104861,459676,padded_control,6,encoder_block_6,1.9821596145629885,3,100,100
bar_random_4,bar,random,4,104861,459676,padded_control,7,encoder_block_7,2.0293116569519043,3,100,100
bar_random_4,bar,random,4,104861,459676,padded_control,8,encoder_block_8,1.897406816482544,3,100,100
bar_random_4,bar,random,4,104861,459676,padded_control,9,encoder_block_9,2.0696442127227783,2,100,100
bar_random_4,bar,random,4,104861,459676,padded_control,10,encoder_block_10,2.227226734161377,1,100,100
bar_random_4,bar,random,4,104861,459676,padded_control,11,encoder_block_11,2.4999914169311523,1,100,100
bar_random_4,bar,random,4,104861,459676,padded_control,12,encoder_block_12,1.6186230778694153,15,100,100
bar_random_4,bar,random,4,104861,459676,attack,0,embedding,0.8327794075012207,57,100,100
bar_random_4,bar,random,4,104861,459676,attack,1,encoder_block_1,1.093503475189209,38,100,100
bar_random_4,bar,random,4,104861,459676,attack,2,encoder_block_2,1.5950517654418943,11,100,100
bar_random_4,bar,random,4,104861,459676,attack,3,encoder_block_3,1.6241707801818848,7,100,100
bar_random_4,bar,random,4,104861,459676,attack,4,encoder_block_4,1.8961396217346191,3,100,100
bar_random_4,bar,random,4,104861,459676,attack,5,encoder_block_5,1.974374771118164,3,100,100
bar_random_4,bar,random,4,104861,459676,attack,6,encoder_block_6,1.929155349731445,3,100,100
bar_random_4,bar,random,4,104861,459676,attack,7,encoder_block_7,1.968524932861328,3,100,100
bar_random_4,bar,random,4,104861,459676,attack,8,encoder_block_8,1.848414421081543,3,100,100
bar_random_4,bar,random,4,104861,459676,attack,9,encoder_block_9,2.0276193618774414,2,100,100
bar_random_4,bar,random,4,104861,459676,attack,10,encoder_block_10,2.193349838256836,1,100,100
bar_random_4,bar,random,4,104861,459676,attack,11,encoder_block_11,2.423143148422241,1,100,100
bar_random_4,bar,random,4,104861,459676,attack,12,encoder_block_12,1.4997258186340332,15,100,100
bar_random_4,bar,random,4,1063750,4788295,original,0,embedding,0.7345647811889648,44,100,100
bar_random_4,bar,random,4,1063750,4788295,original,1,encoder_block_1,0.4743719100952148,50,100,100
bar_random_4,bar,random,4,1063750,4788295,original,2,encoder_block_2,0.2930629253387451,67,100,100
bar_random_4,bar,random,4,1063750,4788295,original,3,encoder_block_3,0.1441771984100341,71,100,100
bar_random_4,bar,random,4,1063750,4788295,original,4,encoder_block_4,0.4063873291015625,42,100,100
bar_random_4,bar,random,4,1063750,4788295,original,5,encoder_block_5,0.4649672508239746,38,100,100
bar_random_4,bar,random,4,1063750,4788295,original,6,encoder_block_6,0.5196993350982666,37,100,100
bar_random_4,bar,random,4,1063750,4788295,original,7,encoder_block_7,0.5396733283996582,34,100,100
bar_random_4,bar,random,4,1063750,4788295,original,8,encoder_block_8,0.7442870140075684,21,100,100
bar_random_4,bar,random,4,1063750,4788295,original,9,encoder_block_9,0.8194112777709961,14,100,100
bar_random_4,bar,random,4,1063750,4788295,original,10,encoder_block_10,0.6462976932525635,9,100,100
bar_random_4,bar,random,4,1063750,4788295,original,11,encoder_block_11,1.5446739196777344,5,100,100
bar_random_4,bar,random,4,1063750,4788295,original,12,encoder_block_12,3.5748090744018555,4,100,100
bar_random_4,bar,random,4,1063750,4788295,padded_control,0,embedding,0.7345645427703857,44,100,100
bar_random_4,bar,random,4,1063750,4788295,padded_control,1,encoder_block_1,0.4770021438598633,50,100,100
bar_random_4,bar,random,4,1063750,4788295,padded_control,2,encoder_block_2,0.2971713542938232,67,100,100
bar_random_4,bar,random,4,1063750,4788295,padded_control,3,encoder_block_3,0.1497559547424316,70,100,100
bar_random_4,bar,random,4,1063750,4788295,padded_control,4,encoder_block_4,0.4167416095733642,40,100,100
bar_random_4,bar,random,4,1063750,4788295,padded_control,5,encoder_block_5,0.4751279354095459,37,100,100
bar_random_4,bar,random,4,1063750,4788295,padded_control,6,encoder_block_6,0.5315418243408203,36,100,100
bar_random_4,bar,random,4,1063750,4788295,padded_control,7,encoder_block_7,0.5455620288848877,34,100,100
bar_random_4,bar,random,4,1063750,4788295,padded_control,8,encoder_block_8,0.7544422149658203,21,100,100
bar_random_4,bar,random,4,1063750,4788295,padded_control,9,encoder_block_9,0.8330626487731934,14,100,100
bar_random_4,bar,random,4,1063750,4788295,padded_control,10,encoder_block_10,0.6524584293365479,9,100,100
bar_random_4,bar,random,4,1063750,4788295,padded_control,11,encoder_block_11,1.520893096923828,5,100,100
bar_random_4,bar,random,4,1063750,4788295,padded_control,12,encoder_block_12,3.5166115760803223,4,100,100
bar_random_4,bar,random,4,1063750,4788295,attack,0,embedding,0.5649821758270264,57,100,100
bar_random_4,bar,random,4,1063750,4788295,attack,1,encoder_block_1,0.3305139541625976,59,100,100
bar_random_4,bar,random,4,1063750,4788295,attack,2,encoder_block_2,0.2182762622833252,69,100,100
bar_random_4,bar,random,4,1063750,4788295,attack,3,encoder_block_3,0.0509052276611328,79,100,100
bar_random_4,bar,random,4,1063750,4788295,attack,4,encoder_block_4,0.3470630645751953,49,100,100
bar_random_4,bar,random,4,1063750,4788295,attack,5,encoder_block_5,0.4322690963745117,41,100,100
bar_random_4,bar,random,4,1063750,4788295,attack,6,encoder_block_6,0.4903569221496582,39,100,100
bar_random_4,bar,random,4,1063750,4788295,attack,7,encoder_block_7,0.5002226829528809,40,100,100
bar_random_4,bar,random,4,1063750,4788295,attack,8,encoder_block_8,0.7497563362121582,21,100,100
bar_random_4,bar,random,4,1063750,4788295,attack,9,encoder_block_9,0.8152254819869995,14,100,100
bar_random_4,bar,random,4,1063750,4788295,attack,10,encoder_block_10,0.6586277484893799,9,100,100
bar_random_4,bar,random,4,1063750,4788295,attack,11,encoder_block_11,1.5367519855499268,5,100,100
bar_random_4,bar,random,4,1063750,4788295,attack,12,encoder_block_12,3.5640268325805664,4,100,100
bar_random_4,bar,random,4,1103812,3843267,original,0,embedding,1.1385068893432615,8,100,100
bar_random_4,bar,random,4,1103812,3843267,original,1,encoder_block_1,0.7724995613098145,23,100,100
bar_random_4,bar,random,4,1103812,3843267,original,2,encoder_block_2,0.8877558708190918,18,100,100
bar_random_4,bar,random,4,1103812,3843267,original,3,encoder_block_3,0.6147010326385498,26,100,100
bar_random_4,bar,random,4,1103812,3843267,original,4,encoder_block_4,0.3889913558959961,38,100,100
bar_random_4,bar,random,4,1103812,3843267,original,5,encoder_block_5,0.1942498683929443,51,100,100
bar_random_4,bar,random,4,1103812,3843267,original,6,encoder_block_6,0.1409058570861816,65,100,100
bar_random_4,bar,random,4,1103812,3843267,original,7,encoder_block_7,0.1842563152313232,61,100,100
bar_random_4,bar,random,4,1103812,3843267,original,8,encoder_block_8,0.1707890033721923,61,100,100
bar_random_4,bar,random,4,1103812,3843267,original,9,encoder_block_9,0.3361358642578125,37,100,100
bar_random_4,bar,random,4,1103812,3843267,original,10,encoder_block_10,0.0934512615203857,30,100,100
bar_random_4,bar,random,4,1103812,3843267,original,11,encoder_block_11,1.2669405937194824,7,100,100
bar_random_4,bar,random,4,1103812,3843267,original,12,encoder_block_12,4.076918601989746,3,100,100
bar_random_4,bar,random,4,1103812,3843267,padded_control,0,embedding,1.1385068893432615,8,100,100
bar_random_4,bar,random,4,1103812,3843267,padded_control,1,encoder_block_1,0.7740616798400879,23,100,100
bar_random_4,bar,random,4,1103812,3843267,padded_control,2,encoder_block_2,0.8903036117553711,18,100,100
bar_random_4,bar,random,4,1103812,3843267,padded_control,3,encoder_block_3,0.6133341789245605,26,100,100
bar_random_4,bar,random,4,1103812,3843267,padded_control,4,encoder_block_4,0.3852179050445556,38,100,100
bar_random_4,bar,random,4,1103812,3843267,padded_control,5,encoder_block_5,0.1927754878997802,51,100,100
bar_random_4,bar,random,4,1103812,3843267,padded_control,6,encoder_block_6,0.1392850875854492,65,100,100
bar_random_4,bar,random,4,1103812,3843267,padded_control,7,encoder_block_7,0.1917812824249267,60,100,100
bar_random_4,bar,random,4,1103812,3843267,padded_control,8,encoder_block_8,0.1738061904907226,61,100,100
bar_random_4,bar,random,4,1103812,3843267,padded_control,9,encoder_block_9,0.3187234401702881,38,100,100
bar_random_4,bar,random,4,1103812,3843267,padded_control,10,encoder_block_10,0.0805649757385253,31,100,100
bar_random_4,bar,random,4,1103812,3843267,padded_control,11,encoder_block_11,1.2588520050048828,7,100,100
bar_random_4,bar,random,4,1103812,3843267,padded_control,12,encoder_block_12,4.090236663818359,3,100,100
bar_random_4,bar,random,4,1103812,3843267,attack,0,embedding,0.888878345489502,39,100,100
bar_random_4,bar,random,4,1103812,3843267,attack,1,encoder_block_1,0.5886716842651367,46,100,100
bar_random_4,bar,random,4,1103812,3843267,attack,2,encoder_block_2,0.7453432083129883,34,100,100
bar_random_4,bar,random,4,1103812,3843267,attack,3,encoder_block_3,0.4480233192443847,55,100,100
bar_random_4,bar,random,4,1103812,3843267,attack,4,encoder_block_4,0.2005560398101806,64,100,100
bar_random_4,bar,random,4,1103812,3843267,attack,5,encoder_block_5,0.0406234264373779,66,100,100
bar_random_4,bar,random,4,1103812,3843267,attack,6,encoder_block_6,0.0444042682647705,76,100,100
bar_random_4,bar,random,4,1103812,3843267,attack,7,encoder_block_7,0.0695531368255615,70,100,100
bar_random_4,bar,random,4,1103812,3843267,attack,8,encoder_block_8,0.1285963058471679,64,100,100
bar_random_4,bar,random,4,1103812,3843267,attack,9,encoder_block_9,0.2689056396484375,45,100,100
bar_random_4,bar,random,4,1103812,3843267,attack,10,encoder_block_10,0.0312793254852294,34,100,100
bar_random_4,bar,random,4,1103812,3843267,attack,11,encoder_block_11,1.225247859954834,7,100,100
bar_random_4,bar,random,4,1103812,3843267,attack,12,encoder_block_12,4.025715351104736,4,100,100
bar_random_4,bar,random,4,1106007,6126194,original,0,embedding,0.9976165294647216,5,100,100
bar_random_4,bar,random,4,1106007,6126194,original,1,encoder_block_1,1.4154257774353027,2,100,100
bar_random_4,bar,random,4,1106007,6126194,original,2,encoder_block_2,1.6524105072021484,1,100,100
bar_random_4,bar,random,4,1106007,6126194,original,3,encoder_block_3,1.462425947189331,1,100,100
bar_random_4,bar,random,4,1106007,6126194,original,4,encoder_block_4,1.8070693016052248,1,100,100
bar_random_4,bar,random,4,1106007,6126194,original,5,encoder_block_5,1.7888007164001465,1,100,100
bar_random_4,bar,random,4,1106007,6126194,original,6,encoder_block_6,1.7590737342834473,1,100,100
bar_random_4,bar,random,4,1106007,6126194,original,7,encoder_block_7,1.847627878189087,1,100,100
bar_random_4,bar,random,4,1106007,6126194,original,8,encoder_block_8,1.865367412567139,1,100,100
bar_random_4,bar,random,4,1106007,6126194,original,9,encoder_block_9,1.8352789878845213,1,100,100
bar_random_4,bar,random,4,1106007,6126194,original,10,encoder_block_10,1.9322757720947263,2,100,100
bar_random_4,bar,random,4,1106007,6126194,original,11,encoder_block_11,2.2114975452423096,14,100,100
bar_random_4,bar,random,4,1106007,6126194,original,12,encoder_block_12,-0.0340566039085388,21,100,100
bar_random_4,bar,random,4,1106007,6126194,padded_control,0,embedding,0.9976167678833008,5,100,100
bar_random_4,bar,random,4,1106007,6126194,padded_control,1,encoder_block_1,1.4162530899047852,2,100,100
bar_random_4,bar,random,4,1106007,6126194,padded_control,2,encoder_block_2,1.6508407592773438,1,100,100
bar_random_4,bar,random,4,1106007,6126194,padded_control,3,encoder_block_3,1.4602673053741455,1,100,100
bar_random_4,bar,random,4,1106007,6126194,padded_control,4,encoder_block_4,1.8080172538757324,1,100,100
bar_random_4,bar,random,4,1106007,6126194,padded_control,5,encoder_block_5,1.7921009063720703,1,100,100
bar_random_4,bar,random,4,1106007,6126194,padded_control,6,encoder_block_6,1.7600367069244385,1,100,100
bar_random_4,bar,random,4,1106007,6126194,padded_control,7,encoder_block_7,1.8459486961364744,1,100,100
bar_random_4,bar,random,4,1106007,6126194,padded_control,8,encoder_block_8,1.863430976867676,1,100,100
bar_random_4,bar,random,4,1106007,6126194,padded_control,9,encoder_block_9,1.8353009223937988,1,100,100
bar_random_4,bar,random,4,1106007,6126194,padded_control,10,encoder_block_10,1.93184757232666,2,100,100
bar_random_4,bar,random,4,1106007,6126194,padded_control,11,encoder_block_11,2.2371145486831665,14,100,100
bar_random_4,bar,random,4,1106007,6126194,padded_control,12,encoder_block_12,0.0976658165454864,21,100,100
bar_random_4,bar,random,4,1106007,6126194,attack,0,embedding,0.8347048759460449,11,100,100
bar_random_4,bar,random,4,1106007,6126194,attack,1,encoder_block_1,1.3238515853881836,2,100,100
bar_random_4,bar,random,4,1106007,6126194,attack,2,encoder_block_2,1.5774307250976562,2,100,100
bar_random_4,bar,random,4,1106007,6126194,attack,3,encoder_block_3,1.361879825592041,1,100,100
bar_random_4,bar,random,4,1106007,6126194,attack,4,encoder_block_4,1.7068085670471191,1,100,100
bar_random_4,bar,random,4,1106007,6126194,attack,5,encoder_block_5,1.6904902458190918,1,100,100
bar_random_4,bar,random,4,1106007,6126194,attack,6,encoder_block_6,1.670182704925537,1,100,100
bar_random_4,bar,random,4,1106007,6126194,attack,7,encoder_block_7,1.7227544784545898,1,100,100
bar_random_4,bar,random,4,1106007,6126194,attack,8,encoder_block_8,1.7846341133117676,1,100,100
bar_random_4,bar,random,4,1106007,6126194,attack,9,encoder_block_9,1.7487750053405762,2,100,100
bar_random_4,bar,random,4,1106007,6126194,attack,10,encoder_block_10,1.8936996459960935,2,100,100
bar_random_4,bar,random,4,1106007,6126194,attack,11,encoder_block_11,2.170089840888977,14,100,100
bar_random_4,bar,random,4,1106007,6126194,attack,12,encoder_block_12,-0.1036680042743682,21,100,100
bar_random_4,bar,random,4,1110199,3838645,original,0,embedding,1.0928163528442385,72,100,100
bar_random_4,bar,random,4,1110199,3838645,original,1,encoder_block_1,0.8770804405212402,94,100,100
bar_random_4,bar,random,4,1110199,3838645,original,2,encoder_block_2,1.0785207748413086,92,100,100
bar_random_4,bar,random,4,1110199,3838645,original,3,encoder_block_3,1.0863182544708252,90,100,100
bar_random_4,bar,random,4,1110199,3838645,original,4,encoder_block_4,1.153496265411377,91,100,100
bar_random_4,bar,random,4,1110199,3838645,original,5,encoder_block_5,1.1691253185272217,87,100,100
bar_random_4,bar,random,4,1110199,3838645,original,6,encoder_block_6,1.2261219024658203,77,100,100
bar_random_4,bar,random,4,1110199,3838645,original,7,encoder_block_7,1.3570709228515625,64,100,100
bar_random_4,bar,random,4,1110199,3838645,original,8,encoder_block_8,1.4313509464263916,53,100,100
bar_random_4,bar,random,4,1110199,3838645,original,9,encoder_block_9,1.4866671562194824,31,100,100
bar_random_4,bar,random,4,1110199,3838645,original,10,encoder_block_10,1.481736660003662,5,100,100
bar_random_4,bar,random,4,1110199,3838645,original,11,encoder_block_11,1.350864052772522,7,100,100
bar_random_4,bar,random,4,1110199,3838645,original,12,encoder_block_12,1.8936622440814967,7,100,100
bar_random_4,bar,random,4,1110199,3838645,padded_control,0,embedding,1.092817306518555,72,100,100
bar_random_4,bar,random,4,1110199,3838645,padded_control,1,encoder_block_1,0.8754596710205078,94,100,100
bar_random_4,bar,random,4,1110199,3838645,padded_control,2,encoder_block_2,1.07328462600708,92,100,100
bar_random_4,bar,random,4,1110199,3838645,padded_control,3,encoder_block_3,1.080679178237915,91,100,100
bar_random_4,bar,random,4,1110199,3838645,padded_control,4,encoder_block_4,1.1473557949066162,91,100,100
bar_random_4,bar,random,4,1110199,3838645,padded_control,5,encoder_block_5,1.1676032543182373,87,100,100
bar_random_4,bar,random,4,1110199,3838645,padded_control,6,encoder_block_6,1.220747947692871,77,100,100
bar_random_4,bar,random,4,1110199,3838645,padded_control,7,encoder_block_7,1.339874029159546,66,100,100
bar_random_4,bar,random,4,1110199,3838645,padded_control,8,encoder_block_8,1.411172866821289,54,100,100
bar_random_4,bar,random,4,1110199,3838645,padded_control,9,encoder_block_9,1.4716582298278809,33,100,100
bar_random_4,bar,random,4,1110199,3838645,padded_control,10,encoder_block_10,1.46523118019104,5,100,100
bar_random_4,bar,random,4,1110199,3838645,padded_control,11,encoder_block_11,1.3265475034713743,8,100,100
bar_random_4,bar,random,4,1110199,3838645,padded_control,12,encoder_block_12,1.818388134241104,7,100,100
bar_random_4,bar,random,4,1110199,3838645,attack,0,embedding,0.9132823944091796,87,100,100
bar_random_4,bar,random,4,1110199,3838645,attack,1,encoder_block_1,0.7631015777587891,95,100,100
bar_random_4,bar,random,4,1110199,3838645,attack,2,encoder_block_2,0.9842565059661864,93,100,100
bar_random_4,bar,random,4,1110199,3838645,attack,3,encoder_block_3,0.998159408569336,92,100,100
bar_random_4,bar,random,4,1110199,3838645,attack,4,encoder_block_4,1.0869097709655762,91,100,100
bar_random_4,bar,random,4,1110199,3838645,attack,5,encoder_block_5,1.1142075061798096,91,100,100
bar_random_4,bar,random,4,1110199,3838645,attack,6,encoder_block_6,1.1645522117614746,85,100,100
bar_random_4,bar,random,4,1110199,3838645,attack,7,encoder_block_7,1.3176569938659668,70,100,100
bar_random_4,bar,random,4,1110199,3838645,attack,8,encoder_block_8,1.413276195526123,53,100,100
bar_random_4,bar,random,4,1110199,3838645,attack,9,encoder_block_9,1.4716262817382812,33,100,100
bar_random_4,bar,random,4,1110199,3838645,attack,10,encoder_block_10,1.4770638942718506,5,100,100
bar_random_4,bar,random,4,1110199,3838645,attack,11,encoder_block_11,1.314762830734253,8,100,100
bar_random_4,bar,random,4,1110199,3838645,attack,12,encoder_block_12,1.7285804450511932,8,100,100
bar_random_4,bar,random,4,1112341,8139256,original,0,embedding,1.4486327171325684,13,100,100
bar_random_4,bar,random,4,1112341,8139256,original,1,encoder_block_1,1.6813530921936035,8,100,100
bar_random_4,bar,random,4,1112341,8139256,original,2,encoder_block_2,1.7492218017578125,9,100,100
bar_random_4,bar,random,4,1112341,8139256,original,3,encoder_block_3,1.811652660369873,4,100,100
bar_random_4,bar,random,4,1112341,8139256,original,4,encoder_block_4,1.7302699089050293,9,100,100
bar_random_4,bar,random,4,1112341,8139256,original,5,encoder_block_5,1.7417261600494385,9,100,100
bar_random_4,bar,random,4,1112341,8139256,original,6,encoder_block_6,1.6763277053833008,9,100,100
bar_random_4,bar,random,4,1112341,8139256,original,7,encoder_block_7,1.8838441371917725,6,100,100
bar_random_4,bar,random,4,1112341,8139256,original,8,encoder_block_8,2.119479179382324,1,100,100
bar_random_4,bar,random,4,1112341,8139256,original,9,encoder_block_9,2.1432199478149414,1,100,100
bar_random_4,bar,random,4,1112341,8139256,original,10,encoder_block_10,2.1970181465148926,1,100,100
bar_random_4,bar,random,4,1112341,8139256,original,11,encoder_block_11,3.5947413444519043,2,100,100
bar_random_4,bar,random,4,1112341,8139256,original,12,encoder_block_12,6.284547805786133,1,100,100
bar_random_4,bar,random,4,1112341,8139256,padded_control,0,embedding,1.4486322402954102,13,100,100
bar_random_4,bar,random,4,1112341,8139256,padded_control,1,encoder_block_1,1.6802301406860352,8,100,100
bar_random_4,bar,random,4,1112341,8139256,padded_control,2,encoder_block_2,1.7427644729614258,9,100,100
bar_random_4,bar,random,4,1112341,8139256,padded_control,3,encoder_block_3,1.80812406539917,4,100,100
bar_random_4,bar,random,4,1112341,8139256,padded_control,4,encoder_block_4,1.7305431365966797,9,100,100
bar_random_4,bar,random,4,1112341,8139256,padded_control,5,encoder_block_5,1.7385098934173584,9,100,100
bar_random_4,bar,random,4,1112341,8139256,padded_control,6,encoder_block_6,1.674227952957153,9,100,100
bar_random_4,bar,random,4,1112341,8139256,padded_control,7,encoder_block_7,1.8812193870544436,6,100,100
bar_random_4,bar,random,4,1112341,8139256,padded_control,8,encoder_block_8,2.113887310028076,1,100,100
bar_random_4,bar,random,4,1112341,8139256,padded_control,9,encoder_block_9,2.140394926071167,1,100,100
bar_random_4,bar,random,4,1112341,8139256,padded_control,10,encoder_block_10,2.199427843093872,1,100,100
bar_random_4,bar,random,4,1112341,8139256,padded_control,11,encoder_block_11,3.575263977050781,2,100,100
bar_random_4,bar,random,4,1112341,8139256,padded_control,12,encoder_block_12,6.24525260925293,2,100,100
bar_random_4,bar,random,4,1112341,8139256,attack,0,embedding,1.262009620666504,21,100,100
bar_random_4,bar,random,4,1112341,8139256,attack,1,encoder_block_1,1.4913554191589355,15,100,100
bar_random_4,bar,random,4,1112341,8139256,attack,2,encoder_block_2,1.588298797607422,13,100,100
bar_random_4,bar,random,4,1112341,8139256,attack,3,encoder_block_3,1.5884928703308103,12,100,100
bar_random_4,bar,random,4,1112341,8139256,attack,4,encoder_block_4,1.5375947952270508,18,100,100
bar_random_4,bar,random,4,1112341,8139256,attack,5,encoder_block_5,1.5890321731567385,16,100,100
bar_random_4,bar,random,4,1112341,8139256,attack,6,encoder_block_6,1.5516114234924316,14,100,100
bar_random_4,bar,random,4,1112341,8139256,attack,7,encoder_block_7,1.7494559288024902,10,100,100
bar_random_4,bar,random,4,1112341,8139256,attack,8,encoder_block_8,1.996459007263184,3,100,100
bar_random_4,bar,random,4,1112341,8139256,attack,9,encoder_block_9,2.04457950592041,2,100,100
bar_random_4,bar,random,4,1112341,8139256,attack,10,encoder_block_10,2.1927947998046875,1,100,100
bar_random_4,bar,random,4,1112341,8139256,attack,11,encoder_block_11,3.364485263824463,4,100,100
bar_random_4,bar,random,4,1112341,8139256,attack,12,encoder_block_12,6.080404281616211,3,100,100
bar_random_4,bar,random,4,1113437,4981632,original,0,embedding,0.3180007934570312,80,100,100
bar_random_4,bar,random,4,1113437,4981632,original,1,encoder_block_1,0.4731388092041015,60,100,100
bar_random_4,bar,random,4,1113437,4981632,original,2,encoder_block_2,0.6836404800415039,60,100,100
bar_random_4,bar,random,4,1113437,4981632,original,3,encoder_block_3,0.8600368499755859,55,100,100
bar_random_4,bar,random,4,1113437,4981632,original,4,encoder_block_4,0.9526767730712892,56,100,100
bar_random_4,bar,random,4,1113437,4981632,original,5,encoder_block_5,0.9148330688476562,54,100,100
bar_random_4,bar,random,4,1113437,4981632,original,6,encoder_block_6,1.059793472290039,33,100,100
bar_random_4,bar,random,4,1113437,4981632,original,7,encoder_block_7,1.1850385665893557,21,100,100
bar_random_4,bar,random,4,1113437,4981632,original,8,encoder_block_8,1.2380499839782717,22,100,100
bar_random_4,bar,random,4,1113437,4981632,original,9,encoder_block_9,1.3934805393218994,16,100,100
bar_random_4,bar,random,4,1113437,4981632,original,10,encoder_block_10,1.3988949060440063,10,100,100
bar_random_4,bar,random,4,1113437,4981632,original,11,encoder_block_11,1.1189368963241575,40,100,100
bar_random_4,bar,random,4,1113437,4981632,original,12,encoder_block_12,-1.7963993549346924,37,100,100
bar_random_4,bar,random,4,1113437,4981632,padded_control,0,embedding,0.3180005550384521,80,100,100
bar_random_4,bar,random,4,1113437,4981632,padded_control,1,encoder_block_1,0.4759430885314941,60,100,100
bar_random_4,bar,random,4,1113437,4981632,padded_control,2,encoder_block_2,0.6879973411560059,59,100,100
bar_random_4,bar,random,4,1113437,4981632,padded_control,3,encoder_block_3,0.8597273826599121,55,100,100
bar_random_4,bar,random,4,1113437,4981632,padded_control,4,encoder_block_4,0.9477543830871582,56,100,100
bar_random_4,bar,random,4,1113437,4981632,padded_control,5,encoder_block_5,0.9162375926971436,53,100,100
bar_random_4,bar,random,4,1113437,4981632,padded_control,6,encoder_block_6,1.0608142614364624,33,100,100
bar_random_4,bar,random,4,1113437,4981632,padded_control,7,encoder_block_7,1.183367371559143,21,100,100
bar_random_4,bar,random,4,1113437,4981632,padded_control,8,encoder_block_8,1.2400879859924316,22,100,100
bar_random_4,bar,random,4,1113437,4981632,padded_control,9,encoder_block_9,1.393787860870361,16,100,100
bar_random_4,bar,random,4,1113437,4981632,padded_control,10,encoder_block_10,1.4000470638275146,10,100,100
bar_random_4,bar,random,4,1113437,4981632,padded_control,11,encoder_block_11,1.1327528953552246,39,100,100
bar_random_4,bar,random,4,1113437,4981632,padded_control,12,encoder_block_12,-1.6677920818328855,37,100,100
bar_random_4,bar,random,4,1113437,4981632,attack,0,embedding,0.1090946197509765,96,100,100
bar_random_4,bar,random,4,1113437,4981632,attack,1,encoder_block_1,0.3444032669067383,71,100,100
bar_random_4,bar,random,4,1113437,4981632,attack,2,encoder_block_2,0.607628583908081,65,100,100
bar_random_4,bar,random,4,1113437,4981632,attack,3,encoder_block_3,0.7535429000854492,69,100,100
bar_random_4,bar,random,4,1113437,4981632,attack,4,encoder_block_4,0.8672423362731934,67,100,100
bar_random_4,bar,random,4,1113437,4981632,attack,5,encoder_block_5,0.838642954826355,60,100,100
bar_random_4,bar,random,4,1113437,4981632,attack,6,encoder_block_6,1.0169038772583008,37,100,100
bar_random_4,bar,random,4,1113437,4981632,attack,7,encoder_block_7,1.1333703994750977,25,100,100
bar_random_4,bar,random,4,1113437,4981632,attack,8,encoder_block_8,1.2424612045288086,22,100,100
bar_random_4,bar,random,4,1113437,4981632,attack,9,encoder_block_9,1.4123772382736206,15,100,100
bar_random_4,bar,random,4,1113437,4981632,attack,10,encoder_block_10,1.420925855636597,10,100,100
bar_random_4,bar,random,4,1113437,4981632,attack,11,encoder_block_11,1.1468591690063477,39,100,100
bar_random_4,bar,random,4,1113437,4981632,attack,12,encoder_block_12,-1.7646313905715942,37,100,100
bar_random_4,bar,random,4,1114646,8117094,original,0,embedding,1.2560265064239502,5,100,100
bar_random_4,bar,random,4,1114646,8117094,original,1,encoder_block_1,0.8694207668304443,6,100,100
bar_random_4,bar,random,4,1114646,8117094,original,2,encoder_block_2,0.6403050422668457,12,100,100
bar_random_4,bar,random,4,1114646,8117094,original,3,encoder_block_3,0.3328970670700073,26,100,100
bar_random_4,bar,random,4,1114646,8117094,original,4,encoder_block_4,0.2564983367919922,20,100,100
bar_random_4,bar,random,4,1114646,8117094,original,5,encoder_block_5,0.1512191295623779,21,100,100
bar_random_4,bar,random,4,1114646,8117094,original,6,encoder_block_6,0.0469527244567871,15,100,100
bar_random_4,bar,random,4,1114646,8117094,original,7,encoder_block_7,0.1066806316375732,16,100,100
bar_random_4,bar,random,4,1114646,8117094,original,8,encoder_block_8,0.2619236707687378,11,100,100
bar_random_4,bar,random,4,1114646,8117094,original,9,encoder_block_9,0.5010157823562622,4,100,100
bar_random_4,bar,random,4,1114646,8117094,original,10,encoder_block_10,-0.1777694225311279,12,100,100
bar_random_4,bar,random,4,1114646,8117094,original,11,encoder_block_11,-0.4463258981704712,28,100,100
bar_random_4,bar,random,4,1114646,8117094,original,12,encoder_block_12,-2.769918441772461,13,100,100
bar_random_4,bar,random,4,1114646,8117094,padded_control,0,embedding,1.2560267448425293,5,100,100
bar_random_4,bar,random,4,1114646,8117094,padded_control,1,encoder_block_1,0.868431806564331,6,100,100
bar_random_4,bar,random,4,1114646,8117094,padded_control,2,encoder_block_2,0.6386411190032959,12,100,100
bar_random_4,bar,random,4,1114646,8117094,padded_control,3,encoder_block_3,0.3431873321533203,25,100,100
bar_random_4,bar,random,4,1114646,8117094,padded_control,4,encoder_block_4,0.2684121131896972,19,100,100
bar_random_4,bar,random,4,1114646,8117094,padded_control,5,encoder_block_5,0.1555126905441284,21,100,100
bar_random_4,bar,random,4,1114646,8117094,padded_control,6,encoder_block_6,0.0466090440750122,15,100,100
bar_random_4,bar,random,4,1114646,8117094,padded_control,7,encoder_block_7,0.1131519079208374,16,100,100
bar_random_4,bar,random,4,1114646,8117094,padded_control,8,encoder_block_8,0.2765777111053467,10,100,100
bar_random_4,bar,random,4,1114646,8117094,padded_control,9,encoder_block_9,0.515282392501831,4,100,100
bar_random_4,bar,random,4,1114646,8117094,padded_control,10,encoder_block_10,-0.1541804075241089,12,100,100
bar_random_4,bar,random,4,1114646,8117094,padded_control,11,encoder_block_11,-0.4257593154907226,28,100,100
bar_random_4,bar,random,4,1114646,8117094,padded_control,12,encoder_block_12,-2.776840925216675,13,100,100
bar_random_4,bar,random,4,1114646,8117094,attack,0,embedding,1.101489543914795,13,100,100
bar_random_4,bar,random,4,1114646,8117094,attack,1,encoder_block_1,0.7091894149780273,8,100,100
bar_random_4,bar,random,4,1114646,8117094,attack,2,encoder_block_2,0.5222382545471191,17,100,100
bar_random_4,bar,random,4,1114646,8117094,attack,3,encoder_block_3,0.201910138130188,38,100,100
bar_random_4,bar,random,4,1114646,8117094,attack,4,encoder_block_4,0.1546202898025512,36,100,100
bar_random_4,bar,random,4,1114646,8117094,attack,5,encoder_block_5,0.035546064376831,34,100,100
bar_random_4,bar,random,4,1114646,8117094,attack,6,encoder_block_6,-0.0947952270507812,28,100,100
bar_random_4,bar,random,4,1114646,8117094,attack,7,encoder_block_7,-0.0070412158966064,24,100,100
bar_random_4,bar,random,4,1114646,8117094,attack,8,encoder_block_8,0.1975311040878296,17,100,100
bar_random_4,bar,random,4,1114646,8117094,attack,9,encoder_block_9,0.4831974506378174,8,100,100
bar_random_4,bar,random,4,1114646,8117094,attack,10,encoder_block_10,-0.2177181243896484,15,100,100
bar_random_4,bar,random,4,1114646,8117094,attack,11,encoder_block_11,-0.5679783821105957,29,100,100
bar_random_4,bar,random,4,1114646,8117094,attack,12,encoder_block_12,-6.427173614501953,23,100,100
bar_random_4,bar,random,4,1114819,988373,original,0,embedding,0.9550943374633788,26,100,100
bar_random_4,bar,random,4,1114819,988373,original,1,encoder_block_1,0.733741283416748,43,100,100
bar_random_4,bar,random,4,1114819,988373,original,2,encoder_block_2,0.9232592582702636,39,100,100
bar_random_4,bar,random,4,1114819,988373,original,3,encoder_block_3,0.927321434020996,47,100,100
bar_random_4,bar,random,4,1114819,988373,original,4,encoder_block_4,0.7061219215393066,61,100,100
bar_random_4,bar,random,4,1114819,988373,original,5,encoder_block_5,0.5340163707733154,59,100,100
bar_random_4,bar,random,4,1114819,988373,original,6,encoder_block_6,0.5359745025634766,56,100,100
bar_random_4,bar,random,4,1114819,988373,original,7,encoder_block_7,0.590491771697998,37,100,100
bar_random_4,bar,random,4,1114819,988373,original,8,encoder_block_8,0.7944145202636719,34,100,100
bar_random_4,bar,random,4,1114819,988373,original,9,encoder_block_9,0.9916424751281738,31,100,100
bar_random_4,bar,random,4,1114819,988373,original,10,encoder_block_10,0.9822494983673096,19,100,100
bar_random_4,bar,random,4,1114819,988373,original,11,encoder_block_11,2.536710262298584,13,100,100
bar_random_4,bar,random,4,1114819,988373,original,12,encoder_block_12,4.898218154907227,8,100,100
bar_random_4,bar,random,4,1114819,988373,padded_control,0,embedding,0.9550948143005372,26,100,100
bar_random_4,bar,random,4,1114819,988373,padded_control,1,encoder_block_1,0.7262649536132812,43,100,100
bar_random_4,bar,random,4,1114819,988373,padded_control,2,encoder_block_2,0.923349380493164,39,100,100
bar_random_4,bar,random,4,1114819,988373,padded_control,3,encoder_block_3,0.9358129501342772,46,100,100
bar_random_4,bar,random,4,1114819,988373,padded_control,4,encoder_block_4,0.7121577262878418,60,100,100
bar_random_4,bar,random,4,1114819,988373,padded_control,5,encoder_block_5,0.5358321666717529,59,100,100
bar_random_4,bar,random,4,1114819,988373,padded_control,6,encoder_block_6,0.541933536529541,55,100,100
bar_random_4,bar,random,4,1114819,988373,padded_control,7,encoder_block_7,0.6071240901947021,33,100,100
bar_random_4,bar,random,4,1114819,988373,padded_control,8,encoder_block_8,0.8166604042053223,30,100,100
bar_random_4,bar,random,4,1114819,988373,padded_control,9,encoder_block_9,1.0084781646728516,31,100,100
bar_random_4,bar,random,4,1114819,988373,padded_control,10,encoder_block_10,1.0030031204223633,19,100,100
bar_random_4,bar,random,4,1114819,988373,padded_control,11,encoder_block_11,2.556856155395508,11,100,100
bar_random_4,bar,random,4,1114819,988373,padded_control,12,encoder_block_12,4.944450378417969,8,100,100
bar_random_4,bar,random,4,1114819,988373,attack,0,embedding,0.5237836837768555,67,100,100
bar_random_4,bar,random,4,1114819,988373,attack,1,encoder_block_1,0.5586261749267578,58,100,100
bar_random_4,bar,random,4,1114819,988373,attack,2,encoder_block_2,0.8160467147827148,50,100,100
bar_random_4,bar,random,4,1114819,988373,attack,3,encoder_block_3,0.8292341232299805,67,100,100
bar_random_4,bar,random,4,1114819,988373,attack,4,encoder_block_4,0.5938611030578613,81,100,100
bar_random_4,bar,random,4,1114819,988373,attack,5,encoder_block_5,0.364739179611206,87,100,100
bar_random_4,bar,random,4,1114819,988373,attack,6,encoder_block_6,0.4679944515228271,73,100,100
bar_random_4,bar,random,4,1114819,988373,attack,7,encoder_block_7,0.5483934879302979,48,100,100
bar_random_4,bar,random,4,1114819,988373,attack,8,encoder_block_8,0.8089747428894043,34,100,100
bar_random_4,bar,random,4,1114819,988373,attack,9,encoder_block_9,1.0688395500183103,25,100,100
bar_random_4,bar,random,4,1114819,988373,attack,10,encoder_block_10,1.1941900253295898,12,100,100
bar_random_4,bar,random,4,1114819,988373,attack,11,encoder_block_11,2.8693361282348637,9,100,100
bar_random_4,bar,random,4,1114819,988373,attack,12,encoder_block_12,5.17253303527832,7,100,100
bar_random_4,bar,random,4,1115776,8106324,original,0,embedding,0.7555432319641113,25,100,100
bar_random_4,bar,random,4,1115776,8106324,original,1,encoder_block_1,0.3835937976837158,26,100,100
bar_random_4,bar,random,4,1115776,8106324,original,2,encoder_block_2,0.3556666374206543,35,100,100
bar_random_4,bar,random,4,1115776,8106324,original,3,encoder_block_3,0.2799062728881836,55,100,100
bar_random_4,bar,random,4,1115776,8106324,original,4,encoder_block_4,0.0670588016510009,64,100,100
bar_random_4,bar,random,4,1115776,8106324,original,5,encoder_block_5,-0.0114327669143676,62,100,100
bar_random_4,bar,random,4,1115776,8106324,original,6,encoder_block_6,-0.165021002292633,68,100,100
bar_random_4,bar,random,4,1115776,8106324,original,7,encoder_block_7,-0.1488943099975586,69,100,100
bar_random_4,bar,random,4,1115776,8106324,original,8,encoder_block_8,-0.1795504093170166,68,100,100
bar_random_4,bar,random,4,1115776,8106324,original,9,encoder_block_9,-0.1732739210128784,76,100,100
bar_random_4,bar,random,4,1115776,8106324,original,10,encoder_block_10,-0.2939333915710449,24,100,100
bar_random_4,bar,random,4,1115776,8106324,original,11,encoder_block_11,0.9586806297302246,6,100,100
bar_random_4,bar,random,4,1115776,8106324,original,12,encoder_block_12,1.8031470775604248,6,100,100
bar_random_4,bar,random,4,1115776,8106324,padded_control,0,embedding,0.7555441856384277,25,100,100
bar_random_4,bar,random,4,1115776,8106324,padded_control,1,encoder_block_1,0.3767461776733398,28,100,100
bar_random_4,bar,random,4,1115776,8106324,padded_control,2,encoder_block_2,0.3559129238128662,35,100,100
bar_random_4,bar,random,4,1115776,8106324,padded_control,3,encoder_block_3,0.2865109443664551,54,100,100
bar_random_4,bar,random,4,1115776,8106324,padded_control,4,encoder_block_4,0.0647534132003784,64,100,100
bar_random_4,bar,random,4,1115776,8106324,padded_control,5,encoder_block_5,-0.0063049793243408,62,100,100
bar_random_4,bar,random,4,1115776,8106324,padded_control,6,encoder_block_6,-0.1528838276863098,67,100,100
bar_random_4,bar,random,4,1115776,8106324,padded_control,7,encoder_block_7,-0.142994999885559,68,100,100
bar_random_4,bar,random,4,1115776,8106324,padded_control,8,encoder_block_8,-0.1682662963867187,68,100,100
bar_random_4,bar,random,4,1115776,8106324,padded_control,9,encoder_block_9,-0.2150487899780273,80,100,100
bar_random_4,bar,random,4,1115776,8106324,padded_control,10,encoder_block_10,-0.3411962985992431,29,100,100
bar_random_4,bar,random,4,1115776,8106324,padded_control,11,encoder_block_11,0.9093658924102784,7,100,100
bar_random_4,bar,random,4,1115776,8106324,padded_control,12,encoder_block_12,1.6948624849319458,6,100,100
bar_random_4,bar,random,4,1115776,8106324,attack,0,embedding,0.1517071723937988,78,100,100
bar_random_4,bar,random,4,1115776,8106324,attack,1,encoder_block_1,0.00128173828125,61,100,100
bar_random_4,bar,random,4,1115776,8106324,attack,2,encoder_block_2,0.1253278255462646,61,100,100
bar_random_4,bar,random,4,1115776,8106324,attack,3,encoder_block_3,-0.0084519386291503,70,100,100
bar_random_4,bar,random,4,1115776,8106324,attack,4,encoder_block_4,-0.1236469745635986,77,100,100
bar_random_4,bar,random,4,1115776,8106324,attack,5,encoder_block_5,-0.1515380144119262,69,100,100
bar_random_4,bar,random,4,1115776,8106324,attack,6,encoder_block_6,-0.2439735531806945,76,100,100
bar_random_4,bar,random,4,1115776,8106324,attack,7,encoder_block_7,-0.1724790334701538,72,100,100
bar_random_4,bar,random,4,1115776,8106324,attack,8,encoder_block_8,-0.0726579427719116,64,100,100
bar_random_4,bar,random,4,1115776,8106324,attack,9,encoder_block_9,-0.0392925143241882,64,100,100
bar_random_4,bar,random,4,1115776,8106324,attack,10,encoder_block_10,-0.3106768131256103,26,100,100
bar_random_4,bar,random,4,1115776,8106324,attack,11,encoder_block_11,0.7674088478088379,9,100,100
bar_random_4,bar,random,4,1115776,8106324,attack,12,encoder_block_12,1.4127556085586548,6,100,100
bar_random_4,bar,random,4,1117099,1798612,original,0,embedding,0.2263922691345214,63,100,100
bar_random_4,bar,random,4,1117099,1798612,original,1,encoder_block_1,0.0932955741882324,54,100,100
bar_random_4,bar,random,4,1117099,1798612,original,2,encoder_block_2,0.0653400421142578,56,100,100
bar_random_4,bar,random,4,1117099,1798612,original,3,encoder_block_3,0.0489606857299804,54,100,100
bar_random_4,bar,random,4,1117099,1798612,original,4,encoder_block_4,0.231724739074707,39,100,100
bar_random_4,bar,random,4,1117099,1798612,original,5,encoder_block_5,0.2877826690673828,30,100,100
bar_random_4,bar,random,4,1117099,1798612,original,6,encoder_block_6,0.3752243518829345,25,100,100
bar_random_4,bar,random,4,1117099,1798612,original,7,encoder_block_7,0.3444764614105224,26,100,100
bar_random_4,bar,random,4,1117099,1798612,original,8,encoder_block_8,0.3190245628356933,39,100,100
bar_random_4,bar,random,4,1117099,1798612,original,9,encoder_block_9,0.4999532699584961,32,100,100
bar_random_4,bar,random,4,1117099,1798612,original,10,encoder_block_10,0.7663369178771973,18,100,100
bar_random_4,bar,random,4,1117099,1798612,original,11,encoder_block_11,1.7876355648040771,16,100,100
bar_random_4,bar,random,4,1117099,1798612,original,12,encoder_block_12,3.184497833251953,18,100,100
bar_random_4,bar,random,4,1117099,1798612,padded_control,0,embedding,0.2263927459716797,63,100,100
bar_random_4,bar,random,4,1117099,1798612,padded_control,1,encoder_block_1,0.0912714004516601,54,100,100
bar_random_4,bar,random,4,1117099,1798612,padded_control,2,encoder_block_2,0.0664949417114257,56,100,100
bar_random_4,bar,random,4,1117099,1798612,padded_control,3,encoder_block_3,0.0516996383666992,54,100,100
bar_random_4,bar,random,4,1117099,1798612,padded_control,4,encoder_block_4,0.2348966598510742,38,100,100
bar_random_4,bar,random,4,1117099,1798612,padded_control,5,encoder_block_5,0.2917180061340332,30,100,100
bar_random_4,bar,random,4,1117099,1798612,padded_control,6,encoder_block_6,0.3807187080383301,25,100,100
bar_random_4,bar,random,4,1117099,1798612,padded_control,7,encoder_block_7,0.355759859085083,25,100,100
bar_random_4,bar,random,4,1117099,1798612,padded_control,8,encoder_block_8,0.3267884254455566,39,100,100
bar_random_4,bar,random,4,1117099,1798612,padded_control,9,encoder_block_9,0.510582447052002,31,100,100
bar_random_4,bar,random,4,1117099,1798612,padded_control,10,encoder_block_10,0.7787494659423828,17,100,100
bar_random_4,bar,random,4,1117099,1798612,padded_control,11,encoder_block_11,1.8004915714263916,16,100,100
bar_random_4,bar,random,4,1117099,1798612,padded_control,12,encoder_block_12,3.204582452774048,17,100,100
bar_random_4,bar,random,4,1117099,1798612,attack,0,embedding,0.1395483016967773,71,100,100
bar_random_4,bar,random,4,1117099,1798612,attack,1,encoder_block_1,0.0764608383178711,55,100,100
bar_random_4,bar,random,4,1117099,1798612,attack,2,encoder_block_2,0.0406155586242675,57,100,100
bar_random_4,bar,random,4,1117099,1798612,attack,3,encoder_block_3,-0.0220890045166015,60,100,100
bar_random_4,bar,random,4,1117099,1798612,attack,4,encoder_block_4,0.1749272346496582,42,100,100
bar_random_4,bar,random,4,1117099,1798612,attack,5,encoder_block_5,0.2197141647338867,36,100,100
bar_random_4,bar,random,4,1117099,1798612,attack,6,encoder_block_6,0.3429005146026611,31,100,100
bar_random_4,bar,random,4,1117099,1798612,attack,7,encoder_block_7,0.2864670753479004,32,100,100
bar_random_4,bar,random,4,1117099,1798612,attack,8,encoder_block_8,0.3072218894958496,41,100,100
bar_random_4,bar,random,4,1117099,1798612,attack,9,encoder_block_9,0.4978260993957519,32,100,100
bar_random_4,bar,random,4,1117099,1798612,attack,10,encoder_block_10,0.7979936599731445,17,100,100
bar_random_4,bar,random,4,1117099,1798612,attack,11,encoder_block_11,1.8398170471191408,13,100,100
bar_random_4,bar,random,4,1117099,1798612,attack,12,encoder_block_12,3.2850513458251958,16,100,100
bar_random_4,bar,random,4,1121402,5189913,original,0,embedding,0.4808263778686523,72,100,100
bar_random_4,bar,random,4,1121402,5189913,original,1,encoder_block_1,0.1401429176330566,73,100,100
bar_random_4,bar,random,4,1121402,5189913,original,2,encoder_block_2,0.2945353984832763,69,100,100
bar_random_4,bar,random,4,1121402,5189913,original,3,encoder_block_3,0.3883287906646728,63,100,100
bar_random_4,bar,random,4,1121402,5189913,original,4,encoder_block_4,0.4736652374267578,54,100,100
bar_random_4,bar,random,4,1121402,5189913,original,5,encoder_block_5,0.3962187767028808,59,100,100
bar_random_4,bar,random,4,1121402,5189913,original,6,encoder_block_6,0.5477299690246582,39,100,100
bar_random_4,bar,random,4,1121402,5189913,original,7,encoder_block_7,0.5375113487243652,40,100,100
bar_random_4,bar,random,4,1121402,5189913,original,8,encoder_block_8,0.762603759765625,33,100,100
bar_random_4,bar,random,4,1121402,5189913,original,9,encoder_block_9,0.7920761108398438,21,100,100
bar_random_4,bar,random,4,1121402,5189913,original,10,encoder_block_10,1.0483002662658691,6,100,100
bar_random_4,bar,random,4,1121402,5189913,original,11,encoder_block_11,2.6554441452026367,7,100,100
bar_random_4,bar,random,4,1121402,5189913,original,12,encoder_block_12,5.802740097045898,5,100,100
bar_random_4,bar,random,4,1121402,5189913,padded_control,0,embedding,0.4808259010314941,72,100,100
bar_random_4,bar,random,4,1121402,5189913,padded_control,1,encoder_block_1,0.1391828060150146,73,100,100
bar_random_4,bar,random,4,1121402,5189913,padded_control,2,encoder_block_2,0.2910652160644531,69,100,100
bar_random_4,bar,random,4,1121402,5189913,padded_control,3,encoder_block_3,0.3839211463928222,66,100,100
bar_random_4,bar,random,4,1121402,5189913,padded_control,4,encoder_block_4,0.4789793491363525,53,100,100
bar_random_4,bar,random,4,1121402,5189913,padded_control,5,encoder_block_5,0.3949661254882812,59,100,100
bar_random_4,bar,random,4,1121402,5189913,padded_control,6,encoder_block_6,0.5572607517242432,39,100,100
bar_random_4,bar,random,4,1121402,5189913,padded_control,7,encoder_block_7,0.5445132255554199,40,100,100
bar_random_4,bar,random,4,1121402,5189913,padded_control,8,encoder_block_8,0.7792723178863525,33,100,100
bar_random_4,bar,random,4,1121402,5189913,padded_control,9,encoder_block_9,0.8087043762207031,21,100,100
bar_random_4,bar,random,4,1121402,5189913,padded_control,10,encoder_block_10,1.052690505981445,6,100,100
bar_random_4,bar,random,4,1121402,5189913,padded_control,11,encoder_block_11,2.683107376098633,6,100,100
bar_random_4,bar,random,4,1121402,5189913,padded_control,12,encoder_block_12,5.797379493713379,5,100,100
bar_random_4,bar,random,4,1121402,5189913,attack,0,embedding,0.1790151596069336,88,100,100
bar_random_4,bar,random,4,1121402,5189913,attack,1,encoder_block_1,-0.0733773708343505,87,100,100
bar_random_4,bar,random,4,1121402,5189913,attack,2,encoder_block_2,0.1437067985534668,80,100,100
bar_random_4,bar,random,4,1121402,5189913,attack,3,encoder_block_3,0.2174978256225586,80,100,100
bar_random_4,bar,random,4,1121402,5189913,attack,4,encoder_block_4,0.3207104206085205,75,100,100
bar_random_4,bar,random,4,1121402,5189913,attack,5,encoder_block_5,0.1873950958251953,83,100,100
bar_random_4,bar,random,4,1121402,5189913,attack,6,encoder_block_6,0.3824832439422607,58,100,100
bar_random_4,bar,random,4,1121402,5189913,attack,7,encoder_block_7,0.3552875518798828,49,100,100
bar_random_4,bar,random,4,1121402,5189913,attack,8,encoder_block_8,0.6312770843505859,39,100,100
bar_random_4,bar,random,4,1121402,5189913,attack,9,encoder_block_9,0.6756634712219238,32,100,100
bar_random_4,bar,random,4,1121402,5189913,attack,10,encoder_block_10,0.9419987201690674,7,100,100
bar_random_4,bar,random,4,1121402,5189913,attack,11,encoder_block_11,2.6250600814819336,7,100,100
bar_random_4,bar,random,4,1121402,5189913,attack,12,encoder_block_12,5.685276985168457,6,100,100
bar_random_4,bar,random,4,1121709,1389460,original,0,embedding,0.2769992351531982,79,100,100
bar_random_4,bar,random,4,1121709,1389460,original,1,encoder_block_1,0.4726133346557617,32,100,100
bar_random_4,bar,random,4,1121709,1389460,original,2,encoder_block_2,0.9142446517944336,25,100,100
bar_random_4,bar,random,4,1121709,1389460,original,3,encoder_block_3,1.0248775482177734,15,100,100
bar_random_4,bar,random,4,1121709,1389460,original,4,encoder_block_4,1.09043550491333,21,100,100
bar_random_4,bar,random,4,1121709,1389460,original,5,encoder_block_5,0.8579416275024414,34,100,100
bar_random_4,bar,random,4,1121709,1389460,original,6,encoder_block_6,0.916600465774536,28,100,100
bar_random_4,bar,random,4,1121709,1389460,original,7,encoder_block_7,0.7718093395233154,50,100,100
bar_random_4,bar,random,4,1121709,1389460,original,8,encoder_block_8,0.7808523178100586,49,100,100
bar_random_4,bar,random,4,1121709,1389460,original,9,encoder_block_9,0.9260425567626952,41,100,100
bar_random_4,bar,random,4,1121709,1389460,original,10,encoder_block_10,0.127556562423706,41,100,100
bar_random_4,bar,random,4,1121709,1389460,original,11,encoder_block_11,-2.043547242879868,44,100,100
bar_random_4,bar,random,4,1121709,1389460,original,12,encoder_block_12,-11.49356174468994,22,100,100
bar_random_4,bar,random,4,1121709,1389460,padded_control,0,embedding,0.2769985198974609,79,100,100
bar_random_4,bar,random,4,1121709,1389460,padded_control,1,encoder_block_1,0.4707975387573242,32,100,100
bar_random_4,bar,random,4,1121709,1389460,padded_control,2,encoder_block_2,0.9121322631835938,25,100,100
bar_random_4,bar,random,4,1121709,1389460,padded_control,3,encoder_block_3,1.0198681354522705,15,100,100
bar_random_4,bar,random,4,1121709,1389460,padded_control,4,encoder_block_4,1.080469846725464,21,100,100
bar_random_4,bar,random,4,1121709,1389460,padded_control,5,encoder_block_5,0.8453423976898193,34,100,100
bar_random_4,bar,random,4,1121709,1389460,padded_control,6,encoder_block_6,0.8998427391052246,31,100,100
bar_random_4,bar,random,4,1121709,1389460,padded_control,7,encoder_block_7,0.7545968294143677,54,100,100
bar_random_4,bar,random,4,1121709,1389460,padded_control,8,encoder_block_8,0.7708029747009277,51,100,100
bar_random_4,bar,random,4,1121709,1389460,padded_control,9,encoder_block_9,0.8992311954498291,44,100,100
bar_random_4,bar,random,4,1121709,1389460,padded_control,10,encoder_block_10,0.0327317118644714,52,100,100
bar_random_4,bar,random,4,1121709,1389460,padded_control,11,encoder_block_11,-2.393953442573548,52,100,100
bar_random_4,bar,random,4,1121709,1389460,padded_control,12,encoder_block_12,-11.810171127319336,25,100,100
bar_random_4,bar,random,4,1121709,1389460,attack,0,embedding,0.2370045185089111,82,100,100
bar_random_4,bar,random,4,1121709,1389460,attack,1,encoder_block_1,0.3588063716888428,40,100,100
bar_random_4,bar,random,4,1121709,1389460,attack,2,encoder_block_2,0.8100512027740479,29,100,100
bar_random_4,bar,random,4,1121709,1389460,attack,3,encoder_block_3,0.9100284576416016,20,100,100
bar_random_4,bar,random,4,1121709,1389460,attack,4,encoder_block_4,0.9586577415466307,28,100,100
bar_random_4,bar,random,4,1121709,1389460,attack,5,encoder_block_5,0.7230610847473145,44,100,100
bar_random_4,bar,random,4,1121709,1389460,attack,6,encoder_block_6,0.785042405128479,40,100,100
bar_random_4,bar,random,4,1121709,1389460,attack,7,encoder_block_7,0.611656665802002,63,100,100
bar_random_4,bar,random,4,1121709,1389460,attack,8,encoder_block_8,0.6677312850952148,57,100,100
bar_random_4,bar,random,4,1121709,1389460,attack,9,encoder_block_9,0.7370491027832031,63,100,100
bar_random_4,bar,random,4,1121709,1389460,attack,10,encoder_block_10,-0.1072986721992492,69,100,100
bar_random_4,bar,random,4,1121709,1389460,attack,11,encoder_block_11,-2.76077264547348,62,100,100
bar_random_4,bar,random,4,1121709,1389460,attack,12,encoder_block_12,-12.028061866760254,33,100,100
bar_random_4,bar,random,4,1124210,2258597,original,0,embedding,0.5800065994262695,33,100,100
bar_random_4,bar,random,4,1124210,2258597,original,1,encoder_block_1,-0.1089506149291992,87,100,100
bar_random_4,bar,random,4,1124210,2258597,original,2,encoder_block_2,0.0147089958190917,81,100,100
bar_random_4,bar,random,4,1124210,2258597,original,3,encoder_block_3,0.372748851776123,61,100,100
bar_random_4,bar,random,4,1124210,2258597,original,4,encoder_block_4,0.6658177375793457,35,100,100
bar_random_4,bar,random,4,1124210,2258597,original,5,encoder_block_5,0.5856533050537109,25,100,100
bar_random_4,bar,random,4,1124210,2258597,original,6,encoder_block_6,0.5945525169372559,23,100,100
bar_random_4,bar,random,4,1124210,2258597,original,7,encoder_block_7,0.8320813179016113,15,100,100
bar_random_4,bar,random,4,1124210,2258597,original,8,encoder_block_8,0.935511589050293,8,100,100
bar_random_4,bar,random,4,1124210,2258597,original,9,encoder_block_9,1.0379290580749512,6,100,100
bar_random_4,bar,random,4,1124210,2258597,original,10,encoder_block_10,1.0187492370605469,5,100,100
bar_random_4,bar,random,4,1124210,2258597,original,11,encoder_block_11,1.260847568511963,3,100,100
bar_random_4,bar,random,4,1124210,2258597,original,12,encoder_block_12,0.2487647235393524,10,100,100
bar_random_4,bar,random,4,1124210,2258597,padded_control,0,embedding,0.5800075531005859,33,100,100
bar_random_4,bar,random,4,1124210,2258597,padded_control,1,encoder_block_1,-0.1095643043518066,87,100,100
bar_random_4,bar,random,4,1124210,2258597,padded_control,2,encoder_block_2,0.0156788825988769,81,100,100
bar_random_4,bar,random,4,1124210,2258597,padded_control,3,encoder_block_3,0.3728036880493164,61,100,100
bar_random_4,bar,random,4,1124210,2258597,padded_control,4,encoder_block_4,0.6638906002044678,35,100,100
bar_random_4,bar,random,4,1124210,2258597,padded_control,5,encoder_block_5,0.5868730545043945,25,100,100
bar_random_4,bar,random,4,1124210,2258597,padded_control,6,encoder_block_6,0.5951633453369141,23,100,100
bar_random_4,bar,random,4,1124210,2258597,padded_control,7,encoder_block_7,0.8360199928283691,15,100,100
bar_random_4,bar,random,4,1124210,2258597,padded_control,8,encoder_block_8,0.9424872398376464,8,100,100
bar_random_4,bar,random,4,1124210,2258597,padded_control,9,encoder_block_9,1.0330030918121338,6,100,100
bar_random_4,bar,random,4,1124210,2258597,padded_control,10,encoder_block_10,1.0223438739776611,5,100,100
bar_random_4,bar,random,4,1124210,2258597,padded_control,11,encoder_block_11,1.263702154159546,3,100,100
bar_random_4,bar,random,4,1124210,2258597,padded_control,12,encoder_block_12,0.2720799148082733,10,100,100
bar_random_4,bar,random,4,1124210,2258597,attack,0,embedding,0.4298067092895508,56,100,100
bar_random_4,bar,random,4,1124210,2258597,attack,1,encoder_block_1,-0.2198452949523925,89,100,100
bar_random_4,bar,random,4,1124210,2258597,attack,2,encoder_block_2,-0.0396399497985839,83,100,100
bar_random_4,bar,random,4,1124210,2258597,attack,3,encoder_block_3,0.2858991622924804,67,100,100
bar_random_4,bar,random,4,1124210,2258597,attack,4,encoder_block_4,0.5845601558685303,45,100,100
bar_random_4,bar,random,4,1124210,2258597,attack,5,encoder_block_5,0.4736928939819336,34,100,100
bar_random_4,bar,random,4,1124210,2258597,attack,6,encoder_block_6,0.4854226112365722,33,100,100
bar_random_4,bar,random,4,1124210,2258597,attack,7,encoder_block_7,0.7108726501464844,24,100,100
bar_random_4,bar,random,4,1124210,2258597,attack,8,encoder_block_8,0.8451681137084961,13,100,100
bar_random_4,bar,random,4,1124210,2258597,attack,9,encoder_block_9,0.9821081161499025,8,100,100
bar_random_4,bar,random,4,1124210,2258597,attack,10,encoder_block_10,1.0050253868103027,5,100,100
bar_random_4,bar,random,4,1124210,2258597,attack,11,encoder_block_11,1.2733383178710938,3,100,100
bar_random_4,bar,random,4,1124210,2258597,attack,12,encoder_block_12,0.4091601371765136,9,100,100
bar_random_4,bar,random,4,1129237,2697752,original,0,embedding,-0.2152695655822754,51,100,100
bar_random_4,bar,random,4,1129237,2697752,original,1,encoder_block_1,-0.829967737197876,90,100,100
bar_random_4,bar,random,4,1129237,2697752,original,2,encoder_block_2,-0.3859496116638183,79,100,100
bar_random_4,bar,random,4,1129237,2697752,original,3,encoder_block_3,-0.3067121505737304,77,100,100
bar_random_4,bar,random,4,1129237,2697752,original,4,encoder_block_4,-0.1617064476013183,71,100,100
bar_random_4,bar,random,4,1129237,2697752,original,5,encoder_block_5,-0.2752385139465332,64,100,100
bar_random_4,bar,random,4,1129237,2697752,original,6,encoder_block_6,-0.3856024742126465,72,100,100
bar_random_4,bar,random,4,1129237,2697752,original,7,encoder_block_7,-0.1996879577636718,51,100,100
bar_random_4,bar,random,4,1129237,2697752,original,8,encoder_block_8,0.0123867988586425,30,100,100
bar_random_4,bar,random,4,1129237,2697752,original,9,encoder_block_9,0.3729109764099121,9,100,100
bar_random_4,bar,random,4,1129237,2697752,original,10,encoder_block_10,0.8976078033447266,3,100,100
bar_random_4,bar,random,4,1129237,2697752,original,11,encoder_block_11,2.6303515434265137,2,100,100
bar_random_4,bar,random,4,1129237,2697752,original,12,encoder_block_12,4.295194149017334,2,100,100
bar_random_4,bar,random,4,1129237,2697752,padded_control,0,embedding,-0.2152690887451172,51,100,100
bar_random_4,bar,random,4,1129237,2697752,padded_control,1,encoder_block_1,-0.8277606964111328,90,100,100
bar_random_4,bar,random,4,1129237,2697752,padded_control,2,encoder_block_2,-0.3848443031311035,79,100,100
bar_random_4,bar,random,4,1129237,2697752,padded_control,3,encoder_block_3,-0.305243968963623,77,100,100
bar_random_4,bar,random,4,1129237,2697752,padded_control,4,encoder_block_4,-0.1596417427062988,71,100,100
bar_random_4,bar,random,4,1129237,2697752,padded_control,5,encoder_block_5,-0.276799201965332,64,100,100
bar_random_4,bar,random,4,1129237,2697752,padded_control,6,encoder_block_6,-0.3864419460296631,72,100,100
bar_random_4,bar,random,4,1129237,2697752,padded_control,7,encoder_block_7,-0.1989622116088867,51,100,100
bar_random_4,bar,random,4,1129237,2697752,padded_control,8,encoder_block_8,0.0080223083496093,30,100,100
bar_random_4,bar,random,4,1129237,2697752,padded_control,9,encoder_block_9,0.3679976463317871,9,100,100
bar_random_4,bar,random,4,1129237,2697752,padded_control,10,encoder_block_10,0.8978562355041504,3,100,100
bar_random_4,bar,random,4,1129237,2697752,padded_control,11,encoder_block_11,2.6266891956329346,2,100,100
bar_random_4,bar,random,4,1129237,2697752,padded_control,12,encoder_block_12,4.271169662475586,2,100,100
bar_random_4,bar,random,4,1129237,2697752,attack,0,embedding,-0.370913028717041,72,100,100
bar_random_4,bar,random,4,1129237,2697752,attack,1,encoder_block_1,-0.914330244064331,92,100,100
bar_random_4,bar,random,4,1129237,2697752,attack,2,encoder_block_2,-0.5003252029418945,87,100,100
bar_random_4,bar,random,4,1129237,2697752,attack,3,encoder_block_3,-0.4694154262542724,87,100,100
bar_random_4,bar,random,4,1129237,2697752,attack,4,encoder_block_4,-0.2796378135681152,79,100,100
bar_random_4,bar,random,4,1129237,2697752,attack,5,encoder_block_5,-0.3860805034637451,77,100,100
bar_random_4,bar,random,4,1129237,2697752,attack,6,encoder_block_6,-0.4954876899719238,79,100,100
bar_random_4,bar,random,4,1129237,2697752,attack,7,encoder_block_7,-0.3291854858398437,62,100,100
bar_random_4,bar,random,4,1129237,2697752,attack,8,encoder_block_8,-0.0996234416961669,43,100,100
bar_random_4,bar,random,4,1129237,2697752,attack,9,encoder_block_9,0.2550854682922363,15,100,100
bar_random_4,bar,random,4,1129237,2697752,attack,10,encoder_block_10,0.8499817848205566,3,100,100
bar_random_4,bar,random,4,1129237,2697752,attack,11,encoder_block_11,2.571750402450561,2,100,100
bar_random_4,bar,random,4,1129237,2697752,attack,12,encoder_block_12,4.163144111633301,2,100,100
bar_random_4,bar,random,4,1133167,5674622,original,0,embedding,-0.3599090576171875,51,100,100
bar_random_4,bar,random,4,1133167,5674622,original,1,encoder_block_1,-0.2238578796386718,37,100,100
bar_random_4,bar,random,4,1133167,5674622,original,2,encoder_block_2,0.0894651412963867,23,100,100
bar_random_4,bar,random,4,1133167,5674622,original,3,encoder_block_3,-0.0596203804016113,27,100,100
bar_random_4,bar,random,4,1133167,5674622,original,4,encoder_block_4,-0.0066719055175781,35,100,100
bar_random_4,bar,random,4,1133167,5674622,original,5,encoder_block_5,0.0064270496368408,24,100,100
bar_random_4,bar,random,4,1133167,5674622,original,6,encoder_block_6,0.0849943161010742,23,100,100
bar_random_4,bar,random,4,1133167,5674622,original,7,encoder_block_7,0.1392304897308349,25,100,100
bar_random_4,bar,random,4,1133167,5674622,original,8,encoder_block_8,0.3150386810302734,17,100,100
bar_random_4,bar,random,4,1133167,5674622,original,9,encoder_block_9,0.3377759456634521,26,100,100
bar_random_4,bar,random,4,1133167,5674622,original,10,encoder_block_10,-0.0226194858551025,41,100,100
bar_random_4,bar,random,4,1133167,5674622,original,11,encoder_block_11,0.8448319435119629,49,100,100
bar_random_4,bar,random,4,1133167,5674622,original,12,encoder_block_12,2.4345003366470337,46,100,100
bar_random_4,bar,random,4,1133167,5674622,padded_control,0,embedding,-0.3599085807800293,51,100,100
bar_random_4,bar,random,4,1133167,5674622,padded_control,1,encoder_block_1,-0.2238736152648925,37,100,100
bar_random_4,bar,random,4,1133167,5674622,padded_control,2,encoder_block_2,0.0857667922973632,23,100,100
bar_random_4,bar,random,4,1133167,5674622,padded_control,3,encoder_block_3,-0.053492784500122,27,100,100
bar_random_4,bar,random,4,1133167,5674622,padded_control,4,encoder_block_4,0.003096580505371,33,100,100
bar_random_4,bar,random,4,1133167,5674622,padded_control,5,encoder_block_5,0.0076069831848144,24,100,100
bar_random_4,bar,random,4,1133167,5674622,padded_control,6,encoder_block_6,0.0855908393859863,23,100,100
bar_random_4,bar,random,4,1133167,5674622,padded_control,7,encoder_block_7,0.1410248279571533,25,100,100
bar_random_4,bar,random,4,1133167,5674622,padded_control,8,encoder_block_8,0.3134150505065918,17,100,100
bar_random_4,bar,random,4,1133167,5674622,padded_control,9,encoder_block_9,0.3276245594024658,26,100,100
bar_random_4,bar,random,4,1133167,5674622,padded_control,10,encoder_block_10,-0.0037593841552734,40,100,100
bar_random_4,bar,random,4,1133167,5674622,padded_control,11,encoder_block_11,0.9102463722229004,49,100,100
bar_random_4,bar,random,4,1133167,5674622,padded_control,12,encoder_block_12,2.6153218746185303,46,100,100
bar_random_4,bar,random,4,1133167,5674622,attack,0,embedding,-0.5452003479003906,72,100,100
bar_random_4,bar,random,4,1133167,5674622,attack,1,encoder_block_1,-0.3744351863861084,59,100,100
bar_random_4,bar,random,4,1133167,5674622,attack,2,encoder_block_2,-0.0348854064941406,34,100,100
bar_random_4,bar,random,4,1133167,5674622,attack,3,encoder_block_3,-0.1821002960205078,40,100,100
bar_random_4,bar,random,4,1133167,5674622,attack,4,encoder_block_4,-0.1194233894348144,54,100,100
bar_random_4,bar,random,4,1133167,5674622,attack,5,encoder_block_5,-0.0994372367858886,35,100,100
bar_random_4,bar,random,4,1133167,5674622,attack,6,encoder_block_6,-0.0114343166351318,33,100,100
bar_random_4,bar,random,4,1133167,5674622,attack,7,encoder_block_7,0.0506350994110107,33,100,100
bar_random_4,bar,random,4,1133167,5674622,attack,8,encoder_block_8,0.2530820369720459,19,100,100
bar_random_4,bar,random,4,1133167,5674622,attack,9,encoder_block_9,0.2930226325988769,31,100,100
bar_random_4,bar,random,4,1133167,5674622,attack,10,encoder_block_10,-0.0716838836669921,41,100,100
bar_random_4,bar,random,4,1133167,5674622,attack,11,encoder_block_11,0.778040885925293,50,100,100
bar_random_4,bar,random,4,1133167,5674622,attack,12,encoder_block_12,2.3053534030914307,46,100,100
bar_random_4,bar,random,4,130510,1494936,original,0,embedding,0.4145472049713135,47,100,100
bar_random_4,bar,random,4,130510,1494936,original,1,encoder_block_1,-0.0747127532958984,70,100,100
bar_random_4,bar,random,4,130510,1494936,original,2,encoder_block_2,0.2577583789825439,57,100,100
bar_random_4,bar,random,4,130510,1494936,original,3,encoder_block_3,0.0868659019470214,57,100,100
bar_random_4,bar,random,4,130510,1494936,original,4,encoder_block_4,0.0484974384307861,55,100,100
bar_random_4,bar,random,4,130510,1494936,original,5,encoder_block_5,0.0590553283691406,55,100,100
bar_random_4,bar,random,4,130510,1494936,original,6,encoder_block_6,0.061549425125122,50,100,100
bar_random_4,bar,random,4,130510,1494936,original,7,encoder_block_7,0.1757409572601318,44,100,100
bar_random_4,bar,random,4,130510,1494936,original,8,encoder_block_8,0.3329865932464599,35,100,100
bar_random_4,bar,random,4,130510,1494936,original,9,encoder_block_9,0.644644021987915,18,100,100
bar_random_4,bar,random,4,130510,1494936,original,10,encoder_block_10,1.0942609310150146,3,100,100
bar_random_4,bar,random,4,130510,1494936,original,11,encoder_block_11,2.1742987632751465,6,100,100
bar_random_4,bar,random,4,130510,1494936,original,12,encoder_block_12,3.561265468597412,6,100,100
bar_random_4,bar,random,4,130510,1494936,padded_control,0,embedding,0.4145470857620239,47,100,100
bar_random_4,bar,random,4,130510,1494936,padded_control,1,encoder_block_1,-0.0817840099334716,71,100,100
bar_random_4,bar,random,4,130510,1494936,padded_control,2,encoder_block_2,0.249441385269165,58,100,100
bar_random_4,bar,random,4,130510,1494936,padded_control,3,encoder_block_3,0.0921621322631836,57,100,100
bar_random_4,bar,random,4,130510,1494936,padded_control,4,encoder_block_4,0.0610377788543701,52,100,100
bar_random_4,bar,random,4,130510,1494936,padded_control,5,encoder_block_5,0.0746536254882812,53,100,100
bar_random_4,bar,random,4,130510,1494936,padded_control,6,encoder_block_6,0.0909271240234375,45,100,100
bar_random_4,bar,random,4,130510,1494936,padded_control,7,encoder_block_7,0.2094380855560302,42,100,100
bar_random_4,bar,random,4,130510,1494936,padded_control,8,encoder_block_8,0.3661484718322754,31,100,100
bar_random_4,bar,random,4,130510,1494936,padded_control,9,encoder_block_9,0.6832385063171387,17,100,100
bar_random_4,bar,random,4,130510,1494936,padded_control,10,encoder_block_10,1.1114447116851809,3,100,100
bar_random_4,bar,random,4,130510,1494936,padded_control,11,encoder_block_11,2.161062717437744,6,100,100
bar_random_4,bar,random,4,130510,1494936,padded_control,12,encoder_block_12,3.5454397201538086,6,100,100
bar_random_4,bar,random,4,130510,1494936,attack,0,embedding,0.1260374784469604,78,100,100
bar_random_4,bar,random,4,130510,1494936,attack,1,encoder_block_1,-0.1958217620849609,79,100,100
bar_random_4,bar,random,4,130510,1494936,attack,2,encoder_block_2,0.1944696903228759,63,100,100
bar_random_4,bar,random,4,130510,1494936,attack,3,encoder_block_3,0.0057315826416015,66,100,100
bar_random_4,bar,random,4,130510,1494936,attack,4,encoder_block_4,-0.0284068584442138,72,100,100
bar_random_4,bar,random,4,130510,1494936,attack,5,encoder_block_5,-0.0297362804412841,68,100,100
bar_random_4,bar,random,4,130510,1494936,attack,6,encoder_block_6,0.0794663429260253,48,100,100
bar_random_4,bar,random,4,130510,1494936,attack,7,encoder_block_7,0.1673064231872558,44,100,100
bar_random_4,bar,random,4,130510,1494936,attack,8,encoder_block_8,0.3734614849090576,30,100,100
bar_random_4,bar,random,4,130510,1494936,attack,9,encoder_block_9,0.640578031539917,18,100,100
bar_random_4,bar,random,4,130510,1494936,attack,10,encoder_block_10,1.0444157123565674,3,100,100
bar_random_4,bar,random,4,130510,1494936,attack,11,encoder_block_11,2.0704667568206787,6,100,100
bar_random_4,bar,random,4,130510,1494936,attack,12,encoder_block_12,3.4211697578430176,6,100,100
bar_random_4,bar,random,4,131843,8305152,original,0,embedding,0.0451273918151855,81,100,100
bar_random_4,bar,random,4,131843,8305152,original,1,encoder_block_1,-0.4817818403244018,88,100,100
bar_random_4,bar,random,4,131843,8305152,original,2,encoder_block_2,-0.319859504699707,90,100,100
bar_random_4,bar,random,4,131843,8305152,original,3,encoder_block_3,-0.3433289527893066,92,100,100
bar_random_4,bar,random,4,131843,8305152,original,4,encoder_block_4,-0.2720351219177246,91,100,100
bar_random_4,bar,random,4,131843,8305152,original,5,encoder_block_5,-0.0504491329193115,91,100,100
bar_random_4,bar,random,4,131843,8305152,original,6,encoder_block_6,0.1368653774261474,84,100,100
bar_random_4,bar,random,4,131843,8305152,original,7,encoder_block_7,0.0036597251892089,85,100,100
bar_random_4,bar,random,4,131843,8305152,original,8,encoder_block_8,0.1005210876464843,58,100,100
bar_random_4,bar,random,4,131843,8305152,original,9,encoder_block_9,0.5894267559051514,22,100,100
bar_random_4,bar,random,4,131843,8305152,original,10,encoder_block_10,1.3263812065124512,1,100,100
bar_random_4,bar,random,4,131843,8305152,original,11,encoder_block_11,3.336597442626953,1,100,100
bar_random_4,bar,random,4,131843,8305152,original,12,encoder_block_12,6.186569213867188,1,100,100
bar_random_4,bar,random,4,131843,8305152,padded_control,0,embedding,0.0451281070709228,81,100,100
bar_random_4,bar,random,4,131843,8305152,padded_control,1,encoder_block_1,-0.4772508144378662,88,100,100
bar_random_4,bar,random,4,131843,8305152,padded_control,2,encoder_block_2,-0.3252303600311279,90,100,100
bar_random_4,bar,random,4,131843,8305152,padded_control,3,encoder_block_3,-0.3484885692596435,92,100,100
bar_random_4,bar,random,4,131843,8305152,padded_control,4,encoder_block_4,-0.2771553993225097,91,100,100
bar_random_4,bar,random,4,131843,8305152,padded_control,5,encoder_block_5,-0.0554909706115722,91,100,100
bar_random_4,bar,random,4,131843,8305152,padded_control,6,encoder_block_6,0.1288599967956543,84,100,100
bar_random_4,bar,random,4,131843,8305152,padded_control,7,encoder_block_7,-0.002434492111206,86,100,100
bar_random_4,bar,random,4,131843,8305152,padded_control,8,encoder_block_8,0.1131594181060791,56,100,100
bar_random_4,bar,random,4,131843,8305152,padded_control,9,encoder_block_9,0.6001453399658203,22,100,100
bar_random_4,bar,random,4,131843,8305152,padded_control,10,encoder_block_10,1.3182547092437744,1,100,100
bar_random_4,bar,random,4,131843,8305152,padded_control,11,encoder_block_11,3.3461742401123047,1,100,100
bar_random_4,bar,random,4,131843,8305152,padded_control,12,encoder_block_12,6.19346809387207,1,100,100
bar_random_4,bar,random,4,131843,8305152,attack,0,embedding,-0.1875228881835937,90,100,100
bar_random_4,bar,random,4,131843,8305152,attack,1,encoder_block_1,-0.5586916208267212,89,100,100
bar_random_4,bar,random,4,131843,8305152,attack,2,encoder_block_2,-0.3994231224060058,93,100,100
bar_random_4,bar,random,4,131843,8305152,attack,3,encoder_block_3,-0.4495222568511963,96,100,100
bar_random_4,bar,random,4,131843,8305152,attack,4,encoder_block_4,-0.3817120790481567,97,100,100
bar_random_4,bar,random,4,131843,8305152,attack,5,encoder_block_5,-0.1905425786972046,93,100,100
bar_random_4,bar,random,4,131843,8305152,attack,6,encoder_block_6,0.0268225669860839,88,100,100
bar_random_4,bar,random,4,131843,8305152,attack,7,encoder_block_7,-0.105538010597229,93,100,100
bar_random_4,bar,random,4,131843,8305152,attack,8,encoder_block_8,0.0767369270324707,64,100,100
bar_random_4,bar,random,4,131843,8305152,attack,9,encoder_block_9,0.5935828685760498,22,100,100
bar_random_4,bar,random,4,131843,8305152,attack,10,encoder_block_10,1.332756280899048,1,100,100
bar_random_4,bar,random,4,131843,8305152,attack,11,encoder_block_11,3.412139415740967,1,100,100
bar_random_4,bar,random,4,131843,8305152,attack,12,encoder_block_12,6.290096282958984,1,100,100
bar_random_4,bar,random,4,146187,8434626,original,0,embedding,0.8186893463134766,34,100,100
bar_random_4,bar,random,4,146187,8434626,original,1,encoder_block_1,0.8562822341918945,22,100,100
bar_random_4,bar,random,4,146187,8434626,original,2,encoder_block_2,0.9611597061157228,24,100,100
bar_random_4,bar,random,4,146187,8434626,original,3,encoder_block_3,1.1117756366729736,21,100,100
bar_random_4,bar,random,4,146187,8434626,original,4,encoder_block_4,1.28155779838562,17,100,100
bar_random_4,bar,random,4,146187,8434626,original,5,encoder_block_5,1.2142610549926758,11,100,100
bar_random_4,bar,random,4,146187,8434626,original,6,encoder_block_6,1.2386045455932615,12,100,100
bar_random_4,bar,random,4,146187,8434626,original,7,encoder_block_7,1.1996808052062988,15,100,100
bar_random_4,bar,random,4,146187,8434626,original,8,encoder_block_8,1.1204800605773926,16,100,100
bar_random_4,bar,random,4,146187,8434626,original,9,encoder_block_9,1.163987159729004,22,100,100
bar_random_4,bar,random,4,146187,8434626,original,10,encoder_block_10,0.9799554347991944,12,100,100
bar_random_4,bar,random,4,146187,8434626,original,11,encoder_block_11,1.9088294506073,11,100,100
bar_random_4,bar,random,4,146187,8434626,original,12,encoder_block_12,2.198522448539734,13,100,100
bar_random_4,bar,random,4,146187,8434626,padded_control,0,embedding,0.8186888694763184,34,100,100
bar_random_4,bar,random,4,146187,8434626,padded_control,1,encoder_block_1,0.8639862537384033,22,100,100
bar_random_4,bar,random,4,146187,8434626,padded_control,2,encoder_block_2,0.9616408348083496,24,100,100
bar_random_4,bar,random,4,146187,8434626,padded_control,3,encoder_block_3,1.1160759925842283,21,100,100
bar_random_4,bar,random,4,146187,8434626,padded_control,4,encoder_block_4,1.2866554260253906,15,100,100
bar_random_4,bar,random,4,146187,8434626,padded_control,5,encoder_block_5,1.2123823165893557,11,100,100
bar_random_4,bar,random,4,146187,8434626,padded_control,6,encoder_block_6,1.2361416816711426,12,100,100
bar_random_4,bar,random,4,146187,8434626,padded_control,7,encoder_block_7,1.1969821453094482,15,100,100
bar_random_4,bar,random,4,146187,8434626,padded_control,8,encoder_block_8,1.125361442565918,16,100,100
bar_random_4,bar,random,4,146187,8434626,padded_control,9,encoder_block_9,1.1571547985076904,22,100,100
bar_random_4,bar,random,4,146187,8434626,padded_control,10,encoder_block_10,0.9688191413879396,13,100,100
bar_random_4,bar,random,4,146187,8434626,padded_control,11,encoder_block_11,1.8877246379852293,11,100,100
bar_random_4,bar,random,4,146187,8434626,padded_control,12,encoder_block_12,2.2069883346557617,12,100,100
bar_random_4,bar,random,4,146187,8434626,attack,0,embedding,0.6040558815002441,59,100,100
bar_random_4,bar,random,4,146187,8434626,attack,1,encoder_block_1,0.7047152519226074,39,100,100
bar_random_4,bar,random,4,146187,8434626,attack,2,encoder_block_2,0.8891911506652832,29,100,100
bar_random_4,bar,random,4,146187,8434626,attack,3,encoder_block_3,1.0448415279388428,27,100,100
bar_random_4,bar,random,4,146187,8434626,attack,4,encoder_block_4,1.2171831130981443,21,100,100
bar_random_4,bar,random,4,146187,8434626,attack,5,encoder_block_5,1.1261017322540283,15,100,100
bar_random_4,bar,random,4,146187,8434626,attack,6,encoder_block_6,1.1829700469970703,17,100,100
bar_random_4,bar,random,4,146187,8434626,attack,7,encoder_block_7,1.1308460235595703,23,100,100
bar_random_4,bar,random,4,146187,8434626,attack,8,encoder_block_8,1.094484806060791,18,100,100
bar_random_4,bar,random,4,146187,8434626,attack,9,encoder_block_9,1.180635690689087,21,100,100
bar_random_4,bar,random,4,146187,8434626,attack,10,encoder_block_10,1.0092992782592771,12,100,100
bar_random_4,bar,random,4,146187,8434626,attack,11,encoder_block_11,1.8909025192260744,11,100,100
bar_random_4,bar,random,4,146187,8434626,attack,12,encoder_block_12,1.9757754802703855,16,100,100
bar_random_4,bar,random,4,148538,8181574,original,0,embedding,0.0338578224182128,76,100,100
bar_random_4,bar,random,4,148538,8181574,original,1,encoder_block_1,0.480750560760498,31,100,100
bar_random_4,bar,random,4,148538,8181574,original,2,encoder_block_2,0.889561653137207,27,100,100
bar_random_4,bar,random,4,148538,8181574,original,3,encoder_block_3,1.1115541458129885,17,100,100
bar_random_4,bar,random,4,148538,8181574,original,4,encoder_block_4,1.146008014678955,23,100,100
bar_random_4,bar,random,4,148538,8181574,original,5,encoder_block_5,1.0081357955932615,26,100,100
bar_random_4,bar,random,4,148538,8181574,original,6,encoder_block_6,1.0072407722473145,29,100,100
bar_random_4,bar,random,4,148538,8181574,original,7,encoder_block_7,1.0733280181884766,19,100,100
bar_random_4,bar,random,4,148538,8181574,original,8,encoder_block_8,1.1593351364135742,21,100,100
bar_random_4,bar,random,4,148538,8181574,original,9,encoder_block_9,1.2307915687561035,36,100,100
bar_random_4,bar,random,4,148538,8181574,original,10,encoder_block_10,0.1248464584350586,80,100,100
bar_random_4,bar,random,4,148538,8181574,original,11,encoder_block_11,-1.7904731035232544,98,100,100
bar_random_4,bar,random,4,148538,8181574,original,12,encoder_block_12,-11.936710357666016,98,100,100
bar_random_4,bar,random,4,148538,8181574,padded_control,0,embedding,0.0338587760925293,76,100,100
bar_random_4,bar,random,4,148538,8181574,padded_control,1,encoder_block_1,0.4831643104553222,31,100,100
bar_random_4,bar,random,4,148538,8181574,padded_control,2,encoder_block_2,0.8944845199584961,27,100,100
bar_random_4,bar,random,4,148538,8181574,padded_control,3,encoder_block_3,1.1152582168579102,17,100,100
bar_random_4,bar,random,4,148538,8181574,padded_control,4,encoder_block_4,1.1498632431030271,23,100,100
bar_random_4,bar,random,4,148538,8181574,padded_control,5,encoder_block_5,1.006868839263916,27,100,100
bar_random_4,bar,random,4,148538,8181574,padded_control,6,encoder_block_6,1.0001263618469238,29,100,100
bar_random_4,bar,random,4,148538,8181574,padded_control,7,encoder_block_7,1.0622973442077637,20,100,100
bar_random_4,bar,random,4,148538,8181574,padded_control,8,encoder_block_8,1.1423454284667969,23,100,100
bar_random_4,bar,random,4,148538,8181574,padded_control,9,encoder_block_9,1.2103185653686523,38,100,100
bar_random_4,bar,random,4,148538,8181574,padded_control,10,encoder_block_10,0.0914738178253173,82,100,100
bar_random_4,bar,random,4,148538,8181574,padded_control,11,encoder_block_11,-1.851387858390808,98,100,100
bar_random_4,bar,random,4,148538,8181574,padded_control,12,encoder_block_12,-11.955382347106934,98,100,100
bar_random_4,bar,random,4,148538,8181574,attack,0,embedding,-0.0718951225280761,86,100,100
bar_random_4,bar,random,4,148538,8181574,attack,1,encoder_block_1,0.3771557807922363,39,100,100
bar_random_4,bar,random,4,148538,8181574,attack,2,encoder_block_2,0.8141531944274902,36,100,100
bar_random_4,bar,random,4,148538,8181574,attack,3,encoder_block_3,0.9865331649780272,24,100,100
bar_random_4,bar,random,4,148538,8181574,attack,4,encoder_block_4,1.0441679954528809,30,100,100
bar_random_4,bar,random,4,148538,8181574,attack,5,encoder_block_5,0.9127702713012696,36,100,100
bar_random_4,bar,random,4,148538,8181574,attack,6,encoder_block_6,0.9113931655883788,41,100,100
bar_random_4,bar,random,4,148538,8181574,attack,7,encoder_block_7,0.9462432861328124,35,100,100
bar_random_4,bar,random,4,148538,8181574,attack,8,encoder_block_8,1.0579447746276855,32,100,100
bar_random_4,bar,random,4,148538,8181574,attack,9,encoder_block_9,1.1321322917938232,49,100,100
bar_random_4,bar,random,4,148538,8181574,attack,10,encoder_block_10,0.0617179870605468,83,100,100
bar_random_4,bar,random,4,148538,8181574,attack,11,encoder_block_11,-1.8411872386932373,98,100,100
bar_random_4,bar,random,4,148538,8181574,attack,12,encoder_block_12,-11.992597579956056,98,100,100
bar_random_4,bar,random,4,156493,2411918,original,0,embedding,0.6322650909423828,94,100,100
bar_random_4,bar,random,4,156493,2411918,original,1,encoder_block_1,1.3086433410644531,34,100,100
bar_random_4,bar,random,4,156493,2411918,original,2,encoder_block_2,1.3716647624969482,27,100,100
bar_random_4,bar,random,4,156493,2411918,original,3,encoder_block_3,1.3721928596496582,31,100,100
bar_random_4,bar,random,4,156493,2411918,original,4,encoder_block_4,1.5484943389892578,23,100,100
bar_random_4,bar,random,4,156493,2411918,original,5,encoder_block_5,1.7920410633087158,15,100,100
bar_random_4,bar,random,4,156493,2411918,original,6,encoder_block_6,1.719512939453125,15,100,100
bar_random_4,bar,random,4,156493,2411918,original,7,encoder_block_7,1.8959312438964844,12,100,100
bar_random_4,bar,random,4,156493,2411918,original,8,encoder_block_8,1.911412000656128,8,100,100
bar_random_4,bar,random,4,156493,2411918,original,9,encoder_block_9,1.913116693496704,11,100,100
bar_random_4,bar,random,4,156493,2411918,original,10,encoder_block_10,1.790907382965088,8,100,100
bar_random_4,bar,random,4,156493,2411918,original,11,encoder_block_11,2.6601219177246094,9,100,100
bar_random_4,bar,random,4,156493,2411918,original,12,encoder_block_12,1.821057140827179,53,100,100
bar_random_4,bar,random,4,156493,2411918,padded_control,0,embedding,0.6322650909423828,94,100,100
bar_random_4,bar,random,4,156493,2411918,padded_control,1,encoder_block_1,1.3106341361999512,34,100,100
bar_random_4,bar,random,4,156493,2411918,padded_control,2,encoder_block_2,1.3736844062805176,27,100,100
bar_random_4,bar,random,4,156493,2411918,padded_control,3,encoder_block_3,1.3765249252319336,30,100,100
bar_random_4,bar,random,4,156493,2411918,padded_control,4,encoder_block_4,1.5589377880096436,21,100,100
bar_random_4,bar,random,4,156493,2411918,padded_control,5,encoder_block_5,1.801853895187378,15,100,100
bar_random_4,bar,random,4,156493,2411918,padded_control,6,encoder_block_6,1.7265839576721191,15,100,100
bar_random_4,bar,random,4,156493,2411918,padded_control,7,encoder_block_7,1.9067840576171875,11,100,100
bar_random_4,bar,random,4,156493,2411918,padded_control,8,encoder_block_8,1.918296337127685,8,100,100
bar_random_4,bar,random,4,156493,2411918,padded_control,9,encoder_block_9,1.9132204055786133,11,100,100
bar_random_4,bar,random,4,156493,2411918,padded_control,10,encoder_block_10,1.793447494506836,8,100,100
bar_random_4,bar,random,4,156493,2411918,padded_control,11,encoder_block_11,2.6492995023727417,12,100,100
bar_random_4,bar,random,4,156493,2411918,padded_control,12,encoder_block_12,1.8363136649131773,53,100,100
bar_random_4,bar,random,4,156493,2411918,attack,0,embedding,0.4836854934692383,97,100,100
bar_random_4,bar,random,4,156493,2411918,attack,1,encoder_block_1,1.2077569961547852,48,100,100
bar_random_4,bar,random,4,156493,2411918,attack,2,encoder_block_2,1.2946672439575195,32,100,100
bar_random_4,bar,random,4,156493,2411918,attack,3,encoder_block_3,1.2381305694580078,43,100,100
bar_random_4,bar,random,4,156493,2411918,attack,4,encoder_block_4,1.4299418926239014,28,100,100
bar_random_4,bar,random,4,156493,2411918,attack,5,encoder_block_5,1.584627628326416,22,100,100
bar_random_4,bar,random,4,156493,2411918,attack,6,encoder_block_6,1.527298927307129,20,100,100
bar_random_4,bar,random,4,156493,2411918,attack,7,encoder_block_7,1.6866319179534912,17,100,100
bar_random_4,bar,random,4,156493,2411918,attack,8,encoder_block_8,1.7562236785888672,16,100,100
bar_random_4,bar,random,4,156493,2411918,attack,9,encoder_block_9,1.796170711517334,19,100,100
bar_random_4,bar,random,4,156493,2411918,attack,10,encoder_block_10,1.7535672187805176,13,100,100
bar_random_4,bar,random,4,156493,2411918,attack,11,encoder_block_11,2.5931111574172974,17,100,100
bar_random_4,bar,random,4,156493,2411918,attack,12,encoder_block_12,1.7635010182857511,53,100,100
bar_random_4,bar,random,4,168216,3174840,original,0,embedding,-0.6338040828704834,99,100,100
bar_random_4,bar,random,4,168216,3174840,original,1,encoder_block_1,-0.3851568698883056,74,100,100
bar_random_4,bar,random,4,168216,3174840,original,2,encoder_block_2,-0.2682242393493652,75,100,100
bar_random_4,bar,random,4,168216,3174840,original,3,encoder_block_3,0.0878183841705322,43,100,100
bar_random_4,bar,random,4,168216,3174840,original,4,encoder_block_4,0.1511220932006836,32,100,100
bar_random_4,bar,random,4,168216,3174840,original,5,encoder_block_5,0.0719380378723144,36,100,100
bar_random_4,bar,random,4,168216,3174840,original,6,encoder_block_6,0.048872947692871,36,100,100
bar_random_4,bar,random,4,168216,3174840,original,7,encoder_block_7,0.1533160209655761,35,100,100
bar_random_4,bar,random,4,168216,3174840,original,8,encoder_block_8,0.1931724548339843,29,100,100
bar_random_4,bar,random,4,168216,3174840,original,9,encoder_block_9,0.5074460506439209,15,100,100
bar_random_4,bar,random,4,168216,3174840,original,10,encoder_block_10,0.6587412357330322,6,100,100
bar_random_4,bar,random,4,168216,3174840,original,11,encoder_block_11,1.8547282218933103,7,100,100
bar_random_4,bar,random,4,168216,3174840,original,12,encoder_block_12,3.076498985290528,58,100,100
bar_random_4,bar,random,4,168216,3174840,padded_control,0,embedding,-0.6338038444519043,99,100,100
bar_random_4,bar,random,4,168216,3174840,padded_control,1,encoder_block_1,-0.3841996192932129,74,100,100
bar_random_4,bar,random,4,168216,3174840,padded_control,2,encoder_block_2,-0.2743778228759765,78,100,100
bar_random_4,bar,random,4,168216,3174840,padded_control,3,encoder_block_3,0.0828723907470703,44,100,100
bar_random_4,bar,random,4,168216,3174840,padded_control,4,encoder_block_4,0.1450510025024414,32,100,100
bar_random_4,bar,random,4,168216,3174840,padded_control,5,encoder_block_5,0.0647211074829101,36,100,100
bar_random_4,bar,random,4,168216,3174840,padded_control,6,encoder_block_6,0.0451605319976806,36,100,100
bar_random_4,bar,random,4,168216,3174840,padded_control,7,encoder_block_7,0.1445884704589843,35,100,100
bar_random_4,bar,random,4,168216,3174840,padded_control,8,encoder_block_8,0.1791810989379882,30,100,100
bar_random_4,bar,random,4,168216,3174840,padded_control,9,encoder_block_9,0.4765095710754394,19,100,100
bar_random_4,bar,random,4,168216,3174840,padded_control,10,encoder_block_10,0.6494801044464111,6,100,100
bar_random_4,bar,random,4,168216,3174840,padded_control,11,encoder_block_11,1.8504966497421265,7,100,100
bar_random_4,bar,random,4,168216,3174840,padded_control,12,encoder_block_12,3.115156650543213,57,100,100
bar_random_4,bar,random,4,168216,3174840,attack,0,embedding,-0.7330927848815918,99,100,100
bar_random_4,bar,random,4,168216,3174840,attack,1,encoder_block_1,-0.508173942565918,89,100,100
bar_random_4,bar,random,4,168216,3174840,attack,2,encoder_block_2,-0.3761451244354248,89,100,100
bar_random_4,bar,random,4,168216,3174840,attack,3,encoder_block_3,-0.0446455478668212,63,100,100
bar_random_4,bar,random,4,168216,3174840,attack,4,encoder_block_4,0.0669550895690918,38,100,100
bar_random_4,bar,random,4,168216,3174840,attack,5,encoder_block_5,0.008211612701416,43,100,100
bar_random_4,bar,random,4,168216,3174840,attack,6,encoder_block_6,0.015610933303833,42,100,100
bar_random_4,bar,random,4,168216,3174840,attack,7,encoder_block_7,0.073477029800415,40,100,100
bar_random_4,bar,random,4,168216,3174840,attack,8,encoder_block_8,0.1718800067901611,32,100,100
bar_random_4,bar,random,4,168216,3174840,attack,9,encoder_block_9,0.4450175762176513,22,100,100
bar_random_4,bar,random,4,168216,3174840,attack,10,encoder_block_10,0.6277730464935303,10,100,100
bar_random_4,bar,random,4,168216,3174840,attack,11,encoder_block_11,1.8109235763549805,7,100,100
bar_random_4,bar,random,4,168216,3174840,attack,12,encoder_block_12,2.9659528732299805,59,100,100
bar_random_4,bar,random,4,182539,57443,original,0,embedding,0.2522985935211181,55,100,100
bar_random_4,bar,random,4,182539,57443,original,1,encoder_block_1,-0.1243147850036621,67,100,100
bar_random_4,bar,random,4,182539,57443,original,2,encoder_block_2,0.010246992111206,69,100,100
bar_random_4,bar,random,4,182539,57443,original,3,encoder_block_3,0.0935795307159423,50,100,100
bar_random_4,bar,random,4,182539,57443,original,4,encoder_block_4,0.1608998775482177,51,100,100
bar_random_4,bar,random,4,182539,57443,original,5,encoder_block_5,0.3986899852752685,38,100,100
bar_random_4,bar,random,4,182539,57443,original,6,encoder_block_6,0.3436722755432129,37,100,100
bar_random_4,bar,random,4,182539,57443,original,7,encoder_block_7,0.4343082904815674,29,100,100
bar_random_4,bar,random,4,182539,57443,original,8,encoder_block_8,0.6768031120300293,15,100,100
bar_random_4,bar,random,4,182539,57443,original,9,encoder_block_9,0.8573448657989502,10,100,100
bar_random_4,bar,random,4,182539,57443,original,10,encoder_block_10,1.3166866302490234,2,100,100
bar_random_4,bar,random,4,182539,57443,original,11,encoder_block_11,2.9638657569885254,1,100,100
bar_random_4,bar,random,4,182539,57443,original,12,encoder_block_12,5.838619232177734,1,100,100
bar_random_4,bar,random,4,182539,57443,padded_control,0,embedding,0.2522976398468017,55,100,100
bar_random_4,bar,random,4,182539,57443,padded_control,1,encoder_block_1,-0.1186208724975586,65,100,100
bar_random_4,bar,random,4,182539,57443,padded_control,2,encoder_block_2,0.0048513412475585,69,100,100
bar_random_4,bar,random,4,182539,57443,padded_control,3,encoder_block_3,0.0864810943603515,50,100,100
bar_random_4,bar,random,4,182539,57443,padded_control,4,encoder_block_4,0.1560213565826416,52,100,100
bar_random_4,bar,random,4,182539,57443,padded_control,5,encoder_block_5,0.3845469951629638,41,100,100
bar_random_4,bar,random,4,182539,57443,padded_control,6,encoder_block_6,0.318121075630188,39,100,100
bar_random_4,bar,random,4,182539,57443,padded_control,7,encoder_block_7,0.4197077751159668,30,100,100
bar_random_4,bar,random,4,182539,57443,padded_control,8,encoder_block_8,0.6695146560668945,17,100,100
bar_random_4,bar,random,4,182539,57443,padded_control,9,encoder_block_9,0.8553030490875244,10,100,100
bar_random_4,bar,random,4,182539,57443,padded_control,10,encoder_block_10,1.3351719379425049,2,100,100
bar_random_4,bar,random,4,182539,57443,padded_control,11,encoder_block_11,3.013879776000977,1,100,100
bar_random_4,bar,random,4,182539,57443,padded_control,12,encoder_block_12,5.853006362915039,1,100,100
bar_random_4,bar,random,4,182539,57443,attack,0,embedding,0.1039984226226806,70,100,100
bar_random_4,bar,random,4,182539,57443,attack,1,encoder_block_1,-0.1639351844787597,70,100,100
bar_random_4,bar,random,4,182539,57443,attack,2,encoder_block_2,-0.0294301509857177,71,100,100
bar_random_4,bar,random,4,182539,57443,attack,3,encoder_block_3,0.0540599822998046,55,100,100
bar_random_4,bar,random,4,182539,57443,attack,4,encoder_block_4,0.1158704757690429,57,100,100
bar_random_4,bar,random,4,182539,57443,attack,5,encoder_block_5,0.3621082305908203,44,100,100
bar_random_4,bar,random,4,182539,57443,attack,6,encoder_block_6,0.3277595043182373,38,100,100
bar_random_4,bar,random,4,182539,57443,attack,7,encoder_block_7,0.3940966129302978,33,100,100
bar_random_4,bar,random,4,182539,57443,attack,8,encoder_block_8,0.6791207790374756,15,100,100
bar_random_4,bar,random,4,182539,57443,attack,9,encoder_block_9,0.9181406497955322,8,100,100
bar_random_4,bar,random,4,182539,57443,attack,10,encoder_block_10,1.3621773719787598,2,100,100
bar_random_4,bar,random,4,182539,57443,attack,11,encoder_block_11,2.9780473709106445,1,100,100
bar_random_4,bar,random,4,182539,57443,attack,12,encoder_block_12,5.645464897155762,1,100,100
bar_random_4,bar,random,4,183378,5040199,original,0,embedding,-0.0865340232849121,96,100,100
bar_random_4,bar,random,4,183378,5040199,original,1,encoder_block_1,-0.0381965637207031,91,100,100
bar_random_4,bar,random,4,183378,5040199,original,2,encoder_block_2,-0.062957763671875,89,100,100
bar_random_4,bar,random,4,183378,5040199,original,3,encoder_block_3,0.1655235290527343,54,100,100
bar_random_4,bar,random,4,183378,5040199,original,4,encoder_block_4,0.5493338108062744,24,100,100
bar_random_4,bar,random,4,183378,5040199,original,5,encoder_block_5,0.523047924041748,24,100,100
bar_random_4,bar,random,4,183378,5040199,original,6,encoder_block_6,0.4046578407287597,28,100,100
bar_random_4,bar,random,4,183378,5040199,original,7,encoder_block_7,0.5678186416625977,25,100,100
bar_random_4,bar,random,4,183378,5040199,original,8,encoder_block_8,0.4849131107330322,32,100,100
bar_random_4,bar,random,4,183378,5040199,original,9,encoder_block_9,0.664161205291748,29,100,100
bar_random_4,bar,random,4,183378,5040199,original,10,encoder_block_10,0.4862463474273681,36,100,100
bar_random_4,bar,random,4,183378,5040199,original,11,encoder_block_11,-1.16389799118042,63,100,100
bar_random_4,bar,random,4,183378,5040199,original,12,encoder_block_12,-11.67852783203125,73,100,100
bar_random_4,bar,random,4,183378,5040199,padded_control,0,embedding,-0.0865340232849121,96,100,100
bar_random_4,bar,random,4,183378,5040199,padded_control,1,encoder_block_1,-0.044102668762207,91,100,100
bar_random_4,bar,random,4,183378,5040199,padded_control,2,encoder_block_2,-0.0679130554199218,89,100,100
bar_random_4,bar,random,4,183378,5040199,padded_control,3,encoder_block_3,0.1611661911010742,54,100,100
bar_random_4,bar,random,4,183378,5040199,padded_control,4,encoder_block_4,0.5467925071716309,24,100,100
bar_random_4,bar,random,4,183378,5040199,padded_control,5,encoder_block_5,0.5216054916381836,24,100,100
bar_random_4,bar,random,4,183378,5040199,padded_control,6,encoder_block_6,0.4023423194885254,28,100,100
bar_random_4,bar,random,4,183378,5040199,padded_control,7,encoder_block_7,0.561244010925293,26,100,100
bar_random_4,bar,random,4,183378,5040199,padded_control,8,encoder_block_8,0.4773080348968506,33,100,100
bar_random_4,bar,random,4,183378,5040199,padded_control,9,encoder_block_9,0.660517692565918,29,100,100
bar_random_4,bar,random,4,183378,5040199,padded_control,10,encoder_block_10,0.4522209167480469,37,100,100
bar_random_4,bar,random,4,183378,5040199,padded_control,11,encoder_block_11,-1.301743745803833,65,100,100
bar_random_4,bar,random,4,183378,5040199,padded_control,12,encoder_block_12,-11.748374938964844,74,100,100
bar_random_4,bar,random,4,183378,5040199,attack,0,embedding,-0.3658070564270019,99,100,100
bar_random_4,bar,random,4,183378,5040199,attack,1,encoder_block_1,-0.2095837593078613,97,100,100
bar_random_4,bar,random,4,183378,5040199,attack,2,encoder_block_2,-0.1495165824890136,95,100,100
bar_random_4,bar,random,4,183378,5040199,attack,3,encoder_block_3,0.0441863536834716,68,100,100
bar_random_4,bar,random,4,183378,5040199,attack,4,encoder_block_4,0.4449970722198486,34,100,100
bar_random_4,bar,random,4,183378,5040199,attack,5,encoder_block_5,0.4225101470947265,34,100,100
bar_random_4,bar,random,4,183378,5040199,attack,6,encoder_block_6,0.3260726928710937,39,100,100
bar_random_4,bar,random,4,183378,5040199,attack,7,encoder_block_7,0.462348461151123,29,100,100
bar_random_4,bar,random,4,183378,5040199,attack,8,encoder_block_8,0.4015254974365234,37,100,100
bar_random_4,bar,random,4,183378,5040199,attack,9,encoder_block_9,0.5504345893859863,39,100,100
bar_random_4,bar,random,4,183378,5040199,attack,10,encoder_block_10,0.3560450077056885,46,100,100
bar_random_4,bar,random,4,183378,5040199,attack,11,encoder_block_11,-1.4641596674919128,68,100,100
bar_random_4,bar,random,4,183378,5040199,attack,12,encoder_block_12,-11.84852409362793,76,100,100
bar_random_4,bar,random,4,19335,8412684,original,0,embedding,0.4543437957763672,87,100,100
bar_random_4,bar,random,4,19335,8412684,original,1,encoder_block_1,0.575559139251709,83,100,100
bar_random_4,bar,random,4,19335,8412684,original,2,encoder_block_2,0.7931208610534668,89,100,100
bar_random_4,bar,random,4,19335,8412684,original,3,encoder_block_3,0.6508738994598389,94,100,100
bar_random_4,bar,random,4,19335,8412684,original,4,encoder_block_4,0.728416919708252,89,100,100
bar_random_4,bar,random,4,19335,8412684,original,5,encoder_block_5,0.7303013801574707,86,100,100
bar_random_4,bar,random,4,19335,8412684,original,6,encoder_block_6,0.867795467376709,67,100,100
bar_random_4,bar,random,4,19335,8412684,original,7,encoder_block_7,1.1068263053894043,37,100,100
bar_random_4,bar,random,4,19335,8412684,original,8,encoder_block_8,1.3754048347473145,17,100,100
bar_random_4,bar,random,4,19335,8412684,original,9,encoder_block_9,1.2622122764587402,24,100,100
bar_random_4,bar,random,4,19335,8412684,original,10,encoder_block_10,1.2494158744812012,19,100,100
bar_random_4,bar,random,4,19335,8412684,original,11,encoder_block_11,1.8081707954406736,9,100,100
bar_random_4,bar,random,4,19335,8412684,original,12,encoder_block_12,2.0300610661506653,7,100,100
bar_random_4,bar,random,4,19335,8412684,padded_control,0,embedding,0.4543428421020508,87,100,100
bar_random_4,bar,random,4,19335,8412684,padded_control,1,encoder_block_1,0.565676212310791,84,100,100
bar_random_4,bar,random,4,19335,8412684,padded_control,2,encoder_block_2,0.7842965126037598,89,100,100
bar_random_4,bar,random,4,19335,8412684,padded_control,3,encoder_block_3,0.6450693607330322,94,100,100
bar_random_4,bar,random,4,19335,8412684,padded_control,4,encoder_block_4,0.7181639671325684,89,100,100
bar_random_4,bar,random,4,19335,8412684,padded_control,5,encoder_block_5,0.7144160270690918,91,100,100
bar_random_4,bar,random,4,19335,8412684,padded_control,6,encoder_block_6,0.845022439956665,69,100,100
bar_random_4,bar,random,4,19335,8412684,padded_control,7,encoder_block_7,1.0895915031433103,37,100,100
bar_random_4,bar,random,4,19335,8412684,padded_control,8,encoder_block_8,1.3587350845336914,18,100,100
bar_random_4,bar,random,4,19335,8412684,padded_control,9,encoder_block_9,1.2450356483459473,25,100,100
bar_random_4,bar,random,4,19335,8412684,padded_control,10,encoder_block_10,1.2057034969329834,24,100,100
bar_random_4,bar,random,4,19335,8412684,padded_control,11,encoder_block_11,1.7417569160461426,10,100,100
bar_random_4,bar,random,4,19335,8412684,padded_control,12,encoder_block_12,1.9018105566501615,8,100,100
bar_random_4,bar,random,4,19335,8412684,attack,0,embedding,0.2312402725219726,92,100,100
bar_random_4,bar,random,4,19335,8412684,attack,1,encoder_block_1,0.430394172668457,95,100,100
bar_random_4,bar,random,4,19335,8412684,attack,2,encoder_block_2,0.6980390548706055,93,100,100
bar_random_4,bar,random,4,19335,8412684,attack,3,encoder_block_3,0.5194311141967773,98,100,100
bar_random_4,bar,random,4,19335,8412684,attack,4,encoder_block_4,0.5842552185058594,98,100,100
bar_random_4,bar,random,4,19335,8412684,attack,5,encoder_block_5,0.5825550556182861,98,100,100
bar_random_4,bar,random,4,19335,8412684,attack,6,encoder_block_6,0.7920641899108887,76,100,100
bar_random_4,bar,random,4,19335,8412684,attack,7,encoder_block_7,1.060956954956055,39,100,100
bar_random_4,bar,random,4,19335,8412684,attack,8,encoder_block_8,1.33202862739563,18,100,100
bar_random_4,bar,random,4,19335,8412684,attack,9,encoder_block_9,1.232898235321045,25,100,100
bar_random_4,bar,random,4,19335,8412684,attack,10,encoder_block_10,1.1680707931518557,24,100,100
bar_random_4,bar,random,4,19335,8412684,attack,11,encoder_block_11,1.5901833176612854,14,100,100
bar_random_4,bar,random,4,19335,8412684,attack,12,encoder_block_12,1.1378595530986786,11,100,100
bar_random_4,bar,random,4,207786,2998723,original,0,embedding,0.3694686889648437,74,100,100
bar_random_4,bar,random,4,207786,2998723,original,1,encoder_block_1,0.0717597007751464,74,100,100
bar_random_4,bar,random,4,207786,2998723,original,2,encoder_block_2,0.1014332771301269,75,100,100
bar_random_4,bar,random,4,207786,2998723,original,3,encoder_block_3,0.098642349243164,73,100,100
bar_random_4,bar,random,4,207786,2998723,original,4,encoder_block_4,0.3614974021911621,50,100,100
bar_random_4,bar,random,4,207786,2998723,original,5,encoder_block_5,0.3733158111572265,40,100,100
bar_random_4,bar,random,4,207786,2998723,original,6,encoder_block_6,0.4203805923461914,34,100,100
bar_random_4,bar,random,4,207786,2998723,original,7,encoder_block_7,0.7421231269836426,22,100,100
bar_random_4,bar,random,4,207786,2998723,original,8,encoder_block_8,0.6411762237548828,27,100,100
bar_random_4,bar,random,4,207786,2998723,original,9,encoder_block_9,1.066925048828125,4,100,100
bar_random_4,bar,random,4,207786,2998723,original,10,encoder_block_10,1.058253288269043,2,100,100
bar_random_4,bar,random,4,207786,2998723,original,11,encoder_block_11,1.316877841949463,11,100,100
bar_random_4,bar,random,4,207786,2998723,original,12,encoder_block_12,-4.207484245300293,22,100,100
bar_random_4,bar,random,4,207786,2998723,padded_control,0,embedding,0.3694691658020019,74,100,100
bar_random_4,bar,random,4,207786,2998723,padded_control,1,encoder_block_1,0.0725364685058593,74,100,100
bar_random_4,bar,random,4,207786,2998723,padded_control,2,encoder_block_2,0.103886604309082,75,100,100
bar_random_4,bar,random,4,207786,2998723,padded_control,3,encoder_block_3,0.1012611389160156,72,100,100
bar_random_4,bar,random,4,207786,2998723,padded_control,4,encoder_block_4,0.3633933067321777,50,100,100
bar_random_4,bar,random,4,207786,2998723,padded_control,5,encoder_block_5,0.3701467514038086,40,100,100
bar_random_4,bar,random,4,207786,2998723,padded_control,6,encoder_block_6,0.4209413528442383,34,100,100
bar_random_4,bar,random,4,207786,2998723,padded_control,7,encoder_block_7,0.7436032295227051,22,100,100
bar_random_4,bar,random,4,207786,2998723,padded_control,8,encoder_block_8,0.6381993293762207,28,100,100
bar_random_4,bar,random,4,207786,2998723,padded_control,9,encoder_block_9,1.0655903816223145,4,100,100
bar_random_4,bar,random,4,207786,2998723,padded_control,10,encoder_block_10,1.0585660934448242,2,100,100
bar_random_4,bar,random,4,207786,2998723,padded_control,11,encoder_block_11,1.324580430984497,11,100,100
bar_random_4,bar,random,4,207786,2998723,padded_control,12,encoder_block_12,-4.09252405166626,22,100,100
bar_random_4,bar,random,4,207786,2998723,attack,0,embedding,0.2666187286376953,85,100,100
bar_random_4,bar,random,4,207786,2998723,attack,1,encoder_block_1,-0.0033597946166992,82,100,100
bar_random_4,bar,random,4,207786,2998723,attack,2,encoder_block_2,0.0075359344482421,84,100,100
bar_random_4,bar,random,4,207786,2998723,attack,3,encoder_block_3,-0.0136289596557617,86,100,100
bar_random_4,bar,random,4,207786,2998723,attack,4,encoder_block_4,0.2417759895324707,62,100,100
bar_random_4,bar,random,4,207786,2998723,attack,5,encoder_block_5,0.2056717872619629,54,100,100
bar_random_4,bar,random,4,207786,2998723,attack,6,encoder_block_6,0.2651271820068359,50,100,100
bar_random_4,bar,random,4,207786,2998723,attack,7,encoder_block_7,0.5515460968017578,36,100,100
bar_random_4,bar,random,4,207786,2998723,attack,8,encoder_block_8,0.5323629379272461,36,100,100
bar_random_4,bar,random,4,207786,2998723,attack,9,encoder_block_9,0.9619555473327636,11,100,100
bar_random_4,bar,random,4,207786,2998723,attack,10,encoder_block_10,0.99084734916687,2,100,100
bar_random_4,bar,random,4,207786,2998723,attack,11,encoder_block_11,1.316928148269653,11,100,100
bar_random_4,bar,random,4,207786,2998723,attack,12,encoder_block_12,-3.981488704681397,22,100,100
bar_random_4,bar,random,4,264014,96854,original,0,embedding,0.4960722923278808,56,100,100
bar_random_4,bar,random,4,264014,96854,original,1,encoder_block_1,0.5599386692047119,48,100,100
bar_random_4,bar,random,4,264014,96854,original,2,encoder_block_2,0.6240677833557129,38,100,100
bar_random_4,bar,random,4,264014,96854,original,3,encoder_block_3,0.7548351287841797,25,100,100
bar_random_4,bar,random,4,264014,96854,original,4,encoder_block_4,1.0591216087341309,8,100,100
bar_random_4,bar,random,4,264014,96854,original,5,encoder_block_5,0.8237481117248535,15,100,100
bar_random_4,bar,random,4,264014,96854,original,6,encoder_block_6,0.6433764696121216,21,100,100
bar_random_4,bar,random,4,264014,96854,original,7,encoder_block_7,0.4834312200546264,42,100,100
bar_random_4,bar,random,4,264014,96854,original,8,encoder_block_8,0.5262037515640259,44,100,100
bar_random_4,bar,random,4,264014,96854,original,9,encoder_block_9,0.5817686319351196,42,100,100
bar_random_4,bar,random,4,264014,96854,original,10,encoder_block_10,0.2077465057373047,52,100,100
bar_random_4,bar,random,4,264014,96854,original,11,encoder_block_11,0.411893367767334,51,100,100
bar_random_4,bar,random,4,264014,96854,original,12,encoder_block_12,-0.4071947336196899,49,100,100
bar_random_4,bar,random,4,264014,96854,padded_control,0,embedding,0.4960718154907226,56,100,100
bar_random_4,bar,random,4,264014,96854,padded_control,1,encoder_block_1,0.5588676929473877,48,100,100
bar_random_4,bar,random,4,264014,96854,padded_control,2,encoder_block_2,0.6149232387542725,40,100,100
bar_random_4,bar,random,4,264014,96854,padded_control,3,encoder_block_3,0.7475559711456299,25,100,100
bar_random_4,bar,random,4,264014,96854,padded_control,4,encoder_block_4,1.0479159355163574,9,100,100
bar_random_4,bar,random,4,264014,96854,padded_control,5,encoder_block_5,0.8154802322387695,15,100,100
bar_random_4,bar,random,4,264014,96854,padded_control,6,encoder_block_6,0.639269232749939,21,100,100
bar_random_4,bar,random,4,264014,96854,padded_control,7,encoder_block_7,0.4776878356933594,42,100,100
bar_random_4,bar,random,4,264014,96854,padded_control,8,encoder_block_8,0.5218194723129272,44,100,100
bar_random_4,bar,random,4,264014,96854,padded_control,9,encoder_block_9,0.5687003135681152,43,100,100
bar_random_4,bar,random,4,264014,96854,padded_control,10,encoder_block_10,0.1944913864135742,54,100,100
bar_random_4,bar,random,4,264014,96854,padded_control,11,encoder_block_11,0.3607029914855957,51,100,100
bar_random_4,bar,random,4,264014,96854,padded_control,12,encoder_block_12,-0.4851663112640381,49,100,100
bar_random_4,bar,random,4,264014,96854,attack,0,embedding,0.3552808761596679,73,100,100
bar_random_4,bar,random,4,264014,96854,attack,1,encoder_block_1,0.5004470348358154,52,100,100
bar_random_4,bar,random,4,264014,96854,attack,2,encoder_block_2,0.6142878532409668,40,100,100
bar_random_4,bar,random,4,264014,96854,attack,3,encoder_block_3,0.6857373714447021,32,100,100
bar_random_4,bar,random,4,264014,96854,attack,4,encoder_block_4,0.9959654808044434,12,100,100
bar_random_4,bar,random,4,264014,96854,attack,5,encoder_block_5,0.7672450542449951,15,100,100
bar_random_4,bar,random,4,264014,96854,attack,6,encoder_block_6,0.6199322938919067,21,100,100
bar_random_4,bar,random,4,264014,96854,attack,7,encoder_block_7,0.4651460647583008,43,100,100
bar_random_4,bar,random,4,264014,96854,attack,8,encoder_block_8,0.5323017835617065,42,100,100
bar_random_4,bar,random,4,264014,96854,attack,9,encoder_block_9,0.5826092958450317,42,100,100
bar_random_4,bar,random,4,264014,96854,attack,10,encoder_block_10,0.212681770324707,52,100,100
bar_random_4,bar,random,4,264014,96854,attack,11,encoder_block_11,0.3651556968688965,51,100,100
bar_random_4,bar,random,4,264014,96854,attack,12,encoder_block_12,-0.7581720352172852,49,100,100
bar_random_4,bar,random,4,359349,68647,original,0,embedding,0.9057087898254396,50,100,100
bar_random_4,bar,random,4,359349,68647,original,1,encoder_block_1,1.212301254272461,26,100,100
bar_random_4,bar,random,4,359349,68647,original,2,encoder_block_2,1.292618751525879,16,100,100
bar_random_4,bar,random,4,359349,68647,original,3,encoder_block_3,1.3699212074279783,6,100,100
bar_random_4,bar,random,4,359349,68647,original,4,encoder_block_4,1.5148863792419434,5,100,100
bar_random_4,bar,random,4,359349,68647,original,5,encoder_block_5,1.420095443725586,11,100,100
bar_random_4,bar,random,4,359349,68647,original,6,encoder_block_6,1.35286283493042,9,100,100
bar_random_4,bar,random,4,359349,68647,original,7,encoder_block_7,1.3684884309768677,7,100,100
bar_random_4,bar,random,4,359349,68647,original,8,encoder_block_8,1.3052773475646973,3,100,100
bar_random_4,bar,random,4,359349,68647,original,9,encoder_block_9,1.481522560119629,3,100,100
bar_random_4,bar,random,4,359349,68647,original,10,encoder_block_10,1.5901272296905518,4,100,100
bar_random_4,bar,random,4,359349,68647,original,11,encoder_block_11,2.9360296726226807,4,100,100
bar_random_4,bar,random,4,359349,68647,original,12,encoder_block_12,4.283396720886231,10,100,100
bar_random_4,bar,random,4,359349,68647,padded_control,0,embedding,0.9057090282440186,50,100,100
bar_random_4,bar,random,4,359349,68647,padded_control,1,encoder_block_1,1.209010124206543,26,100,100
bar_random_4,bar,random,4,359349,68647,padded_control,2,encoder_block_2,1.2878665924072266,16,100,100
bar_random_4,bar,random,4,359349,68647,padded_control,3,encoder_block_3,1.368480205535889,6,100,100
bar_random_4,bar,random,4,359349,68647,padded_control,4,encoder_block_4,1.5116989612579346,5,100,100
bar_random_4,bar,random,4,359349,68647,padded_control,5,encoder_block_5,1.4135342836380005,11,100,100
bar_random_4,bar,random,4,359349,68647,padded_control,6,encoder_block_6,1.3460572957992554,9,100,100
bar_random_4,bar,random,4,359349,68647,padded_control,7,encoder_block_7,1.368433713912964,7,100,100
bar_random_4,bar,random,4,359349,68647,padded_control,8,encoder_block_8,1.303563356399536,3,100,100
bar_random_4,bar,random,4,359349,68647,padded_control,9,encoder_block_9,1.4857985973358154,3,100,100
bar_random_4,bar,random,4,359349,68647,padded_control,10,encoder_block_10,1.5954604148864746,4,100,100
bar_random_4,bar,random,4,359349,68647,padded_control,11,encoder_block_11,2.926274538040161,4,100,100
bar_random_4,bar,random,4,359349,68647,padded_control,12,encoder_block_12,4.274477005004883,10,100,100
bar_random_4,bar,random,4,359349,68647,attack,0,embedding,0.7818665504455566,63,100,100
bar_random_4,bar,random,4,359349,68647,attack,1,encoder_block_1,1.088921070098877,37,100,100
bar_random_4,bar,random,4,359349,68647,attack,2,encoder_block_2,1.192976474761963,26,100,100
bar_random_4,bar,random,4,359349,68647,attack,3,encoder_block_3,1.2667322158813477,10,100,100
bar_random_4,bar,random,4,359349,68647,attack,4,encoder_block_4,1.4388723373413086,11,100,100
bar_random_4,bar,random,4,359349,68647,attack,5,encoder_block_5,1.3398655652999878,13,100,100
bar_random_4,bar,random,4,359349,68647,attack,6,encoder_block_6,1.2889724969863892,12,100,100
bar_random_4,bar,random,4,359349,68647,attack,7,encoder_block_7,1.2947094440460205,10,100,100
bar_random_4,bar,random,4,359349,68647,attack,8,encoder_block_8,1.2712042331695557,4,100,100
bar_random_4,bar,random,4,359349,68647,attack,9,encoder_block_9,1.4404218196868896,4,100,100
bar_random_4,bar,random,4,359349,68647,attack,10,encoder_block_10,1.5496861934661863,4,100,100
bar_random_4,bar,random,4,359349,68647,attack,11,encoder_block_11,2.909335136413574,4,100,100
bar_random_4,bar,random,4,359349,68647,attack,12,encoder_block_12,4.402475357055664,9,100,100
bar_random_4,bar,random,4,405717,2365660,original,0,embedding,0.9208202362060548,7,100,100
bar_random_4,bar,random,4,405717,2365660,original,1,encoder_block_1,0.866145133972168,6,100,100
bar_random_4,bar,random,4,405717,2365660,original,2,encoder_block_2,0.8222236633300781,14,100,100
bar_random_4,bar,random,4,405717,2365660,original,3,encoder_block_3,0.6500978469848633,26,100,100
bar_random_4,bar,random,4,405717,2365660,original,4,encoder_block_4,0.9415326118469238,15,100,100
bar_random_4,bar,random,4,405717,2365660,original,5,encoder_block_5,1.0206832885742188,9,100,100
bar_random_4,bar,random,4,405717,2365660,original,6,encoder_block_6,1.075819969177246,6,100,100
bar_random_4,bar,random,4,405717,2365660,original,7,encoder_block_7,1.0861716270446775,6,100,100
bar_random_4,bar,random,4,405717,2365660,original,8,encoder_block_8,1.0177483558654783,8,100,100
bar_random_4,bar,random,4,405717,2365660,original,9,encoder_block_9,1.3243112564086914,6,100,100
bar_random_4,bar,random,4,405717,2365660,original,10,encoder_block_10,1.381485939025879,5,100,100
bar_random_4,bar,random,4,405717,2365660,original,11,encoder_block_11,1.6170711517333984,47,100,100
bar_random_4,bar,random,4,405717,2365660,original,12,encoder_block_12,-0.937993049621582,68,100,100
bar_random_4,bar,random,4,405717,2365660,padded_control,0,embedding,0.9208202362060548,7,100,100
bar_random_4,bar,random,4,405717,2365660,padded_control,1,encoder_block_1,0.8624496459960938,6,100,100
bar_random_4,bar,random,4,405717,2365660,padded_control,2,encoder_block_2,0.8238410949707031,14,100,100
bar_random_4,bar,random,4,405717,2365660,padded_control,3,encoder_block_3,0.6600074768066406,26,100,100
bar_random_4,bar,random,4,405717,2365660,padded_control,4,encoder_block_4,0.948582649230957,14,100,100
bar_random_4,bar,random,4,405717,2365660,padded_control,5,encoder_block_5,1.0253572463989258,9,100,100
bar_random_4,bar,random,4,405717,2365660,padded_control,6,encoder_block_6,1.0836539268493652,6,100,100
bar_random_4,bar,random,4,405717,2365660,padded_control,7,encoder_block_7,1.0883584022521973,6,100,100
bar_random_4,bar,random,4,405717,2365660,padded_control,8,encoder_block_8,1.0156607627868652,8,100,100
bar_random_4,bar,random,4,405717,2365660,padded_control,9,encoder_block_9,1.3219003677368164,6,100,100
bar_random_4,bar,random,4,405717,2365660,padded_control,10,encoder_block_10,1.4026918411254885,4,100,100
bar_random_4,bar,random,4,405717,2365660,padded_control,11,encoder_block_11,1.6802525520324707,46,100,100
bar_random_4,bar,random,4,405717,2365660,padded_control,12,encoder_block_12,-0.741830587387085,67,100,100
bar_random_4,bar,random,4,405717,2365660,attack,0,embedding,0.7773957252502441,13,100,100
bar_random_4,bar,random,4,405717,2365660,attack,1,encoder_block_1,0.7679438591003418,10,100,100
bar_random_4,bar,random,4,405717,2365660,attack,2,encoder_block_2,0.697960376739502,23,100,100
bar_random_4,bar,random,4,405717,2365660,attack,3,encoder_block_3,0.5195550918579102,43,100,100
bar_random_4,bar,random,4,405717,2365660,attack,4,encoder_block_4,0.866368293762207,23,100,100
bar_random_4,bar,random,4,405717,2365660,attack,5,encoder_block_5,0.9841279983520508,10,100,100
bar_random_4,bar,random,4,405717,2365660,attack,6,encoder_block_6,1.030867576599121,11,100,100
bar_random_4,bar,random,4,405717,2365660,attack,7,encoder_block_7,1.0291509628295898,8,100,100
bar_random_4,bar,random,4,405717,2365660,attack,8,encoder_block_8,0.9754667282104492,13,100,100
bar_random_4,bar,random,4,405717,2365660,attack,9,encoder_block_9,1.2942428588867188,7,100,100
bar_random_4,bar,random,4,405717,2365660,attack,10,encoder_block_10,1.4005403518676758,4,100,100
bar_random_4,bar,random,4,405717,2365660,attack,11,encoder_block_11,1.7105116844177246,46,100,100
bar_random_4,bar,random,4,405717,2365660,attack,12,encoder_block_12,-0.4718203544616699,63,100,100
bar_random_4,bar,random,4,443396,456708,original,0,embedding,0.7042102813720703,36,100,100
bar_random_4,bar,random,4,443396,456708,original,1,encoder_block_1,0.6267457008361816,38,100,100
bar_random_4,bar,random,4,443396,456708,original,2,encoder_block_2,0.7885532379150391,39,100,100
bar_random_4,bar,random,4,443396,456708,original,3,encoder_block_3,0.6316730976104736,40,100,100
bar_random_4,bar,random,4,443396,456708,original,4,encoder_block_4,0.686356782913208,35,100,100
bar_random_4,bar,random,4,443396,456708,original,5,encoder_block_5,0.811579704284668,29,100,100
bar_random_4,bar,random,4,443396,456708,original,6,encoder_block_6,0.718111515045166,30,100,100
bar_random_4,bar,random,4,443396,456708,original,7,encoder_block_7,0.8035445213317871,25,100,100
bar_random_4,bar,random,4,443396,456708,original,8,encoder_block_8,0.6526546478271484,37,100,100
bar_random_4,bar,random,4,443396,456708,original,9,encoder_block_9,0.8443279266357422,31,100,100
bar_random_4,bar,random,4,443396,456708,original,10,encoder_block_10,0.6096851825714111,24,100,100
bar_random_4,bar,random,4,443396,456708,original,11,encoder_block_11,0.889589786529541,27,100,100
bar_random_4,bar,random,4,443396,456708,original,12,encoder_block_12,-0.3833200335502624,20,100,100
bar_random_4,bar,random,4,443396,456708,padded_control,0,embedding,0.7042107582092285,36,100,100
bar_random_4,bar,random,4,443396,456708,padded_control,1,encoder_block_1,0.6194972991943359,38,100,100
bar_random_4,bar,random,4,443396,456708,padded_control,2,encoder_block_2,0.7908749580383301,39,100,100
bar_random_4,bar,random,4,443396,456708,padded_control,3,encoder_block_3,0.6416127681732178,40,100,100
bar_random_4,bar,random,4,443396,456708,padded_control,4,encoder_block_4,0.6924607753753662,35,100,100
bar_random_4,bar,random,4,443396,456708,padded_control,5,encoder_block_5,0.8177006244659424,29,100,100
bar_random_4,bar,random,4,443396,456708,padded_control,6,encoder_block_6,0.7204079627990723,30,100,100
bar_random_4,bar,random,4,443396,456708,padded_control,7,encoder_block_7,0.8001105785369873,25,100,100
bar_random_4,bar,random,4,443396,456708,padded_control,8,encoder_block_8,0.6539788246154785,37,100,100
bar_random_4,bar,random,4,443396,456708,padded_control,9,encoder_block_9,0.8615655899047852,30,100,100
bar_random_4,bar,random,4,443396,456708,padded_control,10,encoder_block_10,0.6319193840026855,24,100,100
bar_random_4,bar,random,4,443396,456708,padded_control,11,encoder_block_11,0.9718263149261476,24,100,100
bar_random_4,bar,random,4,443396,456708,padded_control,12,encoder_block_12,-0.1358042061328888,19,100,100
bar_random_4,bar,random,4,443396,456708,attack,0,embedding,0.4167954921722412,52,100,100
bar_random_4,bar,random,4,443396,456708,attack,1,encoder_block_1,0.43499755859375,47,100,100
bar_random_4,bar,random,4,443396,456708,attack,2,encoder_block_2,0.6398563385009766,43,100,100
bar_random_4,bar,random,4,443396,456708,attack,3,encoder_block_3,0.4886927604675293,46,100,100
bar_random_4,bar,random,4,443396,456708,attack,4,encoder_block_4,0.6003665924072266,42,100,100
bar_random_4,bar,random,4,443396,456708,attack,5,encoder_block_5,0.7198693752288818,34,100,100
bar_random_4,bar,random,4,443396,456708,attack,6,encoder_block_6,0.6496217250823975,32,100,100
bar_random_4,bar,random,4,443396,456708,attack,7,encoder_block_7,0.7105264663696289,30,100,100
bar_random_4,bar,random,4,443396,456708,attack,8,encoder_block_8,0.6454472541809082,38,100,100
bar_random_4,bar,random,4,443396,456708,attack,9,encoder_block_9,0.8810338973999023,28,100,100
bar_random_4,bar,random,4,443396,456708,attack,10,encoder_block_10,0.7865386009216309,15,100,100
bar_random_4,bar,random,4,443396,456708,attack,11,encoder_block_11,1.15980327129364,18,100,100
bar_random_4,bar,random,4,443396,456708,attack,12,encoder_block_12,-0.0364274680614471,19,100,100
bar_random_4,bar,random,4,451602,2176453,original,0,embedding,0.3933138847351074,17,100,100
bar_random_4,bar,random,4,451602,2176453,original,1,encoder_block_1,0.1682777404785156,22,100,100
bar_random_4,bar,random,4,451602,2176453,original,2,encoder_block_2,0.2290468215942382,24,100,100
bar_random_4,bar,random,4,451602,2176453,original,3,encoder_block_3,0.1776103973388672,28,100,100
bar_random_4,bar,random,4,451602,2176453,original,4,encoder_block_4,0.0505352020263671,48,100,100
bar_random_4,bar,random,4,451602,2176453,original,5,encoder_block_5,0.0806472301483154,41,100,100
bar_random_4,bar,random,4,451602,2176453,original,6,encoder_block_6,0.1344029903411865,39,100,100
bar_random_4,bar,random,4,451602,2176453,original,7,encoder_block_7,-0.0522964000701904,46,100,100
bar_random_4,bar,random,4,451602,2176453,original,8,encoder_block_8,0.0380053520202636,52,100,100
bar_random_4,bar,random,4,451602,2176453,original,9,encoder_block_9,0.1594388484954834,57,100,100
bar_random_4,bar,random,4,451602,2176453,original,10,encoder_block_10,0.015010118484497,64,100,100
bar_random_4,bar,random,4,451602,2176453,original,11,encoder_block_11,0.7900853157043457,34,100,100
bar_random_4,bar,random,4,451602,2176453,original,12,encoder_block_12,0.6750409603118896,18,100,100
bar_random_4,bar,random,4,451602,2176453,padded_control,0,embedding,0.3933138847351074,17,100,100
bar_random_4,bar,random,4,451602,2176453,padded_control,1,encoder_block_1,0.1755886077880859,20,100,100
bar_random_4,bar,random,4,451602,2176453,padded_control,2,encoder_block_2,0.213270902633667,25,100,100
bar_random_4,bar,random,4,451602,2176453,padded_control,3,encoder_block_3,0.1641469001770019,28,100,100
bar_random_4,bar,random,4,451602,2176453,padded_control,4,encoder_block_4,0.0265309810638427,48,100,100
bar_random_4,bar,random,4,451602,2176453,padded_control,5,encoder_block_5,0.0573854446411132,41,100,100
bar_random_4,bar,random,4,451602,2176453,padded_control,6,encoder_block_6,0.1046390533447265,41,100,100
bar_random_4,bar,random,4,451602,2176453,padded_control,7,encoder_block_7,-0.0655183792114257,50,100,100
bar_random_4,bar,random,4,451602,2176453,padded_control,8,encoder_block_8,0.0249222517013549,52,100,100
bar_random_4,bar,random,4,451602,2176453,padded_control,9,encoder_block_9,0.1543800830841064,57,100,100
bar_random_4,bar,random,4,451602,2176453,padded_control,10,encoder_block_10,-0.0085353851318359,65,100,100
bar_random_4,bar,random,4,451602,2176453,padded_control,11,encoder_block_11,0.7530573010444641,34,100,100
bar_random_4,bar,random,4,451602,2176453,padded_control,12,encoder_block_12,0.7629913091659546,18,100,100
bar_random_4,bar,random,4,451602,2176453,attack,0,embedding,0.1790070533752441,31,100,100
bar_random_4,bar,random,4,451602,2176453,attack,1,encoder_block_1,-0.0360493659973144,38,100,100
bar_random_4,bar,random,4,451602,2176453,attack,2,encoder_block_2,0.0587670803070068,39,100,100
bar_random_4,bar,random,4,451602,2176453,attack,3,encoder_block_3,-0.0127692222595214,40,100,100
bar_random_4,bar,random,4,451602,2176453,attack,4,encoder_block_4,-0.1058443784713745,61,100,100
bar_random_4,bar,random,4,451602,2176453,attack,5,encoder_block_5,-0.1091409921646118,58,100,100
bar_random_4,bar,random,4,451602,2176453,attack,6,encoder_block_6,-0.0641466379165649,58,100,100
bar_random_4,bar,random,4,451602,2176453,attack,7,encoder_block_7,-0.274469256401062,67,100,100
bar_random_4,bar,random,4,451602,2176453,attack,8,encoder_block_8,-0.1174626350402832,69,100,100
bar_random_4,bar,random,4,451602,2176453,attack,9,encoder_block_9,0.0633864402770996,65,100,100
bar_random_4,bar,random,4,451602,2176453,attack,10,encoder_block_10,-0.0188333988189697,66,100,100
bar_random_4,bar,random,4,451602,2176453,attack,11,encoder_block_11,0.8218550682067871,33,100,100
bar_random_4,bar,random,4,451602,2176453,attack,12,encoder_block_12,0.8729526996612549,18,100,100
bar_random_4,bar,random,4,47923,5032362,original,0,embedding,0.5419049263000488,25,100,100
bar_random_4,bar,random,4,47923,5032362,original,1,encoder_block_1,0.2018756866455078,14,100,100
bar_random_4,bar,random,4,47923,5032362,original,2,encoder_block_2,0.2032818794250488,8,100,100
bar_random_4,bar,random,4,47923,5032362,original,3,encoder_block_3,0.1220095157623291,7,100,100
bar_random_4,bar,random,4,47923,5032362,original,4,encoder_block_4,0.1618798971176147,12,100,100
bar_random_4,bar,random,4,47923,5032362,original,5,encoder_block_5,0.1285055875778198,27,100,100
bar_random_4,bar,random,4,47923,5032362,original,6,encoder_block_6,-0.0201958417892456,40,100,100
bar_random_4,bar,random,4,47923,5032362,original,7,encoder_block_7,-0.1066389083862304,40,100,100
bar_random_4,bar,random,4,47923,5032362,original,8,encoder_block_8,0.0093111991882324,34,100,100
bar_random_4,bar,random,4,47923,5032362,original,9,encoder_block_9,0.3868119716644287,19,100,100
bar_random_4,bar,random,4,47923,5032362,original,10,encoder_block_10,0.47895348072052,29,100,100
bar_random_4,bar,random,4,47923,5032362,original,11,encoder_block_11,1.6945843696594238,22,100,100
bar_random_4,bar,random,4,47923,5032362,original,12,encoder_block_12,2.916050910949707,23,100,100
bar_random_4,bar,random,4,47923,5032362,padded_control,0,embedding,0.541905403137207,25,100,100
bar_random_4,bar,random,4,47923,5032362,padded_control,1,encoder_block_1,0.2117009162902832,13,100,100
bar_random_4,bar,random,4,47923,5032362,padded_control,2,encoder_block_2,0.2155728340148925,7,100,100
bar_random_4,bar,random,4,47923,5032362,padded_control,3,encoder_block_3,0.1285560131072998,7,100,100
bar_random_4,bar,random,4,47923,5032362,padded_control,4,encoder_block_4,0.1683884859085083,11,100,100
bar_random_4,bar,random,4,47923,5032362,padded_control,5,encoder_block_5,0.1391582489013672,25,100,100
bar_random_4,bar,random,4,47923,5032362,padded_control,6,encoder_block_6,-0.0138376951217651,37,100,100
bar_random_4,bar,random,4,47923,5032362,padded_control,7,encoder_block_7,-0.09979248046875,39,100,100
bar_random_4,bar,random,4,47923,5032362,padded_control,8,encoder_block_8,0.0185961723327636,31,100,100
bar_random_4,bar,random,4,47923,5032362,padded_control,9,encoder_block_9,0.385345458984375,20,100,100
bar_random_4,bar,random,4,47923,5032362,padded_control,10,encoder_block_10,0.4536237716674804,30,100,100
bar_random_4,bar,random,4,47923,5032362,padded_control,11,encoder_block_11,1.622121810913086,23,100,100
bar_random_4,bar,random,4,47923,5032362,padded_control,12,encoder_block_12,2.7762274742126465,25,100,100
bar_random_4,bar,random,4,47923,5032362,attack,0,embedding,0.3039059638977051,61,100,100
bar_random_4,bar,random,4,47923,5032362,attack,1,encoder_block_1,0.0953202247619628,22,100,100
bar_random_4,bar,random,4,47923,5032362,attack,2,encoder_block_2,0.1350274085998535,13,100,100
bar_random_4,bar,random,4,47923,5032362,attack,3,encoder_block_3,-0.0105395317077636,22,100,100
bar_random_4,bar,random,4,47923,5032362,attack,4,encoder_block_4,0.0873368978500366,21,100,100
bar_random_4,bar,random,4,47923,5032362,attack,5,encoder_block_5,0.0840941667556762,35,100,100
bar_random_4,bar,random,4,47923,5032362,attack,6,encoder_block_6,-0.0357401371002197,40,100,100
bar_random_4,bar,random,4,47923,5032362,attack,7,encoder_block_7,-0.1511455774307251,48,100,100
bar_random_4,bar,random,4,47923,5032362,attack,8,encoder_block_8,0.0262317657470703,28,100,100
bar_random_4,bar,random,4,47923,5032362,attack,9,encoder_block_9,0.3952028751373291,18,100,100
bar_random_4,bar,random,4,47923,5032362,attack,10,encoder_block_10,0.4736939668655395,29,100,100
bar_random_4,bar,random,4,47923,5032362,attack,11,encoder_block_11,1.6968145370483398,22,100,100
bar_random_4,bar,random,4,47923,5032362,attack,12,encoder_block_12,2.903108596801758,23,100,100
bar_random_4,bar,random,4,489204,1479542,original,0,embedding,0.9842653274536132,11,100,100
bar_random_4,bar,random,4,489204,1479542,original,1,encoder_block_1,0.5856249332427979,8,100,100
bar_random_4,bar,random,4,489204,1479542,original,2,encoder_block_2,0.6975641250610352,6,100,100
bar_random_4,bar,random,4,489204,1479542,original,3,encoder_block_3,0.7435932159423828,5,100,100
bar_random_4,bar,random,4,489204,1479542,original,4,encoder_block_4,0.7964556217193604,10,100,100
bar_random_4,bar,random,4,489204,1479542,original,5,encoder_block_5,0.8611578941345215,10,100,100
bar_random_4,bar,random,4,489204,1479542,original,6,encoder_block_6,0.7161498069763184,14,100,100
bar_random_4,bar,random,4,489204,1479542,original,7,encoder_block_7,0.5867900848388672,18,100,100
bar_random_4,bar,random,4,489204,1479542,original,8,encoder_block_8,0.5838112831115723,9,100,100
bar_random_4,bar,random,4,489204,1479542,original,9,encoder_block_9,0.6858546733856201,9,100,100
bar_random_4,bar,random,4,489204,1479542,original,10,encoder_block_10,0.3786165714263916,10,100,100
bar_random_4,bar,random,4,489204,1479542,original,11,encoder_block_11,0.8341217041015625,25,100,100
bar_random_4,bar,random,4,489204,1479542,original,12,encoder_block_12,-0.6475513577461243,43,100,100
bar_random_4,bar,random,4,489204,1479542,padded_control,0,embedding,0.9842653274536132,11,100,100
bar_random_4,bar,random,4,489204,1479542,padded_control,1,encoder_block_1,0.5849802494049072,8,100,100
bar_random_4,bar,random,4,489204,1479542,padded_control,2,encoder_block_2,0.6959261894226074,6,100,100
bar_random_4,bar,random,4,489204,1479542,padded_control,3,encoder_block_3,0.7398910522460938,6,100,100
bar_random_4,bar,random,4,489204,1479542,padded_control,4,encoder_block_4,0.7980062961578369,10,100,100
bar_random_4,bar,random,4,489204,1479542,padded_control,5,encoder_block_5,0.8672652244567871,10,100,100
bar_random_4,bar,random,4,489204,1479542,padded_control,6,encoder_block_6,0.722031831741333,12,100,100
bar_random_4,bar,random,4,489204,1479542,padded_control,7,encoder_block_7,0.610260009765625,16,100,100
bar_random_4,bar,random,4,489204,1479542,padded_control,8,encoder_block_8,0.5965533256530762,9,100,100
bar_random_4,bar,random,4,489204,1479542,padded_control,9,encoder_block_9,0.7270326614379883,9,100,100
bar_random_4,bar,random,4,489204,1479542,padded_control,10,encoder_block_10,0.4311568737030029,10,100,100
bar_random_4,bar,random,4,489204,1479542,padded_control,11,encoder_block_11,0.9189143180847168,21,100,100
bar_random_4,bar,random,4,489204,1479542,padded_control,12,encoder_block_12,-0.096562385559082,37,100,100
bar_random_4,bar,random,4,489204,1479542,attack,0,embedding,0.7696290016174316,18,100,100
bar_random_4,bar,random,4,489204,1479542,attack,1,encoder_block_1,0.5092039108276367,13,100,100
bar_random_4,bar,random,4,489204,1479542,attack,2,encoder_block_2,0.582613468170166,17,100,100
bar_random_4,bar,random,4,489204,1479542,attack,3,encoder_block_3,0.5828447341918945,15,100,100
bar_random_4,bar,random,4,489204,1479542,attack,4,encoder_block_4,0.6825785636901855,16,100,100
bar_random_4,bar,random,4,489204,1479542,attack,5,encoder_block_5,0.7014169692993164,19,100,100
bar_random_4,bar,random,4,489204,1479542,attack,6,encoder_block_6,0.5483200550079346,35,100,100
bar_random_4,bar,random,4,489204,1479542,attack,7,encoder_block_7,0.4424617290496826,40,100,100
bar_random_4,bar,random,4,489204,1479542,attack,8,encoder_block_8,0.4428784847259521,26,100,100
bar_random_4,bar,random,4,489204,1479542,attack,9,encoder_block_9,0.596729040145874,16,100,100
bar_random_4,bar,random,4,489204,1479542,attack,10,encoder_block_10,0.3579246997833252,11,100,100
bar_random_4,bar,random,4,489204,1479542,attack,11,encoder_block_11,0.7508658170700073,33,100,100
bar_random_4,bar,random,4,489204,1479542,attack,12,encoder_block_12,-1.4481932818889618,49,100,100
bar_random_4,bar,random,4,490595,1929910,original,0,embedding,0.0753979682922363,100,100,100
bar_random_4,bar,random,4,490595,1929910,original,1,encoder_block_1,0.4816889762878418,81,100,100
bar_random_4,bar,random,4,490595,1929910,original,2,encoder_block_2,0.4709804058074951,80,100,100
bar_random_4,bar,random,4,490595,1929910,original,3,encoder_block_3,0.4257154464721679,76,100,100
bar_random_4,bar,random,4,490595,1929910,original,4,encoder_block_4,0.5509023666381836,73,100,100
bar_random_4,bar,random,4,490595,1929910,original,5,encoder_block_5,0.6441328525543213,81,100,100
bar_random_4,bar,random,4,490595,1929910,original,6,encoder_block_6,0.6735286712646484,74,100,100
bar_random_4,bar,random,4,490595,1929910,original,7,encoder_block_7,0.878772497177124,63,100,100
bar_random_4,bar,random,4,490595,1929910,original,8,encoder_block_8,0.9514656066894532,59,100,100
bar_random_4,bar,random,4,490595,1929910,original,9,encoder_block_9,1.1009910106658936,53,100,100
bar_random_4,bar,random,4,490595,1929910,original,10,encoder_block_10,1.442347288131714,9,100,100
bar_random_4,bar,random,4,490595,1929910,original,11,encoder_block_11,2.5169999599456787,2,100,100
bar_random_4,bar,random,4,490595,1929910,original,12,encoder_block_12,3.6747655868530273,7,100,100
bar_random_4,bar,random,4,490595,1929910,padded_control,0,embedding,0.0753979682922363,100,100,100
bar_random_4,bar,random,4,490595,1929910,padded_control,1,encoder_block_1,0.4746875762939453,82,100,100
bar_random_4,bar,random,4,490595,1929910,padded_control,2,encoder_block_2,0.4635844230651855,81,100,100
bar_random_4,bar,random,4,490595,1929910,padded_control,3,encoder_block_3,0.419196605682373,76,100,100
bar_random_4,bar,random,4,490595,1929910,padded_control,4,encoder_block_4,0.5461421012878418,73,100,100
bar_random_4,bar,random,4,490595,1929910,padded_control,5,encoder_block_5,0.6384985446929932,81,100,100
bar_random_4,bar,random,4,490595,1929910,padded_control,6,encoder_block_6,0.6712355613708496,74,100,100
bar_random_4,bar,random,4,490595,1929910,padded_control,7,encoder_block_7,0.872722864151001,63,100,100
bar_random_4,bar,random,4,490595,1929910,padded_control,8,encoder_block_8,0.9452483654022216,60,100,100
bar_random_4,bar,random,4,490595,1929910,padded_control,9,encoder_block_9,1.094979763031006,53,100,100
bar_random_4,bar,random,4,490595,1929910,padded_control,10,encoder_block_10,1.4308395385742188,9,100,100
bar_random_4,bar,random,4,490595,1929910,padded_control,11,encoder_block_11,2.517516613006592,2,100,100
bar_random_4,bar,random,4,490595,1929910,padded_control,12,encoder_block_12,3.6449475288391113,8,100,100
bar_random_4,bar,random,4,490595,1929910,attack,0,embedding,0.0024480819702148,100,100,100
bar_random_4,bar,random,4,490595,1929910,attack,1,encoder_block_1,0.4602029323577881,82,100,100
bar_random_4,bar,random,4,490595,1929910,attack,2,encoder_block_2,0.4486947059631347,81,100,100
bar_random_4,bar,random,4,490595,1929910,attack,3,encoder_block_3,0.3752148151397705,80,100,100
bar_random_4,bar,random,4,490595,1929910,attack,4,encoder_block_4,0.4973647594451904,79,100,100
bar_random_4,bar,random,4,490595,1929910,attack,5,encoder_block_5,0.5995135307312012,83,100,100
bar_random_4,bar,random,4,490595,1929910,attack,6,encoder_block_6,0.6169908046722412,80,100,100
bar_random_4,bar,random,4,490595,1929910,attack,7,encoder_block_7,0.7931177616119385,73,100,100
bar_random_4,bar,random,4,490595,1929910,attack,8,encoder_block_8,0.8765292167663574,68,100,100
bar_random_4,bar,random,4,490595,1929910,attack,9,encoder_block_9,1.034334421157837,60,100,100
bar_random_4,bar,random,4,490595,1929910,attack,10,encoder_block_10,1.318202018737793,12,100,100
bar_random_4,bar,random,4,490595,1929910,attack,11,encoder_block_11,2.212644338607788,10,100,100
bar_random_4,bar,random,4,490595,1929910,attack,12,encoder_block_12,2.875614643096924,15,100,100
bar_random_4,bar,random,4,527433,8617271,original,0,embedding,-0.2739782333374023,82,100,100
bar_random_4,bar,random,4,527433,8617271,original,1,encoder_block_1,-0.7677736282348633,88,100,100
bar_random_4,bar,random,4,527433,8617271,original,2,encoder_block_2,-0.749413013458252,91,100,100
bar_random_4,bar,random,4,527433,8617271,original,3,encoder_block_3,-0.4561138153076172,89,100,100
bar_random_4,bar,random,4,527433,8617271,original,4,encoder_block_4,-0.2903542518615722,70,100,100
bar_random_4,bar,random,4,527433,8617271,original,5,encoder_block_5,-0.3114089965820312,55,100,100
bar_random_4,bar,random,4,527433,8617271,original,6,encoder_block_6,-0.3677833080291748,54,100,100
bar_random_4,bar,random,4,527433,8617271,original,7,encoder_block_7,-0.1703708171844482,31,100,100
bar_random_4,bar,random,4,527433,8617271,original,8,encoder_block_8,-0.0141446590423583,14,100,100
bar_random_4,bar,random,4,527433,8617271,original,9,encoder_block_9,0.379223108291626,6,100,100
bar_random_4,bar,random,4,527433,8617271,original,10,encoder_block_10,1.1977243423461914,1,100,100
bar_random_4,bar,random,4,527433,8617271,original,11,encoder_block_11,3.5456981658935547,1,100,100
bar_random_4,bar,random,4,527433,8617271,original,12,encoder_block_12,6.805009841918945,1,100,100
bar_random_4,bar,random,4,527433,8617271,padded_control,0,embedding,-0.2739768028259277,82,100,100
bar_random_4,bar,random,4,527433,8617271,padded_control,1,encoder_block_1,-0.7717142105102539,88,100,100
bar_random_4,bar,random,4,527433,8617271,padded_control,2,encoder_block_2,-0.7601346969604492,91,100,100
bar_random_4,bar,random,4,527433,8617271,padded_control,3,encoder_block_3,-0.4580650329589844,89,100,100
bar_random_4,bar,random,4,527433,8617271,padded_control,4,encoder_block_4,-0.3011231422424316,71,100,100
bar_random_4,bar,random,4,527433,8617271,padded_control,5,encoder_block_5,-0.3238704204559326,57,100,100
bar_random_4,bar,random,4,527433,8617271,padded_control,6,encoder_block_6,-0.3802435398101806,55,100,100
bar_random_4,bar,random,4,527433,8617271,padded_control,7,encoder_block_7,-0.1659719944000244,30,100,100
bar_random_4,bar,random,4,527433,8617271,padded_control,8,encoder_block_8,-0.0173718929290771,14,100,100
bar_random_4,bar,random,4,527433,8617271,padded_control,9,encoder_block_9,0.3690166473388672,6,100,100
bar_random_4,bar,random,4,527433,8617271,padded_control,10,encoder_block_10,1.1942253112792969,1,100,100
bar_random_4,bar,random,4,527433,8617271,padded_control,11,encoder_block_11,3.560701370239258,1,100,100
bar_random_4,bar,random,4,527433,8617271,padded_control,12,encoder_block_12,6.8077239990234375,1,100,100
bar_random_4,bar,random,4,527433,8617271,attack,0,embedding,-0.3840374946594238,87,100,100
bar_random_4,bar,random,4,527433,8617271,attack,1,encoder_block_1,-0.7858552932739258,88,100,100
bar_random_4,bar,random,4,527433,8617271,attack,2,encoder_block_2,-0.7793450355529785,92,100,100
bar_random_4,bar,random,4,527433,8617271,attack,3,encoder_block_3,-0.5482995510101318,94,100,100
bar_random_4,bar,random,4,527433,8617271,attack,4,encoder_block_4,-0.40167236328125,81,100,100
bar_random_4,bar,random,4,527433,8617271,attack,5,encoder_block_5,-0.4413535594940185,72,100,100
bar_random_4,bar,random,4,527433,8617271,attack,6,encoder_block_6,-0.4738209247589111,67,100,100
bar_random_4,bar,random,4,527433,8617271,attack,7,encoder_block_7,-0.2855424880981445,47,100,100
bar_random_4,bar,random,4,527433,8617271,attack,8,encoder_block_8,-0.0272514820098876,14,100,100
bar_random_4,bar,random,4,527433,8617271,attack,9,encoder_block_9,0.2818121910095215,8,100,100
bar_random_4,bar,random,4,527433,8617271,attack,10,encoder_block_10,1.1006426811218262,1,100,100
bar_random_4,bar,random,4,527433,8617271,attack,11,encoder_block_11,3.49695348739624,1,100,100
bar_random_4,bar,random,4,527433,8617271,attack,12,encoder_block_12,6.630216598510742,1,100,100
bar_random_4,bar,random,4,573724,2417985,original,0,embedding,0.1086330413818359,78,100,100
bar_random_4,bar,random,4,573724,2417985,original,1,encoder_block_1,0.5057401657104492,43,100,100
bar_random_4,bar,random,4,573724,2417985,original,2,encoder_block_2,0.8537561893463135,35,100,100
bar_random_4,bar,random,4,573724,2417985,original,3,encoder_block_3,0.9013867378234864,31,100,100
bar_random_4,bar,random,4,573724,2417985,original,4,encoder_block_4,0.7676498889923096,42,100,100
bar_random_4,bar,random,4,573724,2417985,original,5,encoder_block_5,0.5416269302368164,68,100,100
bar_random_4,bar,random,4,573724,2417985,original,6,encoder_block_6,0.5052633285522461,67,100,100
bar_random_4,bar,random,4,573724,2417985,original,7,encoder_block_7,0.3428630828857422,80,100,100
bar_random_4,bar,random,4,573724,2417985,original,8,encoder_block_8,0.4382421970367431,78,100,100
bar_random_4,bar,random,4,573724,2417985,original,9,encoder_block_9,0.6834254264831543,58,100,100
bar_random_4,bar,random,4,573724,2417985,original,10,encoder_block_10,0.3519823551177978,66,100,100
bar_random_4,bar,random,4,573724,2417985,original,11,encoder_block_11,1.10707426071167,57,100,100
bar_random_4,bar,random,4,573724,2417985,original,12,encoder_block_12,1.600117266178131,58,100,100
bar_random_4,bar,random,4,573724,2417985,padded_control,0,embedding,0.1086320877075195,78,100,100
bar_random_4,bar,random,4,573724,2417985,padded_control,1,encoder_block_1,0.503901481628418,43,100,100
bar_random_4,bar,random,4,573724,2417985,padded_control,2,encoder_block_2,0.8570218086242676,35,100,100
bar_random_4,bar,random,4,573724,2417985,padded_control,3,encoder_block_3,0.8955855369567871,32,100,100
bar_random_4,bar,random,4,573724,2417985,padded_control,4,encoder_block_4,0.7616798877716064,43,100,100
bar_random_4,bar,random,4,573724,2417985,padded_control,5,encoder_block_5,0.5308616161346436,68,100,100
bar_random_4,bar,random,4,573724,2417985,padded_control,6,encoder_block_6,0.4902443885803222,67,100,100
bar_random_4,bar,random,4,573724,2417985,padded_control,7,encoder_block_7,0.3265712261199951,81,100,100
bar_random_4,bar,random,4,573724,2417985,padded_control,8,encoder_block_8,0.4264354705810547,79,100,100
bar_random_4,bar,random,4,573724,2417985,padded_control,9,encoder_block_9,0.6500663757324219,63,100,100
bar_random_4,bar,random,4,573724,2417985,padded_control,10,encoder_block_10,0.3179001808166504,68,100,100
bar_random_4,bar,random,4,573724,2417985,padded_control,11,encoder_block_11,1.0847227573394775,58,100,100
bar_random_4,bar,random,4,573724,2417985,padded_control,12,encoder_block_12,1.6756894886493685,58,100,100
bar_random_4,bar,random,4,573724,2417985,attack,0,embedding,-0.2241277694702148,99,100,100
bar_random_4,bar,random,4,573724,2417985,attack,1,encoder_block_1,0.2755699157714844,64,100,100
bar_random_4,bar,random,4,573724,2417985,attack,2,encoder_block_2,0.6213300228118896,60,100,100
bar_random_4,bar,random,4,573724,2417985,attack,3,encoder_block_3,0.5743348598480225,71,100,100
bar_random_4,bar,random,4,573724,2417985,attack,4,encoder_block_4,0.6123566627502441,61,100,100
bar_random_4,bar,random,4,573724,2417985,attack,5,encoder_block_5,0.3849580287933349,86,100,100
bar_random_4,bar,random,4,573724,2417985,attack,6,encoder_block_6,0.3392872810363769,86,100,100
bar_random_4,bar,random,4,573724,2417985,attack,7,encoder_block_7,0.1503524780273437,89,100,100
bar_random_4,bar,random,4,573724,2417985,attack,8,encoder_block_8,0.3662006855010986,82,100,100
bar_random_4,bar,random,4,573724,2417985,attack,9,encoder_block_9,0.6461741924285889,63,100,100
bar_random_4,bar,random,4,573724,2417985,attack,10,encoder_block_10,0.2878239154815674,68,100,100
bar_random_4,bar,random,4,573724,2417985,attack,11,encoder_block_11,0.932429313659668,59,100,100
bar_random_4,bar,random,4,573724,2417985,attack,12,encoder_block_12,1.1559367179870603,62,100,100
bar_random_4,bar,random,4,833860,3437288,original,0,embedding,0.2832717895507812,36,100,100
bar_random_4,bar,random,4,833860,3437288,original,1,encoder_block_1,-0.031508445739746,71,100,100
bar_random_4,bar,random,4,833860,3437288,original,2,encoder_block_2,0.2634127140045166,64,100,100
bar_random_4,bar,random,4,833860,3437288,original,3,encoder_block_3,0.3253700733184814,52,100,100
bar_random_4,bar,random,4,833860,3437288,original,4,encoder_block_4,0.3164553642272949,50,100,100
bar_random_4,bar,random,4,833860,3437288,original,5,encoder_block_5,0.2507596015930176,49,100,100
bar_random_4,bar,random,4,833860,3437288,original,6,encoder_block_6,0.1544456481933593,47,100,100
bar_random_4,bar,random,4,833860,3437288,original,7,encoder_block_7,0.1992678642272949,46,100,100
bar_random_4,bar,random,4,833860,3437288,original,8,encoder_block_8,0.2588486671447754,49,100,100
bar_random_4,bar,random,4,833860,3437288,original,9,encoder_block_9,0.5385427474975586,22,100,100
bar_random_4,bar,random,4,833860,3437288,original,10,encoder_block_10,0.8934817314147949,14,100,100
bar_random_4,bar,random,4,833860,3437288,original,11,encoder_block_11,2.8506088256835938,9,100,100
bar_random_4,bar,random,4,833860,3437288,original,12,encoder_block_12,6.083935737609863,3,100,100
bar_random_4,bar,random,4,833860,3437288,padded_control,0,embedding,0.2832717895507812,36,100,100
bar_random_4,bar,random,4,833860,3437288,padded_control,1,encoder_block_1,-0.0193469524383544,70,100,100
bar_random_4,bar,random,4,833860,3437288,padded_control,2,encoder_block_2,0.2764866352081299,63,100,100
bar_random_4,bar,random,4,833860,3437288,padded_control,3,encoder_block_3,0.341625452041626,49,100,100
bar_random_4,bar,random,4,833860,3437288,padded_control,4,encoder_block_4,0.3245186805725097,50,100,100
bar_random_4,bar,random,4,833860,3437288,padded_control,5,encoder_block_5,0.2544198036193847,49,100,100
bar_random_4,bar,random,4,833860,3437288,padded_control,6,encoder_block_6,0.1483542919158935,47,100,100
bar_random_4,bar,random,4,833860,3437288,padded_control,7,encoder_block_7,0.1944131851196289,47,100,100
bar_random_4,bar,random,4,833860,3437288,padded_control,8,encoder_block_8,0.2457160949707031,50,100,100
bar_random_4,bar,random,4,833860,3437288,padded_control,9,encoder_block_9,0.5294628143310547,22,100,100
bar_random_4,bar,random,4,833860,3437288,padded_control,10,encoder_block_10,0.8875958919525146,14,100,100
bar_random_4,bar,random,4,833860,3437288,padded_control,11,encoder_block_11,2.838991165161133,9,100,100
bar_random_4,bar,random,4,833860,3437288,padded_control,12,encoder_block_12,6.062481880187988,3,100,100
bar_random_4,bar,random,4,833860,3437288,attack,0,embedding,0.0735096931457519,59,100,100
bar_random_4,bar,random,4,833860,3437288,attack,1,encoder_block_1,-0.0827457904815673,73,100,100
bar_random_4,bar,random,4,833860,3437288,attack,2,encoder_block_2,0.2385313510894775,66,100,100
bar_random_4,bar,random,4,833860,3437288,attack,3,encoder_block_3,0.3159832954406738,53,100,100
bar_random_4,bar,random,4,833860,3437288,attack,4,encoder_block_4,0.280496597290039,56,100,100
bar_random_4,bar,random,4,833860,3437288,attack,5,encoder_block_5,0.1983165740966797,54,100,100
bar_random_4,bar,random,4,833860,3437288,attack,6,encoder_block_6,0.1267671585083007,52,100,100
bar_random_4,bar,random,4,833860,3437288,attack,7,encoder_block_7,0.1866774559020996,48,100,100
bar_random_4,bar,random,4,833860,3437288,attack,8,encoder_block_8,0.2988872528076172,45,100,100
bar_random_4,bar,random,4,833860,3437288,attack,9,encoder_block_9,0.623117208480835,19,100,100
bar_random_4,bar,random,4,833860,3437288,attack,10,encoder_block_10,0.968177318572998,12,100,100
bar_random_4,bar,random,4,833860,3437288,attack,11,encoder_block_11,2.917566299438477,7,100,100
bar_random_4,bar,random,4,833860,3437288,attack,12,encoder_block_12,5.669085502624512,3,100,100
bar_random_4,bar,random,4,855410,8651775,original,0,embedding,-0.0004994869232177,5,100,5
bar_random_4,bar,random,4,855410,8651775,original,1,encoder_block_1,-0.3021802902221679,5,100,5
bar_random_4,bar,random,4,855410,8651775,original,2,encoder_block_2,-0.2216396331787109,5,100,5
bar_random_4,bar,random,4,855410,8651775,original,3,encoder_block_3,-0.1444034576416015,5,100,5
bar_random_4,bar,random,4,855410,8651775,original,4,encoder_block_4,0.0451900959014892,5,100,5
bar_random_4,bar,random,4,855410,8651775,original,5,encoder_block_5,-0.0349977016448974,3,100,5
bar_random_4,bar,random,4,855410,8651775,original,6,encoder_block_6,-0.0338470935821533,3,100,5
bar_random_4,bar,random,4,855410,8651775,original,7,encoder_block_7,-0.0878105163574218,4,100,5
bar_random_4,bar,random,4,855410,8651775,original,8,encoder_block_8,0.2215876579284668,2,100,5
bar_random_4,bar,random,4,855410,8651775,original,9,encoder_block_9,0.6039667129516602,2,100,5
bar_random_4,bar,random,4,855410,8651775,original,10,encoder_block_10,0.946608543395996,2,100,5
bar_random_4,bar,random,4,855410,8651775,original,11,encoder_block_11,1.71185564994812,1,100,5
bar_random_4,bar,random,4,855410,8651775,original,12,encoder_block_12,2.128062605857849,3,100,5
bar_random_4,bar,random,4,855410,8651775,padded_control,0,embedding,-0.0004992485046386,5,100,5
bar_random_4,bar,random,4,855410,8651775,padded_control,1,encoder_block_1,-0.2979357242584228,5,100,5
bar_random_4,bar,random,4,855410,8651775,padded_control,2,encoder_block_2,-0.2135634422302246,5,100,5
bar_random_4,bar,random,4,855410,8651775,padded_control,3,encoder_block_3,-0.1442384719848632,5,100,5
bar_random_4,bar,random,4,855410,8651775,padded_control,4,encoder_block_4,0.0445749759674072,5,100,5
bar_random_4,bar,random,4,855410,8651775,padded_control,5,encoder_block_5,-0.0423536300659179,3,100,5
bar_random_4,bar,random,4,855410,8651775,padded_control,6,encoder_block_6,-0.0445742607116699,3,100,5
bar_random_4,bar,random,4,855410,8651775,padded_control,7,encoder_block_7,-0.1036992073059082,4,100,5
bar_random_4,bar,random,4,855410,8651775,padded_control,8,encoder_block_8,0.2050137519836425,2,100,5
bar_random_4,bar,random,4,855410,8651775,padded_control,9,encoder_block_9,0.6027238368988037,2,100,5
bar_random_4,bar,random,4,855410,8651775,padded_control,10,encoder_block_10,0.9408125877380372,2,100,5
bar_random_4,bar,random,4,855410,8651775,padded_control,11,encoder_block_11,1.697563886642456,1,100,5
bar_random_4,bar,random,4,855410,8651775,padded_control,12,encoder_block_12,2.044477581977844,3,100,5
bar_random_4,bar,random,4,855410,8651775,attack,0,embedding,-0.1718378067016601,5,100,5
bar_random_4,bar,random,4,855410,8651775,attack,1,encoder_block_1,-0.4490184783935547,5,100,5
bar_random_4,bar,random,4,855410,8651775,attack,2,encoder_block_2,-0.3057389259338379,5,100,5
bar_random_4,bar,random,4,855410,8651775,attack,3,encoder_block_3,-0.2054119110107422,5,100,5
bar_random_4,bar,random,4,855410,8651775,attack,4,encoder_block_4,-0.0004918575286865,5,100,5
bar_random_4,bar,random,4,855410,8651775,attack,5,encoder_block_5,-0.1430728435516357,5,100,5
bar_random_4,bar,random,4,855410,8651775,attack,6,encoder_block_6,-0.0595800876617431,3,100,5
bar_random_4,bar,random,4,855410,8651775,attack,7,encoder_block_7,-0.1056561470031738,4,100,5
bar_random_4,bar,random,4,855410,8651775,attack,8,encoder_block_8,0.1761293411254882,2,100,5
bar_random_4,bar,random,4,855410,8651775,attack,9,encoder_block_9,0.5749173164367676,2,100,5
bar_random_4,bar,random,4,855410,8651775,attack,10,encoder_block_10,0.9046969413757324,2,100,5
bar_random_4,bar,random,4,855410,8651775,attack,11,encoder_block_11,1.6433401107788086,3,100,5
bar_random_4,bar,random,4,855410,8651775,attack,12,encoder_block_12,1.8609356880187988,3,100,5
bar_random_4,bar,random,4,87181,7666831,original,0,embedding,0.8100113868713379,27,100,100
bar_random_4,bar,random,4,87181,7666831,original,1,encoder_block_1,0.419034481048584,24,100,100
bar_random_4,bar,random,4,87181,7666831,original,2,encoder_block_2,0.3467845916748047,21,100,100
bar_random_4,bar,random,4,87181,7666831,original,3,encoder_block_3,0.4255003929138183,7,100,100
bar_random_4,bar,random,4,87181,7666831,original,4,encoder_block_4,0.4125947952270508,3,100,100
bar_random_4,bar,random,4,87181,7666831,original,5,encoder_block_5,0.4371976852416992,1,100,100
bar_random_4,bar,random,4,87181,7666831,original,6,encoder_block_6,0.4695465564727783,1,100,100
bar_random_4,bar,random,4,87181,7666831,original,7,encoder_block_7,0.3935003280639648,3,100,100
bar_random_4,bar,random,4,87181,7666831,original,8,encoder_block_8,0.3623545169830322,3,100,100
bar_random_4,bar,random,4,87181,7666831,original,9,encoder_block_9,0.5190751552581787,4,100,100
bar_random_4,bar,random,4,87181,7666831,original,10,encoder_block_10,0.0401558876037597,23,100,100
bar_random_4,bar,random,4,87181,7666831,original,11,encoder_block_11,1.007146954536438,20,100,100
bar_random_4,bar,random,4,87181,7666831,original,12,encoder_block_12,1.1425405740737915,25,100,100
bar_random_4,bar,random,4,87181,7666831,padded_control,0,embedding,0.8100123405456543,27,100,100
bar_random_4,bar,random,4,87181,7666831,padded_control,1,encoder_block_1,0.4222824573516845,24,100,100
bar_random_4,bar,random,4,87181,7666831,padded_control,2,encoder_block_2,0.3487353324890136,21,100,100
bar_random_4,bar,random,4,87181,7666831,padded_control,3,encoder_block_3,0.4280760288238525,7,100,100
bar_random_4,bar,random,4,87181,7666831,padded_control,4,encoder_block_4,0.4205164909362793,3,100,100
bar_random_4,bar,random,4,87181,7666831,padded_control,5,encoder_block_5,0.4423027038574219,1,100,100
bar_random_4,bar,random,4,87181,7666831,padded_control,6,encoder_block_6,0.4780652523040771,1,100,100
bar_random_4,bar,random,4,87181,7666831,padded_control,7,encoder_block_7,0.3996131420135498,3,100,100
bar_random_4,bar,random,4,87181,7666831,padded_control,8,encoder_block_8,0.3485531806945801,3,100,100
bar_random_4,bar,random,4,87181,7666831,padded_control,9,encoder_block_9,0.5029315948486328,5,100,100
bar_random_4,bar,random,4,87181,7666831,padded_control,10,encoder_block_10,0.0319557189941406,23,100,100
bar_random_4,bar,random,4,87181,7666831,padded_control,11,encoder_block_11,0.9659559726715088,20,100,100
bar_random_4,bar,random,4,87181,7666831,padded_control,12,encoder_block_12,1.0897761583328247,25,100,100
bar_random_4,bar,random,4,87181,7666831,attack,0,embedding,0.630612850189209,40,100,100
bar_random_4,bar,random,4,87181,7666831,attack,1,encoder_block_1,0.3352634906768799,32,100,100
bar_random_4,bar,random,4,87181,7666831,attack,2,encoder_block_2,0.2804248332977295,26,100,100
bar_random_4,bar,random,4,87181,7666831,attack,3,encoder_block_3,0.3210234642028808,16,100,100
bar_random_4,bar,random,4,87181,7666831,attack,4,encoder_block_4,0.3240456581115722,5,100,100
bar_random_4,bar,random,4,87181,7666831,attack,5,encoder_block_5,0.3771123886108398,2,100,100
bar_random_4,bar,random,4,87181,7666831,attack,6,encoder_block_6,0.4195365905761719,2,100,100
bar_random_4,bar,random,4,87181,7666831,attack,7,encoder_block_7,0.3093948364257812,5,100,100
bar_random_4,bar,random,4,87181,7666831,attack,8,encoder_block_8,0.3005959987640381,5,100,100
bar_random_4,bar,random,4,87181,7666831,attack,9,encoder_block_9,0.4914133548736572,6,100,100
bar_random_4,bar,random,4,87181,7666831,attack,10,encoder_block_10,0.0456442832946777,22,100,100
bar_random_4,bar,random,4,87181,7666831,attack,11,encoder_block_11,0.8955280780792236,22,100,100
bar_random_4,bar,random,4,87181,7666831,attack,12,encoder_block_12,0.8486963510513306,28,100,100
bar_random_4,bar,random,4,87452,8819111,original,0,embedding,0.1429789066314697,70,100,100
bar_random_4,bar,random,4,87452,8819111,original,1,encoder_block_1,-0.1309511661529541,87,100,100
bar_random_4,bar,random,4,87452,8819111,original,2,encoder_block_2,0.1744441986083984,96,100,100
bar_random_4,bar,random,4,87452,8819111,original,3,encoder_block_3,0.2161939144134521,92,100,100
bar_random_4,bar,random,4,87452,8819111,original,4,encoder_block_4,0.2382903099060058,94,100,100
bar_random_4,bar,random,4,87452,8819111,original,5,encoder_block_5,0.3014798164367676,93,100,100
bar_random_4,bar,random,4,87452,8819111,original,6,encoder_block_6,0.2377674579620361,85,100,100
bar_random_4,bar,random,4,87452,8819111,original,7,encoder_block_7,0.4219114780426025,61,100,100
bar_random_4,bar,random,4,87452,8819111,original,8,encoder_block_8,0.5371158123016357,50,100,100
bar_random_4,bar,random,4,87452,8819111,original,9,encoder_block_9,0.7079669237136841,61,100,100
bar_random_4,bar,random,4,87452,8819111,original,10,encoder_block_10,0.5587437152862549,28,100,100
bar_random_4,bar,random,4,87452,8819111,original,11,encoder_block_11,1.7053941488265991,11,100,100
bar_random_4,bar,random,4,87452,8819111,original,12,encoder_block_12,3.4948244094848637,6,100,100
bar_random_4,bar,random,4,87452,8819111,padded_control,0,embedding,0.1429793834686279,70,100,100
bar_random_4,bar,random,4,87452,8819111,padded_control,1,encoder_block_1,-0.1285696029663086,86,100,100
bar_random_4,bar,random,4,87452,8819111,padded_control,2,encoder_block_2,0.1666088104248047,96,100,100
bar_random_4,bar,random,4,87452,8819111,padded_control,3,encoder_block_3,0.1987700462341308,92,100,100
bar_random_4,bar,random,4,87452,8819111,padded_control,4,encoder_block_4,0.216956615447998,96,100,100
bar_random_4,bar,random,4,87452,8819111,padded_control,5,encoder_block_5,0.2800328731536865,94,100,100
bar_random_4,bar,random,4,87452,8819111,padded_control,6,encoder_block_6,0.2126150131225586,88,100,100
bar_random_4,bar,random,4,87452,8819111,padded_control,7,encoder_block_7,0.4034926891326904,63,100,100
bar_random_4,bar,random,4,87452,8819111,padded_control,8,encoder_block_8,0.5228209495544434,52,100,100
bar_random_4,bar,random,4,87452,8819111,padded_control,9,encoder_block_9,0.6915267705917358,67,100,100
bar_random_4,bar,random,4,87452,8819111,padded_control,10,encoder_block_10,0.5578515529632568,28,100,100
bar_random_4,bar,random,4,87452,8819111,padded_control,11,encoder_block_11,1.7115604877471924,11,100,100
bar_random_4,bar,random,4,87452,8819111,padded_control,12,encoder_block_12,3.486943244934082,6,100,100
bar_random_4,bar,random,4,87452,8819111,attack,0,embedding,-0.0655632019042968,86,100,100
bar_random_4,bar,random,4,87452,8819111,attack,1,encoder_block_1,-0.3323845863342285,99,100,100
bar_random_4,bar,random,4,87452,8819111,attack,2,encoder_block_2,0.0191969871520996,99,100,100
bar_random_4,bar,random,4,87452,8819111,attack,3,encoder_block_3,0.031996726989746,98,100,100
bar_random_4,bar,random,4,87452,8819111,attack,4,encoder_block_4,0.0306873321533203,100,100,100
bar_random_4,bar,random,4,87452,8819111,attack,5,encoder_block_5,0.0934889316558837,100,100,100
bar_random_4,bar,random,4,87452,8819111,attack,6,encoder_block_6,0.1102793216705322,93,100,100
bar_random_4,bar,random,4,87452,8819111,attack,7,encoder_block_7,0.2637710571289062,82,100,100
bar_random_4,bar,random,4,87452,8819111,attack,8,encoder_block_8,0.5236606597900391,52,100,100
bar_random_4,bar,random,4,87452,8819111,attack,9,encoder_block_9,0.715720534324646,59,100,100
bar_random_4,bar,random,4,87452,8819111,attack,10,encoder_block_10,0.5690999031066895,27,100,100
bar_random_4,bar,random,4,87452,8819111,attack,11,encoder_block_11,1.6779532432556152,11,100,100
bar_random_4,bar,random,4,87452,8819111,attack,12,encoder_block_12,3.348226547241211,8,100,100
bar_random_4,bar,random,4,915593,8178998,original,0,embedding,0.6703367233276367,51,100,100
bar_random_4,bar,random,4,915593,8178998,original,1,encoder_block_1,0.7326927185058594,37,100,100
bar_random_4,bar,random,4,915593,8178998,original,2,encoder_block_2,0.6426405906677246,44,100,100
bar_random_4,bar,random,4,915593,8178998,original,3,encoder_block_3,0.6695427894592285,40,100,100
bar_random_4,bar,random,4,915593,8178998,original,4,encoder_block_4,0.7721796035766602,33,100,100
bar_random_4,bar,random,4,915593,8178998,original,5,encoder_block_5,0.7101783752441406,27,100,100
bar_random_4,bar,random,4,915593,8178998,original,6,encoder_block_6,0.7242584228515625,20,100,100
bar_random_4,bar,random,4,915593,8178998,original,7,encoder_block_7,0.7497453689575195,16,100,100
bar_random_4,bar,random,4,915593,8178998,original,8,encoder_block_8,0.8311061859130859,15,100,100
bar_random_4,bar,random,4,915593,8178998,original,9,encoder_block_9,0.8523128032684326,18,100,100
bar_random_4,bar,random,4,915593,8178998,original,10,encoder_block_10,0.6986525058746338,19,100,100
bar_random_4,bar,random,4,915593,8178998,original,11,encoder_block_11,1.253495216369629,14,100,100
bar_random_4,bar,random,4,915593,8178998,original,12,encoder_block_12,3.0462746620178223,6,100,100
bar_random_4,bar,random,4,915593,8178998,padded_control,0,embedding,0.6703357696533203,51,100,100
bar_random_4,bar,random,4,915593,8178998,padded_control,1,encoder_block_1,0.7478194236755371,37,100,100
bar_random_4,bar,random,4,915593,8178998,padded_control,2,encoder_block_2,0.6548361778259277,41,100,100
bar_random_4,bar,random,4,915593,8178998,padded_control,3,encoder_block_3,0.677058219909668,39,100,100
bar_random_4,bar,random,4,915593,8178998,padded_control,4,encoder_block_4,0.7711949348449707,33,100,100
bar_random_4,bar,random,4,915593,8178998,padded_control,5,encoder_block_5,0.7113888263702393,26,100,100
bar_random_4,bar,random,4,915593,8178998,padded_control,6,encoder_block_6,0.7360982894897461,20,100,100
bar_random_4,bar,random,4,915593,8178998,padded_control,7,encoder_block_7,0.7652826309204102,16,100,100
bar_random_4,bar,random,4,915593,8178998,padded_control,8,encoder_block_8,0.8478426933288574,13,100,100
bar_random_4,bar,random,4,915593,8178998,padded_control,9,encoder_block_9,0.8612706661224365,18,100,100
bar_random_4,bar,random,4,915593,8178998,padded_control,10,encoder_block_10,0.7036988735198975,19,100,100
bar_random_4,bar,random,4,915593,8178998,padded_control,11,encoder_block_11,1.246584177017212,15,100,100
bar_random_4,bar,random,4,915593,8178998,padded_control,12,encoder_block_12,3.049860715866089,6,100,100
bar_random_4,bar,random,4,915593,8178998,attack,0,embedding,0.4981801509857178,59,100,100
bar_random_4,bar,random,4,915593,8178998,attack,1,encoder_block_1,0.6484322547912598,44,100,100
bar_random_4,bar,random,4,915593,8178998,attack,2,encoder_block_2,0.5502972602844238,59,100,100
bar_random_4,bar,random,4,915593,8178998,attack,3,encoder_block_3,0.5666518211364746,50,100,100
bar_random_4,bar,random,4,915593,8178998,attack,4,encoder_block_4,0.708942174911499,37,100,100
bar_random_4,bar,random,4,915593,8178998,attack,5,encoder_block_5,0.6280760765075684,32,100,100
bar_random_4,bar,random,4,915593,8178998,attack,6,encoder_block_6,0.7095146179199219,22,100,100
bar_random_4,bar,random,4,915593,8178998,attack,7,encoder_block_7,0.7043795585632324,16,100,100
bar_random_4,bar,random,4,915593,8178998,attack,8,encoder_block_8,0.8372218608856201,14,100,100
bar_random_4,bar,random,4,915593,8178998,attack,9,encoder_block_9,0.8349261283874512,18,100,100
bar_random_4,bar,random,4,915593,8178998,attack,10,encoder_block_10,0.6842329502105713,19,100,100
bar_random_4,bar,random,4,915593,8178998,attack,11,encoder_block_11,1.1365351676940918,19,100,100
bar_random_4,bar,random,4,915593,8178998,attack,12,encoder_block_12,2.852975368499756,6,100,100
bar_random_4,bar,random,4,962179,8689054,original,0,embedding,0.4924960136413574,73,100,100
bar_random_4,bar,random,4,962179,8689054,original,1,encoder_block_1,0.9855179786682128,46,100,100
bar_random_4,bar,random,4,962179,8689054,original,2,encoder_block_2,1.276634693145752,33,100,100
bar_random_4,bar,random,4,962179,8689054,original,3,encoder_block_3,1.0348172187805176,41,100,100
bar_random_4,bar,random,4,962179,8689054,original,4,encoder_block_4,1.2358736991882324,19,100,100
bar_random_4,bar,random,4,962179,8689054,original,5,encoder_block_5,0.8853514194488525,18,100,100
bar_random_4,bar,random,4,962179,8689054,original,6,encoder_block_6,0.8565187454223633,19,100,100
bar_random_4,bar,random,4,962179,8689054,original,7,encoder_block_7,0.861830472946167,15,100,100
bar_random_4,bar,random,4,962179,8689054,original,8,encoder_block_8,0.9117321968078612,12,100,100
bar_random_4,bar,random,4,962179,8689054,original,9,encoder_block_9,0.6227021217346191,10,100,100
bar_random_4,bar,random,4,962179,8689054,original,10,encoder_block_10,-1.3784269094467163,56,100,100
bar_random_4,bar,random,4,962179,8689054,original,11,encoder_block_11,-3.9445338249206543,60,100,100
bar_random_4,bar,random,4,962179,8689054,original,12,encoder_block_12,-11.904458999633787,56,100,100
bar_random_4,bar,random,4,962179,8689054,padded_control,0,embedding,0.4924957752227783,73,100,100
bar_random_4,bar,random,4,962179,8689054,padded_control,1,encoder_block_1,0.9894237518310548,46,100,100
bar_random_4,bar,random,4,962179,8689054,padded_control,2,encoder_block_2,1.2828350067138672,33,100,100
bar_random_4,bar,random,4,962179,8689054,padded_control,3,encoder_block_3,1.0381507873535156,41,100,100
bar_random_4,bar,random,4,962179,8689054,padded_control,4,encoder_block_4,1.2314128875732422,19,100,100
bar_random_4,bar,random,4,962179,8689054,padded_control,5,encoder_block_5,0.8781976699829102,20,100,100
bar_random_4,bar,random,4,962179,8689054,padded_control,6,encoder_block_6,0.8510463237762451,20,100,100
bar_random_4,bar,random,4,962179,8689054,padded_control,7,encoder_block_7,0.8617770671844482,15,100,100
bar_random_4,bar,random,4,962179,8689054,padded_control,8,encoder_block_8,0.9021317958831788,12,100,100
bar_random_4,bar,random,4,962179,8689054,padded_control,9,encoder_block_9,0.6540603637695312,9,100,100
bar_random_4,bar,random,4,962179,8689054,padded_control,10,encoder_block_10,-1.3335494995117188,53,100,100
bar_random_4,bar,random,4,962179,8689054,padded_control,11,encoder_block_11,-3.831247329711914,56,100,100
bar_random_4,bar,random,4,962179,8689054,padded_control,12,encoder_block_12,-11.875184059143066,56,100,100
bar_random_4,bar,random,4,962179,8689054,attack,0,embedding,0.2884535789489746,84,100,100
bar_random_4,bar,random,4,962179,8689054,attack,1,encoder_block_1,0.7707538604736328,61,100,100
bar_random_4,bar,random,4,962179,8689054,attack,2,encoder_block_2,1.1364588737487793,49,100,100
bar_random_4,bar,random,4,962179,8689054,attack,3,encoder_block_3,0.8442528247833252,59,100,100
bar_random_4,bar,random,4,962179,8689054,attack,4,encoder_block_4,1.0199811458587646,36,100,100
bar_random_4,bar,random,4,962179,8689054,attack,5,encoder_block_5,0.7218263149261475,28,100,100
bar_random_4,bar,random,4,962179,8689054,attack,6,encoder_block_6,0.7004706859588623,29,100,100
bar_random_4,bar,random,4,962179,8689054,attack,7,encoder_block_7,0.7329597473144531,22,100,100
bar_random_4,bar,random,4,962179,8689054,attack,8,encoder_block_8,0.7888407707214355,18,100,100
bar_random_4,bar,random,4,962179,8689054,attack,9,encoder_block_9,0.5521810054779053,12,100,100
bar_random_4,bar,random,4,962179,8689054,attack,10,encoder_block_10,-1.4228460788726809,58,100,100
bar_random_4,bar,random,4,962179,8689054,attack,11,encoder_block_11,-4.072177410125732,66,100,100
bar_random_4,bar,random,4,962179,8689054,attack,12,encoder_block_12,-11.796144485473633,53,100,100
bar_random_4,bar,random,4,1037798,8760867,original,0,embedding,1.0277526378631592,20,100,100
bar_random_4,bar,random,4,1037798,8760867,original,1,encoder_block_1,0.7746071815490723,44,100,100
bar_random_4,bar,random,4,1037798,8760867,original,2,encoder_block_2,0.7961463928222656,53,100,100
bar_random_4,bar,random,4,1037798,8760867,original,3,encoder_block_3,0.5291130542755127,61,100,100
bar_random_4,bar,random,4,1037798,8760867,original,4,encoder_block_4,0.3393959999084472,73,100,100
bar_random_4,bar,random,4,1037798,8760867,original,5,encoder_block_5,0.2607414722442627,69,100,100
bar_random_4,bar,random,4,1037798,8760867,original,6,encoder_block_6,0.4179649353027344,60,100,100
bar_random_4,bar,random,4,1037798,8760867,original,7,encoder_block_7,0.4152679443359375,58,100,100
bar_random_4,bar,random,4,1037798,8760867,original,8,encoder_block_8,0.3797390460968017,71,100,100
bar_random_4,bar,random,4,1037798,8760867,original,9,encoder_block_9,0.6364247798919678,64,100,100
bar_random_4,bar,random,4,1037798,8760867,original,10,encoder_block_10,1.0374128818511963,11,100,100
bar_random_4,bar,random,4,1037798,8760867,original,11,encoder_block_11,2.7416677474975586,3,100,100
bar_random_4,bar,random,4,1037798,8760867,original,12,encoder_block_12,5.58027458190918,2,100,100
bar_random_4,bar,random,4,1037798,8760867,padded_control,0,embedding,1.0277526378631592,20,100,100
bar_random_4,bar,random,4,1037798,8760867,padded_control,1,encoder_block_1,0.7728009223937988,44,100,100
bar_random_4,bar,random,4,1037798,8760867,padded_control,2,encoder_block_2,0.786097526550293,53,100,100
bar_random_4,bar,random,4,1037798,8760867,padded_control,3,encoder_block_3,0.522087574005127,61,100,100
bar_random_4,bar,random,4,1037798,8760867,padded_control,4,encoder_block_4,0.3280177116394043,76,100,100
bar_random_4,bar,random,4,1037798,8760867,padded_control,5,encoder_block_5,0.2568264007568359,69,100,100
bar_random_4,bar,random,4,1037798,8760867,padded_control,6,encoder_block_6,0.4125351905822754,60,100,100
bar_random_4,bar,random,4,1037798,8760867,padded_control,7,encoder_block_7,0.3953185081481933,59,100,100
bar_random_4,bar,random,4,1037798,8760867,padded_control,8,encoder_block_8,0.3573236465454101,71,100,100
bar_random_4,bar,random,4,1037798,8760867,padded_control,9,encoder_block_9,0.6101253032684326,66,100,100
bar_random_4,bar,random,4,1037798,8760867,padded_control,10,encoder_block_10,1.0032801628112793,12,100,100
bar_random_4,bar,random,4,1037798,8760867,padded_control,11,encoder_block_11,2.7359442710876465,3,100,100
bar_random_4,bar,random,4,1037798,8760867,padded_control,12,encoder_block_12,5.590503692626953,2,100,100
bar_random_4,bar,random,4,1037798,8760867,attack,0,embedding,0.8680257797241211,33,100,100
bar_random_4,bar,random,4,1037798,8760867,attack,1,encoder_block_1,0.6429219245910645,51,100,100
bar_random_4,bar,random,4,1037798,8760867,attack,2,encoder_block_2,0.7351384162902832,57,100,100
bar_random_4,bar,random,4,1037798,8760867,attack,3,encoder_block_3,0.4577038288116455,70,100,100
bar_random_4,bar,random,4,1037798,8760867,attack,4,encoder_block_4,0.2625184059143066,82,100,100
bar_random_4,bar,random,4,1037798,8760867,attack,5,encoder_block_5,0.1797175407409668,79,100,100
bar_random_4,bar,random,4,1037798,8760867,attack,6,encoder_block_6,0.3393392562866211,74,100,100
bar_random_4,bar,random,4,1037798,8760867,attack,7,encoder_block_7,0.3347368240356445,65,100,100
bar_random_4,bar,random,4,1037798,8760867,attack,8,encoder_block_8,0.3720295429229736,71,100,100
bar_random_4,bar,random,4,1037798,8760867,attack,9,encoder_block_9,0.6562337875366211,63,100,100
bar_random_4,bar,random,4,1037798,8760867,attack,10,encoder_block_10,1.0302002429962158,11,100,100
bar_random_4,bar,random,4,1037798,8760867,attack,11,encoder_block_11,2.6400747299194336,3,100,100
bar_random_4,bar,random,4,1037798,8760867,attack,12,encoder_block_12,5.600502014160156,2,100,100
bar_random_4,bar,random,4,104861,5864693,original,0,embedding,1.3101580142974854,13,100,100
bar_random_4,bar,random,4,104861,5864693,original,1,encoder_block_1,1.3646221160888672,11,100,100
bar_random_4,bar,random,4,104861,5864693,original,2,encoder_block_2,1.5980381965637207,11,100,100
bar_random_4,bar,random,4,104861,5864693,original,3,encoder_block_3,1.4628987312316897,18,100,100
bar_random_4,bar,random,4,104861,5864693,original,4,encoder_block_4,1.7519667148590088,7,100,100
bar_random_4,bar,random,4,104861,5864693,original,5,encoder_block_5,1.778703689575195,6,100,100
bar_random_4,bar,random,4,104861,5864693,original,6,encoder_block_6,1.5728740692138672,18,100,100
bar_random_4,bar,random,4,104861,5864693,original,7,encoder_block_7,1.539109706878662,21,100,100
bar_random_4,bar,random,4,104861,5864693,original,8,encoder_block_8,1.4703872203826904,19,100,100
bar_random_4,bar,random,4,104861,5864693,original,9,encoder_block_9,1.5695881843566897,26,100,100
bar_random_4,bar,random,4,104861,5864693,original,10,encoder_block_10,1.575225830078125,23,100,100
bar_random_4,bar,random,4,104861,5864693,original,11,encoder_block_11,1.169312596321106,31,100,100
bar_random_4,bar,random,4,104861,5864693,original,12,encoder_block_12,-5.711215972900391,34,100,100
bar_random_4,bar,random,4,104861,5864693,padded_control,0,embedding,1.3101582527160645,13,100,100
bar_random_4,bar,random,4,104861,5864693,padded_control,1,encoder_block_1,1.3622019290924072,11,100,100
bar_random_4,bar,random,4,104861,5864693,padded_control,2,encoder_block_2,1.593645095825195,12,100,100
bar_random_4,bar,random,4,104861,5864693,padded_control,3,encoder_block_3,1.4621548652648926,18,100,100
bar_random_4,bar,random,4,104861,5864693,padded_control,4,encoder_block_4,1.749232292175293,7,100,100
bar_random_4,bar,random,4,104861,5864693,padded_control,5,encoder_block_5,1.7810187339782717,6,100,100
bar_random_4,bar,random,4,104861,5864693,padded_control,6,encoder_block_6,1.5809261798858645,17,100,100
bar_random_4,bar,random,4,104861,5864693,padded_control,7,encoder_block_7,1.545250415802002,20,100,100
bar_random_4,bar,random,4,104861,5864693,padded_control,8,encoder_block_8,1.4822545051574707,19,100,100
bar_random_4,bar,random,4,104861,5864693,padded_control,9,encoder_block_9,1.5815329551696775,25,100,100
bar_random_4,bar,random,4,104861,5864693,padded_control,10,encoder_block_10,1.5937025547027588,22,100,100
bar_random_4,bar,random,4,104861,5864693,padded_control,11,encoder_block_11,1.2146828174591064,31,100,100
bar_random_4,bar,random,4,104861,5864693,padded_control,12,encoder_block_12,-4.992281913757324,32,100,100
bar_random_4,bar,random,4,104861,5864693,attack,0,embedding,1.176760196685791,18,100,100
bar_random_4,bar,random,4,104861,5864693,attack,1,encoder_block_1,1.2836546897888184,15,100,100
bar_random_4,bar,random,4,104861,5864693,attack,2,encoder_block_2,1.553725242614746,14,100,100
bar_random_4,bar,random,4,104861,5864693,attack,3,encoder_block_3,1.3924636840820312,24,100,100
bar_random_4,bar,random,4,104861,5864693,attack,4,encoder_block_4,1.647258996963501,12,100,100
bar_random_4,bar,random,4,104861,5864693,attack,5,encoder_block_5,1.6855714321136477,11,100,100
bar_random_4,bar,random,4,104861,5864693,attack,6,encoder_block_6,1.5132851600646973,23,100,100
bar_random_4,bar,random,4,104861,5864693,attack,7,encoder_block_7,1.4661376476287842,26,100,100
bar_random_4,bar,random,4,104861,5864693,attack,8,encoder_block_8,1.4151611328125,25,100,100
bar_random_4,bar,random,4,104861,5864693,attack,9,encoder_block_9,1.5214025974273682,29,100,100
bar_random_4,bar,random,4,104861,5864693,attack,10,encoder_block_10,1.5201568603515625,28,100,100
bar_random_4,bar,random,4,104861,5864693,attack,11,encoder_block_11,1.118401288986206,32,100,100
bar_random_4,bar,random,4,104861,5864693,attack,12,encoder_block_12,-5.778205871582031,34,100,100
bar_random_4,bar,random,4,1063750,2997653,original,0,embedding,0.2163100242614746,84,100,100
bar_random_4,bar,random,4,1063750,2997653,original,1,encoder_block_1,0.3163542747497558,63,100,100
bar_random_4,bar,random,4,1063750,2997653,original,2,encoder_block_2,0.4243702888488769,54,100,100
bar_random_4,bar,random,4,1063750,2997653,original,3,encoder_block_3,0.3728740215301513,46,100,100
bar_random_4,bar,random,4,1063750,2997653,original,4,encoder_block_4,0.5634288787841797,33,100,100
bar_random_4,bar,random,4,1063750,2997653,original,5,encoder_block_5,0.5658025741577148,33,100,100
bar_random_4,bar,random,4,1063750,2997653,original,6,encoder_block_6,0.4535949230194092,42,100,100
bar_random_4,bar,random,4,1063750,2997653,original,7,encoder_block_7,0.5761830806732178,33,100,100
bar_random_4,bar,random,4,1063750,2997653,original,8,encoder_block_8,0.5439143180847168,35,100,100
bar_random_4,bar,random,4,1063750,2997653,original,9,encoder_block_9,0.5273476839065552,30,100,100
bar_random_4,bar,random,4,1063750,2997653,original,10,encoder_block_10,0.5664772987365723,11,100,100
bar_random_4,bar,random,4,1063750,2997653,original,11,encoder_block_11,-0.0346142053604126,27,100,100
bar_random_4,bar,random,4,1063750,2997653,original,12,encoder_block_12,-9.526568412780762,51,100,100
bar_random_4,bar,random,4,1063750,2997653,padded_control,0,embedding,0.2163095474243164,84,100,100
bar_random_4,bar,random,4,1063750,2997653,padded_control,1,encoder_block_1,0.3223474025726318,62,100,100
bar_random_4,bar,random,4,1063750,2997653,padded_control,2,encoder_block_2,0.426523208618164,54,100,100
bar_random_4,bar,random,4,1063750,2997653,padded_control,3,encoder_block_3,0.3730149269104004,46,100,100
bar_random_4,bar,random,4,1063750,2997653,padded_control,4,encoder_block_4,0.5687854290008545,33,100,100
bar_random_4,bar,random,4,1063750,2997653,padded_control,5,encoder_block_5,0.5697774887084961,33,100,100
bar_random_4,bar,random,4,1063750,2997653,padded_control,6,encoder_block_6,0.4602413177490234,42,100,100
bar_random_4,bar,random,4,1063750,2997653,padded_control,7,encoder_block_7,0.5834157466888428,33,100,100
bar_random_4,bar,random,4,1063750,2997653,padded_control,8,encoder_block_8,0.54844069480896,35,100,100
bar_random_4,bar,random,4,1063750,2997653,padded_control,9,encoder_block_9,0.5256922245025635,30,100,100
bar_random_4,bar,random,4,1063750,2997653,padded_control,10,encoder_block_10,0.5785856246948242,11,100,100
bar_random_4,bar,random,4,1063750,2997653,padded_control,11,encoder_block_11,-0.0104084014892578,27,100,100
bar_random_4,bar,random,4,1063750,2997653,padded_control,12,encoder_block_12,-9.612279891967772,54,100,100
bar_random_4,bar,random,4,1063750,2997653,attack,0,embedding,-0.1638383865356445,94,100,100
bar_random_4,bar,random,4,1063750,2997653,attack,1,encoder_block_1,0.1792590618133545,73,100,100
bar_random_4,bar,random,4,1063750,2997653,attack,2,encoder_block_2,0.408095121383667,56,100,100
bar_random_4,bar,random,4,1063750,2997653,attack,3,encoder_block_3,0.2701218128204345,52,100,100
bar_random_4,bar,random,4,1063750,2997653,attack,4,encoder_block_4,0.4949538707733154,38,100,100
bar_random_4,bar,random,4,1063750,2997653,attack,5,encoder_block_5,0.5055012702941895,36,100,100
bar_random_4,bar,random,4,1063750,2997653,attack,6,encoder_block_6,0.3931760787963867,47,100,100
bar_random_4,bar,random,4,1063750,2997653,attack,7,encoder_block_7,0.5271308422088623,38,100,100
bar_random_4,bar,random,4,1063750,2997653,attack,8,encoder_block_8,0.536196231842041,35,100,100
bar_random_4,bar,random,4,1063750,2997653,attack,9,encoder_block_9,0.5643420219421387,30,100,100
bar_random_4,bar,random,4,1063750,2997653,attack,10,encoder_block_10,0.5826489925384521,11,100,100
bar_random_4,bar,random,4,1063750,2997653,attack,11,encoder_block_11,-0.1080479621887207,27,100,100
bar_random_4,bar,random,4,1063750,2997653,attack,12,encoder_block_12,-9.602954864501951,54,100,100
bar_random_4,bar,random,4,1103812,1659850,original,0,embedding,0.4257817268371582,82,100,100
bar_random_4,bar,random,4,1103812,1659850,original,1,encoder_block_1,0.3321256637573242,75,100,100
bar_random_4,bar,random,4,1103812,1659850,original,2,encoder_block_2,0.6252179145812988,53,100,100
bar_random_4,bar,random,4,1103812,1659850,original,3,encoder_block_3,0.5269737243652344,39,100,100
bar_random_4,bar,random,4,1103812,1659850,original,4,encoder_block_4,0.2543373107910156,57,100,100
bar_random_4,bar,random,4,1103812,1659850,original,5,encoder_block_5,0.1775403022766113,55,100,100
bar_random_4,bar,random,4,1103812,1659850,original,6,encoder_block_6,0.2524967193603515,53,100,100
bar_random_4,bar,random,4,1103812,1659850,original,7,encoder_block_7,0.3296332359313965,46,100,100
bar_random_4,bar,random,4,1103812,1659850,original,8,encoder_block_8,0.3016543388366699,45,100,100
bar_random_4,bar,random,4,1103812,1659850,original,9,encoder_block_9,0.5543015003204346,16,100,100
bar_random_4,bar,random,4,1103812,1659850,original,10,encoder_block_10,0.2654201984405517,18,100,100
bar_random_4,bar,random,4,1103812,1659850,original,11,encoder_block_11,0.0378303527832031,22,100,100
bar_random_4,bar,random,4,1103812,1659850,original,12,encoder_block_12,-5.150150299072266,25,100,100
bar_random_4,bar,random,4,1103812,1659850,padded_control,0,embedding,0.4257805347442627,82,100,100
bar_random_4,bar,random,4,1103812,1659850,padded_control,1,encoder_block_1,0.3316226005554199,75,100,100
bar_random_4,bar,random,4,1103812,1659850,padded_control,2,encoder_block_2,0.6219930648803711,54,100,100
bar_random_4,bar,random,4,1103812,1659850,padded_control,3,encoder_block_3,0.5145082473754883,41,100,100
bar_random_4,bar,random,4,1103812,1659850,padded_control,4,encoder_block_4,0.2396454811096191,60,100,100
bar_random_4,bar,random,4,1103812,1659850,padded_control,5,encoder_block_5,0.1579904556274414,57,100,100
bar_random_4,bar,random,4,1103812,1659850,padded_control,6,encoder_block_6,0.2345771789550781,53,100,100
bar_random_4,bar,random,4,1103812,1659850,padded_control,7,encoder_block_7,0.3017165660858154,48,100,100
bar_random_4,bar,random,4,1103812,1659850,padded_control,8,encoder_block_8,0.2723186016082763,51,100,100
bar_random_4,bar,random,4,1103812,1659850,padded_control,9,encoder_block_9,0.535637617111206,17,100,100
bar_random_4,bar,random,4,1103812,1659850,padded_control,10,encoder_block_10,0.267855167388916,18,100,100
bar_random_4,bar,random,4,1103812,1659850,padded_control,11,encoder_block_11,0.1436066627502441,21,100,100
bar_random_4,bar,random,4,1103812,1659850,padded_control,12,encoder_block_12,-4.3025994300842285,24,100,100
bar_random_4,bar,random,4,1103812,1659850,attack,0,embedding,0.2032802104949951,93,100,100
bar_random_4,bar,random,4,1103812,1659850,attack,1,encoder_block_1,0.175358772277832,85,100,100
bar_random_4,bar,random,4,1103812,1659850,attack,2,encoder_block_2,0.5023598670959473,66,100,100
bar_random_4,bar,random,4,1103812,1659850,attack,3,encoder_block_3,0.4097671508789062,60,100,100
bar_random_4,bar,random,4,1103812,1659850,attack,4,encoder_block_4,0.1198058128356933,75,100,100
bar_random_4,bar,random,4,1103812,1659850,attack,5,encoder_block_5,0.0400190353393554,66,100,100
bar_random_4,bar,random,4,1103812,1659850,attack,6,encoder_block_6,0.1090555191040039,69,100,100
bar_random_4,bar,random,4,1103812,1659850,attack,7,encoder_block_7,0.1439366340637207,63,100,100
bar_random_4,bar,random,4,1103812,1659850,attack,8,encoder_block_8,0.1788647174835205,60,100,100
bar_random_4,bar,random,4,1103812,1659850,attack,9,encoder_block_9,0.4299542903900146,26,100,100
bar_random_4,bar,random,4,1103812,1659850,attack,10,encoder_block_10,0.1554403305053711,26,100,100
bar_random_4,bar,random,4,1103812,1659850,attack,11,encoder_block_11,-0.2104039192199707,24,100,100
bar_random_4,bar,random,4,1103812,1659850,attack,12,encoder_block_12,-5.55996036529541,28,100,100
bar_random_4,bar,random,4,1106007,1334335,original,0,embedding,0.4630212783813476,32,100,100
bar_random_4,bar,random,4,1106007,1334335,original,1,encoder_block_1,0.3073601722717285,31,100,100
bar_random_4,bar,random,4,1106007,1334335,original,2,encoder_block_2,0.327805757522583,40,100,100
bar_random_4,bar,random,4,1106007,1334335,original,3,encoder_block_3,-0.0557863712310791,69,100,100
bar_random_4,bar,random,4,1106007,1334335,original,4,encoder_block_4,-0.0956778526306152,82,100,100
bar_random_4,bar,random,4,1106007,1334335,original,5,encoder_block_5,0.0753834247589111,75,100,100
bar_random_4,bar,random,4,1106007,1334335,original,6,encoder_block_6,0.253535509109497,60,100,100
bar_random_4,bar,random,4,1106007,1334335,original,7,encoder_block_7,0.3280551433563232,60,100,100
bar_random_4,bar,random,4,1106007,1334335,original,8,encoder_block_8,0.4010298252105713,61,100,100
bar_random_4,bar,random,4,1106007,1334335,original,9,encoder_block_9,0.7389075756072998,46,100,100
bar_random_4,bar,random,4,1106007,1334335,original,10,encoder_block_10,1.1145381927490234,24,100,100
bar_random_4,bar,random,4,1106007,1334335,original,11,encoder_block_11,2.861777305603028,5,100,100
bar_random_4,bar,random,4,1106007,1334335,original,12,encoder_block_12,5.731571197509766,5,100,100
bar_random_4,bar,random,4,1106007,1334335,padded_control,0,embedding,0.4630203247070312,32,100,100
bar_random_4,bar,random,4,1106007,1334335,padded_control,1,encoder_block_1,0.3136482238769531,31,100,100
bar_random_4,bar,random,4,1106007,1334335,padded_control,2,encoder_block_2,0.3300144672393799,40,100,100
bar_random_4,bar,random,4,1106007,1334335,padded_control,3,encoder_block_3,-0.0692017078399658,69,100,100
bar_random_4,bar,random,4,1106007,1334335,padded_control,4,encoder_block_4,-0.1266920566558838,84,100,100
bar_random_4,bar,random,4,1106007,1334335,padded_control,5,encoder_block_5,0.0436100959777832,77,100,100
bar_random_4,bar,random,4,1106007,1334335,padded_control,6,encoder_block_6,0.2355337142944336,63,100,100
bar_random_4,bar,random,4,1106007,1334335,padded_control,7,encoder_block_7,0.3167555332183838,60,100,100
bar_random_4,bar,random,4,1106007,1334335,padded_control,8,encoder_block_8,0.3825669288635254,61,100,100
bar_random_4,bar,random,4,1106007,1334335,padded_control,9,encoder_block_9,0.7247610092163086,48,100,100
bar_random_4,bar,random,4,1106007,1334335,padded_control,10,encoder_block_10,1.1210105419158936,23,100,100
bar_random_4,bar,random,4,1106007,1334335,padded_control,11,encoder_block_11,2.883112907409668,5,100,100
bar_random_4,bar,random,4,1106007,1334335,padded_control,12,encoder_block_12,5.721761703491211,5,100,100
bar_random_4,bar,random,4,1106007,1334335,attack,0,embedding,-0.0695290565490722,81,100,100
bar_random_4,bar,random,4,1106007,1334335,attack,1,encoder_block_1,0.1035351753234863,49,100,100
bar_random_4,bar,random,4,1106007,1334335,attack,2,encoder_block_2,0.2475385665893554,49,100,100
bar_random_4,bar,random,4,1106007,1334335,attack,3,encoder_block_3,-0.137369155883789,74,100,100
bar_random_4,bar,random,4,1106007,1334335,attack,4,encoder_block_4,-0.2010049819946289,91,100,100
bar_random_4,bar,random,4,1106007,1334335,attack,5,encoder_block_5,-0.107386827468872,83,100,100
bar_random_4,bar,random,4,1106007,1334335,attack,6,encoder_block_6,0.1697616577148437,71,100,100
bar_random_4,bar,random,4,1106007,1334335,attack,7,encoder_block_7,0.2258145809173584,65,100,100
bar_random_4,bar,random,4,1106007,1334335,attack,8,encoder_block_8,0.3529133796691894,66,100,100
bar_random_4,bar,random,4,1106007,1334335,attack,9,encoder_block_9,0.6866014003753662,51,100,100
bar_random_4,bar,random,4,1106007,1334335,attack,10,encoder_block_10,1.063981533050537,25,100,100
bar_random_4,bar,random,4,1106007,1334335,attack,11,encoder_block_11,2.773935317993164,5,100,100
bar_random_4,bar,random,4,1106007,1334335,attack,12,encoder_block_12,5.680261611938477,5,100,100
bar_random_4,bar,random,4,1110199,554521,original,0,embedding,0.7955269813537598,93,100,100
bar_random_4,bar,random,4,1110199,554521,original,1,encoder_block_1,1.0513067245483398,87,100,100
bar_random_4,bar,random,4,1110199,554521,original,2,encoder_block_2,1.4016799926757812,79,100,100
bar_random_4,bar,random,4,1110199,554521,original,3,encoder_block_3,1.446484088897705,65,100,100
bar_random_4,bar,random,4,1110199,554521,original,4,encoder_block_4,1.5011777877807615,61,100,100
bar_random_4,bar,random,4,1110199,554521,original,5,encoder_block_5,1.500760555267334,54,100,100
bar_random_4,bar,random,4,1110199,554521,original,6,encoder_block_6,1.4579405784606934,56,100,100
bar_random_4,bar,random,4,1110199,554521,original,7,encoder_block_7,1.479618787765503,52,100,100
bar_random_4,bar,random,4,1110199,554521,original,8,encoder_block_8,1.280795335769653,68,100,100
bar_random_4,bar,random,4,1110199,554521,original,9,encoder_block_9,1.0054948329925537,85,100,100
bar_random_4,bar,random,4,1110199,554521,original,10,encoder_block_10,0.3397445678710937,72,100,100
bar_random_4,bar,random,4,1110199,554521,original,11,encoder_block_11,-1.484497845172882,64,100,100
bar_random_4,bar,random,4,1110199,554521,original,12,encoder_block_12,-12.087575912475586,59,100,100
bar_random_4,bar,random,4,1110199,554521,padded_control,0,embedding,0.7955288887023926,93,100,100
bar_random_4,bar,random,4,1110199,554521,padded_control,1,encoder_block_1,1.052408218383789,87,100,100
bar_random_4,bar,random,4,1110199,554521,padded_control,2,encoder_block_2,1.3969430923461914,80,100,100
bar_random_4,bar,random,4,1110199,554521,padded_control,3,encoder_block_3,1.432972431182861,69,100,100
bar_random_4,bar,random,4,1110199,554521,padded_control,4,encoder_block_4,1.4993324279785156,61,100,100
bar_random_4,bar,random,4,1110199,554521,padded_control,5,encoder_block_5,1.4947538375854492,55,100,100
bar_random_4,bar,random,4,1110199,554521,padded_control,6,encoder_block_6,1.4499626159667969,57,100,100
bar_random_4,bar,random,4,1110199,554521,padded_control,7,encoder_block_7,1.4808638095855713,51,100,100
bar_random_4,bar,random,4,1110199,554521,padded_control,8,encoder_block_8,1.2748854160308838,69,100,100
bar_random_4,bar,random,4,1110199,554521,padded_control,9,encoder_block_9,1.0032806396484375,86,100,100
bar_random_4,bar,random,4,1110199,554521,padded_control,10,encoder_block_10,0.3145661354064941,72,100,100
bar_random_4,bar,random,4,1110199,554521,padded_control,11,encoder_block_11,-1.5538667440414429,65,100,100
bar_random_4,bar,random,4,1110199,554521,padded_control,12,encoder_block_12,-12.284717559814451,61,100,100
bar_random_4,bar,random,4,1110199,554521,attack,0,embedding,0.6047220230102539,96,100,100
bar_random_4,bar,random,4,1110199,554521,attack,1,encoder_block_1,0.8770856857299805,93,100,100
bar_random_4,bar,random,4,1110199,554521,attack,2,encoder_block_2,1.2483901977539062,88,100,100
bar_random_4,bar,random,4,1110199,554521,attack,3,encoder_block_3,1.2935523986816406,83,100,100
bar_random_4,bar,random,4,1110199,554521,attack,4,encoder_block_4,1.3767437934875488,81,100,100
bar_random_4,bar,random,4,1110199,554521,attack,5,encoder_block_5,1.4039831161499023,63,100,100
bar_random_4,bar,random,4,1110199,554521,attack,6,encoder_block_6,1.369831085205078,64,100,100
bar_random_4,bar,random,4,1110199,554521,attack,7,encoder_block_7,1.448798418045044,55,100,100
bar_random_4,bar,random,4,1110199,554521,attack,8,encoder_block_8,1.263939619064331,69,100,100
bar_random_4,bar,random,4,1110199,554521,attack,9,encoder_block_9,0.9894368648529052,86,100,100
bar_random_4,bar,random,4,1110199,554521,attack,10,encoder_block_10,0.3033491373062134,72,100,100
bar_random_4,bar,random,4,1110199,554521,attack,11,encoder_block_11,-1.741839587688446,68,100,100
bar_random_4,bar,random,4,1110199,554521,attack,12,encoder_block_12,-12.437081336975098,66,100,100
bar_random_4,bar,random,4,1112341,6740558,original,0,embedding,0.8128347396850586,58,100,100
bar_random_4,bar,random,4,1112341,6740558,original,1,encoder_block_1,1.231400966644287,28,100,100
bar_random_4,bar,random,4,1112341,6740558,original,2,encoder_block_2,1.3019390106201172,25,100,100
bar_random_4,bar,random,4,1112341,6740558,original,3,encoder_block_3,1.271320343017578,25,100,100
bar_random_4,bar,random,4,1112341,6740558,original,4,encoder_block_4,1.3037638664245603,32,100,100
bar_random_4,bar,random,4,1112341,6740558,original,5,encoder_block_5,1.2275257110595703,44,100,100
bar_random_4,bar,random,4,1112341,6740558,original,6,encoder_block_6,1.231743335723877,41,100,100
bar_random_4,bar,random,4,1112341,6740558,original,7,encoder_block_7,1.1494498252868652,54,100,100
bar_random_4,bar,random,4,1112341,6740558,original,8,encoder_block_8,1.2443883419036863,46,100,100
bar_random_4,bar,random,4,1112341,6740558,original,9,encoder_block_9,1.2457361221313477,35,100,100
bar_random_4,bar,random,4,1112341,6740558,original,10,encoder_block_10,-0.5300271511077881,79,100,100
bar_random_4,bar,random,4,1112341,6740558,original,11,encoder_block_11,-5.415314674377441,96,100,100
bar_random_4,bar,random,4,1112341,6740558,original,12,encoder_block_12,-13.45517921447754,92,100,100
bar_random_4,bar,random,4,1112341,6740558,padded_control,0,embedding,0.8128335475921631,58,100,100
bar_random_4,bar,random,4,1112341,6740558,padded_control,1,encoder_block_1,1.229088306427002,28,100,100
bar_random_4,bar,random,4,1112341,6740558,padded_control,2,encoder_block_2,1.2968635559082031,26,100,100
bar_random_4,bar,random,4,1112341,6740558,padded_control,3,encoder_block_3,1.263272762298584,25,100,100
bar_random_4,bar,random,4,1112341,6740558,padded_control,4,encoder_block_4,1.3004460334777832,32,100,100
bar_random_4,bar,random,4,1112341,6740558,padded_control,5,encoder_block_5,1.2270243167877195,44,100,100
bar_random_4,bar,random,4,1112341,6740558,padded_control,6,encoder_block_6,1.2301149368286133,41,100,100
bar_random_4,bar,random,4,1112341,6740558,padded_control,7,encoder_block_7,1.1536545753479004,54,100,100
bar_random_4,bar,random,4,1112341,6740558,padded_control,8,encoder_block_8,1.2485206127166748,45,100,100
bar_random_4,bar,random,4,1112341,6740558,padded_control,9,encoder_block_9,1.2464556694030762,35,100,100
bar_random_4,bar,random,4,1112341,6740558,padded_control,10,encoder_block_10,-0.5100338459014893,79,100,100
bar_random_4,bar,random,4,1112341,6740558,padded_control,11,encoder_block_11,-5.479842185974121,96,100,100
bar_random_4,bar,random,4,1112341,6740558,padded_control,12,encoder_block_12,-13.440017700195312,92,100,100
bar_random_4,bar,random,4,1112341,6740558,attack,0,embedding,0.579780101776123,83,100,100
bar_random_4,bar,random,4,1112341,6740558,attack,1,encoder_block_1,1.0842909812927246,40,100,100
bar_random_4,bar,random,4,1112341,6740558,attack,2,encoder_block_2,1.2213234901428225,32,100,100
bar_random_4,bar,random,4,1112341,6740558,attack,3,encoder_block_3,1.1340880393981934,39,100,100
bar_random_4,bar,random,4,1112341,6740558,attack,4,encoder_block_4,1.1785335540771484,45,100,100
bar_random_4,bar,random,4,1112341,6740558,attack,5,encoder_block_5,1.1192388534545898,50,100,100
bar_random_4,bar,random,4,1112341,6740558,attack,6,encoder_block_6,1.169935703277588,46,100,100
bar_random_4,bar,random,4,1112341,6740558,attack,7,encoder_block_7,1.1065571308135986,57,100,100
bar_random_4,bar,random,4,1112341,6740558,attack,8,encoder_block_8,1.2511193752288818,45,100,100
bar_random_4,bar,random,4,1112341,6740558,attack,9,encoder_block_9,1.2307190895080566,36,100,100
bar_random_4,bar,random,4,1112341,6740558,attack,10,encoder_block_10,-0.5865349769592285,80,100,100
bar_random_4,bar,random,4,1112341,6740558,attack,11,encoder_block_11,-5.613499641418457,97,100,100
bar_random_4,bar,random,4,1112341,6740558,attack,12,encoder_block_12,-13.539631843566896,94,100,100
bar_random_4,bar,random,4,1113437,8128798,original,0,embedding,0.7867050170898438,40,100,100
bar_random_4,bar,random,4,1113437,8128798,original,1,encoder_block_1,1.082113265991211,21,100,100
bar_random_4,bar,random,4,1113437,8128798,original,2,encoder_block_2,1.517536163330078,6,100,100
bar_random_4,bar,random,4,1113437,8128798,original,3,encoder_block_3,1.4747655391693115,11,100,100
bar_random_4,bar,random,4,1113437,8128798,original,4,encoder_block_4,1.2543466091156006,23,100,100
bar_random_4,bar,random,4,1113437,8128798,original,5,encoder_block_5,1.0670671463012695,35,100,100
bar_random_4,bar,random,4,1113437,8128798,original,6,encoder_block_6,1.0043258666992188,40,100,100
bar_random_4,bar,random,4,1113437,8128798,original,7,encoder_block_7,0.9781198501586914,35,100,100
bar_random_4,bar,random,4,1113437,8128798,original,8,encoder_block_8,0.9105725288391112,51,100,100
bar_random_4,bar,random,4,1113437,8128798,original,9,encoder_block_9,1.103043556213379,37,100,100
bar_random_4,bar,random,4,1113437,8128798,original,10,encoder_block_10,1.127180576324463,27,100,100
bar_random_4,bar,random,4,1113437,8128798,original,11,encoder_block_11,1.8471105098724363,9,100,100
bar_random_4,bar,random,4,1113437,8128798,original,12,encoder_block_12,2.607305765151977,7,100,100
bar_random_4,bar,random,4,1113437,8128798,padded_control,0,embedding,0.7867045402526855,40,100,100
bar_random_4,bar,random,4,1113437,8128798,padded_control,1,encoder_block_1,1.0860939025878906,21,100,100
bar_random_4,bar,random,4,1113437,8128798,padded_control,2,encoder_block_2,1.52927827835083,6,100,100
bar_random_4,bar,random,4,1113437,8128798,padded_control,3,encoder_block_3,1.4754376411437988,11,100,100
bar_random_4,bar,random,4,1113437,8128798,padded_control,4,encoder_block_4,1.2421505451202393,23,100,100
bar_random_4,bar,random,4,1113437,8128798,padded_control,5,encoder_block_5,1.0502018928527832,38,100,100
bar_random_4,bar,random,4,1113437,8128798,padded_control,6,encoder_block_6,0.9929513931274414,42,100,100
bar_random_4,bar,random,4,1113437,8128798,padded_control,7,encoder_block_7,0.9709410667419434,35,100,100
bar_random_4,bar,random,4,1113437,8128798,padded_control,8,encoder_block_8,0.903925895690918,52,100,100
bar_random_4,bar,random,4,1113437,8128798,padded_control,9,encoder_block_9,1.0974681377410889,38,100,100
bar_random_4,bar,random,4,1113437,8128798,padded_control,10,encoder_block_10,1.10060715675354,30,100,100
bar_random_4,bar,random,4,1113437,8128798,padded_control,11,encoder_block_11,1.7860770225524902,10,100,100
bar_random_4,bar,random,4,1113437,8128798,padded_control,12,encoder_block_12,2.562773466110229,8,100,100
bar_random_4,bar,random,4,1113437,8128798,attack,0,embedding,0.3879294395446777,72,100,100
bar_random_4,bar,random,4,1113437,8128798,attack,1,encoder_block_1,0.9082822799682616,26,100,100
bar_random_4,bar,random,4,1113437,8128798,attack,2,encoder_block_2,1.3934874534606934,15,100,100
bar_random_4,bar,random,4,1113437,8128798,attack,3,encoder_block_3,1.2405774593353271,26,100,100
bar_random_4,bar,random,4,1113437,8128798,attack,4,encoder_block_4,0.9842495918273926,51,100,100
bar_random_4,bar,random,4,1113437,8128798,attack,5,encoder_block_5,0.7938613891601562,67,100,100
bar_random_4,bar,random,4,1113437,8128798,attack,6,encoder_block_6,0.8242769241333008,65,100,100
bar_random_4,bar,random,4,1113437,8128798,attack,7,encoder_block_7,0.8159995079040527,59,100,100
bar_random_4,bar,random,4,1113437,8128798,attack,8,encoder_block_8,0.7986862659454346,58,100,100
bar_random_4,bar,random,4,1113437,8128798,attack,9,encoder_block_9,1.0340123176574707,46,100,100
bar_random_4,bar,random,4,1113437,8128798,attack,10,encoder_block_10,1.0363452434539795,36,100,100
bar_random_4,bar,random,4,1113437,8128798,attack,11,encoder_block_11,1.5794107913970947,18,100,100
bar_random_4,bar,random,4,1113437,8128798,attack,12,encoder_block_12,1.3878298997879028,18,100,100
bar_random_4,bar,random,4,1114646,771368,original,0,embedding,0.8991603851318359,25,100,100
bar_random_4,bar,random,4,1114646,771368,original,1,encoder_block_1,-0.2152731418609619,79,100,100
bar_random_4,bar,random,4,1114646,771368,original,2,encoder_block_2,-0.3260955810546875,90,100,100
bar_random_4,bar,random,4,1114646,771368,original,3,encoder_block_3,-0.3272824287414551,90,100,100
bar_random_4,bar,random,4,1114646,771368,original,4,encoder_block_4,-0.3945298194885254,87,100,100
bar_random_4,bar,random,4,1114646,771368,original,5,encoder_block_5,-0.3273069858551025,73,100,100
bar_random_4,bar,random,4,1114646,771368,original,6,encoder_block_6,-0.564227819442749,84,100,100
bar_random_4,bar,random,4,1114646,771368,original,7,encoder_block_7,-0.4446010589599609,69,100,100
bar_random_4,bar,random,4,1114646,771368,original,8,encoder_block_8,-0.4270515441894531,74,100,100
bar_random_4,bar,random,4,1114646,771368,original,9,encoder_block_9,-0.078150987625122,66,100,100
bar_random_4,bar,random,4,1114646,771368,original,10,encoder_block_10,-0.363248348236084,30,100,100
bar_random_4,bar,random,4,1114646,771368,original,11,encoder_block_11,0.0972094535827636,11,100,100
bar_random_4,bar,random,4,1114646,771368,original,12,encoder_block_12,-5.759502410888672,22,100,100
bar_random_4,bar,random,4,1114646,771368,padded_control,0,embedding,0.8991603851318359,25,100,100
bar_random_4,bar,random,4,1114646,771368,padded_control,1,encoder_block_1,-0.1997835636138916,79,100,100
bar_random_4,bar,random,4,1114646,771368,padded_control,2,encoder_block_2,-0.3097596168518066,89,100,100
bar_random_4,bar,random,4,1114646,771368,padded_control,3,encoder_block_3,-0.325667142868042,89,100,100
bar_random_4,bar,random,4,1114646,771368,padded_control,4,encoder_block_4,-0.3882694244384765,87,100,100
bar_random_4,bar,random,4,1114646,771368,padded_control,5,encoder_block_5,-0.3220012187957763,73,100,100
bar_random_4,bar,random,4,1114646,771368,padded_control,6,encoder_block_6,-0.5446047782897949,82,100,100
bar_random_4,bar,random,4,1114646,771368,padded_control,7,encoder_block_7,-0.427839994430542,68,100,100
bar_random_4,bar,random,4,1114646,771368,padded_control,8,encoder_block_8,-0.4098598957061767,73,100,100
bar_random_4,bar,random,4,1114646,771368,padded_control,9,encoder_block_9,-0.0731878280639648,66,100,100
bar_random_4,bar,random,4,1114646,771368,padded_control,10,encoder_block_10,-0.3363220691680908,29,100,100
bar_random_4,bar,random,4,1114646,771368,padded_control,11,encoder_block_11,0.1089997291564941,11,100,100
bar_random_4,bar,random,4,1114646,771368,padded_control,12,encoder_block_12,-5.454197883605957,21,100,100
bar_random_4,bar,random,4,1114646,771368,attack,0,embedding,0.5233070850372314,56,100,100
bar_random_4,bar,random,4,1114646,771368,attack,1,encoder_block_1,-0.3444921970367431,85,100,100
bar_random_4,bar,random,4,1114646,771368,attack,2,encoder_block_2,-0.3804597854614258,91,100,100
bar_random_4,bar,random,4,1114646,771368,attack,3,encoder_block_3,-0.4017658233642578,97,100,100
bar_random_4,bar,random,4,1114646,771368,attack,4,encoder_block_4,-0.4653756618499756,92,100,100
bar_random_4,bar,random,4,1114646,771368,attack,5,encoder_block_5,-0.4283959865570068,84,100,100
bar_random_4,bar,random,4,1114646,771368,attack,6,encoder_block_6,-0.6546604633331299,89,100,100
bar_random_4,bar,random,4,1114646,771368,attack,7,encoder_block_7,-0.5399525165557861,80,100,100
bar_random_4,bar,random,4,1114646,771368,attack,8,encoder_block_8,-0.4768707752227783,78,100,100
bar_random_4,bar,random,4,1114646,771368,attack,9,encoder_block_9,-0.1742641925811767,69,100,100
bar_random_4,bar,random,4,1114646,771368,attack,10,encoder_block_10,-0.4422566890716553,36,100,100
bar_random_4,bar,random,4,1114646,771368,attack,11,encoder_block_11,-0.0539554357528686,15,100,100
bar_random_4,bar,random,4,1114646,771368,attack,12,encoder_block_12,-6.4407453536987305,24,100,100
bar_random_4,bar,random,4,1114819,4890560,original,0,embedding,0.4533338546752929,74,100,100
bar_random_4,bar,random,4,1114819,4890560,original,1,encoder_block_1,0.5171561241149902,62,100,100
bar_random_4,bar,random,4,1114819,4890560,original,2,encoder_block_2,0.8233966827392578,50,100,100
bar_random_4,bar,random,4,1114819,4890560,original,3,encoder_block_3,0.8937191963195801,54,100,100
bar_random_4,bar,random,4,1114819,4890560,original,4,encoder_block_4,0.6585564613342285,71,100,100
bar_random_4,bar,random,4,1114819,4890560,original,5,encoder_block_5,0.5514228343963623,55,100,100
bar_random_4,bar,random,4,1114819,4890560,original,6,encoder_block_6,0.5663638114929199,51,100,100
bar_random_4,bar,random,4,1114819,4890560,original,7,encoder_block_7,0.6742615699768066,21,100,100
bar_random_4,bar,random,4,1114819,4890560,original,8,encoder_block_8,0.9947500228881836,15,100,100
bar_random_4,bar,random,4,1114819,4890560,original,9,encoder_block_9,1.2763137817382812,11,100,100
bar_random_4,bar,random,4,1114819,4890560,original,10,encoder_block_10,1.5079107284545898,7,100,100
bar_random_4,bar,random,4,1114819,4890560,original,11,encoder_block_11,3.185642719268799,6,100,100
bar_random_4,bar,random,4,1114819,4890560,original,12,encoder_block_12,5.389177322387695,5,100,100
bar_random_4,bar,random,4,1114819,4890560,padded_control,0,embedding,0.4533338546752929,74,100,100
bar_random_4,bar,random,4,1114819,4890560,padded_control,1,encoder_block_1,0.5228042602539062,62,100,100
bar_random_4,bar,random,4,1114819,4890560,padded_control,2,encoder_block_2,0.8307781219482422,49,100,100
bar_random_4,bar,random,4,1114819,4890560,padded_control,3,encoder_block_3,0.9044568538665771,53,100,100
bar_random_4,bar,random,4,1114819,4890560,padded_control,4,encoder_block_4,0.66290283203125,70,100,100
bar_random_4,bar,random,4,1114819,4890560,padded_control,5,encoder_block_5,0.549614429473877,56,100,100
bar_random_4,bar,random,4,1114819,4890560,padded_control,6,encoder_block_6,0.5613975524902344,52,100,100
bar_random_4,bar,random,4,1114819,4890560,padded_control,7,encoder_block_7,0.6808090209960938,20,100,100
bar_random_4,bar,random,4,1114819,4890560,padded_control,8,encoder_block_8,0.9872379302978516,16,100,100
bar_random_4,bar,random,4,1114819,4890560,padded_control,9,encoder_block_9,1.2709074020385742,12,100,100
bar_random_4,bar,random,4,1114819,4890560,padded_control,10,encoder_block_10,1.4777812957763672,7,100,100
bar_random_4,bar,random,4,1114819,4890560,padded_control,11,encoder_block_11,3.124200820922852,6,100,100
bar_random_4,bar,random,4,1114819,4890560,padded_control,12,encoder_block_12,5.38739013671875,5,100,100
bar_random_4,bar,random,4,1114819,4890560,attack,0,embedding,0.0566802024841308,98,100,100
bar_random_4,bar,random,4,1114819,4890560,attack,1,encoder_block_1,0.3637704849243164,78,100,100
bar_random_4,bar,random,4,1114819,4890560,attack,2,encoder_block_2,0.7154021263122559,59,100,100
bar_random_4,bar,random,4,1114819,4890560,attack,3,encoder_block_3,0.7711172103881836,72,100,100
bar_random_4,bar,random,4,1114819,4890560,attack,4,encoder_block_4,0.5050888061523438,85,100,100
bar_random_4,bar,random,4,1114819,4890560,attack,5,encoder_block_5,0.3426742553710937,90,100,100
bar_random_4,bar,random,4,1114819,4890560,attack,6,encoder_block_6,0.3911395072937011,84,100,100
bar_random_4,bar,random,4,1114819,4890560,attack,7,encoder_block_7,0.482553482055664,54,100,100
bar_random_4,bar,random,4,1114819,4890560,attack,8,encoder_block_8,0.828899621963501,27,100,100
bar_random_4,bar,random,4,1114819,4890560,attack,9,encoder_block_9,1.1683292388916016,16,100,100
bar_random_4,bar,random,4,1114819,4890560,attack,10,encoder_block_10,1.3288822174072266,8,100,100
bar_random_4,bar,random,4,1114819,4890560,attack,11,encoder_block_11,2.932856559753418,7,100,100
bar_random_4,bar,random,4,1114819,4890560,attack,12,encoder_block_12,5.382204055786133,5,100,100
bar_random_4,bar,random,4,1115776,8106318,original,0,embedding,0.4300417900085449,49,100,100
bar_random_4,bar,random,4,1115776,8106318,original,1,encoder_block_1,0.502161979675293,23,100,100
bar_random_4,bar,random,4,1115776,8106318,original,2,encoder_block_2,0.6687197685241699,23,100,100
bar_random_4,bar,random,4,1115776,8106318,original,3,encoder_block_3,0.8330013751983643,15,100,100
bar_random_4,bar,random,4,1115776,8106318,original,4,encoder_block_4,0.862576961517334,16,100,100
bar_random_4,bar,random,4,1115776,8106318,original,5,encoder_block_5,0.6732587814331055,15,100,100
bar_random_4,bar,random,4,1115776,8106318,original,6,encoder_block_6,0.6080319881439209,17,100,100
bar_random_4,bar,random,4,1115776,8106318,original,7,encoder_block_7,0.5627334117889404,17,100,100
bar_random_4,bar,random,4,1115776,8106318,original,8,encoder_block_8,0.5992584228515625,19,100,100
bar_random_4,bar,random,4,1115776,8106318,original,9,encoder_block_9,0.4895627498626709,24,100,100
bar_random_4,bar,random,4,1115776,8106318,original,10,encoder_block_10,-0.3291569948196411,28,100,100
bar_random_4,bar,random,4,1115776,8106318,original,11,encoder_block_11,-0.3736042976379394,19,100,100
bar_random_4,bar,random,4,1115776,8106318,original,12,encoder_block_12,-3.873445987701416,24,100,100
bar_random_4,bar,random,4,1115776,8106318,padded_control,0,embedding,0.4300432205200195,49,100,100
bar_random_4,bar,random,4,1115776,8106318,padded_control,1,encoder_block_1,0.4975948333740234,23,100,100
bar_random_4,bar,random,4,1115776,8106318,padded_control,2,encoder_block_2,0.6575098037719727,23,100,100
bar_random_4,bar,random,4,1115776,8106318,padded_control,3,encoder_block_3,0.8213543891906738,17,100,100
bar_random_4,bar,random,4,1115776,8106318,padded_control,4,encoder_block_4,0.8538763523101807,16,100,100
bar_random_4,bar,random,4,1115776,8106318,padded_control,5,encoder_block_5,0.6583983898162842,15,100,100
bar_random_4,bar,random,4,1115776,8106318,padded_control,6,encoder_block_6,0.5911941528320312,17,100,100
bar_random_4,bar,random,4,1115776,8106318,padded_control,7,encoder_block_7,0.5528836250305176,18,100,100
bar_random_4,bar,random,4,1115776,8106318,padded_control,8,encoder_block_8,0.5840771198272705,19,100,100
bar_random_4,bar,random,4,1115776,8106318,padded_control,9,encoder_block_9,0.4761812686920166,26,100,100
bar_random_4,bar,random,4,1115776,8106318,padded_control,10,encoder_block_10,-0.3118515014648437,27,100,100
bar_random_4,bar,random,4,1115776,8106318,padded_control,11,encoder_block_11,-0.2806261777877807,16,100,100
bar_random_4,bar,random,4,1115776,8106318,padded_control,12,encoder_block_12,-3.96235466003418,24,100,100
bar_random_4,bar,random,4,1115776,8106318,attack,0,embedding,0.1469011306762695,78,100,100
bar_random_4,bar,random,4,1115776,8106318,attack,1,encoder_block_1,0.3917202949523926,25,100,100
bar_random_4,bar,random,4,1115776,8106318,attack,2,encoder_block_2,0.5764789581298828,25,100,100
bar_random_4,bar,random,4,1115776,8106318,attack,3,encoder_block_3,0.7169456481933594,23,100,100
bar_random_4,bar,random,4,1115776,8106318,attack,4,encoder_block_4,0.760983943939209,20,100,100
bar_random_4,bar,random,4,1115776,8106318,attack,5,encoder_block_5,0.5924248695373535,18,100,100
bar_random_4,bar,random,4,1115776,8106318,attack,6,encoder_block_6,0.5381219387054443,20,100,100
bar_random_4,bar,random,4,1115776,8106318,attack,7,encoder_block_7,0.4697010517120361,26,100,100
bar_random_4,bar,random,4,1115776,8106318,attack,8,encoder_block_8,0.5451014041900635,22,100,100
bar_random_4,bar,random,4,1115776,8106318,attack,9,encoder_block_9,0.4492001533508301,27,100,100
bar_random_4,bar,random,4,1115776,8106318,attack,10,encoder_block_10,-0.354770302772522,30,100,100
bar_random_4,bar,random,4,1115776,8106318,attack,11,encoder_block_11,-0.5223652124404907,20,100,100
bar_random_4,bar,random,4,1115776,8106318,attack,12,encoder_block_12,-4.461565017700195,24,100,100
bar_random_4,bar,random,4,1117099,1798620,original,0,embedding,-0.1211490631103515,89,100,100
bar_random_4,bar,random,4,1117099,1798620,original,1,encoder_block_1,-0.0816750526428222,69,100,100
bar_random_4,bar,random,4,1117099,1798620,original,2,encoder_block_2,0.1976561546325683,46,100,100
bar_random_4,bar,random,4,1117099,1798620,original,3,encoder_block_3,0.3560729026794433,32,100,100
bar_random_4,bar,random,4,1117099,1798620,original,4,encoder_block_4,0.4609498977661133,22,100,100
bar_random_4,bar,random,4,1117099,1798620,original,5,encoder_block_5,0.4454104900360107,20,100,100
bar_random_4,bar,random,4,1117099,1798620,original,6,encoder_block_6,0.2973945140838623,36,100,100
bar_random_4,bar,random,4,1117099,1798620,original,7,encoder_block_7,0.1617908477783203,43,100,100
bar_random_4,bar,random,4,1117099,1798620,original,8,encoder_block_8,0.1823940277099609,48,100,100
bar_random_4,bar,random,4,1117099,1798620,original,9,encoder_block_9,0.4112563133239746,37,100,100
bar_random_4,bar,random,4,1117099,1798620,original,10,encoder_block_10,0.5146245956420898,41,100,100
bar_random_4,bar,random,4,1117099,1798620,original,11,encoder_block_11,1.436370611190796,24,100,100
bar_random_4,bar,random,4,1117099,1798620,original,12,encoder_block_12,1.5566261410713196,27,100,100
bar_random_4,bar,random,4,1117099,1798620,padded_control,0,embedding,-0.1211514472961425,89,100,100
bar_random_4,bar,random,4,1117099,1798620,padded_control,1,encoder_block_1,-0.079498291015625,69,100,100
bar_random_4,bar,random,4,1117099,1798620,padded_control,2,encoder_block_2,0.2068376541137695,46,100,100
bar_random_4,bar,random,4,1117099,1798620,padded_control,3,encoder_block_3,0.3630967140197754,32,100,100
bar_random_4,bar,random,4,1117099,1798620,padded_control,4,encoder_block_4,0.4677739143371582,22,100,100
bar_random_4,bar,random,4,1117099,1798620,padded_control,5,encoder_block_5,0.4473829269409179,20,100,100
bar_random_4,bar,random,4,1117099,1798620,padded_control,6,encoder_block_6,0.306126594543457,35,100,100
bar_random_4,bar,random,4,1117099,1798620,padded_control,7,encoder_block_7,0.1616477966308593,43,100,100
bar_random_4,bar,random,4,1117099,1798620,padded_control,8,encoder_block_8,0.1839885711669922,48,100,100
bar_random_4,bar,random,4,1117099,1798620,padded_control,9,encoder_block_9,0.4110519886016845,37,100,100
bar_random_4,bar,random,4,1117099,1798620,padded_control,10,encoder_block_10,0.5211739540100098,39,100,100
bar_random_4,bar,random,4,1117099,1798620,padded_control,11,encoder_block_11,1.448506474494934,23,100,100
bar_random_4,bar,random,4,1117099,1798620,padded_control,12,encoder_block_12,1.5962141752243042,27,100,100
bar_random_4,bar,random,4,1117099,1798620,attack,0,embedding,-0.207585334777832,91,100,100
bar_random_4,bar,random,4,1117099,1798620,attack,1,encoder_block_1,-0.1102137565612793,73,100,100
bar_random_4,bar,random,4,1117099,1798620,attack,2,encoder_block_2,0.1659517288208007,49,100,100
bar_random_4,bar,random,4,1117099,1798620,attack,3,encoder_block_3,0.3200082778930664,34,100,100
bar_random_4,bar,random,4,1117099,1798620,attack,4,encoder_block_4,0.416935920715332,24,100,100
bar_random_4,bar,random,4,1117099,1798620,attack,5,encoder_block_5,0.3684020042419433,24,100,100
bar_random_4,bar,random,4,1117099,1798620,attack,6,encoder_block_6,0.2436480522155761,39,100,100
bar_random_4,bar,random,4,1117099,1798620,attack,7,encoder_block_7,0.0695641040802002,49,100,100
bar_random_4,bar,random,4,1117099,1798620,attack,8,encoder_block_8,0.1152484416961669,52,100,100
bar_random_4,bar,random,4,1117099,1798620,attack,9,encoder_block_9,0.3356530666351318,39,100,100
bar_random_4,bar,random,4,1117099,1798620,attack,10,encoder_block_10,0.4546442031860351,43,100,100
bar_random_4,bar,random,4,1117099,1798620,attack,11,encoder_block_11,1.2802600860595703,27,100,100
bar_random_4,bar,random,4,1117099,1798620,attack,12,encoder_block_12,1.0255526900291445,31,100,100
bar_random_4,bar,random,4,1121402,188213,original,0,embedding,0.8888998031616211,35,100,100
bar_random_4,bar,random,4,1121402,188213,original,1,encoder_block_1,0.5044467449188232,49,100,100
bar_random_4,bar,random,4,1121402,188213,original,2,encoder_block_2,0.639972448348999,37,100,100
bar_random_4,bar,random,4,1121402,188213,original,3,encoder_block_3,0.7044320106506348,34,100,100
bar_random_4,bar,random,4,1121402,188213,original,4,encoder_block_4,0.7869665622711182,29,100,100
bar_random_4,bar,random,4,1121402,188213,original,5,encoder_block_5,0.8197591304779053,25,100,100
bar_random_4,bar,random,4,1121402,188213,original,6,encoder_block_6,0.8877537250518799,13,100,100
bar_random_4,bar,random,4,1121402,188213,original,7,encoder_block_7,0.9868974685668944,11,100,100
bar_random_4,bar,random,4,1121402,188213,original,8,encoder_block_8,1.233314037322998,7,100,100
bar_random_4,bar,random,4,1121402,188213,original,9,encoder_block_9,1.2798562049865725,4,100,100
bar_random_4,bar,random,4,1121402,188213,original,10,encoder_block_10,1.5612616539001465,1,100,100
bar_random_4,bar,random,4,1121402,188213,original,11,encoder_block_11,3.2060556411743164,2,100,100
bar_random_4,bar,random,4,1121402,188213,original,12,encoder_block_12,5.673476219177246,7,100,100
bar_random_4,bar,random,4,1121402,188213,padded_control,0,embedding,0.8889002799987793,35,100,100
bar_random_4,bar,random,4,1121402,188213,padded_control,1,encoder_block_1,0.5132176876068115,48,100,100
bar_random_4,bar,random,4,1121402,188213,padded_control,2,encoder_block_2,0.6448590755462646,37,100,100
bar_random_4,bar,random,4,1121402,188213,padded_control,3,encoder_block_3,0.6990580558776855,34,100,100
bar_random_4,bar,random,4,1121402,188213,padded_control,4,encoder_block_4,0.7773728370666504,30,100,100
bar_random_4,bar,random,4,1121402,188213,padded_control,5,encoder_block_5,0.8049774169921875,25,100,100
bar_random_4,bar,random,4,1121402,188213,padded_control,6,encoder_block_6,0.8688535690307617,15,100,100
bar_random_4,bar,random,4,1121402,188213,padded_control,7,encoder_block_7,0.970017433166504,12,100,100
bar_random_4,bar,random,4,1121402,188213,padded_control,8,encoder_block_8,1.222154140472412,7,100,100
bar_random_4,bar,random,4,1121402,188213,padded_control,9,encoder_block_9,1.2784850597381592,4,100,100
bar_random_4,bar,random,4,1121402,188213,padded_control,10,encoder_block_10,1.5687150955200195,1,100,100
bar_random_4,bar,random,4,1121402,188213,padded_control,11,encoder_block_11,3.238441467285156,2,100,100
bar_random_4,bar,random,4,1121402,188213,padded_control,12,encoder_block_12,5.6603546142578125,7,100,100
bar_random_4,bar,random,4,1121402,188213,attack,0,embedding,0.6403741836547852,57,100,100
bar_random_4,bar,random,4,1121402,188213,attack,1,encoder_block_1,0.3000802993774414,63,100,100
bar_random_4,bar,random,4,1121402,188213,attack,2,encoder_block_2,0.5022633075714111,50,100,100
bar_random_4,bar,random,4,1121402,188213,attack,3,encoder_block_3,0.5382027626037598,49,100,100
bar_random_4,bar,random,4,1121402,188213,attack,4,encoder_block_4,0.6555356979370117,38,100,100
bar_random_4,bar,random,4,1121402,188213,attack,5,encoder_block_5,0.646399974822998,34,100,100
bar_random_4,bar,random,4,1121402,188213,attack,6,encoder_block_6,0.7558088302612305,27,100,100
bar_random_4,bar,random,4,1121402,188213,attack,7,encoder_block_7,0.8416893482208252,16,100,100
bar_random_4,bar,random,4,1121402,188213,attack,8,encoder_block_8,1.1417500972747805,9,100,100
bar_random_4,bar,random,4,1121402,188213,attack,9,encoder_block_9,1.243232011795044,5,100,100
bar_random_4,bar,random,4,1121402,188213,attack,10,encoder_block_10,1.5783491134643557,1,100,100
bar_random_4,bar,random,4,1121402,188213,attack,11,encoder_block_11,3.2514853477478027,2,100,100
bar_random_4,bar,random,4,1121402,188213,attack,12,encoder_block_12,5.626336097717285,7,100,100
bar_random_4,bar,random,4,1121709,4965913,original,0,embedding,0.8041567802429199,23,100,100
bar_random_4,bar,random,4,1121709,4965913,original,1,encoder_block_1,0.7356715202331543,12,100,100
bar_random_4,bar,random,4,1121709,4965913,original,2,encoder_block_2,0.9515345096588136,21,100,100
bar_random_4,bar,random,4,1121709,4965913,original,3,encoder_block_3,0.9222359657287598,20,100,100
bar_random_4,bar,random,4,1121709,4965913,original,4,encoder_block_4,1.121793270111084,19,100,100
bar_random_4,bar,random,4,1121709,4965913,original,5,encoder_block_5,0.9158687591552734,24,100,100
bar_random_4,bar,random,4,1121709,4965913,original,6,encoder_block_6,0.9815237522125244,22,100,100
bar_random_4,bar,random,4,1121709,4965913,original,7,encoder_block_7,0.7581958770751953,54,100,100
bar_random_4,bar,random,4,1121709,4965913,original,8,encoder_block_8,0.6804499626159668,57,100,100
bar_random_4,bar,random,4,1121709,4965913,original,9,encoder_block_9,0.7687574625015259,60,100,100
bar_random_4,bar,random,4,1121709,4965913,original,10,encoder_block_10,-0.2624013423919678,86,100,100
bar_random_4,bar,random,4,1121709,4965913,original,11,encoder_block_11,-3.231502056121826,72,100,100
bar_random_4,bar,random,4,1121709,4965913,original,12,encoder_block_12,-13.548770904541016,86,100,100
bar_random_4,bar,random,4,1121709,4965913,padded_control,0,embedding,0.8041565418243408,23,100,100
bar_random_4,bar,random,4,1121709,4965913,padded_control,1,encoder_block_1,0.7353754043579102,12,100,100
bar_random_4,bar,random,4,1121709,4965913,padded_control,2,encoder_block_2,0.9484102725982666,21,100,100
bar_random_4,bar,random,4,1121709,4965913,padded_control,3,encoder_block_3,0.9194543361663818,20,100,100
bar_random_4,bar,random,4,1121709,4965913,padded_control,4,encoder_block_4,1.1178908348083496,20,100,100
bar_random_4,bar,random,4,1121709,4965913,padded_control,5,encoder_block_5,0.9109885692596436,24,100,100
bar_random_4,bar,random,4,1121709,4965913,padded_control,6,encoder_block_6,0.9906541109085084,22,100,100
bar_random_4,bar,random,4,1121709,4965913,padded_control,7,encoder_block_7,0.766838550567627,53,100,100
bar_random_4,bar,random,4,1121709,4965913,padded_control,8,encoder_block_8,0.6964291334152222,56,100,100
bar_random_4,bar,random,4,1121709,4965913,padded_control,9,encoder_block_9,0.7809351682662964,60,100,100
bar_random_4,bar,random,4,1121709,4965913,padded_control,10,encoder_block_10,-0.2615481317043304,86,100,100
bar_random_4,bar,random,4,1121709,4965913,padded_control,11,encoder_block_11,-3.251901865005493,72,100,100
bar_random_4,bar,random,4,1121709,4965913,padded_control,12,encoder_block_12,-13.533607482910156,85,100,100
bar_random_4,bar,random,4,1121709,4965913,attack,0,embedding,0.7510089874267578,26,100,100
bar_random_4,bar,random,4,1121709,4965913,attack,1,encoder_block_1,0.6211419105529785,16,100,100
bar_random_4,bar,random,4,1121709,4965913,attack,2,encoder_block_2,0.8523786067962646,26,100,100
bar_random_4,bar,random,4,1121709,4965913,attack,3,encoder_block_3,0.7934050559997559,28,100,100
bar_random_4,bar,random,4,1121709,4965913,attack,4,encoder_block_4,0.9716367721557616,28,100,100
bar_random_4,bar,random,4,1121709,4965913,attack,5,encoder_block_5,0.7457034587860107,42,100,100
bar_random_4,bar,random,4,1121709,4965913,attack,6,encoder_block_6,0.8293734788894653,38,100,100
bar_random_4,bar,random,4,1121709,4965913,attack,7,encoder_block_7,0.5837111473083496,65,100,100
bar_random_4,bar,random,4,1121709,4965913,attack,8,encoder_block_8,0.6097452640533447,61,100,100
bar_random_4,bar,random,4,1121709,4965913,attack,9,encoder_block_9,0.7319566011428833,64,100,100
bar_random_4,bar,random,4,1121709,4965913,attack,10,encoder_block_10,-0.2280255854129791,82,100,100
bar_random_4,bar,random,4,1121709,4965913,attack,11,encoder_block_11,-3.3043675422668457,73,100,100
bar_random_4,bar,random,4,1121709,4965913,attack,12,encoder_block_12,-13.53141975402832,85,100,100
bar_random_4,bar,random,4,1124210,8026740,original,0,embedding,0.7269232273101807,17,100,100
bar_random_4,bar,random,4,1124210,8026740,original,1,encoder_block_1,0.4585821628570556,30,100,100
bar_random_4,bar,random,4,1124210,8026740,original,2,encoder_block_2,0.5466594696044922,33,100,100
bar_random_4,bar,random,4,1124210,8026740,original,3,encoder_block_3,0.7159969806671143,25,100,100
bar_random_4,bar,random,4,1124210,8026740,original,4,encoder_block_4,0.8464562892913818,19,100,100
bar_random_4,bar,random,4,1124210,8026740,original,5,encoder_block_5,0.8713822364807129,11,100,100
bar_random_4,bar,random,4,1124210,8026740,original,6,encoder_block_6,0.7868921756744385,11,100,100
bar_random_4,bar,random,4,1124210,8026740,original,7,encoder_block_7,0.9112682342529296,10,100,100
bar_random_4,bar,random,4,1124210,8026740,original,8,encoder_block_8,0.8616187572479248,13,100,100
bar_random_4,bar,random,4,1124210,8026740,original,9,encoder_block_9,0.9398579597473145,9,100,100
bar_random_4,bar,random,4,1124210,8026740,original,10,encoder_block_10,0.7700507640838623,8,100,100
bar_random_4,bar,random,4,1124210,8026740,original,11,encoder_block_11,0.5469598770141602,18,100,100
bar_random_4,bar,random,4,1124210,8026740,original,12,encoder_block_12,-1.4280482530593872,20,100,100
bar_random_4,bar,random,4,1124210,8026740,padded_control,0,embedding,0.7269229888916016,17,100,100
bar_random_4,bar,random,4,1124210,8026740,padded_control,1,encoder_block_1,0.4562292098999023,31,100,100
bar_random_4,bar,random,4,1124210,8026740,padded_control,2,encoder_block_2,0.5495264530181885,33,100,100
bar_random_4,bar,random,4,1124210,8026740,padded_control,3,encoder_block_3,0.7083969116210938,25,100,100
bar_random_4,bar,random,4,1124210,8026740,padded_control,4,encoder_block_4,0.8369348049163818,19,100,100
bar_random_4,bar,random,4,1124210,8026740,padded_control,5,encoder_block_5,0.8717541694641113,11,100,100
bar_random_4,bar,random,4,1124210,8026740,padded_control,6,encoder_block_6,0.783411979675293,11,100,100
bar_random_4,bar,random,4,1124210,8026740,padded_control,7,encoder_block_7,0.9069828987121582,11,100,100
bar_random_4,bar,random,4,1124210,8026740,padded_control,8,encoder_block_8,0.8628284931182861,13,100,100
bar_random_4,bar,random,4,1124210,8026740,padded_control,9,encoder_block_9,0.9497308731079102,9,100,100
bar_random_4,bar,random,4,1124210,8026740,padded_control,10,encoder_block_10,0.7772138118743896,8,100,100
bar_random_4,bar,random,4,1124210,8026740,padded_control,11,encoder_block_11,0.5417835712432861,18,100,100
bar_random_4,bar,random,4,1124210,8026740,padded_control,12,encoder_block_12,-1.41513592004776,20,100,100
bar_random_4,bar,random,4,1124210,8026740,attack,0,embedding,0.5760598182678223,34,100,100
bar_random_4,bar,random,4,1124210,8026740,attack,1,encoder_block_1,0.362065315246582,41,100,100
bar_random_4,bar,random,4,1124210,8026740,attack,2,encoder_block_2,0.4842424392700195,39,100,100
bar_random_4,bar,random,4,1124210,8026740,attack,3,encoder_block_3,0.6138663291931152,36,100,100
bar_random_4,bar,random,4,1124210,8026740,attack,4,encoder_block_4,0.7554166316986084,29,100,100
bar_random_4,bar,random,4,1124210,8026740,attack,5,encoder_block_5,0.800717830657959,12,100,100
bar_random_4,bar,random,4,1124210,8026740,attack,6,encoder_block_6,0.7207262516021729,14,100,100
bar_random_4,bar,random,4,1124210,8026740,attack,7,encoder_block_7,0.8693876266479492,11,100,100
bar_random_4,bar,random,4,1124210,8026740,attack,8,encoder_block_8,0.8563625812530518,13,100,100
bar_random_4,bar,random,4,1124210,8026740,attack,9,encoder_block_9,0.930922269821167,10,100,100
bar_random_4,bar,random,4,1124210,8026740,attack,10,encoder_block_10,0.7658271789550781,9,100,100
bar_random_4,bar,random,4,1124210,8026740,attack,11,encoder_block_11,0.5070228576660156,20,100,100
bar_random_4,bar,random,4,1124210,8026740,attack,12,encoder_block_12,-1.8990910053253172,22,100,100
bar_random_4,bar,random,4,1129237,128984,original,0,embedding,-0.4268803596496582,76,100,100
bar_random_4,bar,random,4,1129237,128984,original,1,encoder_block_1,-0.4387106895446777,60,100,100
bar_random_4,bar,random,4,1129237,128984,original,2,encoder_block_2,-0.1150264739990234,58,100,100
bar_random_4,bar,random,4,1129237,128984,original,3,encoder_block_3,0.0110878944396972,48,100,100
bar_random_4,bar,random,4,1129237,128984,original,4,encoder_block_4,-0.0581402778625488,57,100,100
bar_random_4,bar,random,4,1129237,128984,original,5,encoder_block_5,-0.2186312675476074,57,100,100
bar_random_4,bar,random,4,1129237,128984,original,6,encoder_block_6,-0.3394663333892822,68,100,100
bar_random_4,bar,random,4,1129237,128984,original,7,encoder_block_7,-0.3060479164123535,58,100,100
bar_random_4,bar,random,4,1129237,128984,original,8,encoder_block_8,-0.2279157638549804,53,100,100
bar_random_4,bar,random,4,1129237,128984,original,9,encoder_block_9,0.054624319076538,30,100,100
bar_random_4,bar,random,4,1129237,128984,original,10,encoder_block_10,0.5939323902130127,8,100,100
bar_random_4,bar,random,4,1129237,128984,original,11,encoder_block_11,2.355377674102783,3,100,100
bar_random_4,bar,random,4,1129237,128984,original,12,encoder_block_12,3.980635643005371,3,100,100
bar_random_4,bar,random,4,1129237,128984,padded_control,0,embedding,-0.426882266998291,76,100,100
bar_random_4,bar,random,4,1129237,128984,padded_control,1,encoder_block_1,-0.4414191246032715,60,100,100
bar_random_4,bar,random,4,1129237,128984,padded_control,2,encoder_block_2,-0.1203389167785644,60,100,100
bar_random_4,bar,random,4,1129237,128984,padded_control,3,encoder_block_3,0.009192943572998,48,100,100
bar_random_4,bar,random,4,1129237,128984,padded_control,4,encoder_block_4,-0.0593852996826171,57,100,100
bar_random_4,bar,random,4,1129237,128984,padded_control,5,encoder_block_5,-0.221750259399414,57,100,100
bar_random_4,bar,random,4,1129237,128984,padded_control,6,encoder_block_6,-0.3381412029266357,68,100,100
bar_random_4,bar,random,4,1129237,128984,padded_control,7,encoder_block_7,-0.3025581836700439,58,100,100
bar_random_4,bar,random,4,1129237,128984,padded_control,8,encoder_block_8,-0.2232589721679687,52,100,100
bar_random_4,bar,random,4,1129237,128984,padded_control,9,encoder_block_9,0.0569291114807128,30,100,100
bar_random_4,bar,random,4,1129237,128984,padded_control,10,encoder_block_10,0.5906872749328613,8,100,100
bar_random_4,bar,random,4,1129237,128984,padded_control,11,encoder_block_11,2.3423726558685303,3,100,100
bar_random_4,bar,random,4,1129237,128984,padded_control,12,encoder_block_12,3.964953899383545,3,100,100
bar_random_4,bar,random,4,1129237,128984,attack,0,embedding,-0.5898866653442383,89,100,100
bar_random_4,bar,random,4,1129237,128984,attack,1,encoder_block_1,-0.5490751266479492,65,100,100
bar_random_4,bar,random,4,1129237,128984,attack,2,encoder_block_2,-0.2211747169494629,64,100,100
bar_random_4,bar,random,4,1129237,128984,attack,3,encoder_block_3,-0.1263666152954101,63,100,100
bar_random_4,bar,random,4,1129237,128984,attack,4,encoder_block_4,-0.1606984138488769,70,100,100
bar_random_4,bar,random,4,1129237,128984,attack,5,encoder_block_5,-0.3300213813781738,70,100,100
bar_random_4,bar,random,4,1129237,128984,attack,6,encoder_block_6,-0.4584622383117676,77,100,100
bar_random_4,bar,random,4,1129237,128984,attack,7,encoder_block_7,-0.431100845336914,74,100,100
bar_random_4,bar,random,4,1129237,128984,attack,8,encoder_block_8,-0.2918722629547119,62,100,100
bar_random_4,bar,random,4,1129237,128984,attack,9,encoder_block_9,-0.0333528518676757,39,100,100
bar_random_4,bar,random,4,1129237,128984,attack,10,encoder_block_10,0.4750308990478515,8,100,100
bar_random_4,bar,random,4,1129237,128984,attack,11,encoder_block_11,2.239612102508545,4,100,100
bar_random_4,bar,random,4,1129237,128984,attack,12,encoder_block_12,3.86241626739502,3,100,100
bar_random_4,bar,random,4,1133167,6467522,original,0,embedding,-0.6135129928588867,76,100,100
bar_random_4,bar,random,4,1133167,6467522,original,1,encoder_block_1,-0.2902951240539551,45,100,100
bar_random_4,bar,random,4,1133167,6467522,original,2,encoder_block_2,-0.3189535140991211,63,100,100
bar_random_4,bar,random,4,1133167,6467522,original,3,encoder_block_3,-0.3630611896514892,62,100,100
bar_random_4,bar,random,4,1133167,6467522,original,4,encoder_block_4,-0.0748136043548584,49,100,100
bar_random_4,bar,random,4,1133167,6467522,original,5,encoder_block_5,-0.0454061031341552,29,100,100
bar_random_4,bar,random,4,1133167,6467522,original,6,encoder_block_6,-0.0803050994873046,41,100,100
bar_random_4,bar,random,4,1133167,6467522,original,7,encoder_block_7,-0.1687588691711425,61,100,100
bar_random_4,bar,random,4,1133167,6467522,original,8,encoder_block_8,-0.0124731063842773,53,100,100
bar_random_4,bar,random,4,1133167,6467522,original,9,encoder_block_9,0.0904874801635742,52,100,100
bar_random_4,bar,random,4,1133167,6467522,original,10,encoder_block_10,-0.5169878005981445,63,100,100
bar_random_4,bar,random,4,1133167,6467522,original,11,encoder_block_11,-0.0270392894744873,60,100,100
bar_random_4,bar,random,4,1133167,6467522,original,12,encoder_block_12,-0.1112823486328125,67,100,100
bar_random_4,bar,random,4,1133167,6467522,padded_control,0,embedding,-0.6135134696960449,76,100,100
bar_random_4,bar,random,4,1133167,6467522,padded_control,1,encoder_block_1,-0.2988801002502441,48,100,100
bar_random_4,bar,random,4,1133167,6467522,padded_control,2,encoder_block_2,-0.3276495933532715,64,100,100
bar_random_4,bar,random,4,1133167,6467522,padded_control,3,encoder_block_3,-0.3673841953277588,63,100,100
bar_random_4,bar,random,4,1133167,6467522,padded_control,4,encoder_block_4,-0.0845837593078613,49,100,100
bar_random_4,bar,random,4,1133167,6467522,padded_control,5,encoder_block_5,-0.0503323078155517,29,100,100
bar_random_4,bar,random,4,1133167,6467522,padded_control,6,encoder_block_6,-0.0842154026031494,41,100,100
bar_random_4,bar,random,4,1133167,6467522,padded_control,7,encoder_block_7,-0.1727223396301269,61,100,100
bar_random_4,bar,random,4,1133167,6467522,padded_control,8,encoder_block_8,-0.0140051841735839,53,100,100
bar_random_4,bar,random,4,1133167,6467522,padded_control,9,encoder_block_9,0.0914897918701171,52,100,100
bar_random_4,bar,random,4,1133167,6467522,padded_control,10,encoder_block_10,-0.5237464904785156,63,100,100
bar_random_4,bar,random,4,1133167,6467522,padded_control,11,encoder_block_11,-0.0434639453887939,61,100,100
bar_random_4,bar,random,4,1133167,6467522,padded_control,12,encoder_block_12,-0.2454962730407714,67,100,100
bar_random_4,bar,random,4,1133167,6467522,attack,0,embedding,-0.7305583953857422,91,100,100
bar_random_4,bar,random,4,1133167,6467522,attack,1,encoder_block_1,-0.400491714477539,62,100,100
bar_random_4,bar,random,4,1133167,6467522,attack,2,encoder_block_2,-0.394538402557373,74,100,100
bar_random_4,bar,random,4,1133167,6467522,attack,3,encoder_block_3,-0.4987778663635254,79,100,100
bar_random_4,bar,random,4,1133167,6467522,attack,4,encoder_block_4,-0.1989874839782714,65,100,100
bar_random_4,bar,random,4,1133167,6467522,attack,5,encoder_block_5,-0.1707983016967773,41,100,100
bar_random_4,bar,random,4,1133167,6467522,attack,6,encoder_block_6,-0.2107906341552734,65,100,100
bar_random_4,bar,random,4,1133167,6467522,attack,7,encoder_block_7,-0.2708475589752197,68,100,100
bar_random_4,bar,random,4,1133167,6467522,attack,8,encoder_block_8,-0.0871779918670654,57,100,100
bar_random_4,bar,random,4,1133167,6467522,attack,9,encoder_block_9,0.0181450843811035,59,100,100
bar_random_4,bar,random,4,1133167,6467522,attack,10,encoder_block_10,-0.5693776607513428,64,100,100
bar_random_4,bar,random,4,1133167,6467522,attack,11,encoder_block_11,-0.0524966716766357,61,100,100
bar_random_4,bar,random,4,1133167,6467522,attack,12,encoder_block_12,-0.6571779251098633,69,100,100
bar_random_4,bar,random,4,130510,7501563,original,0,embedding,0.2935273647308349,62,100,100
bar_random_4,bar,random,4,130510,7501563,original,1,encoder_block_1,-0.0269794464111328,63,100,100
bar_random_4,bar,random,4,130510,7501563,original,2,encoder_block_2,0.2684071063995361,54,100,100
bar_random_4,bar,random,4,130510,7501563,original,3,encoder_block_3,0.1043019294738769,54,100,100
bar_random_4,bar,random,4,130510,7501563,original,4,encoder_block_4,0.1415843963623047,43,100,100
bar_random_4,bar,random,4,130510,7501563,original,5,encoder_block_5,0.3153901100158691,31,100,100
bar_random_4,bar,random,4,130510,7501563,original,6,encoder_block_6,0.3311595916748047,22,100,100
bar_random_4,bar,random,4,130510,7501563,original,7,encoder_block_7,0.3659005165100097,25,100,100
bar_random_4,bar,random,4,130510,7501563,original,8,encoder_block_8,0.2777400016784668,38,100,100
bar_random_4,bar,random,4,130510,7501563,original,9,encoder_block_9,0.5110898017883301,26,100,100
bar_random_4,bar,random,4,130510,7501563,original,10,encoder_block_10,0.0353047847747802,47,100,100
bar_random_4,bar,random,4,130510,7501563,original,11,encoder_block_11,0.0545588731765747,20,100,100
bar_random_4,bar,random,4,130510,7501563,original,12,encoder_block_12,-6.9109601974487305,22,100,100
bar_random_4,bar,random,4,130510,7501563,padded_control,0,embedding,0.2935280799865722,62,100,100
bar_random_4,bar,random,4,130510,7501563,padded_control,1,encoder_block_1,-0.0270314216613769,63,100,100
bar_random_4,bar,random,4,130510,7501563,padded_control,2,encoder_block_2,0.2673587799072265,54,100,100
bar_random_4,bar,random,4,130510,7501563,padded_control,3,encoder_block_3,0.0974636077880859,54,100,100
bar_random_4,bar,random,4,130510,7501563,padded_control,4,encoder_block_4,0.1445498466491699,43,100,100
bar_random_4,bar,random,4,130510,7501563,padded_control,5,encoder_block_5,0.3195874691009521,31,100,100
bar_random_4,bar,random,4,130510,7501563,padded_control,6,encoder_block_6,0.3292179107666015,22,100,100
bar_random_4,bar,random,4,130510,7501563,padded_control,7,encoder_block_7,0.3604729175567627,26,100,100
bar_random_4,bar,random,4,130510,7501563,padded_control,8,encoder_block_8,0.2812983989715576,38,100,100
bar_random_4,bar,random,4,130510,7501563,padded_control,9,encoder_block_9,0.4979541301727295,27,100,100
bar_random_4,bar,random,4,130510,7501563,padded_control,10,encoder_block_10,0.0605537891387939,44,100,100
bar_random_4,bar,random,4,130510,7501563,padded_control,11,encoder_block_11,0.1421360373497009,20,100,100
bar_random_4,bar,random,4,130510,7501563,padded_control,12,encoder_block_12,-6.462329864501953,22,100,100
bar_random_4,bar,random,4,130510,7501563,attack,0,embedding,0.1287941932678222,78,100,100
bar_random_4,bar,random,4,130510,7501563,attack,1,encoder_block_1,-0.1118950843811035,72,100,100
bar_random_4,bar,random,4,130510,7501563,attack,2,encoder_block_2,0.1850786209106445,64,100,100
bar_random_4,bar,random,4,130510,7501563,attack,3,encoder_block_3,-0.0235893726348876,71,100,100
bar_random_4,bar,random,4,130510,7501563,attack,4,encoder_block_4,0.0033106803894042,63,100,100
bar_random_4,bar,random,4,130510,7501563,attack,5,encoder_block_5,0.1533617973327636,42,100,100
bar_random_4,bar,random,4,130510,7501563,attack,6,encoder_block_6,0.197148323059082,36,100,100
bar_random_4,bar,random,4,130510,7501563,attack,7,encoder_block_7,0.1908326148986816,43,100,100
bar_random_4,bar,random,4,130510,7501563,attack,8,encoder_block_8,0.1601290702819824,48,100,100
bar_random_4,bar,random,4,130510,7501563,attack,9,encoder_block_9,0.3270225524902344,42,100,100
bar_random_4,bar,random,4,130510,7501563,attack,10,encoder_block_10,-0.1298527717590332,55,100,100
bar_random_4,bar,random,4,130510,7501563,attack,11,encoder_block_11,-0.3389462232589721,24,100,100
bar_random_4,bar,random,4,130510,7501563,attack,12,encoder_block_12,-8.046567916870117,26,100,100
bar_random_4,bar,random,4,131843,985994,original,0,embedding,-0.4775824546813965,95,100,100
bar_random_4,bar,random,4,131843,985994,original,1,encoder_block_1,-0.5464203357696533,89,100,100
bar_random_4,bar,random,4,131843,985994,original,2,encoder_block_2,-0.438441514968872,95,100,100
bar_random_4,bar,random,4,131843,985994,original,3,encoder_block_3,-0.2846963405609131,91,100,100
bar_random_4,bar,random,4,131843,985994,original,4,encoder_block_4,-0.3300440311431885,95,100,100
bar_random_4,bar,random,4,131843,985994,original,5,encoder_block_5,-0.3477847576141357,96,100,100
bar_random_4,bar,random,4,131843,985994,original,6,encoder_block_6,-0.3066892623901367,98,100,100
bar_random_4,bar,random,4,131843,985994,original,7,encoder_block_7,-0.0828922986984252,91,100,100
bar_random_4,bar,random,4,131843,985994,original,8,encoder_block_8,0.124746561050415,52,100,100
bar_random_4,bar,random,4,131843,985994,original,9,encoder_block_9,0.4970574378967285,27,100,100
bar_random_4,bar,random,4,131843,985994,original,10,encoder_block_10,0.8721580505371094,5,100,100
bar_random_4,bar,random,4,131843,985994,original,11,encoder_block_11,2.727198600769043,3,100,100
bar_random_4,bar,random,4,131843,985994,original,12,encoder_block_12,4.251490592956543,3,100,100
bar_random_4,bar,random,4,131843,985994,padded_control,0,embedding,-0.4775834083557129,95,100,100
bar_random_4,bar,random,4,131843,985994,padded_control,1,encoder_block_1,-0.5652220249176025,89,100,100
bar_random_4,bar,random,4,131843,985994,padded_control,2,encoder_block_2,-0.449742317199707,95,100,100
bar_random_4,bar,random,4,131843,985994,padded_control,3,encoder_block_3,-0.3001339435577392,91,100,100
bar_random_4,bar,random,4,131843,985994,padded_control,4,encoder_block_4,-0.3601651191711426,95,100,100
bar_random_4,bar,random,4,131843,985994,padded_control,5,encoder_block_5,-0.372923731803894,96,100,100
bar_random_4,bar,random,4,131843,985994,padded_control,6,encoder_block_6,-0.3259403705596924,99,100,100
bar_random_4,bar,random,4,131843,985994,padded_control,7,encoder_block_7,-0.0971952676773071,93,100,100
bar_random_4,bar,random,4,131843,985994,padded_control,8,encoder_block_8,0.1139972209930419,54,100,100
bar_random_4,bar,random,4,131843,985994,padded_control,9,encoder_block_9,0.491342544555664,27,100,100
bar_random_4,bar,random,4,131843,985994,padded_control,10,encoder_block_10,0.8855202198028564,5,100,100
bar_random_4,bar,random,4,131843,985994,padded_control,11,encoder_block_11,2.758843421936035,2,100,100
bar_random_4,bar,random,4,131843,985994,padded_control,12,encoder_block_12,4.254915237426758,3,100,100
bar_random_4,bar,random,4,131843,985994,attack,0,embedding,-0.6895937919616699,99,100,100
bar_random_4,bar,random,4,131843,985994,attack,1,encoder_block_1,-0.6930758953094482,92,100,100
bar_random_4,bar,random,4,131843,985994,attack,2,encoder_block_2,-0.512976884841919,96,100,100
bar_random_4,bar,random,4,131843,985994,attack,3,encoder_block_3,-0.3583941459655761,93,100,100
bar_random_4,bar,random,4,131843,985994,attack,4,encoder_block_4,-0.3998236656188965,97,100,100
bar_random_4,bar,random,4,131843,985994,attack,5,encoder_block_5,-0.3476262092590332,96,100,100
bar_random_4,bar,random,4,131843,985994,attack,6,encoder_block_6,-0.2883964776992798,97,100,100
bar_random_4,bar,random,4,131843,985994,attack,7,encoder_block_7,-0.0616379976272583,90,100,100
bar_random_4,bar,random,4,131843,985994,attack,8,encoder_block_8,0.2358032464981079,32,100,100
bar_random_4,bar,random,4,131843,985994,attack,9,encoder_block_9,0.5326387882232666,25,100,100
bar_random_4,bar,random,4,131843,985994,attack,10,encoder_block_10,0.9769649505615234,4,100,100
bar_random_4,bar,random,4,131843,985994,attack,11,encoder_block_11,2.8369860649108887,2,100,100
bar_random_4,bar,random,4,131843,985994,attack,12,encoder_block_12,4.213924407958984,3,100,100
bar_random_4,bar,random,4,146187,8434623,original,0,embedding,0.839080810546875,31,100,100
bar_random_4,bar,random,4,146187,8434623,original,1,encoder_block_1,0.5430335998535156,55,100,100
bar_random_4,bar,random,4,146187,8434623,original,2,encoder_block_2,0.6665821075439453,51,100,100
bar_random_4,bar,random,4,146187,8434623,original,3,encoder_block_3,0.8036625385284424,55,100,100
bar_random_4,bar,random,4,146187,8434623,original,4,encoder_block_4,1.0283384323120115,35,100,100
bar_random_4,bar,random,4,146187,8434623,original,5,encoder_block_5,0.9702348709106444,31,100,100
bar_random_4,bar,random,4,146187,8434623,original,6,encoder_block_6,1.1109793186187744,26,100,100
bar_random_4,bar,random,4,146187,8434623,original,7,encoder_block_7,1.2179179191589355,13,100,100
bar_random_4,bar,random,4,146187,8434623,original,8,encoder_block_8,1.15509033203125,12,100,100
bar_random_4,bar,random,4,146187,8434623,original,9,encoder_block_9,1.5319747924804688,3,100,100
bar_random_4,bar,random,4,146187,8434623,original,10,encoder_block_10,1.9369175434112549,2,100,100
bar_random_4,bar,random,4,146187,8434623,original,11,encoder_block_11,3.685793876647949,1,100,100
bar_random_4,bar,random,4,146187,8434623,original,12,encoder_block_12,6.538471221923828,1,100,100
bar_random_4,bar,random,4,146187,8434623,padded_control,0,embedding,0.8390817642211914,31,100,100
bar_random_4,bar,random,4,146187,8434623,padded_control,1,encoder_block_1,0.5443243980407715,55,100,100
bar_random_4,bar,random,4,146187,8434623,padded_control,2,encoder_block_2,0.6718711853027344,50,100,100
bar_random_4,bar,random,4,146187,8434623,padded_control,3,encoder_block_3,0.8022165298461914,55,100,100
bar_random_4,bar,random,4,146187,8434623,padded_control,4,encoder_block_4,1.0265741348266602,35,100,100
bar_random_4,bar,random,4,146187,8434623,padded_control,5,encoder_block_5,0.9711136817932128,31,100,100
bar_random_4,bar,random,4,146187,8434623,padded_control,6,encoder_block_6,1.1058545112609863,26,100,100
bar_random_4,bar,random,4,146187,8434623,padded_control,7,encoder_block_7,1.212766170501709,13,100,100
bar_random_4,bar,random,4,146187,8434623,padded_control,8,encoder_block_8,1.1466383934020996,12,100,100
bar_random_4,bar,random,4,146187,8434623,padded_control,9,encoder_block_9,1.5193254947662354,3,100,100
bar_random_4,bar,random,4,146187,8434623,padded_control,10,encoder_block_10,1.930500030517578,2,100,100
bar_random_4,bar,random,4,146187,8434623,padded_control,11,encoder_block_11,3.6891260147094727,1,100,100
bar_random_4,bar,random,4,146187,8434623,padded_control,12,encoder_block_12,6.531410217285156,1,100,100
bar_random_4,bar,random,4,146187,8434623,attack,0,embedding,0.6431140899658203,57,100,100
bar_random_4,bar,random,4,146187,8434623,attack,1,encoder_block_1,0.3834719657897949,69,100,100
bar_random_4,bar,random,4,146187,8434623,attack,2,encoder_block_2,0.5781364440917969,65,100,100
bar_random_4,bar,random,4,146187,8434623,attack,3,encoder_block_3,0.6993250846862793,64,100,100
bar_random_4,bar,random,4,146187,8434623,attack,4,encoder_block_4,0.9070224761962892,45,100,100
bar_random_4,bar,random,4,146187,8434623,attack,5,encoder_block_5,0.8337488174438477,42,100,100
bar_random_4,bar,random,4,146187,8434623,attack,6,encoder_block_6,0.969550371170044,34,100,100
bar_random_4,bar,random,4,146187,8434623,attack,7,encoder_block_7,1.0475008487701416,29,100,100
bar_random_4,bar,random,4,146187,8434623,attack,8,encoder_block_8,1.0517578125,24,100,100
bar_random_4,bar,random,4,146187,8434623,attack,9,encoder_block_9,1.443293809890747,7,100,100
bar_random_4,bar,random,4,146187,8434623,attack,10,encoder_block_10,1.876518726348877,2,100,100
bar_random_4,bar,random,4,146187,8434623,attack,11,encoder_block_11,3.696347236633301,1,100,100
bar_random_4,bar,random,4,146187,8434623,attack,12,encoder_block_12,6.425714492797852,1,100,100
bar_random_4,bar,random,4,148538,615405,original,0,embedding,0.111785888671875,66,100,100
bar_random_4,bar,random,4,148538,615405,original,1,encoder_block_1,-0.0039806365966796,75,100,100
bar_random_4,bar,random,4,148538,615405,original,2,encoder_block_2,0.5535988807678223,58,100,100
bar_random_4,bar,random,4,148538,615405,original,3,encoder_block_3,0.7505226135253906,52,100,100
bar_random_4,bar,random,4,148538,615405,original,4,encoder_block_4,1.003244400024414,34,100,100
bar_random_4,bar,random,4,148538,615405,original,5,encoder_block_5,0.9754810333251952,30,100,100
bar_random_4,bar,random,4,148538,615405,original,6,encoder_block_6,0.9559774398803712,37,100,100
bar_random_4,bar,random,4,148538,615405,original,7,encoder_block_7,0.980443239212036,31,100,100
bar_random_4,bar,random,4,148538,615405,original,8,encoder_block_8,1.031313419342041,34,100,100
bar_random_4,bar,random,4,148538,615405,original,9,encoder_block_9,1.559706449508667,4,100,100
bar_random_4,bar,random,4,148538,615405,original,10,encoder_block_10,0.731834888458252,21,100,100
bar_random_4,bar,random,4,148538,615405,original,11,encoder_block_11,0.4549601078033447,38,100,100
bar_random_4,bar,random,4,148538,615405,original,12,encoder_block_12,-8.18265151977539,66,100,100
bar_random_4,bar,random,4,148538,615405,padded_control,0,embedding,0.1117861270904541,66,100,100
bar_random_4,bar,random,4,148538,615405,padded_control,1,encoder_block_1,-0.0033903121948242,75,100,100
bar_random_4,bar,random,4,148538,615405,padded_control,2,encoder_block_2,0.552490234375,58,100,100
bar_random_4,bar,random,4,148538,615405,padded_control,3,encoder_block_3,0.7501487731933594,52,100,100
bar_random_4,bar,random,4,148538,615405,padded_control,4,encoder_block_4,1.0021038055419922,34,100,100
bar_random_4,bar,random,4,148538,615405,padded_control,5,encoder_block_5,0.9703741073608398,30,100,100
bar_random_4,bar,random,4,148538,615405,padded_control,6,encoder_block_6,0.9462790489196776,37,100,100
bar_random_4,bar,random,4,148538,615405,padded_control,7,encoder_block_7,0.975916624069214,32,100,100
bar_random_4,bar,random,4,148538,615405,padded_control,8,encoder_block_8,1.0302982330322266,34,100,100
bar_random_4,bar,random,4,148538,615405,padded_control,9,encoder_block_9,1.5548901557922363,5,100,100
bar_random_4,bar,random,4,148538,615405,padded_control,10,encoder_block_10,0.7291402816772461,21,100,100
bar_random_4,bar,random,4,148538,615405,padded_control,11,encoder_block_11,0.4631873369216919,38,100,100
bar_random_4,bar,random,4,148538,615405,padded_control,12,encoder_block_12,-8.223966598510742,67,100,100
bar_random_4,bar,random,4,148538,615405,attack,0,embedding,0.020698070526123,79,100,100
bar_random_4,bar,random,4,148538,615405,attack,1,encoder_block_1,-0.0351929664611816,79,100,100
bar_random_4,bar,random,4,148538,615405,attack,2,encoder_block_2,0.4916157722473144,65,100,100
bar_random_4,bar,random,4,148538,615405,attack,3,encoder_block_3,0.6381516456604004,64,100,100
bar_random_4,bar,random,4,148538,615405,attack,4,encoder_block_4,0.8951220512390137,51,100,100
bar_random_4,bar,random,4,148538,615405,attack,5,encoder_block_5,0.8805255889892578,39,100,100
bar_random_4,bar,random,4,148538,615405,attack,6,encoder_block_6,0.8493242263793945,57,100,100
bar_random_4,bar,random,4,148538,615405,attack,7,encoder_block_7,0.8503923416137695,50,100,100
bar_random_4,bar,random,4,148538,615405,attack,8,encoder_block_8,0.9679005146026612,45,100,100
bar_random_4,bar,random,4,148538,615405,attack,9,encoder_block_9,1.4965581893920898,5,100,100
bar_random_4,bar,random,4,148538,615405,attack,10,encoder_block_10,0.7024345397949219,21,100,100
bar_random_4,bar,random,4,148538,615405,attack,11,encoder_block_11,0.4988183975219726,36,100,100
bar_random_4,bar,random,4,148538,615405,attack,12,encoder_block_12,-8.066142082214355,65,100,100
bar_random_4,bar,random,4,156493,6139386,original,0,embedding,0.7899231910705566,82,100,100
bar_random_4,bar,random,4,156493,6139386,original,1,encoder_block_1,1.0343692302703855,59,100,100
bar_random_4,bar,random,4,156493,6139386,original,2,encoder_block_2,1.1008341312408447,51,100,100
bar_random_4,bar,random,4,156493,6139386,original,3,encoder_block_3,1.147251844406128,57,100,100
bar_random_4,bar,random,4,156493,6139386,original,4,encoder_block_4,1.2023391723632812,49,100,100
bar_random_4,bar,random,4,156493,6139386,original,5,encoder_block_5,1.384761095046997,37,100,100
bar_random_4,bar,random,4,156493,6139386,original,6,encoder_block_6,1.4009933471679688,37,100,100
bar_random_4,bar,random,4,156493,6139386,original,7,encoder_block_7,1.5144667625427246,29,100,100
bar_random_4,bar,random,4,156493,6139386,original,8,encoder_block_8,1.6598200798034668,21,100,100
bar_random_4,bar,random,4,156493,6139386,original,9,encoder_block_9,1.9056568145751955,12,100,100
bar_random_4,bar,random,4,156493,6139386,original,10,encoder_block_10,1.9924802780151367,3,100,100
bar_random_4,bar,random,4,156493,6139386,original,11,encoder_block_11,2.9495105743408203,3,100,100
bar_random_4,bar,random,4,156493,6139386,original,12,encoder_block_12,3.959214687347412,11,100,100
bar_random_4,bar,random,4,156493,6139386,padded_control,0,embedding,0.789924144744873,82,100,100
bar_random_4,bar,random,4,156493,6139386,padded_control,1,encoder_block_1,1.0415403842926023,59,100,100
bar_random_4,bar,random,4,156493,6139386,padded_control,2,encoder_block_2,1.099292278289795,53,100,100
bar_random_4,bar,random,4,156493,6139386,padded_control,3,encoder_block_3,1.154421091079712,56,100,100
bar_random_4,bar,random,4,156493,6139386,padded_control,4,encoder_block_4,1.2015562057495115,49,100,100
bar_random_4,bar,random,4,156493,6139386,padded_control,5,encoder_block_5,1.3909296989440918,37,100,100
bar_random_4,bar,random,4,156493,6139386,padded_control,6,encoder_block_6,1.405475616455078,37,100,100
bar_random_4,bar,random,4,156493,6139386,padded_control,7,encoder_block_7,1.512589454650879,29,100,100
bar_random_4,bar,random,4,156493,6139386,padded_control,8,encoder_block_8,1.6580605506896973,21,100,100
bar_random_4,bar,random,4,156493,6139386,padded_control,9,encoder_block_9,1.896044969558716,14,100,100
bar_random_4,bar,random,4,156493,6139386,padded_control,10,encoder_block_10,1.9911911487579343,3,100,100
bar_random_4,bar,random,4,156493,6139386,padded_control,11,encoder_block_11,2.949561834335327,3,100,100
bar_random_4,bar,random,4,156493,6139386,padded_control,12,encoder_block_12,3.9665355682373047,11,100,100
bar_random_4,bar,random,4,156493,6139386,attack,0,embedding,0.5506174564361572,96,100,100
bar_random_4,bar,random,4,156493,6139386,attack,1,encoder_block_1,0.8952193260192871,71,100,100
bar_random_4,bar,random,4,156493,6139386,attack,2,encoder_block_2,0.9916038513183594,60,100,100
bar_random_4,bar,random,4,156493,6139386,attack,3,encoder_block_3,1.0228610038757324,63,100,100
bar_random_4,bar,random,4,156493,6139386,attack,4,encoder_block_4,1.0736970901489258,64,100,100
bar_random_4,bar,random,4,156493,6139386,attack,5,encoder_block_5,1.2741479873657229,48,100,100
bar_random_4,bar,random,4,156493,6139386,attack,6,encoder_block_6,1.3034489154815674,43,100,100
bar_random_4,bar,random,4,156493,6139386,attack,7,encoder_block_7,1.3906290531158447,41,100,100
bar_random_4,bar,random,4,156493,6139386,attack,8,encoder_block_8,1.5467169284820557,34,100,100
bar_random_4,bar,random,4,156493,6139386,attack,9,encoder_block_9,1.7649471759796145,21,100,100
bar_random_4,bar,random,4,156493,6139386,attack,10,encoder_block_10,1.890257835388184,5,100,100
bar_random_4,bar,random,4,156493,6139386,attack,11,encoder_block_11,2.818387985229492,4,100,100
bar_random_4,bar,random,4,156493,6139386,attack,12,encoder_block_12,3.7181315422058105,15,100,100
bar_random_4,bar,random,4,168216,1381477,original,0,embedding,-0.1993305683135986,62,100,100
bar_random_4,bar,random,4,168216,1381477,original,1,encoder_block_1,-0.4686052799224853,83,100,100
bar_random_4,bar,random,4,168216,1381477,original,2,encoder_block_2,-0.2530303001403808,73,100,100
bar_random_4,bar,random,4,168216,1381477,original,3,encoder_block_3,-0.0723252296447753,72,100,100
bar_random_4,bar,random,4,168216,1381477,original,4,encoder_block_4,-0.1228163242340087,71,100,100
bar_random_4,bar,random,4,168216,1381477,original,5,encoder_block_5,-0.1751852035522461,74,100,100
bar_random_4,bar,random,4,168216,1381477,original,6,encoder_block_6,-0.204951524734497,75,100,100
bar_random_4,bar,random,4,168216,1381477,original,7,encoder_block_7,-0.1471688747406005,65,100,100
bar_random_4,bar,random,4,168216,1381477,original,8,encoder_block_8,-0.076911449432373,56,100,100
bar_random_4,bar,random,4,168216,1381477,original,9,encoder_block_9,0.2282617092132568,47,100,100
bar_random_4,bar,random,4,168216,1381477,original,10,encoder_block_10,0.375180721282959,33,100,100
bar_random_4,bar,random,4,168216,1381477,original,11,encoder_block_11,1.7038626670837402,14,100,100
bar_random_4,bar,random,4,168216,1381477,original,12,encoder_block_12,4.799738883972168,7,100,100
bar_random_4,bar,random,4,168216,1381477,padded_control,0,embedding,-0.1993312835693359,62,100,100
bar_random_4,bar,random,4,168216,1381477,padded_control,1,encoder_block_1,-0.4651041030883789,83,100,100
bar_random_4,bar,random,4,168216,1381477,padded_control,2,encoder_block_2,-0.258002758026123,73,100,100
bar_random_4,bar,random,4,168216,1381477,padded_control,3,encoder_block_3,-0.0702974796295166,71,100,100
bar_random_4,bar,random,4,168216,1381477,padded_control,4,encoder_block_4,-0.1135628223419189,70,100,100
bar_random_4,bar,random,4,168216,1381477,padded_control,5,encoder_block_5,-0.1693933010101318,73,100,100
bar_random_4,bar,random,4,168216,1381477,padded_control,6,encoder_block_6,-0.2021102905273437,75,100,100
bar_random_4,bar,random,4,168216,1381477,padded_control,7,encoder_block_7,-0.1488502025604248,65,100,100
bar_random_4,bar,random,4,168216,1381477,padded_control,8,encoder_block_8,-0.0807383060455322,57,100,100
bar_random_4,bar,random,4,168216,1381477,padded_control,9,encoder_block_9,0.2184598445892334,47,100,100
bar_random_4,bar,random,4,168216,1381477,padded_control,10,encoder_block_10,0.3714911937713623,35,100,100
bar_random_4,bar,random,4,168216,1381477,padded_control,11,encoder_block_11,1.7216501235961914,14,100,100
bar_random_4,bar,random,4,168216,1381477,padded_control,12,encoder_block_12,4.810603141784668,7,100,100
bar_random_4,bar,random,4,168216,1381477,attack,0,embedding,-0.3497323989868164,81,100,100
bar_random_4,bar,random,4,168216,1381477,attack,1,encoder_block_1,-0.5049786567687988,89,100,100
bar_random_4,bar,random,4,168216,1381477,attack,2,encoder_block_2,-0.2967181205749511,79,100,100
bar_random_4,bar,random,4,168216,1381477,attack,3,encoder_block_3,-0.1347773075103759,80,100,100
bar_random_4,bar,random,4,168216,1381477,attack,4,encoder_block_4,-0.176481008529663,81,100,100
bar_random_4,bar,random,4,168216,1381477,attack,5,encoder_block_5,-0.2453620433807373,84,100,100
bar_random_4,bar,random,4,168216,1381477,attack,6,encoder_block_6,-0.2779433727264404,87,100,100
bar_random_4,bar,random,4,168216,1381477,attack,7,encoder_block_7,-0.2476465702056884,78,100,100
bar_random_4,bar,random,4,168216,1381477,attack,8,encoder_block_8,-0.1239631175994873,66,100,100
bar_random_4,bar,random,4,168216,1381477,attack,9,encoder_block_9,0.1737406253814697,50,100,100
bar_random_4,bar,random,4,168216,1381477,attack,10,encoder_block_10,0.3179821968078613,41,100,100
bar_random_4,bar,random,4,168216,1381477,attack,11,encoder_block_11,1.699750900268555,14,100,100
bar_random_4,bar,random,4,168216,1381477,attack,12,encoder_block_12,4.847342491149902,6,100,100
bar_random_4,bar,random,4,182539,57444,original,0,embedding,0.8517675399780273,10,100,100
bar_random_4,bar,random,4,182539,57444,original,1,encoder_block_1,0.1863665580749511,37,100,100
bar_random_4,bar,random,4,182539,57444,original,2,encoder_block_2,0.4431185722351074,29,100,100
bar_random_4,bar,random,4,182539,57444,original,3,encoder_block_3,0.3264658451080322,28,100,100
bar_random_4,bar,random,4,182539,57444,original,4,encoder_block_4,0.3077521324157715,39,100,100
bar_random_4,bar,random,4,182539,57444,original,5,encoder_block_5,0.1655957698822021,58,100,100
bar_random_4,bar,random,4,182539,57444,original,6,encoder_block_6,-0.0259002447128295,68,100,100
bar_random_4,bar,random,4,182539,57444,original,7,encoder_block_7,-0.0079948902130126,70,100,100
bar_random_4,bar,random,4,182539,57444,original,8,encoder_block_8,0.1178991794586181,57,100,100
bar_random_4,bar,random,4,182539,57444,original,9,encoder_block_9,0.20027756690979,63,100,100
bar_random_4,bar,random,4,182539,57444,original,10,encoder_block_10,0.4054923057556152,36,100,100
bar_random_4,bar,random,4,182539,57444,original,11,encoder_block_11,1.2528843879699707,18,100,100
bar_random_4,bar,random,4,182539,57444,original,12,encoder_block_12,3.517923355102539,3,100,100
bar_random_4,bar,random,4,182539,57444,padded_control,0,embedding,0.8517675399780273,10,100,100
bar_random_4,bar,random,4,182539,57444,padded_control,1,encoder_block_1,0.1896226406097412,37,100,100
bar_random_4,bar,random,4,182539,57444,padded_control,2,encoder_block_2,0.4509379863739013,28,100,100
bar_random_4,bar,random,4,182539,57444,padded_control,3,encoder_block_3,0.3321726322174072,28,100,100
bar_random_4,bar,random,4,182539,57444,padded_control,4,encoder_block_4,0.3147249221801758,38,100,100
bar_random_4,bar,random,4,182539,57444,padded_control,5,encoder_block_5,0.174496054649353,58,100,100
bar_random_4,bar,random,4,182539,57444,padded_control,6,encoder_block_6,-0.0245919227600097,68,100,100
bar_random_4,bar,random,4,182539,57444,padded_control,7,encoder_block_7,-0.014777660369873,70,100,100
bar_random_4,bar,random,4,182539,57444,padded_control,8,encoder_block_8,0.1164476871490478,57,100,100
bar_random_4,bar,random,4,182539,57444,padded_control,9,encoder_block_9,0.1983089447021484,63,100,100
bar_random_4,bar,random,4,182539,57444,padded_control,10,encoder_block_10,0.3885312080383301,38,100,100
bar_random_4,bar,random,4,182539,57444,padded_control,11,encoder_block_11,1.2595832347869873,17,100,100
bar_random_4,bar,random,4,182539,57444,padded_control,12,encoder_block_12,3.511893510818481,3,100,100
bar_random_4,bar,random,4,182539,57444,attack,0,embedding,0.5847954750061035,23,100,100
bar_random_4,bar,random,4,182539,57444,attack,1,encoder_block_1,0.1016530990600586,45,100,100
bar_random_4,bar,random,4,182539,57444,attack,2,encoder_block_2,0.4230830669403076,32,100,100
bar_random_4,bar,random,4,182539,57444,attack,3,encoder_block_3,0.2679042816162109,32,100,100
bar_random_4,bar,random,4,182539,57444,attack,4,encoder_block_4,0.2601587772369385,43,100,100
bar_random_4,bar,random,4,182539,57444,attack,5,encoder_block_5,0.1333732604980468,59,100,100
bar_random_4,bar,random,4,182539,57444,attack,6,encoder_block_6,0.0299949645996093,65,100,100
bar_random_4,bar,random,4,182539,57444,attack,7,encoder_block_7,0.0661118030548095,66,100,100
bar_random_4,bar,random,4,182539,57444,attack,8,encoder_block_8,0.2561907768249511,47,100,100
bar_random_4,bar,random,4,182539,57444,attack,9,encoder_block_9,0.3251371383666992,44,100,100
bar_random_4,bar,random,4,182539,57444,attack,10,encoder_block_10,0.5000166893005371,28,100,100
bar_random_4,bar,random,4,182539,57444,attack,11,encoder_block_11,1.2069194316864014,19,100,100
bar_random_4,bar,random,4,182539,57444,attack,12,encoder_block_12,3.319754838943481,3,100,100
bar_random_4,bar,random,4,183378,2533260,original,0,embedding,0.6351041793823242,52,100,100
bar_random_4,bar,random,4,183378,2533260,original,1,encoder_block_1,0.2898142337799072,61,100,100
bar_random_4,bar,random,4,183378,2533260,original,2,encoder_block_2,0.1717860698699951,72,100,100
bar_random_4,bar,random,4,183378,2533260,original,3,encoder_block_3,0.0534839630126953,68,100,100
bar_random_4,bar,random,4,183378,2533260,original,4,encoder_block_4,0.0302550792694091,77,100,100
bar_random_4,bar,random,4,183378,2533260,original,5,encoder_block_5,0.0528678894042968,71,100,100
bar_random_4,bar,random,4,183378,2533260,original,6,encoder_block_6,0.098095417022705,64,100,100
bar_random_4,bar,random,4,183378,2533260,original,7,encoder_block_7,0.0211415290832519,72,100,100
bar_random_4,bar,random,4,183378,2533260,original,8,encoder_block_8,-0.0266127586364746,73,100,100
bar_random_4,bar,random,4,183378,2533260,original,9,encoder_block_9,0.2380626201629638,72,100,100
bar_random_4,bar,random,4,183378,2533260,original,10,encoder_block_10,0.3554348945617676,47,100,100
bar_random_4,bar,random,4,183378,2533260,original,11,encoder_block_11,-0.0725822448730468,42,100,100
bar_random_4,bar,random,4,183378,2533260,original,12,encoder_block_12,-7.711319923400879,41,100,100
bar_random_4,bar,random,4,183378,2533260,padded_control,0,embedding,0.6351041793823242,52,100,100
bar_random_4,bar,random,4,183378,2533260,padded_control,1,encoder_block_1,0.2882287502288818,61,100,100
bar_random_4,bar,random,4,183378,2533260,padded_control,2,encoder_block_2,0.1705465316772461,72,100,100
bar_random_4,bar,random,4,183378,2533260,padded_control,3,encoder_block_3,0.0529494285583496,68,100,100
bar_random_4,bar,random,4,183378,2533260,padded_control,4,encoder_block_4,0.0240979194641113,80,100,100
bar_random_4,bar,random,4,183378,2533260,padded_control,5,encoder_block_5,0.0475125312805175,72,100,100
bar_random_4,bar,random,4,183378,2533260,padded_control,6,encoder_block_6,0.0971622467041015,65,100,100
bar_random_4,bar,random,4,183378,2533260,padded_control,7,encoder_block_7,0.020745038986206,72,100,100
bar_random_4,bar,random,4,183378,2533260,padded_control,8,encoder_block_8,-0.0363669395446777,76,100,100
bar_random_4,bar,random,4,183378,2533260,padded_control,9,encoder_block_9,0.2205383777618408,73,100,100
bar_random_4,bar,random,4,183378,2533260,padded_control,10,encoder_block_10,0.3176777362823486,53,100,100
bar_random_4,bar,random,4,183378,2533260,padded_control,11,encoder_block_11,-0.0904179811477661,42,100,100
bar_random_4,bar,random,4,183378,2533260,padded_control,12,encoder_block_12,-7.729785919189453,41,100,100
bar_random_4,bar,random,4,183378,2533260,attack,0,embedding,0.3030581474304199,80,100,100
bar_random_4,bar,random,4,183378,2533260,attack,1,encoder_block_1,0.1127982139587402,74,100,100
bar_random_4,bar,random,4,183378,2533260,attack,2,encoder_block_2,0.0412089824676513,84,100,100
bar_random_4,bar,random,4,183378,2533260,attack,3,encoder_block_3,-0.1140892505645752,84,100,100
bar_random_4,bar,random,4,183378,2533260,attack,4,encoder_block_4,-0.1253383159637451,89,100,100
bar_random_4,bar,random,4,183378,2533260,attack,5,encoder_block_5,-0.0991020202636718,86,100,100
bar_random_4,bar,random,4,183378,2533260,attack,6,encoder_block_6,-0.0227844715118408,76,100,100
bar_random_4,bar,random,4,183378,2533260,attack,7,encoder_block_7,-0.0852963924407959,86,100,100
bar_random_4,bar,random,4,183378,2533260,attack,8,encoder_block_8,-0.0731821060180664,78,100,100
bar_random_4,bar,random,4,183378,2533260,attack,9,encoder_block_9,0.2014851570129394,75,100,100
bar_random_4,bar,random,4,183378,2533260,attack,10,encoder_block_10,0.3044242858886719,54,100,100
bar_random_4,bar,random,4,183378,2533260,attack,11,encoder_block_11,-0.3762712478637695,48,100,100
bar_random_4,bar,random,4,183378,2533260,attack,12,encoder_block_12,-8.968215942382812,48,100,100
bar_random_4,bar,random,4,19335,8412687,original,0,embedding,1.1026735305786133,12,100,100
bar_random_4,bar,random,4,19335,8412687,original,1,encoder_block_1,1.1886119842529297,20,100,100
bar_random_4,bar,random,4,19335,8412687,original,2,encoder_block_2,1.3699102401733398,19,100,100
bar_random_4,bar,random,4,19335,8412687,original,3,encoder_block_3,1.4117770195007324,9,100,100
bar_random_4,bar,random,4,19335,8412687,original,4,encoder_block_4,1.5114059448242188,4,100,100
bar_random_4,bar,random,4,19335,8412687,original,5,encoder_block_5,1.4916033744812012,4,100,100
bar_random_4,bar,random,4,19335,8412687,original,6,encoder_block_6,1.4870867729187012,5,100,100
bar_random_4,bar,random,4,19335,8412687,original,7,encoder_block_7,1.6385631561279297,4,100,100
bar_random_4,bar,random,4,19335,8412687,original,8,encoder_block_8,1.6945128440856934,3,100,100
bar_random_4,bar,random,4,19335,8412687,original,9,encoder_block_9,1.507643699645996,8,100,100
bar_random_4,bar,random,4,19335,8412687,original,10,encoder_block_10,1.340137004852295,15,100,100
bar_random_4,bar,random,4,19335,8412687,original,11,encoder_block_11,0.8486737012863159,34,100,100
bar_random_4,bar,random,4,19335,8412687,original,12,encoder_block_12,-5.226619720458984,34,100,100
bar_random_4,bar,random,4,19335,8412687,padded_control,0,embedding,1.1026735305786133,12,100,100
bar_random_4,bar,random,4,19335,8412687,padded_control,1,encoder_block_1,1.1915631294250488,20,100,100
bar_random_4,bar,random,4,19335,8412687,padded_control,2,encoder_block_2,1.3730716705322266,19,100,100
bar_random_4,bar,random,4,19335,8412687,padded_control,3,encoder_block_3,1.410933494567871,9,100,100
bar_random_4,bar,random,4,19335,8412687,padded_control,4,encoder_block_4,1.5130729675292969,4,100,100
bar_random_4,bar,random,4,19335,8412687,padded_control,5,encoder_block_5,1.491562843322754,4,100,100
bar_random_4,bar,random,4,19335,8412687,padded_control,6,encoder_block_6,1.486098289489746,5,100,100
bar_random_4,bar,random,4,19335,8412687,padded_control,7,encoder_block_7,1.635568141937256,4,100,100
bar_random_4,bar,random,4,19335,8412687,padded_control,8,encoder_block_8,1.6890935897827148,3,100,100
bar_random_4,bar,random,4,19335,8412687,padded_control,9,encoder_block_9,1.5026459693908691,8,100,100
bar_random_4,bar,random,4,19335,8412687,padded_control,10,encoder_block_10,1.3363378047943115,15,100,100
bar_random_4,bar,random,4,19335,8412687,padded_control,11,encoder_block_11,0.8935682773590088,34,100,100
bar_random_4,bar,random,4,19335,8412687,padded_control,12,encoder_block_12,-5.039575576782227,34,100,100
bar_random_4,bar,random,4,19335,8412687,attack,0,embedding,0.9265151023864746,23,100,100
bar_random_4,bar,random,4,19335,8412687,attack,1,encoder_block_1,1.05918550491333,35,100,100
bar_random_4,bar,random,4,19335,8412687,attack,2,encoder_block_2,1.2987732887268066,30,100,100
bar_random_4,bar,random,4,19335,8412687,attack,3,encoder_block_3,1.3108901977539062,16,100,100
bar_random_4,bar,random,4,19335,8412687,attack,4,encoder_block_4,1.462839126586914,6,100,100
bar_random_4,bar,random,4,19335,8412687,attack,5,encoder_block_5,1.4677162170410156,5,100,100
bar_random_4,bar,random,4,19335,8412687,attack,6,encoder_block_6,1.5001044273376465,5,100,100
bar_random_4,bar,random,4,19335,8412687,attack,7,encoder_block_7,1.6386408805847168,4,100,100
bar_random_4,bar,random,4,19335,8412687,attack,8,encoder_block_8,1.7308225631713867,3,100,100
bar_random_4,bar,random,4,19335,8412687,attack,9,encoder_block_9,1.5543923377990725,5,100,100
bar_random_4,bar,random,4,19335,8412687,attack,10,encoder_block_10,1.4070696830749512,12,100,100
bar_random_4,bar,random,4,19335,8412687,attack,11,encoder_block_11,0.8964210748672485,34,100,100
bar_random_4,bar,random,4,19335,8412687,attack,12,encoder_block_12,-5.449785232543945,35,100,100
bar_random_4,bar,random,4,207786,8273763,original,0,embedding,0.9972248077392578,18,100,100
bar_random_4,bar,random,4,207786,8273763,original,1,encoder_block_1,0.6329596042633057,17,100,100
bar_random_4,bar,random,4,207786,8273763,original,2,encoder_block_2,0.5760855674743652,22,100,100
bar_random_4,bar,random,4,207786,8273763,original,3,encoder_block_3,0.6168131828308105,17,100,100
bar_random_4,bar,random,4,207786,8273763,original,4,encoder_block_4,0.6877720355987549,17,100,100
bar_random_4,bar,random,4,207786,8273763,original,5,encoder_block_5,0.7267248630523682,9,100,100
bar_random_4,bar,random,4,207786,8273763,original,6,encoder_block_6,0.6738314628601074,13,100,100
bar_random_4,bar,random,4,207786,8273763,original,7,encoder_block_7,0.7699854373931885,19,100,100
bar_random_4,bar,random,4,207786,8273763,original,8,encoder_block_8,0.8054978847503662,21,100,100
bar_random_4,bar,random,4,207786,8273763,original,9,encoder_block_9,0.9049434661865234,14,100,100
bar_random_4,bar,random,4,207786,8273763,original,10,encoder_block_10,0.8308079242706299,5,100,100
bar_random_4,bar,random,4,207786,8273763,original,11,encoder_block_11,2.136302709579468,1,100,100
bar_random_4,bar,random,4,207786,8273763,original,12,encoder_block_12,4.530658721923828,3,100,100
bar_random_4,bar,random,4,207786,8273763,padded_control,0,embedding,0.9972250461578368,18,100,100
bar_random_4,bar,random,4,207786,8273763,padded_control,1,encoder_block_1,0.6235110759735107,17,100,100
bar_random_4,bar,random,4,207786,8273763,padded_control,2,encoder_block_2,0.5709843635559082,22,100,100
bar_random_4,bar,random,4,207786,8273763,padded_control,3,encoder_block_3,0.6199893951416016,17,100,100
bar_random_4,bar,random,4,207786,8273763,padded_control,4,encoder_block_4,0.7002196311950684,15,100,100
bar_random_4,bar,random,4,207786,8273763,padded_control,5,encoder_block_5,0.7467176914215088,9,100,100
bar_random_4,bar,random,4,207786,8273763,padded_control,6,encoder_block_6,0.7005906105041504,12,100,100
bar_random_4,bar,random,4,207786,8273763,padded_control,7,encoder_block_7,0.8050265312194824,18,100,100
bar_random_4,bar,random,4,207786,8273763,padded_control,8,encoder_block_8,0.8353517055511475,20,100,100
bar_random_4,bar,random,4,207786,8273763,padded_control,9,encoder_block_9,0.935600757598877,12,100,100
bar_random_4,bar,random,4,207786,8273763,padded_control,10,encoder_block_10,0.8670315742492676,4,100,100
bar_random_4,bar,random,4,207786,8273763,padded_control,11,encoder_block_11,2.196851968765259,1,100,100
bar_random_4,bar,random,4,207786,8273763,padded_control,12,encoder_block_12,4.602568626403809,2,100,100
bar_random_4,bar,random,4,207786,8273763,attack,0,embedding,0.7215349674224854,41,100,100
bar_random_4,bar,random,4,207786,8273763,attack,1,encoder_block_1,0.3894295692443847,40,100,100
bar_random_4,bar,random,4,207786,8273763,attack,2,encoder_block_2,0.3768758773803711,46,100,100
bar_random_4,bar,random,4,207786,8273763,attack,3,encoder_block_3,0.4112372398376465,36,100,100
bar_random_4,bar,random,4,207786,8273763,attack,4,encoder_block_4,0.4744086265563965,34,100,100
bar_random_4,bar,random,4,207786,8273763,attack,5,encoder_block_5,0.480757474899292,27,100,100
bar_random_4,bar,random,4,207786,8273763,attack,6,encoder_block_6,0.3993864059448242,36,100,100
bar_random_4,bar,random,4,207786,8273763,attack,7,encoder_block_7,0.514397144317627,39,100,100
bar_random_4,bar,random,4,207786,8273763,attack,8,encoder_block_8,0.6707046031951904,24,100,100
bar_random_4,bar,random,4,207786,8273763,attack,9,encoder_block_9,0.7527103424072266,24,100,100
bar_random_4,bar,random,4,207786,8273763,attack,10,encoder_block_10,0.7290096282958984,6,100,100
bar_random_4,bar,random,4,207786,8273763,attack,11,encoder_block_11,2.16594672203064,1,100,100
bar_random_4,bar,random,4,207786,8273763,attack,12,encoder_block_12,4.699673652648926,1,100,100
bar_random_4,bar,random,4,264014,5611210,original,0,embedding,0.2072415351867675,87,100,100
bar_random_4,bar,random,4,264014,5611210,original,1,encoder_block_1,0.2824430465698242,69,100,100
bar_random_4,bar,random,4,264014,5611210,original,2,encoder_block_2,0.5391459465026855,52,100,100
bar_random_4,bar,random,4,264014,5611210,original,3,encoder_block_3,0.8037543296813965,17,100,100
bar_random_4,bar,random,4,264014,5611210,original,4,encoder_block_4,1.1867985725402832,5,100,100
bar_random_4,bar,random,4,264014,5611210,original,5,encoder_block_5,1.0937206745147705,6,100,100
bar_random_4,bar,random,4,264014,5611210,original,6,encoder_block_6,0.9023098945617676,7,100,100
bar_random_4,bar,random,4,264014,5611210,original,7,encoder_block_7,0.9688704013824464,8,100,100
bar_random_4,bar,random,4,264014,5611210,original,8,encoder_block_8,0.9752986431121826,8,100,100
bar_random_4,bar,random,4,264014,5611210,original,9,encoder_block_9,0.8644800186157227,27,100,100
bar_random_4,bar,random,4,264014,5611210,original,10,encoder_block_10,0.8236327171325684,34,100,100
bar_random_4,bar,random,4,264014,5611210,original,11,encoder_block_11,1.599168300628662,35,100,100
bar_random_4,bar,random,4,264014,5611210,original,12,encoder_block_12,2.977891683578491,32,100,100
bar_random_4,bar,random,4,264014,5611210,padded_control,0,embedding,0.2072420120239257,87,100,100
bar_random_4,bar,random,4,264014,5611210,padded_control,1,encoder_block_1,0.2833795547485351,69,100,100
bar_random_4,bar,random,4,264014,5611210,padded_control,2,encoder_block_2,0.5337934494018555,53,100,100
bar_random_4,bar,random,4,264014,5611210,padded_control,3,encoder_block_3,0.7983334064483643,17,100,100
bar_random_4,bar,random,4,264014,5611210,padded_control,4,encoder_block_4,1.1790733337402344,5,100,100
bar_random_4,bar,random,4,264014,5611210,padded_control,5,encoder_block_5,1.0822081565856934,6,100,100
bar_random_4,bar,random,4,264014,5611210,padded_control,6,encoder_block_6,0.892798900604248,7,100,100
bar_random_4,bar,random,4,264014,5611210,padded_control,7,encoder_block_7,0.9600367546081544,9,100,100
bar_random_4,bar,random,4,264014,5611210,padded_control,8,encoder_block_8,0.961005926132202,8,100,100
bar_random_4,bar,random,4,264014,5611210,padded_control,9,encoder_block_9,0.8481876850128174,29,100,100
bar_random_4,bar,random,4,264014,5611210,padded_control,10,encoder_block_10,0.7992908954620361,34,100,100
bar_random_4,bar,random,4,264014,5611210,padded_control,11,encoder_block_11,1.5692894458770752,36,100,100
bar_random_4,bar,random,4,264014,5611210,padded_control,12,encoder_block_12,2.9435839653015137,34,100,100
bar_random_4,bar,random,4,264014,5611210,attack,0,embedding,0.0625104904174804,93,100,100
bar_random_4,bar,random,4,264014,5611210,attack,1,encoder_block_1,0.1599912643432617,83,100,100
bar_random_4,bar,random,4,264014,5611210,attack,2,encoder_block_2,0.3793468475341797,71,100,100
bar_random_4,bar,random,4,264014,5611210,attack,3,encoder_block_3,0.5731885433197021,48,100,100
bar_random_4,bar,random,4,264014,5611210,attack,4,encoder_block_4,1.0063409805297852,12,100,100
bar_random_4,bar,random,4,264014,5611210,attack,5,encoder_block_5,0.9015045166015624,9,100,100
bar_random_4,bar,random,4,264014,5611210,attack,6,encoder_block_6,0.7321748733520508,15,100,100
bar_random_4,bar,random,4,264014,5611210,attack,7,encoder_block_7,0.8104808330535889,17,100,100
bar_random_4,bar,random,4,264014,5611210,attack,8,encoder_block_8,0.8583159446716309,17,100,100
bar_random_4,bar,random,4,264014,5611210,attack,9,encoder_block_9,0.7759671211242676,31,100,100
bar_random_4,bar,random,4,264014,5611210,attack,10,encoder_block_10,0.6649224758148193,41,100,100
bar_random_4,bar,random,4,264014,5611210,attack,11,encoder_block_11,1.3279500007629397,39,100,100
bar_random_4,bar,random,4,264014,5611210,attack,12,encoder_block_12,2.65192985534668,37,100,100
bar_random_4,bar,random,4,359349,68649,original,0,embedding,0.7303218841552734,65,100,100
bar_random_4,bar,random,4,359349,68649,original,1,encoder_block_1,0.7686491012573242,75,100,100
bar_random_4,bar,random,4,359349,68649,original,2,encoder_block_2,0.7787563800811768,74,100,100
bar_random_4,bar,random,4,359349,68649,original,3,encoder_block_3,0.6439268589019775,76,100,100
bar_random_4,bar,random,4,359349,68649,original,4,encoder_block_4,0.824590802192688,62,100,100
bar_random_4,bar,random,4,359349,68649,original,5,encoder_block_5,1.004551887512207,46,100,100
bar_random_4,bar,random,4,359349,68649,original,6,encoder_block_6,0.9628387689590454,43,100,100
bar_random_4,bar,random,4,359349,68649,original,7,encoder_block_7,0.8723124265670776,48,100,100
bar_random_4,bar,random,4,359349,68649,original,8,encoder_block_8,0.8471852540969849,43,100,100
bar_random_4,bar,random,4,359349,68649,original,9,encoder_block_9,1.0588047504425049,25,100,100
bar_random_4,bar,random,4,359349,68649,original,10,encoder_block_10,1.3809943199157717,8,100,100
bar_random_4,bar,random,4,359349,68649,original,11,encoder_block_11,2.5883140563964844,7,100,100
bar_random_4,bar,random,4,359349,68649,original,12,encoder_block_12,5.095371246337891,5,100,100
bar_random_4,bar,random,4,359349,68649,padded_control,0,embedding,0.7303218841552734,65,100,100
bar_random_4,bar,random,4,359349,68649,padded_control,1,encoder_block_1,0.7675929069519043,75,100,100
bar_random_4,bar,random,4,359349,68649,padded_control,2,encoder_block_2,0.7807116508483887,74,100,100
bar_random_4,bar,random,4,359349,68649,padded_control,3,encoder_block_3,0.6485304832458496,76,100,100
bar_random_4,bar,random,4,359349,68649,padded_control,4,encoder_block_4,0.8245301246643066,62,100,100
bar_random_4,bar,random,4,359349,68649,padded_control,5,encoder_block_5,1.0073667764663696,46,100,100
bar_random_4,bar,random,4,359349,68649,padded_control,6,encoder_block_6,0.9724199771881104,42,100,100
bar_random_4,bar,random,4,359349,68649,padded_control,7,encoder_block_7,0.8908610343933105,47,100,100
bar_random_4,bar,random,4,359349,68649,padded_control,8,encoder_block_8,0.8593766689300537,42,100,100
bar_random_4,bar,random,4,359349,68649,padded_control,9,encoder_block_9,1.0555508136749268,25,100,100
bar_random_4,bar,random,4,359349,68649,padded_control,10,encoder_block_10,1.3828606605529783,8,100,100
bar_random_4,bar,random,4,359349,68649,padded_control,11,encoder_block_11,2.6036949157714844,7,100,100
bar_random_4,bar,random,4,359349,68649,padded_control,12,encoder_block_12,5.097241401672363,5,100,100
bar_random_4,bar,random,4,359349,68649,attack,0,embedding,0.5231530666351318,84,100,100
bar_random_4,bar,random,4,359349,68649,attack,1,encoder_block_1,0.6412801742553711,84,100,100
bar_random_4,bar,random,4,359349,68649,attack,2,encoder_block_2,0.6575431823730469,85,100,100
bar_random_4,bar,random,4,359349,68649,attack,3,encoder_block_3,0.5118973255157471,87,100,100
bar_random_4,bar,random,4,359349,68649,attack,4,encoder_block_4,0.6823221445083618,81,100,100
bar_random_4,bar,random,4,359349,68649,attack,5,encoder_block_5,0.8606808185577393,68,100,100
bar_random_4,bar,random,4,359349,68649,attack,6,encoder_block_6,0.8708436489105225,54,100,100
bar_random_4,bar,random,4,359349,68649,attack,7,encoder_block_7,0.7869040966033936,59,100,100
bar_random_4,bar,random,4,359349,68649,attack,8,encoder_block_8,0.8471870422363281,43,100,100
bar_random_4,bar,random,4,359349,68649,attack,9,encoder_block_9,1.028588056564331,28,100,100
bar_random_4,bar,random,4,359349,68649,attack,10,encoder_block_10,1.2996480464935305,11,100,100
bar_random_4,bar,random,4,359349,68649,attack,11,encoder_block_11,2.4304797649383545,8,100,100
bar_random_4,bar,random,4,359349,68649,attack,12,encoder_block_12,4.960733413696289,6,100,100
bar_random_4,bar,random,4,405717,6654655,original,0,embedding,0.7446041107177734,17,100,100
bar_random_4,bar,random,4,405717,6654655,original,1,encoder_block_1,0.6280612945556641,17,100,100
bar_random_4,bar,random,4,405717,6654655,original,2,encoder_block_2,0.7108936309814453,21,100,100
bar_random_4,bar,random,4,405717,6654655,original,3,encoder_block_3,0.7757525444030762,15,100,100
bar_random_4,bar,random,4,405717,6654655,original,4,encoder_block_4,0.8865890502929688,21,100,100
bar_random_4,bar,random,4,405717,6654655,original,5,encoder_block_5,0.8675875663757324,17,100,100
bar_random_4,bar,random,4,405717,6654655,original,6,encoder_block_6,0.9123425483703612,19,100,100
bar_random_4,bar,random,4,405717,6654655,original,7,encoder_block_7,0.9837636947631836,11,100,100
bar_random_4,bar,random,4,405717,6654655,original,8,encoder_block_8,0.9005260467529297,21,100,100
bar_random_4,bar,random,4,405717,6654655,original,9,encoder_block_9,0.8590638637542725,37,100,100
bar_random_4,bar,random,4,405717,6654655,original,10,encoder_block_10,0.8508551120758057,33,100,100
bar_random_4,bar,random,4,405717,6654655,original,11,encoder_block_11,2.6759753227233887,11,100,100
bar_random_4,bar,random,4,405717,6654655,original,12,encoder_block_12,3.670531749725342,19,100,100
bar_random_4,bar,random,4,405717,6654655,padded_control,0,embedding,0.7446036338806152,17,100,100
bar_random_4,bar,random,4,405717,6654655,padded_control,1,encoder_block_1,0.6196174621582031,17,100,100
bar_random_4,bar,random,4,405717,6654655,padded_control,2,encoder_block_2,0.6998062133789062,21,100,100
bar_random_4,bar,random,4,405717,6654655,padded_control,3,encoder_block_3,0.765378475189209,16,100,100
bar_random_4,bar,random,4,405717,6654655,padded_control,4,encoder_block_4,0.8758363723754883,23,100,100
bar_random_4,bar,random,4,405717,6654655,padded_control,5,encoder_block_5,0.8492493629455566,21,100,100
bar_random_4,bar,random,4,405717,6654655,padded_control,6,encoder_block_6,0.8994073867797852,20,100,100
bar_random_4,bar,random,4,405717,6654655,padded_control,7,encoder_block_7,0.9800093173980712,12,100,100
bar_random_4,bar,random,4,405717,6654655,padded_control,8,encoder_block_8,0.901829719543457,21,100,100
bar_random_4,bar,random,4,405717,6654655,padded_control,9,encoder_block_9,0.8466110229492188,39,100,100
bar_random_4,bar,random,4,405717,6654655,padded_control,10,encoder_block_10,0.831911563873291,37,100,100
bar_random_4,bar,random,4,405717,6654655,padded_control,11,encoder_block_11,2.658998489379883,11,100,100
bar_random_4,bar,random,4,405717,6654655,padded_control,12,encoder_block_12,3.664295196533203,19,100,100
bar_random_4,bar,random,4,405717,6654655,attack,0,embedding,0.5847659111022949,31,100,100
bar_random_4,bar,random,4,405717,6654655,attack,1,encoder_block_1,0.5163211822509766,24,100,100
bar_random_4,bar,random,4,405717,6654655,attack,2,encoder_block_2,0.6172494888305664,30,100,100
bar_random_4,bar,random,4,405717,6654655,attack,3,encoder_block_3,0.6739606857299805,23,100,100
bar_random_4,bar,random,4,405717,6654655,attack,4,encoder_block_4,0.8601608276367188,24,100,100
bar_random_4,bar,random,4,405717,6654655,attack,5,encoder_block_5,0.8838052749633789,15,100,100
bar_random_4,bar,random,4,405717,6654655,attack,6,encoder_block_6,0.9348039627075196,15,100,100
bar_random_4,bar,random,4,405717,6654655,attack,7,encoder_block_7,1.0057635307312012,10,100,100
bar_random_4,bar,random,4,405717,6654655,attack,8,encoder_block_8,0.9396677017211914,16,100,100
bar_random_4,bar,random,4,405717,6654655,attack,9,encoder_block_9,0.9120631217956544,34,100,100
bar_random_4,bar,random,4,405717,6654655,attack,10,encoder_block_10,0.7883892059326172,43,100,100
bar_random_4,bar,random,4,405717,6654655,attack,11,encoder_block_11,2.3182573318481445,21,100,100
bar_random_4,bar,random,4,405717,6654655,attack,12,encoder_block_12,2.9127655029296875,31,100,100
bar_random_4,bar,random,4,443396,8079046,original,0,embedding,0.6588740348815918,40,100,100
bar_random_4,bar,random,4,443396,8079046,original,1,encoder_block_1,0.7148251533508301,31,100,100
bar_random_4,bar,random,4,443396,8079046,original,2,encoder_block_2,0.988499402999878,25,100,100
bar_random_4,bar,random,4,443396,8079046,original,3,encoder_block_3,0.7311801910400391,33,100,100
bar_random_4,bar,random,4,443396,8079046,original,4,encoder_block_4,0.6251169443130493,41,100,100
bar_random_4,bar,random,4,443396,8079046,original,5,encoder_block_5,0.4184043407440185,51,100,100
bar_random_4,bar,random,4,443396,8079046,original,6,encoder_block_6,0.2967457771301269,53,100,100
bar_random_4,bar,random,4,443396,8079046,original,7,encoder_block_7,0.1829071044921875,61,100,100
bar_random_4,bar,random,4,443396,8079046,original,8,encoder_block_8,0.0144815444946289,69,100,100
bar_random_4,bar,random,4,443396,8079046,original,9,encoder_block_9,0.1297974586486816,70,100,100
bar_random_4,bar,random,4,443396,8079046,original,10,encoder_block_10,-0.9048601388931274,97,100,100
bar_random_4,bar,random,4,443396,8079046,original,11,encoder_block_11,-1.5065739154815674,76,100,100
bar_random_4,bar,random,4,443396,8079046,original,12,encoder_block_12,-8.705865859985352,63,100,100
bar_random_4,bar,random,4,443396,8079046,padded_control,0,embedding,0.6588735580444336,40,100,100
bar_random_4,bar,random,4,443396,8079046,padded_control,1,encoder_block_1,0.711514949798584,31,100,100
bar_random_4,bar,random,4,443396,8079046,padded_control,2,encoder_block_2,0.9806020259857178,26,100,100
bar_random_4,bar,random,4,443396,8079046,padded_control,3,encoder_block_3,0.7088661193847656,34,100,100
bar_random_4,bar,random,4,443396,8079046,padded_control,4,encoder_block_4,0.6033111810684204,42,100,100
bar_random_4,bar,random,4,443396,8079046,padded_control,5,encoder_block_5,0.405764102935791,51,100,100
bar_random_4,bar,random,4,443396,8079046,padded_control,6,encoder_block_6,0.2820742130279541,54,100,100
bar_random_4,bar,random,4,443396,8079046,padded_control,7,encoder_block_7,0.1614506244659423,62,100,100
bar_random_4,bar,random,4,443396,8079046,padded_control,8,encoder_block_8,-0.00221848487854,69,100,100
bar_random_4,bar,random,4,443396,8079046,padded_control,9,encoder_block_9,0.1152176856994628,70,100,100
bar_random_4,bar,random,4,443396,8079046,padded_control,10,encoder_block_10,-0.922433376312256,97,100,100
bar_random_4,bar,random,4,443396,8079046,padded_control,11,encoder_block_11,-1.451948881149292,75,100,100
bar_random_4,bar,random,4,443396,8079046,padded_control,12,encoder_block_12,-8.49921989440918,61,100,100
bar_random_4,bar,random,4,443396,8079046,attack,0,embedding,0.3773860931396484,55,100,100
bar_random_4,bar,random,4,443396,8079046,attack,1,encoder_block_1,0.5356104373931885,42,100,100
bar_random_4,bar,random,4,443396,8079046,attack,2,encoder_block_2,0.8405985832214355,33,100,100
bar_random_4,bar,random,4,443396,8079046,attack,3,encoder_block_3,0.5529639720916748,43,100,100
bar_random_4,bar,random,4,443396,8079046,attack,4,encoder_block_4,0.4426884651184082,51,100,100
bar_random_4,bar,random,4,443396,8079046,attack,5,encoder_block_5,0.2629132270812988,57,100,100
bar_random_4,bar,random,4,443396,8079046,attack,6,encoder_block_6,0.1946053504943847,58,100,100
bar_random_4,bar,random,4,443396,8079046,attack,7,encoder_block_7,0.0734096765518188,64,100,100
bar_random_4,bar,random,4,443396,8079046,attack,8,encoder_block_8,-0.1011252403259277,71,100,100
bar_random_4,bar,random,4,443396,8079046,attack,9,encoder_block_9,0.0482525825500488,71,100,100
bar_random_4,bar,random,4,443396,8079046,attack,10,encoder_block_10,-0.8127636909484863,94,100,100
bar_random_4,bar,random,4,443396,8079046,attack,11,encoder_block_11,-1.3613228797912598,74,100,100
bar_random_4,bar,random,4,443396,8079046,attack,12,encoder_block_12,-8.407020568847656,60,100,100
bar_random_4,bar,random,4,451602,2176450,original,0,embedding,0.4722132682800293,13,100,100
bar_random_4,bar,random,4,451602,2176450,original,1,encoder_block_1,0.4772052764892578,9,100,100
bar_random_4,bar,random,4,451602,2176450,original,2,encoder_block_2,0.5013558864593506,11,100,100
bar_random_4,bar,random,4,451602,2176450,original,3,encoder_block_3,0.3855893611907959,13,100,100
bar_random_4,bar,random,4,451602,2176450,original,4,encoder_block_4,0.345423936843872,23,100,100
bar_random_4,bar,random,4,451602,2176450,original,5,encoder_block_5,0.3924899101257324,16,100,100
bar_random_4,bar,random,4,451602,2176450,original,6,encoder_block_6,0.4647102355957031,14,100,100
bar_random_4,bar,random,4,451602,2176450,original,7,encoder_block_7,0.2012975215911865,29,100,100
bar_random_4,bar,random,4,451602,2176450,original,8,encoder_block_8,0.3021860122680664,33,100,100
bar_random_4,bar,random,4,451602,2176450,original,9,encoder_block_9,0.3362596035003662,44,100,100
bar_random_4,bar,random,4,451602,2176450,original,10,encoder_block_10,0.1903594732284546,48,100,100
bar_random_4,bar,random,4,451602,2176450,original,11,encoder_block_11,0.9156909584999084,28,100,100
bar_random_4,bar,random,4,451602,2176450,original,12,encoder_block_12,0.5305600166320801,20,100,100
bar_random_4,bar,random,4,451602,2176450,padded_control,0,embedding,0.4722146987915039,13,100,100
bar_random_4,bar,random,4,451602,2176450,padded_control,1,encoder_block_1,0.4761941432952881,9,100,100
bar_random_4,bar,random,4,451602,2176450,padded_control,2,encoder_block_2,0.5052003860473633,11,100,100
bar_random_4,bar,random,4,451602,2176450,padded_control,3,encoder_block_3,0.3929841518402099,12,100,100
bar_random_4,bar,random,4,451602,2176450,padded_control,4,encoder_block_4,0.3533766269683838,22,100,100
bar_random_4,bar,random,4,451602,2176450,padded_control,5,encoder_block_5,0.4042067527770996,16,100,100
bar_random_4,bar,random,4,451602,2176450,padded_control,6,encoder_block_6,0.4824221134185791,12,100,100
bar_random_4,bar,random,4,451602,2176450,padded_control,7,encoder_block_7,0.2203816175460815,29,100,100
bar_random_4,bar,random,4,451602,2176450,padded_control,8,encoder_block_8,0.3023600578308105,33,100,100
bar_random_4,bar,random,4,451602,2176450,padded_control,9,encoder_block_9,0.3283883333206177,44,100,100
bar_random_4,bar,random,4,451602,2176450,padded_control,10,encoder_block_10,0.1889271736145019,48,100,100
bar_random_4,bar,random,4,451602,2176450,padded_control,11,encoder_block_11,0.8923143148422241,29,100,100
bar_random_4,bar,random,4,451602,2176450,padded_control,12,encoder_block_12,0.3225574493408203,20,100,100
bar_random_4,bar,random,4,451602,2176450,attack,0,embedding,0.2519533634185791,25,100,100
bar_random_4,bar,random,4,451602,2176450,attack,1,encoder_block_1,0.2841558456420898,12,100,100
bar_random_4,bar,random,4,451602,2176450,attack,2,encoder_block_2,0.3797421455383301,15,100,100
bar_random_4,bar,random,4,451602,2176450,attack,3,encoder_block_3,0.242002248764038,19,100,100
bar_random_4,bar,random,4,451602,2176450,attack,4,encoder_block_4,0.231985330581665,29,100,100
bar_random_4,bar,random,4,451602,2176450,attack,5,encoder_block_5,0.2680724859237671,26,100,100
bar_random_4,bar,random,4,451602,2176450,attack,6,encoder_block_6,0.3619641065597534,19,100,100
bar_random_4,bar,random,4,451602,2176450,attack,7,encoder_block_7,0.0555940866470336,40,100,100
bar_random_4,bar,random,4,451602,2176450,attack,8,encoder_block_8,0.2032923698425293,41,100,100
bar_random_4,bar,random,4,451602,2176450,attack,9,encoder_block_9,0.2503674030303955,47,100,100
bar_random_4,bar,random,4,451602,2176450,attack,10,encoder_block_10,0.1324230432510376,52,100,100
bar_random_4,bar,random,4,451602,2176450,attack,11,encoder_block_11,0.952031135559082,28,100,100
bar_random_4,bar,random,4,451602,2176450,attack,12,encoder_block_12,0.7225135564804077,18,100,100
bar_random_4,bar,random,4,47923,1681334,original,0,embedding,0.4043662548065185,48,100,100
bar_random_4,bar,random,4,47923,1681334,original,1,encoder_block_1,0.0395421981811523,26,100,100
bar_random_4,bar,random,4,47923,1681334,original,2,encoder_block_2,-0.0696754455566406,38,100,100
bar_random_4,bar,random,4,47923,1681334,original,3,encoder_block_3,0.0279543399810791,19,100,100
bar_random_4,bar,random,4,47923,1681334,original,4,encoder_block_4,0.0471925735473632,24,100,100
bar_random_4,bar,random,4,47923,1681334,original,5,encoder_block_5,0.1422414779663086,24,100,100
bar_random_4,bar,random,4,47923,1681334,original,6,encoder_block_6,0.1042013168334961,19,100,100
bar_random_4,bar,random,4,47923,1681334,original,7,encoder_block_7,-0.0750753879547119,36,100,100
bar_random_4,bar,random,4,47923,1681334,original,8,encoder_block_8,-0.0072896480560302,36,100,100
bar_random_4,bar,random,4,47923,1681334,original,9,encoder_block_9,0.4003338813781738,16,100,100
bar_random_4,bar,random,4,47923,1681334,original,10,encoder_block_10,0.8675813674926758,6,100,100
bar_random_4,bar,random,4,47923,1681334,original,11,encoder_block_11,2.107748031616211,9,100,100
bar_random_4,bar,random,4,47923,1681334,original,12,encoder_block_12,4.144590377807617,12,100,100
bar_random_4,bar,random,4,47923,1681334,padded_control,0,embedding,0.4043660163879394,48,100,100
bar_random_4,bar,random,4,47923,1681334,padded_control,1,encoder_block_1,0.0389728546142578,26,100,100
bar_random_4,bar,random,4,47923,1681334,padded_control,2,encoder_block_2,-0.0679035186767578,38,100,100
bar_random_4,bar,random,4,47923,1681334,padded_control,3,encoder_block_3,0.0301036834716796,19,100,100
bar_random_4,bar,random,4,47923,1681334,padded_control,4,encoder_block_4,0.0484786033630371,24,100,100
bar_random_4,bar,random,4,47923,1681334,padded_control,5,encoder_block_5,0.1508121490478515,23,100,100
bar_random_4,bar,random,4,47923,1681334,padded_control,6,encoder_block_6,0.1061062812805175,19,100,100
bar_random_4,bar,random,4,47923,1681334,padded_control,7,encoder_block_7,-0.0721895694732666,36,100,100
bar_random_4,bar,random,4,47923,1681334,padded_control,8,encoder_block_8,-0.0118436813354492,36,100,100
bar_random_4,bar,random,4,47923,1681334,padded_control,9,encoder_block_9,0.3988888263702392,16,100,100
bar_random_4,bar,random,4,47923,1681334,padded_control,10,encoder_block_10,0.872460126876831,6,100,100
bar_random_4,bar,random,4,47923,1681334,padded_control,11,encoder_block_11,2.096237897872925,9,100,100
bar_random_4,bar,random,4,47923,1681334,padded_control,12,encoder_block_12,4.071887493133545,12,100,100
bar_random_4,bar,random,4,47923,1681334,attack,0,embedding,0.1959075927734375,76,100,100
bar_random_4,bar,random,4,47923,1681334,attack,1,encoder_block_1,-0.1226568222045898,50,100,100
bar_random_4,bar,random,4,47923,1681334,attack,2,encoder_block_2,-0.1909093856811523,50,100,100
bar_random_4,bar,random,4,47923,1681334,attack,3,encoder_block_3,-0.096064805984497,32,100,100
bar_random_4,bar,random,4,47923,1681334,attack,4,encoder_block_4,-0.0507073402404785,36,100,100
bar_random_4,bar,random,4,47923,1681334,attack,5,encoder_block_5,0.0623509883880615,37,100,100
bar_random_4,bar,random,4,47923,1681334,attack,6,encoder_block_6,0.0446627140045166,28,100,100
bar_random_4,bar,random,4,47923,1681334,attack,7,encoder_block_7,-0.1612915992736816,51,100,100
bar_random_4,bar,random,4,47923,1681334,attack,8,encoder_block_8,-0.0336637496948242,41,100,100
bar_random_4,bar,random,4,47923,1681334,attack,9,encoder_block_9,0.3825504779815674,22,100,100
bar_random_4,bar,random,4,47923,1681334,attack,10,encoder_block_10,0.8812155723571777,6,100,100
bar_random_4,bar,random,4,47923,1681334,attack,11,encoder_block_11,2.1089231967926025,9,100,100
bar_random_4,bar,random,4,47923,1681334,attack,12,encoder_block_12,4.11758279800415,12,100,100
bar_random_4,bar,random,4,489204,1051498,original,0,embedding,1.1050267219543457,7,100,100
bar_random_4,bar,random,4,489204,1051498,original,1,encoder_block_1,0.5670552253723145,10,100,100
bar_random_4,bar,random,4,489204,1051498,original,2,encoder_block_2,0.6947755813598633,7,100,100
bar_random_4,bar,random,4,489204,1051498,original,3,encoder_block_3,0.6954247951507568,7,100,100
bar_random_4,bar,random,4,489204,1051498,original,4,encoder_block_4,0.7063589096069336,13,100,100
bar_random_4,bar,random,4,489204,1051498,original,5,encoder_block_5,0.8089845180511475,12,100,100
bar_random_4,bar,random,4,489204,1051498,original,6,encoder_block_6,0.7066187858581543,15,100,100
bar_random_4,bar,random,4,489204,1051498,original,7,encoder_block_7,0.5458054542541504,25,100,100
bar_random_4,bar,random,4,489204,1051498,original,8,encoder_block_8,0.5038812160491943,19,100,100
bar_random_4,bar,random,4,489204,1051498,original,9,encoder_block_9,0.5962824821472168,17,100,100
bar_random_4,bar,random,4,489204,1051498,original,10,encoder_block_10,0.243504524230957,22,100,100
bar_random_4,bar,random,4,489204,1051498,original,11,encoder_block_11,0.8234102725982666,28,100,100
bar_random_4,bar,random,4,489204,1051498,original,12,encoder_block_12,1.1466436982154846,23,100,100
bar_random_4,bar,random,4,489204,1051498,padded_control,0,embedding,1.1050260066986084,7,100,100
bar_random_4,bar,random,4,489204,1051498,padded_control,1,encoder_block_1,0.5777754783630371,10,100,100
bar_random_4,bar,random,4,489204,1051498,padded_control,2,encoder_block_2,0.6876826286315918,7,100,100
bar_random_4,bar,random,4,489204,1051498,padded_control,3,encoder_block_3,0.6816558837890625,8,100,100
bar_random_4,bar,random,4,489204,1051498,padded_control,4,encoder_block_4,0.6976861953735352,14,100,100
bar_random_4,bar,random,4,489204,1051498,padded_control,5,encoder_block_5,0.8040227890014648,12,100,100
bar_random_4,bar,random,4,489204,1051498,padded_control,6,encoder_block_6,0.6956219673156738,15,100,100
bar_random_4,bar,random,4,489204,1051498,padded_control,7,encoder_block_7,0.5491385459899902,25,100,100
bar_random_4,bar,random,4,489204,1051498,padded_control,8,encoder_block_8,0.5128374099731445,19,100,100
bar_random_4,bar,random,4,489204,1051498,padded_control,9,encoder_block_9,0.6090846061706543,16,100,100
bar_random_4,bar,random,4,489204,1051498,padded_control,10,encoder_block_10,0.257037878036499,20,100,100
bar_random_4,bar,random,4,489204,1051498,padded_control,11,encoder_block_11,0.848604679107666,24,100,100
bar_random_4,bar,random,4,489204,1051498,padded_control,12,encoder_block_12,1.034379541873932,24,100,100
bar_random_4,bar,random,4,489204,1051498,attack,0,embedding,0.8665952682495117,14,100,100
bar_random_4,bar,random,4,489204,1051498,attack,1,encoder_block_1,0.4903428554534912,13,100,100
bar_random_4,bar,random,4,489204,1051498,attack,2,encoder_block_2,0.5430014133453369,18,100,100
bar_random_4,bar,random,4,489204,1051498,attack,3,encoder_block_3,0.5001397132873535,22,100,100
bar_random_4,bar,random,4,489204,1051498,attack,4,encoder_block_4,0.5268218517303467,30,100,100
bar_random_4,bar,random,4,489204,1051498,attack,5,encoder_block_5,0.5661947727203369,39,100,100
bar_random_4,bar,random,4,489204,1051498,attack,6,encoder_block_6,0.4701681137084961,43,100,100
bar_random_4,bar,random,4,489204,1051498,attack,7,encoder_block_7,0.3596136569976806,46,100,100
bar_random_4,bar,random,4,489204,1051498,attack,8,encoder_block_8,0.4505317211151123,26,100,100
bar_random_4,bar,random,4,489204,1051498,attack,9,encoder_block_9,0.4822785854339599,33,100,100
bar_random_4,bar,random,4,489204,1051498,attack,10,encoder_block_10,0.0859894752502441,42,100,100
bar_random_4,bar,random,4,489204,1051498,attack,11,encoder_block_11,0.5948092937469482,39,100,100
bar_random_4,bar,random,4,489204,1051498,attack,12,encoder_block_12,0.2531595230102539,31,100,100
bar_random_4,bar,random,4,490595,7839904,original,0,embedding,0.743114709854126,49,100,100
bar_random_4,bar,random,4,490595,7839904,original,1,encoder_block_1,0.2408144474029541,90,100,100
bar_random_4,bar,random,4,490595,7839904,original,2,encoder_block_2,0.2686305046081543,93,100,100
bar_random_4,bar,random,4,490595,7839904,original,3,encoder_block_3,0.2997734546661377,87,100,100
bar_random_4,bar,random,4,490595,7839904,original,4,encoder_block_4,0.6087636947631836,71,100,100
bar_random_4,bar,random,4,490595,7839904,original,5,encoder_block_5,0.8757696151733398,57,100,100
bar_random_4,bar,random,4,490595,7839904,original,6,encoder_block_6,0.8896998167037964,57,100,100
bar_random_4,bar,random,4,490595,7839904,original,7,encoder_block_7,1.0411710739135742,53,100,100
bar_random_4,bar,random,4,490595,7839904,original,8,encoder_block_8,1.0582380294799805,52,100,100
bar_random_4,bar,random,4,490595,7839904,original,9,encoder_block_9,1.0870909690856934,54,100,100
bar_random_4,bar,random,4,490595,7839904,original,10,encoder_block_10,0.5982840061187744,83,100,100
bar_random_4,bar,random,4,490595,7839904,original,11,encoder_block_11,0.3663021922111511,72,100,100
bar_random_4,bar,random,4,490595,7839904,original,12,encoder_block_12,-6.449821472167969,74,100,100
bar_random_4,bar,random,4,490595,7839904,padded_control,0,embedding,0.7431142330169678,49,100,100
bar_random_4,bar,random,4,490595,7839904,padded_control,1,encoder_block_1,0.2435226440429687,90,100,100
bar_random_4,bar,random,4,490595,7839904,padded_control,2,encoder_block_2,0.2779405117034912,91,100,100
bar_random_4,bar,random,4,490595,7839904,padded_control,3,encoder_block_3,0.301307201385498,87,100,100
bar_random_4,bar,random,4,490595,7839904,padded_control,4,encoder_block_4,0.6083838939666748,71,100,100
bar_random_4,bar,random,4,490595,7839904,padded_control,5,encoder_block_5,0.8767952919006348,57,100,100
bar_random_4,bar,random,4,490595,7839904,padded_control,6,encoder_block_6,0.8899226188659668,57,100,100
bar_random_4,bar,random,4,490595,7839904,padded_control,7,encoder_block_7,1.0434420108795166,53,100,100
bar_random_4,bar,random,4,490595,7839904,padded_control,8,encoder_block_8,1.054245114326477,52,100,100
bar_random_4,bar,random,4,490595,7839904,padded_control,9,encoder_block_9,1.0803594589233398,54,100,100
bar_random_4,bar,random,4,490595,7839904,padded_control,10,encoder_block_10,0.5935242176055908,83,100,100
bar_random_4,bar,random,4,490595,7839904,padded_control,11,encoder_block_11,0.3156397938728332,76,100,100
bar_random_4,bar,random,4,490595,7839904,padded_control,12,encoder_block_12,-6.923389434814453,75,100,100
bar_random_4,bar,random,4,490595,7839904,attack,0,embedding,0.6100547313690186,64,100,100
bar_random_4,bar,random,4,490595,7839904,attack,1,encoder_block_1,0.116694688796997,96,100,100
bar_random_4,bar,random,4,490595,7839904,attack,2,encoder_block_2,0.2002913951873779,95,100,100
bar_random_4,bar,random,4,490595,7839904,attack,3,encoder_block_3,0.1994321346282959,94,100,100
bar_random_4,bar,random,4,490595,7839904,attack,4,encoder_block_4,0.5181117057800293,79,100,100
bar_random_4,bar,random,4,490595,7839904,attack,5,encoder_block_5,0.8170775175094604,62,100,100
bar_random_4,bar,random,4,490595,7839904,attack,6,encoder_block_6,0.8219515085220337,60,100,100
bar_random_4,bar,random,4,490595,7839904,attack,7,encoder_block_7,1.0187476873397827,53,100,100
bar_random_4,bar,random,4,490595,7839904,attack,8,encoder_block_8,1.0625615119934082,52,100,100
bar_random_4,bar,random,4,490595,7839904,attack,9,encoder_block_9,1.092890381813049,54,100,100
bar_random_4,bar,random,4,490595,7839904,attack,10,encoder_block_10,0.6136126518249512,82,100,100
bar_random_4,bar,random,4,490595,7839904,attack,11,encoder_block_11,0.0326612591743469,85,100,100
bar_random_4,bar,random,4,490595,7839904,attack,12,encoder_block_12,-7.901592254638672,81,100,100
bar_random_4,bar,random,4,527433,6186391,original,0,embedding,-0.5706920623779297,99,100,100
bar_random_4,bar,random,4,527433,6186391,original,1,encoder_block_1,-0.8049893379211426,91,100,100
bar_random_4,bar,random,4,527433,6186391,original,2,encoder_block_2,-0.6781020164489746,88,100,100
bar_random_4,bar,random,4,527433,6186391,original,3,encoder_block_3,-0.2104153633117675,58,100,100
bar_random_4,bar,random,4,527433,6186391,original,4,encoder_block_4,0.0249910354614257,36,100,100
bar_random_4,bar,random,4,527433,6186391,original,5,encoder_block_5,0.0053474903106689,19,100,100
bar_random_4,bar,random,4,527433,6186391,original,6,encoder_block_6,-0.0756361484527587,19,100,100
bar_random_4,bar,random,4,527433,6186391,original,7,encoder_block_7,-0.0155584812164306,19,100,100
bar_random_4,bar,random,4,527433,6186391,original,8,encoder_block_8,-0.1562321186065673,22,100,100
bar_random_4,bar,random,4,527433,6186391,original,9,encoder_block_9,0.1609573364257812,14,100,100
bar_random_4,bar,random,4,527433,6186391,original,10,encoder_block_10,0.2740828990936279,8,100,100
bar_random_4,bar,random,4,527433,6186391,original,11,encoder_block_11,1.410413384437561,5,100,100
bar_random_4,bar,random,4,527433,6186391,original,12,encoder_block_12,2.474163770675659,5,100,100
bar_random_4,bar,random,4,527433,6186391,padded_control,0,embedding,-0.5706934928894043,99,100,100
bar_random_4,bar,random,4,527433,6186391,padded_control,1,encoder_block_1,-0.8069305419921875,91,100,100
bar_random_4,bar,random,4,527433,6186391,padded_control,2,encoder_block_2,-0.6749587059020996,88,100,100
bar_random_4,bar,random,4,527433,6186391,padded_control,3,encoder_block_3,-0.2084534168243408,57,100,100
bar_random_4,bar,random,4,527433,6186391,padded_control,4,encoder_block_4,0.0292460918426513,36,100,100
bar_random_4,bar,random,4,527433,6186391,padded_control,5,encoder_block_5,0.0068128108978271,19,100,100
bar_random_4,bar,random,4,527433,6186391,padded_control,6,encoder_block_6,-0.0760538578033447,19,100,100
bar_random_4,bar,random,4,527433,6186391,padded_control,7,encoder_block_7,-0.0190625190734863,19,100,100
bar_random_4,bar,random,4,527433,6186391,padded_control,8,encoder_block_8,-0.1669471263885498,25,100,100
bar_random_4,bar,random,4,527433,6186391,padded_control,9,encoder_block_9,0.1582558155059814,14,100,100
bar_random_4,bar,random,4,527433,6186391,padded_control,10,encoder_block_10,0.2695107460021972,9,100,100
bar_random_4,bar,random,4,527433,6186391,padded_control,11,encoder_block_11,1.411609172821045,5,100,100
bar_random_4,bar,random,4,527433,6186391,padded_control,12,encoder_block_12,2.472286581993103,5,100,100
bar_random_4,bar,random,4,527433,6186391,attack,0,embedding,-0.6329746246337891,99,100,100
bar_random_4,bar,random,4,527433,6186391,attack,1,encoder_block_1,-0.8492450714111328,94,100,100
bar_random_4,bar,random,4,527433,6186391,attack,2,encoder_block_2,-0.710965633392334,88,100,100
bar_random_4,bar,random,4,527433,6186391,attack,3,encoder_block_3,-0.2765870094299316,66,100,100
bar_random_4,bar,random,4,527433,6186391,attack,4,encoder_block_4,-0.0302128791809082,40,100,100
bar_random_4,bar,random,4,527433,6186391,attack,5,encoder_block_5,-0.0541768074035644,22,100,100
bar_random_4,bar,random,4,527433,6186391,attack,6,encoder_block_6,-0.1365880966186523,23,100,100
bar_random_4,bar,random,4,527433,6186391,attack,7,encoder_block_7,-0.114948034286499,25,100,100
bar_random_4,bar,random,4,527433,6186391,attack,8,encoder_block_8,-0.2507319450378418,35,100,100
bar_random_4,bar,random,4,527433,6186391,attack,9,encoder_block_9,0.1381187438964843,16,100,100
bar_random_4,bar,random,4,527433,6186391,attack,10,encoder_block_10,0.2469730377197265,9,100,100
bar_random_4,bar,random,4,527433,6186391,attack,11,encoder_block_11,1.2675597667694092,6,100,100
bar_random_4,bar,random,4,527433,6186391,attack,12,encoder_block_12,1.701372504234314,9,100,100
bar_random_4,bar,random,4,573724,3365633,original,0,embedding,0.5385451316833496,36,100,100
bar_random_4,bar,random,4,573724,3365633,original,1,encoder_block_1,0.4097919464111328,55,100,100
bar_random_4,bar,random,4,573724,3365633,original,2,encoder_block_2,0.6967830657958984,55,100,100
bar_random_4,bar,random,4,573724,3365633,original,3,encoder_block_3,0.7205619812011719,57,100,100
bar_random_4,bar,random,4,573724,3365633,original,4,encoder_block_4,0.6689319610595703,57,100,100
bar_random_4,bar,random,4,573724,3365633,original,5,encoder_block_5,0.6640961170196533,43,100,100
bar_random_4,bar,random,4,573724,3365633,original,6,encoder_block_6,0.636467456817627,44,100,100
bar_random_4,bar,random,4,573724,3365633,original,7,encoder_block_7,0.8578405380249023,23,100,100
bar_random_4,bar,random,4,573724,3365633,original,8,encoder_block_8,1.016554832458496,17,100,100
bar_random_4,bar,random,4,573724,3365633,original,9,encoder_block_9,1.0867230892181396,18,100,100
bar_random_4,bar,random,4,573724,3365633,original,10,encoder_block_10,1.3101067543029783,18,100,100
bar_random_4,bar,random,4,573724,3365633,original,11,encoder_block_11,2.012021541595459,31,100,100
bar_random_4,bar,random,4,573724,3365633,original,12,encoder_block_12,3.365236520767212,32,100,100
bar_random_4,bar,random,4,573724,3365633,padded_control,0,embedding,0.5385446548461914,36,100,100
bar_random_4,bar,random,4,573724,3365633,padded_control,1,encoder_block_1,0.4109454154968261,55,100,100
bar_random_4,bar,random,4,573724,3365633,padded_control,2,encoder_block_2,0.6964259147644043,55,100,100
bar_random_4,bar,random,4,573724,3365633,padded_control,3,encoder_block_3,0.7229266166687012,57,100,100
bar_random_4,bar,random,4,573724,3365633,padded_control,4,encoder_block_4,0.6732964515686035,56,100,100
bar_random_4,bar,random,4,573724,3365633,padded_control,5,encoder_block_5,0.6642665863037109,43,100,100
bar_random_4,bar,random,4,573724,3365633,padded_control,6,encoder_block_6,0.6345629692077637,45,100,100
bar_random_4,bar,random,4,573724,3365633,padded_control,7,encoder_block_7,0.8535561561584473,23,100,100
bar_random_4,bar,random,4,573724,3365633,padded_control,8,encoder_block_8,1.020810604095459,16,100,100
bar_random_4,bar,random,4,573724,3365633,padded_control,9,encoder_block_9,1.0892598628997805,18,100,100
bar_random_4,bar,random,4,573724,3365633,padded_control,10,encoder_block_10,1.3262534141540527,17,100,100
bar_random_4,bar,random,4,573724,3365633,padded_control,11,encoder_block_11,2.0290679931640625,30,100,100
bar_random_4,bar,random,4,573724,3365633,padded_control,12,encoder_block_12,3.3694305419921875,32,100,100
bar_random_4,bar,random,4,573724,3365633,attack,0,embedding,0.3086137771606445,58,100,100
bar_random_4,bar,random,4,573724,3365633,attack,1,encoder_block_1,0.2207732200622558,67,100,100
bar_random_4,bar,random,4,573724,3365633,attack,2,encoder_block_2,0.588231086730957,62,100,100
bar_random_4,bar,random,4,573724,3365633,attack,3,encoder_block_3,0.6016883850097656,70,100,100
bar_random_4,bar,random,4,573724,3365633,attack,4,encoder_block_4,0.605914831161499,62,100,100
bar_random_4,bar,random,4,573724,3365633,attack,5,encoder_block_5,0.5992085933685303,56,100,100
bar_random_4,bar,random,4,573724,3365633,attack,6,encoder_block_6,0.6401553153991699,43,100,100
bar_random_4,bar,random,4,573724,3365633,attack,7,encoder_block_7,0.8481614589691162,23,100,100
bar_random_4,bar,random,4,573724,3365633,attack,8,encoder_block_8,1.0400876998901367,15,100,100
bar_random_4,bar,random,4,573724,3365633,attack,9,encoder_block_9,1.123915195465088,17,100,100
bar_random_4,bar,random,4,573724,3365633,attack,10,encoder_block_10,1.3501033782958984,14,100,100
bar_random_4,bar,random,4,573724,3365633,attack,11,encoder_block_11,2.089987277984619,28,100,100
bar_random_4,bar,random,4,573724,3365633,attack,12,encoder_block_12,3.3437132835388184,32,100,100
bar_random_4,bar,random,4,833860,6230226,original,0,embedding,0.1813712120056152,47,100,100
bar_random_4,bar,random,4,833860,6230226,original,1,encoder_block_1,0.003852367401123,68,100,100
bar_random_4,bar,random,4,833860,6230226,original,2,encoder_block_2,0.2235174179077148,68,100,100
bar_random_4,bar,random,4,833860,6230226,original,3,encoder_block_3,0.5636570453643799,29,100,100
bar_random_4,bar,random,4,833860,6230226,original,4,encoder_block_4,0.662346363067627,20,100,100
bar_random_4,bar,random,4,833860,6230226,original,5,encoder_block_5,0.7447495460510254,9,100,100
bar_random_4,bar,random,4,833860,6230226,original,6,encoder_block_6,0.733391284942627,9,100,100
bar_random_4,bar,random,4,833860,6230226,original,7,encoder_block_7,0.8366022109985352,7,100,100
bar_random_4,bar,random,4,833860,6230226,original,8,encoder_block_8,0.889418363571167,7,100,100
bar_random_4,bar,random,4,833860,6230226,original,9,encoder_block_9,1.210526466369629,2,100,100
bar_random_4,bar,random,4,833860,6230226,original,10,encoder_block_10,1.6339516639709473,1,100,100
bar_random_4,bar,random,4,833860,6230226,original,11,encoder_block_11,3.701798439025879,1,100,100
bar_random_4,bar,random,4,833860,6230226,original,12,encoder_block_12,6.444667816162109,1,100,100
bar_random_4,bar,random,4,833860,6230226,padded_control,0,embedding,0.181370735168457,47,100,100
bar_random_4,bar,random,4,833860,6230226,padded_control,1,encoder_block_1,0.0093040466308593,68,100,100
bar_random_4,bar,random,4,833860,6230226,padded_control,2,encoder_block_2,0.2215213775634765,68,100,100
bar_random_4,bar,random,4,833860,6230226,padded_control,3,encoder_block_3,0.5625214576721191,29,100,100
bar_random_4,bar,random,4,833860,6230226,padded_control,4,encoder_block_4,0.6624913215637207,20,100,100
bar_random_4,bar,random,4,833860,6230226,padded_control,5,encoder_block_5,0.741445779800415,10,100,100
bar_random_4,bar,random,4,833860,6230226,padded_control,6,encoder_block_6,0.7351276874542236,9,100,100
bar_random_4,bar,random,4,833860,6230226,padded_control,7,encoder_block_7,0.8426997661590576,7,100,100
bar_random_4,bar,random,4,833860,6230226,padded_control,8,encoder_block_8,0.897587776184082,7,100,100
bar_random_4,bar,random,4,833860,6230226,padded_control,9,encoder_block_9,1.2153589725494385,2,100,100
bar_random_4,bar,random,4,833860,6230226,padded_control,10,encoder_block_10,1.621899127960205,1,100,100
bar_random_4,bar,random,4,833860,6230226,padded_control,11,encoder_block_11,3.697319030761719,1,100,100
bar_random_4,bar,random,4,833860,6230226,padded_control,12,encoder_block_12,6.463464736938477,1,100,100
bar_random_4,bar,random,4,833860,6230226,attack,0,embedding,0.0559930801391601,60,100,100
bar_random_4,bar,random,4,833860,6230226,attack,1,encoder_block_1,-0.0542678833007812,71,100,100
bar_random_4,bar,random,4,833860,6230226,attack,2,encoder_block_2,0.2000894546508789,68,100,100
bar_random_4,bar,random,4,833860,6230226,attack,3,encoder_block_3,0.5417017936706543,30,100,100
bar_random_4,bar,random,4,833860,6230226,attack,4,encoder_block_4,0.6441314220428467,20,100,100
bar_random_4,bar,random,4,833860,6230226,attack,5,encoder_block_5,0.7291445732116699,10,100,100
bar_random_4,bar,random,4,833860,6230226,attack,6,encoder_block_6,0.745448112487793,8,100,100
bar_random_4,bar,random,4,833860,6230226,attack,7,encoder_block_7,0.8307476043701172,7,100,100
bar_random_4,bar,random,4,833860,6230226,attack,8,encoder_block_8,0.8988549709320068,7,100,100
bar_random_4,bar,random,4,833860,6230226,attack,9,encoder_block_9,1.2297418117523191,2,100,100
bar_random_4,bar,random,4,833860,6230226,attack,10,encoder_block_10,1.601609230041504,1,100,100
bar_random_4,bar,random,4,833860,6230226,attack,11,encoder_block_11,3.7016830444335938,1,100,100
bar_random_4,bar,random,4,833860,6230226,attack,12,encoder_block_12,6.493228912353516,1,100,100
bar_random_4,bar,random,4,855410,8651772,original,0,embedding,0.5264654159545898,3,100,5
bar_random_4,bar,random,4,855410,8651772,original,1,encoder_block_1,0.4964876174926758,3,100,5
bar_random_4,bar,random,4,855410,8651772,original,2,encoder_block_2,0.4185943603515625,3,100,5
bar_random_4,bar,random,4,855410,8651772,original,3,encoder_block_3,0.4122314453125,3,100,5
bar_random_4,bar,random,4,855410,8651772,original,4,encoder_block_4,0.3530209064483642,2,100,5
bar_random_4,bar,random,4,855410,8651772,original,5,encoder_block_5,0.1483740806579589,2,100,5
bar_random_4,bar,random,4,855410,8651772,original,6,encoder_block_6,0.0892930030822753,2,100,5
bar_random_4,bar,random,4,855410,8651772,original,7,encoder_block_7,-0.0656623840332031,3,100,5
bar_random_4,bar,random,4,855410,8651772,original,8,encoder_block_8,0.1337442398071289,4,100,5
bar_random_4,bar,random,4,855410,8651772,original,9,encoder_block_9,0.2155776023864746,5,100,5
bar_random_4,bar,random,4,855410,8651772,original,10,encoder_block_10,0.0266947746276855,4,100,5
bar_random_4,bar,random,4,855410,8651772,original,11,encoder_block_11,0.5747649669647217,4,100,5
bar_random_4,bar,random,4,855410,8651772,original,12,encoder_block_12,0.2199397087097168,4,100,5
bar_random_4,bar,random,4,855410,8651772,padded_control,0,embedding,0.5264663696289062,3,100,5
bar_random_4,bar,random,4,855410,8651772,padded_control,1,encoder_block_1,0.503995418548584,3,100,5
bar_random_4,bar,random,4,855410,8651772,padded_control,2,encoder_block_2,0.4236698150634765,3,100,5
bar_random_4,bar,random,4,855410,8651772,padded_control,3,encoder_block_3,0.409860610961914,3,100,5
bar_random_4,bar,random,4,855410,8651772,padded_control,4,encoder_block_4,0.3394010066986084,2,100,5
bar_random_4,bar,random,4,855410,8651772,padded_control,5,encoder_block_5,0.1305274963378906,2,100,5
bar_random_4,bar,random,4,855410,8651772,padded_control,6,encoder_block_6,0.0729579925537109,2,100,5
bar_random_4,bar,random,4,855410,8651772,padded_control,7,encoder_block_7,-0.0754506587982177,3,100,5
bar_random_4,bar,random,4,855410,8651772,padded_control,8,encoder_block_8,0.1296267509460449,4,100,5
bar_random_4,bar,random,4,855410,8651772,padded_control,9,encoder_block_9,0.2208173274993896,5,100,5
bar_random_4,bar,random,4,855410,8651772,padded_control,10,encoder_block_10,0.0604000091552734,4,100,5
bar_random_4,bar,random,4,855410,8651772,padded_control,11,encoder_block_11,0.6068668365478516,4,100,5
bar_random_4,bar,random,4,855410,8651772,padded_control,12,encoder_block_12,0.2582894563674927,4,100,5
bar_random_4,bar,random,4,855410,8651772,attack,0,embedding,0.1051573753356933,4,100,5
bar_random_4,bar,random,4,855410,8651772,attack,1,encoder_block_1,0.2858057022094726,3,100,5
bar_random_4,bar,random,4,855410,8651772,attack,2,encoder_block_2,0.3325233459472656,3,100,5
bar_random_4,bar,random,4,855410,8651772,attack,3,encoder_block_3,0.3378458023071289,3,100,5
bar_random_4,bar,random,4,855410,8651772,attack,4,encoder_block_4,0.2594268321990967,2,100,5
bar_random_4,bar,random,4,855410,8651772,attack,5,encoder_block_5,0.0600488185882568,2,100,5
bar_random_4,bar,random,4,855410,8651772,attack,6,encoder_block_6,0.0437648296356201,2,100,5
bar_random_4,bar,random,4,855410,8651772,attack,7,encoder_block_7,-0.0409431457519531,3,100,5
bar_random_4,bar,random,4,855410,8651772,attack,8,encoder_block_8,0.2011535167694091,3,100,5
bar_random_4,bar,random,4,855410,8651772,attack,9,encoder_block_9,0.2898726463317871,4,100,5
bar_random_4,bar,random,4,855410,8651772,attack,10,encoder_block_10,0.1188228130340576,4,100,5
bar_random_4,bar,random,4,855410,8651772,attack,11,encoder_block_11,0.6031004190444946,4,100,5
bar_random_4,bar,random,4,855410,8651772,attack,12,encoder_block_12,-0.0774707198143005,4,100,5
bar_random_4,bar,random,4,87181,2986227,original,0,embedding,0.427579402923584,59,100,100
bar_random_4,bar,random,4,87181,2986227,original,1,encoder_block_1,0.066629409790039,63,100,100
bar_random_4,bar,random,4,87181,2986227,original,2,encoder_block_2,0.1126074790954589,40,100,100
bar_random_4,bar,random,4,87181,2986227,original,3,encoder_block_3,0.0347876548767089,47,100,100
bar_random_4,bar,random,4,87181,2986227,original,4,encoder_block_4,-0.2236852645874023,59,100,100
bar_random_4,bar,random,4,87181,2986227,original,5,encoder_block_5,-0.2539844512939453,52,100,100
bar_random_4,bar,random,4,87181,2986227,original,6,encoder_block_6,-0.298931360244751,55,100,100
bar_random_4,bar,random,4,87181,2986227,original,7,encoder_block_7,-0.1024222373962402,31,100,100
bar_random_4,bar,random,4,87181,2986227,original,8,encoder_block_8,-0.0140490531921386,21,100,100
bar_random_4,bar,random,4,87181,2986227,original,9,encoder_block_9,0.435795783996582,8,100,100
bar_random_4,bar,random,4,87181,2986227,original,10,encoder_block_10,0.8540353775024414,1,100,100
bar_random_4,bar,random,4,87181,2986227,original,11,encoder_block_11,2.348917961120605,1,100,100
bar_random_4,bar,random,4,87181,2986227,original,12,encoder_block_12,3.095364809036255,12,100,100
bar_random_4,bar,random,4,87181,2986227,padded_control,0,embedding,0.427579402923584,59,100,100
bar_random_4,bar,random,4,87181,2986227,padded_control,1,encoder_block_1,0.053725242614746,64,100,100
bar_random_4,bar,random,4,87181,2986227,padded_control,2,encoder_block_2,0.0971488952636718,40,100,100
bar_random_4,bar,random,4,87181,2986227,padded_control,3,encoder_block_3,0.027132511138916,47,100,100
bar_random_4,bar,random,4,87181,2986227,padded_control,4,encoder_block_4,-0.236001968383789,60,100,100
bar_random_4,bar,random,4,87181,2986227,padded_control,5,encoder_block_5,-0.261721134185791,54,100,100
bar_random_4,bar,random,4,87181,2986227,padded_control,6,encoder_block_6,-0.3122766017913818,55,100,100
bar_random_4,bar,random,4,87181,2986227,padded_control,7,encoder_block_7,-0.1151323318481445,32,100,100
bar_random_4,bar,random,4,87181,2986227,padded_control,8,encoder_block_8,-0.0286140441894531,22,100,100
bar_random_4,bar,random,4,87181,2986227,padded_control,9,encoder_block_9,0.434208869934082,8,100,100
bar_random_4,bar,random,4,87181,2986227,padded_control,10,encoder_block_10,0.8510732650756836,1,100,100
bar_random_4,bar,random,4,87181,2986227,padded_control,11,encoder_block_11,2.3531956672668457,1,100,100
bar_random_4,bar,random,4,87181,2986227,padded_control,12,encoder_block_12,3.0891571044921875,12,100,100
bar_random_4,bar,random,4,87181,2986227,attack,0,embedding,0.2642526626586914,75,100,100
bar_random_4,bar,random,4,87181,2986227,attack,1,encoder_block_1,-0.0481772422790527,75,100,100
bar_random_4,bar,random,4,87181,2986227,attack,2,encoder_block_2,-0.0042774677276611,50,100,100
bar_random_4,bar,random,4,87181,2986227,attack,3,encoder_block_3,-0.1320104598999023,71,100,100
bar_random_4,bar,random,4,87181,2986227,attack,4,encoder_block_4,-0.4108338356018066,80,100,100
bar_random_4,bar,random,4,87181,2986227,attack,5,encoder_block_5,-0.405951976776123,70,100,100
bar_random_4,bar,random,4,87181,2986227,attack,6,encoder_block_6,-0.4548466205596924,73,100,100
bar_random_4,bar,random,4,87181,2986227,attack,7,encoder_block_7,-0.28835129737854,56,100,100
bar_random_4,bar,random,4,87181,2986227,attack,8,encoder_block_8,-0.1557893753051757,33,100,100
bar_random_4,bar,random,4,87181,2986227,attack,9,encoder_block_9,0.3231678009033203,12,100,100
bar_random_4,bar,random,4,87181,2986227,attack,10,encoder_block_10,0.7613472938537598,1,100,100
bar_random_4,bar,random,4,87181,2986227,attack,11,encoder_block_11,2.2769784927368164,1,100,100
bar_random_4,bar,random,4,87181,2986227,attack,12,encoder_block_12,2.9275591373443604,13,100,100
bar_random_4,bar,random,4,87452,186939,original,0,embedding,-0.131176471710205,89,100,100
bar_random_4,bar,random,4,87452,186939,original,1,encoder_block_1,0.0700085163116455,69,100,100
bar_random_4,bar,random,4,87452,186939,original,2,encoder_block_2,0.5808210372924805,60,100,100
bar_random_4,bar,random,4,87452,186939,original,3,encoder_block_3,0.5310637950897217,58,100,100
bar_random_4,bar,random,4,87452,186939,original,4,encoder_block_4,0.5410923957824707,65,100,100
bar_random_4,bar,random,4,87452,186939,original,5,encoder_block_5,0.4766809940338135,82,100,100
bar_random_4,bar,random,4,87452,186939,original,6,encoder_block_6,0.4033131599426269,62,100,100
bar_random_4,bar,random,4,87452,186939,original,7,encoder_block_7,0.4157111644744873,62,100,100
bar_random_4,bar,random,4,87452,186939,original,8,encoder_block_8,0.5054173469543457,55,100,100
bar_random_4,bar,random,4,87452,186939,original,9,encoder_block_9,0.892852783203125,40,100,100
bar_random_4,bar,random,4,87452,186939,original,10,encoder_block_10,0.9098341464996338,10,100,100
bar_random_4,bar,random,4,87452,186939,original,11,encoder_block_11,2.610426425933838,3,100,100
bar_random_4,bar,random,4,87452,186939,original,12,encoder_block_12,4.912345886230469,2,100,100
bar_random_4,bar,random,4,87452,186939,padded_control,0,embedding,-0.1311757564544677,89,100,100
bar_random_4,bar,random,4,87452,186939,padded_control,1,encoder_block_1,0.066657543182373,71,100,100
bar_random_4,bar,random,4,87452,186939,padded_control,2,encoder_block_2,0.5908656120300293,60,100,100
bar_random_4,bar,random,4,87452,186939,padded_control,3,encoder_block_3,0.5315227508544922,58,100,100
bar_random_4,bar,random,4,87452,186939,padded_control,4,encoder_block_4,0.5351042747497559,67,100,100
bar_random_4,bar,random,4,87452,186939,padded_control,5,encoder_block_5,0.474675178527832,83,100,100
bar_random_4,bar,random,4,87452,186939,padded_control,6,encoder_block_6,0.4027750492095947,62,100,100
bar_random_4,bar,random,4,87452,186939,padded_control,7,encoder_block_7,0.414912462234497,62,100,100
bar_random_4,bar,random,4,87452,186939,padded_control,8,encoder_block_8,0.4948322772979736,58,100,100
bar_random_4,bar,random,4,87452,186939,padded_control,9,encoder_block_9,0.8944430351257324,40,100,100
bar_random_4,bar,random,4,87452,186939,padded_control,10,encoder_block_10,0.9025614261627196,10,100,100
bar_random_4,bar,random,4,87452,186939,padded_control,11,encoder_block_11,2.611402034759521,3,100,100
bar_random_4,bar,random,4,87452,186939,padded_control,12,encoder_block_12,4.878290176391602,2,100,100
bar_random_4,bar,random,4,87452,186939,attack,0,embedding,-0.269338846206665,98,100,100
bar_random_4,bar,random,4,87452,186939,attack,1,encoder_block_1,-0.1420207023620605,87,100,100
bar_random_4,bar,random,4,87452,186939,attack,2,encoder_block_2,0.4720826148986816,67,100,100
bar_random_4,bar,random,4,87452,186939,attack,3,encoder_block_3,0.3482630252838135,79,100,100
bar_random_4,bar,random,4,87452,186939,attack,4,encoder_block_4,0.4116191864013672,84,100,100
bar_random_4,bar,random,4,87452,186939,attack,5,encoder_block_5,0.3593146800994873,90,100,100
bar_random_4,bar,random,4,87452,186939,attack,6,encoder_block_6,0.3349349498748779,70,100,100
bar_random_4,bar,random,4,87452,186939,attack,7,encoder_block_7,0.3465850353240967,70,100,100
bar_random_4,bar,random,4,87452,186939,attack,8,encoder_block_8,0.5249137878417969,53,100,100
bar_random_4,bar,random,4,87452,186939,attack,9,encoder_block_9,0.907030701637268,39,100,100
bar_random_4,bar,random,4,87452,186939,attack,10,encoder_block_10,0.8833451271057129,10,100,100
bar_random_4,bar,random,4,87452,186939,attack,11,encoder_block_11,2.548717975616455,3,100,100
bar_random_4,bar,random,4,87452,186939,attack,12,encoder_block_12,4.717111587524414,2,100,100
bar_random_4,bar,random,4,915593,4566816,original,0,embedding,-0.1649837493896484,95,100,100
bar_random_4,bar,random,4,915593,4566816,original,1,encoder_block_1,-0.13824462890625,95,100,100
bar_random_4,bar,random,4,915593,4566816,original,2,encoder_block_2,0.2396275997161865,87,100,100
bar_random_4,bar,random,4,915593,4566816,original,3,encoder_block_3,0.2713072299957275,85,100,100
bar_random_4,bar,random,4,915593,4566816,original,4,encoder_block_4,0.366396427154541,71,100,100
bar_random_4,bar,random,4,915593,4566816,original,5,encoder_block_5,0.4460828304290771,52,100,100
bar_random_4,bar,random,4,915593,4566816,original,6,encoder_block_6,0.3744106292724609,58,100,100
bar_random_4,bar,random,4,915593,4566816,original,7,encoder_block_7,0.4818277359008789,41,100,100
bar_random_4,bar,random,4,915593,4566816,original,8,encoder_block_8,0.6857666969299316,29,100,100
bar_random_4,bar,random,4,915593,4566816,original,9,encoder_block_9,1.0470024347305298,9,100,100
bar_random_4,bar,random,4,915593,4566816,original,10,encoder_block_10,0.4930312633514404,25,100,100
bar_random_4,bar,random,4,915593,4566816,original,11,encoder_block_11,0.7250698804855347,30,100,100
bar_random_4,bar,random,4,915593,4566816,original,12,encoder_block_12,0.4450546503067016,34,100,100
bar_random_4,bar,random,4,915593,4566816,padded_control,0,embedding,-0.1649837493896484,95,100,100
bar_random_4,bar,random,4,915593,4566816,padded_control,1,encoder_block_1,-0.1343932151794433,95,100,100
bar_random_4,bar,random,4,915593,4566816,padded_control,2,encoder_block_2,0.2399520874023437,87,100,100
bar_random_4,bar,random,4,915593,4566816,padded_control,3,encoder_block_3,0.2679190635681152,85,100,100
bar_random_4,bar,random,4,915593,4566816,padded_control,4,encoder_block_4,0.3646998405456543,71,100,100
bar_random_4,bar,random,4,915593,4566816,padded_control,5,encoder_block_5,0.4422807693481445,53,100,100
bar_random_4,bar,random,4,915593,4566816,padded_control,6,encoder_block_6,0.3690998554229736,58,100,100
bar_random_4,bar,random,4,915593,4566816,padded_control,7,encoder_block_7,0.4811983108520508,41,100,100
bar_random_4,bar,random,4,915593,4566816,padded_control,8,encoder_block_8,0.6864030361175537,29,100,100
bar_random_4,bar,random,4,915593,4566816,padded_control,9,encoder_block_9,1.0410590171813965,10,100,100
bar_random_4,bar,random,4,915593,4566816,padded_control,10,encoder_block_10,0.5023484230041504,25,100,100
bar_random_4,bar,random,4,915593,4566816,padded_control,11,encoder_block_11,0.7399967908859253,30,100,100
bar_random_4,bar,random,4,915593,4566816,padded_control,12,encoder_block_12,0.5093182921409607,34,100,100
bar_random_4,bar,random,4,915593,4566816,attack,0,embedding,-0.4010100364685058,100,100,100
bar_random_4,bar,random,4,915593,4566816,attack,1,encoder_block_1,-0.2670819759368896,99,100,100
bar_random_4,bar,random,4,915593,4566816,attack,2,encoder_block_2,0.1479144096374511,89,100,100
bar_random_4,bar,random,4,915593,4566816,attack,3,encoder_block_3,0.1206767559051513,91,100,100
bar_random_4,bar,random,4,915593,4566816,attack,4,encoder_block_4,0.2367281913757324,83,100,100
bar_random_4,bar,random,4,915593,4566816,attack,5,encoder_block_5,0.31661057472229,70,100,100
bar_random_4,bar,random,4,915593,4566816,attack,6,encoder_block_6,0.3038270473480224,66,100,100
bar_random_4,bar,random,4,915593,4566816,attack,7,encoder_block_7,0.3976407051086426,49,100,100
bar_random_4,bar,random,4,915593,4566816,attack,8,encoder_block_8,0.6241106986999512,36,100,100
bar_random_4,bar,random,4,915593,4566816,attack,9,encoder_block_9,0.9774423837661744,13,100,100
bar_random_4,bar,random,4,915593,4566816,attack,10,encoder_block_10,0.5562269687652588,23,100,100
bar_random_4,bar,random,4,915593,4566816,attack,11,encoder_block_11,0.8451758623123169,25,100,100
bar_random_4,bar,random,4,915593,4566816,attack,12,encoder_block_12,0.5426052212715149,34,100,100
bar_random_4,bar,random,4,962179,4511501,original,0,embedding,0.9851646423339844,27,100,100
bar_random_4,bar,random,4,962179,4511501,original,1,encoder_block_1,1.0368893146514893,42,100,100
bar_random_4,bar,random,4,962179,4511501,original,2,encoder_block_2,1.1725363731384275,46,100,100
bar_random_4,bar,random,4,962179,4511501,original,3,encoder_block_3,0.9585633277893066,51,100,100
bar_random_4,bar,random,4,962179,4511501,original,4,encoder_block_4,0.7313004732131958,57,100,100
bar_random_4,bar,random,4,962179,4511501,original,5,encoder_block_5,0.4647676944732666,45,100,100
bar_random_4,bar,random,4,962179,4511501,original,6,encoder_block_6,0.4876143932342529,47,100,100
bar_random_4,bar,random,4,962179,4511501,original,7,encoder_block_7,0.4738295078277588,41,100,100
bar_random_4,bar,random,4,962179,4511501,original,8,encoder_block_8,0.4282701015472412,38,100,100
bar_random_4,bar,random,4,962179,4511501,original,9,encoder_block_9,0.1025848388671875,41,100,100
bar_random_4,bar,random,4,962179,4511501,original,10,encoder_block_10,-1.2267677783966064,41,100,100
bar_random_4,bar,random,4,962179,4511501,original,11,encoder_block_11,-4.054971694946289,65,100,100
bar_random_4,bar,random,4,962179,4511501,original,12,encoder_block_12,-12.218341827392578,71,100,100
bar_random_4,bar,random,4,962179,4511501,padded_control,0,embedding,0.9851646423339844,27,100,100
bar_random_4,bar,random,4,962179,4511501,padded_control,1,encoder_block_1,1.0488369464874268,40,100,100
bar_random_4,bar,random,4,962179,4511501,padded_control,2,encoder_block_2,1.1879112720489502,45,100,100
bar_random_4,bar,random,4,962179,4511501,padded_control,3,encoder_block_3,0.9737236499786376,50,100,100
bar_random_4,bar,random,4,962179,4511501,padded_control,4,encoder_block_4,0.7472977638244629,55,100,100
bar_random_4,bar,random,4,962179,4511501,padded_control,5,encoder_block_5,0.4784915447235107,44,100,100
bar_random_4,bar,random,4,962179,4511501,padded_control,6,encoder_block_6,0.501091718673706,47,100,100
bar_random_4,bar,random,4,962179,4511501,padded_control,7,encoder_block_7,0.4798221588134765,39,100,100
bar_random_4,bar,random,4,962179,4511501,padded_control,8,encoder_block_8,0.4254233837127685,39,100,100
bar_random_4,bar,random,4,962179,4511501,padded_control,9,encoder_block_9,0.0945372581481933,42,100,100
bar_random_4,bar,random,4,962179,4511501,padded_control,10,encoder_block_10,-1.244368553161621,43,100,100
bar_random_4,bar,random,4,962179,4511501,padded_control,11,encoder_block_11,-4.166874885559082,70,100,100
bar_random_4,bar,random,4,962179,4511501,padded_control,12,encoder_block_12,-12.243943214416504,71,100,100
bar_random_4,bar,random,4,962179,4511501,attack,0,embedding,0.7743755578994751,44,100,100
bar_random_4,bar,random,4,962179,4511501,attack,1,encoder_block_1,0.8848822116851807,54,100,100
bar_random_4,bar,random,4,962179,4511501,attack,2,encoder_block_2,1.0612998008728027,52,100,100
bar_random_4,bar,random,4,962179,4511501,attack,3,encoder_block_3,0.7983260154724121,62,100,100
bar_random_4,bar,random,4,962179,4511501,attack,4,encoder_block_4,0.5561658143997192,69,100,100
bar_random_4,bar,random,4,962179,4511501,attack,5,encoder_block_5,0.3269352912902832,57,100,100
bar_random_4,bar,random,4,962179,4511501,attack,6,encoder_block_6,0.412426233291626,51,100,100
bar_random_4,bar,random,4,962179,4511501,attack,7,encoder_block_7,0.4248170852661133,45,100,100
bar_random_4,bar,random,4,962179,4511501,attack,8,encoder_block_8,0.4071860313415527,46,100,100
bar_random_4,bar,random,4,962179,4511501,attack,9,encoder_block_9,0.0540189743041992,46,100,100
bar_random_4,bar,random,4,962179,4511501,attack,10,encoder_block_10,-1.3214659690856934,50,100,100
bar_random_4,bar,random,4,962179,4511501,attack,11,encoder_block_11,-4.449047088623047,78,100,100
bar_random_4,bar,random,4,962179,4511501,attack,12,encoder_block_12,-12.28663444519043,73,100,100
bar_random_4,bar,random,4,1037798,8760864,original,0,embedding,0.7303557395935059,53,100,100
bar_random_4,bar,random,4,1037798,8760864,original,1,encoder_block_1,0.9469332695007324,26,100,100
bar_random_4,bar,random,4,1037798,8760864,original,2,encoder_block_2,0.938840627670288,44,100,100
bar_random_4,bar,random,4,1037798,8760864,original,3,encoder_block_3,0.7089104652404785,37,100,100
bar_random_4,bar,random,4,1037798,8760864,original,4,encoder_block_4,0.5630388259887695,45,100,100
bar_random_4,bar,random,4,1037798,8760864,original,5,encoder_block_5,0.5692088603973389,33,100,100
bar_random_4,bar,random,4,1037798,8760864,original,6,encoder_block_6,0.6406629085540771,36,100,100
bar_random_4,bar,random,4,1037798,8760864,original,7,encoder_block_7,0.7611713409423828,20,100,100
bar_random_4,bar,random,4,1037798,8760864,original,8,encoder_block_8,0.871514081954956,19,100,100
bar_random_4,bar,random,4,1037798,8760864,original,9,encoder_block_9,1.0296305418014526,24,100,100
bar_random_4,bar,random,4,1037798,8760864,original,10,encoder_block_10,0.950800895690918,17,100,100
bar_random_4,bar,random,4,1037798,8760864,original,11,encoder_block_11,1.704943060874939,8,100,100
bar_random_4,bar,random,4,1037798,8760864,original,12,encoder_block_12,2.394439935684204,8,100,100
bar_random_4,bar,random,4,1037798,8760864,padded_control,0,embedding,0.7303560972213745,53,100,100
bar_random_4,bar,random,4,1037798,8760864,padded_control,1,encoder_block_1,0.9503583908081056,26,100,100
bar_random_4,bar,random,4,1037798,8760864,padded_control,2,encoder_block_2,0.9442052841186525,44,100,100
bar_random_4,bar,random,4,1037798,8760864,padded_control,3,encoder_block_3,0.7095718383789062,37,100,100
bar_random_4,bar,random,4,1037798,8760864,padded_control,4,encoder_block_4,0.5643086433410645,44,100,100
bar_random_4,bar,random,4,1037798,8760864,padded_control,5,encoder_block_5,0.5663001537322998,33,100,100
bar_random_4,bar,random,4,1037798,8760864,padded_control,6,encoder_block_6,0.6389865875244141,36,100,100
bar_random_4,bar,random,4,1037798,8760864,padded_control,7,encoder_block_7,0.7601702213287354,20,100,100
bar_random_4,bar,random,4,1037798,8760864,padded_control,8,encoder_block_8,0.8805787563323975,19,100,100
bar_random_4,bar,random,4,1037798,8760864,padded_control,9,encoder_block_9,1.0478187799453735,24,100,100
bar_random_4,bar,random,4,1037798,8760864,padded_control,10,encoder_block_10,0.958709478378296,15,100,100
bar_random_4,bar,random,4,1037798,8760864,padded_control,11,encoder_block_11,1.7336541414260864,8,100,100
bar_random_4,bar,random,4,1037798,8760864,padded_control,12,encoder_block_12,2.5922017097473145,8,100,100
bar_random_4,bar,random,4,1037798,8760864,attack,0,embedding,0.5372564792633057,66,100,100
bar_random_4,bar,random,4,1037798,8760864,attack,1,encoder_block_1,0.7803773880004883,42,100,100
bar_random_4,bar,random,4,1037798,8760864,attack,2,encoder_block_2,0.8342905044555664,49,100,100
bar_random_4,bar,random,4,1037798,8760864,attack,3,encoder_block_3,0.5952563285827637,53,100,100
bar_random_4,bar,random,4,1037798,8760864,attack,4,encoder_block_4,0.4685144424438476,58,100,100
bar_random_4,bar,random,4,1037798,8760864,attack,5,encoder_block_5,0.4430913925170898,46,100,100
bar_random_4,bar,random,4,1037798,8760864,attack,6,encoder_block_6,0.5091284513473511,48,100,100
bar_random_4,bar,random,4,1037798,8760864,attack,7,encoder_block_7,0.7054555416107178,27,100,100
bar_random_4,bar,random,4,1037798,8760864,attack,8,encoder_block_8,0.8662209510803223,19,100,100
bar_random_4,bar,random,4,1037798,8760864,attack,9,encoder_block_9,1.022558093070984,24,100,100
bar_random_4,bar,random,4,1037798,8760864,attack,10,encoder_block_10,1.0227290391921997,12,100,100
bar_random_4,bar,random,4,1037798,8760864,attack,11,encoder_block_11,1.8784358501434328,7,100,100
bar_random_4,bar,random,4,1037798,8760864,attack,12,encoder_block_12,2.827472805976868,8,100,100
bar_random_4,bar,random,4,104861,409268,original,0,embedding,0.5991559028625488,78,100,100
bar_random_4,bar,random,4,104861,409268,original,1,encoder_block_1,0.8868560791015625,61,100,100
bar_random_4,bar,random,4,104861,409268,original,2,encoder_block_2,0.9116034507751464,79,100,100
bar_random_4,bar,random,4,104861,409268,original,3,encoder_block_3,0.8460087776184082,82,100,100
bar_random_4,bar,random,4,104861,409268,original,4,encoder_block_4,0.7598123550415039,93,100,100
bar_random_4,bar,random,4,104861,409268,original,5,encoder_block_5,0.8122644424438477,86,100,100
bar_random_4,bar,random,4,104861,409268,original,6,encoder_block_6,0.7597167491912842,86,100,100
bar_random_4,bar,random,4,104861,409268,original,7,encoder_block_7,0.6356039047241211,85,100,100
bar_random_4,bar,random,4,104861,409268,original,8,encoder_block_8,0.5618946552276611,84,100,100
bar_random_4,bar,random,4,104861,409268,original,9,encoder_block_9,0.4007747173309326,90,100,100
bar_random_4,bar,random,4,104861,409268,original,10,encoder_block_10,-1.1306967735290527,90,100,100
bar_random_4,bar,random,4,104861,409268,original,11,encoder_block_11,-2.110466480255127,67,100,100
bar_random_4,bar,random,4,104861,409268,original,12,encoder_block_12,-9.888593673706056,42,100,100
bar_random_4,bar,random,4,104861,409268,padded_control,0,embedding,0.5991568565368652,78,100,100
bar_random_4,bar,random,4,104861,409268,padded_control,1,encoder_block_1,0.8895602226257324,61,100,100
bar_random_4,bar,random,4,104861,409268,padded_control,2,encoder_block_2,0.9166173934936525,79,100,100
bar_random_4,bar,random,4,104861,409268,padded_control,3,encoder_block_3,0.85516357421875,79,100,100
bar_random_4,bar,random,4,104861,409268,padded_control,4,encoder_block_4,0.775026798248291,93,100,100
bar_random_4,bar,random,4,104861,409268,padded_control,5,encoder_block_5,0.8256618976593018,86,100,100
bar_random_4,bar,random,4,104861,409268,padded_control,6,encoder_block_6,0.7625226974487305,86,100,100
bar_random_4,bar,random,4,104861,409268,padded_control,7,encoder_block_7,0.6442670822143555,84,100,100
bar_random_4,bar,random,4,104861,409268,padded_control,8,encoder_block_8,0.5637059211730957,84,100,100
bar_random_4,bar,random,4,104861,409268,padded_control,9,encoder_block_9,0.4053535461425781,90,100,100
bar_random_4,bar,random,4,104861,409268,padded_control,10,encoder_block_10,-1.101783037185669,89,100,100
bar_random_4,bar,random,4,104861,409268,padded_control,11,encoder_block_11,-2.1080336570739746,67,100,100
bar_random_4,bar,random,4,104861,409268,padded_control,12,encoder_block_12,-9.888711929321287,42,100,100
bar_random_4,bar,random,4,104861,409268,attack,0,embedding,0.3726625442504883,91,100,100
bar_random_4,bar,random,4,104861,409268,attack,1,encoder_block_1,0.8007993698120117,68,100,100
bar_random_4,bar,random,4,104861,409268,attack,2,encoder_block_2,0.881218433380127,81,100,100
bar_random_4,bar,random,4,104861,409268,attack,3,encoder_block_3,0.7870187759399414,85,100,100
bar_random_4,bar,random,4,104861,409268,attack,4,encoder_block_4,0.699084997177124,94,100,100
bar_random_4,bar,random,4,104861,409268,attack,5,encoder_block_5,0.7349755764007568,90,100,100
bar_random_4,bar,random,4,104861,409268,attack,6,encoder_block_6,0.7159700393676758,86,100,100
bar_random_4,bar,random,4,104861,409268,attack,7,encoder_block_7,0.5893130302429199,89,100,100
bar_random_4,bar,random,4,104861,409268,attack,8,encoder_block_8,0.5250506401062012,86,100,100
bar_random_4,bar,random,4,104861,409268,attack,9,encoder_block_9,0.3831014633178711,90,100,100
bar_random_4,bar,random,4,104861,409268,attack,10,encoder_block_10,-1.1354255676269531,90,100,100
bar_random_4,bar,random,4,104861,409268,attack,11,encoder_block_11,-2.390897750854492,70,100,100
bar_random_4,bar,random,4,104861,409268,attack,12,encoder_block_12,-10.524810791015623,50,100,100
bar_random_4,bar,random,4,1063750,6093907,original,0,embedding,0.4097535610198974,68,100,100
bar_random_4,bar,random,4,1063750,6093907,original,1,encoder_block_1,-0.0390677452087402,83,100,100
bar_random_4,bar,random,4,1063750,6093907,original,2,encoder_block_2,0.1466982364654541,77,100,100
bar_random_4,bar,random,4,1063750,6093907,original,3,encoder_block_3,0.3093795776367187,50,100,100
bar_random_4,bar,random,4,1063750,6093907,original,4,encoder_block_4,0.4017417430877685,43,100,100
bar_random_4,bar,random,4,1063750,6093907,original,5,encoder_block_5,0.5072712898254395,36,100,100
bar_random_4,bar,random,4,1063750,6093907,original,6,encoder_block_6,0.5528913736343384,33,100,100
bar_random_4,bar,random,4,1063750,6093907,original,7,encoder_block_7,0.6627411842346191,26,100,100
bar_random_4,bar,random,4,1063750,6093907,original,8,encoder_block_8,0.5001193284988403,39,100,100
bar_random_4,bar,random,4,1063750,6093907,original,9,encoder_block_9,0.400435209274292,44,100,100
bar_random_4,bar,random,4,1063750,6093907,original,10,encoder_block_10,0.4318147897720337,21,100,100
bar_random_4,bar,random,4,1063750,6093907,original,11,encoder_block_11,0.8387397527694702,12,100,100
bar_random_4,bar,random,4,1063750,6093907,original,12,encoder_block_12,0.0963659286499023,14,100,100
bar_random_4,bar,random,4,1063750,6093907,padded_control,0,embedding,0.4097533226013183,68,100,100
bar_random_4,bar,random,4,1063750,6093907,padded_control,1,encoder_block_1,-0.0290529727935791,81,100,100
bar_random_4,bar,random,4,1063750,6093907,padded_control,2,encoder_block_2,0.1580450534820556,77,100,100
bar_random_4,bar,random,4,1063750,6093907,padded_control,3,encoder_block_3,0.3152780532836914,50,100,100
bar_random_4,bar,random,4,1063750,6093907,padded_control,4,encoder_block_4,0.406649112701416,42,100,100
bar_random_4,bar,random,4,1063750,6093907,padded_control,5,encoder_block_5,0.5102828741073608,36,100,100
bar_random_4,bar,random,4,1063750,6093907,padded_control,6,encoder_block_6,0.5463814735412598,34,100,100
bar_random_4,bar,random,4,1063750,6093907,padded_control,7,encoder_block_7,0.652209997177124,27,100,100
bar_random_4,bar,random,4,1063750,6093907,padded_control,8,encoder_block_8,0.501946210861206,39,100,100
bar_random_4,bar,random,4,1063750,6093907,padded_control,9,encoder_block_9,0.3799254894256592,46,100,100
bar_random_4,bar,random,4,1063750,6093907,padded_control,10,encoder_block_10,0.400296688079834,21,100,100
bar_random_4,bar,random,4,1063750,6093907,padded_control,11,encoder_block_11,0.7572509050369263,12,100,100
bar_random_4,bar,random,4,1063750,6093907,padded_control,12,encoder_block_12,0.0720547437667846,14,100,100
bar_random_4,bar,random,4,1063750,6093907,attack,0,embedding,0.2602019309997558,83,100,100
bar_random_4,bar,random,4,1063750,6093907,attack,1,encoder_block_1,-0.1937365531921386,93,100,100
bar_random_4,bar,random,4,1063750,6093907,attack,2,encoder_block_2,0.0163090229034423,85,100,100
bar_random_4,bar,random,4,1063750,6093907,attack,3,encoder_block_3,0.1047725677490234,76,100,100
bar_random_4,bar,random,4,1063750,6093907,attack,4,encoder_block_4,0.211249828338623,60,100,100
bar_random_4,bar,random,4,1063750,6093907,attack,5,encoder_block_5,0.3042759895324707,55,100,100
bar_random_4,bar,random,4,1063750,6093907,attack,6,encoder_block_6,0.3439061641693115,53,100,100
bar_random_4,bar,random,4,1063750,6093907,attack,7,encoder_block_7,0.4160517454147339,45,100,100
bar_random_4,bar,random,4,1063750,6093907,attack,8,encoder_block_8,0.3156545162200928,54,100,100
bar_random_4,bar,random,4,1063750,6093907,attack,9,encoder_block_9,0.2641382217407226,56,100,100
bar_random_4,bar,random,4,1063750,6093907,attack,10,encoder_block_10,0.3047770261764526,25,100,100
bar_random_4,bar,random,4,1063750,6093907,attack,11,encoder_block_11,0.6524149179458618,16,100,100
bar_random_4,bar,random,4,1063750,6093907,attack,12,encoder_block_12,0.235288381576538,14,100,100
bar_random_4,bar,random,4,1103812,8220085,original,0,embedding,0.9230751991271972,36,100,100
bar_random_4,bar,random,4,1103812,8220085,original,1,encoder_block_1,0.7247791290283203,27,100,100
bar_random_4,bar,random,4,1103812,8220085,original,2,encoder_block_2,0.7561402320861816,33,100,100
bar_random_4,bar,random,4,1103812,8220085,original,3,encoder_block_3,0.5901646614074707,30,100,100
bar_random_4,bar,random,4,1103812,8220085,original,4,encoder_block_4,0.504183292388916,27,100,100
bar_random_4,bar,random,4,1103812,8220085,original,5,encoder_block_5,0.4698984622955322,22,100,100
bar_random_4,bar,random,4,1103812,8220085,original,6,encoder_block_6,0.4955623149871826,29,100,100
bar_random_4,bar,random,4,1103812,8220085,original,7,encoder_block_7,0.5572690963745117,27,100,100
bar_random_4,bar,random,4,1103812,8220085,original,8,encoder_block_8,0.6289103031158447,21,100,100
bar_random_4,bar,random,4,1103812,8220085,original,9,encoder_block_9,0.7252311706542969,6,100,100
bar_random_4,bar,random,4,1103812,8220085,original,10,encoder_block_10,0.917356014251709,1,100,100
bar_random_4,bar,random,4,1103812,8220085,original,11,encoder_block_11,2.2196249961853027,1,100,100
bar_random_4,bar,random,4,1103812,8220085,original,12,encoder_block_12,4.186270713806152,2,100,100
bar_random_4,bar,random,4,1103812,8220085,padded_control,0,embedding,0.9230749607086182,36,100,100
bar_random_4,bar,random,4,1103812,8220085,padded_control,1,encoder_block_1,0.7241013050079346,27,100,100
bar_random_4,bar,random,4,1103812,8220085,padded_control,2,encoder_block_2,0.7536821365356445,33,100,100
bar_random_4,bar,random,4,1103812,8220085,padded_control,3,encoder_block_3,0.5868358612060547,30,100,100
bar_random_4,bar,random,4,1103812,8220085,padded_control,4,encoder_block_4,0.4966402053833008,28,100,100
bar_random_4,bar,random,4,1103812,8220085,padded_control,5,encoder_block_5,0.4719710350036621,22,100,100
bar_random_4,bar,random,4,1103812,8220085,padded_control,6,encoder_block_6,0.4973299503326416,29,100,100
bar_random_4,bar,random,4,1103812,8220085,padded_control,7,encoder_block_7,0.5534663200378418,27,100,100
bar_random_4,bar,random,4,1103812,8220085,padded_control,8,encoder_block_8,0.6193692684173584,22,100,100
bar_random_4,bar,random,4,1103812,8220085,padded_control,9,encoder_block_9,0.7149953842163086,6,100,100
bar_random_4,bar,random,4,1103812,8220085,padded_control,10,encoder_block_10,0.89858078956604,2,100,100
bar_random_4,bar,random,4,1103812,8220085,padded_control,11,encoder_block_11,2.201219081878662,1,100,100
bar_random_4,bar,random,4,1103812,8220085,padded_control,12,encoder_block_12,4.194732666015625,2,100,100
bar_random_4,bar,random,4,1103812,8220085,attack,0,embedding,0.8082785606384277,47,100,100
bar_random_4,bar,random,4,1103812,8220085,attack,1,encoder_block_1,0.6144647598266602,42,100,100
bar_random_4,bar,random,4,1103812,8220085,attack,2,encoder_block_2,0.6901473999023438,41,100,100
bar_random_4,bar,random,4,1103812,8220085,attack,3,encoder_block_3,0.4823136329650879,45,100,100
bar_random_4,bar,random,4,1103812,8220085,attack,4,encoder_block_4,0.3966331481933594,36,100,100
bar_random_4,bar,random,4,1103812,8220085,attack,5,encoder_block_5,0.376220703125,31,100,100
bar_random_4,bar,random,4,1103812,8220085,attack,6,encoder_block_6,0.411325454711914,35,100,100
bar_random_4,bar,random,4,1103812,8220085,attack,7,encoder_block_7,0.4603943824768066,34,100,100
bar_random_4,bar,random,4,1103812,8220085,attack,8,encoder_block_8,0.5688655376434326,24,100,100
bar_random_4,bar,random,4,1103812,8220085,attack,9,encoder_block_9,0.6770689487457275,7,100,100
bar_random_4,bar,random,4,1103812,8220085,attack,10,encoder_block_10,0.8007767200469971,2,100,100
bar_random_4,bar,random,4,1103812,8220085,attack,11,encoder_block_11,2.0567779541015625,1,100,100
bar_random_4,bar,random,4,1103812,8220085,attack,12,encoder_block_12,4.027840614318848,4,100,100
bar_random_4,bar,random,4,1106007,5836920,original,0,embedding,0.3232474327087402,44,100,100
bar_random_4,bar,random,4,1106007,5836920,original,1,encoder_block_1,-0.0496785640716552,65,100,100
bar_random_4,bar,random,4,1106007,5836920,original,2,encoder_block_2,0.1526193618774414,55,100,100
bar_random_4,bar,random,4,1106007,5836920,original,3,encoder_block_3,0.1941337585449218,48,100,100
bar_random_4,bar,random,4,1106007,5836920,original,4,encoder_block_4,0.3286387920379638,53,100,100
bar_random_4,bar,random,4,1106007,5836920,original,5,encoder_block_5,0.230604887008667,59,100,100
bar_random_4,bar,random,4,1106007,5836920,original,6,encoder_block_6,0.279259443283081,56,100,100
bar_random_4,bar,random,4,1106007,5836920,original,7,encoder_block_7,0.2790360450744629,62,100,100
bar_random_4,bar,random,4,1106007,5836920,original,8,encoder_block_8,0.3525052070617676,67,100,100
bar_random_4,bar,random,4,1106007,5836920,original,9,encoder_block_9,0.6893398761749268,51,100,100
bar_random_4,bar,random,4,1106007,5836920,original,10,encoder_block_10,0.8899359703063965,35,100,100
bar_random_4,bar,random,4,1106007,5836920,original,11,encoder_block_11,1.0787949562072754,28,100,100
bar_random_4,bar,random,4,1106007,5836920,original,12,encoder_block_12,-2.906157732009888,29,100,100
bar_random_4,bar,random,4,1106007,5836920,padded_control,0,embedding,0.3232483863830566,44,100,100
bar_random_4,bar,random,4,1106007,5836920,padded_control,1,encoder_block_1,-0.0497148036956787,65,100,100
bar_random_4,bar,random,4,1106007,5836920,padded_control,2,encoder_block_2,0.1433696746826172,56,100,100
bar_random_4,bar,random,4,1106007,5836920,padded_control,3,encoder_block_3,0.1925272941589355,48,100,100
bar_random_4,bar,random,4,1106007,5836920,padded_control,4,encoder_block_4,0.3292932510375976,53,100,100
bar_random_4,bar,random,4,1106007,5836920,padded_control,5,encoder_block_5,0.234917402267456,58,100,100
bar_random_4,bar,random,4,1106007,5836920,padded_control,6,encoder_block_6,0.2822704315185547,56,100,100
bar_random_4,bar,random,4,1106007,5836920,padded_control,7,encoder_block_7,0.2911453247070312,61,100,100
bar_random_4,bar,random,4,1106007,5836920,padded_control,8,encoder_block_8,0.3615272045135498,66,100,100
bar_random_4,bar,random,4,1106007,5836920,padded_control,9,encoder_block_9,0.6934728622436523,51,100,100
bar_random_4,bar,random,4,1106007,5836920,padded_control,10,encoder_block_10,0.9022984504699708,34,100,100
bar_random_4,bar,random,4,1106007,5836920,padded_control,11,encoder_block_11,1.057979941368103,28,100,100
bar_random_4,bar,random,4,1106007,5836920,padded_control,12,encoder_block_12,-2.92693829536438,29,100,100
bar_random_4,bar,random,4,1106007,5836920,attack,0,embedding,0.0542035102844238,72,100,100
bar_random_4,bar,random,4,1106007,5836920,attack,1,encoder_block_1,-0.1358613967895507,73,100,100
bar_random_4,bar,random,4,1106007,5836920,attack,2,encoder_block_2,0.1471309661865234,56,100,100
bar_random_4,bar,random,4,1106007,5836920,attack,3,encoder_block_3,0.1413147449493408,51,100,100
bar_random_4,bar,random,4,1106007,5836920,attack,4,encoder_block_4,0.2547430992126465,56,100,100
bar_random_4,bar,random,4,1106007,5836920,attack,5,encoder_block_5,0.1390731334686279,68,100,100
bar_random_4,bar,random,4,1106007,5836920,attack,6,encoder_block_6,0.1940817832946777,69,100,100
bar_random_4,bar,random,4,1106007,5836920,attack,7,encoder_block_7,0.1837100982666015,69,100,100
bar_random_4,bar,random,4,1106007,5836920,attack,8,encoder_block_8,0.2714684009552002,72,100,100
bar_random_4,bar,random,4,1106007,5836920,attack,9,encoder_block_9,0.5836286544799805,62,100,100
bar_random_4,bar,random,4,1106007,5836920,attack,10,encoder_block_10,0.7806079387664795,47,100,100
bar_random_4,bar,random,4,1106007,5836920,attack,11,encoder_block_11,0.6880285739898682,33,100,100
bar_random_4,bar,random,4,1106007,5836920,attack,12,encoder_block_12,-4.720523834228516,37,100,100
bar_random_4,bar,random,4,1110199,398442,original,0,embedding,1.9492440223693848,12,100,100
bar_random_4,bar,random,4,1110199,398442,original,1,encoder_block_1,1.669599533081055,36,100,100
bar_random_4,bar,random,4,1110199,398442,original,2,encoder_block_2,1.6492743492126465,51,100,100
bar_random_4,bar,random,4,1110199,398442,original,3,encoder_block_3,1.6156578063964844,39,100,100
bar_random_4,bar,random,4,1110199,398442,original,4,encoder_block_4,1.5761513710021973,51,100,100
bar_random_4,bar,random,4,1110199,398442,original,5,encoder_block_5,1.2734811305999756,79,100,100
bar_random_4,bar,random,4,1110199,398442,original,6,encoder_block_6,1.183363437652588,83,100,100
bar_random_4,bar,random,4,1110199,398442,original,7,encoder_block_7,1.0405066013336182,90,100,100
bar_random_4,bar,random,4,1110199,398442,original,8,encoder_block_8,0.8472667932510376,99,100,100
bar_random_4,bar,random,4,1110199,398442,original,9,encoder_block_9,0.7435391545295715,100,100,100
bar_random_4,bar,random,4,1110199,398442,original,10,encoder_block_10,0.0885074734687805,87,100,100
bar_random_4,bar,random,4,1110199,398442,original,11,encoder_block_11,-1.476323127746582,63,100,100
bar_random_4,bar,random,4,1110199,398442,original,12,encoder_block_12,-11.19942569732666,43,100,100
bar_random_4,bar,random,4,1110199,398442,padded_control,0,embedding,1.9492454528808596,12,100,100
bar_random_4,bar,random,4,1110199,398442,padded_control,1,encoder_block_1,1.6626982688903809,37,100,100
bar_random_4,bar,random,4,1110199,398442,padded_control,2,encoder_block_2,1.6382496356964111,52,100,100
bar_random_4,bar,random,4,1110199,398442,padded_control,3,encoder_block_3,1.619044303894043,39,100,100
bar_random_4,bar,random,4,1110199,398442,padded_control,4,encoder_block_4,1.5810346603393557,51,100,100
bar_random_4,bar,random,4,1110199,398442,padded_control,5,encoder_block_5,1.2788898944854736,79,100,100
bar_random_4,bar,random,4,1110199,398442,padded_control,6,encoder_block_6,1.1903936862945557,82,100,100
bar_random_4,bar,random,4,1110199,398442,padded_control,7,encoder_block_7,1.0607779026031494,90,100,100
bar_random_4,bar,random,4,1110199,398442,padded_control,8,encoder_block_8,0.8770296573638916,97,100,100
bar_random_4,bar,random,4,1110199,398442,padded_control,9,encoder_block_9,0.7587363123893738,100,100,100
bar_random_4,bar,random,4,1110199,398442,padded_control,10,encoder_block_10,0.0809994935989379,88,100,100
bar_random_4,bar,random,4,1110199,398442,padded_control,11,encoder_block_11,-1.439479947090149,62,100,100
bar_random_4,bar,random,4,1110199,398442,padded_control,12,encoder_block_12,-11.453429222106934,47,100,100
bar_random_4,bar,random,4,1110199,398442,attack,0,embedding,1.87166166305542,15,100,100
bar_random_4,bar,random,4,1110199,398442,attack,1,encoder_block_1,1.5124783515930176,49,100,100
bar_random_4,bar,random,4,1110199,398442,attack,2,encoder_block_2,1.489544153213501,74,100,100
bar_random_4,bar,random,4,1110199,398442,attack,3,encoder_block_3,1.4239072799682615,69,100,100
bar_random_4,bar,random,4,1110199,398442,attack,4,encoder_block_4,1.4408586025238037,72,100,100
bar_random_4,bar,random,4,1110199,398442,attack,5,encoder_block_5,1.1975641250610352,84,100,100
bar_random_4,bar,random,4,1110199,398442,attack,6,encoder_block_6,1.1373960971832275,86,100,100
bar_random_4,bar,random,4,1110199,398442,attack,7,encoder_block_7,1.0051753520965576,93,100,100
bar_random_4,bar,random,4,1110199,398442,attack,8,encoder_block_8,0.8447846174240112,99,100,100
bar_random_4,bar,random,4,1110199,398442,attack,9,encoder_block_9,0.7395229935646057,100,100,100
bar_random_4,bar,random,4,1110199,398442,attack,10,encoder_block_10,0.0003254413604736,93,100,100
bar_random_4,bar,random,4,1110199,398442,attack,11,encoder_block_11,-1.7453659772872925,68,100,100
bar_random_4,bar,random,4,1110199,398442,attack,12,encoder_block_12,-11.743765830993652,50,100,100
bar_random_4,bar,random,4,1112341,2096429,original,0,embedding,0.7273681163787842,66,100,100
bar_random_4,bar,random,4,1112341,2096429,original,1,encoder_block_1,0.996849775314331,49,100,100
bar_random_4,bar,random,4,1112341,2096429,original,2,encoder_block_2,1.047372341156006,56,100,100
bar_random_4,bar,random,4,1112341,2096429,original,3,encoder_block_3,1.038649559020996,52,100,100
bar_random_4,bar,random,4,1112341,2096429,original,4,encoder_block_4,1.1595208644866943,48,100,100
bar_random_4,bar,random,4,1112341,2096429,original,5,encoder_block_5,1.0893104076385498,58,100,100
bar_random_4,bar,random,4,1112341,2096429,original,6,encoder_block_6,1.1442320346832275,49,100,100
bar_random_4,bar,random,4,1112341,2096429,original,7,encoder_block_7,1.063668727874756,59,100,100
bar_random_4,bar,random,4,1112341,2096429,original,8,encoder_block_8,1.1163320541381836,57,100,100
bar_random_4,bar,random,4,1112341,2096429,original,9,encoder_block_9,1.117256760597229,46,100,100
bar_random_4,bar,random,4,1112341,2096429,original,10,encoder_block_10,-0.4381673336029053,73,100,100
bar_random_4,bar,random,4,1112341,2096429,original,11,encoder_block_11,-3.6580777168273926,74,100,100
bar_random_4,bar,random,4,1112341,2096429,original,12,encoder_block_12,-12.837587356567385,72,100,100
bar_random_4,bar,random,4,1112341,2096429,padded_control,0,embedding,0.7273678779602051,66,100,100
bar_random_4,bar,random,4,1112341,2096429,padded_control,1,encoder_block_1,1.0010805130004885,47,100,100
bar_random_4,bar,random,4,1112341,2096429,padded_control,2,encoder_block_2,1.054457664489746,55,100,100
bar_random_4,bar,random,4,1112341,2096429,padded_control,3,encoder_block_3,1.038644313812256,52,100,100
bar_random_4,bar,random,4,1112341,2096429,padded_control,4,encoder_block_4,1.1584665775299072,48,100,100
bar_random_4,bar,random,4,1112341,2096429,padded_control,5,encoder_block_5,1.0905828475952148,58,100,100
bar_random_4,bar,random,4,1112341,2096429,padded_control,6,encoder_block_6,1.1396390199661257,49,100,100
bar_random_4,bar,random,4,1112341,2096429,padded_control,7,encoder_block_7,1.0550830364227295,60,100,100
bar_random_4,bar,random,4,1112341,2096429,padded_control,8,encoder_block_8,1.1219515800476074,56,100,100
bar_random_4,bar,random,4,1112341,2096429,padded_control,9,encoder_block_9,1.1376192569732666,46,100,100
bar_random_4,bar,random,4,1112341,2096429,padded_control,10,encoder_block_10,-0.4114245176315307,72,100,100
bar_random_4,bar,random,4,1112341,2096429,padded_control,11,encoder_block_11,-3.5399246215820312,73,100,100
bar_random_4,bar,random,4,1112341,2096429,padded_control,12,encoder_block_12,-12.726706504821776,70,100,100
bar_random_4,bar,random,4,1112341,2096429,attack,0,embedding,0.5235147476196289,89,100,100
bar_random_4,bar,random,4,1112341,2096429,attack,1,encoder_block_1,0.8820228576660156,65,100,100
bar_random_4,bar,random,4,1112341,2096429,attack,2,encoder_block_2,0.9625649452209472,61,100,100
bar_random_4,bar,random,4,1112341,2096429,attack,3,encoder_block_3,0.8991749286651611,71,100,100
bar_random_4,bar,random,4,1112341,2096429,attack,4,encoder_block_4,1.0289421081542969,66,100,100
bar_random_4,bar,random,4,1112341,2096429,attack,5,encoder_block_5,0.9962408542633056,67,100,100
bar_random_4,bar,random,4,1112341,2096429,attack,6,encoder_block_6,1.0713346004486084,55,100,100
bar_random_4,bar,random,4,1112341,2096429,attack,7,encoder_block_7,1.040083885192871,61,100,100
bar_random_4,bar,random,4,1112341,2096429,attack,8,encoder_block_8,1.143874168395996,55,100,100
bar_random_4,bar,random,4,1112341,2096429,attack,9,encoder_block_9,1.1091768741607666,47,100,100
bar_random_4,bar,random,4,1112341,2096429,attack,10,encoder_block_10,-0.6541252136230469,81,100,100
bar_random_4,bar,random,4,1112341,2096429,attack,11,encoder_block_11,-4.601780891418457,83,100,100
bar_random_4,bar,random,4,1112341,2096429,attack,12,encoder_block_12,-13.15244960784912,79,100,100
bar_random_4,bar,random,4,1113437,8128790,original,0,embedding,0.5658645629882812,56,100,100
bar_random_4,bar,random,4,1113437,8128790,original,1,encoder_block_1,0.8959074020385742,28,100,100
bar_random_4,bar,random,4,1113437,8128790,original,2,encoder_block_2,1.1732230186462402,26,100,100
bar_random_4,bar,random,4,1113437,8128790,original,3,encoder_block_3,1.088050127029419,36,100,100
bar_random_4,bar,random,4,1113437,8128790,original,4,encoder_block_4,0.9776401519775392,54,100,100
bar_random_4,bar,random,4,1113437,8128790,original,5,encoder_block_5,0.9457435607910156,50,100,100
bar_random_4,bar,random,4,1113437,8128790,original,6,encoder_block_6,0.9479632377624512,50,100,100
bar_random_4,bar,random,4,1113437,8128790,original,7,encoder_block_7,1.0149266719818115,33,100,100
bar_random_4,bar,random,4,1113437,8128790,original,8,encoder_block_8,0.9171240329742432,49,100,100
bar_random_4,bar,random,4,1113437,8128790,original,9,encoder_block_9,1.0854408740997314,39,100,100
bar_random_4,bar,random,4,1113437,8128790,original,10,encoder_block_10,1.1270759105682373,28,100,100
bar_random_4,bar,random,4,1113437,8128790,original,11,encoder_block_11,2.0376570224761963,7,100,100
bar_random_4,bar,random,4,1113437,8128790,original,12,encoder_block_12,3.245300531387329,2,100,100
bar_random_4,bar,random,4,1113437,8128790,padded_control,0,embedding,0.5658650398254395,56,100,100
bar_random_4,bar,random,4,1113437,8128790,padded_control,1,encoder_block_1,0.8992409706115723,28,100,100
bar_random_4,bar,random,4,1113437,8128790,padded_control,2,encoder_block_2,1.1724586486816406,26,100,100
bar_random_4,bar,random,4,1113437,8128790,padded_control,3,encoder_block_3,1.0873806476593018,36,100,100
bar_random_4,bar,random,4,1113437,8128790,padded_control,4,encoder_block_4,0.9748449325561525,54,100,100
bar_random_4,bar,random,4,1113437,8128790,padded_control,5,encoder_block_5,0.9447612762451172,50,100,100
bar_random_4,bar,random,4,1113437,8128790,padded_control,6,encoder_block_6,0.9436972141265868,51,100,100
bar_random_4,bar,random,4,1113437,8128790,padded_control,7,encoder_block_7,1.0131611824035645,33,100,100
bar_random_4,bar,random,4,1113437,8128790,padded_control,8,encoder_block_8,0.9122560024261476,50,100,100
bar_random_4,bar,random,4,1113437,8128790,padded_control,9,encoder_block_9,1.078178644180298,40,100,100
bar_random_4,bar,random,4,1113437,8128790,padded_control,10,encoder_block_10,1.09688138961792,30,100,100
bar_random_4,bar,random,4,1113437,8128790,padded_control,11,encoder_block_11,1.9894044399261477,7,100,100
bar_random_4,bar,random,4,1113437,8128790,padded_control,12,encoder_block_12,3.170885801315308,2,100,100
bar_random_4,bar,random,4,1113437,8128790,attack,0,embedding,0.2593088150024414,89,100,100
bar_random_4,bar,random,4,1113437,8128790,attack,1,encoder_block_1,0.8043732643127441,34,100,100
bar_random_4,bar,random,4,1113437,8128790,attack,2,encoder_block_2,1.1093807220458984,28,100,100
bar_random_4,bar,random,4,1113437,8128790,attack,3,encoder_block_3,0.9000129699707031,49,100,100
bar_random_4,bar,random,4,1113437,8128790,attack,4,encoder_block_4,0.776179313659668,72,100,100
bar_random_4,bar,random,4,1113437,8128790,attack,5,encoder_block_5,0.7523193359375,70,100,100
bar_random_4,bar,random,4,1113437,8128790,attack,6,encoder_block_6,0.7872464656829834,68,100,100
bar_random_4,bar,random,4,1113437,8128790,attack,7,encoder_block_7,0.8311433792114258,58,100,100
bar_random_4,bar,random,4,1113437,8128790,attack,8,encoder_block_8,0.8062093257904053,58,100,100
bar_random_4,bar,random,4,1113437,8128790,attack,9,encoder_block_9,1.012542963027954,47,100,100
bar_random_4,bar,random,4,1113437,8128790,attack,10,encoder_block_10,1.0557727813720703,35,100,100
bar_random_4,bar,random,4,1113437,8128790,attack,11,encoder_block_11,1.9427411556243896,7,100,100
bar_random_4,bar,random,4,1113437,8128790,attack,12,encoder_block_12,2.719117045402527,6,100,100
bar_random_4,bar,random,4,1114646,8117087,original,0,embedding,0.4525597095489502,64,100,100
bar_random_4,bar,random,4,1114646,8117087,original,1,encoder_block_1,0.0941433906555175,55,100,100
bar_random_4,bar,random,4,1114646,8117087,original,2,encoder_block_2,0.134101390838623,49,100,100
bar_random_4,bar,random,4,1114646,8117087,original,3,encoder_block_3,-0.0034594535827636,65,100,100
bar_random_4,bar,random,4,1114646,8117087,original,4,encoder_block_4,-0.2673103809356689,80,100,100
bar_random_4,bar,random,4,1114646,8117087,original,5,encoder_block_5,-0.4265675544738769,84,100,100
bar_random_4,bar,random,4,1114646,8117087,original,6,encoder_block_6,-0.6759626865386963,93,100,100
bar_random_4,bar,random,4,1114646,8117087,original,7,encoder_block_7,-0.6104249954223633,88,100,100
bar_random_4,bar,random,4,1114646,8117087,original,8,encoder_block_8,-0.6744838953018188,94,100,100
bar_random_4,bar,random,4,1114646,8117087,original,9,encoder_block_9,-0.239369511604309,75,100,100
bar_random_4,bar,random,4,1114646,8117087,original,10,encoder_block_10,-0.9897842407226562,69,100,100
bar_random_4,bar,random,4,1114646,8117087,original,11,encoder_block_11,-1.718577265739441,55,100,100
bar_random_4,bar,random,4,1114646,8117087,original,12,encoder_block_12,-3.277005195617676,15,100,100
bar_random_4,bar,random,4,1114646,8117087,padded_control,0,embedding,0.4525599479675293,64,100,100
bar_random_4,bar,random,4,1114646,8117087,padded_control,1,encoder_block_1,0.0847120285034179,55,100,100
bar_random_4,bar,random,4,1114646,8117087,padded_control,2,encoder_block_2,0.125032901763916,50,100,100
bar_random_4,bar,random,4,1114646,8117087,padded_control,3,encoder_block_3,-0.0029687881469726,65,100,100
bar_random_4,bar,random,4,1114646,8117087,padded_control,4,encoder_block_4,-0.260267972946167,80,100,100
bar_random_4,bar,random,4,1114646,8117087,padded_control,5,encoder_block_5,-0.4213960170745849,84,100,100
bar_random_4,bar,random,4,1114646,8117087,padded_control,6,encoder_block_6,-0.6732127666473389,93,100,100
bar_random_4,bar,random,4,1114646,8117087,padded_control,7,encoder_block_7,-0.6035952568054199,88,100,100
bar_random_4,bar,random,4,1114646,8117087,padded_control,8,encoder_block_8,-0.6634944677352905,94,100,100
bar_random_4,bar,random,4,1114646,8117087,padded_control,9,encoder_block_9,-0.2280411720275879,74,100,100
bar_random_4,bar,random,4,1114646,8117087,padded_control,10,encoder_block_10,-0.9923391342163086,69,100,100
bar_random_4,bar,random,4,1114646,8117087,padded_control,11,encoder_block_11,-1.751667857170105,55,100,100
bar_random_4,bar,random,4,1114646,8117087,padded_control,12,encoder_block_12,-3.4340944290161133,16,100,100
bar_random_4,bar,random,4,1114646,8117087,attack,0,embedding,0.1985468864440918,79,100,100
bar_random_4,bar,random,4,1114646,8117087,attack,1,encoder_block_1,-0.1616854667663574,76,100,100
bar_random_4,bar,random,4,1114646,8117087,attack,2,encoder_block_2,-0.0788187980651855,70,100,100
bar_random_4,bar,random,4,1114646,8117087,attack,3,encoder_block_3,-0.2110991477966308,79,100,100
bar_random_4,bar,random,4,1114646,8117087,attack,4,encoder_block_4,-0.4561197757720947,92,100,100
bar_random_4,bar,random,4,1114646,8117087,attack,5,encoder_block_5,-0.6027987003326416,92,100,100
bar_random_4,bar,random,4,1114646,8117087,attack,6,encoder_block_6,-0.8282146453857422,96,100,100
bar_random_4,bar,random,4,1114646,8117087,attack,7,encoder_block_7,-0.7145895957946777,91,100,100
bar_random_4,bar,random,4,1114646,8117087,attack,8,encoder_block_8,-0.7042123079299927,94,100,100
bar_random_4,bar,random,4,1114646,8117087,attack,9,encoder_block_9,-0.2581715583801269,75,100,100
bar_random_4,bar,random,4,1114646,8117087,attack,10,encoder_block_10,-0.9899519681930542,69,100,100
bar_random_4,bar,random,4,1114646,8117087,attack,11,encoder_block_11,-1.8385570049285889,56,100,100
bar_random_4,bar,random,4,1114646,8117087,attack,12,encoder_block_12,-4.058557510375977,18,100,100
bar_random_4,bar,random,4,1114819,5521373,original,0,embedding,0.9298124313354492,29,100,100
bar_random_4,bar,random,4,1114819,5521373,original,1,encoder_block_1,0.8040676116943359,35,100,100
bar_random_4,bar,random,4,1114819,5521373,original,2,encoder_block_2,0.9285264015197754,36,100,100
bar_random_4,bar,random,4,1114819,5521373,original,3,encoder_block_3,0.8773107528686523,57,100,100
bar_random_4,bar,random,4,1114819,5521373,original,4,encoder_block_4,0.6709322929382324,69,100,100
bar_random_4,bar,random,4,1114819,5521373,original,5,encoder_block_5,0.5512998104095459,56,100,100
bar_random_4,bar,random,4,1114819,5521373,original,6,encoder_block_6,0.5644142627716064,52,100,100
bar_random_4,bar,random,4,1114819,5521373,original,7,encoder_block_7,0.5560307502746582,47,100,100
bar_random_4,bar,random,4,1114819,5521373,original,8,encoder_block_8,0.8099603652954102,33,100,100
bar_random_4,bar,random,4,1114819,5521373,original,9,encoder_block_9,1.0669748783111572,25,100,100
bar_random_4,bar,random,4,1114819,5521373,original,10,encoder_block_10,1.0764141082763672,15,100,100
bar_random_4,bar,random,4,1114819,5521373,original,11,encoder_block_11,2.5245814323425293,15,100,100
bar_random_4,bar,random,4,1114819,5521373,original,12,encoder_block_12,4.793581008911133,9,100,100
bar_random_4,bar,random,4,1114819,5521373,padded_control,0,embedding,0.9298129081726074,29,100,100
bar_random_4,bar,random,4,1114819,5521373,padded_control,1,encoder_block_1,0.8101224899291992,34,100,100
bar_random_4,bar,random,4,1114819,5521373,padded_control,2,encoder_block_2,0.92718505859375,38,100,100
bar_random_4,bar,random,4,1114819,5521373,padded_control,3,encoder_block_3,0.8653240203857422,60,100,100
bar_random_4,bar,random,4,1114819,5521373,padded_control,4,encoder_block_4,0.6538324356079102,72,100,100
bar_random_4,bar,random,4,1114819,5521373,padded_control,5,encoder_block_5,0.5354857444763184,58,100,100
bar_random_4,bar,random,4,1114819,5521373,padded_control,6,encoder_block_6,0.5505101680755615,53,100,100
bar_random_4,bar,random,4,1114819,5521373,padded_control,7,encoder_block_7,0.5384070873260498,48,100,100
bar_random_4,bar,random,4,1114819,5521373,padded_control,8,encoder_block_8,0.7908036708831787,34,100,100
bar_random_4,bar,random,4,1114819,5521373,padded_control,9,encoder_block_9,1.0518584251403809,27,100,100
bar_random_4,bar,random,4,1114819,5521373,padded_control,10,encoder_block_10,1.058967113494873,16,100,100
bar_random_4,bar,random,4,1114819,5521373,padded_control,11,encoder_block_11,2.547591209411621,12,100,100
bar_random_4,bar,random,4,1114819,5521373,padded_control,12,encoder_block_12,4.821680068969727,9,100,100
bar_random_4,bar,random,4,1114819,5521373,attack,0,embedding,0.5405011177062988,65,100,100
bar_random_4,bar,random,4,1114819,5521373,attack,1,encoder_block_1,0.6088910102844238,52,100,100
bar_random_4,bar,random,4,1114819,5521373,attack,2,encoder_block_2,0.7919092178344727,51,100,100
bar_random_4,bar,random,4,1114819,5521373,attack,3,encoder_block_3,0.7392444610595703,74,100,100
bar_random_4,bar,random,4,1114819,5521373,attack,4,encoder_block_4,0.5098228454589844,85,100,100
bar_random_4,bar,random,4,1114819,5521373,attack,5,encoder_block_5,0.3538393974304199,87,100,100
bar_random_4,bar,random,4,1114819,5521373,attack,6,encoder_block_6,0.4417486190795898,76,100,100
bar_random_4,bar,random,4,1114819,5521373,attack,7,encoder_block_7,0.4481754302978515,60,100,100
bar_random_4,bar,random,4,1114819,5521373,attack,8,encoder_block_8,0.7180876731872559,48,100,100
bar_random_4,bar,random,4,1114819,5521373,attack,9,encoder_block_9,1.0173683166503906,30,100,100
bar_random_4,bar,random,4,1114819,5521373,attack,10,encoder_block_10,1.0228159427642822,18,100,100
bar_random_4,bar,random,4,1114819,5521373,attack,11,encoder_block_11,2.561896324157715,11,100,100
bar_random_4,bar,random,4,1114819,5521373,attack,12,encoder_block_12,4.864069938659668,9,100,100
bar_random_4,bar,random,4,1115776,8106323,original,0,embedding,-0.0940017700195312,86,100,100
bar_random_4,bar,random,4,1115776,8106323,original,1,encoder_block_1,-0.214996337890625,74,100,100
bar_random_4,bar,random,4,1115776,8106323,original,2,encoder_block_2,0.263092041015625,47,100,100
bar_random_4,bar,random,4,1115776,8106323,original,3,encoder_block_3,0.374537706375122,49,100,100
bar_random_4,bar,random,4,1115776,8106323,original,4,encoder_block_4,0.3625969886779785,47,100,100
bar_random_4,bar,random,4,1115776,8106323,original,5,encoder_block_5,0.3879518508911133,32,100,100
bar_random_4,bar,random,4,1115776,8106323,original,6,encoder_block_6,0.3969943523406982,30,100,100
bar_random_4,bar,random,4,1115776,8106323,original,7,encoder_block_7,0.3084838390350342,38,100,100
bar_random_4,bar,random,4,1115776,8106323,original,8,encoder_block_8,0.4813952445983886,25,100,100
bar_random_4,bar,random,4,1115776,8106323,original,9,encoder_block_9,0.520807147026062,21,100,100
bar_random_4,bar,random,4,1115776,8106323,original,10,encoder_block_10,-0.291603684425354,23,100,100
bar_random_4,bar,random,4,1115776,8106323,original,11,encoder_block_11,-1.8993338346481323,40,100,100
bar_random_4,bar,random,4,1115776,8106323,original,12,encoder_block_12,-12.078439712524414,74,100,100
bar_random_4,bar,random,4,1115776,8106323,padded_control,0,embedding,-0.0940008163452148,86,100,100
bar_random_4,bar,random,4,1115776,8106323,padded_control,1,encoder_block_1,-0.2194681167602539,74,100,100
bar_random_4,bar,random,4,1115776,8106323,padded_control,2,encoder_block_2,0.2574372291564941,47,100,100
bar_random_4,bar,random,4,1115776,8106323,padded_control,3,encoder_block_3,0.3760082721710205,49,100,100
bar_random_4,bar,random,4,1115776,8106323,padded_control,4,encoder_block_4,0.3653347492218017,47,100,100
bar_random_4,bar,random,4,1115776,8106323,padded_control,5,encoder_block_5,0.3828481435775757,32,100,100
bar_random_4,bar,random,4,1115776,8106323,padded_control,6,encoder_block_6,0.392143964767456,32,100,100
bar_random_4,bar,random,4,1115776,8106323,padded_control,7,encoder_block_7,0.2986812591552734,38,100,100
bar_random_4,bar,random,4,1115776,8106323,padded_control,8,encoder_block_8,0.46978360414505,25,100,100
bar_random_4,bar,random,4,1115776,8106323,padded_control,9,encoder_block_9,0.5090246796607971,22,100,100
bar_random_4,bar,random,4,1115776,8106323,padded_control,10,encoder_block_10,-0.3108185529708862,26,100,100
bar_random_4,bar,random,4,1115776,8106323,padded_control,11,encoder_block_11,-1.876986742019653,39,100,100
bar_random_4,bar,random,4,1115776,8106323,padded_control,12,encoder_block_12,-12.161256790161133,75,100,100
bar_random_4,bar,random,4,1115776,8106323,attack,0,embedding,-0.531181812286377,100,100,100
bar_random_4,bar,random,4,1115776,8106323,attack,1,encoder_block_1,-0.6244981288909912,92,100,100
bar_random_4,bar,random,4,1115776,8106323,attack,2,encoder_block_2,0.0436329841613769,65,100,100
bar_random_4,bar,random,4,1115776,8106323,attack,3,encoder_block_3,0.0526390075683593,68,100,100
bar_random_4,bar,random,4,1115776,8106323,attack,4,encoder_block_4,0.1163442134857177,60,100,100
bar_random_4,bar,random,4,1115776,8106323,attack,5,encoder_block_5,0.1941836476325988,46,100,100
bar_random_4,bar,random,4,1115776,8106323,attack,6,encoder_block_6,0.1499243974685669,48,100,100
bar_random_4,bar,random,4,1115776,8106323,attack,7,encoder_block_7,0.0742324590682983,50,100,100
bar_random_4,bar,random,4,1115776,8106323,attack,8,encoder_block_8,0.2998409271240234,39,100,100
bar_random_4,bar,random,4,1115776,8106323,attack,9,encoder_block_9,0.4180619716644287,28,100,100
bar_random_4,bar,random,4,1115776,8106323,attack,10,encoder_block_10,-0.3744135499000549,31,100,100
bar_random_4,bar,random,4,1115776,8106323,attack,11,encoder_block_11,-2.149884581565857,44,100,100
bar_random_4,bar,random,4,1115776,8106323,attack,12,encoder_block_12,-12.461995124816896,85,100,100
bar_random_4,bar,random,4,1117099,8093931,original,0,embedding,0.6646270751953125,25,100,100
bar_random_4,bar,random,4,1117099,8093931,original,1,encoder_block_1,0.2695531845092773,42,100,100
bar_random_4,bar,random,4,1117099,8093931,original,2,encoder_block_2,0.2809982299804687,42,100,100
bar_random_4,bar,random,4,1117099,8093931,original,3,encoder_block_3,0.1374320983886718,46,100,100
bar_random_4,bar,random,4,1117099,8093931,original,4,encoder_block_4,0.0212702751159667,55,100,100
bar_random_4,bar,random,4,1117099,8093931,original,5,encoder_block_5,0.0369272232055664,54,100,100
bar_random_4,bar,random,4,1117099,8093931,original,6,encoder_block_6,0.1331763267517089,44,100,100
bar_random_4,bar,random,4,1117099,8093931,original,7,encoder_block_7,0.1126213073730468,47,100,100
bar_random_4,bar,random,4,1117099,8093931,original,8,encoder_block_8,0.1447963714599609,52,100,100
bar_random_4,bar,random,4,1117099,8093931,original,9,encoder_block_9,0.2922570705413818,42,100,100
bar_random_4,bar,random,4,1117099,8093931,original,10,encoder_block_10,0.3431308269500732,48,100,100
bar_random_4,bar,random,4,1117099,8093931,original,11,encoder_block_11,1.3816022872924805,27,100,100
bar_random_4,bar,random,4,1117099,8093931,original,12,encoder_block_12,2.529758632183075,22,100,100
bar_random_4,bar,random,4,1117099,8093931,padded_control,0,embedding,0.6646270751953125,25,100,100
bar_random_4,bar,random,4,1117099,8093931,padded_control,1,encoder_block_1,0.2690820693969726,42,100,100
bar_random_4,bar,random,4,1117099,8093931,padded_control,2,encoder_block_2,0.2845921516418457,41,100,100
bar_random_4,bar,random,4,1117099,8093931,padded_control,3,encoder_block_3,0.1438171863555908,45,100,100
bar_random_4,bar,random,4,1117099,8093931,padded_control,4,encoder_block_4,0.028191328048706,53,100,100
bar_random_4,bar,random,4,1117099,8093931,padded_control,5,encoder_block_5,0.0446178913116455,53,100,100
bar_random_4,bar,random,4,1117099,8093931,padded_control,6,encoder_block_6,0.1296241283416748,45,100,100
bar_random_4,bar,random,4,1117099,8093931,padded_control,7,encoder_block_7,0.1126527786254882,47,100,100
bar_random_4,bar,random,4,1117099,8093931,padded_control,8,encoder_block_8,0.1338086128234863,52,100,100
bar_random_4,bar,random,4,1117099,8093931,padded_control,9,encoder_block_9,0.2841184139251709,43,100,100
bar_random_4,bar,random,4,1117099,8093931,padded_control,10,encoder_block_10,0.341771125793457,48,100,100
bar_random_4,bar,random,4,1117099,8093931,padded_control,11,encoder_block_11,1.3688240051269531,27,100,100
bar_random_4,bar,random,4,1117099,8093931,padded_control,12,encoder_block_12,2.4676809310913086,22,100,100
bar_random_4,bar,random,4,1117099,8093931,attack,0,embedding,0.4683961868286133,36,100,100
bar_random_4,bar,random,4,1117099,8093931,attack,1,encoder_block_1,0.2394690513610839,42,100,100
bar_random_4,bar,random,4,1117099,8093931,attack,2,encoder_block_2,0.287139892578125,41,100,100
bar_random_4,bar,random,4,1117099,8093931,attack,3,encoder_block_3,0.0925679206848144,49,100,100
bar_random_4,bar,random,4,1117099,8093931,attack,4,encoder_block_4,0.0116200447082519,56,100,100
bar_random_4,bar,random,4,1117099,8093931,attack,5,encoder_block_5,0.0081586837768554,56,100,100
bar_random_4,bar,random,4,1117099,8093931,attack,6,encoder_block_6,0.1468679904937744,42,100,100
bar_random_4,bar,random,4,1117099,8093931,attack,7,encoder_block_7,0.1002373695373535,47,100,100
bar_random_4,bar,random,4,1117099,8093931,attack,8,encoder_block_8,0.1720857620239257,49,100,100
bar_random_4,bar,random,4,1117099,8093931,attack,9,encoder_block_9,0.3173696994781494,42,100,100
bar_random_4,bar,random,4,1117099,8093931,attack,10,encoder_block_10,0.4478719234466553,44,100,100
bar_random_4,bar,random,4,1117099,8093931,attack,11,encoder_block_11,1.4949853420257568,21,100,100
bar_random_4,bar,random,4,1117099,8093931,attack,12,encoder_block_12,2.6266019344329834,21,100,100
bar_random_4,bar,random,4,1121402,8052624,original,0,embedding,0.3495612144470215,80,100,100
bar_random_4,bar,random,4,1121402,8052624,original,1,encoder_block_1,0.2696928977966308,65,100,100
bar_random_4,bar,random,4,1121402,8052624,original,2,encoder_block_2,0.4348392486572265,58,100,100
bar_random_4,bar,random,4,1121402,8052624,original,3,encoder_block_3,0.5248277187347412,51,100,100
bar_random_4,bar,random,4,1121402,8052624,original,4,encoder_block_4,0.6406412124633789,39,100,100
bar_random_4,bar,random,4,1121402,8052624,original,5,encoder_block_5,0.7257304191589355,31,100,100
bar_random_4,bar,random,4,1121402,8052624,original,6,encoder_block_6,0.8011765480041504,22,100,100
bar_random_4,bar,random,4,1121402,8052624,original,7,encoder_block_7,0.8908953666687012,14,100,100
bar_random_4,bar,random,4,1121402,8052624,original,8,encoder_block_8,0.9932317733764648,13,100,100
bar_random_4,bar,random,4,1121402,8052624,original,9,encoder_block_9,0.9872844219207764,11,100,100
bar_random_4,bar,random,4,1121402,8052624,original,10,encoder_block_10,1.3212480545043943,2,100,100
bar_random_4,bar,random,4,1121402,8052624,original,11,encoder_block_11,3.356931686401367,1,100,100
bar_random_4,bar,random,4,1121402,8052624,original,12,encoder_block_12,5.915290832519531,2,100,100
bar_random_4,bar,random,4,1121402,8052624,padded_control,0,embedding,0.3495607376098633,80,100,100
bar_random_4,bar,random,4,1121402,8052624,padded_control,1,encoder_block_1,0.2760319709777832,65,100,100
bar_random_4,bar,random,4,1121402,8052624,padded_control,2,encoder_block_2,0.4316916465759277,58,100,100
bar_random_4,bar,random,4,1121402,8052624,padded_control,3,encoder_block_3,0.5275859832763672,50,100,100
bar_random_4,bar,random,4,1121402,8052624,padded_control,4,encoder_block_4,0.638007640838623,39,100,100
bar_random_4,bar,random,4,1121402,8052624,padded_control,5,encoder_block_5,0.7319393157958984,30,100,100
bar_random_4,bar,random,4,1121402,8052624,padded_control,6,encoder_block_6,0.7976317405700684,22,100,100
bar_random_4,bar,random,4,1121402,8052624,padded_control,7,encoder_block_7,0.8811421394348145,14,100,100
bar_random_4,bar,random,4,1121402,8052624,padded_control,8,encoder_block_8,0.9882328510284424,13,100,100
bar_random_4,bar,random,4,1121402,8052624,padded_control,9,encoder_block_9,0.9706311225891112,12,100,100
bar_random_4,bar,random,4,1121402,8052624,padded_control,10,encoder_block_10,1.3029470443725586,2,100,100
bar_random_4,bar,random,4,1121402,8052624,padded_control,11,encoder_block_11,3.3243722915649414,1,100,100
bar_random_4,bar,random,4,1121402,8052624,padded_control,12,encoder_block_12,5.8986663818359375,2,100,100
bar_random_4,bar,random,4,1121402,8052624,attack,0,embedding,0.0093169212341308,92,100,100
bar_random_4,bar,random,4,1121402,8052624,attack,1,encoder_block_1,0.0580725669860839,82,100,100
bar_random_4,bar,random,4,1121402,8052624,attack,2,encoder_block_2,0.2675662040710449,70,100,100
bar_random_4,bar,random,4,1121402,8052624,attack,3,encoder_block_3,0.356957197189331,67,100,100
bar_random_4,bar,random,4,1121402,8052624,attack,4,encoder_block_4,0.4947412014007568,49,100,100
bar_random_4,bar,random,4,1121402,8052624,attack,5,encoder_block_5,0.5644619464874268,41,100,100
bar_random_4,bar,random,4,1121402,8052624,attack,6,encoder_block_6,0.6717820167541504,30,100,100
bar_random_4,bar,random,4,1121402,8052624,attack,7,encoder_block_7,0.7412495613098145,23,100,100
bar_random_4,bar,random,4,1121402,8052624,attack,8,encoder_block_8,0.9032680988311768,20,100,100
bar_random_4,bar,random,4,1121402,8052624,attack,9,encoder_block_9,0.9288482666015624,13,100,100
bar_random_4,bar,random,4,1121402,8052624,attack,10,encoder_block_10,1.2471723556518557,3,100,100
bar_random_4,bar,random,4,1121402,8052624,attack,11,encoder_block_11,3.340906143188477,1,100,100
bar_random_4,bar,random,4,1121402,8052624,attack,12,encoder_block_12,5.968732833862305,1,100,100
bar_random_4,bar,random,4,1121709,1269175,original,0,embedding,0.3117632865905761,76,100,100
bar_random_4,bar,random,4,1121709,1269175,original,1,encoder_block_1,0.148996353149414,58,100,100
bar_random_4,bar,random,4,1121709,1269175,original,2,encoder_block_2,0.6813814640045166,47,100,100
bar_random_4,bar,random,4,1121709,1269175,original,3,encoder_block_3,0.6404454708099365,47,100,100
bar_random_4,bar,random,4,1121709,1269175,original,4,encoder_block_4,0.6799132823944092,57,100,100
bar_random_4,bar,random,4,1121709,1269175,original,5,encoder_block_5,0.5350496768951416,67,100,100
bar_random_4,bar,random,4,1121709,1269175,original,6,encoder_block_6,0.5691186189651489,65,100,100
bar_random_4,bar,random,4,1121709,1269175,original,7,encoder_block_7,0.6213798522949219,62,100,100
bar_random_4,bar,random,4,1121709,1269175,original,8,encoder_block_8,0.6074302196502686,62,100,100
bar_random_4,bar,random,4,1121709,1269175,original,9,encoder_block_9,0.620168924331665,73,100,100
bar_random_4,bar,random,4,1121709,1269175,original,10,encoder_block_10,0.2710539698600769,28,100,100
bar_random_4,bar,random,4,1121709,1269175,original,11,encoder_block_11,-1.3682814836502075,25,100,100
bar_random_4,bar,random,4,1121709,1269175,original,12,encoder_block_12,-12.051349639892578,34,100,100
bar_random_4,bar,random,4,1121709,1269175,padded_control,0,embedding,0.3117628097534179,76,100,100
bar_random_4,bar,random,4,1121709,1269175,padded_control,1,encoder_block_1,0.1538629531860351,58,100,100
bar_random_4,bar,random,4,1121709,1269175,padded_control,2,encoder_block_2,0.676978349685669,47,100,100
bar_random_4,bar,random,4,1121709,1269175,padded_control,3,encoder_block_3,0.633246660232544,48,100,100
bar_random_4,bar,random,4,1121709,1269175,padded_control,4,encoder_block_4,0.6692090034484863,58,100,100
bar_random_4,bar,random,4,1121709,1269175,padded_control,5,encoder_block_5,0.5275986194610596,67,100,100
bar_random_4,bar,random,4,1121709,1269175,padded_control,6,encoder_block_6,0.5656263828277588,66,100,100
bar_random_4,bar,random,4,1121709,1269175,padded_control,7,encoder_block_7,0.6149723529815674,62,100,100
bar_random_4,bar,random,4,1121709,1269175,padded_control,8,encoder_block_8,0.5937141180038452,63,100,100
bar_random_4,bar,random,4,1121709,1269175,padded_control,9,encoder_block_9,0.6146328449249268,73,100,100
bar_random_4,bar,random,4,1121709,1269175,padded_control,10,encoder_block_10,0.279244065284729,28,100,100
bar_random_4,bar,random,4,1121709,1269175,padded_control,11,encoder_block_11,-1.3123997449874878,24,100,100
bar_random_4,bar,random,4,1121709,1269175,padded_control,12,encoder_block_12,-11.979663848876951,33,100,100
bar_random_4,bar,random,4,1121709,1269175,attack,0,embedding,0.336336612701416,74,100,100
bar_random_4,bar,random,4,1121709,1269175,attack,1,encoder_block_1,0.045753002166748,69,100,100
bar_random_4,bar,random,4,1121709,1269175,attack,2,encoder_block_2,0.5489201545715332,51,100,100
bar_random_4,bar,random,4,1121709,1269175,attack,3,encoder_block_3,0.5253381729125977,58,100,100
bar_random_4,bar,random,4,1121709,1269175,attack,4,encoder_block_4,0.5657010078430176,70,100,100
bar_random_4,bar,random,4,1121709,1269175,attack,5,encoder_block_5,0.382307767868042,79,100,100
bar_random_4,bar,random,4,1121709,1269175,attack,6,encoder_block_6,0.4324314594268799,79,100,100
bar_random_4,bar,random,4,1121709,1269175,attack,7,encoder_block_7,0.473747968673706,74,100,100
bar_random_4,bar,random,4,1121709,1269175,attack,8,encoder_block_8,0.4817210435867309,70,100,100
bar_random_4,bar,random,4,1121709,1269175,attack,9,encoder_block_9,0.5537295341491699,79,100,100
bar_random_4,bar,random,4,1121709,1269175,attack,10,encoder_block_10,0.2393367290496826,31,100,100
bar_random_4,bar,random,4,1121709,1269175,attack,11,encoder_block_11,-1.519432783126831,28,100,100
bar_random_4,bar,random,4,1121709,1269175,attack,12,encoder_block_12,-12.097410202026367,34,100,100
