qid,docid,layer,component,direction,control_score,attack_score,patched_score,effect
1106007,5434099,0,encoder_self_attn,forward,-8.472354888916016,-8.148195266723633,-8.508537292480469,-0.11161909469088513
1106007,5434099,0,encoder_self_attn,reverse,-8.472354888916016,-8.148195266723633,-8.147933959960938,-0.0008061052173247898
1106007,5434099,0,encoder_mlp,forward,-8.472354888916016,-8.148195266723633,-8.507699966430664,-0.1090360276076327
1106007,5434099,0,encoder_mlp,reverse,-8.472354888916016,-8.148195266723633,-8.288544654846191,0.4329638194088954
1106007,5434099,1,encoder_self_attn,forward,-8.472354888916016,-8.148195266723633,-8.466609001159668,0.017725488811612622
1106007,5434099,1,encoder_self_attn,reverse,-8.472354888916016,-8.148195266723633,-8.148273468017578,0.00024124316722858673
1106007,5434099,1,encoder_mlp,forward,-8.472354888916016,-8.148195266723633,-8.412187576293945,0.18561013927379924
1106007,5434099,1,encoder_mlp,reverse,-8.472354888916016,-8.148195266723633,-8.15913200378418,0.03373873953387113
1106007,5434099,2,encoder_self_attn,forward,-8.472354888916016,-8.148195266723633,-8.496427536010742,-0.0742617076485852
1106007,5434099,2,encoder_self_attn,reverse,-8.472354888916016,-8.148195266723633,-8.105216979980469,-0.13258371432101818
1106007,5434099,2,encoder_mlp,forward,-8.472354888916016,-8.148195266723633,-8.444581031799316,0.08567957023412355
1106007,5434099,2,encoder_mlp,reverse,-8.472354888916016,-8.148195266723633,-8.187177658081055,0.12025677687360624
1106007,5434099,3,encoder_self_attn,forward,-8.472354888916016,-8.148195266723633,-8.544122695922852,-0.22139650373926908
1106007,5434099,3,encoder_self_attn,reverse,-8.472354888916016,-8.148195266723633,-8.154465675354004,0.019343583225950704
1106007,5434099,3,encoder_mlp,forward,-8.472354888916016,-8.148195266723633,-8.47747802734375,-0.01580436944331668
1106007,5434099,3,encoder_mlp,reverse,-8.472354888916016,-8.148195266723633,-8.204093933105469,0.1724417927309315
1106007,5434099,4,encoder_self_attn,forward,-8.472354888916016,-8.148195266723633,-8.48826789855957,-0.04909004254117315
1106007,5434099,4,encoder_self_attn,reverse,-8.472354888916016,-8.148195266723633,-8.168376922607422,0.06225838908404088
1106007,5434099,4,encoder_mlp,forward,-8.472354888916016,-8.148195266723633,-8.493043899536133,-0.06382352768118245
1106007,5434099,4,encoder_mlp,reverse,-8.472354888916016,-8.148195266723633,-8.156355857849121,0.025174607097256302
1106007,5434099,5,encoder_self_attn,forward,-8.472354888916016,-8.148195266723633,-8.390546798706055,0.2523697728195442
1106007,5434099,5,encoder_self_attn,reverse,-8.472354888916016,-8.148195266723633,-8.26563835144043,0.3623001653398292
1106007,5434099,5,encoder_mlp,forward,-8.472354888916016,-8.148195266723633,-8.496711730957031,-0.075138420622172
1106007,5434099,5,encoder_mlp,reverse,-8.472354888916016,-8.148195266723633,-8.15791130065918,0.029972992533229777
1106007,5434099,6,encoder_self_attn,forward,-8.472354888916016,-8.148195266723633,-8.485459327697754,-0.04042588244985378
1106007,5434099,6,encoder_self_attn,reverse,-8.472354888916016,-8.148195266723633,-8.124801635742188,-0.07216701087947844
1106007,5434099,6,encoder_mlp,forward,-8.472354888916016,-8.148195266723633,-8.432327270507812,0.12348119774290539
1106007,5434099,6,encoder_mlp,reverse,-8.472354888916016,-8.148195266723633,-8.15814208984375,0.03068495407553853
1106007,5434099,7,encoder_self_attn,forward,-8.472354888916016,-8.148195266723633,-8.508731842041016,-0.11221926061911235
1106007,5434099,7,encoder_self_attn,reverse,-8.472354888916016,-8.148195266723633,-8.193117141723633,0.1385794896236018
1106007,5434099,7,encoder_mlp,forward,-8.472354888916016,-8.148195266723633,-8.388551712036133,0.2585244155737174
1106007,5434099,7,encoder_mlp,reverse,-8.472354888916016,-8.148195266723633,-8.280315399169922,0.407577389042853
1106007,5434099,8,encoder_self_attn,forward,-8.472354888916016,-8.148195266723633,-8.428533554077148,0.1351844333433361
1106007,5434099,8,encoder_self_attn,reverse,-8.472354888916016,-8.148195266723633,-8.160470008850098,0.037866351285355364
1106007,5434099,8,encoder_mlp,forward,-8.472354888916016,-8.148195266723633,-8.286865234375,0.5722170247068307
1106007,5434099,8,encoder_mlp,reverse,-8.472354888916016,-8.148195266723633,-8.327320098876953,0.5525821844862991
1106007,5434099,9,encoder_self_attn,forward,-8.472354888916016,-8.148195266723633,-8.236331939697266,0.7281071825740058
1106007,5434099,9,encoder_self_attn,reverse,-8.472354888916016,-8.148195266723633,-8.377930641174316,0.7087106435308586
1106007,5434099,9,encoder_mlp,forward,-8.472354888916016,-8.148195266723633,-8.480485916137695,-0.02508340541208452
1106007,5434099,9,encoder_mlp,reverse,-8.472354888916016,-8.148195266723633,-8.130224227905273,-0.05543885662506693
1106007,5434099,10,encoder_self_attn,forward,-8.472354888916016,-8.148195266723633,-8.17737102508545,0.9099957046948274
1106007,5434099,10,encoder_self_attn,reverse,-8.472354888916016,-8.148195266723633,-8.43589973449707,0.887539496213659
1106007,5434099,10,encoder_mlp,forward,-8.472354888916016,-8.148195266723633,-8.475886344909668,-0.010894188393261667
1106007,5434099,10,encoder_mlp,reverse,-8.472354888916016,-8.148195266723633,-8.132768630981445,-0.047589627720605106
1106007,5434099,11,encoder_self_attn,forward,-8.472354888916016,-8.148195266723633,-8.202774047851562,0.831629921213512
1106007,5434099,11,encoder_self_attn,reverse,-8.472354888916016,-8.148195266723633,-8.410272598266602,0.8084823451189447
1106007,5434099,11,encoder_mlp,forward,-8.472354888916016,-8.148195266723633,-8.388692855834961,0.2580890010767683
1106007,5434099,11,encoder_mlp,reverse,-8.472354888916016,-8.148195266723633,-8.233458518981934,0.2630286020252658
1106007,5434099,0,decoder_self_attn,forward,-8.472354888916016,-8.148195266723633,-8.472354888916016,0.0
1106007,5434099,0,decoder_self_attn,reverse,-8.472354888916016,-8.148195266723633,-8.148195266723633,0.0
1106007,5434099,0,decoder_cross_attn,forward,-8.472354888916016,-8.148195266723633,-8.474279403686523,-0.005936935505698634
1106007,5434099,0,decoder_cross_attn,reverse,-8.472354888916016,-8.148195266723633,-8.146590232849121,-0.00495136890787453
1106007,5434099,0,decoder_mlp,forward,-8.472354888916016,-8.148195266723633,-8.473360061645508,-0.003100857295840615
1106007,5434099,0,decoder_mlp,reverse,-8.472354888916016,-8.148195266723633,-8.147222518920898,-0.0030008296411360787
1106007,5434099,1,decoder_self_attn,forward,-8.472354888916016,-8.148195266723633,-8.471781730651855,0.0017681358963948857
1106007,5434099,1,decoder_self_attn,reverse,-8.472354888916016,-8.148195266723633,-8.148595809936523,0.0012356357345854442
1106007,5434099,1,decoder_cross_attn,forward,-8.472354888916016,-8.148195266723633,-8.476991653442383,-0.014303954622748642
1106007,5434099,1,decoder_cross_attn,reverse,-8.472354888916016,-8.148195266723633,-8.144586563110352,-0.011132489570646002
1106007,5434099,1,decoder_mlp,forward,-8.472354888916016,-8.148195266723633,-8.471566200256348,0.0024330256011956247
1106007,5434099,1,decoder_mlp,reverse,-8.472354888916016,-8.148195266723633,-8.148813247680664,0.0019064094190746853
1106007,5434099,2,decoder_self_attn,forward,-8.472354888916016,-8.148195266723633,-8.474181175231934,-0.005633910551740775
1106007,5434099,2,decoder_self_attn,reverse,-8.472354888916016,-8.148195266723633,-8.146419525146484,-0.00547798508999547
1106007,5434099,2,decoder_cross_attn,forward,-8.472354888916016,-8.148195266723633,-8.452022552490234,0.06272322347943254
1106007,5434099,2,decoder_cross_attn,reverse,-8.472354888916016,-8.148195266723633,-8.168760299682617,0.0634410690014298
1106007,5434099,2,decoder_mlp,forward,-8.472354888916016,-8.148195266723633,-8.471506118774414,0.0026183709613834412
1106007,5434099,2,decoder_mlp,reverse,-8.472354888916016,-8.148195266723633,-8.149099349975586,0.0027890063723500025
1106007,5434099,3,decoder_self_attn,forward,-8.472354888916016,-8.148195266723633,-8.470754623413086,0.004936658958653275
1106007,5434099,3,decoder_self_attn,reverse,-8.472354888916016,-8.148195266723633,-8.14991569519043,0.005307349679028908
1106007,5434099,3,decoder_cross_attn,forward,-8.472354888916016,-8.148195266723633,-8.465145111083984,0.022241443222537995
1106007,5434099,3,decoder_cross_attn,reverse,-8.472354888916016,-8.148195266723633,-8.155014038085938,0.021035227386395062
1106007,5434099,3,decoder_mlp,forward,-8.472354888916016,-8.148195266723633,-8.472733497619629,-0.00116796996816767
1106007,5434099,3,decoder_mlp,reverse,-8.472354888916016,-8.148195266723633,-8.147781372070312,-0.001276823592404959
1106007,5434099,4,decoder_self_attn,forward,-8.472354888916016,-8.148195266723633,-8.471975326538086,0.0011709119580119208
1106007,5434099,4,decoder_self_attn,reverse,-8.472354888916016,-8.148195266723633,-8.148530006408691,0.0010326384353321213
1106007,5434099,4,decoder_cross_attn,forward,-8.472354888916016,-8.148195266723633,-8.459668159484863,0.039137290898071816
1106007,5434099,4,decoder_cross_attn,reverse,-8.472354888916016,-8.148195266723633,-8.16081428527832,0.038928409619129994
1106007,5434099,4,decoder_mlp,forward,-8.472354888916016,-8.148195266723633,-8.47197151184082,0.001182679917388925
1106007,5434099,4,decoder_mlp,reverse,-8.472354888916016,-8.148195266723633,-8.148441314697266,0.0007590333798167729
1106007,5434099,5,decoder_self_attn,forward,-8.472354888916016,-8.148195266723633,-8.470182418823242,0.00670185286520391
1106007,5434099,5,decoder_self_attn,reverse,-8.472354888916016,-8.148195266723633,-8.150909423828125,0.00837290309673851
1106007,5434099,5,decoder_cross_attn,forward,-8.472354888916016,-8.148195266723633,-8.462451934814453,0.030549622542702982
1106007,5434099,5,decoder_cross_attn,reverse,-8.472354888916016,-8.148195266723633,-8.1583251953125,0.031249816125634735
1106007,5434099,5,decoder_mlp,forward,-8.472354888916016,-8.148195266723633,-8.47138786315918,0.0029831777020705723
1106007,5434099,5,decoder_mlp,reverse,-8.472354888916016,-8.148195266723633,-8.149457931518555,0.0038951945537884004
1106007,5434099,6,decoder_self_attn,forward,-8.472354888916016,-8.148195266723633,-8.477413177490234,-0.01560431413390761
1106007,5434099,6,decoder_self_attn,reverse,-8.472354888916016,-8.148195266723633,-8.143150329589844,-0.015563126276088095
1106007,5434099,6,decoder_cross_attn,forward,-8.472354888916016,-8.148195266723633,-8.446703910827637,0.0791307008408207
1106007,5434099,6,decoder_cross_attn,reverse,-8.472354888916016,-8.148195266723633,-8.174818992614746,0.08213153048195677
1106007,5434099,6,decoder_mlp,forward,-8.472354888916016,-8.148195266723633,-8.470159530639648,0.006772460621465934
1106007,5434099,6,decoder_mlp,reverse,-8.472354888916016,-8.148195266723633,-8.150440216064453,0.00692544409336699
1106007,5434099,7,decoder_self_attn,forward,-8.472354888916016,-8.148195266723633,-8.461310386657715,0.0340711843862715
1106007,5434099,7,decoder_self_attn,reverse,-8.472354888916016,-8.148195266723633,-8.159205436706543,0.03396527275187846
1106007,5434099,7,decoder_cross_attn,forward,-8.472354888916016,-8.148195266723633,-8.43756103515625,0.1073355574776556
1106007,5434099,7,decoder_cross_attn,reverse,-8.472354888916016,-8.148195266723633,-8.183256149291992,0.10815931463404588
1106007,5434099,7,decoder_mlp,forward,-8.472354888916016,-8.148195266723633,-8.475188255310059,-0.008740651827269892
1106007,5434099,7,decoder_mlp,reverse,-8.472354888916016,-8.148195266723633,-8.145546913146973,-0.008169905797485187
1106007,5434099,8,decoder_self_attn,forward,-8.472354888916016,-8.148195266723633,-8.467645645141602,0.014527545850911722
1106007,5434099,8,decoder_self_attn,reverse,-8.472354888916016,-8.148195266723633,-8.152868270874023,0.014415750236830182
1106007,5434099,8,decoder_cross_attn,forward,-8.472354888916016,-8.148195266723633,-8.4186372756958,0.16571346195712933
1106007,5434099,8,decoder_cross_attn,reverse,-8.472354888916016,-8.148195266723633,-8.202812194824219,0.16848775838025806
1106007,5434099,8,decoder_mlp,forward,-8.472354888916016,-8.148195266723633,-8.469888687133789,0.007607985737233235
1106007,5434099,8,decoder_mlp,reverse,-8.472354888916016,-8.148195266723633,-8.150543212890625,0.007243178996546104
1106007,5434099,9,decoder_self_attn,forward,-8.472354888916016,-8.148195266723633,-8.456947326660156,0.047530787923720084
1106007,5434099,9,decoder_self_attn,reverse,-8.472354888916016,-8.148195266723633,-8.164148330688477,0.04921360611463169
1106007,5434099,9,decoder_cross_attn,forward,-8.472354888916016,-8.148195266723633,-8.41841983795166,0.16638423564161856
1106007,5434099,9,decoder_cross_attn,reverse,-8.472354888916016,-8.148195266723633,-8.203460693359375,0.17048831147434879
1106007,5434099,9,decoder_mlp,forward,-8.472354888916016,-8.148195266723633,-8.46141242980957,0.03375639147293664
1106007,5434099,9,decoder_mlp,reverse,-8.472354888916016,-8.148195266723633,-8.159475326538086,0.03479785587780151
1106007,5434099,10,decoder_self_attn,forward,-8.472354888916016,-8.148195266723633,-8.45042610168457,0.06764811447870882
1106007,5434099,10,decoder_self_attn,reverse,-8.472354888916016,-8.148195266723633,-8.16994857788086,0.06710678834736662
1106007,5434099,10,decoder_cross_attn,forward,-8.472354888916016,-8.148195266723633,-8.447402954101562,0.07697422228498467
1106007,5434099,10,decoder_cross_attn,reverse,-8.472354888916016,-8.148195266723633,-8.173397064208984,0.07774502362417846
1106007,5434099,10,decoder_mlp,forward,-8.472354888916016,-8.148195266723633,-8.491983413696289,-0.060552034974375266
1106007,5434099,10,decoder_mlp,reverse,-8.472354888916016,-8.148195266723633,-8.129142761230469,-0.05877507310844763
1106007,5434099,11,decoder_self_attn,forward,-8.472354888916016,-8.148195266723633,-8.47455883026123,-0.006798938530064194
1106007,5434099,11,decoder_self_attn,reverse,-8.472354888916016,-8.148195266723633,-8.145708084106445,-0.007672709513806758
1106007,5434099,11,decoder_cross_attn,forward,-8.472354888916016,-8.148195266723633,-8.373071670532227,0.3062787947256006
1106007,5434099,11,decoder_cross_attn,reverse,-8.472354888916016,-8.148195266723633,-8.24832534790039,0.3088912817072956
1106007,5434099,11,decoder_mlp,forward,-8.472354888916016,-8.148195266723633,-8.445528984069824,0.082755232328938
1106007,5434099,11,decoder_mlp,reverse,-8.472354888916016,-8.148195266723633,-8.174768447875977,0.08197560502021146
1106007,7148689,0,encoder_self_attn,forward,-7.709657669067383,-7.443086624145508,-7.728569030761719,-0.0709430452203778
1106007,7148689,0,encoder_self_attn,reverse,-7.709657669067383,-7.443086624145508,-7.586306571960449,0.5372674585002862
1106007,7148689,0,encoder_mlp,forward,-7.709657669067383,-7.443086624145508,-7.703971862792969,0.021329421866056096
1106007,7148689,0,encoder_mlp,reverse,-7.709657669067383,-7.443086624145508,-7.527989387512207,0.3184995706926159
1106007,7148689,1,encoder_self_attn,forward,-7.709657669067383,-7.443086624145508,-7.7304582595825195,-0.07803019461934746
1106007,7148689,1,encoder_self_attn,reverse,-7.709657669067383,-7.443086624145508,-7.4386701583862305,-0.016567687464224386
1106007,7148689,1,encoder_mlp,forward,-7.709657669067383,-7.443086624145508,-7.711704254150391,-0.007677447052089296
1106007,7148689,1,encoder_mlp,reverse,-7.709657669067383,-7.443086624145508,-7.291980743408203,-0.566850314825415
1106007,7148689,2,encoder_self_attn,forward,-7.709657669067383,-7.443086624145508,-7.655860900878906,0.20181024613623355
1106007,7148689,2,encoder_self_attn,reverse,-7.709657669067383,-7.443086624145508,-7.440712928771973,-0.008904550658271322
1106007,7148689,2,encoder_mlp,forward,-7.709657669067383,-7.443086624145508,-7.689472198486328,0.07572266742987979
1106007,7148689,2,encoder_mlp,reverse,-7.709657669067383,-7.443086624145508,-7.440155029296875,-0.010997424155695478
1106007,7148689,3,encoder_self_attn,forward,-7.709657669067383,-7.443086624145508,-7.7026472091674805,0.026298654836863194
1106007,7148689,3,encoder_self_attn,reverse,-7.709657669067383,-7.443086624145508,-7.499883651733398,0.21306525472238122
1106007,7148689,3,encoder_mlp,forward,-7.709657669067383,-7.443086624145508,-7.716662406921387,-0.026277189467658845
1106007,7148689,3,encoder_mlp,reverse,-7.709657669067383,-7.443086624145508,-7.423732757568359,-0.07260303377218089
1106007,7148689,4,encoder_self_attn,forward,-7.709657669067383,-7.443086624145508,-7.701462745666504,0.03074198626216371
1106007,7148689,4,encoder_self_attn,reverse,-7.709657669067383,-7.443086624145508,-7.465579986572266,0.08438036634230109
1106007,7148689,4,encoder_mlp,forward,-7.709657669067383,-7.443086624145508,-7.700469017028809,0.03446980538065255
1106007,7148689,4,encoder_mlp,reverse,-7.709657669067383,-7.443086624145508,-7.458759307861328,0.05879364625071551
1106007,7148689,5,encoder_self_attn,forward,-7.709657669067383,-7.443086624145508,-7.686809539794922,0.0857112192329708
1106007,7148689,5,encoder_self_attn,reverse,-7.709657669067383,-7.443086624145508,-7.412343978881836,-0.11532627361190613
1106007,7148689,5,encoder_mlp,forward,-7.709657669067383,-7.443086624145508,-7.690282821655273,0.07268174012593016
1106007,7148689,5,encoder_mlp,reverse,-7.709657669067383,-7.443086624145508,-7.466266632080078,0.08695621064682313
1106007,7148689,6,encoder_self_attn,forward,-7.709657669067383,-7.443086624145508,-7.58624267578125,0.4629722381224957
1106007,7148689,6,encoder_self_attn,reverse,-7.709657669067383,-7.443086624145508,-7.53823184967041,0.35692258156840295
1106007,7148689,6,encoder_mlp,forward,-7.709657669067383,-7.443086624145508,-7.643160820007324,0.24945263308528906
1106007,7148689,6,encoder_mlp,reverse,-7.709657669067383,-7.443086624145508,-7.537202835083008,0.353062392673154
1106007,7148689,7,encoder_self_attn,forward,-7.709657669067383,-7.443086624145508,-7.717060089111328,-0.02776903262736119
1106007,7148689,7,encoder_self_attn,reverse,-7.709657669067383,-7.443086624145508,-7.456575393676758,0.05060103033772181
1106007,7148689,7,encoder_mlp,forward,-7.709657669067383,-7.443086624145508,-7.658809661865234,0.190748425872925
1106007,7148689,7,encoder_mlp,reverse,-7.709657669067383,-7.443086624145508,-7.516103744506836,0.27391242129364624
1106007,7148689,8,encoder_self_attn,forward,-7.709657669067383,-7.443086624145508,-7.611551284790039,0.3680309101316543
1106007,7148689,8,encoder_self_attn,reverse,-7.709657669067383,-7.443086624145508,-7.534458160400391,0.34276617057813397
1106007,7148689,8,encoder_mlp,forward,-7.709657669067383,-7.443086624145508,-7.645698547363281,0.2399327418431597
1106007,7148689,8,encoder_mlp,reverse,-7.709657669067383,-7.443086624145508,-7.524839401245117,0.30668288494562107
1106007,7148689,9,encoder_self_attn,forward,-7.709657669067383,-7.443086624145508,-7.535192489624023,0.654479107040641
1106007,7148689,9,encoder_self_attn,reverse,-7.709657669067383,-7.443086624145508,-7.611907958984375,0.6333070978820836
1106007,7148689,9,encoder_mlp,forward,-7.709657669067383,-7.443086624145508,-7.687112808227539,0.08457355466514024
1106007,7148689,9,encoder_mlp,reverse,-7.709657669067383,-7.443086624145508,-7.464519500732422,0.08040211791642816
1106007,7148689,10,encoder_self_attn,forward,-7.709657669067383,-7.443086624145508,-7.4862060546875,0.8382441327990842
1106007,7148689,10,encoder_self_attn,reverse,-7.709657669067383,-7.443086624145508,-7.640615463256836,0.7409988551803091
1106007,7148689,10,encoder_mlp,forward,-7.709657669067383,-7.443086624145508,-7.713578224182129,-0.014707355466514024
1106007,7148689,10,encoder_mlp,reverse,-7.709657669067383,-7.443086624145508,-7.429975509643555,-0.04918431597023469
1106007,7148689,11,encoder_self_attn,forward,-7.709657669067383,-7.443086624145508,-7.519010543823242,0.7151831711505438
1106007,7148689,11,encoder_self_attn,reverse,-7.709657669067383,-7.443086624145508,-7.633164405822754,0.7130473669147109
1106007,7148689,11,encoder_mlp,forward,-7.709657669067383,-7.443086624145508,-7.661260604858398,0.18155409273039497
1106007,7148689,11,encoder_mlp,reverse,-7.709657669067383,-7.443086624145508,-7.492101669311523,0.1838723526044648
1106007,7148689,0,decoder_self_attn,forward,-7.709657669067383,-7.443086624145508,-7.709657669067383,0.0
1106007,7148689,0,decoder_self_attn,reverse,-7.709657669067383,-7.443086624145508,-7.443086624145508,0.0
1106007,7148689,0,decoder_cross_attn,forward,-7.709657669067383,-7.443086624145508,-7.714628219604492,-0.018646250715512305
1106007,7148689,0,decoder_cross_attn,reverse,-7.709657669067383,-7.443086624145508,-7.437591552734375,-0.020613909559244418
1106007,7148689,0,decoder_mlp,forward,-7.709657669067383,-7.443086624145508,-7.71024227142334,-0.0021930452203777905
1106007,7148689,0,decoder_mlp,reverse,-7.709657669067383,-7.443086624145508,-7.442440032958984,-0.0024255867200915857
1106007,7148689,1,decoder_self_attn,forward,-7.709657669067383,-7.443086624145508,-7.708891868591309,0.0028727819118488838
1106007,7148689,1,decoder_self_attn,reverse,-7.709657669067383,-7.443086624145508,-7.44384765625,0.0028548941041785917
1106007,7148689,1,decoder_cross_attn,forward,-7.709657669067383,-7.443086624145508,-7.71225643157959,-0.009748855180309102
1106007,7148689,1,decoder_cross_attn,reverse,-7.709657669067383,-7.443086624145508,-7.440787315368652,-0.008625500858614767
1106007,7148689,1,decoder_mlp,forward,-7.709657669067383,-7.443086624145508,-7.708948135375977,0.002661705781339439
1106007,7148689,1,decoder_mlp,reverse,-7.709657669067383,-7.443086624145508,-7.443727493286133,0.0024041213508872354
1106007,7148689,2,decoder_self_attn,forward,-7.709657669067383,-7.443086624145508,-7.7108154296875,-0.00434315970234688
1106007,7148689,2,decoder_self_attn,reverse,-7.709657669067383,-7.443086624145508,-7.441860198974609,-0.004600744132799084
1106007,7148689,2,decoder_cross_attn,forward,-7.709657669067383,-7.443086624145508,-7.703470230102539,0.023211219232970808
1106007,7148689,2,decoder_cross_attn,reverse,-7.709657669067383,-7.443086624145508,-7.449407577514648,0.02371207784773898
1106007,7148689,2,decoder_mlp,forward,-7.709657669067383,-7.443086624145508,-7.710522651672363,-0.003244848311390956
1106007,7148689,2,decoder_mlp,reverse,-7.709657669067383,-7.443086624145508,-7.442146301269531,-0.0035274756725815685
1106007,7148689,3,decoder_self_attn,forward,-7.709657669067383,-7.443086624145508,-7.710323333740234,-0.0024971379507727535
1106007,7148689,3,decoder_self_attn,reverse,-7.709657669067383,-7.443086624145508,-7.442469596862793,-0.0023146823125357757
1106007,7148689,3,decoder_cross_attn,forward,-7.709657669067383,-7.443086624145508,-7.706977844238281,0.010052947910704064
1106007,7148689,3,decoder_cross_attn,reverse,-7.709657669067383,-7.443086624145508,-7.44594669342041,0.0107291070406411
1106007,7148689,3,decoder_mlp,forward,-7.709657669067383,-7.443086624145508,-7.708996772766113,0.0024792501431024614
1106007,7148689,3,decoder_mlp,reverse,-7.709657669067383,-7.443086624145508,-7.443785667419434,0.002622352604464797
1106007,7148689,4,decoder_self_attn,forward,-7.709657669067383,-7.443086624145508,-7.709958076477051,-0.0011269318832283915
1106007,7148689,4,decoder_self_attn,reverse,-7.709657669067383,-7.443086624145508,-7.442867279052734,-0.0008228391528334288
1106007,7148689,4,decoder_cross_attn,forward,-7.709657669067383,-7.443086624145508,-7.705264091491699,0.016481825987406985
1106007,7148689,4,decoder_cross_attn,reverse,-7.709657669067383,-7.443086624145508,-7.447460174560547,0.016406697195191756
1106007,7148689,4,decoder_mlp,forward,-7.709657669067383,-7.443086624145508,-7.709198951721191,0.0017208070978820835
1106007,7148689,4,decoder_mlp,reverse,-7.709657669067383,-7.443086624145508,-7.4435224533081055,0.0016349456210646824
1106007,7148689,5,decoder_self_attn,forward,-7.709657669067383,-7.443086624145508,-7.707511901855469,0.008049513451631369
1106007,7148689,5,decoder_self_attn,reverse,-7.709657669067383,-7.443086624145508,-7.445391654968262,0.008646966227819118
1106007,7148689,5,decoder_cross_attn,forward,-7.709657669067383,-7.443086624145508,-7.70640754699707,0.012192329708070979
1106007,7148689,5,decoder_cross_attn,reverse,-7.709657669067383,-7.443086624145508,-7.4463043212890625,0.012070692615912993
1106007,7148689,5,decoder_mlp,forward,-7.709657669067383,-7.443086624145508,-7.710411071777344,-0.002826273611906125
1106007,7148689,5,decoder_mlp,reverse,-7.709657669067383,-7.443086624145508,-7.442439079284668,-0.002429164281625644
1106007,7148689,6,decoder_self_attn,forward,-7.709657669067383,-7.443086624145508,-7.711969375610352,-0.008672009158557528
1106007,7148689,6,decoder_self_attn,reverse,-7.709657669067383,-7.443086624145508,-7.441070556640625,-0.007562965082999427
1106007,7148689,6,decoder_cross_attn,forward,-7.709657669067383,-7.443086624145508,-7.69914436340332,0.03943903835145964
1106007,7148689,6,decoder_cross_attn,reverse,-7.709657669067383,-7.443086624145508,-7.452898025512695,0.03680595306239267
1106007,7148689,6,decoder_mlp,forward,-7.709657669067383,-7.443086624145508,-7.709366798400879,0.0010911562678878077
1106007,7148689,6,decoder_mlp,reverse,-7.709657669067383,-7.443086624145508,-7.443458557128906,0.0013952489982827704
1106007,7148689,7,decoder_self_attn,forward,-7.709657669067383,-7.443086624145508,-7.705656051635742,0.015011448196908988
1106007,7148689,7,decoder_self_attn,reverse,-7.709657669067383,-7.443086624145508,-7.447074890136719,0.014961362335432169
1106007,7148689,7,decoder_cross_attn,forward,-7.709657669067383,-7.443086624145508,-7.6961212158203125,0.05077990841442473
1106007,7148689,7,decoder_cross_attn,reverse,-7.709657669067383,-7.443086624145508,-7.4571990966796875,0.05294075558099599
1106007,7148689,7,decoder_mlp,forward,-7.709657669067383,-7.443086624145508,-7.712104797363281,-0.009180022896393818
1106007,7148689,7,decoder_mlp,reverse,-7.709657669067383,-7.443086624145508,-7.440437316894531,-0.009938465941614195
1106007,7148689,8,decoder_self_attn,forward,-7.709657669067383,-7.443086624145508,-7.705811500549316,0.01442830566685747
1106007,7148689,8,decoder_self_attn,reverse,-7.709657669067383,-7.443086624145508,-7.446714401245117,0.0136090440755581
1106007,7148689,8,decoder_cross_attn,forward,-7.709657669067383,-7.443086624145508,-7.676170349121094,0.12562249570692616
1106007,7148689,8,decoder_cross_attn,reverse,-7.709657669067383,-7.443086624145508,-7.476339340209961,0.1247424155695478
1106007,7148689,8,decoder_mlp,forward,-7.709657669067383,-7.443086624145508,-7.709376335144043,0.0010553806525472238
1106007,7148689,8,decoder_mlp,reverse,-7.709657669067383,-7.443086624145508,-7.443851470947266,0.0028692043503148255
1106007,7148689,9,decoder_self_attn,forward,-7.709657669067383,-7.443086624145508,-7.701268196105957,0.03147180881511162
1106007,7148689,9,decoder_self_attn,reverse,-7.709657669067383,-7.443086624145508,-7.451157569885254,0.03027690326273612
1106007,7148689,9,decoder_cross_attn,forward,-7.709657669067383,-7.443086624145508,-7.607601165771484,0.3828491700057241
1106007,7148689,9,decoder_cross_attn,reverse,-7.709657669067383,-7.443086624145508,-7.544889450073242,0.38189753863766457
1106007,7148689,9,decoder_mlp,forward,-7.709657669067383,-7.443086624145508,-7.69776725769043,0.044605037206639955
1106007,7148689,9,decoder_mlp,reverse,-7.709657669067383,-7.443086624145508,-7.455513000488281,0.04661562678878077
1106007,7148689,10,decoder_self_attn,forward,-7.709657669067383,-7.443086624145508,-7.6904802322387695,0.07194118488838008
1106007,7148689,10,decoder_self_attn,reverse,-7.709657669067383,-7.443086624145508,-7.4622039794921875,0.0717157985117344
1106007,7148689,10,decoder_cross_attn,forward,-7.709657669067383,-7.443086624145508,-7.698326110839844,0.04250858614768174
1106007,7148689,10,decoder_cross_attn,reverse,-7.709657669067383,-7.443086624145508,-7.454572677612305,0.0430881511161992
1106007,7148689,10,decoder_mlp,forward,-7.709657669067383,-7.443086624145508,-7.722023963928223,-0.04639024041213509
1106007,7148689,10,decoder_mlp,reverse,-7.709657669067383,-7.443086624145508,-7.4311017990112305,-0.04495921579851173
1106007,7148689,11,decoder_self_attn,forward,-7.709657669067383,-7.443086624145508,-7.696783065795898,0.04829708070978821
1106007,7148689,11,decoder_self_attn,reverse,-7.709657669067383,-7.443086624145508,-7.455731391906738,0.047434888380080135
1106007,7148689,11,decoder_cross_attn,forward,-7.709657669067383,-7.443086624145508,-7.644830703735352,0.24318832283915284
1106007,7148689,11,decoder_cross_attn,reverse,-7.709657669067383,-7.443086624145508,-7.508310317993164,0.24467658843732112
1106007,7148689,11,decoder_mlp,forward,-7.709657669067383,-7.443086624145508,-7.701046943664551,0.032301803091013166
1106007,7148689,11,decoder_mlp,reverse,-7.709657669067383,-7.443086624145508,-7.451611518859863,0.03197982255294791
490595,8817806,0,encoder_self_attn,forward,-9.41588020324707,-9.163055419921875,-9.428567886352539,-0.05018370010486371
490595,8817806,0,encoder_self_attn,reverse,-9.41588020324707,-9.163055419921875,-9.245973587036133,0.3279669264369724
490595,8817806,0,encoder_mlp,forward,-9.41588020324707,-9.163055419921875,-9.436208724975586,-0.08040557361960876
490595,8817806,0,encoder_mlp,reverse,-9.41588020324707,-9.163055419921875,-9.44466781616211,1.1138638884069014
490595,8817806,1,encoder_self_attn,forward,-9.41588020324707,-9.163055419921875,-9.393117904663086,0.09003191176359644
490595,8817806,1,encoder_self_attn,reverse,-9.41588020324707,-9.163055419921875,-9.103463172912598,-0.23570571771291485
490595,8817806,1,encoder_mlp,forward,-9.41588020324707,-9.163055419921875,-9.394601821899414,0.08416256139053813
490595,8817806,1,encoder_mlp,reverse,-9.41588020324707,-9.163055419921875,-9.422842025756836,1.027536155349181
490595,8817806,2,encoder_self_attn,forward,-9.41588020324707,-9.163055419921875,-9.402257919311523,0.05388033465858939
490595,8817806,2,encoder_self_attn,reverse,-9.41588020324707,-9.163055419921875,-9.120856285095215,-0.1669105942528649
490595,8817806,2,encoder_mlp,forward,-9.41588020324707,-9.163055419921875,-9.403312683105469,0.0497084185193847
490595,8817806,2,encoder_mlp,reverse,-9.41588020324707,-9.163055419921875,-9.207056045532227,0.1740360459589749
490595,8817806,3,encoder_self_attn,forward,-9.41588020324707,-9.163055419921875,-9.396638870239258,0.07610540689384623
490595,8817806,3,encoder_self_attn,reverse,-9.41588020324707,-9.163055419921875,-9.214709281921387,0.20430695646269795
490595,8817806,3,encoder_mlp,forward,-9.41588020324707,-9.163055419921875,-9.41968059539795,-0.015031723159792686
490595,8817806,3,encoder_mlp,reverse,-9.41588020324707,-9.163055419921875,-9.195009231567383,0.12638718097666593
490595,8817806,4,encoder_self_attn,forward,-9.41588020324707,-9.163055419921875,-9.426919937133789,-0.04366555264686578
490595,8817806,4,encoder_self_attn,reverse,-9.41588020324707,-9.163055419921875,-9.160161972045898,-0.011444478812248686
490595,8817806,4,encoder_mlp,forward,-9.41588020324707,-9.163055419921875,-9.394984245300293,0.08264995888437078
490595,8817806,4,encoder_mlp,reverse,-9.41588020324707,-9.163055419921875,-9.231374740600586,0.2702239858773472
490595,8817806,5,encoder_self_attn,forward,-9.41588020324707,-9.163055419921875,-9.453697204589844,-0.14957790468718174
490595,8817806,5,encoder_self_attn,reverse,-9.41588020324707,-9.163055419921875,-9.070501327514648,-0.3660799831010992
490595,8817806,5,encoder_mlp,forward,-9.41588020324707,-9.163055419921875,-9.434513092041016,-0.07369882235784932
490595,8817806,5,encoder_mlp,reverse,-9.41588020324707,-9.163055419921875,-9.21157455444336,0.191908142403416
490595,8817806,6,encoder_self_attn,forward,-9.41588020324707,-9.163055419921875,-9.386857986450195,0.11479181912140804
490595,8817806,6,encoder_self_attn,reverse,-9.41588020324707,-9.163055419921875,-9.192832946777344,0.11777930337299043
490595,8817806,6,encoder_mlp,forward,-9.41588020324707,-9.163055419921875,-9.400144577026367,0.06223925524129971
490595,8817806,6,encoder_mlp,reverse,-9.41588020324707,-9.163055419921875,-9.220039367675781,0.22538908964716
490595,8817806,7,encoder_self_attn,forward,-9.41588020324707,-9.163055419921875,-9.406330108642578,0.03777356981735608
490595,8817806,7,encoder_self_attn,reverse,-9.41588020324707,-9.163055419921875,-9.092254638671875,-0.2800389278250964
490595,8817806,7,encoder_mlp,forward,-9.41588020324707,-9.163055419921875,-9.403129577636719,0.050432657125828916
490595,8817806,7,encoder_mlp,reverse,-9.41588020324707,-9.163055419921875,-9.177793502807617,0.058293663666608826
490595,8817806,8,encoder_self_attn,forward,-9.41588020324707,-9.163055419921875,-9.296380996704102,0.47265622053065565
490595,8817806,8,encoder_self_attn,reverse,-9.41588020324707,-9.163055419921875,-9.239320755004883,0.3016529237361659
490595,8817806,8,encoder_mlp,forward,-9.41588020324707,-9.163055419921875,-9.342676162719727,0.28954455953467667
490595,8817806,8,encoder_mlp,reverse,-9.41588020324707,-9.163055419921875,-9.222015380859375,0.23320483127503716
490595,8817806,9,encoder_self_attn,forward,-9.41588020324707,-9.163055419921875,-9.276406288146973,0.551662353926354
490595,8817806,9,encoder_self_attn,reverse,-9.41588020324707,-9.163055419921875,-9.29067611694336,0.5047792203873168
490595,8817806,9,encoder_mlp,forward,-9.41588020324707,-9.163055419921875,-9.464424133300781,-0.19200621638137197
490595,8817806,9,encoder_mlp,reverse,-9.41588020324707,-9.163055419921875,-9.071184158325195,-0.3633791766312343
490595,8817806,10,encoder_self_attn,forward,-9.41588020324707,-9.163055419921875,-9.362788200378418,0.20999524718414522
490595,8817806,10,encoder_self_attn,reverse,-9.41588020324707,-9.163055419921875,-9.297686576843262,0.5325077516163346
490595,8817806,10,encoder_mlp,forward,-9.41588020324707,-9.163055419921875,-9.431899070739746,-0.0633595618356431
490595,8817806,10,encoder_mlp,reverse,-9.41588020324707,-9.163055419921875,-9.098733901977539,-0.2544114429699818
490595,8817806,11,encoder_self_attn,forward,-9.41588020324707,-9.163055419921875,-9.179732322692871,0.934037705672448
490595,8817806,11,encoder_self_attn,reverse,-9.41588020324707,-9.163055419921875,-9.404250144958496,0.9539995322625666
490595,8817806,11,encoder_mlp,forward,-9.41588020324707,-9.163055419921875,-9.374654769897461,0.16305930458005477
490595,8817806,11,encoder_mlp,reverse,-9.41588020324707,-9.163055419921875,-9.225743293762207,0.24794987665311233
490595,8817806,0,decoder_self_attn,forward,-9.41588020324707,-9.163055419921875,-9.41588020324707,0.0
490595,8817806,0,decoder_self_attn,reverse,-9.41588020324707,-9.163055419921875,-9.163055419921875,0.0
490595,8817806,0,decoder_cross_attn,forward,-9.41588020324707,-9.163055419921875,-9.415548324584961,0.0013126824741801393
490595,8817806,0,decoder_cross_attn,reverse,-9.41588020324707,-9.163055419921875,-9.1615629196167,-0.005903299057735396
490595,8817806,0,decoder_mlp,forward,-9.41588020324707,-9.163055419921875,-9.414661407470703,0.004820713224144305
490595,8817806,0,decoder_mlp,reverse,-9.41588020324707,-9.163055419921875,-9.164078712463379,0.004047437628722096
490595,8817806,1,decoder_self_attn,forward,-9.41588020324707,-9.163055419921875,-9.413590431213379,0.009056754656627915
490595,8817806,1,decoder_self_attn,reverse,-9.41588020324707,-9.163055419921875,-9.165266036987305,0.008743672342383801
490595,8817806,1,decoder_cross_attn,forward,-9.41588020324707,-9.163055419921875,-9.407171249389648,0.03444659871900296
490595,8817806,1,decoder_cross_attn,reverse,-9.41588020324707,-9.163055419921875,-9.172771453857422,0.038429911054446146
490595,8817806,1,decoder_mlp,forward,-9.41588020324707,-9.163055419921875,-9.415312767028809,0.00224438526476202
490595,8817806,1,decoder_mlp,reverse,-9.41588020324707,-9.163055419921875,-9.163690567016602,0.0025122026661033698
490595,8817806,2,decoder_self_attn,forward,-9.41588020324707,-9.163055419921875,-9.416674613952637,-0.0031421393706668275
490595,8817806,2,decoder_self_attn,reverse,-9.41588020324707,-9.163055419921875,-9.162240028381348,-0.003225125044321894
490595,8817806,2,decoder_cross_attn,forward,-9.41588020324707,-9.163055419921875,-9.415631294250488,0.0009845118556351044
490595,8817806,2,decoder_cross_attn,reverse,-9.41588020324707,-9.163055419921875,-9.162007331848145,-0.004145511606678084
490595,8817806,2,decoder_mlp,forward,-9.41588020324707,-9.163055419921875,-9.415778160095215,0.00040361214004964053
490595,8817806,2,decoder_mlp,reverse,-9.41588020324707,-9.163055419921875,-9.163044929504395,-4.149283682753314e-05
490595,8817806,3,decoder_self_attn,forward,-9.41588020324707,-9.163055419921875,-9.415818214416504,0.00024518494488996853
490595,8817806,3,decoder_self_attn,reverse,-9.41588020324707,-9.163055419921875,-9.162962913513184,-0.00036589137929733765
490595,8817806,3,decoder_cross_attn,forward,-9.41588020324707,-9.163055419921875,-9.404693603515625,0.04424645236245125
490595,8817806,3,decoder_cross_attn,reverse,-9.41588020324707,-9.163055419921875,-9.173809051513672,0.0425339298242967
490595,8817806,3,decoder_mlp,forward,-9.41588020324707,-9.163055419921875,-9.416994094848633,-0.004405784855868973
490595,8817806,3,decoder_mlp,reverse,-9.41588020324707,-9.163055419921875,-9.162115097045898,-0.003719267010177061
490595,8817806,4,decoder_self_attn,forward,-9.41588020324707,-9.163055419921875,-9.413013458251953,0.011338860682142238
490595,8817806,4,decoder_self_attn,reverse,-9.41588020324707,-9.163055419921875,-9.165847778320312,0.011044638748274275
490595,8817806,4,decoder_cross_attn,forward,-9.41588020324707,-9.163055419921875,-9.40993881225586,0.023500033948684676
490595,8817806,4,decoder_cross_attn,reverse,-9.41588020324707,-9.163055419921875,-9.168795585632324,0.022704125896811086
490595,8817806,4,decoder_mlp,forward,-9.41588020324707,-9.163055419921875,-9.414008140563965,0.0074045853356770495
490595,8817806,4,decoder_mlp,reverse,-9.41588020324707,-9.163055419921875,-9.165254592895508,0.008698407429481038
490595,8817806,5,decoder_self_attn,forward,-9.41588020324707,-9.163055419921875,-9.405416488647461,0.04138721869742669
490595,8817806,5,decoder_self_attn,reverse,-9.41588020324707,-9.163055419921875,-9.173147201538086,0.03991610902808688
490595,8817806,5,decoder_cross_attn,forward,-9.41588020324707,-9.163055419921875,-9.423815727233887,-0.0313874450219912
490595,8817806,5,decoder_cross_attn,reverse,-9.41588020324707,-9.163055419921875,-9.156848907470703,-0.024548671097598698
490595,8817806,5,decoder_mlp,forward,-9.41588020324707,-9.163055419921875,-9.418025970458984,-0.008487171169268141
490595,8817806,5,decoder_mlp,reverse,-9.41588020324707,-9.163055419921875,-9.160969734191895,-0.008249530376528634
490595,8817806,6,decoder_self_attn,forward,-9.41588020324707,-9.163055419921875,-9.415878295898438,7.544152150460571e-06
490595,8817806,6,decoder_self_attn,reverse,-9.41588020324707,-9.163055419921875,-9.164892196655273,0.0072650185208935295
490595,8817806,6,decoder_cross_attn,forward,-9.41588020324707,-9.163055419921875,-9.414215087890625,0.0065860448273520784
490595,8817806,6,decoder_cross_attn,reverse,-9.41588020324707,-9.163055419921875,-9.164992332458496,0.0076610865087927095
490595,8817806,6,decoder_mlp,forward,-9.41588020324707,-9.163055419921875,-9.412859916687012,0.011946164930254313
490595,8817806,6,decoder_mlp,reverse,-9.41588020324707,-9.163055419921875,-9.165653228759766,0.010275135228927297
490595,8817806,7,decoder_self_attn,forward,-9.41588020324707,-9.163055419921875,-9.415410995483398,0.0018558614290133002
490595,8817806,7,decoder_self_attn,reverse,-9.41588020324707,-9.163055419921875,-9.163873672485352,0.003236441272547585
490595,8817806,7,decoder_cross_attn,forward,-9.41588020324707,-9.163055419921875,-9.39300537109375,0.09047701674047362
490595,8817806,7,decoder_cross_attn,reverse,-9.41588020324707,-9.163055419921875,-9.185598373413086,0.08916433426629349
490595,8817806,7,decoder_mlp,forward,-9.41588020324707,-9.163055419921875,-9.412910461425781,0.011746244898267108
490595,8817806,7,decoder_mlp,reverse,-9.41588020324707,-9.163055419921875,-9.166616439819336,0.014084932064909884
490595,8817806,8,decoder_self_attn,forward,-9.41588020324707,-9.163055419921875,-9.410106658935547,0.022836148559444148
490595,8817806,8,decoder_self_attn,reverse,-9.41588020324707,-9.163055419921875,-9.167986869812012,0.019505405385015804
490595,8817806,8,decoder_cross_attn,forward,-9.41588020324707,-9.163055419921875,-9.372018814086914,0.17348532285199128
490595,8817806,8,decoder_cross_attn,reverse,-9.41588020324707,-9.163055419921875,-9.207468032836914,0.1756655828234744
490595,8817806,8,decoder_mlp,forward,-9.41588020324707,-9.163055419921875,-9.4248046875,-0.035299087912005006
490595,8817806,8,decoder_mlp,reverse,-9.41588020324707,-9.163055419921875,-9.151227951049805,-0.046781287485006
490595,8817806,9,decoder_self_attn,forward,-9.41588020324707,-9.163055419921875,-9.407232284545898,0.034205185850188224
490595,8817806,9,decoder_self_attn,reverse,-9.41588020324707,-9.163055419921875,-9.172738075256348,0.038297888391813084
490595,8817806,9,decoder_cross_attn,forward,-9.41588020324707,-9.163055419921875,-9.381394386291504,0.13640204295640235
490595,8817806,9,decoder_cross_attn,reverse,-9.41588020324707,-9.163055419921875,-9.203279495239258,0.15909862470106298
490595,8817806,9,decoder_mlp,forward,-9.41588020324707,-9.163055419921875,-9.383981704711914,0.1261684005643026
490595,8817806,9,decoder_mlp,reverse,-9.41588020324707,-9.163055419921875,-9.192062377929688,0.11473146590420435
490595,8817806,10,decoder_self_attn,forward,-9.41588020324707,-9.163055419921875,-9.396039009094238,0.07847804274516608
490595,8817806,10,decoder_self_attn,reverse,-9.41588020324707,-9.163055419921875,-9.183427810668945,0.08057908911906936
490595,8817806,10,decoder_cross_attn,forward,-9.41588020324707,-9.163055419921875,-9.414237976074219,0.006495515001546551
490595,8817806,10,decoder_cross_attn,reverse,-9.41588020324707,-9.163055419921875,-9.16790771484375,0.01919232307077169
490595,8817806,10,decoder_mlp,forward,-9.41588020324707,-9.163055419921875,-9.443269729614258,-0.10833402488061379
490595,8817806,10,decoder_mlp,reverse,-9.41588020324707,-9.163055419921875,-9.13272476196289,-0.119967107496624
490595,8817806,11,decoder_self_attn,forward,-9.41588020324707,-9.163055419921875,-9.426976203918457,-0.04388810513530437
490595,8817806,11,decoder_self_attn,reverse,-9.41588020324707,-9.163055419921875,-9.15058422088623,-0.04932743883578644
490595,8817806,11,decoder_cross_attn,forward,-9.41588020324707,-9.163055419921875,-9.295750617980957,0.4751495628163829
490595,8817806,11,decoder_cross_attn,reverse,-9.41588020324707,-9.163055419921875,-9.284209251403809,0.4792007725211802
490595,8817806,11,decoder_mlp,forward,-9.41588020324707,-9.163055419921875,-9.398323059082031,0.06944392054498955
490595,8817806,11,decoder_mlp,reverse,-9.41588020324707,-9.163055419921875,-9.179620742797852,0.06552096142675005
183378,2089154,0,encoder_self_attn,forward,-10.2799072265625,-10.049802780151367,-10.248213768005371,0.13773509834964895
183378,2089154,0,encoder_self_attn,reverse,-10.2799072265625,-10.049802780151367,-10.007932662963867,-0.1819613564211172
183378,2089154,0,encoder_mlp,forward,-10.2799072265625,-10.049802780151367,-10.278078079223633,0.007949204665080693
183378,2089154,0,encoder_mlp,reverse,-10.2799072265625,-10.049802780151367,-9.988183975219727,-0.26778624182491856
183378,2089154,1,encoder_self_attn,forward,-10.2799072265625,-10.049802780151367,-10.259516716003418,0.08861415273414511
183378,2089154,1,encoder_self_attn,reverse,-10.2799072265625,-10.049802780151367,-10.019770622253418,-0.13051533060899695
183378,2089154,1,encoder_mlp,forward,-10.2799072265625,-10.049802780151367,-10.262533187866211,0.07550501073432747
183378,2089154,1,encoder_mlp,reverse,-10.2799072265625,-10.049802780151367,-9.812901496887207,-1.0295380509113816
183378,2089154,2,encoder_self_attn,forward,-10.2799072265625,-10.049802780151367,-10.285089492797852,-0.022521365041735398
183378,2089154,2,encoder_self_attn,reverse,-10.2799072265625,-10.049802780151367,-10.017934799194336,-0.1384935469699356
183378,2089154,2,encoder_mlp,forward,-10.2799072265625,-10.049802780151367,-10.268146514892578,0.05111031904576388
183378,2089154,2,encoder_mlp,reverse,-10.2799072265625,-10.049802780151367,-10.018989562988281,-0.1339096990243781
183378,2089154,3,encoder_self_attn,forward,-10.2799072265625,-10.049802780151367,-10.303272247314453,-0.10154093550285558
183378,2089154,3,encoder_self_attn,reverse,-10.2799072265625,-10.049802780151367,-10.07927417755127,0.1280783481569284
183378,2089154,3,encoder_mlp,forward,-10.2799072265625,-10.049802780151367,-10.306406021118164,-0.11515985444417735
183378,2089154,3,encoder_mlp,reverse,-10.2799072265625,-10.049802780151367,-10.000957489013672,-0.21227443406470436
183378,2089154,4,encoder_self_attn,forward,-10.2799072265625,-10.049802780151367,-10.27565860748291,0.018463872149600883
183378,2089154,4,encoder_self_attn,reverse,-10.2799072265625,-10.049802780151367,-10.07004165649414,0.08795517278537147
183378,2089154,4,encoder_mlp,forward,-10.2799072265625,-10.049802780151367,-10.290364265441895,-0.04544474929750251
183378,2089154,4,encoder_mlp,reverse,-10.2799072265625,-10.049802780151367,-10.065032958984375,0.066188111835943
183378,2089154,5,encoder_self_attn,forward,-10.2799072265625,-10.049802780151367,-10.239508628845215,0.17556634974842716
183378,2089154,5,encoder_self_attn,reverse,-10.2799072265625,-10.049802780151367,-10.119149208068848,0.30136935204449566
183378,2089154,5,encoder_mlp,forward,-10.2799072265625,-10.049802780151367,-10.252496719360352,0.11912202319277858
183378,2089154,5,encoder_mlp,reverse,-10.2799072265625,-10.049802780151367,-9.980463027954102,-0.3013403403486377
183378,2089154,6,encoder_self_attn,forward,-10.2799072265625,-10.049802780151367,-10.28863525390625,-0.0379307200702912
183378,2089154,6,encoder_self_attn,reverse,-10.2799072265625,-10.049802780151367,-10.064864158630371,0.06545453038353462
183378,2089154,6,encoder_mlp,forward,-10.2799072265625,-10.049802780151367,-10.218964576721191,0.2648477714873053
183378,2089154,6,encoder_mlp,reverse,-10.2799072265625,-10.049802780151367,-10.071741104125977,0.09534072164521183
183378,2089154,7,encoder_self_attn,forward,-10.2799072265625,-10.049802780151367,-10.265724182128906,0.06163742011422319
183378,2089154,7,encoder_self_attn,reverse,-10.2799072265625,-10.049802780151367,-10.07880973815918,0.12605996303081043
183378,2089154,7,encoder_mlp,forward,-10.2799072265625,-10.049802780151367,-10.268699645996094,0.04870649281753301
183378,2089154,7,encoder_mlp,reverse,-10.2799072265625,-10.049802780151367,-10.038736343383789,-0.048093102676536166
183378,2089154,8,encoder_self_attn,forward,-10.2799072265625,-10.049802780151367,-10.187822341918945,0.4001873326646828
183378,2089154,8,encoder_self_attn,reverse,-10.2799072265625,-10.049802780151367,-10.076383590698242,0.11551628385043228
183378,2089154,8,encoder_mlp,forward,-10.2799072265625,-10.049802780151367,-10.210823059082031,0.3002296068500758
183378,2089154,8,encoder_mlp,reverse,-10.2799072265625,-10.049802780151367,-10.04813003540039,-0.007269502076408518
183378,2089154,9,encoder_self_attn,forward,-10.2799072265625,-10.049802780151367,-10.222705841064453,0.24858878822290928
183378,2089154,9,encoder_self_attn,reverse,-10.2799072265625,-10.049802780151367,-10.066268920898438,0.07155942009764509
183378,2089154,9,encoder_mlp,forward,-10.2799072265625,-10.049802780151367,-10.318227767944336,-0.16653542328064258
183378,2089154,9,encoder_mlp,reverse,-10.2799072265625,-10.049802780151367,-9.992774963378906,-0.24783448413060236
183378,2089154,10,encoder_self_attn,forward,-10.2799072265625,-10.049802780151367,-10.034852981567383,1.0649696206099086
183378,2089154,10,encoder_self_attn,reverse,-10.2799072265625,-10.049802780151367,-10.285041809082031,1.02231413864275
183378,2089154,10,encoder_mlp,forward,-10.2799072265625,-10.049802780151367,-10.245033264160156,0.15155709916197643
183378,2089154,10,encoder_mlp,reverse,-10.2799072265625,-10.049802780151367,-10.065134048461914,0.06662743180179209
183378,2089154,11,encoder_self_attn,forward,-10.2799072265625,-10.049802780151367,-10.139253616333008,0.6112598536152718
183378,2089154,11,encoder_self_attn,reverse,-10.2799072265625,-10.049802780151367,-10.190385818481445,0.6109531585447734
183378,2089154,11,encoder_mlp,forward,-10.2799072265625,-10.049802780151367,-10.247843742370605,0.13934317520577583
183378,2089154,11,encoder_mlp,reverse,-10.2799072265625,-10.049802780151367,-10.088850021362305,0.16969355360118035
183378,2089154,0,decoder_self_attn,forward,-10.2799072265625,-10.049802780151367,-10.2799072265625,0.0
183378,2089154,0,decoder_self_attn,reverse,-10.2799072265625,-10.049802780151367,-10.049802780151367,0.0
183378,2089154,0,decoder_cross_attn,forward,-10.2799072265625,-10.049802780151367,-10.272787094116211,0.030943045896502847
183378,2089154,0,decoder_cross_attn,reverse,-10.2799072265625,-10.049802780151367,-10.057549476623535,0.03366600077917126
183378,2089154,0,decoder_mlp,forward,-10.2799072265625,-10.049802780151367,-10.280059814453125,-0.0006631244767533426
183378,2089154,0,decoder_mlp,reverse,-10.2799072265625,-10.049802780151367,-10.050024032592773,0.0009615304912923467
183378,2089154,1,decoder_self_attn,forward,-10.2799072265625,-10.049802780151367,-10.278388977050781,0.006598088543695759
183378,2089154,1,decoder_self_attn,reverse,-10.2799072265625,-10.049802780151367,-10.051340103149414,0.006680979103289926
183378,2089154,1,decoder_cross_attn,forward,-10.2799072265625,-10.049802780151367,-10.28456974029541,-0.020262597292794324
183378,2089154,1,decoder_cross_attn,reverse,-10.2799072265625,-10.049802780151367,-10.045114517211914,-0.02037449954824645
183378,2089154,1,decoder_mlp,forward,-10.2799072265625,-10.049802780151367,-10.27766227722168,0.009756218864233553
183378,2089154,1,decoder_mlp,reverse,-10.2799072265625,-10.049802780151367,-10.052200317382812,0.010419343340986894
183378,2089154,2,decoder_self_attn,forward,-10.2799072265625,-10.049802780151367,-10.280838966369629,-0.004049203836175098
183378,2089154,2,decoder_self_attn,reverse,-10.2799072265625,-10.049802780151367,-10.048884391784668,-0.003991180444459181
183378,2089154,2,decoder_cross_attn,forward,-10.2799072265625,-10.049802780151367,-10.272920608520508,0.030362811979343672
183378,2089154,2,decoder_cross_attn,reverse,-10.2799072265625,-10.049802780151367,-10.057236671447754,0.03230659560182691
183378,2089154,2,decoder_mlp,forward,-10.2799072265625,-10.049802780151367,-10.28112506866455,-0.005292562230087615
183378,2089154,2,decoder_mlp,reverse,-10.2799072265625,-10.049802780151367,-10.048633575439453,-0.005081191303122488
183378,2089154,3,decoder_self_attn,forward,-10.2799072265625,-10.049802780151367,-10.279359817504883,0.0023789590603526165
183378,2089154,3,decoder_self_attn,reverse,-10.2799072265625,-10.049802780151367,-10.050374031066895,0.0024825722598453264
183378,2089154,3,decoder_cross_attn,forward,-10.2799072265625,-10.049802780151367,-10.276542663574219,0.014621894712411203
183378,2089154,3,decoder_cross_attn,reverse,-10.2799072265625,-10.049802780151367,-10.0526123046875,0.01220977942822092
183378,2089154,3,decoder_mlp,forward,-10.2799072265625,-10.049802780151367,-10.280670166015625,-0.0033156223837667127
183378,2089154,3,decoder_mlp,reverse,-10.2799072265625,-10.049802780151367,-10.048870086669922,-0.004053348364154806
183378,2089154,4,decoder_self_attn,forward,-10.2799072265625,-10.049802780151367,-10.279399871826172,0.002204888885204864
183378,2089154,4,decoder_self_attn,reverse,-10.2799072265625,-10.049802780151367,-10.050439834594727,0.0027685446904452053
183378,2089154,4,decoder_cross_attn,forward,-10.2799072265625,-10.049802780151367,-10.266556739807129,0.058019247187937766
183378,2089154,4,decoder_cross_attn,reverse,-10.2799072265625,-10.049802780151367,-10.063684463500977,0.06032774927263534
183378,2089154,4,decoder_mlp,forward,-10.2799072265625,-10.049802780151367,-10.279817581176758,0.00038958563009258875
183378,2089154,4,decoder_mlp,reverse,-10.2799072265625,-10.049802780151367,-10.049995422363281,0.0008371946519010949
183378,2089154,5,decoder_self_attn,forward,-10.2799072265625,-10.049802780151367,-10.274070739746094,0.025364511235815353
183378,2089154,5,decoder_self_attn,reverse,-10.2799072265625,-10.049802780151367,-10.055837631225586,0.0262265730555947
183378,2089154,5,decoder_cross_attn,forward,-10.2799072265625,-10.049802780151367,-10.268402099609375,0.049999585547202026
183378,2089154,5,decoder_cross_attn,reverse,-10.2799072265625,-10.049802780151367,-10.061506271362305,0.05086164736698137
183378,2089154,5,decoder_mlp,forward,-10.2799072265625,-10.049802780151367,-10.279999732971191,-0.00040201921403171394
183378,2089154,5,decoder_mlp,reverse,-10.2799072265625,-10.049802780151367,-10.049636840820312,-0.00072114786846926
183378,2089154,6,decoder_self_attn,forward,-10.2799072265625,-10.049802780151367,-10.282896041870117,-0.012988950688406097
183378,2089154,6,decoder_self_attn,reverse,-10.2799072265625,-10.049802780151367,-10.047054290771484,-0.011944529637519583
183378,2089154,6,decoder_cross_attn,forward,-10.2799072265625,-10.049802780151367,-10.254409790039062,0.11080810006548354
183378,2089154,6,decoder_cross_attn,reverse,-10.2799072265625,-10.049802780151367,-10.075834274291992,0.11312903573412024
183378,2089154,6,decoder_mlp,forward,-10.2799072265625,-10.049802780151367,-10.281496047973633,-0.006904783614194179
183378,2089154,6,decoder_mlp,reverse,-10.2799072265625,-10.049802780151367,-10.048319816589355,-0.006444741008446548
183378,2089154,7,decoder_self_attn,forward,-10.2799072265625,-10.049802780151367,-10.272187232971191,0.03354995399573942
183378,2089154,7,decoder_self_attn,reverse,-10.2799072265625,-10.049802780151367,-10.057833671569824,0.03490107011712436
183378,2089154,7,decoder_cross_attn,forward,-10.2799072265625,-10.049802780151367,-10.26633071899414,0.05900150031912865
183378,2089154,7,decoder_cross_attn,reverse,-10.2799072265625,-10.049802780151367,-10.064009666442871,0.0617410333137159
183378,2089154,7,decoder_mlp,forward,-10.2799072265625,-10.049802780151367,-10.2771635055542,0.011923806997621042
183378,2089154,7,decoder_mlp,reverse,-10.2799072265625,-10.049802780151367,-10.052681922912598,0.012512329970739632
183378,2089154,8,decoder_self_attn,forward,-10.2799072265625,-10.049802780151367,-10.274227142333984,0.02468480864714318
183378,2089154,8,decoder_self_attn,reverse,-10.2799072265625,-10.049802780151367,-10.05567741394043,0.02553029235500369
183378,2089154,8,decoder_cross_attn,forward,-10.2799072265625,-10.049802780151367,-10.243122100830078,0.15986273323331207
183378,2089154,8,decoder_cross_attn,reverse,-10.2799072265625,-10.049802780151367,-10.087480545043945,0.16374201142231912
183378,2089154,8,decoder_mlp,forward,-10.2799072265625,-10.049802780151367,-10.287773132324219,-0.03418406677663481
183378,2089154,8,decoder_mlp,reverse,-10.2799072265625,-10.049802780151367,-10.04022216796875,-0.041635928084150495
183378,2089154,9,decoder_self_attn,forward,-10.2799072265625,-10.049802780151367,-10.265743255615234,0.06155452955462902
183378,2089154,9,decoder_self_attn,reverse,-10.2799072265625,-10.049802780151367,-10.064308166503906,0.06303827057136463
183378,2089154,9,decoder_cross_attn,forward,-10.2799072265625,-10.049802780151367,-10.27803897857666,0.008119130312248738
183378,2089154,9,decoder_cross_attn,reverse,-10.2799072265625,-10.049802780151367,-10.052517890930176,0.01179947115822979
183378,2089154,9,decoder_mlp,forward,-10.2799072265625,-10.049802780151367,-10.273136138916016,0.029426148655929577
183378,2089154,9,decoder_mlp,reverse,-10.2799072265625,-10.049802780151367,-10.056095123291016,0.027345595610115965
183378,2089154,10,decoder_self_attn,forward,-10.2799072265625,-10.049802780151367,-10.272588729858398,0.03180510771628219
183378,2089154,10,decoder_self_attn,reverse,-10.2799072265625,-10.049802780151367,-10.057555198669434,0.03369086794704951
183378,2089154,10,decoder_cross_attn,forward,-10.2799072265625,-10.049802780151367,-10.274502754211426,0.023487040061007453
183378,2089154,10,decoder_cross_attn,reverse,-10.2799072265625,-10.049802780151367,-10.055444717407227,0.024519027527954842
183378,2089154,10,decoder_mlp,forward,-10.2799072265625,-10.049802780151367,-10.304389953613281,-0.10639832229507382
183378,2089154,10,decoder_mlp,reverse,-10.2799072265625,-10.049802780151367,-10.024965286254883,-0.10794008670352534
183378,2089154,11,decoder_self_attn,forward,-10.2799072265625,-10.049802780151367,-10.26881217956543,0.04821743851592742
183378,2089154,11,decoder_self_attn,reverse,-10.2799072265625,-10.049802780151367,-10.061134338378906,0.0492452814548951
183378,2089154,11,decoder_cross_attn,forward,-10.2799072265625,-10.049802780151367,-10.198022842407227,0.3558574613937219
183378,2089154,11,decoder_cross_attn,reverse,-10.2799072265625,-10.049802780151367,-10.133247375488281,0.3626379091685248
183378,2089154,11,decoder_mlp,forward,-10.2799072265625,-10.049802780151367,-10.284998893737793,-0.0221276348836631
183378,2089154,11,decoder_mlp,reverse,-10.2799072265625,-10.049802780151367,-10.044875144958496,-0.021414776071153257
1110199,8335880,0,encoder_self_attn,forward,-13.930633544921875,-13.719137191772461,-13.900954246520996,0.14033007169590117
1110199,8335880,0,encoder_self_attn,reverse,-13.930633544921875,-13.719137191772461,-13.783125877380371,0.30255219371420844
1110199,8335880,0,encoder_mlp,forward,-13.930633544921875,-13.719137191772461,-13.930397987365723,0.0011137665148577354
1110199,8335880,0,encoder_mlp,reverse,-13.930633544921875,-13.719137191772461,-13.653290748596191,-0.3113360689002119
1110199,8335880,1,encoder_self_attn,forward,-13.930633544921875,-13.719137191772461,-13.928796768188477,0.00868467331018623
1110199,8335880,1,encoder_self_attn,reverse,-13.930633544921875,-13.719137191772461,-13.683391571044922,-0.16901294133561798
1110199,8335880,1,encoder_mlp,forward,-13.930633544921875,-13.719137191772461,-13.924890518188477,0.027154258916895883
1110199,8335880,1,encoder_mlp,reverse,-13.930633544921875,-13.719137191772461,-13.693509101867676,-0.12117509131081751
1110199,8335880,2,encoder_self_attn,forward,-13.930633544921875,-13.719137191772461,-13.923685073852539,0.03285385760021644
1110199,8335880,2,encoder_self_attn,reverse,-13.930633544921875,-13.719137191772461,-13.725604057312012,0.030576723632592326
1110199,8335880,2,encoder_mlp,forward,-13.930633544921875,-13.719137191772461,-13.910589218139648,0.09477386481489831
1110199,8335880,2,encoder_mlp,reverse,-13.930633544921875,-13.719137191772461,-13.787542343139648,0.32343418857374756
1110199,8335880,3,encoder_self_attn,forward,-13.930633544921875,-13.719137191772461,-13.926581382751465,0.019159489561257157
1110199,8335880,3,encoder_self_attn,reverse,-13.930633544921875,-13.719137191772461,-13.745746612548828,0.1258150335933625
1110199,8335880,3,encoder_mlp,forward,-13.930633544921875,-13.719137191772461,-13.890043258666992,0.19191955629706453
1110199,8335880,3,encoder_mlp,reverse,-13.930633544921875,-13.719137191772461,-13.886308670043945,0.7904225098074582
1110199,8335880,4,encoder_self_attn,forward,-13.930633544921875,-13.719137191772461,-13.904447555541992,0.12381295937232267
1110199,8335880,4,encoder_self_attn,reverse,-13.930633544921875,-13.719137191772461,-13.847877502441406,0.6087117283672273
1110199,8335880,4,encoder_mlp,forward,-13.930633544921875,-13.719137191772461,-13.910198211669922,0.09662262704603869
1110199,8335880,4,encoder_mlp,reverse,-13.930633544921875,-13.719137191772461,-13.753522872924805,0.1625828561121883
1110199,8335880,5,encoder_self_attn,forward,-13.930633544921875,-13.719137191772461,-13.914426803588867,0.0766289398926816
1110199,8335880,5,encoder_self_attn,reverse,-13.930633544921875,-13.719137191772461,-13.723711967468262,0.021630518104342338
1110199,8335880,5,encoder_mlp,forward,-13.930633544921875,-13.719137191772461,-13.923429489135742,0.03406231681471795
1110199,8335880,5,encoder_mlp,reverse,-13.930633544921875,-13.719137191772461,-13.772272109985352,0.25123325968345583
1110199,8335880,6,encoder_self_attn,forward,-13.930633544921875,-13.719137191772461,-13.921342849731445,0.04392839428236461
1110199,8335880,6,encoder_self_attn,reverse,-13.930633544921875,-13.719137191772461,-13.825584411621094,0.5033052261351851
1110199,8335880,6,encoder_mlp,forward,-13.930633544921875,-13.719137191772461,-13.91026782989502,0.09629345718537223
1110199,8335880,6,encoder_mlp,reverse,-13.930633544921875,-13.719137191772461,-13.830829620361328,0.5281056950895071
1110199,8335880,7,encoder_self_attn,forward,-13.930633544921875,-13.719137191772461,-13.908244132995605,0.10586192902556703
1110199,8335880,7,encoder_self_attn,reverse,-13.930633544921875,-13.719137191772461,-13.763633728027344,0.21038914190377417
1110199,8335880,7,encoder_mlp,forward,-13.930633544921875,-13.719137191772461,-13.922971725463867,0.036226721378004235
1110199,8335880,7,encoder_mlp,reverse,-13.930633544921875,-13.719137191772461,-13.809816360473633,0.4287505072823195
1110199,8335880,8,encoder_self_attn,forward,-13.930633544921875,-13.719137191772461,-13.94075870513916,-0.04787392343418857
1110199,8335880,8,encoder_self_attn,reverse,-13.930633544921875,-13.719137191772461,-13.711033821105957,-0.0383144699463408
1110199,8335880,8,encoder_mlp,forward,-13.930633544921875,-13.719137191772461,-13.819747924804688,0.5242909320467151
1110199,8335880,8,encoder_mlp,reverse,-13.930633544921875,-13.719137191772461,-13.87238597869873,0.7245930468503404
1110199,8335880,9,encoder_self_attn,forward,-13.930633544921875,-13.719137191772461,-13.876556396484375,0.2556883257428868
1110199,8335880,9,encoder_self_attn,reverse,-13.930633544921875,-13.719137191772461,-13.751229286193848,0.1517382874148893
1110199,8335880,9,encoder_mlp,forward,-13.930633544921875,-13.719137191772461,-13.832551956176758,0.4637507327411282
1110199,8335880,9,encoder_mlp,reverse,-13.930633544921875,-13.719137191772461,-13.778634071350098,0.2813139739369617
1110199,8335880,10,encoder_self_attn,forward,-13.930633544921875,-13.719137191772461,-13.858983993530273,0.33877440591603913
1110199,8335880,10,encoder_self_attn,reverse,-13.930633544921875,-13.719137191772461,-13.782794952392578,0.3009875095819994
1110199,8335880,10,encoder_mlp,forward,-13.930633544921875,-13.719137191772461,-13.80745792388916,0.5824006853947784
1110199,8335880,10,encoder_mlp,reverse,-13.930633544921875,-13.719137191772461,-13.82884693145752,0.5187311178247734
1110199,8335880,11,encoder_self_attn,forward,-13.930633544921875,-13.719137191772461,-13.835036277770996,0.45200432880912655
1110199,8335880,11,encoder_self_attn,reverse,-13.930633544921875,-13.719137191772461,-13.854976654052734,0.6422780358028588
1110199,8335880,11,encoder_mlp,forward,-13.930633544921875,-13.719137191772461,-13.86737060546875,0.29912071064616497
1110199,8335880,11,encoder_mlp,reverse,-13.930633544921875,-13.719137191772461,-13.798590660095215,0.37567299454389685
1110199,8335880,0,decoder_self_attn,forward,-13.930633544921875,-13.719137191772461,-13.930633544921875,0.0
1110199,8335880,0,decoder_self_attn,reverse,-13.930633544921875,-13.719137191772461,-13.719137191772461,0.0
1110199,8335880,0,decoder_cross_attn,forward,-13.930633544921875,-13.719137191772461,-13.932924270629883,-0.010831041168778465
1110199,8335880,0,decoder_cross_attn,reverse,-13.930633544921875,-13.719137191772461,-13.716974258422852,-0.010226811561527709
1110199,8335880,0,decoder_mlp,forward,-13.930633544921875,-13.719137191772461,-13.931833267211914,-0.005672543626279478
1110199,8335880,0,decoder_mlp,reverse,-13.930633544921875,-13.719137191772461,-13.718038558959961,-0.00519457095188709
1110199,8335880,1,decoder_self_attn,forward,-13.930633544921875,-13.719137191772461,-13.931265830993652,-0.0029895838030391847
1110199,8335880,1,decoder_self_attn,reverse,-13.930633544921875,-13.719137191772461,-13.718509674072266,-0.002967037922171619
1110199,8335880,1,decoder_cross_attn,forward,-13.930633544921875,-13.719137191772461,-13.931793212890625,-0.005483158226991929
1110199,8335880,1,decoder_cross_attn,reverse,-13.930633544921875,-13.719137191772461,-13.71696949005127,-0.010249357442395274
1110199,8335880,1,decoder_mlp,forward,-13.930633544921875,-13.719137191772461,-13.930524826049805,0.0005140460837804933
1110199,8335880,1,decoder_mlp,reverse,-13.930633544921875,-13.719137191772461,-13.719205856323242,0.0003246606844929431
1110199,8335880,2,decoder_self_attn,forward,-13.930633544921875,-13.719137191772461,-13.932161331176758,-0.007223700229967985
1110199,8335880,2,decoder_self_attn,reverse,-13.930633544921875,-13.719137191772461,-13.71762466430664,-0.007151553411191776
1110199,8335880,2,decoder_cross_attn,forward,-13.930633544921875,-13.719137191772461,-13.931706428527832,-0.005072823195202237
1110199,8335880,2,decoder_cross_attn,reverse,-13.930633544921875,-13.719137191772461,-13.718098640441895,-0.004910492852955765
1110199,8335880,2,decoder_mlp,forward,-13.930633544921875,-13.719137191772461,-13.93162727355957,-0.004698561572800649
1110199,8335880,2,decoder_mlp,reverse,-13.930633544921875,-13.719137191772461,-13.718353271484375,-0.0037065428146277673
1110199,8335880,3,decoder_self_attn,forward,-13.930633544921875,-13.719137191772461,-13.931123733520508,-0.002317716553185733
1110199,8335880,3,decoder_self_attn,reverse,-13.930633544921875,-13.719137191772461,-13.718610763549805,-0.0024890652477792307
1110199,8335880,3,decoder_cross_attn,forward,-13.930633544921875,-13.719137191772461,-13.9422025680542,-0.05470081616088741
1110199,8335880,3,decoder_cross_attn,reverse,-13.930633544921875,-13.719137191772461,-13.707562446594238,-0.054727871217928485
1110199,8335880,3,decoder_mlp,forward,-13.930633544921875,-13.719137191772461,-13.930219650268555,0.001956982459304685
1110199,8335880,3,decoder_mlp,reverse,-13.930633544921875,-13.719137191772461,-13.719670295715332,0.0025206294809938224
1110199,8335880,4,decoder_self_attn,forward,-13.930633544921875,-13.719137191772461,-13.930658340454102,-0.00011723858051134058
1110199,8335880,4,decoder_self_attn,reverse,-13.930633544921875,-13.719137191772461,-13.719215393066406,0.0003697524462280741
1110199,8335880,4,decoder_cross_attn,forward,-13.930633544921875,-13.719137191772461,-13.934139251708984,-0.016575731613834153
1110199,8335880,4,decoder_cross_attn,reverse,-13.930633544921875,-13.719137191772461,-13.716459274291992,-0.012661766695224782
1110199,8335880,4,decoder_mlp,forward,-13.930633544921875,-13.719137191772461,-13.926763534545898,0.018298236912116156
1110199,8335880,4,decoder_mlp,reverse,-13.930633544921875,-13.719137191772461,-13.723286628723145,0.019619425530955494
1110199,8335880,5,decoder_self_attn,forward,-13.930633544921875,-13.719137191772461,-13.92596435546875,0.022076926545520133
1110199,8335880,5,decoder_self_attn,reverse,-13.930633544921875,-13.719137191772461,-13.723644256591797,0.021310366596022905
1110199,8335880,5,decoder_cross_attn,forward,-13.930633544921875,-13.719137191772461,-13.939068794250488,-0.03988366325472336
1110199,8335880,5,decoder_cross_attn,reverse,-13.930633544921875,-13.719137191772461,-13.709095001220703,-0.04748162510709293
1110199,8335880,5,decoder_mlp,forward,-13.930633544921875,-13.719137191772461,-13.927278518676758,0.015863281778419083
1110199,8335880,5,decoder_mlp,reverse,-13.930633544921875,-13.719137191772461,-13.722394943237305,0.015403345808720747
1110199,8335880,6,decoder_self_attn,forward,-13.930633544921875,-13.719137191772461,-13.933547973632812,-0.013780042386256032
1110199,8335880,6,decoder_self_attn,reverse,-13.930633544921875,-13.719137191772461,-13.71627426147461,-0.013536546872886324
1110199,8335880,6,decoder_cross_attn,forward,-13.930633544921875,-13.719137191772461,-13.919711112976074,0.051643594715245524
1110199,8335880,6,decoder_cross_attn,reverse,-13.930633544921875,-13.719137191772461,-13.729164123535156,0.04740947828831672
1110199,8335880,6,decoder_mlp,forward,-13.930633544921875,-13.719137191772461,-13.933053970336914,-0.011444289128376245
1110199,8335880,6,decoder_mlp,reverse,-13.930633544921875,-13.719137191772461,-13.717021942138672,-0.010001352752852053
1110199,8335880,7,decoder_self_attn,forward,-13.930633544921875,-13.719137191772461,-13.931126594543457,-0.002331244081706272
1110199,8335880,7,decoder_self_attn,reverse,-13.930633544921875,-13.719137191772461,-13.717494010925293,-0.00776931054696307
1110199,8335880,7,decoder_cross_attn,forward,-13.930633544921875,-13.719137191772461,-13.923937797546387,0.03165892591423547
1110199,8335880,7,decoder_cross_attn,reverse,-13.930633544921875,-13.719137191772461,-13.725016593933105,0.027799071109708258
1110199,8335880,7,decoder_mlp,forward,-13.930633544921875,-13.719137191772461,-13.929421424865723,0.005731162916535149
1110199,8335880,7,decoder_mlp,reverse,-13.930633544921875,-13.719137191772461,-13.72095012664795,0.008571943905848402
1110199,8335880,8,decoder_self_attn,forward,-13.930633544921875,-13.719137191772461,-13.932149887084961,-0.007169590115885828
1110199,8335880,8,decoder_self_attn,reverse,-13.930633544921875,-13.719137191772461,-13.716409683227539,-0.012896243856247463
1110199,8335880,8,decoder_cross_attn,forward,-13.930633544921875,-13.719137191772461,-13.918619155883789,0.056806601433918025
1110199,8335880,8,decoder_cross_attn,reverse,-13.930633544921875,-13.719137191772461,-13.732243537902832,0.06196960815259052
1110199,8335880,8,decoder_mlp,forward,-13.930633544921875,-13.719137191772461,-13.932408332824707,-0.008391576858907878
1110199,8335880,8,decoder_mlp,reverse,-13.930633544921875,-13.719137191772461,-13.719260215759277,0.0005816837263831898
1110199,8335880,9,decoder_self_attn,forward,-13.930633544921875,-13.719137191772461,-13.931612968444824,-0.004630923930197953
1110199,8335880,9,decoder_self_attn,reverse,-13.930633544921875,-13.719137191772461,-13.717140197753906,-0.009442214907336429
1110199,8335880,9,decoder_cross_attn,forward,-13.930633544921875,-13.719137191772461,-13.908527374267578,0.10452270370203363
1110199,8335880,9,decoder_cross_attn,reverse,-13.930633544921875,-13.719137191772461,-13.740808486938477,0.10246651936691166
1110199,8335880,9,decoder_mlp,forward,-13.930633544921875,-13.719137191772461,-13.923439979553223,0.034012715876809305
1110199,8335880,9,decoder_mlp,reverse,-13.930633544921875,-13.719137191772461,-13.7260103225708,0.03249763268250891
1110199,8335880,10,decoder_self_attn,forward,-13.930633544921875,-13.719137191772461,-13.925178527832031,0.025792487712494927
1110199,8335880,10,decoder_self_attn,reverse,-13.930633544921875,-13.719137191772461,-13.724477767944336,0.025251386571673355
1110199,8335880,10,decoder_cross_attn,forward,-13.930633544921875,-13.719137191772461,-13.906529426574707,0.11396942778554359
1110199,8335880,10,decoder_cross_attn,reverse,-13.930633544921875,-13.719137191772461,-13.743497848510742,0.1151823961762186
1110199,8335880,10,decoder_mlp,forward,-13.930633544921875,-13.719137191772461,-13.944091796875,-0.06363349416061685
1110199,8335880,10,decoder_mlp,reverse,-13.930633544921875,-13.719137191772461,-13.706500053405762,-0.059751093475222075
1110199,8335880,11,decoder_self_attn,forward,-13.930633544921875,-13.719137191772461,-13.918150901794434,0.059020606935112956
1110199,8335880,11,decoder_self_attn,reverse,-13.930633544921875,-13.719137191772461,-13.731711387634277,0.059453487847770214
1110199,8335880,11,decoder_cross_attn,forward,-13.930633544921875,-13.719137191772461,-13.845423698425293,0.4028903819272219
1110199,8335880,11,decoder_cross_attn,reverse,-13.930633544921875,-13.719137191772461,-13.805865287780762,0.41006899039545475
1110199,8335880,11,decoder_mlp,forward,-13.930633544921875,-13.719137191772461,-13.946216583251953,-0.07367993867520405
1110199,8335880,11,decoder_mlp,reverse,-13.930633544921875,-13.719137191772461,-13.703376770019531,-0.07451864544347747
451602,5179247,0,encoder_self_attn,forward,-1.6553020477294922,-1.4664204120635986,-1.7125425338745117,-0.3030495047505324
451602,5179247,0,encoder_self_attn,reverse,-1.6553020477294922,-1.4664204120635986,-1.3543788194656372,-0.5931841505023181
451602,5179247,0,encoder_mlp,forward,-1.6553020477294922,-1.4664204120635986,-1.6815375089645386,-0.13889895194180457
451602,5179247,0,encoder_mlp,reverse,-1.6553020477294922,-1.4664204120635986,-1.4405945539474487,-0.1367303815699288
451602,5179247,1,encoder_self_attn,forward,-1.6553020477294922,-1.4664204120635986,-1.6519184112548828,0.01791405746080353
451602,5179247,1,encoder_self_attn,reverse,-1.6553020477294922,-1.4664204120635986,-1.5287333726882935,0.3299048126357723
451602,5179247,1,encoder_mlp,forward,-1.6553020477294922,-1.4664204120635986,-1.6863471269607544,-0.1643626132409019
451602,5179247,1,encoder_mlp,reverse,-1.6553020477294922,-1.4664204120635986,-1.3113921880722046,-0.820769173481843
451602,5179247,2,encoder_self_attn,forward,-1.6553020477294922,-1.4664204120635986,-1.6629440784454346,-0.040459363288552395
451602,5179247,2,encoder_self_attn,reverse,-1.6553020477294922,-1.4664204120635986,-1.3487157821655273,-0.623166087497649
451602,5179247,2,encoder_mlp,forward,-1.6553020477294922,-1.4664204120635986,-1.7501201629638672,-0.5019975335352115
451602,5179247,2,encoder_mlp,reverse,-1.6553020477294922,-1.4664204120635986,-1.3296329975128174,-0.7241964739904093
451602,5179247,3,encoder_self_attn,forward,-1.6553020477294922,-1.4664204120635986,-1.5903557538986206,0.34384652378674296
451602,5179247,3,encoder_self_attn,reverse,-1.6553020477294922,-1.4664204120635986,-1.6415588855743408,0.9272392887392124
451602,5179247,3,encoder_mlp,forward,-1.6553020477294922,-1.4664204120635986,-1.7183396816253662,-0.33374146551430334
451602,5179247,3,encoder_mlp,reverse,-1.6553020477294922,-1.4664204120635986,-1.4530181884765625,-0.07095567305835322
451602,5179247,4,encoder_self_attn,forward,-1.6553020477294922,-1.4664204120635986,-1.6213064193725586,0.17998376727882287
451602,5179247,4,encoder_self_attn,reverse,-1.6553020477294922,-1.4664204120635986,-1.4507300853729248,-0.08306962524629935
451602,5179247,4,encoder_mlp,forward,-1.6553020477294922,-1.4664204120635986,-1.7124879360198975,-0.3027604461852474
451602,5179247,4,encoder_mlp,reverse,-1.6553020477294922,-1.4664204120635986,-1.4885573387145996,0.1171999944460363
451602,5179247,5,encoder_self_attn,forward,-1.6553020477294922,-1.4664204120635986,-1.6205816268920898,0.1838210512895925
451602,5179247,5,encoder_self_attn,reverse,-1.6553020477294922,-1.4664204120635986,-1.4429826736450195,-0.12408690943378603
451602,5179247,5,encoder_mlp,forward,-1.6553020477294922,-1.4664204120635986,-1.6608142852783203,-0.029183554713484897
451602,5179247,5,encoder_mlp,reverse,-1.6553020477294922,-1.4664204120635986,-1.3634811639785767,-0.5449934172907512
451602,5179247,6,encoder_self_attn,forward,-1.6553020477294922,-1.4664204120635986,-1.6378135681152344,0.0925896239335443
451602,5179247,6,encoder_self_attn,reverse,-1.6553020477294922,-1.4664204120635986,-1.5123131275177002,0.24297076469244294
451602,5179247,6,encoder_mlp,forward,-1.6553020477294922,-1.4664204120635986,-1.643463373184204,0.0626777426166995
451602,5179247,6,encoder_mlp,reverse,-1.6553020477294922,-1.4664204120635986,-1.40389084815979,-0.3310515799133329
451602,5179247,7,encoder_self_attn,forward,-1.6553020477294922,-1.4664204120635986,-1.6757683753967285,-0.10835530725410772
451602,5179247,7,encoder_self_attn,reverse,-1.6553020477294922,-1.4664204120635986,-1.3718063831329346,-0.5009170351427054
451602,5179247,7,encoder_mlp,forward,-1.6553020477294922,-1.4664204120635986,-1.752900242805481,-0.5167161684719153
451602,5179247,7,encoder_mlp,reverse,-1.6553020477294922,-1.4664204120635986,-1.3499170541763306,-0.6168061679291416
451602,5179247,8,encoder_self_attn,forward,-1.6553020477294922,-1.4664204120635986,-1.453973650932312,1.0658971481658666
451602,5179247,8,encoder_self_attn,reverse,-1.6553020477294922,-1.4664204120635986,-1.6439167261123657,0.9397224532867473
451602,5179247,8,encoder_mlp,forward,-1.6553020477294922,-1.4664204120635986,-1.5430116653442383,0.5945013234843044
451602,5179247,8,encoder_mlp,reverse,-1.6553020477294922,-1.4664204120635986,-1.5749235153198242,0.5744502522635557
451602,5179247,9,encoder_self_attn,forward,-1.6553020477294922,-1.4664204120635986,-1.5057346820831299,0.7918576367632004
451602,5179247,9,encoder_self_attn,reverse,-1.6553020477294922,-1.4664204120635986,-1.6274915933609009,0.8527625289216348
451602,5179247,9,encoder_mlp,forward,-1.6553020477294922,-1.4664204120635986,-1.7318187952041626,-0.4051042188665622
451602,5179247,9,encoder_mlp,reverse,-1.6553020477294922,-1.4664204120635986,-1.375375509262085,-0.4820209359186193
451602,5179247,10,encoder_self_attn,forward,-1.6553020477294922,-1.4664204120635986,-1.3785035610198975,1.4654600259774029
451602,5179247,10,encoder_self_attn,reverse,-1.6553020477294922,-1.4664204120635986,-1.7667659521102905,1.5901256836739974
451602,5179247,10,encoder_mlp,forward,-1.6553020477294922,-1.4664204120635986,-1.7234761714935303,-0.36093569141167875
451602,5179247,10,encoder_mlp,reverse,-1.6553020477294922,-1.4664204120635986,-1.376547932624817,-0.47581375035185625
451602,5179247,11,encoder_self_attn,forward,-1.6553020477294922,-1.4664204120635986,-1.543355107307434,0.5926830315048591
451602,5179247,11,encoder_self_attn,reverse,-1.6553020477294922,-1.4664204120635986,-1.5741124153137207,0.5701560285120301
451602,5179247,11,encoder_mlp,forward,-1.6553020477294922,-1.4664204120635986,-1.589918851852417,0.34615962344126117
451602,5179247,11,encoder_mlp,reverse,-1.6553020477294922,-1.4664204120635986,-1.525273323059082,0.3115861994100176
451602,5179247,0,decoder_self_attn,forward,-1.6553020477294922,-1.4664204120635986,-1.6553020477294922,0.0
451602,5179247,0,decoder_self_attn,reverse,-1.6553020477294922,-1.4664204120635986,-1.4664204120635986,0.0
451602,5179247,0,decoder_cross_attn,forward,-1.6553020477294922,-1.4664204120635986,-1.6556833982467651,-0.0020189920313243553
451602,5179247,0,decoder_cross_attn,reverse,-1.6553020477294922,-1.4664204120635986,-1.4655742645263672,-0.0044797766296781096
451602,5179247,0,decoder_mlp,forward,-1.6553020477294922,-1.4664204120635986,-1.6497446298599243,0.029422753831919387
451602,5179247,0,decoder_mlp,reverse,-1.6553020477294922,-1.4664204120635986,-1.4723124504089355,0.03119434202570728
451602,5179247,1,decoder_self_attn,forward,-1.6553020477294922,-1.4664204120635986,-1.6542227268218994,0.005714271288405974
451602,5179247,1,decoder_self_attn,reverse,-1.6553020477294922,-1.4664204120635986,-1.4673216342926025,0.004771359723917514
451602,5179247,1,decoder_cross_attn,forward,-1.6553020477294922,-1.4664204120635986,-1.6245760917663574,0.16267307223813376
451602,5179247,1,decoder_cross_attn,reverse,-1.6553020477294922,-1.4664204120635986,-1.497110366821289,0.16248247030207252
451602,5179247,1,decoder_mlp,forward,-1.6553020477294922,-1.4664204120635986,-1.6535038948059082,0.009519998687244943
451602,5179247,1,decoder_mlp,reverse,-1.6553020477294922,-1.4664204120635986,-1.4680736064910889,0.008752541885091015
451602,5179247,2,decoder_self_attn,forward,-1.6553020477294922,-1.4664204120635986,-1.6513423919677734,0.020963688437783616
451602,5179247,2,decoder_self_attn,reverse,-1.6553020477294922,-1.4664204120635986,-1.4701049327850342,0.019507035231063823
451602,5179247,2,decoder_cross_attn,forward,-1.6553020477294922,-1.4664204120635986,-1.6405712366104126,0.07798964185769988
451602,5179247,2,decoder_cross_attn,reverse,-1.6553020477294922,-1.4664204120635986,-1.4797779321670532,0.0707189984688732
451602,5179247,2,decoder_mlp,forward,-1.6553020477294922,-1.4664204120635986,-1.655414342880249,-0.0005945265687738489
451602,5179247,2,decoder_mlp,reverse,-1.6553020477294922,-1.4664204120635986,-1.4662811756134033,-0.0007371624547004836
451602,5179247,3,decoder_self_attn,forward,-1.6553020477294922,-1.4664204120635986,-1.650759220123291,0.024051187349080502
451602,5179247,3,decoder_self_attn,reverse,-1.6553020477294922,-1.4664204120635986,-1.4706976413726807,0.022645024721449785
451602,5179247,3,decoder_cross_attn,forward,-1.6553020477294922,-1.4664204120635986,-1.6518492698669434,0.01828011415919932
451602,5179247,3,decoder_cross_attn,reverse,-1.6553020477294922,-1.4664204120635986,-1.4696869850158691,0.017294285602485145
451602,5179247,3,decoder_mlp,forward,-1.6553020477294922,-1.4664204120635986,-1.6576731204986572,-0.012553220226021077
451602,5179247,3,decoder_mlp,reverse,-1.6553020477294922,-1.4664204120635986,-1.4641926288604736,-0.011794599275207738
451602,5179247,4,decoder_self_attn,forward,-1.6553020477294922,-1.4664204120635986,-1.6509307622909546,0.02314298805771578
451602,5179247,4,decoder_self_attn,reverse,-1.6553020477294922,-1.4664204120635986,-1.4704967737197876,0.02158156689938616
451602,5179247,4,decoder_cross_attn,forward,-1.6553020477294922,-1.4664204120635986,-1.647232174873352,0.04272449689293599
451602,5179247,4,decoder_cross_attn,reverse,-1.6553020477294922,-1.4664204120635986,-1.4739452600479126,0.0398389602979954
451602,5179247,4,decoder_mlp,forward,-1.6553020477294922,-1.4664204120635986,-1.6534605026245117,0.009749730822100231
451602,5179247,4,decoder_mlp,reverse,-1.6553020477294922,-1.4664204120635986,-1.4680672883987427,0.008719091876444504
451602,5179247,5,decoder_self_attn,forward,-1.6553020477294922,-1.4664204120635986,-1.6538605690002441,0.007631651029313568
451602,5179247,5,decoder_self_attn,reverse,-1.6553020477294922,-1.4664204120635986,-1.4678024053573608,0.0073167160422454676
451602,5179247,5,decoder_cross_attn,forward,-1.6553020477294922,-1.4664204120635986,-1.632714033126831,0.11958819883694952
451602,5179247,5,decoder_cross_attn,reverse,-1.6553020477294922,-1.4664204120635986,-1.4880344867706299,0.11443184844747781
451602,5179247,5,decoder_mlp,forward,-1.6553020477294922,-1.4664204120635986,-1.6576905250549316,-0.012645365532858638
451602,5179247,5,decoder_mlp,reverse,-1.6553020477294922,-1.4664204120635986,-1.4641714096069336,-0.011906940813680928
451602,5179247,6,decoder_self_attn,forward,-1.6553020477294922,-1.4664204120635986,-1.658637285232544,-0.01765781777192648
451602,5179247,6,decoder_self_attn,reverse,-1.6553020477294922,-1.4664204120635986,-1.463466763496399,-0.0156375634761249
451602,5179247,6,decoder_cross_attn,forward,-1.6553020477294922,-1.4664204120635986,-1.637040376663208,0.096683147633191
451602,5179247,6,decoder_cross_attn,reverse,-1.6553020477294922,-1.4664204120635986,-1.4838216304779053,0.09212763513487927
451602,5179247,6,decoder_mlp,forward,-1.6553020477294922,-1.4664204120635986,-1.6520171165466309,0.017391479967231616
451602,5179247,6,decoder_mlp,reverse,-1.6553020477294922,-1.4664204120635986,-1.4691823720932007,0.014622702836434506
451602,5179247,7,decoder_self_attn,forward,-1.6553020477294922,-1.4664204120635986,-1.6429543495178223,0.06537267727557884
451602,5179247,7,decoder_self_attn,reverse,-1.6553020477294922,-1.4664204120635986,-1.4783064126968384,0.06292830211542903
451602,5179247,7,decoder_cross_attn,forward,-1.6553020477294922,-1.4664204120635986,-1.628365397453308,0.14261127176932875
451602,5179247,7,decoder_cross_attn,reverse,-1.6553020477294922,-1.4664204120635986,-1.4921685457229614,0.13631888335035286
451602,5179247,7,decoder_mlp,forward,-1.6553020477294922,-1.4664204120635986,-1.6520469188690186,0.01723369690757826
451602,5179247,7,decoder_mlp,reverse,-1.6553020477294922,-1.4664204120635986,-1.4698885679244995,0.018361530217980454
451602,5179247,8,decoder_self_attn,forward,-1.6553020477294922,-1.4664204120635986,-1.647833228111267,0.039542328145847086
451602,5179247,8,decoder_self_attn,reverse,-1.6553020477294922,-1.4664204120635986,-1.4737143516540527,0.03861645715180119
451602,5179247,8,decoder_cross_attn,forward,-1.6553020477294922,-1.4664204120635986,-1.617180585861206,0.2018272540572336
451602,5179247,8,decoder_cross_attn,reverse,-1.6553020477294922,-1.4664204120635986,-1.503774881362915,0.1977665492339948
451602,5179247,8,decoder_mlp,forward,-1.6553020477294922,-1.4664204120635986,-1.6466199159622192,0.045965992070454556
451602,5179247,8,decoder_mlp,reverse,-1.6553020477294922,-1.4664204120635986,-1.4754871129989624,0.04800202467222147
451602,5179247,9,decoder_self_attn,forward,-1.6553020477294922,-1.4664204120635986,-1.648587703704834,0.035547892207662704
451602,5179247,9,decoder_self_attn,reverse,-1.6553020477294922,-1.4664204120635986,-1.4731861352920532,0.03581991020250509
451602,5179247,9,decoder_cross_attn,forward,-1.6553020477294922,-1.4664204120635986,-1.622019648551941,0.17620770309519873
451602,5179247,9,decoder_cross_attn,reverse,-1.6553020477294922,-1.4664204120635986,-1.4997847080230713,0.17664129094312614
451602,5179247,9,decoder_mlp,forward,-1.6553020477294922,-1.4664204120635986,-1.642829418182373,0.06603410386164571
451602,5179247,9,decoder_mlp,reverse,-1.6553020477294922,-1.4664204120635986,-1.4786276817321777,0.06462920349849223
451602,5179247,10,decoder_self_attn,forward,-1.6553020477294922,-1.4664204120635986,-1.6518422365188599,0.018317350961277512
451602,5179247,10,decoder_self_attn,reverse,-1.6553020477294922,-1.4664204120635986,-1.4698188304901123,0.017992317858391598
451602,5179247,10,decoder_cross_attn,forward,-1.6553020477294922,-1.4664204120635986,-1.6388211250305176,0.08725529425278361
451602,5179247,10,decoder_cross_attn,reverse,-1.6553020477294922,-1.4664204120635986,-1.4824711084365845,0.08497753800362774
451602,5179247,10,decoder_mlp,forward,-1.6553020477294922,-1.4664204120635986,-1.6502349376678467,0.02682690693450236
451602,5179247,10,decoder_mlp,reverse,-1.6553020477294922,-1.4664204120635986,-1.4711740016937256,0.025167029146949044
451602,5179247,11,decoder_self_attn,forward,-1.6553020477294922,-1.4664204120635986,-1.658250331878662,-0.015609162525387294
451602,5179247,11,decoder_self_attn,reverse,-1.6553020477294922,-1.4664204120635986,-1.4634627103805542,-0.015659021972237754
451602,5179247,11,decoder_cross_attn,forward,-1.6553020477294922,-1.4664204120635986,-1.6406350135803223,0.07765198611004169
451602,5179247,11,decoder_cross_attn,reverse,-1.6553020477294922,-1.4664204120635986,-1.4812372922897339,0.07844531933397877
451602,5179247,11,decoder_mlp,forward,-1.6553020477294922,-1.4664204120635986,-1.6451616287231445,0.05368663274541262
451602,5179247,11,decoder_mlp,reverse,-1.6553020477294922,-1.4664204120635986,-1.4757431745529175,0.049357696720763115
1106007,5336578,0,encoder_self_attn,forward,-9.993258476257324,-9.805397033691406,-10.039124488830566,-0.24414809099077603
1106007,5336578,0,encoder_self_attn,reverse,-9.993258476257324,-9.805397033691406,-9.750986099243164,-0.28963332605704945
1106007,5336578,0,encoder_mlp,forward,-9.993258476257324,-9.805397033691406,-10.006625175476074,-0.07115190342509913
1106007,5336578,0,encoder_mlp,reverse,-9.993258476257324,-9.805397033691406,-9.648519515991211,-0.8350703345906075
1106007,5336578,1,encoder_self_attn,forward,-9.993258476257324,-9.805397033691406,-10.028149604797363,-0.18572799220253114
1106007,5336578,1,encoder_self_attn,reverse,-9.993258476257324,-9.805397033691406,-9.756979942321777,-0.25772766730799496
1106007,5336578,1,encoder_mlp,forward,-9.993258476257324,-9.805397033691406,-9.992605209350586,0.0034773868326336255
1106007,5336578,1,encoder_mlp,reverse,-9.993258476257324,-9.805397033691406,-9.547016143798828,-1.375380101224954
1106007,5336578,2,encoder_self_attn,forward,-9.993258476257324,-9.805397033691406,-10.001681327819824,-0.044835445993898076
1106007,5336578,2,encoder_self_attn,reverse,-9.993258476257324,-9.805397033691406,-9.749212265014648,-0.2990755735150035
1106007,5336578,2,encoder_mlp,forward,-9.993258476257324,-9.805397033691406,-10.007521629333496,-0.07592379192535548
1106007,5336578,2,encoder_mlp,reverse,-9.993258476257324,-9.805397033691406,-9.792230606079102,-0.07008584322823333
1106007,5336578,3,encoder_self_attn,forward,-9.993258476257324,-9.805397033691406,-10.033082962036133,-0.21198860838532493
1106007,5336578,3,encoder_self_attn,reverse,-9.993258476257324,-9.805397033691406,-9.859428405761719,0.2876128881601324
1106007,5336578,3,encoder_mlp,forward,-9.993258476257324,-9.805397033691406,-10.018428802490234,-0.1339834608375172
1106007,5336578,3,encoder_mlp,reverse,-9.993258476257324,-9.805397033691406,-9.744588851928711,-0.3236863346312193
1106007,5336578,4,encoder_self_attn,forward,-9.993258476257324,-9.805397033691406,-10.044858932495117,-0.274672947961033
1106007,5336578,4,encoder_self_attn,reverse,-9.993258476257324,-9.805397033691406,-9.820228576660156,0.07894937229360313
1106007,5336578,4,encoder_mlp,forward,-9.993258476257324,-9.805397033691406,-10.02708625793457,-0.18006772020488662
1106007,5336578,4,encoder_mlp,reverse,-9.993258476257324,-9.805397033691406,-9.802621841430664,-0.014772548442282993
1106007,5336578,5,encoder_self_attn,forward,-9.993258476257324,-9.805397033691406,-10.04653549194336,-0.28359739475193796
1106007,5336578,5,encoder_self_attn,reverse,-9.993258476257324,-9.805397033691406,-9.744424819946289,-0.3245594886972237
1106007,5336578,5,encoder_mlp,forward,-9.993258476257324,-9.805397033691406,-9.978358268737793,0.07931487864681426
1106007,5336578,5,encoder_mlp,reverse,-9.993258476257324,-9.805397033691406,-9.715173721313477,-0.4802651951651632
1106007,5336578,6,encoder_self_attn,forward,-9.993258476257324,-9.805397033691406,-10.024694442749023,-0.1673359155680324
1106007,5336578,6,encoder_self_attn,reverse,-9.993258476257324,-9.805397033691406,-9.815345764160156,0.05295780939858975
1106007,5336578,6,encoder_mlp,forward,-9.993258476257324,-9.805397033691406,-9.982600212097168,0.05673470838177139
1106007,5336578,6,encoder_mlp,reverse,-9.993258476257324,-9.805397033691406,-9.79167652130127,-0.07303527643956201
1106007,5336578,7,encoder_self_attn,forward,-9.993258476257324,-9.805397033691406,-10.004749298095703,-0.06116647291445628
1106007,5336578,7,encoder_self_attn,reverse,-9.993258476257324,-9.805397033691406,-9.795286178588867,-0.05382081051033825
1106007,5336578,7,encoder_mlp,forward,-9.993258476257324,-9.805397033691406,-9.996546745300293,-0.01750369313711057
1106007,5336578,7,encoder_mlp,reverse,-9.993258476257324,-9.805397033691406,-9.79046630859375,-0.0794773259149081
1106007,5336578,8,encoder_self_attn,forward,-9.993258476257324,-9.805397033691406,-10.036760330200195,-0.23156350419063187
1106007,5336578,8,encoder_self_attn,reverse,-9.993258476257324,-9.805397033691406,-9.790895462036133,-0.07719291120733855
1106007,5336578,8,encoder_mlp,forward,-9.993258476257324,-9.805397033691406,-9.962247848510742,0.1650718067689746
1106007,5336578,8,encoder_mlp,reverse,-9.993258476257324,-9.805397033691406,-9.805224418640137,-0.0009188423601557463
1106007,5336578,9,encoder_self_attn,forward,-9.993258476257324,-9.805397033691406,-9.814107894897461,0.9536314579134664
1106007,5336578,9,encoder_self_attn,reverse,-9.993258476257324,-9.805397033691406,-9.951148986816406,0.7758481524161492
1106007,5336578,9,encoder_mlp,forward,-9.993258476257324,-9.805397033691406,-9.976517677307129,0.0891124795037236
1106007,5336578,9,encoder_mlp,reverse,-9.993258476257324,-9.805397033691406,-9.833139419555664,0.1476747196515506
1106007,5336578,10,encoder_self_attn,forward,-9.993258476257324,-9.805397033691406,-9.856790542602539,0.7264286475757283
1106007,5336578,10,encoder_self_attn,reverse,-9.993258476257324,-9.805397033691406,-9.94278335571289,0.7313172950499272
1106007,5336578,10,encoder_mlp,forward,-9.993258476257324,-9.805397033691406,-9.949448585510254,0.233203206302954
1106007,5336578,10,encoder_mlp,reverse,-9.993258476257324,-9.805397033691406,-9.833573341369629,0.1499845167447598
1106007,5336578,11,encoder_self_attn,forward,-9.993258476257324,-9.805397033691406,-9.852825164794922,0.7475366394736709
1106007,5336578,11,encoder_self_attn,reverse,-9.993258476257324,-9.805397033691406,-9.946520805358887,0.7512120089142938
1106007,5336578,11,encoder_mlp,forward,-9.993258476257324,-9.805397033691406,-9.93731689453125,0.2977810718473808
1106007,5336578,11,encoder_mlp,reverse,-9.993258476257324,-9.805397033691406,-9.866209983825684,0.32371171701685897
1106007,5336578,0,decoder_self_attn,forward,-9.993258476257324,-9.805397033691406,-9.993258476257324,0.0
1106007,5336578,0,decoder_self_attn,reverse,-9.993258476257324,-9.805397033691406,-9.805397033691406,0.0
1106007,5336578,0,decoder_cross_attn,forward,-9.993258476257324,-9.805397033691406,-9.985525131225586,0.04116515303040302
1106007,5336578,0,decoder_cross_attn,reverse,-9.993258476257324,-9.805397033691406,-9.812776565551758,0.03928178001594014
1106007,5336578,0,decoder_mlp,forward,-9.993258476257324,-9.805397033691406,-9.990239143371582,0.016072126587033664
1106007,5336578,0,decoder_mlp,reverse,-9.993258476257324,-9.805397033691406,-9.808381080627441,0.015884296933300165
1106007,5336578,1,decoder_self_attn,forward,-9.993258476257324,-9.805397033691406,-9.991704940795898,0.008269581241401716
1106007,5336578,1,decoder_self_attn,reverse,-9.993258476257324,-9.805397033691406,-9.806812286376953,0.007533492057851534
1106007,5336578,1,decoder_cross_attn,forward,-9.993258476257324,-9.805397033691406,-9.99868392944336,-0.028880078380806855
1106007,5336578,1,decoder_cross_attn,reverse,-9.993258476257324,-9.805397033691406,-9.800737380981445,-0.024803667247077218
1106007,5336578,1,decoder_mlp,forward,-9.993258476257324,-9.805397033691406,-9.994906425476074,-0.008772152477067014
1106007,5336578,1,decoder_mlp,reverse,-9.993258476257324,-9.805397033691406,-9.80378246307373,-0.008594475777589384
1106007,5336578,2,decoder_self_attn,forward,-9.993258476257324,-9.805397033691406,-9.99323844909668,0.0001066060196865783
1106007,5336578,2,decoder_self_attn,reverse,-9.993258476257324,-9.805397033691406,-9.805326461791992,-0.0003756593074669902
1106007,5336578,2,decoder_cross_attn,forward,-9.993258476257324,-9.805397033691406,-9.984354019165039,0.04739906694350388
1106007,5336578,2,decoder_cross_attn,reverse,-9.993258476257324,-9.805397033691406,-9.813889503479004,0.04520602882423713
1106007,5336578,2,decoder_mlp,forward,-9.993258476257324,-9.805397033691406,-9.99264907836914,0.0032438688847487396
1106007,5336578,2,decoder_mlp,reverse,-9.993258476257324,-9.805397033691406,-9.805990219116211,0.0031575687735738906
1106007,5336578,3,decoder_self_attn,forward,-9.993258476257324,-9.805397033691406,-9.991273880004883,0.010564148903227117
1106007,5336578,3,decoder_self_attn,reverse,-9.993258476257324,-9.805397033691406,-9.80742073059082,0.010772284465472341
1106007,5336578,3,decoder_cross_attn,forward,-9.993258476257324,-9.805397033691406,-9.986199378967285,0.03757608370095489
1106007,5336578,3,decoder_cross_attn,reverse,-9.993258476257324,-9.805397033691406,-9.812491416931152,0.03776391335468838
1106007,5336578,3,decoder_mlp,forward,-9.993258476257324,-9.805397033691406,-9.991511344909668,0.009300106098371974
1106007,5336578,3,decoder_mlp,reverse,-9.993258476257324,-9.805397033691406,-9.807170867919922,0.009442247457954078
1106007,5336578,4,decoder_self_attn,forward,-9.993258476257324,-9.805397033691406,-9.989904403686523,0.0178539700589379
1106007,5336578,4,decoder_self_attn,reverse,-9.993258476257324,-9.805397033691406,-9.808797836303711,0.018102717438206583
1106007,5336578,4,decoder_cross_attn,forward,-9.993258476257324,-9.805397033691406,-9.993267059326172,-4.56882941513907e-05
1106007,5336578,4,decoder_cross_attn,reverse,-9.993258476257324,-9.805397033691406,-9.805347442626953,-0.00026397681065247963
1106007,5336578,4,decoder_mlp,forward,-9.993258476257324,-9.805397033691406,-9.989419937133789,0.02043282043992751
1106007,5336578,4,decoder_mlp,reverse,-9.993258476257324,-9.805397033691406,-9.809114456176758,0.019788107844680106
1106007,5336578,5,decoder_self_attn,forward,-9.993258476257324,-9.805397033691406,-9.990180969238281,0.01638179169183753
1106007,5336578,5,decoder_self_attn,reverse,-9.993258476257324,-9.805397033691406,-9.808362007141113,0.015782767390741522
1106007,5336578,5,decoder_cross_attn,forward,-9.993258476257324,-9.805397033691406,-9.9896240234375,0.019346454334549994
1106007,5336578,5,decoder_cross_attn,reverse,-9.993258476257324,-9.805397033691406,-9.808817863464355,0.01820932345789316
1106007,5336578,5,decoder_mlp,forward,-9.993258476257324,-9.805397033691406,-9.990779876708984,0.013193764055496047
1106007,5336578,5,decoder_mlp,reverse,-9.993258476257324,-9.805397033691406,-9.80790901184082,0.013371440754973679
1106007,5336578,6,decoder_self_attn,forward,-9.993258476257324,-9.805397033691406,-9.994998931884766,-0.009264570758476448
1106007,5336578,6,decoder_self_attn,reverse,-9.993258476257324,-9.805397033691406,-9.80401611328125,-0.00735073888124597
1106007,5336578,6,decoder_cross_attn,forward,-9.993258476257324,-9.805397033691406,-9.989839553833008,0.018199170503637296
1106007,5336578,6,decoder_cross_attn,reverse,-9.993258476257324,-9.805397033691406,-9.808518409729004,0.01661530963972242
1106007,5336578,6,decoder_mlp,forward,-9.993258476257324,-9.805397033691406,-9.9943208694458,-0.005655195520516582
1106007,5336578,6,decoder_mlp,reverse,-9.993258476257324,-9.805397033691406,-9.804295539855957,-0.005863331082761806
1106007,5336578,7,decoder_self_attn,forward,-9.993258476257324,-9.805397033691406,-9.985995292663574,0.0386624498063324
1106007,5336578,7,decoder_self_attn,reverse,-9.993258476257324,-9.805397033691406,-9.81269359588623,0.03884012650581003
1106007,5336578,7,decoder_cross_attn,forward,-9.993258476257324,-9.805397033691406,-9.980795860290527,0.0663394031078193
1106007,5336578,7,decoder_cross_attn,reverse,-9.993258476257324,-9.805397033691406,-9.818161010742188,0.0679435698802459
1106007,5336578,7,decoder_mlp,forward,-9.993258476257324,-9.805397033691406,-9.996137619018555,-0.015325884449227615
1106007,5336578,7,decoder_mlp,reverse,-9.993258476257324,-9.805397033691406,-9.80224609375,-0.01677268043068832
1106007,5336578,8,decoder_self_attn,forward,-9.993258476257324,-9.805397033691406,-9.986130714416504,0.03794159005416601
1106007,5336578,8,decoder_self_attn,reverse,-9.993258476257324,-9.805397033691406,-9.812638282775879,0.038545690832389956
1106007,5336578,8,decoder_cross_attn,forward,-9.993258476257324,-9.805397033691406,-9.96243953704834,0.1640514348662602
1106007,5336578,8,decoder_cross_attn,reverse,-9.993258476257324,-9.805397033691406,-9.836326599121094,0.16464030621310036
1106007,5336578,8,decoder_mlp,forward,-9.993258476257324,-9.805397033691406,-9.998441696166992,-0.02759065319031205
1106007,5336578,8,decoder_mlp,reverse,-9.993258476257324,-9.805397033691406,-9.7998628616333,-0.029458796773391138
1106007,5336578,9,decoder_self_attn,forward,-9.993258476257324,-9.805397033691406,-9.983311653137207,0.05294765644433389
1106007,5336578,9,decoder_self_attn,reverse,-9.993258476257324,-9.805397033691406,-9.816015243530273,0.05652149634239823
1106007,5336578,9,decoder_cross_attn,forward,-9.993258476257324,-9.805397033691406,-9.968463897705078,0.13198332884911188
1106007,5336578,9,decoder_cross_attn,reverse,-9.993258476257324,-9.805397033691406,-9.832330703735352,0.14336986704706403
1106007,5336578,9,decoder_mlp,forward,-9.993258476257324,-9.805397033691406,-9.992197036743164,0.00565011904338865
1106007,5336578,9,decoder_mlp,reverse,-9.993258476257324,-9.805397033691406,-9.805814743041992,0.0022234969820343477
1106007,5336578,10,decoder_self_attn,forward,-9.993258476257324,-9.805397033691406,-9.969217300415039,0.12797291191804536
1106007,5336578,10,decoder_self_attn,reverse,-9.993258476257324,-9.805397033691406,-9.830142974853516,0.13172442851558733
1106007,5336578,10,decoder_cross_attn,forward,-9.993258476257324,-9.805397033691406,-9.97618579864502,0.09087909354424403
1106007,5336578,10,decoder_cross_attn,reverse,-9.993258476257324,-9.805397033691406,-9.823833465576172,0.09813845583718722
1106007,5336578,10,decoder_mlp,forward,-9.993258476257324,-9.805397033691406,-10.009845733642578,-0.0882951666861265
1106007,5336578,10,decoder_mlp,reverse,-9.993258476257324,-9.805397033691406,-9.788595199584961,-0.08943737403991127
1106007,5336578,11,decoder_self_attn,forward,-9.993258476257324,-9.805397033691406,-9.98884391784668,0.023499012625198618
1106007,5336578,11,decoder_self_attn,reverse,-9.993258476257324,-9.805397033691406,-9.810049057006836,0.02476305543005376
1106007,5336578,11,decoder_cross_attn,forward,-9.993258476257324,-9.805397033691406,-9.932079315185547,0.325661084233985
1106007,5336578,11,decoder_cross_attn,reverse,-9.993258476257324,-9.805397033691406,-9.866945266723633,0.3276256808824948
1106007,5336578,11,decoder_mlp,forward,-9.993258476257324,-9.805397033691406,-9.973724365234375,0.1039814810114373
1106007,5336578,11,decoder_mlp,reverse,-9.993258476257324,-9.805397033691406,-9.82475471496582,0.10304233274276983
962179,6186348,0,encoder_self_attn,forward,-1.4803082942962646,-1.3085734844207764,-1.5294657945632935,-0.28624074701377744
962179,6186348,0,encoder_self_attn,reverse,-1.4803082942962646,-1.3085734844207764,-1.3169105052947998,0.04854589980952592
962179,6186348,0,encoder_mlp,forward,-1.4803082942962646,-1.3085734844207764,-1.5294313430786133,-0.28604013838524633
962179,6186348,0,encoder_mlp,reverse,-1.4803082942962646,-1.3085734844207764,-1.109742283821106,-1.1577804217084913
962179,6186348,1,encoder_self_attn,forward,-1.4803082942962646,-1.3085734844207764,-1.4511888027191162,0.1695607989915425
962179,6186348,1,encoder_self_attn,reverse,-1.4803082942962646,-1.3085734844207764,-1.3194366693496704,0.06325557955763368
962179,6186348,1,encoder_mlp,forward,-1.4803082942962646,-1.3085734844207764,-1.4760961532592773,0.02452700789106882
962179,6186348,1,encoder_mlp,reverse,-1.4803082942962646,-1.3085734844207764,-1.093738079071045,-1.250971806504995
962179,6186348,2,encoder_self_attn,forward,-1.4803082942962646,-1.3085734844207764,-1.4487926959991455,0.18351316381325766
962179,6186348,2,encoder_self_attn,reverse,-1.4803082942962646,-1.3085734844207764,-1.3677334785461426,0.34448458159565076
962179,6186348,2,encoder_mlp,forward,-1.4803082942962646,-1.3085734844207764,-1.5137436389923096,-0.1946917152107154
962179,6186348,2,encoder_mlp,reverse,-1.4803082942962646,-1.3085734844207764,-1.1564157009124756,-0.8860043203740622
962179,6186348,3,encoder_self_attn,forward,-1.4803082942962646,-1.3085734844207764,-1.5001423358917236,-0.11549226164363023
962179,6186348,3,encoder_self_attn,reverse,-1.4803082942962646,-1.3085734844207764,-1.336761236190796,0.16413534210365566
962179,6186348,3,encoder_mlp,forward,-1.4803082942962646,-1.3085734844207764,-1.4844436645507812,-0.02407997689877108
962179,6186348,3,encoder_mlp,reverse,-1.4803082942962646,-1.3085734844207764,-1.2852224111557007,-0.1359716954413945
962179,6186348,4,encoder_self_attn,forward,-1.4803082942962646,-1.3085734844207764,-1.5418707132339478,-0.358473736235055
962179,6186348,4,encoder_self_attn,reverse,-1.4803082942962646,-1.3085734844207764,-1.274010419845581,-0.20125835059446792
962179,6186348,4,encoder_mlp,forward,-1.4803082942962646,-1.3085734844207764,-1.4439617395401,0.21164349139534755
962179,6186348,4,encoder_mlp,reverse,-1.4803082942962646,-1.3085734844207764,-1.3608713150024414,0.3045266747002671
962179,6186348,5,encoder_self_attn,forward,-1.4803082942962646,-1.3085734844207764,-1.3758866786956787,0.6080398940453251
962179,6186348,5,encoder_self_attn,reverse,-1.4803082942962646,-1.3085734844207764,-1.424880027770996,0.6772450118560394
962179,6186348,5,encoder_mlp,forward,-1.4803082942962646,-1.3085734844207764,-1.5032655000686646,-0.1336782320896061
962179,6186348,5,encoder_mlp,reverse,-1.4803082942962646,-1.3085734844207764,-1.1984344720840454,-0.641331902463946
962179,6186348,6,encoder_self_attn,forward,-1.4803082942962646,-1.3085734844207764,-1.4020421504974365,0.4557383785824953
962179,6186348,6,encoder_self_attn,reverse,-1.4803082942962646,-1.3085734844207764,-1.3696322441101074,0.35554096303248056
962179,6186348,6,encoder_mlp,forward,-1.4803082942962646,-1.3085734844207764,-1.4853930473327637,-0.02960816761718598
962179,6186348,6,encoder_mlp,reverse,-1.4803082942962646,-1.3085734844207764,-1.2994294166564941,-0.05324527840868073
962179,6186348,7,encoder_self_attn,forward,-1.4803082942962646,-1.3085734844207764,-1.3589327335357666,0.7067615520027544
962179,6186348,7,encoder_self_attn,reverse,-1.4803082942962646,-1.3085734844207764,-1.5144264698028564,1.1986677921111524
962179,6186348,7,encoder_mlp,forward,-1.4803082942962646,-1.3085734844207764,-1.5156033039093018,-0.20552041626637493
962179,6186348,7,encoder_mlp,reverse,-1.4803082942962646,-1.3085734844207764,-1.2622761726379395,-0.26958606596067236
962179,6186348,8,encoder_self_attn,forward,-1.4803082942962646,-1.3085734844207764,-1.4122745990753174,0.39615553346623944
962179,6186348,8,encoder_self_attn,reverse,-1.4803082942962646,-1.3085734844207764,-1.3236194849014282,0.0876118271628248
962179,6186348,8,encoder_mlp,forward,-1.4803082942962646,-1.3085734844207764,-1.5131410360336304,-0.19118279958017959
962179,6186348,8,encoder_mlp,reverse,-1.4803082942962646,-1.3085734844207764,-1.259441614151001,-0.28609150530051036
962179,6186348,9,encoder_self_attn,forward,-1.4803082942962646,-1.3085734844207764,-1.364522099494934,0.6742150580029654
962179,6186348,9,encoder_self_attn,reverse,-1.4803082942962646,-1.3085734844207764,-1.400162696838379,0.5333176918762529
962179,6186348,9,encoder_mlp,forward,-1.4803082942962646,-1.3085734844207764,-1.473839282989502,0.03766860842861665
962179,6186348,9,encoder_mlp,reverse,-1.4803082942962646,-1.3085734844207764,-1.3085029125213623,-0.00041093532211220753
962179,6186348,10,encoder_self_attn,forward,-1.4803082942962646,-1.3085734844207764,-1.4138224124908447,0.3871427222799136
962179,6186348,10,encoder_self_attn,reverse,-1.4803082942962646,-1.3085734844207764,-1.3723245859146118,0.371218284400562
962179,6186348,10,encoder_mlp,forward,-1.4803082942962646,-1.3085734844207764,-1.5010396242141724,-0.12071710990298594
962179,6186348,10,encoder_mlp,reverse,-1.4803082942962646,-1.3085734844207764,-1.279193639755249,-0.17107681713933484
962179,6186348,11,encoder_self_attn,forward,-1.4803082942962646,-1.3085734844207764,-1.3445074558258057,0.7907589531145011
962179,6186348,11,encoder_self_attn,reverse,-1.4803082942962646,-1.3085734844207764,-1.4426401853561401,0.7806611893800985
962179,6186348,11,encoder_mlp,forward,-1.4803082942962646,-1.3085734844207764,-1.466526985168457,0.08024761629747275
962179,6186348,11,encoder_mlp,reverse,-1.4803082942962646,-1.3085734844207764,-1.323723316192627,0.08821642963843244
962179,6186348,0,decoder_self_attn,forward,-1.4803082942962646,-1.3085734844207764,-1.4803082942962646,0.0
962179,6186348,0,decoder_self_attn,reverse,-1.4803082942962646,-1.3085734844207764,-1.3085734844207764,0.0
962179,6186348,0,decoder_cross_attn,forward,-1.4803082942962646,-1.3085734844207764,-1.4730732440948486,0.04212920028654409
962179,6186348,0,decoder_cross_attn,reverse,-1.4803082942962646,-1.3085734844207764,-1.315784215927124,0.041987594195816234
962179,6186348,0,decoder_mlp,forward,-1.4803082942962646,-1.3085734844207764,-1.479813814163208,0.0028793238447997246
962179,6186348,0,decoder_mlp,reverse,-1.4803082942962646,-1.3085734844207764,-1.3090304136276245,0.0026606673811758303
962179,6186348,1,decoder_self_attn,forward,-1.4803082942962646,-1.3085734844207764,-1.4802403450012207,0.00039566407703371334
962179,6186348,1,decoder_self_attn,reverse,-1.4803082942962646,-1.3085734844207764,-1.3085955381393433,0.00012841728816006485
962179,6186348,1,decoder_cross_attn,forward,-1.4803082942962646,-1.3085734844207764,-1.4786630868911743,0.009579929696740838
962179,6186348,1,decoder_cross_attn,reverse,-1.4803082942962646,-1.3085734844207764,-1.310359239578247,0.010398329603447415
962179,6186348,1,decoder_mlp,forward,-1.4803082942962646,-1.3085734844207764,-1.4805700778961182,-0.0015243479178351483
962179,6186348,1,decoder_mlp,reverse,-1.4803082942962646,-1.3085734844207764,-1.3082884550094604,-0.0016597066810308924
962179,6186348,2,decoder_self_attn,forward,-1.4803082942962646,-1.3085734844207764,-1.47982656955719,0.002805050061917957
962179,6186348,2,decoder_self_attn,reverse,-1.4803082942962646,-1.3085734844207764,-1.309072732925415,0.0029070897449424414
962179,6186348,2,decoder_cross_attn,forward,-1.4803082942962646,-1.3085734844207764,-1.4721949100494385,0.04724367909283251
962179,6186348,2,decoder_cross_attn,reverse,-1.4803082942962646,-1.3085734844207764,-1.316800832748413,0.04790728410624344
962179,6186348,2,decoder_mlp,forward,-1.4803082942962646,-1.3085734844207764,-1.4799902439117432,0.0018519855395192056
962179,6186348,2,decoder_mlp,reverse,-1.4803082942962646,-1.3085734844207764,-1.308864951133728,0.00169719064622356
962179,6186348,3,decoder_self_attn,forward,-1.4803082942962646,-1.3085734844207764,-1.4795383214950562,0.004483498725545184
962179,6186348,3,decoder_self_attn,reverse,-1.4803082942962646,-1.3085734844207764,-1.309362530708313,0.004594562326116051
962179,6186348,3,decoder_cross_attn,forward,-1.4803082942962646,-1.3085734844207764,-1.477708339691162,0.015139357052816296
962179,6186348,3,decoder_cross_attn,reverse,-1.4803082942962646,-1.3085734844207764,-1.3109210729599,0.013669846787763012
962179,6186348,3,decoder_mlp,forward,-1.4803082942962646,-1.3085734844207764,-1.4806873798370361,-0.0022073890613459797
962179,6186348,3,decoder_mlp,reverse,-1.4803082942962646,-1.3085734844207764,-1.3081237077713013,-0.0026190185309617553
962179,6186348,4,decoder_self_attn,forward,-1.4803082942962646,-1.3085734844207764,-1.4798924922943115,0.0024211864924448987
962179,6186348,4,decoder_self_attn,reverse,-1.4803082942962646,-1.3085734844207764,-1.3090100288391113,0.0025419681580657163
962179,6186348,4,decoder_cross_attn,forward,-1.4803082942962646,-1.3085734844207764,-1.4744504690170288,0.03410971417782393
962179,6186348,4,decoder_cross_attn,reverse,-1.4803082942962646,-1.3085734844207764,-1.3145804405212402,0.0349780927047874
962179,6186348,4,decoder_mlp,forward,-1.4803082942962646,-1.3085734844207764,-1.4796322584152222,0.003936510492733664
962179,6186348,4,decoder_mlp,reverse,-1.4803082942962646,-1.3085734844207764,-1.3092591762542725,0.003992736440522665
962179,6186348,5,decoder_self_attn,forward,-1.4803082942962646,-1.3085734844207764,-1.4776018857955933,0.015759230773502445
962179,6186348,5,decoder_self_attn,reverse,-1.4803082942962646,-1.3085734844207764,-1.3113977909088135,0.016445742654531116
962179,6186348,5,decoder_cross_attn,forward,-1.4803082942962646,-1.3085734844207764,-1.469997763633728,0.06003751173109281
962179,6186348,5,decoder_cross_attn,reverse,-1.4803082942962646,-1.3085734844207764,-1.3188843727111816,0.060039594173603515
962179,6186348,5,decoder_mlp,forward,-1.4803082942962646,-1.3085734844207764,-1.4824150800704956,-0.012267668830555817
962179,6186348,5,decoder_mlp,reverse,-1.4803082942962646,-1.3085734844207764,-1.3064309358596802,-0.012475913081626194
962179,6186348,6,decoder_self_attn,forward,-1.4803082942962646,-1.3085734844207764,-1.483904242515564,-0.020938959445126252
962179,6186348,6,decoder_self_attn,reverse,-1.4803082942962646,-1.3085734844207764,-1.3048728704452515,-0.021548420953258884
962179,6186348,6,decoder_cross_attn,forward,-1.4803082942962646,-1.3085734844207764,-1.4728972911834717,0.043153762001810335
962179,6186348,6,decoder_cross_attn,reverse,-1.4803082942962646,-1.3085734844207764,-1.3159993886947632,0.04324053043975633
962179,6186348,6,decoder_mlp,forward,-1.4803082942962646,-1.3085734844207764,-1.4802675247192383,0.00023739844622022802
962179,6186348,6,decoder_mlp,reverse,-1.4803082942962646,-1.3085734844207764,-1.3087491989135742,0.0010231734202591114
962179,6186348,7,decoder_self_attn,forward,-1.4803082942962646,-1.3085734844207764,-1.4750704765319824,0.030499453011767187
962179,6186348,7,decoder_self_attn,reverse,-1.4803082942962646,-1.3085734844207764,-1.3139358758926392,0.031224837152995663
962179,6186348,7,decoder_cross_attn,forward,-1.4803082942962646,-1.3085734844207764,-1.4703196287155151,0.05816331347145943
962179,6186348,7,decoder_cross_attn,reverse,-1.4803082942962646,-1.3085734844207764,-1.318680763244629,0.05885399023750951
962179,6186348,7,decoder_mlp,forward,-1.4803082942962646,-1.3085734844207764,-1.4801579713821411,0.0008753200019991448
962179,6186348,7,decoder_mlp,reverse,-1.4803082942962646,-1.3085734844207764,-1.3086340427398682,0.0003526269318125024
962179,6186348,8,decoder_self_attn,forward,-1.4803082942962646,-1.3085734844207764,-1.4732401371002197,0.041157393781549007
962179,6186348,8,decoder_self_attn,reverse,-1.4803082942962646,-1.3085734844207764,-1.315515160560608,0.040420903280263445
962179,6186348,8,decoder_cross_attn,forward,-1.4803082942962646,-1.3085734844207764,-1.4439654350280762,0.21162197282273695
962179,6186348,8,decoder_cross_attn,reverse,-1.4803082942962646,-1.3085734844207764,-1.3445818424224854,0.20967419492772535
962179,6186348,8,decoder_mlp,forward,-1.4803082942962646,-1.3085734844207764,-1.4828972816467285,-0.015075495482488047
962179,6186348,8,decoder_mlp,reverse,-1.4803082942962646,-1.3085734844207764,-1.3058042526245117,-0.01612504650788274
962179,6186348,9,decoder_self_attn,forward,-1.4803082942962646,-1.3085734844207764,-1.4766899347305298,0.02106945917579702
962179,6186348,9,decoder_self_attn,reverse,-1.4803082942962646,-1.3085734844207764,-1.3118903636932373,0.019313960139273754
962179,6186348,9,decoder_cross_attn,forward,-1.4803082942962646,-1.3085734844207764,-1.413362741470337,0.3898193550536715
962179,6186348,9,decoder_cross_attn,reverse,-1.4803082942962646,-1.3085734844207764,-1.3749346733093262,0.38641664399118153
962179,6186348,9,decoder_mlp,forward,-1.4803082942962646,-1.3085734844207764,-1.4654157161712646,0.08671845932573288
962179,6186348,9,decoder_mlp,reverse,-1.4803082942962646,-1.3085734844207764,-1.3232710361480713,0.08558283400989576
962179,6186348,10,decoder_self_attn,forward,-1.4803082942962646,-1.3085734844207764,-1.4652445316314697,0.08771525514085642
962179,6186348,10,decoder_self_attn,reverse,-1.4803082942962646,-1.3085734844207764,-1.3235023021697998,0.08692948016681752
962179,6186348,10,decoder_cross_attn,forward,-1.4803082942962646,-1.3085734844207764,-1.4584672451019287,0.1271789290136997
962179,6186348,10,decoder_cross_attn,reverse,-1.4803082942962646,-1.3085734844207764,-1.3303446769714355,0.1267721585766089
962179,6186348,10,decoder_mlp,forward,-1.4803082942962646,-1.3085734844207764,-1.468332052230835,0.06973683479844733
962179,6186348,10,decoder_mlp,reverse,-1.4803082942962646,-1.3085734844207764,-1.3199459314346313,0.06622097769287583
962179,6186348,11,decoder_self_attn,forward,-1.4803082942962646,-1.3085734844207764,-1.477571964263916,0.015933461796897995
962179,6186348,11,decoder_self_attn,reverse,-1.4803082942962646,-1.3085734844207764,-1.3111584186553955,0.015051894467366737
962179,6186348,11,decoder_cross_attn,forward,-1.4803082942962646,-1.3085734844207764,-1.455923318862915,0.14199203673983907
962179,6186348,11,decoder_cross_attn,reverse,-1.4803082942962646,-1.3085734844207764,-1.3331639766693115,0.14318874703599016
962179,6186348,11,decoder_mlp,forward,-1.4803082942962646,-1.3085734844207764,-1.4756340980529785,0.02721752361489807
962179,6186348,11,decoder_mlp,reverse,-1.4803082942962646,-1.3085734844207764,-1.3127739429473877,0.024458981435719163
1063750,2992037,0,encoder_self_attn,forward,-10.56797981262207,-10.408748626708984,-10.569684982299805,-0.010708767054370351
1063750,2992037,0,encoder_self_attn,reverse,-10.56797981262207,-10.408748626708984,-10.391764640808105,-0.10666243426805458
1063750,2992037,0,encoder_mlp,forward,-10.56797981262207,-10.408748626708984,-10.571389198303223,-0.021411544865421704
1063750,2992037,0,encoder_mlp,reverse,-10.56797981262207,-10.408748626708984,-10.272497177124023,-0.8556831929853982
1063750,2992037,1,encoder_self_attn,forward,-10.56797981262207,-10.408748626708984,-10.572890281677246,-0.030838613849526252
1063750,2992037,1,encoder_self_attn,reverse,-10.56797981262207,-10.408748626708984,-10.383681297302246,-0.15742726063989076
1063750,2992037,1,encoder_mlp,forward,-10.56797981262207,-10.408748626708984,-10.562997817993164,0.03128780709845118
1063750,2992037,1,encoder_mlp,reverse,-10.56797981262207,-10.408748626708984,-10.289509773254395,-0.7488410814177737
1063750,2992037,2,encoder_self_attn,forward,-10.56797981262207,-10.408748626708984,-10.564746856689453,0.020303534851406874
1063750,2992037,2,encoder_self_attn,reverse,-10.56797981262207,-10.408748626708984,-10.384510040283203,-0.15222260819568056
1063750,2992037,2,encoder_mlp,forward,-10.56797981262207,-10.408748626708984,-10.562522888183594,0.03427045027131272
1063750,2992037,2,encoder_mlp,reverse,-10.56797981262207,-10.408748626708984,-10.364566802978516,-0.27746966448258925
1063750,2992037,3,encoder_self_attn,forward,-10.56797981262207,-10.408748626708984,-10.575605392456055,-0.047889989578716624
1063750,2992037,3,encoder_self_attn,reverse,-10.56797981262207,-10.408748626708984,-10.414691925048828,0.037324964364002254
1063750,2992037,3,encoder_mlp,forward,-10.56797981262207,-10.408748626708984,-10.555994033813477,0.07527281003318041
1063750,2992037,3,encoder_mlp,reverse,-10.56797981262207,-10.408748626708984,-10.40424633026123,-0.028275217708994646
1063750,2992037,4,encoder_self_attn,forward,-10.56797981262207,-10.408748626708984,-10.53338623046875,0.21725381215337256
1063750,2992037,4,encoder_self_attn,reverse,-10.56797981262207,-10.408748626708984,-10.443568229675293,0.21867326281997532
1063750,2992037,4,encoder_mlp,forward,-10.56797981262207,-10.408748626708984,-10.5409517288208,0.16974114490375286
1063750,2992037,4,encoder_mlp,reverse,-10.56797981262207,-10.408748626708984,-10.44732666015625,0.2422768707401507
1063750,2992037,5,encoder_self_attn,forward,-10.56797981262207,-10.408748626708984,-10.518444061279297,0.3110932764754501
1063750,2992037,5,encoder_self_attn,reverse,-10.56797981262207,-10.408748626708984,-10.49878978729248,0.565474407963298
1063750,2992037,5,encoder_mlp,forward,-10.56797981262207,-10.408748626708984,-10.59926986694336,-0.19650707329635975
1063750,2992037,5,encoder_mlp,reverse,-10.56797981262207,-10.408748626708984,-10.340593338012695,-0.4280272630355881
1063750,2992037,6,encoder_self_attn,forward,-10.56797981262207,-10.408748626708984,-10.546777725219727,0.1331528574679875
1063750,2992037,6,encoder_self_attn,reverse,-10.56797981262207,-10.408748626708984,-10.444350242614746,0.22358444234155456
1063750,2992037,6,encoder_mlp,forward,-10.56797981262207,-10.408748626708984,-10.556635856628418,0.07124204927949403
1063750,2992037,6,encoder_mlp,reverse,-10.56797981262207,-10.408748626708984,-10.396866798400879,-0.07461998251140951
1063750,2992037,7,encoder_self_attn,forward,-10.56797981262207,-10.408748626708984,-10.503851890563965,0.402734688499455
1063750,2992037,7,encoder_self_attn,reverse,-10.56797981262207,-10.408748626708984,-10.485172271728516,0.4799540026113101
1063750,2992037,7,encoder_mlp,forward,-10.56797981262207,-10.408748626708984,-10.546942710876465,0.13211671837380065
1063750,2992037,7,encoder_mlp,reverse,-10.56797981262207,-10.408748626708984,-10.417821884155273,0.056981660936957224
1063750,2992037,8,encoder_self_attn,forward,-10.56797981262207,-10.408748626708984,-10.48283576965332,0.5347196435202377
1063750,2992037,8,encoder_self_attn,reverse,-10.56797981262207,-10.408748626708984,-10.469928741455078,0.3842219374004288
1063750,2992037,8,encoder_mlp,forward,-10.56797981262207,-10.408748626708984,-10.528682708740234,0.246792760202676
1063750,2992037,8,encoder_mlp,reverse,-10.56797981262207,-10.408748626708984,-10.46369743347168,0.34508822155408886
1063750,2992037,9,encoder_self_attn,forward,-10.56797981262207,-10.408748626708984,-10.460627555847168,0.6741911526897691
1063750,2992037,9,encoder_self_attn,reverse,-10.56797981262207,-10.408748626708984,-10.497028350830078,0.5544122755531066
1063750,2992037,9,encoder_mlp,forward,-10.56797981262207,-10.408748626708984,-10.584022521972656,-0.10075105111220248
1063750,2992037,9,encoder_mlp,reverse,-10.56797981262207,-10.408748626708984,-10.397306442260742,-0.07185894134135093
1063750,2992037,10,encoder_self_attn,forward,-10.56797981262207,-10.408748626708984,-10.426801681518555,0.8866236239713474
1063750,2992037,10,encoder_self_attn,reverse,-10.56797981262207,-10.408748626708984,-10.51147174835205,0.6451193656193477
1063750,2992037,10,encoder_mlp,forward,-10.56797981262207,-10.408748626708984,-10.554744720458984,0.0831187187810692
1063750,2992037,10,encoder_mlp,reverse,-10.56797981262207,-10.408748626708984,-10.411615371704102,0.018003665416911226
1063750,2992037,11,encoder_self_attn,forward,-10.56797981262207,-10.408748626708984,-10.430309295654297,0.8645951870440689
1063750,2992037,11,encoder_self_attn,reverse,-10.56797981262207,-10.408748626708984,-10.54843521118164,0.8772564474204328
1063750,2992037,11,encoder_mlp,forward,-10.56797981262207,-10.408748626708984,-10.529508590698242,0.2416060754884228
1063750,2992037,11,encoder_mlp,reverse,-10.56797981262207,-10.408748626708984,-10.456957817077637,0.3027622390187224
1063750,2992037,0,decoder_self_attn,forward,-10.56797981262207,-10.408748626708984,-10.56797981262207,0.0
1063750,2992037,0,decoder_self_attn,reverse,-10.56797981262207,-10.408748626708984,-10.408748626708984,0.0
1063750,2992037,0,decoder_cross_attn,forward,-10.56797981262207,-10.408748626708984,-10.558086395263672,0.06213241019129643
1063750,2992037,0,decoder_cross_attn,reverse,-10.56797981262207,-10.408748626708984,-10.41762924194336,0.05577183378651941
1063750,2992037,0,decoder_mlp,forward,-10.56797981262207,-10.408748626708984,-10.56592082977295,0.012930776325719009
1063750,2992037,0,decoder_mlp,reverse,-10.56797981262207,-10.408748626708984,-10.410881042480469,0.013391948061281937
1063750,2992037,1,decoder_self_attn,forward,-10.56797981262207,-10.408748626708984,-10.564842224121094,0.019704610519506966
1063750,2992037,1,decoder_self_attn,reverse,-10.56797981262207,-10.408748626708984,-10.411751747131348,0.018860127211528094
1063750,2992037,1,decoder_cross_attn,forward,-10.56797981262207,-10.408748626708984,-10.572664260864258,-0.02941916318292347
1063750,2992037,1,decoder_cross_attn,reverse,-10.56797981262207,-10.408748626708984,-10.404738426208496,-0.025184768156391122
1063750,2992037,1,decoder_mlp,forward,-10.56797981262207,-10.408748626708984,-10.567667007446289,0.0019644718086316974
1063750,2992037,1,decoder_mlp,reverse,-10.56797981262207,-10.408748626708984,-10.409022331237793,0.0017189128325527353
1063750,2992037,2,decoder_self_attn,forward,-10.56797981262207,-10.408748626708984,-10.568955421447754,-0.006126995915336057
1063750,2992037,2,decoder_self_attn,reverse,-10.56797981262207,-10.408748626708984,-10.407598495483398,-0.007223027442712888
1063750,2992037,2,decoder_cross_attn,forward,-10.56797981262207,-10.408748626708984,-10.558330535888672,0.06059916390163267
1063750,2992037,2,decoder_cross_attn,reverse,-10.56797981262207,-10.408748626708984,-10.417945861816406,0.057760262568427104
1063750,2992037,2,decoder_mlp,forward,-10.56797981262207,-10.408748626708984,-10.567983627319336,-2.395697327599631e-05
1063750,2992037,2,decoder_mlp,reverse,-10.56797981262207,-10.408748626708984,-10.408723831176758,-0.00015572032629397603
1063750,2992037,3,decoder_self_attn,forward,-10.56797981262207,-10.408748626708984,-10.567922592163086,0.0003593545991399447
1063750,2992037,3,decoder_self_attn,reverse,-10.56797981262207,-10.408748626708984,-10.408700942993164,-0.0002994621659499539
1063750,2992037,3,decoder_cross_attn,forward,-10.56797981262207,-10.408748626708984,-10.566631317138672,0.008468790053064695
1063750,2992037,3,decoder_cross_attn,reverse,-10.56797981262207,-10.408748626708984,-10.41006851196289,0.008289112753494723
1063750,2992037,3,decoder_mlp,forward,-10.56797981262207,-10.408748626708984,-10.568194389343262,-0.0013475797467747924
1063750,2992037,3,decoder_mlp,reverse,-10.56797981262207,-10.408748626708984,-10.408522605895996,-0.0014194506666027815
1063750,2992037,4,decoder_self_attn,forward,-10.56797981262207,-10.408748626708984,-10.567351341247559,0.003946911347220392
1063750,2992037,4,decoder_self_attn,reverse,-10.56797981262207,-10.408748626708984,-10.409296035766602,0.0034378256651054705
1063750,2992037,4,decoder_cross_attn,forward,-10.56797981262207,-10.408748626708984,-10.564460754394531,0.022100307847106596
1063750,2992037,4,decoder_cross_attn,reverse,-10.56797981262207,-10.408748626708984,-10.41250228881836,0.02357366170358037
1063750,2992037,4,decoder_mlp,forward,-10.56797981262207,-10.408748626708984,-10.568605422973633,-0.003928943617263395
1063750,2992037,4,decoder_mlp,reverse,-10.56797981262207,-10.408748626708984,-10.408294677734375,-0.002850879819843561
1063750,2992037,5,decoder_self_attn,forward,-10.56797981262207,-10.408748626708984,-10.564027786254883,0.02481942431393218
1063750,2992037,5,decoder_self_attn,reverse,-10.56797981262207,-10.408748626708984,-10.412622451782227,0.024328306361774254
1063750,2992037,5,decoder_cross_attn,forward,-10.56797981262207,-10.408748626708984,-10.567089080810547,0.005593953259945139
1063750,2992037,5,decoder_cross_attn,reverse,-10.56797981262207,-10.408748626708984,-10.409688949584961,0.005905393912533091
1063750,2992037,5,decoder_mlp,forward,-10.56797981262207,-10.408748626708984,-10.566503524780273,0.009271348657810572
1063750,2992037,5,decoder_mlp,reverse,-10.56797981262207,-10.408748626708984,-10.410257339477539,0.009474982930656541
1063750,2992037,6,decoder_self_attn,forward,-10.56797981262207,-10.408748626708984,-10.56866455078125,-0.004300276703041337
1063750,2992037,6,decoder_self_attn,reverse,-10.56797981262207,-10.408748626708984,-10.40821647644043,-0.0033419977720014855
1063750,2992037,6,decoder_cross_attn,forward,-10.56797981262207,-10.408748626708984,-10.563055038452148,0.030928452499311237
1063750,2992037,6,decoder_cross_attn,reverse,-10.56797981262207,-10.408748626708984,-10.413961410522461,0.032737203981648956
1063750,2992037,6,decoder_mlp,forward,-10.56797981262207,-10.408748626708984,-10.569955825805664,-0.01240971215696609
1063750,2992037,6,decoder_mlp,reverse,-10.56797981262207,-10.408748626708984,-10.406698226928711,-0.012876873135848017
1063750,2992037,7,decoder_self_attn,forward,-10.56797981262207,-10.408748626708984,-10.562433242797852,0.03483343914329864
1063750,2992037,7,decoder_self_attn,reverse,-10.56797981262207,-10.408748626708984,-10.41468334197998,0.03727106117413126
1063750,2992037,7,decoder_cross_attn,forward,-10.56797981262207,-10.408748626708984,-10.561254501342773,0.042236143885581494
1063750,2992037,7,decoder_cross_attn,reverse,-10.56797981262207,-10.408748626708984,-10.41584587097168,0.044571948779991134
1063750,2992037,7,decoder_mlp,forward,-10.56797981262207,-10.408748626708984,-10.56909465789795,-0.007001425439909921
1063750,2992037,7,decoder_mlp,reverse,-10.56797981262207,-10.408748626708984,-10.407414436340332,-0.008378951403279709
1063750,2992037,8,decoder_self_attn,forward,-10.56797981262207,-10.408748626708984,-10.563583374023438,0.027610411700585747
1063750,2992037,8,decoder_self_attn,reverse,-10.56797981262207,-10.408748626708984,-10.413338661193848,0.02882622809434256
1063750,2992037,8,decoder_cross_attn,forward,-10.56797981262207,-10.408748626708984,-10.54481315612793,0.1454906987051256
1063750,2992037,8,decoder_cross_attn,reverse,-10.56797981262207,-10.408748626708984,-10.432262420654297,0.14767078327324126
1063750,2992037,8,decoder_mlp,forward,-10.56797981262207,-10.408748626708984,-10.5714693069458,-0.021914641304217625
1063750,2992037,8,decoder_mlp,reverse,-10.56797981262207,-10.408748626708984,-10.405309677124023,-0.021597211408310675
1063750,2992037,9,decoder_self_attn,forward,-10.56797981262207,-10.408748626708984,-10.563567161560059,0.02771222883700873
1063750,2992037,9,decoder_self_attn,reverse,-10.56797981262207,-10.408748626708984,-10.412857055664062,0.025801660218248028
1063750,2992037,9,decoder_cross_attn,forward,-10.56797981262207,-10.408748626708984,-10.557533264160156,0.0656061713163159
1063750,2992037,9,decoder_cross_attn,reverse,-10.56797981262207,-10.408748626708984,-10.419656753540039,0.06850496508271145
1063750,2992037,9,decoder_mlp,forward,-10.56797981262207,-10.408748626708984,-10.565893173217773,0.013104464381969981
1063750,2992037,9,decoder_mlp,reverse,-10.56797981262207,-10.408748626708984,-10.411218643188477,0.015512140196207612
1063750,2992037,10,decoder_self_attn,forward,-10.56797981262207,-10.408748626708984,-10.55862045288086,0.05877843393265695
1063750,2992037,10,decoder_self_attn,reverse,-10.56797981262207,-10.408748626708984,-10.418110847473145,0.05879640166261395
1063750,2992037,10,decoder_cross_attn,forward,-10.56797981262207,-10.408748626708984,-10.558509826660156,0.05947318615766084
1063750,2992037,10,decoder_cross_attn,reverse,-10.56797981262207,-10.408748626708984,-10.418527603149414,0.061413700993016546
1063750,2992037,10,decoder_mlp,forward,-10.56797981262207,-10.408748626708984,-10.577075958251953,-0.0571254027766132
1063750,2992037,10,decoder_mlp,reverse,-10.56797981262207,-10.408748626708984,-10.399747848510742,-0.05652647844471329
1063750,2992037,11,decoder_self_attn,forward,-10.56797981262207,-10.408748626708984,-10.558975219726562,0.05655043541798929
1063750,2992037,11,decoder_self_attn,reverse,-10.56797981262207,-10.408748626708984,-10.417543411254883,0.0552328018878095
1063750,2992037,11,decoder_cross_attn,forward,-10.56797981262207,-10.408748626708984,-10.500307083129883,0.42499670591617456
1063750,2992037,11,decoder_cross_attn,reverse,-10.56797981262207,-10.408748626708984,-10.476800918579102,0.42738042475713617
1063750,2992037,11,decoder_mlp,forward,-10.56797981262207,-10.408748626708984,-10.560760498046875,0.04533857192482302
1063750,2992037,11,decoder_mlp,reverse,-10.56797981262207,-10.408748626708984,-10.415868759155273,0.044715690619647114
1117099,4631857,0,encoder_self_attn,forward,-11.147802352905273,-10.98880386352539,-11.125133514404297,0.14257266587492953
1117099,4631857,0,encoder_self_attn,reverse,-11.147802352905273,-10.98880386352539,-10.930429458618164,-0.36713811014743103
1117099,4631857,0,encoder_mlp,forward,-11.147802352905273,-10.98880386352539,-11.142873764038086,0.03099770876069145
1117099,4631857,0,encoder_mlp,reverse,-11.147802352905273,-10.98880386352539,-10.94479751586914,-0.27677211165892923
1117099,4631857,1,encoder_self_attn,forward,-11.147802352905273,-10.98880386352539,-11.142484664916992,0.033444896294430246
1117099,4631857,1,encoder_self_attn,reverse,-11.147802352905273,-10.98880386352539,-10.982488632202148,-0.03971881335396648
1117099,4631857,1,encoder_mlp,forward,-11.147802352905273,-10.98880386352539,-11.126272201538086,0.13541104353354685
1117099,4631857,1,encoder_mlp,reverse,-11.147802352905273,-10.98880386352539,-10.987241744995117,-0.009824738186921943
1117099,4631857,2,encoder_self_attn,forward,-11.147802352905273,-10.98880386352539,-11.161481857299805,-0.08603543623516992
1117099,4631857,2,encoder_self_attn,reverse,-11.147802352905273,-10.98880386352539,-10.904680252075195,-0.5290843439977927
1117099,4631857,2,encoder_mlp,forward,-11.147802352905273,-10.98880386352539,-11.14103889465332,0.042537877424695
1117099,4631857,2,encoder_mlp,reverse,-11.147802352905273,-10.98880386352539,-11.029751777648926,0.25753649788270294
1117099,4631857,3,encoder_self_attn,forward,-11.147802352905273,-10.98880386352539,-11.159139633178711,-0.07130432696344814
1117099,4631857,3,encoder_self_attn,reverse,-11.147802352905273,-10.98880386352539,-10.955970764160156,-0.2064994421851945
1117099,4631857,3,encoder_mlp,forward,-11.147802352905273,-10.98880386352539,-11.147727966308594,0.0004678446755677115
1117099,4631857,3,encoder_mlp,reverse,-11.147802352905273,-10.98880386352539,-10.931921005249023,-0.35775722460143233
1117099,4631857,4,encoder_self_attn,forward,-11.147802352905273,-10.98880386352539,-11.145990371704102,0.011396216456136563
1117099,4631857,4,encoder_self_attn,reverse,-11.147802352905273,-10.98880386352539,-10.987015724182129,-0.01124626623960845
1117099,4631857,4,encoder_mlp,forward,-11.147802352905273,-10.98880386352539,-11.175898551940918,-0.17670733316538909
1117099,4631857,4,encoder_mlp,reverse,-11.147802352905273,-10.98880386352539,-10.886446952819824,-0.6437602715898322
1117099,4631857,5,encoder_self_attn,forward,-11.147802352905273,-10.98880386352539,-11.126585006713867,0.133443696692698
1117099,4631857,5,encoder_self_attn,reverse,-11.147802352905273,-10.98880386352539,-10.996027946472168,0.045434915608018135
1117099,4631857,5,encoder_mlp,forward,-11.147802352905273,-10.98880386352539,-11.126646995544434,0.13305382612972494
1117099,4631857,5,encoder_mlp,reverse,-11.147802352905273,-10.98880386352539,-11.000434875488281,0.07315171363107448
1117099,4631857,6,encoder_self_attn,forward,-11.147802352905273,-10.98880386352539,-11.157100677490234,-0.05848058444596394
1117099,4631857,6,encoder_self_attn,reverse,-11.147802352905273,-10.98880386352539,-10.933992385864258,-0.3447295497894699
1117099,4631857,6,encoder_mlp,forward,-11.147802352905273,-10.98880386352539,-11.109582901000977,0.24037619510322572
1117099,4631857,6,encoder_mlp,reverse,-11.147802352905273,-10.98880386352539,-11.03650188446045,0.2999904031861422
1117099,4631857,7,encoder_self_attn,forward,-11.147802352905273,-10.98880386352539,-11.221414566040039,-0.46297429253487843
1117099,4631857,7,encoder_self_attn,reverse,-11.147802352905273,-10.98880386352539,-10.937776565551758,-0.32092945142212786
1117099,4631857,7,encoder_mlp,forward,-11.147802352905273,-10.98880386352539,-11.107479095458984,0.2536078022096664
1117099,4631857,7,encoder_mlp,reverse,-11.147802352905273,-10.98880386352539,-10.942649841308594,-0.29027962716378164
1117099,4631857,8,encoder_self_attn,forward,-11.147802352905273,-10.98880386352539,-11.216928482055664,-0.4347596597929487
1117099,4631857,8,encoder_self_attn,reverse,-11.147802352905273,-10.98880386352539,-10.895345687866211,-0.5877928527728794
1117099,4631857,8,encoder_mlp,forward,-11.147802352905273,-10.98880386352539,-11.01445198059082,0.8386895550677175
1117099,4631857,8,encoder_mlp,reverse,-11.147802352905273,-10.98880386352539,-11.074237823486328,0.5373256078981778
1117099,4631857,9,encoder_self_attn,forward,-11.147802352905273,-10.98880386352539,-11.040325164794922,0.6759635800914097
1117099,4631857,9,encoder_self_attn,reverse,-11.147802352905273,-10.98880386352539,-11.06712532043457,0.49259245930351125
1117099,4631857,9,encoder_mlp,forward,-11.147802352905273,-10.98880386352539,-11.092453002929688,0.3481124266743441
1117099,4631857,9,encoder_mlp,reverse,-11.147802352905273,-10.98880386352539,-10.993314743041992,0.028370580967118916
1117099,4631857,10,encoder_self_attn,forward,-11.147802352905273,-10.98880386352539,-11.055122375488281,0.5828984777054018
1117099,4631857,10,encoder_self_attn,reverse,-11.147802352905273,-10.98880386352539,-11.021444320678711,0.20528784443564738
1117099,4631857,10,encoder_mlp,forward,-11.147802352905273,-10.98880386352539,-11.06013298034668,0.5513849401998536
1117099,4631857,10,encoder_mlp,reverse,-11.147802352905273,-10.98880386352539,-10.950912475585938,-0.2383128801237989
1117099,4631857,11,encoder_self_attn,forward,-11.147802352905273,-10.98880386352539,-11.020586013793945,0.8001103633593647
1117099,4631857,11,encoder_self_attn,reverse,-11.147802352905273,-10.98880386352539,-11.096100807189941,0.6748299564544571
1117099,4631857,11,encoder_mlp,forward,-11.147802352905273,-10.98880386352539,-11.076234817504883,0.4501145619654275
1117099,4631857,11,encoder_mlp,reverse,-11.147802352905273,-10.98880386352539,-11.000091552734375,0.07099243051306967
1117099,4631857,0,decoder_self_attn,forward,-11.147802352905273,-10.98880386352539,-11.147802352905273,0.0
1117099,4631857,0,decoder_self_attn,reverse,-11.147802352905273,-10.98880386352539,-10.98880386352539,0.0
1117099,4631857,0,decoder_cross_attn,forward,-11.147802352905273,-10.98880386352539,-11.138361930847168,0.05937428773647149
1117099,4631857,0,decoder_cross_attn,reverse,-11.147802352905273,-10.98880386352539,-10.9984130859375,0.06043593526949053
1117099,4631857,0,decoder_mlp,forward,-11.147802352905273,-10.98880386352539,-11.143943786621094,0.024267943042909752
1117099,4631857,0,decoder_mlp,reverse,-11.147802352905273,-10.98880386352539,-10.99260425567627,0.02390206451458116
1117099,4631857,1,decoder_self_attn,forward,-11.147802352905273,-10.98880386352539,-11.144981384277344,0.017742109619606292
1117099,4631857,1,decoder_self_attn,reverse,-11.147802352905273,-10.98880386352539,-10.991737365722656,0.01844987464161898
1117099,4631857,1,decoder_cross_attn,forward,-11.147802352905273,-10.98880386352539,-11.146047592163086,0.011036335936469093
1117099,4631857,1,decoder_cross_attn,reverse,-11.147802352905273,-10.98880386352539,-10.990633010864258,0.011504180612036804
1117099,4631857,1,decoder_mlp,forward,-11.147802352905273,-10.98880386352539,-11.149736404418945,-0.0121639615647605
1117099,4631857,1,decoder_mlp,reverse,-11.147802352905273,-10.98880386352539,-10.9866943359375,-0.013267595158407409
1117099,4631857,2,decoder_self_attn,forward,-11.147802352905273,-10.98880386352539,-11.14874267578125,-0.0059140365398687635
1117099,4631857,2,decoder_self_attn,reverse,-11.147802352905273,-10.98880386352539,-10.987848281860352,-0.006010004678446756
1117099,4631857,2,decoder_cross_attn,forward,-11.147802352905273,-10.98880386352539,-11.147714614868164,0.0005518167968234547
1117099,4631857,2,decoder_cross_attn,reverse,-11.147802352905273,-10.98880386352539,-10.98879337310791,-6.597809527236957e-05
1117099,4631857,2,decoder_mlp,forward,-11.147802352905273,-10.98880386352539,-11.14877700805664,-0.0061299648516692454
1117099,4631857,2,decoder_mlp,reverse,-11.147802352905273,-10.98880386352539,-10.987793922424316,-0.006351891172130852
1117099,4631857,3,decoder_self_attn,forward,-11.147802352905273,-10.98880386352539,-11.148893356323242,-0.006861721908326435
1117099,4631857,3,decoder_self_attn,reverse,-11.147802352905273,-10.98880386352539,-10.987646102905273,-0.007281582514605151
1117099,4631857,3,decoder_cross_attn,forward,-11.147802352905273,-10.98880386352539,-11.149023056030273,-0.007677451086239368
1117099,4631857,3,decoder_cross_attn,reverse,-11.147802352905273,-10.98880386352539,-10.987955093383789,-0.005338227708400811
1117099,4631857,3,decoder_mlp,forward,-11.147802352905273,-10.98880386352539,-11.148275375366211,-0.002975012295917755
1117099,4631857,3,decoder_mlp,reverse,-11.147802352905273,-10.98880386352539,-10.988408088684082,-0.0024891735943666704
1117099,4631857,4,decoder_self_attn,forward,-11.147802352905273,-10.98880386352539,-11.147686004638672,0.0007317570566571898
1117099,4631857,4,decoder_self_attn,reverse,-11.147802352905273,-10.98880386352539,-10.989020347595215,0.001361547966075263
1117099,4631857,4,decoder_cross_attn,forward,-11.147802352905273,-10.98880386352539,-11.150371551513672,-0.01615863533306942
1117099,4631857,4,decoder_cross_attn,reverse,-11.147802352905273,-10.98880386352539,-10.986598014831543,-0.013873394033180985
1117099,4631857,4,decoder_mlp,forward,-11.147802352905273,-10.98880386352539,-11.148591995239258,-0.004966351171411092
1117099,4631857,4,decoder_mlp,reverse,-11.147802352905273,-10.98880386352539,-10.988224029541016,-0.0036467892659637
1117099,4631857,5,decoder_self_attn,forward,-11.147802352905273,-10.98880386352539,-11.13920783996582,0.05405405405405406
1117099,4631857,5,decoder_self_attn,reverse,-11.147802352905273,-10.98880386352539,-10.997419357299805,0.05418601024459879
1117099,4631857,5,decoder_cross_attn,forward,-11.147802352905273,-10.98880386352539,-11.155441284179688,-0.0480440493756073
1117099,4631857,5,decoder_cross_attn,reverse,-11.147802352905273,-10.98880386352539,-10.981964111328125,-0.04301771811758496
1117099,4631857,5,decoder_mlp,forward,-11.147802352905273,-10.98880386352539,-11.145676612854004,0.013369561305646526
1117099,4631857,5,decoder_mlp,reverse,-11.147802352905273,-10.98880386352539,-10.991256713867188,0.015426878276412231
1117099,4631857,6,decoder_self_attn,forward,-11.147802352905273,-10.98880386352539,-11.149280548095703,-0.009296913424742986
1117099,4631857,6,decoder_self_attn,reverse,-11.147802352905273,-10.98880386352539,-10.987730979919434,-0.00674775974376507
1117099,4631857,6,decoder_cross_attn,forward,-11.147802352905273,-10.98880386352539,-11.146651268005371,0.007239596453977279
1117099,4631857,6,decoder_cross_attn,reverse,-11.147802352905273,-10.98880386352539,-10.989891052246094,0.006837729873681937
1117099,4631857,6,decoder_mlp,forward,-11.147802352905273,-10.98880386352539,-11.150420188903809,-0.01646453377478677
1117099,4631857,6,decoder_mlp,reverse,-11.147802352905273,-10.98880386352539,-10.986017227172852,-0.017526181307805807
1117099,4631857,7,decoder_self_attn,forward,-11.147802352905273,-10.98880386352539,-11.14419174194336,0.022708460791017383
1117099,4631857,7,decoder_self_attn,reverse,-11.147802352905273,-10.98880386352539,-10.992765426635742,0.0249157279783112
1117099,4631857,7,decoder_cross_attn,forward,-11.147802352905273,-10.98880386352539,-11.138604164123535,0.05785079353654587
1117099,4631857,7,decoder_cross_attn,reverse,-11.147802352905273,-10.98880386352539,-10.998205184936523,0.059128369381365384
1117099,4631857,7,decoder_mlp,forward,-11.147802352905273,-10.98880386352539,-11.14754867553711,0.0015954703038591187
1117099,4631857,7,decoder_mlp,reverse,-11.147802352905273,-10.98880386352539,-10.989410400390625,0.0038147335084751863
1117099,4631857,8,decoder_self_attn,forward,-11.147802352905273,-10.98880386352539,-11.14903736114502,-0.007767421216156236
1117099,4631857,8,decoder_self_attn,reverse,-11.147802352905273,-10.98880386352539,-10.987850189208984,-0.005998008661124507
1117099,4631857,8,decoder_cross_attn,forward,-11.147802352905273,-10.98880386352539,-11.139095306396484,0.054761819076066746
1117099,4631857,8,decoder_cross_attn,reverse,-11.147802352905273,-10.98880386352539,-10.997220993041992,0.05293842444308489
1117099,4631857,8,decoder_mlp,forward,-11.147802352905273,-10.98880386352539,-11.159650802612305,-0.07451925960581086
1117099,4631857,8,decoder_mlp,reverse,-11.147802352905273,-10.98880386352539,-10.977105140686035,-0.07357757224601433
1117099,4631857,9,decoder_self_attn,forward,-11.147802352905273,-10.98880386352539,-11.14380931854248,0.025113662264128308
1117099,4631857,9,decoder_self_attn,reverse,-11.147802352905273,-10.98880386352539,-10.993250846862793,0.027968714386823575
1117099,4631857,9,decoder_cross_attn,forward,-11.147802352905273,-10.98880386352539,-11.12814998626709,0.12360096447979271
1117099,4631857,9,decoder_cross_attn,reverse,-11.147802352905273,-10.98880386352539,-11.00866413116455,0.12490853036791785
1117099,4631857,9,decoder_mlp,forward,-11.147802352905273,-10.98880386352539,-11.14724349975586,0.0035148330754189608
1117099,4631857,9,decoder_mlp,reverse,-11.147802352905273,-10.98880386352539,-10.989644050598145,0.005284245630450691
1117099,4631857,10,decoder_self_attn,forward,-11.147802352905273,-10.98880386352539,-11.138565063476562,0.05809671189165197
1117099,4631857,10,decoder_self_attn,reverse,-11.147802352905273,-10.98880386352539,-10.997980117797852,0.057712839337340005
1117099,4631857,10,decoder_cross_attn,forward,-11.147802352905273,-10.98880386352539,-11.127182006835938,0.12968894327083408
1117099,4631857,10,decoder_cross_attn,reverse,-11.147802352905273,-10.98880386352539,-11.009450912475586,0.12985688751334556
1117099,4631857,10,decoder_mlp,forward,-11.147802352905273,-10.98880386352539,-11.160178184509277,-0.07783615839541272
1117099,4631857,10,decoder_mlp,reverse,-11.147802352905273,-10.98880386352539,-10.976442337036133,-0.07774618826549586
1117099,4631857,11,decoder_self_attn,forward,-11.147802352905273,-10.98880386352539,-11.139680862426758,0.051079041758136295
1117099,4631857,11,decoder_self_attn,reverse,-11.147802352905273,-10.98880386352539,-10.997065544128418,0.0519607490313216
1117099,4631857,11,decoder_cross_attn,forward,-11.147802352905273,-10.98880386352539,-11.088626861572266,0.3721764374227756
1117099,4631857,11,decoder_cross_attn,reverse,-11.147802352905273,-10.98880386352539,-11.048566818237305,0.3758712107580283
1117099,4631857,11,decoder_mlp,forward,-11.147802352905273,-10.98880386352539,-11.152466773986816,-0.029336260361559962
1117099,4631857,11,decoder_mlp,reverse,-11.147802352905273,-10.98880386352539,-10.9841890335083,-0.02902436391118149
156493,3553290,0,encoder_self_attn,forward,-12.040145874023438,-11.881608009338379,-12.014993667602539,0.15865109871931377
156493,3553290,0,encoder_self_attn,reverse,-12.040145874023438,-11.881608009338379,-11.885469436645508,0.024356498775858854
156493,3553290,0,encoder_mlp,forward,-12.040145874023438,-11.881608009338379,-12.037782669067383,0.014906249436052912
156493,3553290,0,encoder_mlp,reverse,-12.040145874023438,-11.881608009338379,-11.74202823638916,-0.8804191555531494
156493,3553290,1,encoder_self_attn,forward,-12.040145874023438,-11.881608009338379,-12.037140846252441,0.01895463760008181
156493,3553290,1,encoder_self_attn,reverse,-12.040145874023438,-11.881608009338379,-11.864693641662598,-0.10668976593940051
156493,3553290,1,encoder_mlp,forward,-12.040145874023438,-11.881608009338379,-12.042499542236328,-0.014846095079975216
156493,3553290,1,encoder_mlp,reverse,-12.040145874023438,-11.881608009338379,-11.865510940551758,-0.101534537623542
156493,3553290,2,encoder_self_attn,forward,-12.040145874023438,-11.881608009338379,-12.044088363647461,-0.024867810802519263
156493,3553290,2,encoder_self_attn,reverse,-12.040145874023438,-11.881608009338379,-11.943449020385742,0.3900709219858156
156493,3553290,2,encoder_mlp,forward,-12.040145874023438,-11.881608009338379,-12.038408279418945,0.010960123677356095
156493,3553290,2,encoder_mlp,reverse,-12.040145874023438,-11.881608009338379,-11.96548843383789,0.5290876388813696
156493,3553290,3,encoder_self_attn,forward,-12.040145874023438,-11.881608009338379,-12.038147926330566,0.01260233759827718
156493,3553290,3,encoder_self_attn,reverse,-12.040145874023438,-11.881608009338379,-11.97658920288086,0.599107309355807
156493,3553290,3,encoder_mlp,forward,-12.040145874023438,-11.881608009338379,-12.028114318847656,0.07589073562762047
156493,3553290,3,encoder_mlp,reverse,-12.040145874023438,-11.881608009338379,-11.967081069946289,0.5391334163463447
156493,3553290,4,encoder_self_attn,forward,-12.040145874023438,-11.881608009338379,-12.019628524780273,0.12941608166555382
156493,3553290,4,encoder_self_attn,reverse,-12.040145874023438,-11.881608009338379,-11.974084854125977,0.5833107754498043
156493,3553290,4,encoder_mlp,forward,-12.040145874023438,-11.881608009338379,-12.03745174407959,0.01699360559194894
156493,3553290,4,encoder_mlp,reverse,-12.040145874023438,-11.881608009338379,-11.901894569396973,0.12796034624847358
156493,3553290,5,encoder_self_attn,forward,-12.040145874023438,-11.881608009338379,-11.996755599975586,0.2736902892822984
156493,3553290,5,encoder_self_attn,reverse,-12.040145874023438,-11.881608009338379,-11.944125175476074,0.3943358658317242
156493,3553290,5,encoder_mlp,forward,-12.040145874023438,-11.881608009338379,-12.018697738647461,0.13528714681873688
156493,3553290,5,encoder_mlp,reverse,-12.040145874023438,-11.881608009338379,-11.926179885864258,0.28114341400032483
156493,3553290,6,encoder_self_attn,forward,-12.040145874023438,-11.881608009338379,-12.041961669921875,-0.011453389397193198
156493,3553290,6,encoder_self_attn,reverse,-12.040145874023438,-11.881608009338379,-11.875860214233398,-0.036255030408026995
156493,3553290,6,encoder_mlp,forward,-12.040145874023438,-11.881608009338379,-12.039316177368164,0.005233428978759497
156493,3553290,6,encoder_mlp,reverse,-12.040145874023438,-11.881608009338379,-11.912298202514648,0.19358273329363146
156493,3553290,7,encoder_self_attn,forward,-12.040145874023438,-11.881608009338379,-12.040874481201172,-0.004595792804335926
156493,3553290,7,encoder_self_attn,reverse,-12.040145874023438,-11.881608009338379,-11.885190963745117,0.022599991578390148
156493,3553290,7,encoder_mlp,forward,-12.040145874023438,-11.881608009338379,-12.006743431091309,0.21069063216212802
156493,3553290,7,encoder_mlp,reverse,-12.040145874023438,-11.881608009338379,-11.976736068725586,0.6000336864394035
156493,3553290,8,encoder_self_attn,forward,-12.040145874023438,-11.881608009338379,-12.040420532226562,-0.0017324454550376265
156493,3553290,8,encoder_self_attn,reverse,-12.040145874023438,-11.881608009338379,-11.866325378417969,-0.09639735561450682
156493,3553290,8,encoder_mlp,forward,-12.040145874023438,-11.881608009338379,-11.925203323364258,0.7250163920620312
156493,3553290,8,encoder_mlp,reverse,-12.040145874023438,-11.881608009338379,-11.997549057006836,0.7313145531433659
156493,3553290,9,encoder_self_attn,forward,-12.040145874023438,-11.881608009338379,-12.01376724243164,0.16638694891090539
156493,3553290,9,encoder_self_attn,reverse,-12.040145874023438,-11.881608009338379,-11.885810852050781,0.02651002472344035
156493,3553290,9,encoder_mlp,forward,-12.040145874023438,-11.881608009338379,-11.944252967834473,0.6048580657968347
156493,3553290,9,encoder_mlp,reverse,-12.040145874023438,-11.881608009338379,-11.949127197265625,0.42588682559447544
156493,3553290,10,encoder_self_attn,forward,-12.040145874023438,-11.881608009338379,-11.964893341064453,0.4746659929378786
156493,3553290,10,encoder_self_attn,reverse,-12.040145874023438,-11.881608009338379,-11.967522621154785,0.541918563032742
156493,3553290,10,encoder_mlp,forward,-12.040145874023438,-11.881608009338379,-11.946041107177734,0.5935791240322668
156493,3553290,10,encoder_mlp,reverse,-12.040145874023438,-11.881608009338379,-11.931634902954102,0.3155517056767666
156493,3553290,11,encoder_self_attn,forward,-12.040145874023438,-11.881608009338379,-11.987308502197266,0.3332791944128634
156493,3553290,11,encoder_self_attn,reverse,-12.040145874023438,-11.881608009338379,-11.948423385620117,0.4214474341159415
156493,3553290,11,encoder_mlp,forward,-12.040145874023438,-11.881608009338379,-11.968545913696289,0.4516268745601213
156493,3553290,11,encoder_mlp,reverse,-12.040145874023438,-11.881608009338379,-11.951316833496094,0.4396982657499143
156493,3553290,0,decoder_self_attn,forward,-12.040145874023438,-11.881608009338379,-12.040145874023438,0.0
156493,3553290,0,decoder_self_attn,reverse,-12.040145874023438,-11.881608009338379,-11.881608009338379,0.0
156493,3553290,0,decoder_cross_attn,forward,-12.040145874023438,-11.881608009338379,-12.039523124694824,0.0039280794518735075
156493,3553290,0,decoder_cross_attn,reverse,-12.040145874023438,-11.881608009338379,-11.881672859191895,0.0004090496213283285
156493,3553290,0,decoder_mlp,forward,-12.040145874023438,-11.881608009338379,-12.040390014648438,-0.0015399515155890013
156493,3553290,0,decoder_mlp,reverse,-12.040145874023438,-11.881608009338379,-11.881184577941895,-0.002670853409849674
156493,3553290,1,decoder_self_attn,forward,-12.040145874023438,-11.881608009338379,-12.038228988647461,0.012091025571616768
156493,3553290,1,decoder_self_attn,reverse,-12.040145874023438,-11.881608009338379,-11.883576393127441,0.012415859094436323
156493,3553290,1,decoder_cross_attn,forward,-12.040145874023438,-11.881608009338379,-12.069395065307617,-0.1844934100902917
156493,3553290,1,decoder_cross_attn,reverse,-12.040145874023438,-11.881608009338379,-11.85080337524414,-0.1943045855665638
156493,3553290,1,decoder_mlp,forward,-12.040145874023438,-11.881608009338379,-12.041032791137695,-0.005594355115225669
156493,3553290,1,decoder_mlp,reverse,-12.040145874023438,-11.881608009338379,-11.880678176879883,-0.0058650497175752984
156493,3553290,2,decoder_self_attn,forward,-12.040145874023438,-11.881608009338379,-12.044927597045898,-0.030161394137356457
156493,3553290,2,decoder_self_attn,reverse,-12.040145874023438,-11.881608009338379,-11.87677001953125,-0.03051630483821486
156493,3553290,2,decoder_cross_attn,forward,-12.040145874023438,-11.881608009338379,-12.039606094360352,0.0034047365539975577
156493,3553290,2,decoder_cross_attn,reverse,-12.040145874023438,-11.881608009338379,-11.881750106811523,0.000896299905557661
156493,3553290,2,decoder_mlp,forward,-12.040145874023438,-11.881608009338379,-12.04000473022461,0.0008902844699498914
156493,3553290,2,decoder_mlp,reverse,-12.040145874023438,-11.881608009338379,-11.881712913513184,0.000661697916854649
156493,3553290,3,decoder_self_attn,forward,-12.040145874023438,-11.881608009338379,-12.040020942687988,0.0007880220646178094
156493,3553290,3,decoder_self_attn,reverse,-12.040145874023438,-11.881608009338379,-11.881786346435547,0.0011248864586529033
156493,3553290,3,decoder_cross_attn,forward,-12.040145874023438,-11.881608009338379,-12.047985076904297,-0.04944688069586559
156493,3553290,3,decoder_cross_attn,reverse,-12.040145874023438,-11.881608009338379,-11.872689247131348,-0.05625635380386071
156493,3553290,3,decoder_mlp,forward,-12.040145874023438,-11.881608009338379,-12.039112091064453,0.006520732198822178
156493,3553290,3,decoder_mlp,reverse,-12.040145874023438,-11.881608009338379,-11.882500648498535,0.0056304477288722865
156493,3553290,4,decoder_self_attn,forward,-12.040145874023438,-11.881608009338379,-12.042681694030762,-0.015995043281059197
156493,3553290,4,decoder_self_attn,reverse,-12.040145874023438,-11.881608009338379,-11.878923416137695,-0.016933451235871245
156493,3553290,4,decoder_cross_attn,forward,-12.040145874023438,-11.881608009338379,-12.028675079345703,0.07235365949025199
156493,3553290,4,decoder_cross_attn,reverse,-12.040145874023438,-11.881608009338379,-11.893426895141602,0.07454929348708787
156493,3553290,4,decoder_mlp,forward,-12.040145874023438,-11.881608009338379,-12.039448738098145,0.004397283429279531
156493,3553290,4,decoder_mlp,reverse,-12.040145874023438,-11.881608009338379,-11.881745338439941,0.0008662227275188132
156493,3553290,5,decoder_self_attn,forward,-12.040145874023438,-11.881608009338379,-12.039443969726562,0.004427360607318379
156493,3553290,5,decoder_self_attn,reverse,-12.040145874023438,-11.881608009338379,-11.882214546203613,0.0038258170465414252
156493,3553290,5,decoder_cross_attn,forward,-12.040145874023438,-11.881608009338379,-12.050168991088867,-0.06322222823765783
156493,3553290,5,decoder_cross_attn,reverse,-12.040145874023438,-11.881608009338379,-11.870092391967773,-0.07263638496381715
156493,3553290,5,decoder_mlp,forward,-12.040145874023438,-11.881608009338379,-12.041241645812988,-0.006911735513327197
156493,3553290,5,decoder_mlp,reverse,-12.040145874023438,-11.881608009338379,-11.880623817443848,-0.0062079295472181615
156493,3553290,6,decoder_self_attn,forward,-12.040145874023438,-11.881608009338379,-12.049243927001953,-0.05738725569812138
156493,3553290,6,decoder_self_attn,reverse,-12.040145874023438,-11.881608009338379,-11.872069358825684,-0.060166386948910903
156493,3553290,6,decoder_cross_attn,forward,-12.040145874023438,-11.881608009338379,-12.022930145263672,0.10859064359145568
156493,3553290,6,decoder_cross_attn,reverse,-12.040145874023438,-11.881608009338379,-11.899721145629883,0.1142511684983668
156493,3553290,6,decoder_mlp,forward,-12.040145874023438,-11.881608009338379,-12.041498184204102,-0.008529887691817202
156493,3553290,6,decoder_mlp,reverse,-12.040145874023438,-11.881608009338379,-11.880486488342285,-0.007074152274736975
156493,3553290,7,decoder_self_attn,forward,-12.040145874023438,-11.881608009338379,-12.045330047607422,-0.0326999079638352
156493,3553290,7,decoder_self_attn,reverse,-12.040145874023438,-11.881608009338379,-11.876797676086426,-0.030341857205589542
156493,3553290,7,decoder_cross_attn,forward,-12.040145874023438,-11.881608009338379,-12.034280776977539,0.03699492898778265
156493,3553290,7,decoder_cross_attn,reverse,-12.040145874023438,-11.881608009338379,-11.886926651000977,0.033548084384530705
156493,3553290,7,decoder_mlp,forward,-12.040145874023438,-11.881608009338379,-12.033134460449219,0.04422548258832163
156493,3553290,7,decoder_mlp,reverse,-12.040145874023438,-11.881608009338379,-11.888391494750977,0.04278779347806472
156493,3553290,8,decoder_self_attn,forward,-12.040145874023438,-11.881608009338379,-12.049660682678223,-0.06001600105871667
156493,3553290,8,decoder_self_attn,reverse,-12.040145874023438,-11.881608009338379,-11.871615409851074,-0.06302973429820921
156493,3553290,8,decoder_cross_attn,forward,-12.040145874023438,-11.881608009338379,-12.031824111938477,0.05249069111339698
156493,3553290,8,decoder_cross_attn,reverse,-12.040145874023438,-11.881608009338379,-11.889963150024414,0.052701231359668914
156493,3553290,8,decoder_mlp,forward,-12.040145874023438,-11.881608009338379,-12.048683166503906,-0.053850179560752894
156493,3553290,8,decoder_mlp,reverse,-12.040145874023438,-11.881608009338379,-11.872817993164062,-0.05544426999681182
156493,3553290,9,decoder_self_attn,forward,-12.040145874023438,-11.881608009338379,-12.044536590576172,-0.027695065538170947
156493,3553290,9,decoder_self_attn,reverse,-12.040145874023438,-11.881608009338379,-11.876608848571777,-0.03153291345592791
156493,3553290,9,decoder_cross_attn,forward,-12.040145874023438,-11.881608009338379,-12.019784927368164,0.1284295502258796
156493,3553290,9,decoder_cross_attn,reverse,-12.040145874023438,-11.881608009338379,-11.902174949645996,0.12972888431715782
156493,3553290,9,decoder_mlp,forward,-12.040145874023438,-11.881608009338379,-12.038558959960938,0.010009684851328509
156493,3553290,9,decoder_mlp,reverse,-12.040145874023438,-11.881608009338379,-11.881828308105469,0.001389565625394763
156493,3553290,10,decoder_self_attn,forward,-12.040145874023438,-11.881608009338379,-12.041309356689453,-0.007338831441478835
156493,3553290,10,decoder_self_attn,reverse,-12.040145874023438,-11.881608009338379,-11.88066577911377,-0.005943250380476302
156493,3553290,10,decoder_cross_attn,forward,-12.040145874023438,-11.881608009338379,-12.033294677734375,0.04321488940621635
156493,3553290,10,decoder_cross_attn,reverse,-12.040145874023438,-11.881608009338379,-11.889102935791016,0.04727530844146079
156493,3553290,10,decoder_mlp,forward,-12.040145874023438,-11.881608009338379,-12.05036449432373,-0.06445539253725059
156493,3553290,10,decoder_mlp,reverse,-12.040145874023438,-11.881608009338379,-11.871045112609863,-0.06662696479165539
156493,3553290,11,decoder_self_attn,forward,-12.040145874023438,-11.881608009338379,-12.031760215759277,0.05289372529911754
156493,3553290,11,decoder_self_attn,reverse,-12.040145874023438,-11.881608009338379,-11.88994312286377,0.05257490721190575
156493,3553290,11,decoder_cross_attn,forward,-12.040145874023438,-11.881608009338379,-11.981510162353516,0.36985304290810217
156493,3553290,11,decoder_cross_attn,reverse,-12.040145874023438,-11.881608009338379,-11.941131591796875,0.3754534134589356
156493,3553290,11,decoder_mlp,forward,-12.040145874023438,-11.881608009338379,-12.066468238830566,-0.16603203821004697
156493,3553290,11,decoder_mlp,reverse,-12.040145874023438,-11.881608009338379,-11.855181694030762,-0.16668772069129387
47923,4321228,0,encoder_self_attn,forward,-3.0951409339904785,-2.939234733581543,-3.057507038116455,0.24138806394685572
47923,4321228,0,encoder_self_attn,reverse,-3.0951409339904785,-2.939234733581543,-3.0918827056884766,0.9791013552157916
47923,4321228,0,encoder_mlp,forward,-3.0951409339904785,-2.939234733581543,-3.066753387451172,0.18208093369505046
47923,4321228,0,encoder_mlp,reverse,-3.0951409339904785,-2.939234733581543,-2.98892879486084,0.31874332867423744
47923,4321228,1,encoder_self_attn,forward,-3.0951409339904785,-2.939234733581543,-3.090911865234375,0.02712572524383791
47923,4321228,1,encoder_self_attn,reverse,-3.0951409339904785,-2.939234733581543,-2.934155225753784,-0.03258053762092495
47923,4321228,1,encoder_mlp,forward,-3.0951409339904785,-2.939234733581543,-3.0924105644226074,0.01751289917084405
47923,4321228,1,encoder_mlp,reverse,-3.0951409339904785,-2.939234733581543,-3.0121774673461914,0.46786294306013904
47923,4321228,2,encoder_self_attn,forward,-3.0951409339904785,-2.939234733581543,-3.120093584060669,-0.16004911930853716
47923,4321228,2,encoder_self_attn,reverse,-3.0951409339904785,-2.939234733581543,-2.932262897491455,-0.04471814508852792
47923,4321228,2,encoder_mlp,forward,-3.0951409339904785,-2.939234733581543,-3.0765318870544434,0.11936053144278029
47923,4321228,2,encoder_mlp,reverse,-3.0951409339904785,-2.939234733581543,-2.936809778213501,-0.015553937955523475
47923,4321228,3,encoder_self_attn,forward,-3.0951409339904785,-2.939234733581543,-3.0989460945129395,-0.02440672989579733
47923,4321228,3,encoder_self_attn,reverse,-3.0951409339904785,-2.939234733581543,-2.9692838191986084,0.19273823323413639
47923,4321228,3,encoder_mlp,forward,-3.0951409339904785,-2.939234733581543,-3.0583081245422363,0.2362498050214247
47923,4321228,3,encoder_mlp,reverse,-3.0951409339904785,-2.939234733581543,-2.9850594997406006,0.2939252322156601
47923,4321228,4,encoder_self_attn,forward,-3.0951409339904785,-2.939234733581543,-3.071898937225342,0.149076795561523
47923,4321228,4,encoder_self_attn,reverse,-3.0951409339904785,-2.939234733581543,-3.0038294792175293,0.41431800317470996
47923,4321228,4,encoder_mlp,forward,-3.0951409339904785,-2.939234733581543,-3.0835323333740234,0.07445887710691555
47923,4321228,4,encoder_mlp,reverse,-3.0951409339904785,-2.939234733581543,-2.9463987350463867,0.04595071553314024
47923,4321228,5,encoder_self_attn,forward,-3.0951409339904785,-2.939234733581543,-3.114698648452759,-0.12544539223572373
47923,4321228,5,encoder_self_attn,reverse,-3.0951409339904785,-2.939234733581543,-2.933830499649048,-0.03466336757819788
47923,4321228,5,encoder_mlp,forward,-3.0951409339904785,-2.939234733581543,-3.0913655757904053,0.024215574429821477
47923,4321228,5,encoder_mlp,reverse,-3.0951409339904785,-2.939234733581543,-2.9605438709259033,0.13667921666019286
47923,4321228,6,encoder_self_attn,forward,-3.0951409339904785,-2.939234733581543,-3.0673344135284424,0.17835416673038515
47923,4321228,6,encoder_self_attn,reverse,-3.0951409339904785,-2.939234733581543,-2.966568946838379,0.17532473490559977
47923,4321228,6,encoder_mlp,forward,-3.0951409339904785,-2.939234733581543,-3.0718231201171875,0.14956309506696558
47923,4321228,6,encoder_mlp,reverse,-3.0951409339904785,-2.939234733581543,-2.9432358741760254,0.025663768240054563
47923,4321228,7,encoder_self_attn,forward,-3.0951409339904785,-2.939234733581543,-3.0361242294311523,0.3785398169189409
47923,4321228,7,encoder_self_attn,reverse,-3.0951409339904785,-2.939234733581543,-2.9978952407836914,0.3762551267895975
47923,4321228,7,encoder_mlp,forward,-3.0951409339904785,-2.939234733581543,-3.0379817485809326,0.3666254790355977
47923,4321228,7,encoder_mlp,reverse,-3.0951409339904785,-2.939234733581543,-3.002927303314209,0.40853134490868886
47923,4321228,8,encoder_self_attn,forward,-3.0951409339904785,-2.939234733581543,-3.02473783493042,0.45157343887154044
47923,4321228,8,encoder_self_attn,reverse,-3.0951409339904785,-2.939234733581543,-2.987110137939453,0.3070782575185268
47923,4321228,8,encoder_mlp,forward,-3.0951409339904785,-2.939234733581543,-3.01802396774292,0.4946369422465814
47923,4321228,8,encoder_mlp,reverse,-3.0951409339904785,-2.939234733581543,-3.032501697540283,0.5982248538807619
47923,4321228,9,encoder_self_attn,forward,-3.0951409339904785,-2.939234733581543,-2.9646658897399902,0.8368816885297545
47923,4321228,9,encoder_self_attn,reverse,-3.0951409339904785,-2.939234733581543,-3.0924160480499268,0.9825222734348955
47923,4321228,9,encoder_mlp,forward,-3.0951409339904785,-2.939234733581543,-3.107259750366211,-0.0777314586844222
47923,4321228,9,encoder_mlp,reverse,-3.0951409339904785,-2.939234733581543,-2.9254343509674072,-0.08851721469664392
47923,4321228,10,encoder_self_attn,forward,-3.0951409339904785,-2.939234733581543,-2.939242362976074,0.9999510642007102
47923,4321228,10,encoder_self_attn,reverse,-3.0951409339904785,-2.939234733581543,-3.1252646446228027,1.1932168865209398
47923,4321228,10,encoder_mlp,forward,-3.0951409339904785,-2.939234733581543,-3.085675001144409,0.060715563725115385
47923,4321228,10,encoder_mlp,reverse,-3.0951409339904785,-2.939234733581543,-2.936689853668213,-0.01632314755061032
47923,4321228,11,encoder_self_attn,forward,-3.0951409339904785,-2.939234733581543,-2.990450382232666,0.6714970378548992
47923,4321228,11,encoder_self_attn,reverse,-3.0951409339904785,-2.939234733581543,-3.0478363037109375,0.6965827519658429
47923,4321228,11,encoder_mlp,forward,-3.0951409339904785,-2.939234733581543,-3.0752735137939453,0.12743187983814486
47923,4321228,11,encoder_mlp,reverse,-3.0951409339904785,-2.939234733581543,-2.9626035690307617,0.14989035322471625
47923,4321228,0,decoder_self_attn,forward,-3.0951409339904785,-2.939234733581543,-3.0951409339904785,0.0
47923,4321228,0,decoder_self_attn,reverse,-3.0951409339904785,-2.939234733581543,-2.939234733581543,0.0
47923,4321228,0,decoder_cross_attn,forward,-3.0951409339904785,-2.939234733581543,-3.093235969543457,0.012218657385176735
47923,4321228,0,decoder_cross_attn,reverse,-3.0951409339904785,-2.939234733581543,-2.9411377906799316,0.01220642343535428
47923,4321228,0,decoder_mlp,forward,-3.0951409339904785,-2.939234733581543,-3.094759941101074,0.0024437314770353468
47923,4321228,0,decoder_mlp,reverse,-3.0951409339904785,-2.939234733581543,-2.939622402191162,0.0024865503014139386
47923,4321228,1,decoder_self_attn,forward,-3.0951409339904785,-2.939234733581543,-3.0948262214660645,0.0020186017207050426
47923,4321228,1,decoder_self_attn,reverse,-3.0951409339904785,-2.939234733581543,-2.9396541118621826,0.00268993971721225
47923,4321228,1,decoder_cross_attn,forward,-3.0951409339904785,-2.939234733581543,-3.084427833557129,0.06871503766527301
47923,4321228,1,decoder_cross_attn,reverse,-3.0951409339904785,-2.939234733581543,-2.9503345489501953,0.07119547099177573
47923,4321228,1,decoder_mlp,forward,-3.0951409339904785,-2.939234733581543,-3.0955114364624023,-0.0023764447530118457
47923,4321228,1,decoder_mlp,reverse,-3.0951409339904785,-2.939234733581543,-2.9388747215270996,-0.0023091580289883442
47923,4321228,2,decoder_self_attn,forward,-3.0951409339904785,-2.939234733581543,-3.0954537391662598,-0.0020063677708825876
47923,4321228,2,decoder_self_attn,reverse,-3.0951409339904785,-2.939234733581543,-2.938967704772949,-0.0017127529751436725
47923,4321228,2,decoder_cross_attn,forward,-3.0951409339904785,-2.939234733581543,-3.0903091430664062,0.03099165338773363
47923,4321228,2,decoder_cross_attn,reverse,-3.0951409339904785,-2.939234733581543,-2.943699359893799,0.028636618046911082
47923,4321228,2,decoder_mlp,forward,-3.0951409339904785,-2.939234733581543,-3.0951976776123047,-0.0003639600072180304
47923,4321228,2,decoder_mlp,reverse,-3.0951409339904785,-2.939234733581543,-2.939208984375,-0.00016515832260313983
47923,4321228,3,decoder_self_attn,forward,-3.0951409339904785,-2.939234733581543,-3.0942301750183105,0.005841711040222169
47923,4321228,3,decoder_self_attn,reverse,-3.0951409339904785,-2.939234733581543,-2.9400010108947754,0.004914989341171217
47923,4321228,3,decoder_cross_attn,forward,-3.0951409339904785,-2.939234733581543,-3.0956268310546875,-0.003116598717270361
47923,4321228,3,decoder_cross_attn,reverse,-3.0951409339904785,-2.939234733581543,-2.938955307006836,-0.0017922736489896286
47923,4321228,3,decoder_mlp,forward,-3.0951409339904785,-2.939234733581543,-3.0943305492401123,0.005197899430815485
47923,4321228,3,decoder_mlp,reverse,-3.0951409339904785,-2.939234733581543,-2.9400720596313477,0.005370703972057658
47923,4321228,4,decoder_self_attn,forward,-3.0951409339904785,-2.939234733581543,-3.0936198234558105,0.009756574983407705
47923,4321228,4,decoder_self_attn,reverse,-3.0951409339904785,-2.939234733581543,-2.9407811164855957,0.009918674818555231
47923,4321228,4,decoder_cross_attn,forward,-3.0951409339904785,-2.939234733581543,-3.0893843173980713,0.0369235898078964
47923,4321228,4,decoder_cross_attn,reverse,-3.0951409339904785,-2.939234733581543,-2.944714069366455,0.03514507935245704
47923,4321228,4,decoder_mlp,forward,-3.0951409339904785,-2.939234733581543,-3.0951850414276123,-0.0002829100896442673
47923,4321228,4,decoder_mlp,reverse,-3.0951409339904785,-2.939234733581543,-2.9391117095947266,-0.0007890897635483348
47923,4321228,5,decoder_self_attn,forward,-3.0951409339904785,-2.939234733581543,-3.0948195457458496,0.0020614205450836345
47923,4321228,5,decoder_self_attn,reverse,-3.0951409339904785,-2.939234733581543,-2.9395155906677246,0.0018014491113564697
47923,4321228,5,decoder_cross_attn,forward,-3.0951409339904785,-2.939234733581543,-3.090104341506958,0.03230527374991971
47923,4321228,5,decoder_cross_attn,reverse,-3.0951409339904785,-2.939234733581543,-2.9443271160125732,0.03266311678222652
47923,4321228,5,decoder_mlp,forward,-3.0951409339904785,-2.939234733581543,-3.0921590328216553,0.01912625130368028
47923,4321228,5,decoder_mlp,reverse,-3.0951409339904785,-2.939234733581543,-2.9422590732574463,0.019398456687229896
47923,4321228,6,decoder_self_attn,forward,-3.0951409339904785,-2.939234733581543,-3.0935444831848145,0.01023981600139467
47923,4321228,6,decoder_self_attn,reverse,-3.0951409339904785,-2.939234733581543,-2.940955877304077,0.011039610471037653
47923,4321228,6,decoder_cross_attn,forward,-3.0951409339904785,-2.939234733581543,-3.089761257171631,0.03450585547423377
47923,4321228,6,decoder_cross_attn,reverse,-3.0951409339904785,-2.939234733581543,-2.9444003105163574,0.03313259460666322
47923,4321228,6,decoder_mlp,forward,-3.0951409339904785,-2.939234733581543,-3.09523868560791,-0.0006269899284008087
47923,4321228,6,decoder_mlp,reverse,-3.0951409339904785,-2.939234733581543,-2.9390640258789062,-0.0010949385091097049
47923,4321228,7,decoder_self_attn,forward,-3.0951409339904785,-2.939234733581543,-3.0896201133728027,0.03541116776109543
47923,4321228,7,decoder_self_attn,reverse,-3.0951409339904785,-2.939234733581543,-2.9447169303894043,0.03516343027719072
47923,4321228,7,decoder_cross_attn,forward,-3.0951409339904785,-2.939234733581543,-3.0832061767578125,0.07655088252655531
47923,4321228,7,decoder_cross_attn,reverse,-3.0951409339904785,-2.939234733581543,-2.951071262359619,0.0759208341106989
47923,4321228,7,decoder_mlp,forward,-3.0951409339904785,-2.939234733581543,-3.0939407348632812,0.007698212925779685
47923,4321228,7,decoder_mlp,reverse,-3.0951409339904785,-2.939234733581543,-2.940549850463867,0.008435308402582586
47923,4321228,8,decoder_self_attn,forward,-3.0951409339904785,-2.939234733581543,-3.0933473110198975,0.011504500564290936
47923,4321228,8,decoder_self_attn,reverse,-3.0951409339904785,-2.939234733581543,-2.940990447998047,0.011261350811569646
47923,4321228,8,decoder_cross_attn,forward,-3.0951409339904785,-2.939234733581543,-3.0695571899414062,0.16409702745604188
47923,4321228,8,decoder_cross_attn,reverse,-3.0951409339904785,-2.939234733581543,-2.964583396911621,0.16258919314042433
47923,4321228,8,decoder_mlp,forward,-3.0951409339904785,-2.939234733581543,-3.0919508934020996,0.020461281078055657
47923,4321228,8,decoder_mlp,reverse,-3.0951409339904785,-2.939234733581543,-2.942686080932617,0.022137332203731968
47923,4321228,9,decoder_self_attn,forward,-3.0951409339904785,-2.939234733581543,-3.089779853820801,0.03438657446346484
47923,4321228,9,decoder_self_attn,reverse,-3.0951409339904785,-2.939234733581543,-2.94451904296875,0.03389415798311103
47923,4321228,9,decoder_cross_attn,forward,-3.0951409339904785,-2.939234733581543,-3.0530245304107666,0.2701393752733523
47923,4321228,9,decoder_cross_attn,reverse,-3.0951409339904785,-2.939234733581543,-2.980741500854492,0.2662290990613502
47923,4321228,9,decoder_mlp,forward,-3.0951409339904785,-2.939234733581543,-3.0833494663238525,0.0756318070461434
47923,4321228,9,decoder_mlp,reverse,-3.0951409339904785,-2.939234733581543,-2.9508628845214844,0.07458427509259571
47923,4321228,10,decoder_self_attn,forward,-3.0951409339904785,-2.939234733581543,-3.0887155532836914,0.04121311846439462
47923,4321228,10,decoder_self_attn,reverse,-3.0951409339904785,-2.939234733581543,-2.9453012943267822,0.038911606654045305
47923,4321228,10,decoder_cross_attn,forward,-3.0951409339904785,-2.939234733581543,-3.076335906982422,0.12061756978703751
47923,4321228,10,decoder_cross_attn,reverse,-3.0951409339904785,-2.939234733581543,-2.9577715396881104,0.11889717059325482
47923,4321228,10,decoder_mlp,forward,-3.0951409339904785,-2.939234733581543,-3.0778708457946777,0.11077229866741702
47923,4321228,10,decoder_mlp,reverse,-3.0951409339904785,-2.939234733581543,-2.9561352729797363,0.1084019708893164
47923,4321228,11,decoder_self_attn,forward,-3.0951409339904785,-2.939234733581543,-3.09405517578125,0.0069641759364323964
47923,4321228,11,decoder_self_attn,reverse,-3.0951409339904785,-2.939234733581543,-2.940114974975586,0.005645967843062892
47923,4321228,11,decoder_cross_attn,forward,-3.0951409339904785,-2.939234733581543,-3.075676679611206,0.12484592869442346
47923,4321228,11,decoder_cross_attn,reverse,-3.0951409339904785,-2.939234733581543,-2.958413600921631,0.12301542395223866
47923,4321228,11,decoder_mlp,forward,-3.0951409339904785,-2.939234733581543,-3.08455228805542,0.06791677243935784
47923,4321228,11,decoder_mlp,reverse,-3.0951409339904785,-2.939234733581543,-2.9493155479431152,0.06465948329912925
264014,5781965,0,encoder_self_attn,forward,-3.14370059967041,-3.0040555000305176,-3.1284146308898926,0.10946298022584401
264014,5781965,0,encoder_self_attn,reverse,-3.14370059967041,-3.0040555000305176,-2.9647114276885986,-0.2817433081674674
264014,5781965,0,encoder_mlp,forward,-3.14370059967041,-3.0040555000305176,-3.1462950706481934,-0.01857903345318705
264014,5781965,0,encoder_mlp,reverse,-3.14370059967041,-3.0040555000305176,-2.9036288261413574,-0.7191564483689992
264014,5781965,1,encoder_self_attn,forward,-3.14370059967041,-3.0040555000305176,-3.1320788860321045,0.08322321132839577
264014,5781965,1,encoder_self_attn,reverse,-3.14370059967041,-3.0040555000305176,-3.0558583736419678,0.37096091266385983
264014,5781965,1,encoder_mlp,forward,-3.14370059967041,-3.0040555000305176,-3.1300787925720215,0.09754590124190304
264014,5781965,1,encoder_mlp,reverse,-3.14370059967041,-3.0040555000305176,-2.9809556007385254,-0.16541861727737428
264014,5781965,2,encoder_self_attn,forward,-3.14370059967041,-3.0040555000305176,-3.1384522914886475,0.037583189064970275
264014,5781965,2,encoder_self_attn,reverse,-3.14370059967041,-3.0040555000305176,-2.9343814849853516,-0.4989363409445566
264014,5781965,2,encoder_mlp,forward,-3.14370059967041,-3.0040555000305176,-3.159897804260254,-0.1159883492626094
264014,5781965,2,encoder_mlp,reverse,-3.14370059967041,-3.0040555000305176,-2.98081111907959,-0.16645325192841556
264014,5781965,3,encoder_self_attn,forward,-3.14370059967041,-3.0040555000305176,-3.15197491645813,-0.05925246792803313
264014,5781965,3,encoder_self_attn,reverse,-3.14370059967041,-3.0040555000305176,-2.9844534397125244,-0.14037055627832012
264014,5781965,3,encoder_mlp,forward,-3.14370059967041,-3.0040555000305176,-3.2144484519958496,-0.5066261007932199
264014,5781965,3,encoder_mlp,reverse,-3.14370059967041,-3.0040555000305176,-2.9605045318603516,-0.3118689326189915
264014,5781965,4,encoder_self_attn,forward,-3.14370059967041,-3.0040555000305176,-3.155714511871338,-0.08603174928378014
264014,5781965,4,encoder_self_attn,reverse,-3.14370059967041,-3.0040555000305176,-3.0020225048065186,-0.01455829978453648
264014,5781965,4,encoder_mlp,forward,-3.14370059967041,-3.0040555000305176,-3.1530721187591553,-0.06710954493148533
264014,5781965,4,encoder_mlp,reverse,-3.14370059967041,-3.0040555000305176,-2.953540086746216,-0.3617413959714127
264014,5781965,5,encoder_self_attn,forward,-3.14370059967041,-3.0040555000305176,-3.148331880569458,-0.03316465032421967
264014,5781965,5,encoder_self_attn,reverse,-3.14370059967041,-3.0040555000305176,-3.0073344707489014,0.02348074316133813
264014,5781965,5,encoder_mlp,forward,-3.14370059967041,-3.0040555000305176,-3.2002158164978027,-0.40470605107612245
264014,5781965,5,encoder_mlp,reverse,-3.14370059967041,-3.0040555000305176,-2.905144691467285,-0.7083013211225957
264014,5781965,6,encoder_self_attn,forward,-3.14370059967041,-3.0040555000305176,-3.128445863723755,0.10923932158015687
264014,5781965,6,encoder_self_attn,reverse,-3.14370059967041,-3.0040555000305176,-3.0234375,0.13879470185107406
264014,5781965,6,encoder_mlp,forward,-3.14370059967041,-3.0040555000305176,-3.170701742172241,-0.1933554601733952
264014,5781965,6,encoder_mlp,reverse,-3.14370059967041,-3.0040555000305176,-2.9892115592956543,-0.10629761282810382
264014,5781965,7,encoder_self_attn,forward,-3.14370059967041,-3.0040555000305176,-3.103811502456665,0.28564623690060337
264014,5781965,7,encoder_self_attn,reverse,-3.14370059967041,-3.0040555000305176,-3.069962739944458,0.4719624253475246
264014,5781965,7,encoder_mlp,forward,-3.14370059967041,-3.0040555000305176,-3.1705989837646484,-0.19261960615590545
264014,5781965,7,encoder_mlp,reverse,-3.14370059967041,-3.0040555000305176,-2.9479117393493652,-0.40204604977856084
264014,5781965,8,encoder_self_attn,forward,-3.14370059967041,-3.0040555000305176,-3.046221971511841,0.6980454624612012
264014,5781965,8,encoder_self_attn,reverse,-3.14370059967041,-3.0040555000305176,-3.0608580112457275,0.406763369152863
264014,5781965,8,encoder_mlp,forward,-3.14370059967041,-3.0040555000305176,-3.131834030151367,0.08497662681786675
264014,5781965,8,encoder_mlp,reverse,-3.14370059967041,-3.0040555000305176,-3.031538248062134,0.19680424234353286
264014,5781965,9,encoder_self_attn,forward,-3.14370059967041,-3.0040555000305176,-3.087479591369629,0.4025992207801077
264014,5781965,9,encoder_self_attn,reverse,-3.14370059967041,-3.0040555000305176,-3.0110599994659424,0.050159292760630615
264014,5781965,9,encoder_mlp,forward,-3.14370059967041,-3.0040555000305176,-3.2066843509674072,-0.45102729318404544
264014,5781965,9,encoder_mlp,reverse,-3.14370059967041,-3.0040555000305176,-2.943812370300293,-0.43140167385447503
264014,5781965,10,encoder_self_attn,forward,-3.14370059967041,-3.0040555000305176,-2.987558364868164,1.1181361551883684
264014,5781965,10,encoder_self_attn,reverse,-3.14370059967041,-3.0040555000305176,-3.169543504714966,1.1850613097860048
264014,5781965,10,encoder_mlp,forward,-3.14370059967041,-3.0040555000305176,-3.1536781787872314,-0.07144954704855953
264014,5781965,10,encoder_mlp,reverse,-3.14370059967041,-3.0040555000305176,-2.999598503112793,-0.031916600934927285
264014,5781965,11,encoder_self_attn,forward,-3.14370059967041,-3.0040555000305176,-3.0472171306610107,0.6909191175215207
264014,5781965,11,encoder_self_attn,reverse,-3.14370059967041,-3.0040555000305176,-3.0946879386901855,0.6490198287901604
264014,5781965,11,encoder_mlp,forward,-3.14370059967041,-3.0040555000305176,-3.097050905227661,0.33405894344338705
264014,5781965,11,encoder_mlp,reverse,-3.14370059967041,-3.0040555000305176,-3.0672643184661865,0.4526390012873177
264014,5781965,0,decoder_self_attn,forward,-3.14370059967041,-3.0040555000305176,-3.14370059967041,0.0
264014,5781965,0,decoder_self_attn,reverse,-3.14370059967041,-3.0040555000305176,-3.0040555000305176,0.0
264014,5781965,0,decoder_cross_attn,forward,-3.14370059967041,-3.0040555000305176,-3.1407158374786377,0.02137391286532335
264014,5781965,0,decoder_cross_attn,reverse,-3.14370059967041,-3.0040555000305176,-3.0070009231567383,0.02109220541083191
264014,5781965,0,decoder_mlp,forward,-3.14370059967041,-3.0040555000305176,-3.1415657997131348,0.01528732453040221
264014,5781965,0,decoder_mlp,reverse,-3.14370059967041,-3.0040555000305176,-3.005861282348633,0.012931225820110156
264014,5781965,1,decoder_self_attn,forward,-3.14370059967041,-3.0040555000305176,-3.144320487976074,-0.00443902655562271
264014,5781965,1,decoder_self_attn,reverse,-3.14370059967041,-3.0040555000305176,-3.0035760402679443,-0.003433416308983565
264014,5781965,1,decoder_cross_attn,forward,-3.14370059967041,-3.0040555000305176,-3.138357162475586,0.03826440890946776
264014,5781965,1,decoder_cross_attn,reverse,-3.14370059967041,-3.0040555000305176,-3.010270118713379,0.044502948538023675
264014,5781965,1,decoder_mlp,forward,-3.14370059967041,-3.0040555000305176,-3.1439642906188965,-0.0018882936040456606
264014,5781965,1,decoder_mlp,reverse,-3.14370059967041,-3.0040555000305176,-3.0036442279815674,-0.0029451233878650673
264014,5781965,2,decoder_self_attn,forward,-3.14370059967041,-3.0040555000305176,-3.1426734924316406,0.007355125539085629
264014,5781965,2,decoder_self_attn,reverse,-3.14370059967041,-3.0040555000305176,-3.005127429962158,0.007676101305415271
264014,5781965,2,decoder_cross_attn,forward,-3.14370059967041,-3.0040555000305176,-3.137946128845215,0.04120782497942682
264014,5781965,2,decoder_cross_attn,reverse,-3.14370059967041,-3.0040555000305176,-3.0098073482513428,0.041189044482460725
264014,5781965,2,decoder_mlp,forward,-3.14370059967041,-3.0040555000305176,-3.1424496173858643,0.008958297052827831
264014,5781965,2,decoder_mlp,reverse,-3.14370059967041,-3.0040555000305176,-3.0052688121795654,0.00868854082367845
264014,5781965,3,decoder_self_attn,forward,-3.14370059967041,-3.0040555000305176,-3.1430118083953857,0.004932441430459234
264014,5781965,3,decoder_self_attn,reverse,-3.14370059967041,-3.0040555000305176,-3.004706382751465,0.004660977883403846
264014,5781965,3,decoder_cross_attn,forward,-3.14370059967041,-3.0040555000305176,-3.1403679847717285,0.023864889690190093
264014,5781965,3,decoder_cross_attn,reverse,-3.14370059967041,-3.0040555000305176,-3.007256269454956,0.022920742888167263
264014,5781965,3,decoder_mlp,forward,-3.14370059967041,-3.0040555000305176,-3.1459290981292725,-0.015958300467463642
264014,5781965,3,decoder_mlp,reverse,-3.14370059967041,-3.0040555000305176,-3.001938581466675,-0.015159275687451556
264014,5781965,4,decoder_self_attn,forward,-3.14370059967041,-3.0040555000305176,-3.143068790435791,0.004524392450923146
264014,5781965,4,decoder_self_attn,reverse,-3.14370059967041,-3.0040555000305176,-3.004920721054077,0.006195856680905698
264014,5781965,4,decoder_cross_attn,forward,-3.14370059967041,-3.0040555000305176,-3.1436171531677246,0.0005975612671030572
264014,5781965,4,decoder_cross_attn,reverse,-3.14370059967041,-3.0040555000305176,-3.005023956298828,0.00693512533420748
264014,5781965,4,decoder_mlp,forward,-3.14370059967041,-3.0040555000305176,-3.142507791519165,0.0085417114837617
264014,5781965,4,decoder_mlp,reverse,-3.14370059967041,-3.0040555000305176,-3.005148410797119,0.007826345281144039
264014,5781965,5,decoder_self_attn,forward,-3.14370059967041,-3.0040555000305176,-3.1347808837890625,0.06387417749959878
264014,5781965,5,decoder_self_attn,reverse,-3.14370059967041,-3.0040555000305176,-3.0126986503601074,0.061893688728628646
264014,5781965,5,decoder_cross_attn,forward,-3.14370059967041,-3.0040555000305176,-3.1336708068847656,0.07182344966997545
264014,5781965,5,decoder_cross_attn,reverse,-3.14370059967041,-3.0040555000305176,-3.014224052429199,0.07281710869127253
264014,5781965,5,decoder_mlp,forward,-3.14370059967041,-3.0040555000305176,-3.1439380645751953,-0.0017004886343846997
264014,5781965,5,decoder_mlp,reverse,-3.14370059967041,-3.0040555000305176,-3.0040626525878906,5.1219537180262036e-05
264014,5781965,6,decoder_self_attn,forward,-3.14370059967041,-3.0040555000305176,-3.1436684131622314,0.00023048791731117917
264014,5781965,6,decoder_self_attn,reverse,-3.14370059967041,-3.0040555000305176,-3.0043721199035645,0.0022673181791795995
264014,5781965,6,decoder_cross_attn,forward,-3.14370059967041,-3.0040555000305176,-3.137126922607422,0.047074169304472835
264014,5781965,6,decoder_cross_attn,reverse,-3.14370059967041,-3.0040555000305176,-3.011077880859375,0.05028734160358127
264014,5781965,6,decoder_mlp,forward,-3.14370059967041,-3.0040555000305176,-3.144038200378418,-0.002417562154908368
264014,5781965,6,decoder_mlp,reverse,-3.14370059967041,-3.0040555000305176,-3.003777265548706,-0.0019924399963121933
264014,5781965,7,decoder_self_attn,forward,-3.14370059967041,-3.0040555000305176,-3.1381001472473145,0.040104897612145175
264014,5781965,7,decoder_self_attn,reverse,-3.14370059967041,-3.0040555000305176,-3.009718894958496,0.040555629539331485
264014,5781965,7,decoder_cross_attn,forward,-3.14370059967041,-3.0040555000305176,-3.1211769580841064,0.16129202989855118
264014,5781965,7,decoder_cross_attn,reverse,-3.14370059967041,-3.0040555000305176,-3.025869131088257,0.15620763717445715
264014,5781965,7,decoder_mlp,forward,-3.14370059967041,-3.0040555000305176,-3.144618511199951,-0.006573173938133628
264014,5781965,7,decoder_mlp,reverse,-3.14370059967041,-3.0040555000305176,-3.0030927658081055,-0.00689414970446327
264014,5781965,8,decoder_self_attn,forward,-3.14370059967041,-3.0040555000305176,-3.141094923019409,0.018659277394769462
264014,5781965,8,decoder_self_attn,reverse,-3.14370059967041,-3.0040555000305176,-3.0065109729766846,0.01758366711398396
264014,5781965,8,decoder_cross_attn,forward,-3.14370059967041,-3.0040555000305176,-3.10839581489563,0.2528179282038674
264014,5781965,8,decoder_cross_attn,reverse,-3.14370059967041,-3.0040555000305176,-3.038115978240967,0.24390743605240783
264014,5781965,8,decoder_mlp,forward,-3.14370059967041,-3.0040555000305176,-3.1410484313964844,0.018992204386441162
264014,5781965,8,decoder_mlp,reverse,-3.14370059967041,-3.0040555000305176,-3.0065431594848633,0.01781415503129514
264014,5781965,9,decoder_self_attn,forward,-3.14370059967041,-3.0040555000305176,-3.1406383514404297,0.021928791184776187
264014,5781965,9,decoder_self_attn,reverse,-3.14370059967041,-3.0040555000305176,-3.00717830657959,0.022362449932902408
264014,5781965,9,decoder_cross_attn,forward,-3.14370059967041,-3.0040555000305176,-3.107666492462158,0.25804061367834813
264014,5781965,9,decoder_cross_attn,reverse,-3.14370059967041,-3.0040555000305176,-3.0379672050476074,0.2428420696790584
264014,5781965,9,decoder_mlp,forward,-3.14370059967041,-3.0040555000305176,-3.1339950561523438,0.06950149731780357
264014,5781965,9,decoder_mlp,reverse,-3.14370059967041,-3.0040555000305176,-3.0130422115325928,0.06435393383118723
264014,5781965,10,decoder_self_attn,forward,-3.14370059967041,-3.0040555000305176,-3.1391048431396484,0.03291025995622437
264014,5781965,10,decoder_self_attn,reverse,-3.14370059967041,-3.0040555000305176,-3.0079424381256104,0.0278344038216604
264014,5781965,10,decoder_cross_attn,forward,-3.14370059967041,-3.0040555000305176,-3.1105031967163086,0.23772694523265622
264014,5781965,10,decoder_cross_attn,reverse,-3.14370059967041,-3.0040555000305176,-3.0354394912719727,0.22474108523955377
264014,5781965,10,decoder_mlp,forward,-3.14370059967041,-3.0040555000305176,-3.125502109527588,0.1303195757656467
264014,5781965,10,decoder_mlp,reverse,-3.14370059967041,-3.0040555000305176,-3.0214831829071045,0.12479981697552048
264014,5781965,11,decoder_self_attn,forward,-3.14370059967041,-3.0040555000305176,-3.141061782836914,0.018896594583704674
264014,5781965,11,decoder_self_attn,reverse,-3.14370059967041,-3.0040555000305176,-3.007239818572998,0.02280293795265266
264014,5781965,11,decoder_cross_attn,forward,-3.14370059967041,-3.0040555000305176,-3.1333417892456055,0.0741795483802675
264014,5781965,11,decoder_cross_attn,reverse,-3.14370059967041,-3.0040555000305176,-3.0143067836761475,0.07340954800465756
264014,5781965,11,decoder_mlp,forward,-3.14370059967041,-3.0040555000305176,-3.1175005435943604,0.18761887200920585
264014,5781965,11,decoder_mlp,reverse,-3.14370059967041,-3.0040555000305176,-3.0294647216796875,0.1819556985149749
1113437,1454809,0,encoder_self_attn,forward,-0.7809029817581177,-0.6414165496826172,-0.7821403741836548,-0.008871059407895242
1113437,1454809,0,encoder_self_attn,reverse,-0.7809029817581177,-0.6414165496826172,-0.6774517297744751,0.2583418297799242
1113437,1454809,0,encoder_mlp,forward,-0.7809029817581177,-0.6414165496826172,-0.7959297299385071,-0.1077291028008789
1113437,1454809,0,encoder_mlp,reverse,-0.7809029817581177,-0.6414165496826172,-0.5685051679611206,-0.5227130742152146
1113437,1454809,1,encoder_self_attn,forward,-0.7809029817581177,-0.6414165496826172,-0.804283618927002,-0.1676194366791813
1113437,1454809,1,encoder_self_attn,reverse,-0.7809029817581177,-0.6414165496826172,-0.6560017466545105,0.10456355327806156
1113437,1454809,1,encoder_mlp,forward,-0.7809029817581177,-0.6414165496826172,-0.8122395277023315,-0.22465658829994437
1113437,1454809,1,encoder_mlp,reverse,-0.7809029817581177,-0.6414165496826172,-0.6884806156158447,0.3374096335602946
1113437,1454809,2,encoder_self_attn,forward,-0.7809029817581177,-0.6414165496826172,-0.8024128675460815,-0.15420772807724487
1113437,1454809,2,encoder_self_attn,reverse,-0.7809029817581177,-0.6414165496826172,-0.6355183124542236,-0.042285383177633994
1113437,1454809,2,encoder_mlp,forward,-0.7809029817581177,-0.6414165496826172,-0.7784929275512695,0.017278054725377467
1113437,1454809,2,encoder_mlp,reverse,-0.7809029817581177,-0.6414165496826172,-0.6401318907737732,-0.009209920203196829
1113437,1454809,3,encoder_self_attn,forward,-0.7809029817581177,-0.6414165496826172,-0.7750043869018555,0.04228794706763627
1113437,1454809,3,encoder_self_attn,reverse,-0.7809029817581177,-0.6414165496826172,-0.6976246237754822,0.4029644550836384
1113437,1454809,3,encoder_mlp,forward,-0.7809029817581177,-0.6414165496826172,-0.8160833120346069,-0.2522132780444698
1113437,1454809,3,encoder_mlp,reverse,-0.7809029817581177,-0.6414165496826172,-0.6236107349395752,-0.12765266469361086
1113437,1454809,4,encoder_self_attn,forward,-0.7809029817581177,-0.6414165496826172,-0.8125008344650269,-0.22652993726161164
1113437,1454809,4,encoder_self_attn,reverse,-0.7809029817581177,-0.6414165496826172,-0.6126964688301086,-0.20589874172824987
1113437,1454809,4,encoder_mlp,forward,-0.7809029817581177,-0.6414165496826172,-0.7830440998077393,-0.015350009443661508
1113437,1454809,4,encoder_mlp,reverse,-0.7809029817581177,-0.6414165496826172,-0.6495596766471863,0.05837934803695762
1113437,1454809,5,encoder_self_attn,forward,-0.7809029817581177,-0.6414165496826172,-0.7088363170623779,0.5166571660298249
1113437,1454809,5,encoder_self_attn,reverse,-0.7809029817581177,-0.6414165496826172,-0.7633646726608276,0.874265125028096
1113437,1454809,5,encoder_mlp,forward,-0.7809029817581177,-0.6414165496826172,-0.7659289836883545,0.10735092902554233
1113437,1454809,5,encoder_mlp,reverse,-0.7809029817581177,-0.6414165496826172,-0.6699442863464355,0.20451979622202263
1113437,1454809,6,encoder_self_attn,forward,-0.7809029817581177,-0.6414165496826172,-0.8144236207008362,-0.24031469185888008
1113437,1454809,6,encoder_self_attn,reverse,-0.7809029817581177,-0.6414165496826172,-0.6466734409332275,0.037687473773541855
1113437,1454809,6,encoder_mlp,forward,-0.7809029817581177,-0.6414165496826172,-0.6985720992088318,0.5902429456703162
1113437,1454809,6,encoder_mlp,reverse,-0.7809029817581177,-0.6414165496826172,-0.7096257209777832,0.48900219383521193
1113437,1454809,7,encoder_self_attn,forward,-0.7809029817581177,-0.6414165496826172,-0.6980491876602173,0.5939917801686527
1113437,1454809,7,encoder_self_attn,reverse,-0.7809029817581177,-0.6414165496826172,-0.7266200184822083,0.6108369647986449
1113437,1454809,7,encoder_mlp,forward,-0.7809029817581177,-0.6414165496826172,-0.7333570718765259,0.340864048023369
1113437,1454809,7,encoder_mlp,reverse,-0.7809029817581177,-0.6414165496826172,-0.6911502480506897,0.3565486451123283
1113437,1454809,8,encoder_self_attn,forward,-0.7809029817581177,-0.6414165496826172,-0.6899038553237915,0.6523869388606244
1113437,1454809,8,encoder_self_attn,reverse,-0.7809029817581177,-0.6414165496826172,-0.7284265756607056,0.6237884551451717
1113437,1454809,8,encoder_mlp,forward,-0.7809029817581177,-0.6414165496826172,-0.779526948928833,0.009864994098779846
1113437,1454809,8,encoder_mlp,reverse,-0.7809029817581177,-0.6414165496826172,-0.6475296020507812,0.04382542643900463
1113437,1454809,9,encoder_self_attn,forward,-0.7809029817581177,-0.6414165496826172,-0.6483614444732666,0.9502109654156877
1113437,1454809,9,encoder_self_attn,reverse,-0.7809029817581177,-0.6414165496826172,-0.7755289077758789,0.9614724249357105
1113437,1454809,9,encoder_mlp,forward,-0.7809029817581177,-0.6414165496826172,-0.7549251914024353,0.18623883319075257
1113437,1454809,9,encoder_mlp,reverse,-0.7809029817581177,-0.6414165496826172,-0.6641045808792114,0.16265403637476208
1113437,1454809,10,encoder_self_attn,forward,-0.7809029817581177,-0.6414165496826172,-0.6620978116989136,0.8517328050580422
1113437,1454809,10,encoder_self_attn,reverse,-0.7809029817581177,-0.6414165496826172,-0.8028618097305298,1.1574262646601094
1113437,1454809,10,encoder_mlp,forward,-0.7809029817581177,-0.6414165496826172,-0.751569390296936,0.21029709502716443
1113437,1454809,10,encoder_mlp,reverse,-0.7809029817581177,-0.6414165496826172,-0.6600135564804077,0.1333248440086591
1113437,1454809,11,encoder_self_attn,forward,-0.7809029817581177,-0.6414165496826172,-0.6908708810806274,0.6454541802944542
1113437,1454809,11,encoder_self_attn,reverse,-0.7809029817581177,-0.6414165496826172,-0.7359679937362671,0.6778540582532901
1113437,1454809,11,encoder_mlp,forward,-0.7809029817581177,-0.6414165496826172,-0.7381380796432495,0.30658825721286354
1113437,1454809,11,encoder_mlp,reverse,-0.7809029817581177,-0.6414165496826172,-0.6805679798126221,0.2806827126298076
1113437,1454809,0,decoder_self_attn,forward,-0.7809029817581177,-0.6414165496826172,-0.7809029817581177,0.0
1113437,1454809,0,decoder_self_attn,reverse,-0.7809029817581177,-0.6414165496826172,-0.6414165496826172,0.0
1113437,1454809,0,decoder_cross_attn,forward,-0.7809029817581177,-0.6414165496826172,-0.7726020812988281,0.0595104508429643
1113437,1454809,0,decoder_cross_attn,reverse,-0.7809029817581177,-0.6414165496826172,-0.6492119431495667,0.05588639232473889
1113437,1454809,0,decoder_mlp,forward,-0.7809029817581177,-0.6414165496826172,-0.7809445261955261,-0.0002978385552650763
1113437,1454809,0,decoder_mlp,reverse,-0.7809029817581177,-0.6414165496826172,-0.6413030624389648,-0.0008136077607241109
1113437,1454809,1,decoder_self_attn,forward,-0.7809029817581177,-0.6414165496826172,-0.7806451320648193,0.0018485646916452227
1113437,1454809,1,decoder_self_attn,reverse,-0.7809029817581177,-0.6414165496826172,-0.6417334079742432,0.00227160654202173
1113437,1454809,1,decoder_cross_attn,forward,-0.7809029817581177,-0.6414165496826172,-0.768142819404602,0.09147959528141685
1113437,1454809,1,decoder_cross_attn,reverse,-0.7809029817581177,-0.6414165496826172,-0.6540390253067017,0.09049249763053832
1113437,1454809,1,decoder_mlp,forward,-0.7809029817581177,-0.6414165496826172,-0.7808059453964233,0.0006956688206191452
1113437,1454809,1,decoder_mlp,reverse,-0.7809029817581177,-0.6414165496826172,-0.6415491700172424,0.0009507758758461906
1113437,1454809,2,decoder_self_attn,forward,-0.7809029817581177,-0.6414165496826172,-0.7802410125732422,0.0047457603942237265
1113437,1454809,2,decoder_self_attn,reverse,-0.7809029817581177,-0.6414165496826172,-0.6421687006950378,0.005392287989799137
1113437,1454809,2,decoder_cross_attn,forward,-0.7809029817581177,-0.6414165496826172,-0.7654200792312622,0.11099934449878941
1113437,1454809,2,decoder_cross_attn,reverse,-0.7809029817581177,-0.6414165496826172,-0.6562504768371582,0.10634673877464859
1113437,1454809,2,decoder_mlp,forward,-0.7809029817581177,-0.6414165496826172,-0.7802252769470215,0.004858571554324129
1113437,1454809,2,decoder_mlp,reverse,-0.7809029817581177,-0.6414165496826172,-0.6420796513557434,0.004753879379230953
1113437,1454809,3,decoder_self_attn,forward,-0.7809029817581177,-0.6414165496826172,-0.7792152166366577,0.012099851550768868
1113437,1454809,3,decoder_self_attn,reverse,-0.7809029817581177,-0.6414165496826172,-0.6429985761642456,0.011341794740094197
1113437,1454809,3,decoder_cross_attn,forward,-0.7809029817581177,-0.6414165496826172,-0.7796639204025269,0.008883024227905892
1113437,1454809,3,decoder_cross_attn,reverse,-0.7809029817581177,-0.6414165496826172,-0.6422266960144043,0.0058080654851691785
1113437,1454809,3,decoder_mlp,forward,-0.7809029817581177,-0.6414165496826172,-0.7810299396514893,-0.000910180950810061
1113437,1454809,3,decoder_mlp,reverse,-0.7809029817581177,-0.6414165496826172,-0.6413542032241821,-0.0004469714903978046
1113437,1454809,4,decoder_self_attn,forward,-0.7809029817581177,-0.6414165496826172,-0.7791274189949036,0.012729286546329065
1113437,1454809,4,decoder_self_attn,reverse,-0.7809029817581177,-0.6414165496826172,-0.6430728435516357,0.011874229230568065
1113437,1454809,4,decoder_cross_attn,forward,-0.7809029817581177,-0.6414165496826172,-0.779512882232666,0.009965840438869599
1113437,1454809,4,decoder_cross_attn,reverse,-0.7809029817581177,-0.6414165496826172,-0.6426296234130859,0.008696714887740077
1113437,1454809,4,decoder_mlp,forward,-0.7809029817581177,-0.6414165496826172,-0.7813224196434021,-0.003007015657676244
1113437,1454809,4,decoder_mlp,reverse,-0.7809029817581177,-0.6414165496826172,-0.6410279273986816,-0.0027860938024796235
1113437,1454809,5,decoder_self_attn,forward,-0.7809029817581177,-0.6414165496826172,-0.7769893407821655,0.028057502924971178
1113437,1454809,5,decoder_self_attn,reverse,-0.7809029817581177,-0.6414165496826172,-0.6452401280403137,0.02741182995939653
1113437,1454809,5,decoder_cross_attn,forward,-0.7809029817581177,-0.6414165496826172,-0.7785024046897888,0.017210111640317
1113437,1454809,5,decoder_cross_attn,reverse,-0.7809029817581177,-0.6414165496826172,-0.6436113119125366,0.015734592944003787
1113437,1454809,5,decoder_mlp,forward,-0.7809029817581177,-0.6414165496826172,-0.7781504392623901,0.019733406717562733
1113437,1454809,5,decoder_mlp,reverse,-0.7809029817581177,-0.6414165496826172,-0.6439928412437439,0.018469836261438156
1113437,1454809,6,decoder_self_attn,forward,-0.7809029817581177,-0.6414165496826172,-0.7809765934944153,-0.0005277340254696833
1113437,1454809,6,decoder_self_attn,reverse,-0.7809029817581177,-0.6414165496826172,-0.6416738033294678,0.0018442915416414195
1113437,1454809,6,decoder_cross_attn,forward,-0.7809029817581177,-0.6414165496826172,-0.7725399136543274,0.059956140388360966
1113437,1454809,6,decoder_cross_attn,reverse,-0.7809029817581177,-0.6414165496826172,-0.6500228643417358,0.06170001290491301
1113437,1454809,6,decoder_mlp,forward,-0.7809029817581177,-0.6414165496826172,-0.7779439687728882,0.021213625878880128
1113437,1454809,6,decoder_mlp,reverse,-0.7809029817581177,-0.6414165496826172,-0.644024133682251,0.01869417663663782
1113437,1454809,7,decoder_self_attn,forward,-0.7809029817581177,-0.6414165496826172,-0.7746727466583252,0.04466552772975232
1113437,1454809,7,decoder_self_attn,reverse,-0.7809029817581177,-0.6414165496826172,-0.6475473046302795,0.04395233899411758
1113437,1454809,7,decoder_cross_attn,forward,-0.7809029817581177,-0.6414165496826172,-0.7661693096160889,0.10562799494400892
1113437,1454809,7,decoder_cross_attn,reverse,-0.7809029817581177,-0.6414165496826172,-0.6554856300354004,0.10086343268976845
1113437,1454809,7,decoder_mlp,forward,-0.7809029817581177,-0.6414165496826172,-0.7790669202804565,0.01316301127171508
1113437,1454809,7,decoder_mlp,reverse,-0.7809029817581177,-0.6414165496826172,-0.6430622339248657,0.011798167160500368
1113437,1454809,8,decoder_self_attn,forward,-0.7809029817581177,-0.6414165496826172,-0.7745073437690735,0.04585132685580768
1113437,1454809,8,decoder_self_attn,reverse,-0.7809029817581177,-0.6414165496826172,-0.6478016376495361,0.04577569210074037
1113437,1454809,8,decoder_cross_attn,forward,-0.7809029817581177,-0.6414165496826172,-0.7603085041046143,0.14764502430140408
1113437,1454809,8,decoder_cross_attn,reverse,-0.7809029817581177,-0.6414165496826172,-0.661252498626709,0.14220701360656424
1113437,1454809,8,decoder_mlp,forward,-0.7809029817581177,-0.6414165496826172,-0.7775534987449646,0.02401296644637154
1113437,1454809,8,decoder_mlp,reverse,-0.7809029817581177,-0.6414165496826172,-0.6447865962982178,0.024160390121502746
1113437,1454809,9,decoder_self_attn,forward,-0.7809029817581177,-0.6414165496826172,-0.7747320532798767,0.04424034930437391
1113437,1454809,9,decoder_self_attn,reverse,-0.7809029817581177,-0.6414165496826172,-0.6475386619567871,0.04389037831906244
1113437,1454809,9,decoder_cross_attn,forward,-0.7809029817581177,-0.6414165496826172,-0.7332018613815308,0.34197677628435935
1113437,1454809,9,decoder_cross_attn,reverse,-0.7809029817581177,-0.6414165496826172,-0.6877669095993042,0.33229296374574074
1113437,1454809,9,decoder_mlp,forward,-0.7809029817581177,-0.6414165496826172,-0.7697652578353882,0.07984808097106479
1113437,1454809,9,decoder_mlp,reverse,-0.7809029817581177,-0.6414165496826172,-0.6521787643432617,0.07715599646866883
1113437,1454809,10,decoder_self_attn,forward,-0.7809029817581177,-0.6414165496826172,-0.7725584506988525,0.05982324542324269
1113437,1454809,10,decoder_self_attn,reverse,-0.7809029817581177,-0.6414165496826172,-0.6493072509765625,0.056569669010347004
1113437,1454809,10,decoder_cross_attn,forward,-0.7809029817581177,-0.6414165496826172,-0.7695162296295166,0.08163340304265373
1113437,1454809,10,decoder_cross_attn,reverse,-0.7809029817581177,-0.6414165496826172,-0.6524757146835327,0.07928487980056355
1113437,1454809,10,decoder_mlp,forward,-0.7809029817581177,-0.6414165496826172,-0.7756140232086182,0.03791736924374646
1113437,1454809,10,decoder_mlp,reverse,-0.7809029817581177,-0.6414165496826172,-0.6462531089782715,0.034674048390859906
1113437,1454809,11,decoder_self_attn,forward,-0.7809029817581177,-0.6414165496826172,-0.7791670560836792,0.012445122071076158
1113437,1454809,11,decoder_self_attn,reverse,-0.7809029817581177,-0.6414165496826172,-0.6429837942123413,0.01123582061999988
1113437,1454809,11,decoder_cross_attn,forward,-0.7809029817581177,-0.6414165496826172,-0.7664812803268433,0.10339142823201837
1113437,1454809,11,decoder_cross_attn,reverse,-0.7809029817581177,-0.6414165496826172,-0.6555236577987671,0.10113605966001109
1113437,1454809,11,decoder_mlp,forward,-0.7809029817581177,-0.6414165496826172,-0.7748249769210815,0.043574165218781005
1113437,1454809,11,decoder_mlp,reverse,-0.7809029817581177,-0.6414165496826172,-0.6470361948013306,0.04028811286585642
359349,6873868,0,encoder_self_attn,forward,-9.154258728027344,-9.021635055541992,-9.152612686157227,0.012411373017128557
359349,6873868,0,encoder_self_attn,reverse,-9.154258728027344,-9.021635055541992,-8.942766189575195,-0.5946816619446882
359349,6873868,0,encoder_mlp,forward,-9.154258728027344,-9.021635055541992,-9.162075996398926,-0.05894323558598076
359349,6873868,0,encoder_mlp,reverse,-9.154258728027344,-9.021635055541992,-8.848596572875977,-1.3047330044726964
359349,6873868,1,encoder_self_attn,forward,-9.154258728027344,-9.021635055541992,-9.159391403198242,-0.03870104842305092
359349,6873868,1,encoder_self_attn,reverse,-9.154258728027344,-9.021635055541992,-9.04437255859375,0.17144377489824975
359349,6873868,1,encoder_mlp,forward,-9.154258728027344,-9.021635055541992,-9.160985946655273,-0.05072411660650339
359349,6873868,1,encoder_mlp,reverse,-9.154258728027344,-9.021635055541992,-8.872533798217773,-1.1242431651158442
359349,6873868,2,encoder_self_attn,forward,-9.154258728027344,-9.021635055541992,-9.145622253417969,0.06512015877353199
359349,6873868,2,encoder_self_attn,reverse,-9.154258728027344,-9.021635055541992,-9.00184440612793,-0.14922410941567313
359349,6873868,2,encoder_mlp,forward,-9.154258728027344,-9.021635055541992,-9.156346321105957,-0.01574072742438842
359349,6873868,2,encoder_mlp,reverse,-9.154258728027344,-9.021635055541992,-9.013151168823242,-0.06396962593301023
359349,6873868,3,encoder_self_attn,forward,-9.154258728027344,-9.021635055541992,-9.128667831420898,0.1929587390160068
359349,6873868,3,encoder_self_attn,reverse,-9.154258728027344,-9.021635055541992,-9.037715911865234,0.12125177973048769
359349,6873868,3,encoder_mlp,forward,-9.154258728027344,-9.021635055541992,-9.17050552368164,-0.1225029841945551
359349,6873868,3,encoder_mlp,reverse,-9.154258728027344,-9.021635055541992,-8.977975845336914,-0.3291962089942905
359349,6873868,4,encoder_self_attn,forward,-9.154258728027344,-9.021635055541992,-9.186503410339355,-0.24312916169300908
359349,6873868,4,encoder_self_attn,reverse,-9.154258728027344,-9.021635055541992,-8.956993103027344,-0.4874088562265399
359349,6873868,4,encoder_mlp,forward,-9.154258728027344,-9.021635055541992,-9.17858600616455,-0.1834308889304359
359349,6873868,4,encoder_mlp,reverse,-9.154258728027344,-9.021635055541992,-8.98029613494873,-0.31170091898810637
359349,6873868,5,encoder_self_attn,forward,-9.154258728027344,-9.021635055541992,-9.110787391662598,0.32777961543439804
359349,6873868,5,encoder_self_attn,reverse,-9.154258728027344,-9.021635055541992,-9.083168029785156,0.46396674960090895
359349,6873868,5,encoder_mlp,forward,-9.154258728027344,-9.021635055541992,-9.162230491638184,-0.060108150087009045
359349,6873868,5,encoder_mlp,reverse,-9.154258728027344,-9.021635055541992,-8.95506477355957,-0.5019487149986337
359349,6873868,6,encoder_self_attn,forward,-9.154258728027344,-9.021635055541992,-9.156499862670898,-0.01689845109516345
359349,6873868,6,encoder_self_attn,reverse,-9.154258728027344,-9.021635055541992,-9.013888359069824,-0.05841111414723944
359349,6873868,6,encoder_mlp,forward,-9.154258728027344,-9.021635055541992,-9.136407852172852,0.13459796068054017
359349,6873868,6,encoder_mlp,reverse,-9.154258728027344,-9.021635055541992,-9.010714530944824,-0.08234219723009219
359349,6873868,7,encoder_self_attn,forward,-9.154258728027344,-9.021635055541992,-9.180009841918945,-0.19416679849855464
359349,6873868,7,encoder_self_attn,reverse,-9.154258728027344,-9.021635055541992,-9.01164436340332,-0.07533113773316268
359349,6873868,7,encoder_mlp,forward,-9.154258728027344,-9.021635055541992,-9.146546363830566,0.05815224425812204
359349,6873868,7,encoder_mlp,reverse,-9.154258728027344,-9.021635055541992,-9.005828857421875,-0.1191808206175485
359349,6873868,8,encoder_self_attn,forward,-9.154258728027344,-9.021635055541992,-9.08016586303711,0.5586699840363568
359349,6873868,8,encoder_self_attn,reverse,-9.154258728027344,-9.021635055541992,-9.079931259155273,0.43956107172134096
359349,6873868,8,encoder_mlp,forward,-9.154258728027344,-9.021635055541992,-9.158514976501465,-0.03209267542030403
359349,6873868,8,encoder_mlp,reverse,-9.154258728027344,-9.021635055541992,-8.9898681640625,-0.2395265557361253
359349,6873868,9,encoder_self_attn,forward,-9.154258728027344,-9.021635055541992,-9.089742660522461,0.48645966663310947
359349,6873868,9,encoder_self_attn,reverse,-9.154258728027344,-9.021635055541992,-9.086745262145996,0.4909395538808911
359349,6873868,9,encoder_mlp,forward,-9.154258728027344,-9.021635055541992,-9.162664413452148,-0.06337997785224282
359349,6873868,9,encoder_mlp,reverse,-9.154258728027344,-9.021635055541992,-9.032644271850586,0.08301094444364546
359349,6873868,10,encoder_self_attn,forward,-9.154258728027344,-9.021635055541992,-9.082967758178711,0.537543324752276
359349,6873868,10,encoder_self_attn,reverse,-9.154258728027344,-9.021635055541992,-9.072763442993164,0.38551479153783097
359349,6873868,10,encoder_mlp,forward,-9.154258728027344,-9.021635055541992,-9.152527809143066,0.01305135690966879
359349,6873868,10,encoder_mlp,reverse,-9.154258728027344,-9.021635055541992,-9.01899528503418,-0.019904218141026563
359349,6873868,11,encoder_self_attn,forward,-9.154258728027344,-9.021635055541992,-9.036995887756348,0.8841772971107245
359349,6873868,11,encoder_self_attn,reverse,-9.154258728027344,-9.021635055541992,-9.137704849243164,0.8751815684638948
359349,6873868,11,encoder_mlp,forward,-9.154258728027344,-9.021635055541992,-9.105387687683105,0.36849409632836205
359349,6873868,11,encoder_mlp,reverse,-9.154258728027344,-9.021635055541992,-9.07243537902832,0.38304114593070915
359349,6873868,0,decoder_self_attn,forward,-9.154258728027344,-9.021635055541992,-9.154258728027344,0.0
359349,6873868,0,decoder_self_attn,reverse,-9.154258728027344,-9.021635055541992,-9.021635055541992,0.0
359349,6873868,0,decoder_cross_attn,forward,-9.154258728027344,-9.021635055541992,-9.141200065612793,0.09846403865790344
359349,6873868,0,decoder_cross_attn,reverse,-9.154258728027344,-9.021635055541992,-9.034627914428711,0.09796787137042844
359349,6873868,0,decoder_mlp,forward,-9.154258728027344,-9.021635055541992,-9.151240348815918,0.022758977751571197
359349,6873868,0,decoder_mlp,reverse,-9.154258728027344,-9.021635055541992,-9.024646759033203,0.02270864193979837
359349,6873868,1,decoder_self_attn,forward,-9.154258728027344,-9.021635055541992,-9.152714729309082,0.011641954180029626
359349,6873868,1,decoder_self_attn,reverse,-9.154258728027344,-9.021635055541992,-9.023244857788086,0.012138121467504637
359349,6873868,1,decoder_cross_attn,forward,-9.154258728027344,-9.021635055541992,-9.15420150756836,0.0004314498151956625
359349,6873868,1,decoder_cross_attn,reverse,-9.154258728027344,-9.021635055541992,-9.02272891998291,0.008247882300490415
359349,6873868,1,decoder_mlp,forward,-9.154258728027344,-9.021635055541992,-9.154158592224121,0.0007550371765924094
359349,6873868,1,decoder_mlp,reverse,-9.154258728027344,-9.021635055541992,-9.0216703414917,0.0002660607193706585
359349,6873868,2,decoder_self_attn,forward,-9.154258728027344,-9.021635055541992,-9.153881072998047,0.0028475687802913723
359349,6873868,2,decoder_self_attn,reverse,-9.154258728027344,-9.021635055541992,-9.022072792053223,0.003300591086246818
359349,6873868,2,decoder_cross_attn,forward,-9.154258728027344,-9.021635055541992,-9.14999008178711,0.03218615621359642
359349,6873868,2,decoder_cross_attn,reverse,-9.154258728027344,-9.021635055541992,-9.025924682617188,0.03234435447916816
359349,6873868,2,decoder_mlp,forward,-9.154258728027344,-9.021635055541992,-9.153789520263672,0.0035378884846044324
359349,6873868,2,decoder_mlp,reverse,-9.154258728027344,-9.021635055541992,-9.022161483764648,0.003969338299800095
359349,6873868,3,decoder_self_attn,forward,-9.154258728027344,-9.021635055541992,-9.154290199279785,-0.00023729739835761437
359349,6873868,3,decoder_self_attn,reverse,-9.154258728027344,-9.021635055541992,-9.021650314331055,0.00011505328405217666
359349,6873868,3,decoder_cross_attn,forward,-9.154258728027344,-9.021635055541992,-9.151576042175293,0.02022780550242331
359349,6873868,3,decoder_cross_attn,reverse,-9.154258728027344,-9.021635055541992,-9.024137496948242,0.018868738584556972
359349,6873868,3,decoder_mlp,forward,-9.154258728027344,-9.021635055541992,-9.153584480285645,0.005083916989055556
359349,6873868,3,decoder_mlp,reverse,-9.154258728027344,-9.021635055541992,-9.02218246459961,0.004127536565371838
359349,6873868,4,decoder_self_attn,forward,-9.154258728027344,-9.021635055541992,-9.15317153930664,0.008197546488717587
359349,6873868,4,decoder_self_attn,reverse,-9.154258728027344,-9.021635055541992,-9.022729873657227,0.008255073130743676
359349,6873868,4,decoder_cross_attn,forward,-9.154258728027344,-9.021635055541992,-9.149630546569824,0.034897099219075835
359349,6873868,4,decoder_cross_attn,reverse,-9.154258728027344,-9.021635055541992,-9.026288032531738,0.03508406080566062
359349,6873868,4,decoder_mlp,forward,-9.154258728027344,-9.021635055541992,-9.154407501220703,-0.0011217695195087224
359349,6873868,4,decoder_mlp,reverse,-9.154258728027344,-9.021635055541992,-9.021509170532227,-0.0009491895934304575
359349,6873868,5,decoder_self_attn,forward,-9.154258728027344,-9.021635055541992,-9.151261329650879,0.022600779485999454
359349,6873868,5,decoder_self_attn,reverse,-9.154258728027344,-9.021635055541992,-9.024761199951172,0.023571541570189695
359349,6873868,5,decoder_cross_attn,forward,-9.154258728027344,-9.021635055541992,-9.149832725524902,0.033372643205384495
359349,6873868,5,decoder_cross_attn,reverse,-9.154258728027344,-9.021635055541992,-9.025992393493652,0.032854903427149695
359349,6873868,5,decoder_mlp,forward,-9.154258728027344,-9.021635055541992,-9.153997421264648,0.0019702874893935255
359349,6873868,5,decoder_mlp,reverse,-9.154258728027344,-9.021635055541992,-9.021936416625977,0.0022723023600304893
359349,6873868,6,decoder_self_attn,forward,-9.154258728027344,-9.021635055541992,-9.154688835144043,-0.0032430644442207296
359349,6873868,6,decoder_self_attn,reverse,-9.154258728027344,-9.021635055541992,-9.02119255065918,-0.003336545237513123
359349,6873868,6,decoder_cross_attn,forward,-9.154258728027344,-9.021635055541992,-9.143699645996094,0.07961687256410625
359349,6873868,6,decoder_cross_attn,reverse,-9.154258728027344,-9.021635055541992,-9.032448768615723,0.08153682424172695
359349,6873868,6,decoder_mlp,forward,-9.154258728027344,-9.021635055541992,-9.15557861328125,-0.009952109070513282
359349,6873868,6,decoder_mlp,reverse,-9.154258728027344,-9.021635055541992,-9.020246505737305,-0.010469848848748076
359349,6873868,7,decoder_self_attn,forward,-9.154258728027344,-9.021635055541992,-9.148456573486328,0.04374901126084017
359349,6873868,7,decoder_self_attn,reverse,-9.154258728027344,-9.021635055541992,-9.02769660949707,0.04570491708972718
359349,6873868,7,decoder_cross_attn,forward,-9.154258728027344,-9.021635055541992,-9.148091316223145,0.04650309924783916
359349,6873868,7,decoder_cross_attn,reverse,-9.154258728027344,-9.021635055541992,-9.02780818939209,0.04654624422935872
359349,6873868,7,decoder_mlp,forward,-9.154258728027344,-9.021635055541992,-9.154230117797852,0.00021572490759783124
359349,6873868,7,decoder_mlp,reverse,-9.154258728027344,-9.021635055541992,-9.021795272827148,0.001208059482547855
359349,6873868,8,decoder_self_attn,forward,-9.154258728027344,-9.021635055541992,-9.149243354797363,0.037816576301899815
359349,6873868,8,decoder_self_attn,reverse,-9.154258728027344,-9.021635055541992,-9.026774406433105,0.03875138423482375
359349,6873868,8,decoder_cross_attn,forward,-9.154258728027344,-9.021635055541992,-9.140300750732422,0.1052449915867286
359349,6873868,8,decoder_cross_attn,reverse,-9.154258728027344,-9.021635055541992,-9.035820007324219,0.10695640918700473
359349,6873868,8,decoder_mlp,forward,-9.154258728027344,-9.021635055541992,-9.151910781860352,0.017703824083528684
359349,6873868,8,decoder_mlp,reverse,-9.154258728027344,-9.021635055541992,-9.02399730682373,0.0178116865373276
359349,6873868,9,decoder_self_attn,forward,-9.154258728027344,-9.021635055541992,-9.152137756347656,0.015992406483252557
359349,6873868,9,decoder_self_attn,reverse,-9.154258728027344,-9.021635055541992,-9.023735046386719,0.015834208217680813
359349,6873868,9,decoder_cross_attn,forward,-9.154258728027344,-9.021635055541992,-9.130167007446289,0.18165475385788044
359349,6873868,9,decoder_cross_attn,reverse,-9.154258728027344,-9.021635055541992,-9.045854568481445,0.18261832511181741
359349,6873868,9,decoder_mlp,forward,-9.154258728027344,-9.021635055541992,-9.15060806274414,0.027526498209483267
359349,6873868,9,decoder_mlp,reverse,-9.154258728027344,-9.021635055541992,-9.025251388549805,0.027267628320365868
359349,6873868,10,decoder_self_attn,forward,-9.154258728027344,-9.021635055541992,-9.147920608520508,0.04779025786317288
359349,6873868,10,decoder_self_attn,reverse,-9.154258728027344,-9.021635055541992,-9.027862548828125,0.046956121553794604
359349,6873868,10,decoder_cross_attn,forward,-9.154258728027344,-9.021635055541992,-9.13554573059082,0.14109847122948815
359349,6873868,10,decoder_cross_attn,reverse,-9.154258728027344,-9.021635055541992,-9.040290832519531,0.1406670214142925
359349,6873868,10,decoder_mlp,forward,-9.154258728027344,-9.021635055541992,-9.167041778564453,-0.096385888714711
359349,6873868,10,decoder_mlp,reverse,-9.154258728027344,-9.021635055541992,-9.008871078491211,-0.09624207210964578
359349,6873868,11,decoder_self_attn,forward,-9.154258728027344,-9.021635055541992,-9.153255462646484,0.007564753426430616
359349,6873868,11,decoder_self_attn,reverse,-9.154258728027344,-9.021635055541992,-9.02254581451416,0.006867242891864295
359349,6873868,11,decoder_cross_attn,forward,-9.154258728027344,-9.021635055541992,-9.104866981506348,0.3724202896466426
359349,6873868,11,decoder_cross_attn,reverse,-9.154258728027344,-9.021635055541992,-9.071328163146973,0.3746925920066731
359349,6873868,11,decoder_mlp,forward,-9.154258728027344,-9.021635055541992,-9.140691757202148,0.10229675118289158
359349,6873868,11,decoder_mlp,reverse,-9.154258728027344,-9.021635055541992,-9.035074234008789,0.1013331799289546
490595,4763067,0,encoder_self_attn,forward,-7.784548759460449,-7.652338027954102,-7.761617660522461,0.1734435524009435
490595,4763067,0,encoder_self_attn,reverse,-7.784548759460449,-7.652338027954102,-7.572725296020508,-0.602165429587472
490595,4763067,0,encoder_mlp,forward,-7.784548759460449,-7.652338027954102,-7.809535980224609,-0.18899540513441965
490595,4763067,0,encoder_mlp,reverse,-7.784548759460449,-7.652338027954102,-7.535284042358398,-0.8853591857638513
490595,4763067,1,encoder_self_attn,forward,-7.784548759460449,-7.652338027954102,-7.809263229370117,-0.1869324042616116
490595,4763067,1,encoder_self_attn,reverse,-7.784548759460449,-7.652338027954102,-7.625984191894531,-0.19933204936775514
490595,4763067,1,encoder_mlp,forward,-7.784548759460449,-7.652338027954102,-7.805861473083496,-0.16120259966963132
490595,4763067,1,encoder_mlp,reverse,-7.784548759460449,-7.652338027954102,-7.622962951660156,-0.2221837513434752
490595,4763067,2,encoder_self_attn,forward,-7.784548759460449,-7.652338027954102,-7.7928619384765625,-0.0628782468820555
490595,4763067,2,encoder_self_attn,reverse,-7.784548759460449,-7.652338027954102,-7.641399383544922,-0.08273643360527436
490595,4763067,2,encoder_mlp,forward,-7.784548759460449,-7.652338027954102,-7.801641464233398,-0.1292837924592269
490595,4763067,2,encoder_mlp,reverse,-7.784548759460449,-7.652338027954102,-7.59394645690918,-0.4416553057352867
490595,4763067,3,encoder_self_attn,forward,-7.784548759460449,-7.652338027954102,-7.759051322937012,0.19285451515872845
490595,4763067,3,encoder_self_attn,reverse,-7.784548759460449,-7.652338027954102,-7.686613082885742,0.2592456341563697
490595,4763067,3,encoder_mlp,forward,-7.784548759460449,-7.652338027954102,-7.802155494689941,-0.13317175564259592
490595,4763067,3,encoder_mlp,reverse,-7.784548759460449,-7.652338027954102,-7.626932144165039,-0.19216203934128237
490595,4763067,4,encoder_self_attn,forward,-7.784548759460449,-7.652338027954102,-7.776294708251953,0.06243102291662159
490595,4763067,4,encoder_self_attn,reverse,-7.784548759460449,-7.652338027954102,-7.675296783447266,0.17365273780413032
490595,4763067,4,encoder_mlp,forward,-7.784548759460449,-7.652338027954102,-7.761150360107422,0.17697806438582445
490595,4763067,4,encoder_mlp,reverse,-7.784548759460449,-7.652338027954102,-7.702526092529297,0.37960658717621343
490595,4763067,5,encoder_self_attn,forward,-7.784548759460449,-7.652338027954102,-7.787934303283691,-0.02560717866597419
490595,4763067,5,encoder_self_attn,reverse,-7.784548759460449,-7.652338027954102,-7.681791305541992,0.2227752411042104
490595,4763067,5,encoder_mlp,forward,-7.784548759460449,-7.652338027954102,-7.779565811157227,0.037689439022454974
490595,4763067,5,encoder_mlp,reverse,-7.784548759460449,-7.652338027954102,-7.640885353088379,-0.08662439678864339
490595,4763067,6,encoder_self_attn,forward,-7.784548759460449,-7.652338027954102,-7.800642013549805,-0.1217242647854407
490595,4763067,6,encoder_self_attn,reverse,-7.784548759460449,-7.652338027954102,-7.648053169250488,-0.032409310914428745
490595,4763067,6,encoder_mlp,forward,-7.784548759460449,-7.652338027954102,-7.790666580200195,-0.04627325384288012
490595,4763067,6,encoder_mlp,reverse,-7.784548759460449,-7.652338027954102,-7.607142448425293,-0.34184501525610783
490595,4763067,7,encoder_self_attn,forward,-7.784548759460449,-7.652338027954102,-7.802804946899414,-0.13808400597260392
490595,4763067,7,encoder_self_attn,reverse,-7.784548759460449,-7.652338027954102,-7.623817443847656,-0.21572064371397864
490595,4763067,7,encoder_mlp,forward,-7.784548759460449,-7.652338027954102,-7.811609268188477,-0.20467709708366694
490595,4763067,7,encoder_mlp,reverse,-7.784548759460449,-7.652338027954102,-7.646488189697266,-0.044246319418897374
490595,4763067,8,encoder_self_attn,forward,-7.784548759460449,-7.652338027954102,-7.777362823486328,0.05435213837975085
490595,4763067,8,encoder_self_attn,reverse,-7.784548759460449,-7.652338027954102,-7.607221603393555,-0.34124631220560764
490595,4763067,8,encoder_mlp,forward,-7.784548759460449,-7.652338027954102,-7.707188606262207,0.5851276391623927
490595,4763067,8,encoder_mlp,reverse,-7.784548759460449,-7.652338027954102,-7.718055725097656,0.4970677977105018
490595,4763067,9,encoder_self_attn,forward,-7.784548759460449,-7.652338027954102,-7.744058609008789,0.30625464355528625
490595,4763067,9,encoder_self_attn,reverse,-7.784548759460449,-7.652338027954102,-7.642900466918945,-0.07138271551506496
490595,4763067,9,encoder_mlp,forward,-7.784548759460449,-7.652338027954102,-7.806621551513672,-0.16695159161238665
490595,4763067,9,encoder_mlp,reverse,-7.784548759460449,-7.652338027954102,-7.622900009155273,-0.2226598284679694
490595,4763067,10,encoder_self_attn,forward,-7.784548759460449,-7.652338027954102,-7.763425827026367,0.15976715500638375
490595,4763067,10,encoder_self_attn,reverse,-7.784548759460449,-7.652338027954102,-7.618486404418945,-0.25604293350068164
490595,4763067,10,encoder_mlp,forward,-7.784548759460449,-7.652338027954102,-7.766924858093262,0.13330159485836707
490595,4763067,10,encoder_mlp,reverse,-7.784548759460449,-7.652338027954102,-7.597434043884277,-0.41527630506445073
490595,4763067,11,encoder_self_attn,forward,-7.784548759460449,-7.652338027954102,-7.739604949951172,0.3399407067581312
490595,4763067,11,encoder_self_attn,reverse,-7.784548759460449,-7.652338027954102,-7.69386100769043,0.31406663637084964
490595,4763067,11,encoder_mlp,forward,-7.784548759460449,-7.652338027954102,-7.758975982666016,0.19342436505016844
490595,4763067,11,encoder_mlp,reverse,-7.784548759460449,-7.652338027954102,-7.681292533874512,0.21900269055708238
490595,4763067,0,decoder_self_attn,forward,-7.784548759460449,-7.652338027954102,-7.784548759460449,0.0
490595,4763067,0,decoder_self_attn,reverse,-7.784548759460449,-7.652338027954102,-7.652338027954102,0.0
490595,4763067,0,decoder_cross_attn,forward,-7.784548759460449,-7.652338027954102,-7.783058166503906,0.011274371902793708
490595,4763067,0,decoder_cross_attn,reverse,-7.784548759460449,-7.652338027954102,-7.653600692749023,0.009550395648943614
490595,4763067,0,decoder_mlp,forward,-7.784548759460449,-7.652338027954102,-7.784161567687988,0.00292859564461564
490595,4763067,0,decoder_mlp,reverse,-7.784548759460449,-7.652338027954102,-7.652624130249023,0.002163986929518946
490595,4763067,1,decoder_self_attn,forward,-7.784548759460449,-7.652338027954102,-7.784825325012207,-0.002091854031868314
490595,4763067,1,decoder_self_attn,reverse,-7.784548759460449,-7.652338027954102,-7.652050018310547,-0.002178413509049072
490595,4763067,1,decoder_cross_attn,forward,-7.784548759460449,-7.652338027954102,-7.78761100769043,-0.02316187343561778
490595,4763067,1,decoder_cross_attn,reverse,-7.784548759460449,-7.652338027954102,-7.648900985717773,-0.0259966963132876
490595,4763067,1,decoder_mlp,forward,-7.784548759460449,-7.652338027954102,-7.78433895111084,0.0015869237483138936
490595,4763067,1,decoder_mlp,reverse,-7.784548759460449,-7.652338027954102,-7.652353286743164,0.00011541263624101044
490595,4763067,2,decoder_self_attn,forward,-7.784548759460449,-7.652338027954102,-7.785780906677246,-0.009319570376461592
490595,4763067,2,decoder_self_attn,reverse,-7.784548759460449,-7.652338027954102,-7.65098762512207,-0.010214018307329424
490595,4763067,2,decoder_cross_attn,forward,-7.784548759460449,-7.652338027954102,-7.7867326736450195,-0.01651843356199462
490595,4763067,2,decoder_cross_attn,reverse,-7.784548759460449,-7.652338027954102,-7.65007209777832,-0.01713877648179005
490595,4763067,2,decoder_mlp,forward,-7.784548759460449,-7.652338027954102,-7.785505294799805,-0.007234929634358342
490595,4763067,2,decoder_mlp,reverse,-7.784548759460449,-7.652338027954102,-7.651371002197266,-0.007314275821774036
490595,4763067,3,decoder_self_attn,forward,-7.784548759460449,-7.652338027954102,-7.7843427658081055,0.0015580705892536408
490595,4763067,3,decoder_self_attn,reverse,-7.784548759460449,-7.652338027954102,-7.652580261230469,0.0018321756003260407
490595,4763067,3,decoder_cross_attn,forward,-7.784548759460449,-7.652338027954102,-7.784318923950195,0.0017384028333802197
490595,4763067,3,decoder_cross_attn,reverse,-7.784548759460449,-7.652338027954102,-7.652414321899414,0.0005770631812050522
490595,4763067,3,decoder_mlp,forward,-7.784548759460449,-7.652338027954102,-7.785747528076172,-0.009067105234684382
490595,4763067,3,decoder_mlp,reverse,-7.784548759460449,-7.652338027954102,-7.651178359985352,-0.008771360354316794
490595,4763067,4,decoder_self_attn,forward,-7.784548759460449,-7.652338027954102,-7.78558349609375,-0.00782641939509352
490595,4763067,4,decoder_self_attn,reverse,-7.784548759460449,-7.652338027954102,-7.65131950378418,-0.007703793469087446
490595,4763067,4,decoder_cross_attn,forward,-7.784548759460449,-7.652338027954102,-7.777797698974609,0.051062878246882056
490595,4763067,4,decoder_cross_attn,reverse,-7.784548759460449,-7.652338027954102,-7.659273147583008,0.05245504317153924
490595,4763067,4,decoder_mlp,forward,-7.784548759460449,-7.652338027954102,-7.787599563598633,-0.023075313958437024
490595,4763067,4,decoder_mlp,reverse,-7.784548759460449,-7.652338027954102,-7.649044036865234,-0.024914702848528127
490595,4763067,5,decoder_self_attn,forward,-7.784548759460449,-7.652338027954102,-7.785379409790039,-0.006282775385370006
490595,4763067,5,decoder_self_attn,reverse,-7.784548759460449,-7.652338027954102,-7.651477813720703,-0.0065063873680869634
490595,4763067,5,decoder_cross_attn,forward,-7.784548759460449,-7.652338027954102,-7.779295921325684,0.03973080002596784
490595,4763067,5,decoder_cross_attn,reverse,-7.784548759460449,-7.652338027954102,-7.657920837402344,0.042226598284679694
490595,4763067,5,decoder_mlp,forward,-7.784548759460449,-7.652338027954102,-7.784782409667969,-0.0017672559924404724
490595,4763067,5,decoder_mlp,reverse,-7.784548759460449,-7.652338027954102,-7.652077674865723,-0.001969228105862241
490595,4763067,6,decoder_self_attn,forward,-7.784548759460449,-7.652338027954102,-7.78814697265625,-0.027215742283583273
490595,4763067,6,decoder_self_attn,reverse,-7.784548759460449,-7.652338027954102,-7.648960113525391,-0.025549472347853687
490595,4763067,6,decoder_cross_attn,forward,-7.784548759460449,-7.652338027954102,-7.781398773193359,0.02382549609400359
490595,4763067,6,decoder_cross_attn,reverse,-7.784548759460449,-7.652338027954102,-7.655876159667969,0.026761305028384294
490595,4763067,6,decoder_mlp,forward,-7.784548759460449,-7.652338027954102,-7.787050247192383,-0.01892045905376065
490595,4763067,6,decoder_mlp,reverse,-7.784548759460449,-7.652338027954102,-7.649763107299805,-0.01947588236567051
490595,4763067,7,decoder_self_attn,forward,-7.784548759460449,-7.652338027954102,-7.785274505615234,-0.005489313511213059
490595,4763067,7,decoder_self_attn,reverse,-7.784548759460449,-7.652338027954102,-7.651609420776367,-0.005510953380508248
490595,4763067,7,decoder_cross_attn,forward,-7.784548759460449,-7.652338027954102,-7.772174835205078,0.0935924347016944
490595,4763067,7,decoder_cross_attn,reverse,-7.784548759460449,-7.652338027954102,-7.664826393127441,0.09445802947350199
490595,4763067,7,decoder_mlp,forward,-7.784548759460449,-7.652338027954102,-7.78632926940918,-0.013467211991372905
490595,4763067,7,decoder_mlp,reverse,-7.784548759460449,-7.652338027954102,-7.650666236877441,-0.012644896958155707
490595,4763067,8,decoder_self_attn,forward,-7.784548759460449,-7.652338027954102,-7.784482955932617,0.0004977169937893575
490595,4763067,8,decoder_self_attn,reverse,-7.784548759460449,-7.652338027954102,-7.652247428894043,-0.0006852625276809994
490595,4763067,8,decoder_cross_attn,forward,-7.784548759460449,-7.652338027954102,-7.753374099731445,0.2357952291301494
490595,4763067,8,decoder_cross_attn,reverse,-7.784548759460449,-7.652338027954102,-7.683978080749512,0.2393153145355002
490595,4763067,8,decoder_mlp,forward,-7.784548759460449,-7.652338027954102,-7.789168357849121,-0.03494117562196591
490595,4763067,8,decoder_mlp,reverse,-7.784548759460449,-7.652338027954102,-7.648253440856934,-0.03089452006376548
490595,4763067,9,decoder_self_attn,forward,-7.784548759460449,-7.652338027954102,-7.777276992797852,0.055001334458606534
490595,4763067,9,decoder_self_attn,reverse,-7.784548759460449,-7.652338027954102,-7.659554481506348,0.05458296365223288
490595,4763067,9,decoder_cross_attn,forward,-7.784548759460449,-7.652338027954102,-7.756355285644531,0.21324648532456197
490595,4763067,9,decoder_cross_attn,reverse,-7.784548759460449,-7.652338027954102,-7.6810503005981445,0.21717051495675632
490595,4763067,9,decoder_mlp,forward,-7.784548759460449,-7.652338027954102,-7.780977249145508,0.027013770170161506
490595,4763067,9,decoder_mlp,reverse,-7.784548759460449,-7.652338027954102,-7.656048774719238,0.028066910475860726
490595,4763067,10,decoder_self_attn,forward,-7.784548759460449,-7.652338027954102,-7.779792785644531,0.03597267605836994
490595,4763067,10,decoder_self_attn,reverse,-7.784548759460449,-7.652338027954102,-7.657220840454102,0.03693204359712334
490595,4763067,10,decoder_cross_attn,forward,-7.784548759460449,-7.652338027954102,-7.769691467285156,0.11237584124991885
490595,4763067,10,decoder_cross_attn,reverse,-7.784548759460449,-7.652338027954102,-7.667661666870117,0.11590313994503473
490595,4763067,10,decoder_mlp,forward,-7.784548759460449,-7.652338027954102,-7.784811973571777,-0.00199086797515743
490595,4763067,10,decoder_mlp,reverse,-7.784548759460449,-7.652338027954102,-7.65212345123291,-0.0016229901971392092
490595,4763067,11,decoder_self_attn,forward,-7.784548759460449,-7.652338027954102,-7.786151885986328,-0.01212554009507116
490595,4763067,11,decoder_self_attn,reverse,-7.784548759460449,-7.652338027954102,-7.6507720947265625,-0.011844221794233696
490595,4763067,11,decoder_cross_attn,forward,-7.784548759460449,-7.652338027954102,-7.754993438720703,0.22354706310907216
490595,4763067,11,decoder_cross_attn,reverse,-7.784548759460449,-7.652338027954102,-7.6819915771484375,0.22429003195487365
490595,4763067,11,decoder_mlp,forward,-7.784548759460449,-7.652338027954102,-7.793937683105469,-0.07101483773704674
490595,4763067,11,decoder_mlp,reverse,-7.784548759460449,-7.652338027954102,-7.643054008483887,-0.07022137586288979
1114819,5738917,0,encoder_self_attn,forward,-11.398836135864258,-11.268186569213867,-11.427236557006836,-0.21737860959444072
1114819,5738917,0,encoder_self_attn,reverse,-11.398836135864258,-11.268186569213867,-11.34337329864502,0.5754839557359339
1114819,5738917,0,encoder_mlp,forward,-11.398836135864258,-11.268186569213867,-11.409811019897461,-0.08400245262635406
1114819,5738917,0,encoder_mlp,reverse,-11.398836135864258,-11.268186569213867,-11.29758071899414,0.22498467108528716
1114819,5738917,1,encoder_self_attn,forward,-11.398836135864258,-11.268186569213867,-11.416952133178711,-0.1386609828024176
1114819,5738917,1,encoder_self_attn,reverse,-11.398836135864258,-11.268186569213867,-11.265848159790039,-0.0178983327980379
1114819,5738917,1,encoder_mlp,forward,-11.398836135864258,-11.268186569213867,-11.397180557250977,0.012671902829279687
1114819,5738917,1,encoder_mlp,reverse,-11.398836135864258,-11.268186569213867,-11.247102737426758,-0.1613769745102047
1114819,5738917,2,encoder_self_attn,forward,-11.398836135864258,-11.268186569213867,-11.401641845703125,-0.021475079564366843
1114819,5738917,2,encoder_self_attn,reverse,-11.398836135864258,-11.268186569213867,-11.27932357788086,0.0852433647697743
1114819,5738917,2,encoder_mlp,forward,-11.398836135864258,-11.268186569213867,-11.404250144958496,-0.04143916610703962
1114819,5738917,2,encoder_mlp,reverse,-11.398836135864258,-11.268186569213867,-11.276830673217773,0.06616251569388887
1114819,5738917,3,encoder_self_attn,forward,-11.398836135864258,-11.268186569213867,-11.411703109741211,-0.09848462728838799
1114819,5738917,3,encoder_self_attn,reverse,-11.398836135864258,-11.268186569213867,-11.319557189941406,0.3931939618674998
1114819,5738917,3,encoder_mlp,forward,-11.398836135864258,-11.268186569213867,-11.390055656433105,0.0672063417910012
1114819,5738917,3,encoder_mlp,reverse,-11.398836135864258,-11.268186569213867,-11.299585342407227,0.24032818476451867
1114819,5738917,4,encoder_self_attn,forward,-11.398836135864258,-11.268186569213867,-11.397228240966797,0.012306928669450204
1114819,5738917,4,encoder_self_attn,reverse,-11.398836135864258,-11.268186569213867,-11.313047409057617,0.3433676895675786
1114819,5738917,4,encoder_mlp,forward,-11.398836135864258,-11.268186569213867,-11.381675720214844,0.13134690063943472
1114819,5738917,4,encoder_mlp,reverse,-11.398836135864258,-11.268186569213867,-11.28506088256836,0.12915705568045782
1114819,5738917,5,encoder_self_attn,forward,-11.398836135864258,-11.268186569213867,-11.383877754211426,0.11449239393850916
1114819,5738917,5,encoder_self_attn,reverse,-11.398836135864258,-11.268186569213867,-11.292726516723633,0.18783030161464567
1114819,5738917,5,encoder_mlp,forward,-11.398836135864258,-11.268186569213867,-11.393918991088867,0.0376361353616164
1114819,5738917,5,encoder_mlp,reverse,-11.398836135864258,-11.268186569213867,-11.300549507141113,0.24770796227627084
1114819,5738917,6,encoder_self_attn,forward,-11.398836135864258,-11.268186569213867,-11.399599075317383,-0.005839586557271745
1114819,5738917,6,encoder_self_attn,reverse,-11.398836135864258,-11.268186569213867,-11.297016143798828,0.22066337703290606
1114819,5738917,6,encoder_mlp,forward,-11.398836135864258,-11.268186569213867,-11.392526626586914,0.04829338082863733
1114819,5738917,6,encoder_mlp,reverse,-11.398836135864258,-11.268186569213867,-11.276107788085938,0.06062950743087389
1114819,5738917,7,encoder_self_attn,forward,-11.398836135864258,-11.268186569213867,-11.393301010131836,0.04236620047300651
1114819,5738917,7,encoder_self_attn,reverse,-11.398836135864258,-11.268186569213867,-11.307249069213867,0.29898683173231333
1114819,5738917,7,encoder_mlp,forward,-11.398836135864258,-11.268186569213867,-11.411689758300781,-0.09838243452363572
1114819,5738917,7,encoder_mlp,reverse,-11.398836135864258,-11.268186569213867,-11.272893905639648,0.036030249058366666
1114819,5738917,8,encoder_self_attn,forward,-11.398836135864258,-11.268186569213867,-11.408292770385742,-0.07238167537738328
1114819,5738917,8,encoder_self_attn,reverse,-11.398836135864258,-11.268186569213867,-11.24877643585205,-0.14856638150018978
1114819,5738917,8,encoder_mlp,forward,-11.398836135864258,-11.268186569213867,-11.368176460266113,0.23467108528716166
1114819,5738917,8,encoder_mlp,reverse,-11.398836135864258,-11.268186569213867,-11.339340209960938,0.5446144412975561
1114819,5738917,9,encoder_self_attn,forward,-11.398836135864258,-11.268186569213867,-11.330668449401855,0.5217597594090339
1114819,5738917,9,encoder_self_attn,reverse,-11.398836135864258,-11.268186569213867,-11.331779479980469,0.48674413851499315
1114819,5738917,9,encoder_mlp,forward,-11.398836135864258,-11.268186569213867,-11.383322715759277,0.11874069315892435
1114819,5738917,9,encoder_mlp,reverse,-11.398836135864258,-11.268186569213867,-11.292147636413574,0.18339951531431575
1114819,5738917,10,encoder_self_attn,forward,-11.398836135864258,-11.268186569213867,-11.307003021240234,0.7028964349324068
1114819,5738917,10,encoder_self_attn,reverse,-11.398836135864258,-11.268186569213867,-11.34238052368164,0.567885193728284
1114819,5738917,10,encoder_mlp,forward,-11.398836135864258,-11.268186569213867,-11.380800247192383,0.13804782621390405
1114819,5738917,10,encoder_mlp,reverse,-11.398836135864258,-11.268186569213867,-11.279399871826172,0.08582732342550148
1114819,5738917,11,encoder_self_attn,forward,-11.398836135864258,-11.268186569213867,-11.31915283203125,0.6099010190078542
1114819,5738917,11,encoder_self_attn,reverse,-11.398836135864258,-11.268186569213867,-11.349855422973633,0.6250985430231539
1114819,5738917,11,encoder_mlp,forward,-11.398836135864258,-11.268186569213867,-11.362152099609375,0.28078192064001867
1114819,5738917,11,encoder_mlp,reverse,-11.398836135864258,-11.268186569213867,-11.30654525756836,0.2935998131332302
1114819,5738917,0,decoder_self_attn,forward,-11.398836135864258,-11.268186569213867,-11.398836135864258,0.0
1114819,5738917,0,decoder_self_attn,reverse,-11.398836135864258,-11.268186569213867,-11.268186569213867,0.0
1114819,5738917,0,decoder_cross_attn,forward,-11.398836135864258,-11.268186569213867,-11.392438888549805,0.04896493328272358
1114819,5738917,0,decoder_cross_attn,reverse,-11.398836135864258,-11.268186569213867,-11.27405071258545,0.04488452217582995
1114819,5738917,0,decoder_mlp,forward,-11.398836135864258,-11.268186569213867,-11.397029876708984,0.013825221174340856
1114819,5738917,0,decoder_mlp,reverse,-11.398836135864258,-11.268186569213867,-11.26986312866211,0.01283249145960466
1114819,5738917,1,decoder_self_attn,forward,-11.398836135864258,-11.268186569213867,-11.397497177124023,0.010248474408011913
1114819,5738917,1,decoder_self_attn,reverse,-11.398836135864258,-11.268186569213867,-11.269559860229492,0.010511255803089141
1114819,5738917,1,decoder_cross_attn,forward,-11.398836135864258,-11.268186569213867,-11.40123176574707,-0.01833630178983328
1114819,5738917,1,decoder_cross_attn,reverse,-11.398836135864258,-11.268186569213867,-11.265762329101562,-0.01855528628573097
1114819,5738917,1,decoder_mlp,forward,-11.398836135864258,-11.268186569213867,-11.399450302124023,-0.004700867178603755
1114819,5738917,1,decoder_mlp,reverse,-11.398836135864258,-11.268186569213867,-11.267498016357422,-0.00527022686793775
1114819,5738917,2,decoder_self_attn,forward,-11.398836135864258,-11.268186569213867,-11.39889907836914,-0.000481765890974919
1114819,5738917,2,decoder_self_attn,reverse,-11.398836135864258,-11.268186569213867,-11.26807975769043,-0.0008175421180180443
1114819,5738917,2,decoder_cross_attn,forward,-11.398836135864258,-11.268186569213867,-11.389580726623535,0.07084148442290286
1114819,5738917,2,decoder_cross_attn,reverse,-11.398836135864258,-11.268186569213867,-11.277751922607422,0.0732138164617945
1114819,5738917,2,decoder_mlp,forward,-11.398836135864258,-11.268186569213867,-11.399192810058594,-0.0027300067155245408
1114819,5738917,2,decoder_mlp,reverse,-11.398836135864258,-11.268186569213867,-11.267730712890625,-0.0034891529679698676
1114819,5738917,3,decoder_self_attn,forward,-11.398836135864258,-11.268186569213867,-11.398476600646973,0.00275190516511431
1114819,5738917,3,decoder_self_attn,reverse,-11.398836135864258,-11.268186569213867,-11.268478393554688,0.0022336418581564424
1114819,5738917,3,decoder_cross_attn,forward,-11.398836135864258,-11.268186569213867,-11.396618843078613,0.01697129843207101
1114819,5738917,3,decoder_cross_attn,reverse,-11.398836135864258,-11.268186569213867,-11.270559310913086,0.018161114193115127
1114819,5738917,3,decoder_mlp,forward,-11.398836135864258,-11.268186569213867,-11.39906120300293,-0.0017226780343951647
1114819,5738917,3,decoder_mlp,reverse,-11.398836135864258,-11.268186569213867,-11.267928123474121,-0.0019781599462758035
1114819,5738917,4,decoder_self_attn,forward,-11.398836135864258,-11.268186569213867,-11.396232604980469,0.01992758912668983
1114819,5738917,4,decoder_self_attn,reverse,-11.398836135864258,-11.268186569213867,-11.270858764648438,0.020453151916844287
1114819,5738917,4,decoder_cross_attn,forward,-11.398836135864258,-11.268186569213867,-11.392873764038086,0.045636368945078686
1114819,5738917,4,decoder_cross_attn,reverse,-11.398836135864258,-11.268186569213867,-11.274118423461914,0.04540278548278782
1114819,5738917,4,decoder_mlp,forward,-11.398836135864258,-11.268186569213867,-11.399932861328125,-0.008394405676078133
1114819,5738917,4,decoder_mlp,reverse,-11.398836135864258,-11.268186569213867,-11.267036437988281,-0.008803176735087155
1114819,5738917,5,decoder_self_attn,forward,-11.398836135864258,-11.268186569213867,-11.393588066101074,0.04016905603083302
1114819,5738917,5,decoder_self_attn,reverse,-11.398836135864258,-11.268186569213867,-11.273544311523438,0.04100849659844083
1114819,5738917,5,decoder_cross_attn,forward,-11.398836135864258,-11.268186569213867,-11.399436950683594,-0.0045986744138515
1114819,5738917,5,decoder_cross_attn,reverse,-11.398836135864258,-11.268186569213867,-11.267770767211914,-0.003182574673713101
1114819,5738917,5,decoder_mlp,forward,-11.398836135864258,-11.268186569213867,-11.400227546691895,-0.010649945983824346
1114819,5738917,5,decoder_mlp,reverse,-11.398836135864258,-11.268186569213867,-11.266657829284668,-0.01170107156413326
1114819,5738917,6,decoder_self_attn,forward,-11.398836135864258,-11.268186569213867,-11.399651527404785,-0.006241058133084177
1114819,5738917,6,decoder_self_attn,reverse,-11.398836135864258,-11.268186569213867,-11.267578125,-0.0046570702794242165
1114819,5738917,6,decoder_cross_attn,forward,-11.398836135864258,-11.268186569213867,-11.391790390014648,0.05392858185640457
1114819,5738917,6,decoder_cross_attn,reverse,-11.398836135864258,-11.268186569213867,-11.27492904663086,0.05160734619988905
1114819,5738917,6,decoder_mlp,forward,-11.398836135864258,-11.268186569213867,-11.39971923828125,-0.006759321440042045
1114819,5738917,6,decoder_mlp,reverse,-11.398836135864258,-11.268186569213867,-11.267212867736816,-0.007452772343718065
1114819,5738917,7,decoder_self_attn,forward,-11.398836135864258,-11.268186569213867,-11.39645004272461,0.018263306957867383
1114819,5738917,7,decoder_self_attn,reverse,-11.398836135864258,-11.268186569213867,-11.270607948303223,0.0185333878361412
1114819,5738917,7,decoder_cross_attn,forward,-11.398836135864258,-11.268186569213867,-11.395008087158203,0.029300125551110983
1114819,5738917,7,decoder_cross_attn,reverse,-11.398836135864258,-11.268186569213867,-11.272201538085938,0.03073082425764256
1114819,5738917,7,decoder_mlp,forward,-11.398836135864258,-11.268186569213867,-11.399566650390625,-0.005591404128587696
1114819,5738917,7,decoder_mlp,reverse,-11.398836135864258,-11.268186569213867,-11.267617225646973,-0.00435779146836404
1114819,5738917,8,decoder_self_attn,forward,-11.398836135864258,-11.268186569213867,-11.396419525146484,0.018496890420158254
1114819,5738917,8,decoder_self_attn,reverse,-11.398836135864258,-11.268186569213867,-11.270573616027832,0.018270606441063972
1114819,5738917,8,decoder_cross_attn,forward,-11.398836135864258,-11.268186569213867,-11.380912780761719,0.13718648719670648
1114819,5738917,8,decoder_cross_attn,reverse,-11.398836135864258,-11.268186569213867,-11.286579132080078,0.1407778329294286
1114819,5738917,8,decoder_mlp,forward,-11.398836135864258,-11.268186569213867,-11.406726837158203,-0.060395923968583023
1114819,5738917,8,decoder_mlp,reverse,-11.398836135864258,-11.268186569213867,-11.260345458984375,-0.06001635084236036
1114819,5738917,9,decoder_self_attn,forward,-11.398836135864258,-11.268186569213867,-11.390695571899414,0.06230838856608952
1114819,5738917,9,decoder_self_attn,reverse,-11.398836135864258,-11.268186569213867,-11.276328086853027,0.06231568804928611
1114819,5738917,9,decoder_cross_attn,forward,-11.398836135864258,-11.268186569213867,-11.379928588867188,0.14471955385558702
1114819,5738917,9,decoder_cross_attn,reverse,-11.398836135864258,-11.268186569213867,-11.288017272949219,0.15178545358988585
1114819,5738917,9,decoder_mlp,forward,-11.398836135864258,-11.268186569213867,-11.394844055175781,0.030555636660924406
1114819,5738917,9,decoder_mlp,reverse,-11.398836135864258,-11.268186569213867,-11.272672653198242,0.034336768956757864
1114819,5738917,10,decoder_self_attn,forward,-11.398836135864258,-11.268186569213867,-11.39172077178955,0.054461444129755614
1114819,5738917,10,decoder_self_attn,reverse,-11.398836135864258,-11.268186569213867,-11.275663375854492,0.0572279482612631
1114819,5738917,10,decoder_cross_attn,forward,-11.398836135864258,-11.268186569213867,-11.382110595703125,0.12801833630178983
1114819,5738917,10,decoder_cross_attn,reverse,-11.398836135864258,-11.268186569213867,-11.284746170043945,0.12674822622558324
1114819,5738917,10,decoder_mlp,forward,-11.398836135864258,-11.268186569213867,-11.401250839233398,-0.018482291453765072
1114819,5738917,10,decoder_mlp,reverse,-11.398836135864258,-11.268186569213867,-11.265908241271973,-0.01743846535665275
1114819,5738917,11,decoder_self_attn,forward,-11.398836135864258,-11.268186569213867,-11.390844345092773,0.06116966918742153
1114819,5738917,11,decoder_self_attn,reverse,-11.398836135864258,-11.268186569213867,-11.276233673095703,0.06159303921282373
1114819,5738917,11,decoder_cross_attn,forward,-11.398836135864258,-11.268186569213867,-11.356776237487793,0.3219291074191947
1114819,5738917,11,decoder_cross_attn,reverse,-11.398836135864258,-11.268186569213867,-11.310506820678711,0.3239218663318637
1114819,5738917,11,decoder_mlp,forward,-11.398836135864258,-11.268186569213867,-11.389175415039062,0.07394376478145347
1114819,5738917,11,decoder_mlp,reverse,-11.398836135864258,-11.268186569213867,-11.277870178222656,0.07411895237817162
1114819,768360,0,encoder_self_attn,forward,-10.015033721923828,-9.887691497802734,-9.998893737792969,0.12674495236954048
1114819,768360,0,encoder_self_attn,reverse,-10.015033721923828,-9.887691497802734,-9.956161499023438,0.5376849799293032
1114819,768360,0,encoder_mlp,forward,-10.015033721923828,-9.887691497802734,-10.01738166809082,-0.018438080402612186
1114819,768360,0,encoder_mlp,reverse,-10.015033721923828,-9.887691497802734,-9.901439666748047,0.1079623749325984
1114819,768360,1,encoder_self_attn,forward,-10.015033721923828,-9.887691497802734,-10.015365600585938,-0.002606194955365167
1114819,768360,1,encoder_self_attn,reverse,-10.015033721923828,-9.887691497802734,-9.894142150878906,0.05065604217841951
1114819,768360,1,encoder_mlp,forward,-10.015033721923828,-9.887691497802734,-9.992202758789062,0.1792882391708106
1114819,768360,1,encoder_mlp,reverse,-10.015033721923828,-9.887691497802734,-9.847342491149902,-0.3168548918578875
1114819,768360,2,encoder_self_attn,forward,-10.015033721923828,-9.887691497802734,-10.012229919433594,0.022017853933257444
1114819,768360,2,encoder_self_attn,reverse,-10.015033721923828,-9.887691497802734,-9.89572525024414,0.0630878916781499
1114819,768360,2,encoder_mlp,forward,-10.015033721923828,-9.887691497802734,-9.998650550842285,0.12865466419028218
1114819,768360,2,encoder_mlp,reverse,-10.015033721923828,-9.887691497802734,-9.916997909545898,0.23013899706428614
1114819,768360,3,encoder_self_attn,forward,-10.015033721923828,-9.887691497802734,-10.028358459472656,-0.10463722964471871
1114819,768360,3,encoder_self_attn,reverse,-10.015033721923828,-9.887691497802734,-9.932558059692383,0.3523305973279013
1114819,768360,3,encoder_mlp,forward,-10.015033721923828,-9.887691497802734,-9.973596572875977,0.3253999161224612
1114819,768360,3,encoder_mlp,reverse,-10.015033721923828,-9.887691497802734,-9.932260513305664,0.349994008747229
1114819,768360,4,encoder_self_attn,forward,-10.015033721923828,-9.887691497802734,-9.987797737121582,0.2138802348571086
1114819,768360,4,encoder_self_attn,reverse,-10.015033721923828,-9.887691497802734,-9.940183639526367,0.41221316877359054
1114819,768360,4,encoder_mlp,forward,-10.015033721923828,-9.887691497802734,-9.99382209777832,0.16657180516445988
1114819,768360,4,encoder_mlp,reverse,-10.015033721923828,-9.887691497802734,-9.894678115844727,0.05486489725001498
1114819,768360,5,encoder_self_attn,forward,-10.015033721923828,-9.887691497802734,-9.957517623901367,0.45166556827032533
1114819,768360,5,encoder_self_attn,reverse,-10.015033721923828,-9.887691497802734,-9.957279205322266,0.5464621652387515
1114819,768360,5,encoder_mlp,forward,-10.015033721923828,-9.887691497802734,-9.9957857131958,0.151151818345216
1114819,768360,5,encoder_mlp,reverse,-10.015033721923828,-9.887691497802734,-9.919012069702148,0.24595590437960577
1114819,768360,6,encoder_self_attn,forward,-10.015033721923828,-9.887691497802734,-9.968645095825195,0.3642831466059553
1114819,768360,6,encoder_self_attn,reverse,-10.015033721923828,-9.887691497802734,-9.942643165588379,0.43152746989395485
1114819,768360,6,encoder_mlp,forward,-10.015033721923828,-9.887691497802734,-10.017152786254883,-0.016640704571325864
1114819,768360,6,encoder_mlp,reverse,-10.015033721923828,-9.887691497802734,-9.880638122558594,-0.05538913186747349
1114819,768360,7,encoder_self_attn,forward,-10.015033721923828,-9.887691497802734,-10.004226684570312,0.08486609550056917
1114819,768360,7,encoder_self_attn,reverse,-10.015033721923828,-9.887691497802734,-9.920073509216309,0.2542912347971961
1114819,768360,7,encoder_mlp,forward,-10.015033721923828,-9.887691497802734,-10.031734466552734,-0.13114852315619197
1114819,768360,7,encoder_mlp,reverse,-10.015033721923828,-9.887691497802734,-9.880823135375977,-0.05393625307051705
1114819,768360,8,encoder_self_attn,forward,-10.015033721923828,-9.887691497802734,-9.9804048538208,0.27193547420765685
1114819,768360,8,encoder_self_attn,reverse,-10.015033721923828,-9.887691497802734,-9.921492576599121,0.2654349649511713
1114819,768360,8,encoder_mlp,forward,-10.015033721923828,-9.887691497802734,-9.940383911132812,0.5862141273740339
1114819,768360,8,encoder_mlp,reverse,-10.015033721923828,-9.887691497802734,-9.9772367477417,0.703185848660955
1114819,768360,9,encoder_self_attn,forward,-10.015033721923828,-9.887691497802734,-10.004436492919922,0.08321850098855671
1114819,768360,9,encoder_self_attn,reverse,-10.015033721923828,-9.887691497802734,-9.890850067138672,0.024803786471751244
1114819,768360,9,encoder_mlp,forward,-10.015033721923828,-9.887691497802734,-10.007293701171875,0.060781259361332454
1114819,768360,9,encoder_mlp,reverse,-10.015033721923828,-9.887691497802734,-9.910001754760742,0.17519920915463424
1114819,768360,10,encoder_self_attn,forward,-10.015033721923828,-9.887691497802734,-9.972479820251465,0.3341696123659457
1114819,768360,10,encoder_self_attn,reverse,-10.015033721923828,-9.887691497802734,-9.958686828613281,0.5575160266011623
1114819,768360,10,encoder_mlp,forward,-10.015033721923828,-9.887691497802734,-9.984479904174805,0.23993469534479658
1114819,768360,10,encoder_mlp,reverse,-10.015033721923828,-9.887691497802734,-9.902233123779297,0.114193277814391
1114819,768360,11,encoder_self_attn,forward,-10.015033721923828,-9.887691497802734,-9.918525695800781,0.7578635192618777
1114819,768360,11,encoder_self_attn,reverse,-10.015033721923828,-9.887691497802734,-9.9834566116333,0.7520295368761608
1114819,768360,11,encoder_mlp,forward,-10.015033721923828,-9.887691497802734,-9.995299339294434,0.15497124198669943
1114819,768360,11,encoder_mlp,reverse,-10.015033721923828,-9.887691497802734,-9.90971565246582,0.17295248936552632
1114819,768360,0,decoder_self_attn,forward,-10.015033721923828,-9.887691497802734,-10.015033721923828,0.0
1114819,768360,0,decoder_self_attn,reverse,-10.015033721923828,-9.887691497802734,-9.887691497802734,0.0
1114819,768360,0,decoder_cross_attn,forward,-10.015033721923828,-9.887691497802734,-10.002446174621582,0.09884818165478401
1114819,768360,0,decoder_cross_attn,reverse,-10.015033721923828,-9.887691497802734,-9.900032043457031,0.09690851357018752
1114819,768360,0,decoder_mlp,forward,-10.015033721923828,-9.887691497802734,-10.014225006103516,0.006350727937211671
1114819,768360,0,decoder_mlp,reverse,-10.015033721923828,-9.887691497802734,-9.888504028320312,0.006380684201066443
1114819,768360,1,decoder_self_attn,forward,-10.015033721923828,-9.887691497802734,-10.01478385925293,0.0019621352824875683
1114819,768360,1,decoder_self_attn,reverse,-10.015033721923828,-9.887691497802734,-9.887947082519531,0.002007069678269726
1114819,768360,1,decoder_cross_attn,forward,-10.015033721923828,-9.887691497802734,-10.026443481445312,-0.08959918518962315
1114819,768360,1,decoder_cross_attn,reverse,-10.015033721923828,-9.887691497802734,-9.876482009887695,-0.08802648133724762
1114819,768360,1,decoder_mlp,forward,-10.015033721923828,-9.887691497802734,-10.015230178833008,-0.0015427475885207596
1114819,768360,1,decoder_mlp,reverse,-10.015033721923828,-9.887691497802734,-9.887489318847656,-0.0015876819843029177
1114819,768360,2,decoder_self_attn,forward,-10.015033721923828,-9.887691497802734,-10.015825271606445,-0.006215924749865197
1114819,768360,2,decoder_self_attn,reverse,-10.015033721923828,-9.887691497802734,-9.886894226074219,-0.006260859145647355
1114819,768360,2,decoder_cross_attn,forward,-10.015033721923828,-9.887691497802734,-10.000138282775879,0.1169717212869211
1114819,768360,2,decoder_cross_attn,reverse,-10.015033721923828,-9.887691497802734,-9.90289306640625,0.11937571146126655
1114819,768360,2,decoder_mlp,forward,-10.015033721923828,-9.887691497802734,-10.014562606811523,0.003699598586064346
1114819,768360,2,decoder_mlp,reverse,-10.015033721923828,-9.887691497802734,-9.888168334960938,0.003744532981846504
1114819,768360,3,decoder_self_attn,forward,-10.015033721923828,-9.887691497802734,-10.01325798034668,0.01394464082439638
1114819,768360,3,decoder_self_attn,reverse,-10.015033721923828,-9.887691497802734,-9.889472961425781,0.01398957522017854
1114819,768360,3,decoder_cross_attn,forward,-10.015033721923828,-9.887691497802734,-10.016685485839844,-0.01297106224911629
1114819,768360,3,decoder_cross_attn,reverse,-10.015033721923828,-9.887691497802734,-9.886030197143555,-0.01304595290875322
1114819,768360,3,decoder_mlp,forward,-10.015033721923828,-9.887691497802734,-10.015299797058105,-0.0020894494038703492
1114819,768360,3,decoder_mlp,reverse,-10.015033721923828,-9.887691497802734,-9.887467384338379,-0.0017599305014678569
1114819,768360,4,decoder_self_attn,forward,-10.015033721923828,-9.887691497802734,-10.013378143310547,0.013001018512971063
1114819,768360,4,decoder_self_attn,reverse,-10.015033721923828,-9.887691497802734,-9.88936996459961,0.013180756096099694
1114819,768360,4,decoder_cross_attn,forward,-10.015033721923828,-9.887691497802734,-10.009206771850586,0.04575819303816428
1114819,768360,4,decoder_cross_attn,reverse,-10.015033721923828,-9.887691497802734,-9.893560409545898,0.046087711940566774
1114819,768360,4,decoder_mlp,forward,-10.015033721923828,-9.887691497802734,-10.01534652709961,-0.0024564136360913065
1114819,768360,4,decoder_mlp,reverse,-10.015033721923828,-9.887691497802734,-9.887385368347168,-0.0024039901743454556
1114819,768360,5,decoder_self_attn,forward,-10.015033721923828,-9.887691497802734,-10.011409759521484,0.02845845066203343
1114819,768360,5,decoder_self_attn,reverse,-10.015033721923828,-9.887691497802734,-9.891276359558105,0.028151398957522018
1114819,768360,5,decoder_cross_attn,forward,-10.015033721923828,-9.887691497802734,-10.010200500488281,0.03795458630399617
1114819,768360,5,decoder_cross_attn,reverse,-10.015033721923828,-9.887691497802734,-9.892570495605469,0.03831406147025343
1114819,768360,5,decoder_mlp,forward,-10.015033721923828,-9.887691497802734,-10.016769409179688,-0.013630100053921275
1114819,768360,5,decoder_mlp,reverse,-10.015033721923828,-9.887691497802734,-9.885835647583008,-0.014573722365346594
1114819,768360,6,decoder_self_attn,forward,-10.015033721923828,-9.887691497802734,-10.016790390014648,-0.013794859505122522
1114819,768360,6,decoder_self_attn,reverse,-10.015033721923828,-9.887691497802734,-9.885993957519531,-0.013330537415373555
1114819,768360,6,decoder_cross_attn,forward,-10.015033721923828,-9.887691497802734,-10.005041122436523,0.07847043316757533
1114819,768360,6,decoder_cross_attn,reverse,-10.015033721923828,-9.887691497802734,-9.897537231445312,0.07731711700916662
1114819,768360,6,decoder_mlp,forward,-10.015033721923828,-9.887691497802734,-10.01429557800293,0.005796537055898388
1114819,768360,6,decoder_mlp,reverse,-10.015033721923828,-9.887691497802734,-9.888347625732422,0.0051524773830207895
1114819,768360,7,decoder_self_attn,forward,-10.015033721923828,-9.887691497802734,-10.011743545532227,0.02583727757474088
1114819,768360,7,decoder_self_attn,reverse,-10.015033721923828,-9.887691497802734,-9.890970230102539,0.02574740878317656
1114819,768360,7,decoder_cross_attn,forward,-10.015033721923828,-9.887691497802734,-10.000177383422852,0.11666466958240969
1114819,768360,7,decoder_cross_attn,reverse,-10.015033721923828,-9.887691497802734,-9.90240478515625,0.11554130968785573
1114819,768360,7,decoder_mlp,forward,-10.015033721923828,-9.887691497802734,-10.01553726196289,-0.003954226828829908
1114819,768360,7,decoder_mlp,reverse,-10.015033721923828,-9.887691497802734,-9.887088775634766,-0.004733089689053981
1114819,768360,8,decoder_self_attn,forward,-10.015033721923828,-9.887691497802734,-10.008739471435547,0.04942783536037385
1114819,768360,8,decoder_self_attn,reverse,-10.015033721923828,-9.887691497802734,-9.894021987915039,0.049712419866994186
1114819,768360,8,decoder_cross_attn,forward,-10.015033721923828,-9.887691497802734,-9.987022399902344,0.21996884548559104
1114819,768360,8,decoder_cross_attn,reverse,-10.015033721923828,-9.887691497802734,-9.915779113769531,0.22056797076268647
1114819,768360,8,decoder_mlp,forward,-10.015033721923828,-9.887691497802734,-10.01960563659668,-0.03590258222994428
1114819,768360,8,decoder_mlp,reverse,-10.015033721923828,-9.887691497802734,-9.883182525634766,-0.035408303876340544
1114819,768360,9,decoder_self_attn,forward,-10.015033721923828,-9.887691497802734,-10.003373146057129,0.0915688095380744
1114819,768360,9,decoder_self_attn,reverse,-10.015033721923828,-9.887691497802734,-9.899537086486816,0.09302168833503086
1114819,768360,9,decoder_cross_attn,forward,-10.015033721923828,-9.887691497802734,-9.999456405639648,0.1223264034509616
1114819,768360,9,decoder_cross_attn,reverse,-10.015033721923828,-9.887691497802734,-9.90371322631836,0.12581630819004253
1114819,768360,9,decoder_mlp,forward,-10.015033721923828,-9.887691497802734,-10.01093578338623,0.032180516445988856
1114819,768360,9,decoder_mlp,reverse,-10.015033721923828,-9.887691497802734,-9.891860961914062,0.03274219639326583
1114819,768360,10,decoder_self_attn,forward,-10.015033721923828,-9.887691497802734,-10.009105682373047,0.04655203403031574
1114819,768360,10,decoder_self_attn,reverse,-10.015033721923828,-9.887691497802734,-9.89369010925293,0.047106224911629024
1114819,768360,10,decoder_cross_attn,forward,-10.015033721923828,-9.887691497802734,-10.015083312988281,-0.0003894314301120364
1114819,768360,10,decoder_cross_attn,reverse,-10.015033721923828,-9.887691497802734,-9.887533187866211,-0.0012431849499730393
1114819,768360,10,decoder_mlp,forward,-10.015033721923828,-9.887691497802734,-10.014196395874023,0.006575399916122461
1114819,768360,10,decoder_mlp,reverse,-10.015033721923828,-9.887691497802734,-9.88886547088623,0.009219040201306093
1114819,768360,11,decoder_self_attn,forward,-10.015033721923828,-9.887691497802734,-10.000718116760254,0.11241836918099575
1114819,768360,11,decoder_self_attn,reverse,-10.015033721923828,-9.887691497802734,-9.902002334594727,0.11238092385117728
1114819,768360,11,decoder_cross_attn,forward,-10.015033721923828,-9.887691497802734,-9.977434158325195,0.29526391468456054
1114819,768360,11,decoder_cross_attn,reverse,-10.015033721923828,-9.887691497802734,-9.925292015075684,0.29527140375052424
1114819,768360,11,decoder_mlp,forward,-10.015033721923828,-9.887691497802734,-10.01040267944336,0.03636690431969325
1114819,768360,11,decoder_mlp,reverse,-10.015033721923828,-9.887691497802734,-9.892256736755371,0.03585015876819843
156493,1444826,0,encoder_self_attn,forward,-11.631248474121094,-11.507209777832031,-11.626852035522461,0.03544408906384549
156493,1444826,0,encoder_self_attn,reverse,-11.631248474121094,-11.507209777832031,-11.537069320678711,0.24072764177635625
156493,1444826,0,encoder_mlp,forward,-11.631248474121094,-11.507209777832031,-11.6284818649292,0.022304403985730102
156493,1444826,0,encoder_mlp,reverse,-11.631248474121094,-11.507209777832031,-11.54391860961914,0.2959466108992496
156493,1444826,1,encoder_self_attn,forward,-11.631248474121094,-11.507209777832031,-11.603073120117188,0.22714971091155123
156493,1444826,1,encoder_self_attn,reverse,-11.631248474121094,-11.507209777832031,-11.5370512008667,0.24058155984745971
156493,1444826,1,encoder_mlp,forward,-11.631248474121094,-11.507209777832031,-11.626049041748047,0.04191782507073441
156493,1444826,1,encoder_mlp,reverse,-11.631248474121094,-11.507209777832031,-11.543336868286133,0.29125661212941323
156493,1444826,2,encoder_self_attn,forward,-11.631248474121094,-11.507209777832031,-11.613327026367188,0.14448271620125477
156493,1444826,2,encoder_self_attn,reverse,-11.631248474121094,-11.507209777832031,-11.50926685333252,0.01658414319104441
156493,1444826,2,encoder_mlp,forward,-11.631248474121094,-11.507209777832031,-11.631185531616211,0.0005074424898511502
156493,1444826,2,encoder_mlp,reverse,-11.631248474121094,-11.507209777832031,-11.495025634765625,-0.09822856439906508
156493,1444826,3,encoder_self_attn,forward,-11.631248474121094,-11.507209777832031,-11.615470886230469,0.12719891745602166
156493,1444826,3,encoder_self_attn,reverse,-11.631248474121094,-11.507209777832031,-11.531558990478516,0.1963033583466601
156493,1444826,3,encoder_mlp,forward,-11.631248474121094,-11.507209777832031,-11.60232162475586,0.23320826669947103
156493,1444826,3,encoder_mlp,reverse,-11.631248474121094,-11.507209777832031,-11.537394523620605,0.24334942797392053
156493,1444826,4,encoder_self_attn,forward,-11.631248474121094,-11.507209777832031,-11.612852096557617,0.1483116004428589
156493,1444826,4,encoder_self_attn,reverse,-11.631248474121094,-11.507209777832031,-11.508672714233398,0.01179419362775249
156493,1444826,4,encoder_mlp,forward,-11.631248474121094,-11.507209777832031,-11.60551643371582,0.2074517160782384
156493,1444826,4,encoder_mlp,reverse,-11.631248474121094,-11.507209777832031,-11.519433975219727,0.09855148234715218
156493,1444826,5,encoder_self_attn,forward,-11.631248474121094,-11.507209777832031,-11.596660614013672,0.27884733669578055
156493,1444826,5,encoder_self_attn,reverse,-11.631248474121094,-11.507209777832031,-11.523051261901855,0.1277140484684463
156493,1444826,5,encoder_mlp,forward,-11.631248474121094,-11.507209777832031,-11.62838077545166,0.023119387378521344
156493,1444826,5,encoder_mlp,reverse,-11.631248474121094,-11.507209777832031,-11.510642051696777,0.02767099274203469
156493,1444826,6,encoder_self_attn,forward,-11.631248474121094,-11.507209777832031,-11.620340347290039,0.08794132119571903
156493,1444826,6,encoder_self_attn,reverse,-11.631248474121094,-11.507209777832031,-11.502664566040039,-0.036643498585311844
156493,1444826,6,encoder_mlp,forward,-11.631248474121094,-11.507209777832031,-11.60087776184082,0.24484868987575348
156493,1444826,6,encoder_mlp,reverse,-11.631248474121094,-11.507209777832031,-11.534168243408203,0.21733915610776233
156493,1444826,7,encoder_self_attn,forward,-11.631248474121094,-11.507209777832031,-11.593217849731445,0.30660290318612377
156493,1444826,7,encoder_self_attn,reverse,-11.631248474121094,-11.507209777832031,-11.54680061340332,0.31918132611637345
156493,1444826,7,encoder_mlp,forward,-11.631248474121094,-11.507209777832031,-11.571588516235352,0.4809785951531554
156493,1444826,7,encoder_mlp,reverse,-11.631248474121094,-11.507209777832031,-11.535602569580078,0.22890269405830976
156493,1444826,8,encoder_self_attn,forward,-11.631248474121094,-11.507209777832031,-11.572089195251465,0.47694212080206666
156493,1444826,8,encoder_self_attn,reverse,-11.631248474121094,-11.507209777832031,-11.533293724060059,0.21028878090786074
156493,1444826,8,encoder_mlp,forward,-11.631248474121094,-11.507209777832031,-11.571797370910645,0.4792948087095584
156493,1444826,8,encoder_mlp,reverse,-11.631248474121094,-11.507209777832031,-11.561742782592773,0.43964509779800715
156493,1444826,9,encoder_self_attn,forward,-11.631248474121094,-11.507209777832031,-11.508679389953613,0.988151986714233
156493,1444826,9,encoder_self_attn,reverse,-11.631248474121094,-11.507209777832031,-11.612470626831055,0.8486129905277402
156493,1444826,9,encoder_mlp,forward,-11.631248474121094,-11.507209777832031,-11.65921401977539,-0.22545823594538072
156493,1444826,9,encoder_mlp,reverse,-11.631248474121094,-11.507209777832031,-11.46181869506836,-0.3659429204084143
156493,1444826,10,encoder_self_attn,forward,-11.631248474121094,-11.507209777832031,-11.535391807556152,0.7727964694304342
156493,1444826,10,encoder_self_attn,reverse,-11.631248474121094,-11.507209777832031,-11.61171817779541,0.8425467462172469
156493,1444826,10,encoder_mlp,forward,-11.631248474121094,-11.507209777832031,-11.628374099731445,0.02317320703653586
156493,1444826,10,encoder_mlp,reverse,-11.631248474121094,-11.507209777832031,-11.491497039794922,-0.1266760979210235
156493,1444826,11,encoder_self_attn,forward,-11.631248474121094,-11.507209777832031,-11.535064697265625,0.7754336326731456
156493,1444826,11,encoder_self_attn,reverse,-11.631248474121094,-11.507209777832031,-11.595739364624023,0.7137255504982163
156493,1444826,11,encoder_mlp,forward,-11.631248474121094,-11.507209777832031,-11.5777587890625,0.4312338541025956
156493,1444826,11,encoder_mlp,reverse,-11.631248474121094,-11.507209777832031,-11.555218696594238,0.3870479148726781
156493,1444826,0,decoder_self_attn,forward,-11.631248474121094,-11.507209777832031,-11.631248474121094,0.0
156493,1444826,0,decoder_self_attn,reverse,-11.631248474121094,-11.507209777832031,-11.507209777832031,0.0
156493,1444826,0,decoder_cross_attn,forward,-11.631248474121094,-11.507209777832031,-11.632041931152344,-0.006396850781153893
156493,1444826,0,decoder_cross_attn,reverse,-11.631248474121094,-11.507209777832031,-11.506453514099121,-0.0060969984007873046
156493,1444826,0,decoder_mlp,forward,-11.631248474121094,-11.507209777832031,-11.630420684814453,0.006673637593799976
156493,1444826,0,decoder_mlp,reverse,-11.631248474121094,-11.507209777832031,-11.5083589553833,0.009264669701070243
156493,1444826,1,decoder_self_attn,forward,-11.631248474121094,-11.507209777832031,-11.630182266235352,0.008595768237175545
156493,1444826,1,decoder_self_attn,reverse,-11.631248474121094,-11.507209777832031,-11.508307456970215,0.00884948948210112
156493,1444826,1,decoder_cross_attn,forward,-11.631248474121094,-11.507209777832031,-11.654863357543945,-0.19038319596506334
156493,1444826,1,decoder_cross_attn,reverse,-11.631248474121094,-11.507209777832031,-11.484090805053711,-0.18638516422684218
156493,1444826,1,decoder_mlp,forward,-11.631248474121094,-11.507209777832031,-11.630613327026367,0.005120556033952515
156493,1444826,1,decoder_mlp,reverse,-11.631248474121094,-11.507209777832031,-11.50778865814209,0.004666933202115881
156493,1444826,2,decoder_self_attn,forward,-11.631248474121094,-11.507209777832031,-11.634060859680176,-0.02267345306925821
156493,1444826,2,decoder_self_attn,reverse,-11.631248474121094,-11.507209777832031,-11.50483512878418,-0.01914442120802067
156493,1444826,2,decoder_cross_attn,forward,-11.631248474121094,-11.507209777832031,-11.626544952392578,0.037919793332513226
156493,1444826,2,decoder_cross_attn,reverse,-11.631248474121094,-11.507209777832031,-11.511567115783691,0.0351288596383319
156493,1444826,2,decoder_mlp,forward,-11.631248474121094,-11.507209777832031,-11.630556106567383,0.005581867388362652
156493,1444826,2,decoder_mlp,reverse,-11.631248474121094,-11.507209777832031,-11.508010864257812,0.006458358961741912
156493,1444826,3,decoder_self_attn,forward,-11.631248474121094,-11.507209777832031,-11.632194519042969,-0.007627014392914257
156493,1444826,3,decoder_self_attn,reverse,-11.631248474121094,-11.507209777832031,-11.506470680236816,-0.005958604994464264
156493,1444826,3,decoder_cross_attn,forward,-11.631248474121094,-11.507209777832031,-11.629861831665039,0.011179111821872308
156493,1444826,3,decoder_cross_attn,reverse,-11.631248474121094,-11.507209777832031,-11.509054183959961,0.014869602657153402
156493,1444826,3,decoder_mlp,forward,-11.631248474121094,-11.507209777832031,-11.631885528564453,-0.00513593307909952
156493,1444826,3,decoder_mlp,reverse,-11.631248474121094,-11.507209777832031,-11.506752014160156,-0.0036904908352810924
156493,1444826,4,decoder_self_attn,forward,-11.631248474121094,-11.507209777832031,-11.632650375366211,-0.011302128183048345
156493,1444826,4,decoder_self_attn,reverse,-11.631248474121094,-11.507209777832031,-11.505806922912598,-0.011309816705621848
156493,1444826,4,decoder_cross_attn,forward,-11.631248474121094,-11.507209777832031,-11.624894142150879,0.05122862590724566
156493,1444826,4,decoder_cross_attn,reverse,-11.631248474121094,-11.507209777832031,-11.513419151306152,0.050059970476073315
156493,1444826,4,decoder_mlp,forward,-11.631248474121094,-11.507209777832031,-11.63077163696289,0.003844261286751138
156493,1444826,4,decoder_mlp,reverse,-11.631248474121094,-11.507209777832031,-11.50765609741211,0.003598228564399065
156493,1444826,5,decoder_self_attn,forward,-11.631248474121094,-11.507209777832031,-11.633550643920898,-0.018560093492434492
156493,1444826,5,decoder_self_attn,reverse,-11.631248474121094,-11.507209777832031,-11.50495719909668,-0.018160290318612375
156493,1444826,5,decoder_cross_attn,forward,-11.631248474121094,-11.507209777832031,-11.622737884521484,0.0686123754459343
156493,1444826,5,decoder_cross_attn,reverse,-11.631248474121094,-11.507209777832031,-11.515263557434082,0.06492957313322673
156493,1444826,5,decoder_mlp,forward,-11.631248474121094,-11.507209777832031,-11.63114070892334,0.0008688030508057572
156493,1444826,5,decoder_mlp,reverse,-11.631248474121094,-11.507209777832031,-11.507274627685547,0.0005228195349981547
156493,1444826,6,decoder_self_attn,forward,-11.631248474121094,-11.507209777832031,-11.635164260864258,-0.03156907368680034
156493,1444826,6,decoder_self_attn,reverse,-11.631248474121094,-11.507209777832031,-11.503437995910645,-0.0304081067782015
156493,1444826,6,decoder_cross_attn,forward,-11.631248474121094,-11.507209777832031,-11.62120246887207,0.08099089678927297
156493,1444826,6,decoder_cross_attn,reverse,-11.631248474121094,-11.507209777832031,-11.516406059265137,0.07414042317628244
156493,1444826,6,decoder_mlp,forward,-11.631248474121094,-11.507209777832031,-11.628570556640625,0.021589371386394392
156493,1444826,6,decoder_mlp,reverse,-11.631248474121094,-11.507209777832031,-11.509772300720215,0.020659060155000616
156493,1444826,7,decoder_self_attn,forward,-11.631248474121094,-11.507209777832031,-11.631550788879395,-0.0024372616558002214
156493,1444826,7,decoder_self_attn,reverse,-11.631248474121094,-11.507209777832031,-11.507192611694336,-0.00013839340632304097
156493,1444826,7,decoder_cross_attn,forward,-11.631248474121094,-11.507209777832031,-11.61821174621582,0.1051021035797761
156493,1444826,7,decoder_cross_attn,reverse,-11.631248474121094,-11.507209777832031,-11.5198335647583,0.10177297330544963
156493,1444826,7,decoder_mlp,forward,-11.631248474121094,-11.507209777832031,-11.625714302062988,0.04461649649403371
156493,1444826,7,decoder_mlp,reverse,-11.631248474121094,-11.507209777832031,-11.512489318847656,0.0425636609669086
156493,1444826,8,decoder_self_attn,forward,-11.631248474121094,-11.507209777832031,-11.633691787719727,-0.019697994833312832
156493,1444826,8,decoder_self_attn,reverse,-11.631248474121094,-11.507209777832031,-11.504981994628906,-0.017960388731701315
156493,1444826,8,decoder_cross_attn,forward,-11.631248474121094,-11.507209777832031,-11.618426322937012,0.1033721860007381
156493,1444826,8,decoder_cross_attn,reverse,-11.631248474121094,-11.507209777832031,-11.52049446105957,0.1071011194488867
156493,1444826,8,decoder_mlp,forward,-11.631248474121094,-11.507209777832031,-11.636214256286621,-0.04003413704022635
156493,1444826,8,decoder_mlp,reverse,-11.631248474121094,-11.507209777832031,-11.501984596252441,-0.04212541518021897
156493,1444826,9,decoder_self_attn,forward,-11.631248474121094,-11.507209777832031,-11.627785682678223,0.027917025464386763
156493,1444826,9,decoder_self_attn,reverse,-11.631248474121094,-11.507209777832031,-11.510924339294434,0.029946795423791365
156493,1444826,9,decoder_cross_attn,forward,-11.631248474121094,-11.507209777832031,-11.632471084594727,-0.009856685939229918
156493,1444826,9,decoder_cross_attn,reverse,-11.631248474121094,-11.507209777832031,-11.506126403808594,-0.008734161643498585
156493,1444826,9,decoder_mlp,forward,-11.631248474121094,-11.507209777832031,-11.624624252319336,0.05340447779554681
156493,1444826,9,decoder_mlp,reverse,-11.631248474121094,-11.507209777832031,-11.513960838317871,0.05442705129782261
156493,1444826,10,decoder_self_attn,forward,-11.631248474121094,-11.507209777832031,-11.627429008483887,0.030792532906876613
156493,1444826,10,decoder_self_attn,reverse,-11.631248474121094,-11.507209777832031,-11.511322021484375,0.033152909336941816
156493,1444826,10,decoder_cross_attn,forward,-11.631248474121094,-11.507209777832031,-11.620296478271484,0.08829499323410013
156493,1444826,10,decoder_cross_attn,reverse,-11.631248474121094,-11.507209777832031,-11.518144607543945,0.0881565998277771
156493,1444826,10,decoder_mlp,forward,-11.631248474121094,-11.507209777832031,-11.638294219970703,-0.056802804773034815
156493,1444826,10,decoder_mlp,reverse,-11.631248474121094,-11.507209777832031,-11.50007152557373,-0.057548591462664535
156493,1444826,11,decoder_self_attn,forward,-11.631248474121094,-11.507209777832031,-11.614758491516113,0.13294224381842784
156493,1444826,11,decoder_self_attn,reverse,-11.631248474121094,-11.507209777832031,-11.52364444732666,0.13249630950916472
156493,1444826,11,decoder_cross_attn,forward,-11.631248474121094,-11.507209777832031,-11.586058616638184,0.3643206421454053
156493,1444826,11,decoder_cross_attn,reverse,-11.631248474121094,-11.507209777832031,-11.55253791809082,0.3654354779185632
156493,1444826,11,decoder_mlp,forward,-11.631248474121094,-11.507209777832031,-11.623297691345215,0.06409921269528847
156493,1444826,11,decoder_mlp,reverse,-11.631248474121094,-11.507209777832031,-11.515068054199219,0.06335342600565876
183378,6738484,0,encoder_self_attn,forward,-11.255477905273438,-11.132095336914062,-11.256244659423828,-0.0062144447192678705
183378,6738484,0,encoder_self_attn,reverse,-11.255477905273438,-11.132095336914062,-11.080281257629395,-0.41994651249072473
183378,6738484,0,encoder_mlp,forward,-11.255477905273438,-11.132095336914062,-11.255782127380371,-0.0024656814246846403
183378,6738484,0,encoder_mlp,reverse,-11.255477905273438,-11.132095336914062,-11.011126518249512,-0.9804368661884739
183378,6738484,1,encoder_self_attn,forward,-11.255477905273438,-11.132095336914062,-11.236692428588867,0.15225389562206282
183378,6738484,1,encoder_self_attn,reverse,-11.255477905273438,-11.132095336914062,-11.140813827514648,0.07066225575068019
183378,6738484,1,encoder_mlp,forward,-11.255477905273438,-11.132095336914062,-11.243658065795898,0.09579829334652486
183378,6738484,1,encoder_mlp,reverse,-11.255477905273438,-11.132095336914062,-11.051397323608398,-0.654047118476379
183378,6738484,2,encoder_self_attn,forward,-11.255477905273438,-11.132095336914062,-11.28445816040039,-0.23488127627999011
183378,6738484,2,encoder_self_attn,reverse,-11.255477905273438,-11.132095336914062,-11.070133209228516,-0.5021951521147663
183378,6738484,2,encoder_mlp,forward,-11.255477905273438,-11.132095336914062,-11.222723007202148,0.2654742765273312
183378,6738484,2,encoder_mlp,reverse,-11.255477905273438,-11.132095336914062,-11.140403747558594,0.06733860994311155
183378,6738484,3,encoder_self_attn,forward,-11.255477905273438,-11.132095336914062,-11.27237606048584,-0.13695739549839228
183378,6738484,3,encoder_self_attn,reverse,-11.255477905273438,-11.132095336914062,-11.12441635131836,-0.062237200098936435
183378,6738484,3,encoder_mlp,forward,-11.255477905273438,-11.132095336914062,-11.241289138793945,0.11499814494187484
183378,6738484,3,encoder_mlp,reverse,-11.255477905273438,-11.132095336914062,-11.123827934265137,-0.0670062453623547
183378,6738484,4,encoder_self_attn,forward,-11.255477905273438,-11.132095336914062,-11.249883651733398,0.04534071234232006
183378,6738484,4,encoder_self_attn,reverse,-11.255477905273438,-11.132095336914062,-11.102853775024414,-0.23699913430620825
183378,6738484,4,encoder_mlp,forward,-11.255477905273438,-11.132095336914062,-11.245969772338867,0.07706220628246352
183378,6738484,4,encoder_mlp,reverse,-11.255477905273438,-11.132095336914062,-11.164283752441406,0.2608830076675736
183378,6738484,5,encoder_self_attn,forward,-11.255477905273438,-11.132095336914062,-11.241325378417969,0.11470442740539204
183378,6738484,5,encoder_self_attn,reverse,-11.255477905273438,-11.132095336914062,-11.141824722290039,0.07885542913677962
183378,6738484,5,encoder_mlp,forward,-11.255477905273438,-11.132095336914062,-11.246423721313477,0.07338300766757358
183378,6738484,5,encoder_mlp,reverse,-11.255477905273438,-11.132095336914062,-11.03858757019043,-0.7578685382141974
183378,6738484,6,encoder_self_attn,forward,-11.255477905273438,-11.132095336914062,-11.273951530456543,-0.1497263789265397
183378,6738484,6,encoder_self_attn,reverse,-11.255477905273438,-11.132095336914062,-11.100103378295898,-0.25929074944348257
183378,6738484,6,encoder_mlp,forward,-11.255477905273438,-11.132095336914062,-11.23005485534668,0.20605058125154588
183378,6738484,6,encoder_mlp,reverse,-11.255477905273438,-11.132095336914062,-11.147026062011719,0.12101162503091764
183378,6738484,7,encoder_self_attn,forward,-11.255477905273438,-11.132095336914062,-11.23845386505127,0.1379776774672273
183378,6738484,7,encoder_self_attn,reverse,-11.255477905273438,-11.132095336914062,-11.11742115020752,-0.11893241404897353
183378,6738484,7,encoder_mlp,forward,-11.255477905273438,-11.132095336914062,-11.242227554321289,0.10739240662874103
183378,6738484,7,encoder_mlp,reverse,-11.255477905273438,-11.132095336914062,-11.167625427246094,0.2879668562948306
183378,6738484,8,encoder_self_attn,forward,-11.255477905273438,-11.132095336914062,-11.183853149414062,0.5805095226317091
183378,6738484,8,encoder_self_attn,reverse,-11.255477905273438,-11.132095336914062,-11.176508903503418,0.35996629977739303
183378,6738484,8,encoder_mlp,forward,-11.255477905273438,-11.132095336914062,-11.23518180847168,0.1644972792480831
183378,6738484,8,encoder_mlp,reverse,-11.255477905273438,-11.132095336914062,-11.129528999328613,-0.02079983922829582
183378,6738484,9,encoder_self_attn,forward,-11.255477905273438,-11.132095336914062,-11.188793182373047,0.5404711847637893
183378,6738484,9,encoder_self_attn,reverse,-11.255477905273438,-11.132095336914062,-11.163331031799316,0.25316132822161763
183378,6738484,9,encoder_mlp,forward,-11.255477905273438,-11.132095336914062,-11.278776168823242,-0.18882945832302744
183378,6738484,9,encoder_mlp,reverse,-11.255477905273438,-11.132095336914062,-11.105524063110352,-0.21535678951273807
183378,6738484,10,encoder_self_attn,forward,-11.255477905273438,-11.132095336914062,-11.126346588134766,1.0465928765767993
183378,6738484,10,encoder_self_attn,reverse,-11.255477905273438,-11.132095336914062,-11.264371871948242,1.0720844669799654
183378,6738484,10,encoder_mlp,forward,-11.255477905273438,-11.132095336914062,-11.272136688232422,-0.13501731387583477
183378,6738484,10,encoder_mlp,reverse,-11.255477905273438,-11.132095336914062,-11.104354858398438,-0.22483304476873608
183378,6738484,11,encoder_self_attn,forward,-11.255477905273438,-11.132095336914062,-11.163812637329102,0.742935320306703
183378,6738484,11,encoder_self_attn,reverse,-11.255477905273438,-11.132095336914062,-11.225379943847656,0.7560598565421717
183378,6738484,11,encoder_mlp,forward,-11.255477905273438,-11.132095336914062,-11.216325759887695,0.31732315112540194
183378,6738484,11,encoder_mlp,reverse,-11.255477905273438,-11.132095336914062,-11.170085906982422,0.3079087311402424
183378,6738484,0,decoder_self_attn,forward,-11.255477905273438,-11.132095336914062,-11.255477905273438,0.0
183378,6738484,0,decoder_self_attn,reverse,-11.255477905273438,-11.132095336914062,-11.132095336914062,0.0
183378,6738484,0,decoder_cross_attn,forward,-11.255477905273438,-11.132095336914062,-11.251376152038574,0.03324418748454118
183378,6738484,0,decoder_cross_attn,reverse,-11.255477905273438,-11.132095336914062,-11.136037826538086,0.03195337620578778
183378,6738484,0,decoder_mlp,forward,-11.255477905273438,-11.132095336914062,-11.256105422973633,-0.005085951026465496
183378,6738484,0,decoder_mlp,reverse,-11.255477905273438,-11.132095336914062,-11.13154411315918,-0.004467598318080634
183378,6738484,1,decoder_self_attn,forward,-11.255477905273438,-11.132095336914062,-11.254632949829102,0.006848256245362355
183378,6738484,1,decoder_self_attn,reverse,-11.255477905273438,-11.132095336914062,-11.133008003234863,0.00739704427405392
183378,6738484,1,decoder_cross_attn,forward,-11.255477905273438,-11.132095336914062,-11.264847755432129,-0.07594144199851595
183378,6738484,1,decoder_cross_attn,reverse,-11.255477905273438,-11.132095336914062,-11.122584342956543,-0.07708539450902795
183378,6738484,1,decoder_mlp,forward,-11.255477905273438,-11.132095336914062,-11.255120277404785,0.002898528320554044
183378,6738484,1,decoder_mlp,reverse,-11.255477905273438,-11.132095336914062,-11.132381439208984,0.002318822656443235
183378,6738484,2,decoder_self_attn,forward,-11.255477905273438,-11.132095336914062,-11.256547927856445,-0.0086723967350977
183378,6738484,2,decoder_self_attn,reverse,-11.255477905273438,-11.132095336914062,-11.130987167358398,-0.00898157308929013
183378,6738484,2,decoder_cross_attn,forward,-11.255477905273438,-11.132095336914062,-11.25273609161377,0.022222050457581004
183378,6738484,2,decoder_cross_attn,reverse,-11.255477905273438,-11.132095336914062,-11.134821891784668,0.02209837991590403
183378,6738484,2,decoder_mlp,forward,-11.255477905273438,-11.132095336914062,-11.254242897033691,0.010009584466979965
183378,6738484,2,decoder_mlp,reverse,-11.255477905273438,-11.132095336914062,-11.133337020874023,0.010063690328963641
183378,6738484,3,decoder_self_attn,forward,-11.255477905273438,-11.132095336914062,-11.255945205688477,-0.003787410338857284
183378,6738484,3,decoder_self_attn,reverse,-11.255477905273438,-11.132095336914062,-11.131651878356934,-0.0035941751174870147
183378,6738484,3,decoder_cross_attn,forward,-11.255477905273438,-11.132095336914062,-11.257678031921387,-0.01783174622804848
183378,6738484,3,decoder_cross_attn,reverse,-11.255477905273438,-11.132095336914062,-11.12980842590332,-0.01853512243383626
183378,6738484,3,decoder_mlp,forward,-11.255477905273438,-11.132095336914062,-11.255619049072266,-0.0011439525105119961
183378,6738484,3,decoder_mlp,reverse,-11.255477905273438,-11.132095336914062,-11.131964683532715,-0.0010589290131090773
183378,6738484,4,decoder_self_attn,forward,-11.255477905273438,-11.132095336914062,-11.255797386169434,-0.002589351966361613
183378,6738484,4,decoder_self_attn,reverse,-11.255477905273438,-11.132095336914062,-11.131736755371094,-0.0029062577294088547
183378,6738484,4,decoder_cross_attn,forward,-11.255477905273438,-11.132095336914062,-11.239810943603516,0.12697872866683155
183378,6738484,4,decoder_cross_attn,reverse,-11.255477905273438,-11.132095336914062,-11.14744758605957,0.124428023744744
183378,6738484,4,decoder_mlp,forward,-11.255477905273438,-11.132095336914062,-11.255521774291992,-0.00035555280732129605
183378,6738484,4,decoder_mlp,reverse,-11.255477905273438,-11.132095336914062,-11.132020950317383,-0.0006028938906752412
183378,6738484,5,decoder_self_attn,forward,-11.255477905273438,-11.132095336914062,-11.254096031188965,0.011199913430620826
183378,6738484,5,decoder_self_attn,reverse,-11.255477905273438,-11.132095336914062,-11.13334846496582,0.01015644323522137
183378,6738484,5,decoder_cross_attn,forward,-11.255477905273438,-11.132095336914062,-11.246774673461914,0.07053858520900322
183378,6738484,5,decoder_cross_attn,reverse,-11.255477905273438,-11.132095336914062,-11.140249252319336,0.0660864457086322
183378,6738484,5,decoder_mlp,forward,-11.255477905273438,-11.132095336914062,-11.253927230834961,0.012568018797922334
183378,6738484,5,decoder_mlp,reverse,-11.255477905273438,-11.132095336914062,-11.133552551269531,0.011810536730150877
183378,6738484,6,decoder_self_attn,forward,-11.255477905273438,-11.132095336914062,-11.257576942443848,-0.017012428889438536
183378,6738484,6,decoder_self_attn,reverse,-11.255477905273438,-11.132095336914062,-11.13014030456543,-0.015845288152362108
183378,6738484,6,decoder_cross_attn,forward,-11.255477905273438,-11.132095336914062,-11.240306854248047,0.12295943606232995
183378,6738484,6,decoder_cross_attn,reverse,-11.255477905273438,-11.132095336914062,-11.146665573120117,0.11808990848379916
183378,6738484,6,decoder_mlp,forward,-11.255477905273438,-11.132095336914062,-11.254993438720703,0.003926539698243878
183378,6738484,6,decoder_mlp,reverse,-11.255477905273438,-11.132095336914062,-11.132500648498535,0.0032849987632945833
183378,6738484,7,decoder_self_attn,forward,-11.255477905273438,-11.132095336914062,-11.250168800354004,0.04302961909473164
183378,6738484,7,decoder_self_attn,reverse,-11.255477905273438,-11.132095336914062,-11.137121200561523,0.04073398466485283
183378,6738484,7,decoder_cross_attn,forward,-11.255477905273438,-11.132095336914062,-11.244138717651367,0.09190267128370022
183378,6738484,7,decoder_cross_attn,reverse,-11.255477905273438,-11.132095336914062,-11.14337158203125,0.09139253029928271
183378,6738484,7,decoder_mlp,forward,-11.255477905273438,-11.132095336914062,-11.251296997070312,0.033885728419490474
183378,6738484,7,decoder_mlp,reverse,-11.255477905273438,-11.132095336914062,-11.136237144470215,0.03356882265644324
183378,6738484,8,decoder_self_attn,forward,-11.255477905273438,-11.132095336914062,-11.251762390136719,0.030113776898342815
183378,6738484,8,decoder_self_attn,reverse,-11.255477905273438,-11.132095336914062,-11.135734558105469,0.02949542418995795
183378,6738484,8,decoder_cross_attn,forward,-11.255477905273438,-11.132095336914062,-11.236967086791992,0.15002782587187732
183378,6738484,8,decoder_cross_attn,reverse,-11.255477905273438,-11.132095336914062,-11.150346755981445,0.14792542666336878
183378,6738484,8,decoder_mlp,forward,-11.255477905273438,-11.132095336914062,-11.257730484008789,-0.018256863715063073
183378,6738484,8,decoder_mlp,reverse,-11.255477905273438,-11.132095336914062,-11.1298246383667,-0.018403722483304477
183378,6738484,9,decoder_self_attn,forward,-11.255477905273438,-11.132095336914062,-11.243301391601562,0.09868909225822409
183378,6738484,9,decoder_self_attn,reverse,-11.255477905273438,-11.132095336914062,-11.144024848937988,0.0966871753648281
183378,6738484,9,decoder_cross_attn,forward,-11.255477905273438,-11.132095336914062,-11.246744155883789,0.07078592629235717
183378,6738484,9,decoder_cross_attn,reverse,-11.255477905273438,-11.132095336914062,-11.141189575195312,0.07370764283947563
183378,6738484,9,decoder_mlp,forward,-11.255477905273438,-11.132095336914062,-11.247701644897461,0.06302559980212713
183378,6738484,9,decoder_mlp,reverse,-11.255477905273438,-11.132095336914062,-11.13998031616211,0.06390675241157556
183378,6738484,10,decoder_self_attn,forward,-11.255477905273438,-11.132095336914062,-11.251840591430664,0.02947996537224833
183378,6738484,10,decoder_self_attn,reverse,-11.255477905273438,-11.132095336914062,-11.135658264160156,0.028877071481573088
183378,6738484,10,decoder_cross_attn,forward,-11.255477905273438,-11.132095336914062,-11.243701934814453,0.09544274053920355
183378,6738484,10,decoder_cross_attn,reverse,-11.255477905273438,-11.132095336914062,-11.14425277709961,0.09853450408112788
183378,6738484,10,decoder_mlp,forward,-11.255477905273438,-11.132095336914062,-11.260299682617188,-0.039079891169923324
183378,6738484,10,decoder_mlp,reverse,-11.255477905273438,-11.132095336914062,-11.12722110748291,-0.039505008656937915
183378,6738484,11,decoder_self_attn,forward,-11.255477905273438,-11.132095336914062,-11.254532814025879,0.007659844175117487
183378,6738484,11,decoder_self_attn,reverse,-11.255477905273438,-11.132095336914062,-11.133090019226074,0.008061773435567647
183378,6738484,11,decoder_cross_attn,forward,-11.255477905273438,-11.132095336914062,-11.211799621582031,0.3540069255503339
183378,6738484,11,decoder_cross_attn,reverse,-11.255477905273438,-11.132095336914062,-11.176107406616211,0.3567122186495177
183378,6738484,11,decoder_mlp,forward,-11.255477905273438,-11.132095336914062,-11.246803283691406,0.07030670294335889
183378,6738484,11,decoder_mlp,reverse,-11.255477905273438,-11.132095336914062,-11.140775680541992,0.07035307939648776
1106007,2355828,0,encoder_self_attn,forward,-11.87150764465332,-11.752997398376465,-11.866209030151367,0.044710180498442866
1106007,2355828,0,encoder_self_attn,reverse,-11.87150764465332,-11.752997398376465,-11.832215309143066,0.6684477777688365
1106007,2355828,0,encoder_mlp,forward,-11.87150764465332,-11.752997398376465,-11.875529289245605,-0.03393499480956328
1106007,2355828,0,encoder_mlp,reverse,-11.87150764465332,-11.752997398376465,-11.744489669799805,-0.07178897052314774
1106007,2355828,1,encoder_self_attn,forward,-11.87150764465332,-11.752997398376465,-11.863884925842285,0.06432117939597802
1106007,2355828,1,encoder_self_attn,reverse,-11.87150764465332,-11.752997398376465,-11.75676441192627,0.03178639542275906
1106007,2355828,1,encoder_mlp,forward,-11.87150764465332,-11.752997398376465,-11.86117935180664,0.08715105377936218
1106007,2355828,1,encoder_mlp,reverse,-11.87150764465332,-11.752997398376465,-11.735261917114258,-0.1496535685258355
1106007,2355828,2,encoder_self_attn,forward,-11.87150764465332,-11.752997398376465,-11.830350875854492,0.34728447616825064
1106007,2355828,2,encoder_self_attn,reverse,-11.87150764465332,-11.752997398376465,-11.811893463134766,0.4969702334489446
1106007,2355828,2,encoder_mlp,forward,-11.87150764465332,-11.752997398376465,-11.85485553741455,0.1405119621460243
1106007,2355828,2,encoder_mlp,reverse,-11.87150764465332,-11.752997398376465,-11.783696174621582,0.2590390047236998
1106007,2355828,3,encoder_self_attn,forward,-11.87150764465332,-11.752997398376465,-11.849935531616211,0.182027408724762
1106007,2355828,3,encoder_self_attn,reverse,-11.87150764465332,-11.752997398376465,-11.81735610961914,0.5430645304063025
1106007,2355828,3,encoder_mlp,forward,-11.87150764465332,-11.752997398376465,-11.852309226989746,0.1619979560140665
1106007,2355828,3,encoder_mlp,reverse,-11.87150764465332,-11.752997398376465,-11.820901870727539,0.5729839780472692
1106007,2355828,4,encoder_self_attn,forward,-11.87150764465332,-11.752997398376465,-11.901187896728516,-0.25044460717648287
1106007,2355828,4,encoder_self_attn,reverse,-11.87150764465332,-11.752997398376465,-11.765920639038086,0.10904745427185013
1106007,2355828,4,encoder_mlp,forward,-11.87150764465332,-11.752997398376465,-11.871658325195312,-0.0012714558169103624
1106007,2355828,4,encoder_mlp,reverse,-11.87150764465332,-11.752997398376465,-11.749814987182617,-0.026853468740695437
1106007,2355828,5,encoder_self_attn,forward,-11.87150764465332,-11.752997398376465,-11.868925094604492,0.021791787039197857
1106007,2355828,5,encoder_self_attn,reverse,-11.87150764465332,-11.752997398376465,-11.747873306274414,-0.04323754496366694
1106007,2355828,5,encoder_mlp,forward,-11.87150764465332,-11.752997398376465,-11.876251220703125,-0.04002671666653255
1106007,2355828,5,encoder_mlp,reverse,-11.87150764465332,-11.752997398376465,-11.727154731750488,-0.21806271978884176
1106007,2355828,6,encoder_self_attn,forward,-11.87150764465332,-11.752997398376465,-11.872055053710938,-0.004619086322193342
1106007,2355828,6,encoder_self_attn,reverse,-11.87150764465332,-11.752997398376465,-11.738754272460938,-0.12018476345288773
1106007,2355828,6,encoder_mlp,forward,-11.87150764465332,-11.752997398376465,-11.870498657226562,0.008513925660070655
1106007,2355828,6,encoder_mlp,reverse,-11.87150764465332,-11.752997398376465,-11.76294994354248,0.0839804614258009
1106007,2355828,7,encoder_self_attn,forward,-11.87150764465332,-11.752997398376465,-11.878616333007812,-0.05998374467879646
1106007,2355828,7,encoder_self_attn,reverse,-11.87150764465332,-11.752997398376465,-11.762481689453125,0.08002929176692122
1106007,2355828,7,encoder_mlp,forward,-11.87150764465332,-11.752997398376465,-11.806546211242676,0.548150353673944
1106007,2355828,7,encoder_mlp,reverse,-11.87150764465332,-11.752997398376465,-11.84195327758789,0.7506176217338473
1106007,2355828,8,encoder_self_attn,forward,-11.87150764465332,-11.752997398376465,-11.84984016418457,0.18283212759622425
1106007,2355828,8,encoder_self_attn,reverse,-11.87150764465332,-11.752997398376465,-11.764748573303223,0.09915745934157902
1106007,2355828,8,encoder_mlp,forward,-11.87150764465332,-11.752997398376465,-11.863646507263184,0.06633297657463365
1106007,2355828,8,encoder_mlp,reverse,-11.87150764465332,-11.752997398376465,-11.738649368286133,-0.12106995421149622
1106007,2355828,9,encoder_self_attn,forward,-11.87150764465332,-11.752997398376465,-11.829669952392578,0.3530301689104911
1106007,2355828,9,encoder_self_attn,reverse,-11.87150764465332,-11.752997398376465,-11.787591934204102,0.2919117706229329
1106007,2355828,9,encoder_mlp,forward,-11.87150764465332,-11.752997398376465,-11.84687328338623,0.207866931687415
1106007,2355828,9,encoder_mlp,reverse,-11.87150764465332,-11.752997398376465,-11.757820129394531,0.04069463332984622
1106007,2355828,10,encoder_self_attn,forward,-11.87150764465332,-11.752997398376465,-11.724689483642578,1.238864702616141
1106007,2355828,10,encoder_self_attn,reverse,-11.87150764465332,-11.752997398376465,-11.890274047851562,1.1583525795263425
1106007,2355828,10,encoder_mlp,forward,-11.87150764465332,-11.752997398376465,-11.9069242477417,-0.29884844729493754
1106007,2355828,10,encoder_mlp,reverse,-11.87150764465332,-11.752997398376465,-11.707846641540527,-0.38098610250508985
1106007,2355828,11,encoder_self_attn,forward,-11.87150764465332,-11.752997398376465,-11.776968002319336,0.7977339116579623
1106007,2355828,11,encoder_self_attn,reverse,-11.87150764465332,-11.752997398376465,-11.83857536315918,0.7221144793066542
1106007,2355828,11,encoder_mlp,forward,-11.87150764465332,-11.752997398376465,-11.822772979736328,0.4112274376946414
1106007,2355828,11,encoder_mlp,reverse,-11.87150764465332,-11.752997398376465,-11.792354583740234,0.3320994310637579
1106007,2355828,0,decoder_self_attn,forward,-11.87150764465332,-11.752997398376465,-11.87150764465332,0.0
1106007,2355828,0,decoder_self_attn,reverse,-11.87150764465332,-11.752997398376465,-11.752997398376465,0.0
1106007,2355828,0,decoder_cross_attn,forward,-11.87150764465332,-11.752997398376465,-11.863779067993164,0.06521441734330112
1106007,2355828,0,decoder_cross_attn,reverse,-11.87150764465332,-11.752997398376465,-11.7605619430542,0.06383030088438604
1106007,2355828,0,decoder_mlp,forward,-11.87150764465332,-11.752997398376465,-11.87183952331543,-0.002800421672688646
1106007,2355828,0,decoder_mlp,reverse,-11.87150764465332,-11.752997398376465,-11.752617835998535,-0.0032027811084197736
1106007,2355828,1,decoder_self_attn,forward,-11.87150764465332,-11.752997398376465,-11.87135124206543,0.0013197389491980977
1106007,2355828,1,decoder_self_attn,reverse,-11.87150764465332,-11.752997398376465,-11.753336906433105,0.0028647991824056265
1106007,2355828,1,decoder_cross_attn,forward,-11.87150764465332,-11.752997398376465,-11.886563301086426,-0.12704096823774613
1106007,2355828,1,decoder_cross_attn,reverse,-11.87150764465332,-11.752997398376465,-11.737793922424316,-0.12828828248851265
1106007,2355828,1,decoder_mlp,forward,-11.87150764465332,-11.752997398376465,-11.8722562789917,-0.006317043140978699
1106007,2355828,1,decoder_mlp,reverse,-11.87150764465332,-11.752997398376465,-11.752188682556152,-0.00682401602999992
1106007,2355828,2,decoder_self_attn,forward,-11.87150764465332,-11.752997398376465,-11.873188018798828,-0.014179146515164926
1106007,2355828,2,decoder_self_attn,reverse,-11.87150764465332,-11.752997398376465,-11.751100540161133,-0.016005858353384247
1106007,2355828,2,decoder_cross_attn,forward,-11.87150764465332,-11.752997398376465,-11.862757682800293,0.07383295645666187
1106007,2355828,2,decoder_cross_attn,reverse,-11.87150764465332,-11.752997398376465,-11.761968612670898,0.0756999042384543
1106007,2355828,2,decoder_mlp,forward,-11.87150764465332,-11.752997398376465,-11.871810913085938,-0.0025590060112499697
1106007,2355828,2,decoder_mlp,reverse,-11.87150764465332,-11.752997398376465,-11.752817153930664,-0.0015209186670636613
1106007,2355828,3,decoder_self_attn,forward,-11.87150764465332,-11.752997398376465,-11.869997024536133,0.012746746923962113
1106007,2355828,3,decoder_self_attn,reverse,-11.87150764465332,-11.752997398376465,-11.754411697387695,0.011933980863785236
1106007,2355828,3,decoder_cross_attn,forward,-11.87150764465332,-11.752997398376465,-11.871275901794434,0.001955466857653279
1106007,2355828,3,decoder_cross_attn,reverse,-11.87150764465332,-11.752997398376465,-11.753520011901855,0.004409859415613155
1106007,2355828,3,decoder_mlp,forward,-11.87150764465332,-11.752997398376465,-11.871036529541016,0.003975311225023538
1106007,2355828,3,decoder_mlp,reverse,-11.87150764465332,-11.752997398376465,-11.75338077545166,0.003234969863278264
1106007,2355828,4,decoder_self_attn,forward,-11.87150764465332,-11.752997398376465,-11.870237350463867,0.010718855367877232
1106007,2355828,4,decoder_self_attn,reverse,-11.87150764465332,-11.752997398376465,-11.754226684570312,0.010372826253148462
1106007,2355828,4,decoder_cross_attn,forward,-11.87150764465332,-11.752997398376465,-11.870561599731445,0.007982811204905566
1106007,2355828,4,decoder_cross_attn,reverse,-11.87150764465332,-11.752997398376465,-11.753429412841797,0.0036453764877240136
1106007,2355828,4,decoder_mlp,forward,-11.87150764465332,-11.752997398376465,-11.870436668395996,0.00903699292652112
1106007,2355828,4,decoder_mlp,reverse,-11.87150764465332,-11.752997398376465,-11.754145622253418,0.009688815212405546
1106007,2355828,5,decoder_self_attn,forward,-11.87150764465332,-11.752997398376465,-11.87460708618164,-0.026153363322523278
1106007,2355828,5,decoder_self_attn,reverse,-11.87150764465332,-11.752997398376465,-11.749752044677734,-0.027384583195860526
1106007,2355828,5,decoder_cross_attn,forward,-11.87150764465332,-11.752997398376465,-11.868746757507324,0.023296611328832272
1106007,2355828,5,decoder_cross_attn,reverse,-11.87150764465332,-11.752997398376465,-11.756148338317871,0.026587911513112895
1106007,2355828,5,decoder_mlp,forward,-11.87150764465332,-11.752997398376465,-11.87148666381836,0.00017703815172169602
1106007,2355828,5,decoder_mlp,reverse,-11.87150764465332,-11.752997398376465,-11.753233909606934,0.0019957028012263915
1106007,2355828,6,decoder_self_attn,forward,-11.87150764465332,-11.752997398376465,-11.868799209594727,0.02285401594952803
1106007,2355828,6,decoder_self_attn,reverse,-11.87150764465332,-11.752997398376465,-11.755395889282227,0.020238679617275705
1106007,2355828,6,decoder_cross_attn,forward,-11.87150764465332,-11.752997398376465,-11.853435516357422,0.15249422614209726
1106007,2355828,6,decoder_cross_attn,reverse,-11.87150764465332,-11.752997398376465,-11.771141052246094,0.15309776529569394
1106007,2355828,6,decoder_mlp,forward,-11.87150764465332,-11.752997398376465,-11.875774383544922,-0.03600312230922127
1106007,2355828,6,decoder_mlp,reverse,-11.87150764465332,-11.752997398376465,-11.748793601989746,-0.03547200785405619
1106007,2355828,7,decoder_self_attn,forward,-11.87150764465332,-11.752997398376465,-11.867923736572266,0.030241335189551532
1106007,2355828,7,decoder_self_attn,reverse,-11.87150764465332,-11.752997398376465,-11.756248474121094,0.027432866328148262
1106007,2355828,7,decoder_cross_attn,forward,-11.87150764465332,-11.752997398376465,-11.857381820678711,0.11919495924098916
1106007,2355828,7,decoder_cross_attn,reverse,-11.87150764465332,-11.752997398376465,-11.767627716064453,0.12345192207102448
1106007,2355828,7,decoder_mlp,forward,-11.87150764465332,-11.752997398376465,-11.87571907043457,-0.03553638536377317
1106007,2355828,7,decoder_mlp,reverse,-11.87150764465332,-11.752997398376465,-11.748719215393066,-0.036099688573796744
1106007,2355828,8,decoder_self_attn,forward,-11.87150764465332,-11.752997398376465,-11.867748260498047,0.03172201791304208
1106007,2355828,8,decoder_self_attn,reverse,-11.87150764465332,-11.752997398376465,-11.757025718688965,0.03399132513056564
1106007,2355828,8,decoder_cross_attn,forward,-11.87150764465332,-11.752997398376465,-11.847090721130371,0.20603217266048107
1106007,2355828,8,decoder_cross_attn,reverse,-11.87150764465332,-11.752997398376465,-11.778006553649902,0.21102947685226167
1106007,2355828,8,decoder_mlp,forward,-11.87150764465332,-11.752997398376465,-11.869421005249023,0.01760724890759413
1106007,2355828,8,decoder_mlp,reverse,-11.87150764465332,-11.752997398376465,-11.754685401916504,0.014243524024881908
1106007,2355828,9,decoder_self_attn,forward,-11.87150764465332,-11.752997398376465,-11.859546661376953,0.10092784085879598
1106007,2355828,9,decoder_self_attn,reverse,-11.87150764465332,-11.752997398376465,-11.765565872192383,0.10605390007001055
1106007,2355828,9,decoder_cross_attn,forward,-11.87150764465332,-11.752997398376465,-11.873403549194336,-0.015997811164669622
1106007,2355828,9,decoder_cross_attn,reverse,-11.87150764465332,-11.752997398376465,-11.752460479736328,-0.004530567246332494
1106007,2355828,9,decoder_mlp,forward,-11.87150764465332,-11.752997398376465,-11.877854347229004,-0.053554040895813046
1106007,2355828,9,decoder_mlp,reverse,-11.87150764465332,-11.752997398376465,-11.746261596679688,-0.056837293891379044
1106007,2355828,10,decoder_self_attn,forward,-11.87150764465332,-11.752997398376465,-11.87198257446289,-0.004007499979882028
1106007,2355828,10,decoder_self_attn,reverse,-11.87150764465332,-11.752997398376465,-11.752436637878418,-0.0047317469641980575
1106007,2355828,10,decoder_cross_attn,forward,-11.87150764465332,-11.752997398376465,-11.868534088134766,0.0250911344121931
1106007,2355828,10,decoder_cross_attn,reverse,-11.87150764465332,-11.752997398376465,-11.756978034973145,0.03358896569483451
1106007,2355828,10,decoder_mlp,forward,-11.87150764465332,-11.752997398376465,-11.883367538452148,-0.10007483885504599
1106007,2355828,10,decoder_mlp,reverse,-11.87150764465332,-11.752997398376465,-11.741105079650879,-0.10034844327134315
1106007,2355828,11,decoder_self_attn,forward,-11.87150764465332,-11.752997398376465,-11.867621421813965,0.03279229401208688
1106007,2355828,11,decoder_self_attn,reverse,-11.87150764465332,-11.752997398376465,-11.75678825378418,0.03198757514062462
1106007,2355828,11,decoder_cross_attn,forward,-11.87150764465332,-11.752997398376465,-11.815848350524902,0.4696580749515157
1106007,2355828,11,decoder_cross_attn,reverse,-11.87150764465332,-11.752997398376465,-11.809026718139648,0.4727803841727892
1106007,2355828,11,decoder_mlp,forward,-11.87150764465332,-11.752997398376465,-11.869495391845703,0.016979568187853573
1106007,2355828,11,decoder_mlp,reverse,-11.87150764465332,-11.752997398376465,-11.755027770996094,0.017132464773431402
47923,7946829,0,encoder_self_attn,forward,-6.276603698730469,-6.163637161254883,-6.247596740722656,0.25677478177182705
47923,7946829,0,encoder_self_attn,reverse,-6.276603698730469,-6.163637161254883,-6.186500549316406,0.2023908014925625
47923,7946829,0,encoder_mlp,forward,-6.276603698730469,-6.163637161254883,-6.265094757080078,0.10187921049521333
47923,7946829,0,encoder_mlp,reverse,-6.276603698730469,-6.163637161254883,-6.129682540893555,-0.3005723740861431
47923,7946829,1,encoder_self_attn,forward,-6.276603698730469,-6.163637161254883,-6.247166633605957,0.2605821669171155
47923,7946829,1,encoder_self_attn,reverse,-6.276603698730469,-6.163637161254883,-6.180692672729492,0.15097843888766949
47923,7946829,1,encoder_mlp,forward,-6.276603698730469,-6.163637161254883,-6.25395393371582,0.20049977206341701
47923,7946829,1,encoder_mlp,reverse,-6.276603698730469,-6.163637161254883,-6.123664855957031,-0.35384199773751834
47923,7946829,2,encoder_self_attn,forward,-6.276603698730469,-6.163637161254883,-6.278520584106445,-0.01696861228831445
47923,7946829,2,encoder_self_attn,reverse,-6.276603698730469,-6.163637161254883,-6.17474365234375,0.09831664612423388
47923,7946829,2,encoder_mlp,forward,-6.276603698730469,-6.163637161254883,-6.27442741394043,0.019264862309419692
47923,7946829,2,encoder_mlp,reverse,-6.276603698730469,-6.163637161254883,-6.161535263061523,-0.0186063788474851
47923,7946829,3,encoder_self_attn,forward,-6.276603698730469,-6.163637161254883,-6.322418212890625,-0.4055582757863812
47923,7946829,3,encoder_self_attn,reverse,-6.276603698730469,-6.163637161254883,-6.1271514892578125,-0.3229776959832509
47923,7946829,3,encoder_mlp,forward,-6.276603698730469,-6.163637161254883,-6.263297080993652,0.11779256082529928
47923,7946829,3,encoder_mlp,reverse,-6.276603698730469,-6.163637161254883,-6.1640472412109375,0.003630101136306077
47923,7946829,4,encoder_self_attn,forward,-6.276603698730469,-6.163637161254883,-6.293912887573242,-0.15322403633477974
47923,7946829,4,encoder_self_attn,reverse,-6.276603698730469,-6.163637161254883,-6.149045944213867,-0.1291640636871697
47923,7946829,4,encoder_mlp,forward,-6.276603698730469,-6.163637161254883,-6.243932723999023,0.28920931331993854
47923,7946829,4,encoder_mlp,reverse,-6.276603698730469,-6.163637161254883,-6.218523025512695,0.485859489759738
47923,7946829,5,encoder_self_attn,forward,-6.276603698730469,-6.163637161254883,-6.289473533630371,-0.11392608101035001
47923,7946829,5,encoder_self_attn,reverse,-6.276603698730469,-6.163637161254883,-6.16071891784668,-0.02583281273743394
47923,7946829,5,encoder_mlp,forward,-6.276603698730469,-6.163637161254883,-6.308616638183594,-0.28338426731051714
47923,7946829,5,encoder_mlp,reverse,-6.276603698730469,-6.163637161254883,-6.055671691894531,-0.9557296503283975
47923,7946829,6,encoder_self_attn,forward,-6.276603698730469,-6.163637161254883,-6.320156097412109,-0.385533624867037
47923,7946829,6,encoder_self_attn,reverse,-6.276603698730469,-6.163637161254883,-6.103482246398926,-0.5325020683134382
47923,7946829,6,encoder_mlp,forward,-6.276603698730469,-6.163637161254883,-6.288357734680176,-0.10404882908133115
47923,7946829,6,encoder_mlp,reverse,-6.276603698730469,-6.163637161254883,-6.102117538452148,-0.5445827072112381
47923,7946829,7,encoder_self_attn,forward,-6.276603698730469,-6.163637161254883,-6.269441604614258,0.06340013845036892
47923,7946829,7,encoder_self_attn,reverse,-6.276603698730469,-6.163637161254883,-6.179437637329102,0.13986864099143972
47923,7946829,7,encoder_mlp,forward,-6.276603698730469,-6.163637161254883,-6.270234107971191,0.05638475695206578
47923,7946829,7,encoder_mlp,reverse,-6.276603698730469,-6.163637161254883,-6.152222633361816,-0.10104344302429635
47923,7946829,8,encoder_self_attn,forward,-6.276603698730469,-6.163637161254883,-6.2469482421875,0.2625154068245901
47923,7946829,8,encoder_self_attn,reverse,-6.276603698730469,-6.163637161254883,-6.162923812866211,-0.0063146875580394075
47923,7946829,8,encoder_mlp,forward,-6.276603698730469,-6.163637161254883,-6.273969650268555,0.02331706822901717
47923,7946829,8,encoder_mlp,reverse,-6.276603698730469,-6.163637161254883,-6.1610002517700195,-0.023342394516014657
47923,7946829,9,encoder_self_attn,forward,-6.276603698730469,-6.163637161254883,-6.185478210449219,0.8066591250612052
47923,7946829,9,encoder_self_attn,reverse,-6.276603698730469,-6.163637161254883,-6.246580123901367,0.7342259442484003
47923,7946829,9,encoder_mlp,forward,-6.276603698730469,-6.163637161254883,-6.257347106933594,0.1704627956844007
47923,7946829,9,encoder_mlp,reverse,-6.276603698730469,-6.163637161254883,-6.184554100036621,0.1851604842386074
47923,7946829,10,encoder_self_attn,forward,-6.276603698730469,-6.163637161254883,-6.175366401672363,0.8961706654059803
47923,7946829,10,encoder_self_attn,reverse,-6.276603698730469,-6.163637161254883,-6.257431983947754,0.830288550829858
47923,7946829,10,encoder_mlp,forward,-6.276603698730469,-6.163637161254883,-6.25184440612793,0.21917368767622875
47923,7946829,10,encoder_mlp,reverse,-6.276603698730469,-6.163637161254883,-6.182863235473633,0.1701926486230942
47923,7946829,11,encoder_self_attn,forward,-6.276603698730469,-6.163637161254883,-6.190146446228027,0.7653350667769767
47923,7946829,11,encoder_self_attn,reverse,-6.276603698730469,-6.163637161254883,-6.243409156799316,0.7061559761595219
47923,7946829,11,encoder_mlp,forward,-6.276603698730469,-6.163637161254883,-6.255110740661621,0.19025951002076755
47923,7946829,11,encoder_mlp,reverse,-6.276603698730469,-6.163637161254883,-6.187159538269043,0.20822428959764971
47923,7946829,0,decoder_self_attn,forward,-6.276603698730469,-6.163637161254883,-6.276603698730469,0.0
47923,7946829,0,decoder_self_attn,reverse,-6.276603698730469,-6.163637161254883,-6.163637161254883,0.0
47923,7946829,0,decoder_cross_attn,forward,-6.276603698730469,-6.163637161254883,-6.271949768066406,0.041197426849241055
47923,7946829,0,decoder_cross_attn,reverse,-6.276603698730469,-6.163637161254883,-6.168204307556152,0.0404291961436507
47923,7946829,0,decoder_mlp,forward,-6.276603698730469,-6.163637161254883,-6.274824142456055,0.015752950512435207
47923,7946829,0,decoder_mlp,reverse,-6.276603698730469,-6.163637161254883,-6.165280342102051,0.014545730832221791
47923,7946829,1,decoder_self_attn,forward,-6.276603698730469,-6.163637161254883,-6.2759552001953125,0.005740625052763098
47923,7946829,1,decoder_self_attn,reverse,-6.276603698730469,-6.163637161254883,-6.164319038391113,0.006036098401067081
47923,7946829,1,decoder_cross_attn,forward,-6.276603698730469,-6.163637161254883,-6.274410247802734,0.019416820031404596
47923,7946829,1,decoder_cross_attn,reverse,-6.276603698730469,-6.163637161254883,-6.166234970092773,0.022996268593715705
47923,7946829,1,decoder_mlp,forward,-6.276603698730469,-6.163637161254883,-6.2766571044921875,-0.00047275735728637277
47923,7946829,1,decoder_mlp,reverse,-6.276603698730469,-6.163637161254883,-6.163547515869141,-0.00079355699258784
47923,7946829,2,decoder_self_attn,forward,-6.276603698730469,-6.163637161254883,-6.2766571044921875,-0.00047275735728637277
47923,7946829,2,decoder_self_attn,reverse,-6.276603698730469,-6.163637161254883,-6.163605690002441,-0.00027858915697232683
47923,7946829,2,decoder_cross_attn,forward,-6.276603698730469,-6.163637161254883,-6.272086143493652,0.03999020716902764
47923,7946829,2,decoder_cross_attn,reverse,-6.276603698730469,-6.163637161254883,-6.168123245239258,0.03971161801205531
47923,7946829,2,decoder_mlp,forward,-6.276603698730469,-6.163637161254883,-6.276544570922852,0.0005234099312813413
47923,7946829,2,decoder_mlp,reverse,-6.276603698730469,-6.163637161254883,-6.163689613342285,0.0004643152616205447
47923,7946829,3,decoder_self_attn,forward,-6.276603698730469,-6.163637161254883,-6.2764177322387695,0.0016462086548364766
47923,7946829,3,decoder_self_attn,reverse,-6.276603698730469,-6.163637161254883,-6.163854598999023,0.0019247978118088033
47923,7946829,3,decoder_cross_attn,forward,-6.276603698730469,-6.163637161254883,-6.277421951293945,-0.007243318081280497
47923,7946829,3,decoder_cross_attn,reverse,-6.276603698730469,-6.163637161254883,-6.162848472595215,-0.006981613115639826
47923,7946829,3,decoder_mlp,forward,-6.276603698730469,-6.163637161254883,-6.275914192199707,0.006103635166393706
47923,7946829,3,decoder_mlp,reverse,-6.276603698730469,-6.163637161254883,-6.164299011230469,0.0058588143920846915
47923,7946829,4,decoder_self_attn,forward,-6.276603698730469,-6.163637161254883,-6.276484489440918,0.0010552619582285107
47923,7946829,4,decoder_self_attn,reverse,-6.276603698730469,-6.163637161254883,-6.163761138916016,0.001097472436557651
47923,7946829,4,decoder_cross_attn,forward,-6.276603698730469,-6.163637161254883,-6.276542663574219,0.0005402941226129974
47923,7946829,4,decoder_cross_attn,reverse,-6.276603698730469,-6.163637161254883,-6.163690567016602,0.00047275735728637277
47923,7946829,4,decoder_mlp,forward,-6.276603698730469,-6.163637161254883,-6.276806831359863,-0.0017981663768213822
47923,7946829,4,decoder_mlp,reverse,-6.276603698730469,-6.163637161254883,-6.163454055786133,-0.0016208823678389923
47923,7946829,5,decoder_self_attn,forward,-6.276603698730469,-6.163637161254883,-6.274873733520508,0.015313961537812146
47923,7946829,5,decoder_self_attn,reverse,-6.276603698730469,-6.163637161254883,-6.165300369262695,0.01472301484120418
47923,7946829,5,decoder_cross_attn,forward,-6.276603698730469,-6.163637161254883,-6.274260520935059,0.020742229050939604
47923,7946829,5,decoder_cross_attn,reverse,-6.276603698730469,-6.163637161254883,-6.16599178314209,0.020843534198929543
47923,7946829,5,decoder_mlp,forward,-6.276603698730469,-6.163637161254883,-6.276634216308594,-0.0002701470613064987
47923,7946829,5,decoder_mlp,reverse,-6.276603698730469,-6.163637161254883,-6.1636505126953125,0.00011818933932159319
47923,7946829,6,decoder_self_attn,forward,-6.276603698730469,-6.163637161254883,-6.277585983276367,-0.008695358535802928
47923,7946829,6,decoder_self_attn,reverse,-6.276603698730469,-6.163637161254883,-6.1626434326171875,-0.008796663683792864
47923,7946829,6,decoder_cross_attn,forward,-6.276603698730469,-6.163637161254883,-6.272748947143555,0.03412295068127712
47923,7946829,6,decoder_cross_attn,reverse,-6.276603698730469,-6.163637161254883,-6.167584419250488,0.034941833960862444
47923,7946829,6,decoder_mlp,forward,-6.276603698730469,-6.163637161254883,-6.278886795043945,-0.020210377023992435
47923,7946829,6,decoder_mlp,reverse,-6.276603698730469,-6.163637161254883,-6.161374092102051,-0.020033093015010047
47923,7946829,7,decoder_self_attn,forward,-6.276603698730469,-6.163637161254883,-6.272727966308594,0.034308676785925335
47923,7946829,7,decoder_self_attn,reverse,-6.276603698730469,-6.163637161254883,-6.167547225952148,0.03461259222989515
47923,7946829,7,decoder_cross_attn,forward,-6.276603698730469,-6.163637161254883,-6.267582893371582,0.07985378290306785
47923,7946829,7,decoder_cross_attn,reverse,-6.276603698730469,-6.163637161254883,-6.17264461517334,0.07973559356374627
47923,7946829,7,decoder_mlp,forward,-6.276603698730469,-6.163637161254883,-6.27577018737793,0.0073783916119337465
47923,7946829,7,decoder_mlp,reverse,-6.276603698730469,-6.163637161254883,-6.164468765258789,0.00736150742060209
47923,7946829,8,decoder_self_attn,forward,-6.276603698730469,-6.163637161254883,-6.273881912231445,0.024093741030273355
47923,7946829,8,decoder_self_attn,reverse,-6.276603698730469,-6.163637161254883,-6.166342735290527,0.02395022540395428
47923,7946829,8,decoder_cross_attn,forward,-6.276603698730469,-6.163637161254883,-6.263545036315918,0.11559761595218397
47923,7946829,8,decoder_cross_attn,reverse,-6.276603698730469,-6.163637161254883,-6.176504135131836,0.11390075472335252
47923,7946829,8,decoder_mlp,forward,-6.276603698730469,-6.163637161254883,-6.278982162475586,-0.021054586590575245
47923,7946829,8,decoder_mlp,reverse,-6.276603698730469,-6.163637161254883,-6.161293983459473,-0.020742229050939604
47923,7946829,9,decoder_self_attn,forward,-6.276603698730469,-6.163637161254883,-6.274216651916504,0.021130565451567697
47923,7946829,9,decoder_self_attn,reverse,-6.276603698730469,-6.163637161254883,-6.165983200073242,0.020767555337937088
47923,7946829,9,decoder_cross_attn,forward,-6.276603698730469,-6.163637161254883,-6.243461608886719,0.2933797085788576
47923,7946829,9,decoder_cross_attn,reverse,-6.276603698730469,-6.163637161254883,-6.1963958740234375,0.28998598612119475
47923,7946829,9,decoder_mlp,forward,-6.276603698730469,-6.163637161254883,-6.271671295166016,0.043662518783662854
47923,7946829,9,decoder_mlp,reverse,-6.276603698730469,-6.163637161254883,-6.168525695800781,0.043274182383034765
47923,7946829,10,decoder_self_attn,forward,-6.276603698730469,-6.163637161254883,-6.271198272705078,0.04784979823391359
47923,7946829,10,decoder_self_attn,reverse,-6.276603698730469,-6.163637161254883,-6.168956756591797,0.04709000962398906
47923,7946829,10,decoder_cross_attn,forward,-6.276603698730469,-6.163637161254883,-6.2620697021484375,0.12865753794722
47923,7946829,10,decoder_cross_attn,reverse,-6.276603698730469,-6.163637161254883,-6.178131103515625,0.12830296992925525
47923,7946829,10,decoder_mlp,forward,-6.276603698730469,-6.163637161254883,-6.284841537475586,-0.072922822361423
47923,7946829,10,decoder_mlp,reverse,-6.276603698730469,-6.163637161254883,-6.163149833679199,-0.004313910885238152
47923,7946829,11,decoder_self_attn,forward,-6.276603698730469,-6.163637161254883,-6.278860092163086,-0.01997399834534925
47923,7946829,11,decoder_self_attn,reverse,-6.276603698730469,-6.163637161254883,-6.161319732666016,-0.020514292467962245
47923,7946829,11,decoder_cross_attn,forward,-6.276603698730469,-6.163637161254883,-6.251621246337891,0.2211491380620325
47923,7946829,11,decoder_cross_attn,reverse,-6.276603698730469,-6.163637161254883,-6.188643455505371,0.22136019045367822
47923,7946829,11,decoder_mlp,forward,-6.276603698730469,-6.163637161254883,-6.268892288208008,0.0682627855538859
47923,7946829,11,decoder_mlp,reverse,-6.276603698730469,-6.163637161254883,-6.171321868896484,0.06802640687524271
1114819,8024890,0,encoder_self_attn,forward,2.3762784004211426,2.484318733215332,2.413801670074463,0.34730797918588385
1114819,8024890,0,encoder_self_attn,reverse,2.3762784004211426,2.484318733215332,2.39450740814209,0.8312759017905612
1114819,8024890,0,encoder_mlp,forward,2.3762784004211426,2.484318733215332,2.384878635406494,0.07960207788080872
1114819,8024890,0,encoder_mlp,reverse,2.3762784004211426,2.484318733215332,2.401322841644287,0.7681935942306589
1114819,8024890,1,encoder_self_attn,forward,2.3762784004211426,2.484318733215332,2.37699031829834,0.00658937138367972
1114819,8024890,1,encoder_self_attn,reverse,2.3762784004211426,2.484318733215332,2.4499659538269043,0.3179625469487194
1114819,8024890,1,encoder_mlp,forward,2.3762784004211426,2.484318733215332,2.3890268802642822,0.11799741368276569
1114819,8024890,1,encoder_mlp,reverse,2.3762784004211426,2.484318733215332,2.428346633911133,0.5180667057997943
1114819,8024890,2,encoder_self_attn,forward,2.3762784004211426,2.484318733215332,2.393934726715088,0.1634234719322791
1114819,8024890,2,encoder_self_attn,reverse,2.3762784004211426,2.484318733215332,2.4627761840820312,0.19939358363823337
1114819,8024890,2,encoder_mlp,forward,2.3762784004211426,2.484318733215332,2.37715482711792,0.008112032554054472
1114819,8024890,2,encoder_mlp,reverse,2.3762784004211426,2.484318733215332,2.4919607639312744,-0.07073312825220565
1114819,8024890,3,encoder_self_attn,forward,2.3762784004211426,2.484318733215332,2.3801321983337402,0.035669992982518085
1114819,8024890,3,encoder_self_attn,reverse,2.3762784004211426,2.484318733215332,2.4679577350616455,0.15143417028206746
1114819,8024890,3,encoder_mlp,forward,2.3762784004211426,2.484318733215332,2.375998020172119,-0.0025951442555952283
1114819,8024890,3,encoder_mlp,reverse,2.3762784004211426,2.484318733215332,2.4881057739257812,-0.03505210149309065
1114819,8024890,4,encoder_self_attn,forward,2.3762784004211426,2.484318733215332,2.369401454925537,-0.06365165043230336
1114819,8024890,4,encoder_self_attn,reverse,2.3762784004211426,2.484318733215332,2.4696202278137207,0.13604646544000495
1114819,8024890,4,encoder_mlp,forward,2.3762784004211426,2.484318733215332,2.3827645778656006,0.06003477846383349
1114819,8024890,4,encoder_mlp,reverse,2.3762784004211426,2.484318733215332,2.4642999172210693,0.18529021039205215
1114819,8024890,5,encoder_self_attn,forward,2.3762784004211426,2.484318733215332,2.4256649017333984,0.45711171036777787
1114819,8024890,5,encoder_self_attn,reverse,2.3762784004211426,2.484318733215332,2.429405689239502,0.5082642986710919
1114819,8024890,5,encoder_mlp,forward,2.3762784004211426,2.484318733215332,2.361811637878418,-0.133901499269564
1114819,8024890,5,encoder_mlp,reverse,2.3762784004211426,2.484318733215332,2.4693312644958496,0.138721052887098
1114819,8024890,6,encoder_self_attn,forward,2.3762784004211426,2.484318733215332,2.3955764770507812,0.17861918906155524
1114819,8024890,6,encoder_self_attn,reverse,2.3762784004211426,2.484318733215332,2.4699807167053223,0.1327098513970968
1114819,8024890,6,encoder_mlp,forward,2.3762784004211426,2.484318733215332,2.381669044494629,0.0498947377712654
1114819,8024890,6,encoder_mlp,reverse,2.3762784004211426,2.484318733215332,2.4664602279663086,0.16529480044311648
1114819,8024890,7,encoder_self_attn,forward,2.3762784004211426,2.484318733215332,2.437239170074463,0.5642408541025788
1114819,8024890,7,encoder_self_attn,reverse,2.3762784004211426,2.484318733215332,2.408151865005493,0.7049855016175517
1114819,8024890,7,encoder_mlp,forward,2.3762784004211426,2.484318733215332,2.4122180938720703,0.3326507103545373
1114819,8024890,7,encoder_mlp,reverse,2.3762784004211426,2.484318733215332,2.4508213996887207,0.3100447088627707
1114819,8024890,8,encoder_self_attn,forward,2.3762784004211426,2.484318733215332,2.429004192352295,0.4880195253710659
1114819,8024890,8,encoder_self_attn,reverse,2.3762784004211426,2.484318733215332,2.4297595024108887,0.5049894737771266
1114819,8024890,8,encoder_mlp,forward,2.3762784004211426,2.484318733215332,2.4011783599853516,0.2304691120457946
1114819,8024890,8,encoder_mlp,reverse,2.3762784004211426,2.484318733215332,2.4597420692443848,0.2274767518327103
1114819,8024890,9,encoder_self_attn,forward,2.3762784004211426,2.484318733215332,2.408081531524658,0.29436350556323015
1114819,8024890,9,encoder_self_attn,reverse,2.3762784004211426,2.484318733215332,2.4524426460266113,0.29503877269096157
1114819,8024890,9,encoder_mlp,forward,2.3762784004211426,2.484318733215332,2.3998870849609375,0.21851732523601247
1114819,8024890,9,encoder_mlp,reverse,2.3762784004211426,2.484318733215332,2.4598793983459473,0.2262056607687453
1114819,8024890,10,encoder_self_attn,forward,2.3762784004211426,2.484318733215332,2.45218563079834,0.7025823450747428
1114819,8024890,10,encoder_self_attn,reverse,2.3762784004211426,2.484318733215332,2.383350372314453,0.9345432237164407
1114819,8024890,10,encoder_mlp,forward,2.3762784004211426,2.484318733215332,2.3871312141418457,0.1004515021383459
1114819,8024890,10,encoder_mlp,reverse,2.3762784004211426,2.484318733215332,2.476806163787842,0.06953486011378031
1114819,8024890,11,encoder_self_attn,forward,2.3762784004211426,2.484318733215332,2.4342799186706543,0.5368506070783884
1114819,8024890,11,encoder_self_attn,reverse,2.3762784004211426,2.484318733215332,2.4276540279388428,0.524477330002604
1114819,8024890,11,encoder_mlp,forward,2.3762784004211426,2.484318733215332,2.3949813842773438,0.17311112778437351
1114819,8024890,11,encoder_mlp,reverse,2.3762784004211426,2.484318733215332,2.466667652130127,0.16337492331525266
1114819,8024890,0,decoder_self_attn,forward,2.3762784004211426,2.484318733215332,2.3762784004211426,0.0
1114819,8024890,0,decoder_self_attn,reverse,2.3762784004211426,2.484318733215332,2.484318733215332,0.0
1114819,8024890,0,decoder_cross_attn,forward,2.3762784004211426,2.484318733215332,2.3762738704681396,-4.192835106829025e-05
1114819,8024890,0,decoder_cross_attn,reverse,2.3762784004211426,2.484318733215332,2.4848289489746094,-0.004722456383481112
1114819,8024890,0,decoder_mlp,forward,2.3762784004211426,2.484318733215332,2.37561297416687,-0.006159054096399899
1114819,8024890,0,decoder_mlp,reverse,2.3762784004211426,2.484318733215332,2.484971523284912,-0.006042096064472564
1114819,8024890,1,decoder_self_attn,forward,2.3762784004211426,2.484318733215332,2.376218557357788,-0.000553895585165308
1114819,8024890,1,decoder_self_attn,reverse,2.3762784004211426,2.484318733215332,2.4843783378601074,-0.0005516888298459243
1114819,8024890,1,decoder_cross_attn,forward,2.3762784004211426,2.484318733215332,2.378676176071167,0.022193338247041845
1114819,8024890,1,decoder_cross_attn,reverse,2.3762784004211426,2.484318733215332,2.481645345687866,0.024744347396249398
1114819,8024890,1,decoder_mlp,forward,2.3762784004211426,2.484318733215332,2.3756701946258545,-0.005629432819747812
1114819,8024890,1,decoder_mlp,reverse,2.3762784004211426,2.484318733215332,2.4849886894226074,-0.00620098244746819
1114819,8024890,2,decoder_self_attn,forward,2.3762784004211426,2.484318733215332,2.3764870166778564,0.0019309109044607351
1114819,8024890,2,decoder_self_attn,reverse,2.3762784004211426,2.484318733215332,2.4841432571411133,0.0016241719150664013
1114819,8024890,2,decoder_cross_attn,forward,2.3762784004211426,2.484318733215332,2.379591226577759,0.030662865162836474
1114819,8024890,2,decoder_cross_attn,reverse,2.3762784004211426,2.484318733215332,2.4814341068267822,0.026699532609223354
1114819,8024890,2,decoder_mlp,forward,2.3762784004211426,2.484318733215332,2.3767237663269043,0.004122218936608747
1114819,8024890,2,decoder_mlp,reverse,2.3762784004211426,2.484318733215332,2.483839511871338,0.0044355781919612315
1114819,8024890,3,decoder_self_attn,forward,2.3762784004211426,2.484318733215332,2.3762147426605225,-0.0005892036702754472
1114819,8024890,3,decoder_self_attn,reverse,2.3762784004211426,2.484318733215332,2.484440803527832,-0.001129858723524453
1114819,8024890,3,decoder_cross_attn,forward,2.3762784004211426,2.484318733215332,2.3780977725982666,0.016839749842216995
1114819,8024890,3,decoder_cross_attn,reverse,2.3762784004211426,2.484318733215332,2.4823851585388184,0.017896785640201786
1114819,8024890,3,decoder_mlp,forward,2.3762784004211426,2.484318733215332,2.376758337020874,0.004442198457919383
1114819,8024890,3,decoder_mlp,reverse,2.3762784004211426,2.484318733215332,2.483859062194824,0.004254624255771769
1114819,8024890,4,decoder_self_attn,forward,2.3762784004211426,2.484318733215332,2.3769400119781494,0.00612374601128976
1114819,8024890,4,decoder_self_attn,reverse,2.3762784004211426,2.484318733215332,2.4836323261260986,0.006353248564505665
1114819,8024890,4,decoder_cross_attn,forward,2.3762784004211426,2.484318733215332,2.3795762062072754,0.030523839577715303
1114819,8024890,4,decoder_cross_attn,reverse,2.3762784004211426,2.484318733215332,2.481027364730835,0.03046425718409194
1114819,8024890,4,decoder_mlp,forward,2.3762784004211426,2.484318733215332,2.375636577606201,-0.0059405853197809135
1114819,8024890,4,decoder_mlp,reverse,2.3762784004211426,2.484318733215332,2.4849939346313477,-0.006249531064494631
1114819,8024890,5,decoder_self_attn,forward,2.3762784004211426,2.484318733215332,2.3769516944885254,0.0062318770219395615
1114819,8024890,5,decoder_self_attn,reverse,2.3762784004211426,2.484318733215332,2.4836440086364746,0.006245117553855864
1114819,8024890,5,decoder_cross_attn,forward,2.3762784004211426,2.484318733215332,2.3814945220947266,0.04827939287747653
1114819,8024890,5,decoder_cross_attn,reverse,2.3762784004211426,2.484318733215332,2.4794182777404785,0.04535764883461252
1114819,8024890,5,decoder_mlp,forward,2.3762784004211426,2.484318733215332,2.3769540786743164,0.006253944575133398
1114819,8024890,5,decoder_mlp,reverse,2.3762784004211426,2.484318733215332,2.4836628437042236,0.006070783883624552
1114819,8024890,6,decoder_self_attn,forward,2.3762784004211426,2.484318733215332,2.37788724899292,0.01489118489520119
1114819,8024890,6,decoder_self_attn,reverse,2.3762784004211426,2.484318733215332,2.4825830459594727,0.016065178725113316
1114819,8024890,6,decoder_cross_attn,forward,2.3762784004211426,2.484318733215332,2.3823869228363037,0.05653927803792971
1114819,8024890,6,decoder_cross_attn,reverse,2.3762784004211426,2.484318733215332,2.4783220291137695,0.05550430979313876
1114819,8024890,6,decoder_mlp,forward,2.3762784004211426,2.484318733215332,2.3764867782592773,0.0019287041491413514
1114819,8024890,6,decoder_mlp,reverse,2.3762784004211426,2.484318733215332,2.4840922355651855,0.0020964175534145123
1114819,8024890,7,decoder_self_attn,forward,2.3762784004211426,2.484318733215332,2.3800854682922363,0.03523746893991888
1114819,8024890,7,decoder_self_attn,reverse,2.3762784004211426,2.484318733215332,2.480551242828369,0.03487114755690118
1114819,8024890,7,decoder_cross_attn,forward,2.3762784004211426,2.484318733215332,2.3836817741394043,0.06852416617750257
1114819,8024890,7,decoder_cross_attn,reverse,2.3762784004211426,2.484318733215332,2.4769301414489746,0.06838734734770079
1114819,8024890,7,decoder_mlp,forward,2.3762784004211426,2.484318733215332,2.378387212753296,0.019518750799948803
1114819,8024890,7,decoder_mlp,reverse,2.3762784004211426,2.484318733215332,2.482264518737793,0.019013403831809935
1114819,8024890,8,decoder_self_attn,forward,2.3762784004211426,2.484318733215332,2.3786566257476807,0.02201238431085238
1114819,8024890,8,decoder_self_attn,reverse,2.3762784004211426,2.484318733215332,2.481909990310669,0.022294848991733493
1114819,8024890,8,decoder_cross_attn,forward,2.3762784004211426,2.484318733215332,2.389547109603882,0.12281255378966091
1114819,8024890,8,decoder_cross_attn,reverse,2.3762784004211426,2.484318733215332,2.4713120460510254,0.12038732969365823
1114819,8024890,8,decoder_mlp,forward,2.3762784004211426,2.484318733215332,2.376652240753174,0.0034601923407936376
1114819,8024890,8,decoder_mlp,reverse,2.3762784004211426,2.484318733215332,2.4839234352111816,0.00365880031953817
1114819,8024890,9,decoder_self_attn,forward,2.3762784004211426,2.484318733215332,2.380567789077759,0.0397017349510321
1114819,8024890,9,decoder_self_attn,reverse,2.3762784004211426,2.484318733215332,2.4801530838012695,0.03855642894027196
1114819,8024890,9,decoder_cross_attn,forward,2.3762784004211426,2.484318733215332,2.389967918395996,0.12670747692837314
1114819,8024890,9,decoder_cross_attn,reverse,2.3762784004211426,2.484318733215332,2.470773220062256,0.1253745967154654
1114819,8024890,9,decoder_mlp,forward,2.3762784004211426,2.484318733215332,2.3749871253967285,-0.011951786809782105
1114819,8024890,9,decoder_mlp,reverse,2.3762784004211426,2.484318733215332,2.4855797290802,-0.011671528884220376
1114819,8024890,10,decoder_self_attn,forward,2.3762784004211426,2.484318733215332,2.3787739276885986,0.02309810792798916
1114819,8024890,10,decoder_self_attn,reverse,2.3762784004211426,2.484318733215332,2.4817917346954346,0.023389399630147807
1114819,8024890,10,decoder_cross_attn,forward,2.3762784004211426,2.484318733215332,2.3806471824645996,0.04043658447238687
1114819,8024890,10,decoder_cross_attn,reverse,2.3762784004211426,2.484318733215332,2.48012113571167,0.03885213415306937
1114819,8024890,10,decoder_mlp,forward,2.3762784004211426,2.484318733215332,2.3752267360687256,-0.00973399771380149
1114819,8024890,10,decoder_mlp,reverse,2.3762784004211426,2.484318733215332,2.485609531402588,-0.011947373299143338
1114819,8024890,11,decoder_self_attn,forward,2.3762784004211426,2.484318733215332,2.3772377967834473,0.008879983405199998
1114819,8024890,11,decoder_self_attn,reverse,2.3762784004211426,2.484318733215332,2.483236312866211,0.010018669150001986
1114819,8024890,11,decoder_cross_attn,forward,2.3762784004211426,2.484318733215332,2.399744749069214,0.21719989231034043
1114819,8024890,11,decoder_cross_attn,reverse,2.3762784004211426,2.484318733215332,2.460752010345459,0.21812893629980096
1114819,8024890,11,decoder_mlp,forward,2.3762784004211426,2.484318733215332,2.3717217445373535,-0.042175507664061224
1114819,8024890,11,decoder_mlp,reverse,2.3762784004211426,2.484318733215332,2.488786220550537,-0.04135018117461172
264014,528373,0,encoder_self_attn,forward,-0.6220276355743408,-0.5158097743988037,-0.6806826591491699,-0.5522143161769657
264014,528373,0,encoder_self_attn,reverse,-0.6220276355743408,-0.5158097743988037,-0.5286588668823242,0.12096922627999372
264014,528373,0,encoder_mlp,forward,-0.6220276355743408,-0.5158097743988037,-0.6400802135467529,-0.1699580256335436
264014,528373,0,encoder_mlp,reverse,-0.6220276355743408,-0.5158097743988037,-0.4001736640930176,-1.0886691656752936
264014,528373,1,encoder_self_attn,forward,-0.6220276355743408,-0.5158097743988037,-0.680551290512085,-0.5509775313685439
264014,528373,1,encoder_self_attn,reverse,-0.6220276355743408,-0.5158097743988037,-0.5073952674865723,-0.07921932167628111
264014,528373,1,encoder_mlp,forward,-0.6220276355743408,-0.5158097743988037,-0.6697289943695068,-0.44908980718726854
264014,528373,1,encoder_mlp,reverse,-0.6220276355743408,-0.5158097743988037,-0.31953883171081543,-1.8478148638638863
264014,528373,2,encoder_self_attn,forward,-0.6220276355743408,-0.5158097743988037,-0.6323795318603516,-0.09745909182734394
264014,528373,2,encoder_self_attn,reverse,-0.6220276355743408,-0.5158097743988037,-0.4731135368347168,-0.4019685304482503
264014,528373,2,encoder_mlp,forward,-0.6220276355743408,-0.5158097743988037,-0.6178007125854492,0.03979484186662477
264014,528373,2,encoder_mlp,reverse,-0.6220276355743408,-0.5158097743988037,-0.5071601867675781,-0.0814325155439833
264014,528373,3,encoder_self_attn,forward,-0.6220276355743408,-0.5158097743988037,-0.607302188873291,0.13863437408812374
264014,528373,3,encoder_self_attn,reverse,-0.6220276355743408,-0.5158097743988037,-0.5929315090179443,0.7260712441920496
264014,528373,3,encoder_mlp,forward,-0.6220276355743408,-0.5158097743988037,-0.5673854351043701,0.51443514174766
264014,528373,3,encoder_mlp,reverse,-0.6220276355743408,-0.5158097743988037,-0.5798323154449463,0.6027474130771475
264014,528373,4,encoder_self_attn,forward,-0.6220276355743408,-0.5158097743988037,-0.6392812728881836,-0.16243630894929406
264014,528373,4,encoder_self_attn,reverse,-0.6220276355743408,-0.5158097743988037,-0.5213134288787842,0.05181477407914525
264014,528373,4,encoder_mlp,forward,-0.6220276355743408,-0.5158097743988037,-0.5774707794189453,0.41948553343359296
264014,528373,4,encoder_mlp,reverse,-0.6220276355743408,-0.5158097743988037,-0.5721206665039062,0.5301452268187021
264014,528373,5,encoder_self_attn,forward,-0.6220276355743408,-0.5158097743988037,-0.6111645698547363,0.1022715539494063
264014,528373,5,encoder_self_attn,reverse,-0.6220276355743408,-0.5158097743988037,-0.6098332405090332,0.8851944961953716
264014,528373,5,encoder_mlp,forward,-0.6220276355743408,-0.5158097743988037,-0.558502197265625,0.598067383448183
264014,528373,5,encoder_mlp,reverse,-0.6220276355743408,-0.5158097743988037,-0.5258829593658447,0.09483513276918587
264014,528373,6,encoder_self_attn,forward,-0.6220276355743408,-0.5158097743988037,-0.6095254421234131,0.1177033063230904
264014,528373,6,encoder_self_attn,reverse,-0.6220276355743408,-0.5158097743988037,-0.5511531829833984,0.3327444950730623
264014,528373,6,encoder_mlp,forward,-0.6220276355743408,-0.5158097743988037,-0.6009807586669922,0.1981481897151579
264014,528373,6,encoder_mlp,reverse,-0.6220276355743408,-0.5158097743988037,-0.48598337173461914,-0.2808040223564005
264014,528373,7,encoder_self_attn,forward,-0.6220276355743408,-0.5158097743988037,-0.6398489475250244,-0.1677807456622747
264014,528373,7,encoder_self_attn,reverse,-0.6220276355743408,-0.5158097743988037,-0.5316362380981445,0.14900002244618527
264014,528373,7,encoder_mlp,forward,-0.6220276355743408,-0.5158097743988037,-0.5843484401702881,0.35473502278287805
264014,528373,7,encoder_mlp,reverse,-0.6220276355743408,-0.5158097743988037,-0.5355656147003174,0.18599358039101255
264014,528373,8,encoder_self_attn,forward,-0.6220276355743408,-0.5158097743988037,-0.6433548927307129,-0.20078786110300553
264014,528373,8,encoder_self_attn,reverse,-0.6220276355743408,-0.5158097743988037,-0.5011508464813232,-0.13800812551906805
264014,528373,8,encoder_mlp,forward,-0.6220276355743408,-0.5158097743988037,-0.5627498626708984,0.5580772597697021
264014,528373,8,encoder_mlp,reverse,-0.6220276355743408,-0.5158097743988037,-0.5598785877227783,0.4148907993086575
264014,528373,9,encoder_self_attn,forward,-0.6220276355743408,-0.5158097743988037,-0.4499361515045166,1.620174631321407
264014,528373,9,encoder_self_attn,reverse,-0.6220276355743408,-0.5158097743988037,-0.6798739433288574,1.5446005701331058
264014,528373,9,encoder_mlp,forward,-0.6220276355743408,-0.5158097743988037,-0.652442455291748,-0.2863437408812372
264014,528373,9,encoder_mlp,reverse,-0.6220276355743408,-0.5158097743988037,-0.4902467727661133,-0.2406657538551323
264014,528373,10,encoder_self_attn,forward,-0.6220276355743408,-0.5158097743988037,-0.4891982078552246,1.2505375861372359
264014,528373,10,encoder_self_attn,reverse,-0.6220276355743408,-0.5158097743988037,-0.6557819843292236,1.3177841125900653
264014,528373,10,encoder_mlp,forward,-0.6220276355743408,-0.5158097743988037,-0.625124454498291,-0.0291553500482593
264014,528373,10,encoder_mlp,reverse,-0.6220276355743408,-0.5158097743988037,-0.5098037719726562,-0.0565441853157056
264014,528373,11,encoder_self_attn,forward,-0.6220276355743408,-0.5158097743988037,-0.5947461128234863,0.25684496419833447
264014,528373,11,encoder_self_attn,reverse,-0.6220276355743408,-0.5158097743988037,-0.5345172882080078,0.17612399272743598
264014,528373,11,encoder_mlp,forward,-0.6220276355743408,-0.5158097743988037,-0.5724086761474609,0.4671432740005836
264014,528373,11,encoder_mlp,reverse,-0.6220276355743408,-0.5158097743988037,-0.567559003829956,0.4871989405400552
264014,528373,0,decoder_self_attn,forward,-0.6220276355743408,-0.5158097743988037,-0.6220276355743408,0.0
264014,528373,0,decoder_self_attn,reverse,-0.6220276355743408,-0.5158097743988037,-0.5158097743988037,0.0
264014,528373,0,decoder_cross_attn,forward,-0.6220276355743408,-0.5158097743988037,-0.6174614429473877,0.04298893403066149
264014,528373,0,decoder_cross_attn,reverse,-0.6220276355743408,-0.5158097743988037,-0.5201592445373535,0.04094857578954457
264014,528373,0,decoder_mlp,forward,-0.6220276355743408,-0.5158097743988037,-0.6210885047912598,0.00884155237817333
264014,528373,0,decoder_mlp,reverse,-0.6220276355743408,-0.5158097743988037,-0.5165750980377197,0.0072052254719310455
264014,528373,1,decoder_self_attn,forward,-0.6220276355743408,-0.5158097743988037,-0.6215333938598633,0.004653094206639581
264014,528373,1,decoder_self_attn,reverse,-0.6220276355743408,-0.5158097743988037,-0.5162882804870605,0.004504949383852214
264014,528373,1,decoder_cross_attn,forward,-0.6220276355743408,-0.5158097743988037,-0.6200709342956543,0.018421584251756416
264014,528373,1,decoder_cross_attn,reverse,-0.6220276355743408,-0.5158097743988037,-0.5170102119445801,0.011301654283854459
264014,528373,1,decoder_mlp,forward,-0.6220276355743408,-0.5158097743988037,-0.6223223209381104,-0.002774348499472515
264014,528373,1,decoder_mlp,reverse,-0.6220276355743408,-0.5158097743988037,-0.5154788494110107,-0.003115530515588876
264014,528373,2,decoder_self_attn,forward,-0.6220276355743408,-0.5158097743988037,-0.6214356422424316,0.005573387802742924
264014,528373,2,decoder_self_attn,reverse,-0.6220276355743408,-0.5158097743988037,-0.516350507736206,0.0050907948194204395
264014,528373,2,decoder_cross_attn,forward,-0.6220276355743408,-0.5158097743988037,-0.607417106628418,0.13755246795807052
264014,528373,2,decoder_cross_attn,reverse,-0.6220276355743408,-0.5158097743988037,-0.52976393699646,0.13137303315301566
264014,528373,2,decoder_mlp,forward,-0.6220276355743408,-0.5158097743988037,-0.621490478515625,0.00505712554151422
264014,528373,2,decoder_mlp,reverse,-0.6220276355743408,-0.5158097743988037,-0.5163445472717285,0.0050346793562434065
264014,528373,3,decoder_self_attn,forward,-0.6220276355743408,-0.5158097743988037,-0.6215102672576904,0.00487082220376647
264014,528373,3,decoder_self_attn,reverse,-0.6220276355743408,-0.5158097743988037,-0.5162458419799805,0.004105407286031739
264014,528373,3,decoder_cross_attn,forward,-0.6220276355743408,-0.5158097743988037,-0.6195559501647949,0.02326996027025207
264014,528373,3,decoder_cross_attn,reverse,-0.6220276355743408,-0.5158097743988037,-0.518104076385498,0.021599964086103568
264014,528373,3,decoder_mlp,forward,-0.6220276355743408,-0.5158097743988037,-0.6208348274230957,0.011229826490987856
264014,528373,3,decoder_mlp,reverse,-0.6220276355743408,-0.5158097743988037,-0.5170290470123291,0.011478979147493884
264014,528373,4,decoder_self_attn,forward,-0.6220276355743408,-0.5158097743988037,-0.621448278427124,0.005454423020807613
264014,528373,4,decoder_self_attn,reverse,-0.6220276355743408,-0.5158097743988037,-0.516430139541626,0.005840497407465601
264014,528373,4,decoder_cross_attn,forward,-0.6220276355743408,-0.5158097743988037,-0.6192927360534668,0.02574801912414985
264014,528373,4,decoder_cross_attn,reverse,-0.6220276355743408,-0.5158097743988037,-0.5181839466094971,0.02235191129267581
264014,528373,4,decoder_mlp,forward,-0.6220276355743408,-0.5158097743988037,-0.6235384941101074,-0.01422414760611434
264014,528373,4,decoder_mlp,reverse,-0.6220276355743408,-0.5158097743988037,-0.5144107341766357,-0.0131714215169132
264014,528373,5,decoder_self_attn,forward,-0.6220276355743408,-0.5158097743988037,-0.6219549179077148,0.0006846086507598033
264014,528373,5,decoder_self_attn,reverse,-0.6220276355743408,-0.5158097743988037,-0.5159027576446533,0.0008754012255617158
264014,528373,5,decoder_cross_attn,forward,-0.6220276355743408,-0.5158097743988037,-0.6107816696166992,0.1058764113038989
264014,528373,5,decoder_cross_attn,reverse,-0.6220276355743408,-0.5158097743988037,-0.526268720626831,0.09846692554600346
264014,528373,5,decoder_mlp,forward,-0.6220276355743408,-0.5158097743988037,-0.6210825443267822,0.008897667841350362
264014,528373,5,decoder_mlp,reverse,-0.6220276355743408,-0.5158097743988037,-0.5166535377502441,0.0079437049673408
264014,528373,6,decoder_self_attn,forward,-0.6220276355743408,-0.5158097743988037,-0.6205332279205322,0.01406926892774573
264014,528373,6,decoder_self_attn,reverse,-0.6220276355743408,-0.5158097743988037,-0.5174410343170166,0.015357679962290408
264014,528373,6,decoder_cross_attn,forward,-0.6220276355743408,-0.5158097743988037,-0.608346700668335,0.12880070032098045
264014,528373,6,decoder_cross_attn,reverse,-0.6220276355743408,-0.5158097743988037,-0.528651237487793,0.12089739848712712
264014,528373,6,decoder_mlp,forward,-0.6220276355743408,-0.5158097743988037,-0.6213288307189941,0.006578976902875356
264014,528373,6,decoder_mlp,reverse,-0.6220276355743408,-0.5158097743988037,-0.5165233612060547,0.006718143251554398
264014,528373,7,decoder_self_attn,forward,-0.6220276355743408,-0.5158097743988037,-0.6151790618896484,0.064476667190411
264014,528373,7,decoder_self_attn,reverse,-0.6220276355743408,-0.5158097743988037,-0.5222578048706055,0.06070570806491437
264014,528373,7,decoder_cross_attn,forward,-0.6220276355743408,-0.5158097743988037,-0.6153271198272705,0.06308275908509349
264014,528373,7,decoder_cross_attn,reverse,-0.6220276355743408,-0.5158097743988037,-0.5222320556640625,0.060463289263989584
264014,528373,7,decoder_mlp,forward,-0.6220276355743408,-0.5158097743988037,-0.6206889152526855,0.012603533029561626
264014,528373,7,decoder_mlp,reverse,-0.6220276355743408,-0.5158097743988037,-0.5170774459838867,0.011934636708491392
264014,528373,8,decoder_self_attn,forward,-0.6220276355743408,-0.5158097743988037,-0.619288444519043,0.025788422257637316
264014,528373,8,decoder_self_attn,reverse,-0.6220276355743408,-0.5158097743988037,-0.518561840057373,0.025909631658099706
264014,528373,8,decoder_cross_attn,forward,-0.6220276355743408,-0.5158097743988037,-0.6119329929351807,0.0950371484366232
264014,528373,8,decoder_cross_attn,reverse,-0.6220276355743408,-0.5158097743988037,-0.5256407260894775,0.09255460034567126
264014,528373,8,decoder_mlp,forward,-0.6220276355743408,-0.5158097743988037,-0.6194107532501221,0.024636932953244595
264014,528373,8,decoder_mlp,reverse,-0.6220276355743408,-0.5158097743988037,-0.5184624195098877,0.024973625732306794
264014,528373,9,decoder_self_attn,forward,-0.6220276355743408,-0.5158097743988037,-0.6200296878814697,0.01880990325694148
264014,528373,9,decoder_self_attn,reverse,-0.6220276355743408,-0.5158097743988037,-0.5179376602172852,0.020033220354200805
264014,528373,9,decoder_cross_attn,forward,-0.6220276355743408,-0.5158097743988037,-0.6108713150024414,0.10503243473771633
264014,528373,9,decoder_cross_attn,reverse,-0.6220276355743408,-0.5158097743988037,-0.5263745784759521,0.09946353617202756
264014,528373,9,decoder_mlp,forward,-0.6220276355743408,-0.5158097743988037,-0.6177356243133545,0.04040762272451797
264014,528373,9,decoder_mlp,reverse,-0.6220276355743408,-0.5158097743988037,-0.5200388431549072,0.0398150434333685
264014,528373,10,decoder_self_attn,forward,-0.6220276355743408,-0.5158097743988037,-0.6174633502960205,0.042970977082444836
264014,528373,10,decoder_self_attn,reverse,-0.6220276355743408,-0.5158097743988037,-0.5204699039459229,0.04387331373033153
264014,528373,10,decoder_cross_attn,forward,-0.6220276355743408,-0.5158097743988037,-0.6150438785552979,0.0657493658952661
264014,528373,10,decoder_cross_attn,reverse,-0.6220276355743408,-0.5158097743988037,-0.5227313041687012,0.06516352045969788
264014,528373,10,decoder_mlp,forward,-0.6220276355743408,-0.5158097743988037,-0.6190423965454102,0.028104868577585238
264014,528373,10,decoder_mlp,reverse,-0.6220276355743408,-0.5158097743988037,-0.5186388492584229,0.026634643442346975
264014,528373,11,decoder_self_attn,forward,-0.6220276355743408,-0.5158097743988037,-0.6188886165618896,0.029552647527552694
264014,528373,11,decoder_self_attn,reverse,-0.6220276355743408,-0.5158097743988037,-0.519033670425415,0.030351731723193644
264014,528373,11,decoder_cross_attn,forward,-0.6220276355743408,-0.5158097743988037,-0.6146821975708008,0.06915445220084847
264014,528373,11,decoder_cross_attn,reverse,-0.6220276355743408,-0.5158097743988037,-0.5231850147247314,0.06943502951673364
264014,528373,11,decoder_mlp,forward,-0.6220276355743408,-0.5158097743988037,-0.6178159713745117,0.039651186280891565
264014,528373,11,decoder_mlp,reverse,-0.6220276355743408,-0.5158097743988037,-0.5197837352752686,0.037413301609391485
130510,5930009,0,encoder_self_attn,forward,-12.43087387084961,-12.32944107055664,-12.433320999145508,-0.024125611132004513
130510,5930009,0,encoder_self_attn,reverse,-12.43087387084961,-12.32944107055664,-12.234975814819336,-0.9313087626927417
130510,5930009,0,encoder_mlp,forward,-12.43087387084961,-12.32944107055664,-12.442056655883789,-0.11024821361414065
130510,5930009,0,encoder_mlp,reverse,-12.43087387084961,-12.32944107055664,-12.289047241210938,-0.3982324182023317
130510,5930009,1,encoder_self_attn,forward,-12.43087387084961,-12.32944107055664,-12.423318862915039,0.07448288830387363
130510,5930009,1,encoder_self_attn,reverse,-12.43087387084961,-12.32944107055664,-12.304204940795898,-0.24879654005265137
130510,5930009,1,encoder_mlp,forward,-12.43087387084961,-12.32944107055664,-12.437856674194336,-0.06884166980067695
130510,5930009,1,encoder_mlp,reverse,-12.43087387084961,-12.32944107055664,-12.179821968078613,-1.475056412185032
130510,5930009,2,encoder_self_attn,forward,-12.43087387084961,-12.32944107055664,-12.422553062438965,0.08203271906731854
130510,5930009,2,encoder_self_attn,reverse,-12.43087387084961,-12.32944107055664,-12.330333709716797,0.008800300864986838
130510,5930009,2,encoder_mlp,forward,-12.43087387084961,-12.32944107055664,-12.434828758239746,-0.03899022188792779
130510,5930009,2,encoder_mlp,reverse,-12.43087387084961,-12.32944107055664,-12.325700759887695,-0.03687476494922903
130510,5930009,3,encoder_self_attn,forward,-12.43087387084961,-12.32944107055664,-12.438535690307617,-0.07553591575780369
130510,5930009,3,encoder_self_attn,reverse,-12.43087387084961,-12.32944107055664,-12.3270263671875,-0.023805942083490034
130510,5930009,3,encoder_mlp,forward,-12.43087387084961,-12.32944107055664,-12.437002182006836,-0.06041745016923655
130510,5930009,3,encoder_mlp,reverse,-12.43087387084961,-12.32944107055664,-12.301202774047852,-0.2783941331327567
130510,5930009,4,encoder_self_attn,forward,-12.43087387084961,-12.32944107055664,-12.40029239654541,0.3014949229033471
130510,5930009,4,encoder_self_attn,reverse,-12.43087387084961,-12.32944107055664,-12.352136611938477,0.22374952989845806
130510,5930009,4,encoder_mlp,forward,-12.43087387084961,-12.32944107055664,-12.435708999633789,-0.047668296352012036
130510,5930009,4,encoder_mlp,reverse,-12.43087387084961,-12.32944107055664,-12.337440490722656,0.07886423467468974
130510,5930009,5,encoder_self_attn,forward,-12.43087387084961,-12.32944107055664,-12.40117073059082,0.2928356525009402
130510,5930009,5,encoder_self_attn,reverse,-12.43087387084961,-12.32944107055664,-12.352773666381836,0.23003008649868373
130510,5930009,5,encoder_mlp,forward,-12.43087387084961,-12.32944107055664,-12.434860229492188,-0.03930048890560361
130510,5930009,5,encoder_mlp,reverse,-12.43087387084961,-12.32944107055664,-12.273852348327637,-0.5480349755547198
130510,5930009,6,encoder_self_attn,forward,-12.43087387084961,-12.32944107055664,-12.403043746948242,0.2743700639338097
130510,5930009,6,encoder_self_attn,reverse,-12.43087387084961,-12.32944107055664,-12.330154418945312,0.007032719067318541
130510,5930009,6,encoder_mlp,forward,-12.43087387084961,-12.32944107055664,-12.417712211608887,0.12975742760436254
130510,5930009,6,encoder_mlp,reverse,-12.43087387084961,-12.32944107055664,-12.301280975341797,-0.27762316660398645
130510,5930009,7,encoder_self_attn,forward,-12.43087387084961,-12.32944107055664,-12.439695358276367,-0.08696878525761564
130510,5930009,7,encoder_self_attn,reverse,-12.43087387084961,-12.32944107055664,-12.323724746704102,-0.05635577284693494
130510,5930009,7,encoder_mlp,forward,-12.43087387084961,-12.32944107055664,-12.43504524230957,-0.04112448288830387
130510,5930009,7,encoder_mlp,reverse,-12.43087387084961,-12.32944107055664,-12.301729202270508,-0.2732042121098157
130510,5930009,8,encoder_self_attn,forward,-12.43087387084961,-12.32944107055664,-12.389129638671875,0.4115456938698759
130510,5930009,8,encoder_self_attn,reverse,-12.43087387084961,-12.32944107055664,-12.32082462310791,-0.08494734862730349
130510,5930009,8,encoder_mlp,forward,-12.43087387084961,-12.32944107055664,-12.412010192871094,0.18597216998871757
130510,5930009,8,encoder_mlp,reverse,-12.43087387084961,-12.32944107055664,-12.343960762023926,0.14314591951861602
130510,5930009,9,encoder_self_attn,forward,-12.43087387084961,-12.32944107055664,-12.370704650878906,0.5931929296728093
130510,5930009,9,encoder_self_attn,reverse,-12.43087387084961,-12.32944107055664,-12.363189697265625,0.3327190673185408
130510,5930009,9,encoder_mlp,forward,-12.43087387084961,-12.32944107055664,-12.429420471191406,0.014328694998119593
130510,5930009,9,encoder_mlp,reverse,-12.43087387084961,-12.32944107055664,-12.315608978271484,-0.13636705528394133
130510,5930009,10,encoder_self_attn,forward,-12.43087387084961,-12.32944107055664,-12.338091850280762,0.9147141782625047
130510,5930009,10,encoder_self_attn,reverse,-12.43087387084961,-12.32944107055664,-12.387450218200684,0.5718973298232418
130510,5930009,10,encoder_mlp,forward,-12.43087387084961,-12.32944107055664,-12.419529914855957,0.11183715682587439
130510,5930009,10,encoder_mlp,reverse,-12.43087387084961,-12.32944107055664,-12.339582443237305,0.09998119593832268
130510,5930009,11,encoder_self_attn,forward,-12.43087387084961,-12.32944107055664,-12.335132598876953,0.9438886799548702
130510,5930009,11,encoder_self_attn,reverse,-12.43087387084961,-12.32944107055664,-12.415873527526855,0.8521154569386987
130510,5930009,11,encoder_mlp,forward,-12.43087387084961,-12.32944107055664,-12.43118953704834,-0.0031120722075968408
130510,5930009,11,encoder_mlp,reverse,-12.43087387084961,-12.32944107055664,-12.332010269165039,0.02532907107935314
130510,5930009,0,decoder_self_attn,forward,-12.43087387084961,-12.32944107055664,-12.43087387084961,0.0
130510,5930009,0,decoder_self_attn,reverse,-12.43087387084961,-12.32944107055664,-12.32944107055664,0.0
130510,5930009,0,decoder_cross_attn,forward,-12.43087387084961,-12.32944107055664,-12.419658660888672,0.11056788266265513
130510,5930009,0,decoder_cross_attn,reverse,-12.43087387084961,-12.32944107055664,-12.34055233001709,0.10954306130124107
130510,5930009,0,decoder_mlp,forward,-12.43087387084961,-12.32944107055664,-12.4270658493042,0.037542309138773974
130510,5930009,0,decoder_mlp,reverse,-12.43087387084961,-12.32944107055664,-12.333198547363281,0.037044001504324936
130510,5930009,1,decoder_self_attn,forward,-12.43087387084961,-12.32944107055664,-12.429915428161621,0.009449040992854457
130510,5930009,1,decoder_self_attn,reverse,-12.43087387084961,-12.32944107055664,-12.330331802368164,0.008781496803309514
130510,5930009,1,decoder_cross_attn,forward,-12.43087387084961,-12.32944107055664,-12.430421829223633,0.004456562617525386
130510,5930009,1,decoder_cross_attn,reverse,-12.43087387084961,-12.32944107055664,-12.32968521118164,0.0024069198946972546
130510,5930009,1,decoder_mlp,forward,-12.43087387084961,-12.32944107055664,-12.430508613586426,0.0036009778112072208
130510,5930009,1,decoder_mlp,reverse,-12.43087387084961,-12.32944107055664,-12.329763412475586,0.003177886423467469
130510,5930009,2,decoder_self_attn,forward,-12.43087387084961,-12.32944107055664,-12.430757522583008,0.0011470477623166603
130510,5930009,2,decoder_self_attn,reverse,-12.43087387084961,-12.32944107055664,-12.329593658447266,0.001504324934185784
130510,5930009,2,decoder_cross_attn,forward,-12.43087387084961,-12.32944107055664,-12.431905746459961,-0.010172997367431364
130510,5930009,2,decoder_cross_attn,reverse,-12.43087387084961,-12.32944107055664,-12.328041076660156,-0.01380218127115457
130510,5930009,2,decoder_mlp,forward,-12.43087387084961,-12.32944107055664,-12.430501937866211,0.003666792027077849
130510,5930009,2,decoder_mlp,reverse,-12.43087387084961,-12.32944107055664,-12.329826354980469,0.003798420458819105
130510,5930009,3,decoder_self_attn,forward,-12.43087387084961,-12.32944107055664,-12.431032180786133,-0.001560737119217751
130510,5930009,3,decoder_self_attn,reverse,-12.43087387084961,-12.32944107055664,-12.329279899597168,-0.0015889432117337345
130510,5930009,3,decoder_cross_attn,forward,-12.43087387084961,-12.32944107055664,-12.431974411010742,-0.010849943587814968
130510,5930009,3,decoder_cross_attn,reverse,-12.43087387084961,-12.32944107055664,-12.328372955322266,-0.010530274539300489
130510,5930009,3,decoder_mlp,forward,-12.43087387084961,-12.32944107055664,-12.43122673034668,-0.0034787514103046258
130510,5930009,3,decoder_mlp,reverse,-12.43087387084961,-12.32944107055664,-12.329071044921875,-0.0036479879654005266
130510,5930009,4,decoder_self_attn,forward,-12.43087387084961,-12.32944107055664,-12.429769515991211,0.010887551711169613
130510,5930009,4,decoder_self_attn,reverse,-12.43087387084961,-12.32944107055664,-12.330522537231445,0.010661902971041744
130510,5930009,4,decoder_cross_attn,forward,-12.43087387084961,-12.32944107055664,-12.43059253692627,0.0027735990974050396
130510,5930009,4,decoder_cross_attn,reverse,-12.43087387084961,-12.32944107055664,-12.329639434814453,0.0019556224144415195
130510,5930009,4,decoder_mlp,forward,-12.43087387084961,-12.32944107055664,-12.429605484008789,0.01250470101541933
130510,5930009,4,decoder_mlp,reverse,-12.43087387084961,-12.32944107055664,-12.330760955810547,0.013012410680707033
130510,5930009,5,decoder_self_attn,forward,-12.43087387084961,-12.32944107055664,-12.428617477416992,0.02224520496427228
130510,5930009,5,decoder_self_attn,reverse,-12.43087387084961,-12.32944107055664,-12.331815719604492,0.023411056788266264
130510,5930009,5,decoder_cross_attn,forward,-12.43087387084961,-12.32944107055664,-12.428007125854492,0.02826250470101542
130510,5930009,5,decoder_cross_attn,reverse,-12.43087387084961,-12.32944107055664,-12.332138061523438,0.026588943211733735
130510,5930009,5,decoder_mlp,forward,-12.43087387084961,-12.32944107055664,-12.430301666259766,0.005641218503196691
130510,5930009,5,decoder_mlp,reverse,-12.43087387084961,-12.32944107055664,-12.330001831054688,0.005528394133132756
130510,5930009,6,decoder_self_attn,forward,-12.43087387084961,-12.32944107055664,-12.433390617370605,-0.024811959383226778
130510,5930009,6,decoder_self_attn,reverse,-12.43087387084961,-12.32944107055664,-12.327054977416992,-0.0235238811583302
130510,5930009,6,decoder_cross_attn,forward,-12.43087387084961,-12.32944107055664,-12.42236328125,0.0839037232042121
130510,5930009,6,decoder_cross_attn,reverse,-12.43087387084961,-12.32944107055664,-12.337912559509277,0.083518239939827
130510,5930009,6,decoder_mlp,forward,-12.43087387084961,-12.32944107055664,-12.432451248168945,-0.015550959007145544
130510,5930009,6,decoder_mlp,reverse,-12.43087387084961,-12.32944107055664,-12.327877044677734,-0.015419330575404287
130510,5930009,7,decoder_self_attn,forward,-12.43087387084961,-12.32944107055664,-12.427701950073242,0.031271154569386984
130510,5930009,7,decoder_self_attn,reverse,-12.43087387084961,-12.32944107055664,-12.332647323608398,0.03160962767957879
130510,5930009,7,decoder_cross_attn,forward,-12.43087387084961,-12.32944107055664,-12.423715591430664,0.07057164347499059
130510,5930009,7,decoder_cross_attn,reverse,-12.43087387084961,-12.32944107055664,-12.336957931518555,0.07410680707032719
130510,5930009,7,decoder_mlp,forward,-12.43087387084961,-12.32944107055664,-12.429403305053711,0.014497931553215495
130510,5930009,7,decoder_mlp,reverse,-12.43087387084961,-12.32944107055664,-12.330894470214844,0.014328694998119593
130510,5930009,8,decoder_self_attn,forward,-12.43087387084961,-12.32944107055664,-12.429319381713867,0.015325310267017675
130510,5930009,8,decoder_self_attn,reverse,-12.43087387084961,-12.32944107055664,-12.331024169921875,0.01560737119217751
130510,5930009,8,decoder_cross_attn,forward,-12.43087387084961,-12.32944107055664,-12.42186164855957,0.08884919142534788
130510,5930009,8,decoder_cross_attn,reverse,-12.43087387084961,-12.32944107055664,-12.338479995727539,0.08911244828883039
130510,5930009,8,decoder_mlp,forward,-12.43087387084961,-12.32944107055664,-12.432281494140625,-0.013877397517863859
130510,5930009,8,decoder_mlp,reverse,-12.43087387084961,-12.32944107055664,-12.328088760375977,-0.013332079729221511
130510,5930009,9,decoder_self_attn,forward,-12.43087387084961,-12.32944107055664,-12.425558090209961,0.05240691989469726
130510,5930009,9,decoder_self_attn,reverse,-12.43087387084961,-12.32944107055664,-12.334895133972168,0.05377021436630312
130510,5930009,9,decoder_cross_attn,forward,-12.43087387084961,-12.32944107055664,-12.434310913085938,-0.03388491914253479
130510,5930009,9,decoder_cross_attn,reverse,-12.43087387084961,-12.32944107055664,-12.325864791870117,-0.03525761564497931
130510,5930009,9,decoder_mlp,forward,-12.43087387084961,-12.32944107055664,-12.430132865905762,0.007305377961639714
130510,5930009,9,decoder_mlp,reverse,-12.43087387084961,-12.32944107055664,-12.33027458190918,0.008217374952989846
130510,5930009,10,decoder_self_attn,forward,-12.43087387084961,-12.32944107055664,-12.42774772644043,0.030819857089131254
130510,5930009,10,decoder_self_attn,reverse,-12.43087387084961,-12.32944107055664,-12.332684516906738,0.03197630688228657
130510,5930009,10,decoder_cross_attn,forward,-12.43087387084961,-12.32944107055664,-12.41942310333252,0.11289018427980443
130510,5930009,10,decoder_cross_attn,reverse,-12.43087387084961,-12.32944107055664,-12.341109275817871,0.11503384731101918
130510,5930009,10,decoder_mlp,forward,-12.43087387084961,-12.32944107055664,-12.447516441345215,-0.16407484016547574
130510,5930009,10,decoder_mlp,reverse,-12.43087387084961,-12.32944107055664,-12.31308364868164,-0.16126363294471605
130510,5930009,11,decoder_self_attn,forward,-12.43087387084961,-12.32944107055664,-12.431406021118164,-0.0052463332079729225
130510,5930009,11,decoder_self_attn,reverse,-12.43087387084961,-12.32944107055664,-12.329029083251953,-0.004061677322301617
130510,5930009,11,decoder_cross_attn,forward,-12.43087387084961,-12.32944107055664,-12.377922058105469,0.5220383602858217
130510,5930009,11,decoder_cross_attn,reverse,-12.43087387084961,-12.32944107055664,-12.382880210876465,0.5268427980443776
130510,5930009,11,decoder_mlp,forward,-12.43087387084961,-12.32944107055664,-12.42929458618164,0.015569763068822866
130510,5930009,11,decoder_mlp,reverse,-12.43087387084961,-12.32944107055664,-12.331028938293457,0.015654381346370816
148538,5427174,0,encoder_self_attn,forward,-8.901620864868164,-8.801011085510254,-8.899007797241211,0.025972302529929762
148538,5427174,0,encoder_self_attn,reverse,-8.901620864868164,-8.801011085510254,-8.70541000366211,-0.9502165938367916
148538,5427174,0,encoder_mlp,forward,-8.901620864868164,-8.801011085510254,-8.915374755859375,-0.13670530915571058
148538,5427174,0,encoder_mlp,reverse,-8.901620864868164,-8.801011085510254,-8.714943885803223,-0.8554556053726646
148538,5427174,1,encoder_self_attn,forward,-8.901620864868164,-8.801011085510254,-8.887845993041992,0.13691384589135236
148538,5427174,1,encoder_self_attn,reverse,-8.901620864868164,-8.801011085510254,-8.828327178955078,0.2715053508630577
148538,5427174,1,encoder_mlp,forward,-8.901620864868164,-8.801011085510254,-8.91850471496582,-0.16781519853645127
148538,5427174,1,encoder_mlp,reverse,-8.901620864868164,-8.801011085510254,-8.742244720458984,-0.5841019175900737
148538,5427174,2,encoder_self_attn,forward,-8.901620864868164,-8.801011085510254,-8.885738372802734,0.15786230888082126
148538,5427174,2,encoder_self_attn,reverse,-8.901620864868164,-8.801011085510254,-8.781957626342773,-0.1893797927903163
148538,5427174,2,encoder_mlp,forward,-8.901620864868164,-8.801011085510254,-8.883913040161133,0.1760050048816554
148538,5427174,2,encoder_mlp,reverse,-8.901620864868164,-8.801011085510254,-8.803163528442383,0.021393973288339953
148538,5427174,3,encoder_self_attn,forward,-8.901620864868164,-8.801011085510254,-8.917669296264648,-0.15951164488089709
148538,5427174,3,encoder_self_attn,reverse,-8.901620864868164,-8.801011085510254,-8.772101402282715,-0.2873446638293032
148538,5427174,3,encoder_mlp,forward,-8.901620864868164,-8.801011085510254,-8.903228759765625,-0.01598149710418306
148538,5427174,3,encoder_mlp,reverse,-8.901620864868164,-8.801011085510254,-8.758580207824707,-0.42173711100789596
148538,5427174,4,encoder_self_attn,forward,-8.901620864868164,-8.801011085510254,-8.900575637817383,0.010388921011971905
148538,5427174,4,encoder_self_attn,reverse,-8.901620864868164,-8.801011085510254,-8.758821487426758,-0.41933893854801557
148538,5427174,4,encoder_mlp,forward,-8.901620864868164,-8.801011085510254,-8.940048217773438,-0.38194451027043425
148538,5427174,4,encoder_mlp,reverse,-8.901620864868164,-8.801011085510254,-8.737356185913086,-0.6326909769946065
148538,5427174,5,encoder_self_attn,forward,-8.901620864868164,-8.801011085510254,-8.848971366882324,0.523303980207968
148538,5427174,5,encoder_self_attn,reverse,-8.901620864868164,-8.801011085510254,-8.875463485717773,0.7400115643098856
148538,5427174,5,encoder_mlp,forward,-8.901620864868164,-8.801011085510254,-8.885427474975586,0.16095244414533114
148538,5427174,5,encoder_mlp,reverse,-8.901620864868164,-8.801011085510254,-8.790618896484375,-0.10329203674038125
148538,5427174,6,encoder_self_attn,forward,-8.901620864868164,-8.801011085510254,-8.908153533935547,-0.0649307563248244
148538,5427174,6,encoder_self_attn,reverse,-8.901620864868164,-8.801011085510254,-8.769207954406738,-0.3161037754628094
148538,5427174,6,encoder_mlp,forward,-8.901620864868164,-8.801011085510254,-8.887916564941406,0.13621240414419367
148538,5427174,6,encoder_mlp,reverse,-8.901620864868164,-8.801011085510254,-8.794807434082031,-0.061660521152260256
148538,5427174,7,encoder_self_attn,forward,-8.901620864868164,-8.801011085510254,-8.880074501037598,0.21415774856157047
148538,5427174,7,encoder_self_attn,reverse,-8.901620864868164,-8.801011085510254,-8.821572303771973,0.20436600092893636
148538,5427174,7,encoder_mlp,forward,-8.901620864868164,-8.801011085510254,-8.872875213623047,0.2857142857142857
148538,5427174,7,encoder_mlp,reverse,-8.901620864868164,-8.801011085510254,-8.80925178527832,0.08190754239457046
148538,5427174,8,encoder_self_attn,forward,-8.901620864868164,-8.801011085510254,-8.879097938537598,0.22386418571144204
148538,5427174,8,encoder_self_attn,reverse,-8.901620864868164,-8.801011085510254,-8.800559043884277,-0.0044930187588272654
148538,5427174,8,encoder_mlp,forward,-8.901620864868164,-8.801011085510254,-8.815918922424316,0.851825170383992
148538,5427174,8,encoder_mlp,reverse,-8.901620864868164,-8.801011085510254,-8.888378143310547,0.8683754040399253
148538,5427174,9,encoder_self_attn,forward,-8.901620864868164,-8.801011085510254,-8.810653686523438,0.9041584120875475
148538,5427174,9,encoder_self_attn,reverse,-8.901620864868164,-8.801011085510254,-8.863036155700684,0.6164914642122524
148538,5427174,9,encoder_mlp,forward,-8.901620864868164,-8.801011085510254,-8.908991813659668,-0.0732627468079661
148538,5427174,9,encoder_mlp,reverse,-8.901620864868164,-8.801011085510254,-8.787148475646973,-0.13778590860403614
148538,5427174,10,encoder_self_attn,forward,-8.901620864868164,-8.801011085510254,-8.809617042541504,0.9144620226167569
148538,5427174,10,encoder_self_attn,reverse,-8.901620864868164,-8.801011085510254,-8.873981475830078,0.7252812876195531
148538,5427174,10,encoder_mlp,forward,-8.901620864868164,-8.801011085510254,-8.885526657104492,0.1599666341222973
148538,5427174,10,encoder_mlp,reverse,-8.901620864868164,-8.801011085510254,-8.809895515441895,0.08830582860176119
148538,5427174,11,encoder_self_attn,forward,-8.901620864868164,-8.801011085510254,-8.847513198852539,0.5377972833350712
148538,5427174,11,encoder_self_attn,reverse,-8.901620864868164,-8.801011085510254,-8.85550594329834,0.5416457340019147
148538,5427174,11,encoder_mlp,forward,-8.901620864868164,-8.801011085510254,-8.86902141571045,0.3240186924746675
148538,5427174,11,encoder_mlp,reverse,-8.901620864868164,-8.801011085510254,-8.838086128234863,0.3685033697640691
148538,5427174,0,decoder_self_attn,forward,-8.901620864868164,-8.801011085510254,-8.901620864868164,0.0
148538,5427174,0,decoder_self_attn,reverse,-8.901620864868164,-8.801011085510254,-8.801011085510254,0.0
148538,5427174,0,decoder_cross_attn,forward,-8.901620864868164,-8.801011085510254,-8.896830558776855,0.04761272832402817
148538,5427174,0,decoder_cross_attn,reverse,-8.901620864868164,-8.801011085510254,-8.80523681640625,0.042001194346758676
148538,5427174,0,decoder_mlp,forward,-8.901620864868164,-8.801011085510254,-8.89965534210205,0.019536100552622348
148538,5427174,0,decoder_mlp,reverse,-8.901620864868164,-8.801011085510254,-8.8029146194458,0.018919969288226205
148538,5427174,1,decoder_self_attn,forward,-8.901620864868164,-8.801011085510254,-8.89995002746582,0.01660710731110837
148538,5427174,1,decoder_self_attn,reverse,-8.901620864868164,-8.801011085510254,-8.802695274353027,0.016739812506516773
148538,5427174,1,decoder_cross_attn,forward,-8.901620864868164,-8.801011085510254,-8.906761169433594,-0.05109150023223409
148538,5427174,1,decoder_cross_attn,reverse,-8.901620864868164,-8.801011085510254,-8.795781135559082,-0.05198252082997621
148538,5427174,1,decoder_mlp,forward,-8.901620864868164,-8.801011085510254,-8.90131664276123,0.003023782666805691
148538,5427174,1,decoder_mlp,reverse,-8.901620864868164,-8.801011085510254,-8.801248550415039,0.00236025668976369
148538,5427174,2,decoder_self_attn,forward,-8.901620864868164,-8.801011085510254,-8.903154373168945,-0.015242139586907684
148538,5427174,2,decoder_self_attn,reverse,-8.901620864868164,-8.801011085510254,-8.799413681030273,-0.015877228736362173
148538,5427174,2,decoder_cross_attn,forward,-8.901620864868164,-8.801011085510254,-8.892341613769531,0.09223011080883817
148538,5427174,2,decoder_cross_attn,reverse,-8.901620864868164,-8.801011085510254,-8.809954643249512,0.08889352303856982
148538,5427174,2,decoder_mlp,forward,-8.901620864868164,-8.801011085510254,-8.902276992797852,-0.0065215124600699545
148538,5427174,2,decoder_mlp,reverse,-8.901620864868164,-8.801011085510254,-8.80029582977295,-0.007109206896878584
148538,5427174,3,decoder_self_attn,forward,-8.901620864868164,-8.801011085510254,-8.90134334564209,0.002758372275988891
148538,5427174,3,decoder_self_attn,reverse,-8.901620864868164,-8.801011085510254,-8.801239013671875,0.0022654672644719753
148538,5427174,3,decoder_cross_attn,forward,-8.901620864868164,-8.801011085510254,-8.901483535766602,0.0013649677242006883
148538,5427174,3,decoder_cross_attn,reverse,-8.901620864868164,-8.801011085510254,-8.80089282989502,-0.0011753888736172593
148538,5427174,3,decoder_mlp,forward,-8.901620864868164,-8.801011085510254,-8.90160846710205,0.0001232262528792288
148538,5427174,3,decoder_mlp,reverse,-8.901620864868164,-8.801011085510254,-8.800952911376953,-0.0005782154942794582
148538,5427174,4,decoder_self_attn,forward,-8.901620864868164,-8.801011085510254,-8.900542259216309,0.010720684000492905
148538,5427174,4,decoder_self_attn,reverse,-8.901620864868164,-8.801011085510254,-8.802051544189453,0.010341526299326047
148538,5427174,4,decoder_cross_attn,forward,-8.901620864868164,-8.801011085510254,-8.898296356201172,0.03304359365669166
148538,5427174,4,decoder_cross_attn,reverse,-8.901620864868164,-8.801011085510254,-8.804272651672363,0.03241798344976635
148538,5427174,4,decoder_mlp,forward,-8.901620864868164,-8.801011085510254,-8.90174674987793,-0.0012512204138506308
148538,5427174,4,decoder_mlp,reverse,-8.901620864868164,-8.801011085510254,-8.800871849060059,-0.001383925609259031
148538,5427174,5,decoder_self_attn,forward,-8.901620864868164,-8.801011085510254,-8.899215698242188,0.023905893058570386
148538,5427174,5,decoder_self_attn,reverse,-8.901620864868164,-8.801011085510254,-8.803431510925293,0.02405755613903713
148538,5427174,5,decoder_cross_attn,forward,-8.901620864868164,-8.801011085510254,-8.900965690612793,0.006512033517540783
148538,5427174,5,decoder_cross_attn,reverse,-8.901620864868164,-8.801011085510254,-8.80162239074707,0.006076002161198897
148538,5427174,5,decoder_mlp,forward,-8.901620864868164,-8.801011085510254,-8.899101257324219,0.02504336616207096
148538,5427174,5,decoder_mlp,reverse,-8.901620864868164,-8.801011085510254,-8.8035249710083,0.02498649250689593
148538,5427174,6,decoder_self_attn,forward,-8.901620864868164,-8.801011085510254,-8.901747703552246,-0.0012606993563798023
148538,5427174,6,decoder_self_attn,reverse,-8.901620864868164,-8.801011085510254,-8.80091381072998,-0.0009668521379754874
148538,5427174,6,decoder_cross_attn,forward,-8.901620864868164,-8.801011085510254,-8.903278350830078,-0.016474402115699973
148538,5427174,6,decoder_cross_attn,reverse,-8.901620864868164,-8.801011085510254,-8.799272537231445,-0.017280112230679545
148538,5427174,6,decoder_mlp,forward,-8.901620864868164,-8.801011085510254,-8.902899742126465,-0.012711261931618908
148538,5427174,6,decoder_mlp,reverse,-8.901620864868164,-8.801011085510254,-8.79974365234375,-0.012597514621268851
148538,5427174,7,decoder_self_attn,forward,-8.901620864868164,-8.801011085510254,-8.900364875793457,0.012483767310918794
148538,5427174,7,decoder_self_attn,reverse,-8.901620864868164,-8.801011085510254,-8.80221176147461,0.01193398864422685
148538,5427174,7,decoder_cross_attn,forward,-8.901620864868164,-8.801011085510254,-8.897838592529297,0.03759348607069395
148538,5427174,7,decoder_cross_attn,reverse,-8.901620864868164,-8.801011085510254,-8.804905891418457,0.03871200128913618
148538,5427174,7,decoder_mlp,forward,-8.901620864868164,-8.801011085510254,-8.903310775756836,-0.0167966861616918
148538,5427174,7,decoder_mlp,reverse,-8.901620864868164,-8.801011085510254,-8.799391746520996,-0.016095244414533114
148538,5427174,8,decoder_self_attn,forward,-8.901620864868164,-8.801011085510254,-8.89872932434082,0.028740153748447822
148538,5427174,8,decoder_self_attn,reverse,-8.901620864868164,-8.801011085510254,-8.803793907165527,0.027659554300122277
148538,5427174,8,decoder_cross_attn,forward,-8.901620864868164,-8.801011085510254,-8.894122123718262,0.07453292510687508
148538,5427174,8,decoder_cross_attn,reverse,-8.901620864868164,-8.801011085510254,-8.808761596679688,0.07703536593457634
148538,5427174,8,decoder_mlp,forward,-8.901620864868164,-8.801011085510254,-8.90186595916748,-0.0024360882299970616
148538,5427174,8,decoder_mlp,reverse,-8.901620864868164,-8.801011085510254,-8.80107593536377,0.0006445680919836583
148538,5427174,9,decoder_self_attn,forward,-8.901620864868164,-8.801011085510254,-8.8961763381958,0.05411528289903978
148538,5427174,9,decoder_self_attn,reverse,-8.901620864868164,-8.801011085510254,-8.80636215209961,0.053186346531180984
148538,5427174,9,decoder_cross_attn,forward,-8.901620864868164,-8.801011085510254,-8.884929656982422,0.16590045214555865
148538,5427174,9,decoder_cross_attn,reverse,-8.901620864868164,-8.801011085510254,-8.817445755004883,0.16335061660521152
148538,5427174,9,decoder_mlp,forward,-8.901620864868164,-8.801011085510254,-8.900824546813965,0.007914917011858157
148538,5427174,9,decoder_mlp,reverse,-8.901620864868164,-8.801011085510254,-8.801972389221191,0.009554774069404817
148538,5427174,10,decoder_self_attn,forward,-8.901620864868164,-8.801011085510254,-8.902396202087402,-0.007706380276216385
148538,5427174,10,decoder_self_attn,reverse,-8.901620864868164,-8.801011085510254,-8.800271987915039,-0.00734618046010787
148538,5427174,10,decoder_cross_attn,forward,-8.901620864868164,-8.801011085510254,-8.8897066116333,0.11842042901693887
148538,5427174,10,decoder_cross_attn,reverse,-8.901620864868164,-8.801011085510254,-8.812872886657715,0.11789908717783444
148538,5427174,10,decoder_mlp,forward,-8.901620864868164,-8.801011085510254,-8.909968376159668,-0.08296918395783766
148538,5427174,10,decoder_mlp,reverse,-8.901620864868164,-8.801011085510254,-8.792617797851562,-0.0834241731992379
148538,5427174,11,decoder_self_attn,forward,-8.901620864868164,-8.801011085510254,-8.893692016601562,0.07880792818753139
148538,5427174,11,decoder_self_attn,reverse,-8.901620864868164,-8.801011085510254,-8.809028625488281,0.07968946984274435
148538,5427174,11,decoder_cross_attn,forward,-8.901620864868164,-8.801011085510254,-8.846168518066406,0.5511625923012029
148538,5427174,11,decoder_cross_attn,reverse,-8.901620864868164,-8.801011085510254,-8.856541633605957,0.551939865588595
148538,5427174,11,decoder_mlp,forward,-8.901620864868164,-8.801011085510254,-8.896738052368164,0.048532185749357803
148538,5427174,11,decoder_mlp,reverse,-8.901620864868164,-8.801011085510254,-8.805852890014648,0.04812459122060343
264014,4664190,0,encoder_self_attn,forward,-5.662934303283691,-5.5634565353393555,-5.592260360717773,0.7104496213210623
264014,4664190,0,encoder_self_attn,reverse,-5.662934303283691,-5.5634565353393555,-5.586367607116699,0.23031348863963186
264014,4664190,0,encoder_mlp,forward,-5.662934303283691,-5.5634565353393555,-5.6773481369018555,-0.14489502444636182
264014,4664190,0,encoder_mlp,reverse,-5.662934303283691,-5.5634565353393555,-5.287042617797852,-2.778650177355958
264014,4664190,1,encoder_self_attn,forward,-5.662934303283691,-5.5634565353393555,-5.642643928527832,0.20396893874029334
264014,4664190,1,encoder_self_attn,reverse,-5.662934303283691,-5.5634565353393555,-5.602899551391602,0.39650081487872685
264014,4664190,1,encoder_mlp,forward,-5.662934303283691,-5.5634565353393555,-5.682842254638672,-0.20012462851116863
264014,4664190,1,encoder_mlp,reverse,-5.662934303283691,-5.5634565353393555,-5.358983993530273,-2.0554596874700413
264014,4664190,2,encoder_self_attn,forward,-5.662934303283691,-5.5634565353393555,-5.65473747253418,0.08239861949956859
264014,4664190,2,encoder_self_attn,reverse,-5.662934303283691,-5.5634565353393555,-5.496879577636719,-0.6692646917841051
264014,4664190,2,encoder_mlp,forward,-5.662934303283691,-5.5634565353393555,-5.648035049438477,0.14977470999904133
264014,4664190,2,encoder_mlp,reverse,-5.662934303283691,-5.5634565353393555,-5.514415740966797,-0.49298245614035086
264014,4664190,3,encoder_self_attn,forward,-5.662934303283691,-5.5634565353393555,-5.643129348754883,0.19908925318761383
264014,4664190,3,encoder_self_attn,reverse,-5.662934303283691,-5.5634565353393555,-5.59040641784668,0.2709136228549516
264014,4664190,3,encoder_mlp,forward,-5.662934303283691,-5.5634565353393555,-5.692037582397461,-0.2925606365640878
264014,4664190,3,encoder_mlp,reverse,-5.662934303283691,-5.5634565353393555,-5.519952774047852,-0.43732144569072956
264014,4664190,4,encoder_self_attn,forward,-5.662934303283691,-5.5634565353393555,-5.693508148193359,-0.30734349535039784
264014,4664190,4,encoder_self_attn,reverse,-5.662934303283691,-5.5634565353393555,-5.513526916503906,-0.5019173617102867
264014,4664190,4,encoder_mlp,forward,-5.662934303283691,-5.5634565353393555,-5.642816543579102,0.20223372639248394
264014,4664190,4,encoder_mlp,reverse,-5.662934303283691,-5.5634565353393555,-5.593507766723633,0.30208992426421244
264014,4664190,5,encoder_self_attn,forward,-5.662934303283691,-5.5634565353393555,-5.679807662963867,-0.1696194037005081
264014,4664190,5,encoder_self_attn,reverse,-5.662934303283691,-5.5634565353393555,-5.568367004394531,0.04936247723132969
264014,4664190,5,encoder_mlp,forward,-5.662934303283691,-5.5634565353393555,-5.62103271484375,0.42121560732432173
264014,4664190,5,encoder_mlp,reverse,-5.662934303283691,-5.5634565353393555,-5.530592918395996,-0.33036142268238905
264014,4664190,6,encoder_self_attn,forward,-5.662934303283691,-5.5634565353393555,-5.665111541748047,-0.02188668392292206
264014,4664190,6,encoder_self_attn,reverse,-5.662934303283691,-5.5634565353393555,-5.568259239196777,0.048279167865017736
264014,4664190,6,encoder_mlp,forward,-5.662934303283691,-5.5634565353393555,-5.667600631713867,-0.046908254242162786
264014,4664190,6,encoder_mlp,reverse,-5.662934303283691,-5.5634565353393555,-5.524206161499023,-0.3945642795513374
264014,4664190,7,encoder_self_attn,forward,-5.662934303283691,-5.5634565353393555,-5.661674499511719,0.012664174096443295
264014,4664190,7,encoder_self_attn,reverse,-5.662934303283691,-5.5634565353393555,-5.600332260131836,0.3706931262582686
264014,4664190,7,encoder_mlp,forward,-5.662934303283691,-5.5634565353393555,-5.612948417663574,0.5024829834148212
264014,4664190,7,encoder_mlp,reverse,-5.662934303283691,-5.5634565353393555,-5.635763168334961,0.7268622375611159
264014,4664190,8,encoder_self_attn,forward,-5.662934303283691,-5.5634565353393555,-5.686288833618164,-0.2347713546160483
264014,4664190,8,encoder_self_attn,reverse,-5.662934303283691,-5.5634565353393555,-5.514211654663086,-0.4950340331703576
264014,4664190,8,encoder_mlp,forward,-5.662934303283691,-5.5634565353393555,-5.575957298278809,0.8743361135078133
264014,4664190,8,encoder_mlp,reverse,-5.662934303283691,-5.5634565353393555,-5.659441947937012,0.9648931070846515
264014,4664190,9,encoder_self_attn,forward,-5.662934303283691,-5.5634565353393555,-5.55764102935791,1.05846035854664
264014,4664190,9,encoder_self_attn,reverse,-5.662934303283691,-5.5634565353393555,-5.628543853759766,0.6542900968267664
264014,4664190,9,encoder_mlp,forward,-5.662934303283691,-5.5634565353393555,-5.666295051574707,-0.033783913335250694
264014,4664190,9,encoder_mlp,reverse,-5.662934303283691,-5.5634565353393555,-5.539833068847656,-0.23747483462755248
264014,4664190,10,encoder_self_attn,forward,-5.662934303283691,-5.5634565353393555,-5.517787933349609,1.459083501102483
264014,4664190,10,encoder_self_attn,reverse,-5.662934303283691,-5.5634565353393555,-5.674741744995117,1.1186942766752948
264014,4664190,10,encoder_mlp,forward,-5.662934303283691,-5.5634565353393555,-5.663735389709473,-0.00805291918320391
264014,4664190,10,encoder_mlp,reverse,-5.662934303283691,-5.5634565353393555,-5.551102638244629,-0.12418751797526603
264014,4664190,11,encoder_self_attn,forward,-5.662934303283691,-5.5634565353393555,-5.610040664672852,0.5317131626881412
264014,4664190,11,encoder_self_attn,reverse,-5.662934303283691,-5.5634565353393555,-5.627300262451172,0.6417888984756974
264014,4664190,11,encoder_mlp,forward,-5.662934303283691,-5.5634565353393555,-5.662726402282715,0.0020899242642124435
264014,4664190,11,encoder_mlp,reverse,-5.662934303283691,-5.5634565353393555,-5.583741188049316,0.20391141788898476
264014,4664190,0,decoder_self_attn,forward,-5.662934303283691,-5.5634565353393555,-5.662934303283691,0.0
264014,4664190,0,decoder_self_attn,reverse,-5.662934303283691,-5.5634565353393555,-5.5634565353393555,0.0
264014,4664190,0,decoder_cross_attn,forward,-5.662934303283691,-5.5634565353393555,-5.6662139892578125,-0.03296903460837887
264014,4664190,0,decoder_cross_attn,reverse,-5.662934303283691,-5.5634565353393555,-5.559728622436523,-0.03747483462755249
264014,4664190,0,decoder_mlp,forward,-5.662934303283691,-5.5634565353393555,-5.661247253417969,0.01695906432748538
264014,4664190,0,decoder_mlp,reverse,-5.662934303283691,-5.5634565353393555,-5.564716339111328,0.012664174096443295
264014,4664190,1,decoder_self_attn,forward,-5.662934303283691,-5.5634565353393555,-5.662925720214844,8.628127696289905e-05
264014,4664190,1,decoder_self_attn,reverse,-5.662934303283691,-5.5634565353393555,-5.5633544921875,-0.0010257885150033554
264014,4664190,1,decoder_cross_attn,forward,-5.662934303283691,-5.5634565353393555,-5.662168502807617,0.007698207266800882
264014,4664190,1,decoder_cross_attn,reverse,-5.662934303283691,-5.5634565353393555,-5.5652265548706055,0.01779311667146007
264014,4664190,1,decoder_mlp,forward,-5.662934303283691,-5.5634565353393555,-5.663352012634277,-0.004199022145527754
264014,4664190,1,decoder_mlp,reverse,-5.662934303283691,-5.5634565353393555,-5.562618255615234,-0.008426804716709807
264014,4664190,2,decoder_self_attn,forward,-5.662934303283691,-5.5634565353393555,-5.665859222412109,-0.02940274182724571
264014,4664190,2,decoder_self_attn,reverse,-5.662934303283691,-5.5634565353393555,-5.560774803161621,-0.02695810564663024
264014,4664190,2,decoder_cross_attn,forward,-5.662934303283691,-5.5634565353393555,-5.664112091064453,-0.011839708561020037
264014,4664190,2,decoder_cross_attn,reverse,-5.662934303283691,-5.5634565353393555,-5.561761856079102,-0.017035758795896846
264014,4664190,2,decoder_mlp,forward,-5.662934303283691,-5.5634565353393555,-5.662833213806152,0.0010162017064519221
264014,4664190,2,decoder_mlp,reverse,-5.662934303283691,-5.5634565353393555,-5.563319206237793,-0.0013805004314063848
264014,4664190,3,decoder_self_attn,forward,-5.662934303283691,-5.5634565353393555,-5.66195011138916,0.009893586425079091
264014,4664190,3,decoder_self_attn,reverse,-5.662934303283691,-5.5634565353393555,-5.564332962036133,0.008810277058767137
264014,4664190,3,decoder_cross_attn,forward,-5.662934303283691,-5.5634565353393555,-5.66392707824707,-0.00997986770204199
264014,4664190,3,decoder_cross_attn,reverse,-5.662934303283691,-5.5634565353393555,-5.562808990478516,-0.006509443006423162
264014,4664190,3,decoder_mlp,forward,-5.662934303283691,-5.5634565353393555,-5.660894393920898,0.020506183491515676
264014,4664190,3,decoder_mlp,reverse,-5.662934303283691,-5.5634565353393555,-5.565234184265137,0.017869811139871537
264014,4664190,4,decoder_self_attn,forward,-5.662934303283691,-5.5634565353393555,-5.6644487380981445,-0.015223851979675965
264014,4664190,4,decoder_self_attn,reverse,-5.662934303283691,-5.5634565353393555,-5.561857223510742,-0.016077077940753522
264014,4664190,4,decoder_cross_attn,forward,-5.662934303283691,-5.5634565353393555,-5.664965629577637,-0.020419902214552775
264014,4664190,4,decoder_cross_attn,reverse,-5.662934303283691,-5.5634565353393555,-5.561314582824707,-0.02153197200651903
264014,4664190,4,decoder_mlp,forward,-5.662934303283691,-5.5634565353393555,-5.669075012207031,-0.06172946026267855
264014,4664190,4,decoder_mlp,reverse,-5.662934303283691,-5.5634565353393555,-5.557554244995117,-0.05933275812482025
264014,4664190,5,decoder_self_attn,forward,-5.662934303283691,-5.5634565353393555,-5.668795585632324,-0.05892052535710862
264014,4664190,5,decoder_self_attn,reverse,-5.662934303283691,-5.5634565353393555,-5.557470321655273,-0.060176397277346375
264014,4664190,5,decoder_cross_attn,forward,-5.662934303283691,-5.5634565353393555,-5.665919303894043,-0.030006710765986003
264014,4664190,5,decoder_cross_attn,reverse,-5.662934303283691,-5.5634565353393555,-5.56011962890625,-0.03354424312146487
264014,4664190,5,decoder_mlp,forward,-5.662934303283691,-5.5634565353393555,-5.663393974304199,-0.004620841721790816
264014,4664190,5,decoder_mlp,reverse,-5.662934303283691,-5.5634565353393555,-5.563257217407227,-0.0020036429872495446
264014,4664190,6,decoder_self_attn,forward,-5.662934303283691,-5.5634565353393555,-5.66652774810791,-0.036123094621800404
264014,4664190,6,decoder_self_attn,reverse,-5.662934303283691,-5.5634565353393555,-5.560174942016602,-0.032988208225481735
264014,4664190,6,decoder_cross_attn,forward,-5.662934303283691,-5.5634565353393555,-5.673262596130371,-0.10382513661202186
264014,4664190,6,decoder_cross_attn,reverse,-5.662934303283691,-5.5634565353393555,-5.554017066955566,-0.09489023104208609
264014,4664190,6,decoder_mlp,forward,-5.662934303283691,-5.5634565353393555,-5.665630340576172,-0.027101907774901735
264014,4664190,6,decoder_mlp,reverse,-5.662934303283691,-5.5634565353393555,-5.560973167419434,-0.024964049467932126
264014,4664190,7,decoder_self_attn,forward,-5.662934303283691,-5.5634565353393555,-5.66234016418457,0.005972581727542901
264014,4664190,7,decoder_self_attn,reverse,-5.662934303283691,-5.5634565353393555,-5.564343452453613,0.008915731952832903
264014,4664190,7,decoder_cross_attn,forward,-5.662934303283691,-5.5634565353393555,-5.665708541870117,-0.02788802607611926
264014,4664190,7,decoder_cross_attn,reverse,-5.662934303283691,-5.5634565353393555,-5.561216354370117,-0.02251941328731665
264014,4664190,7,decoder_mlp,forward,-5.662934303283691,-5.5634565353393555,-5.6652116775512695,-0.022893298820822548
264014,4664190,7,decoder_mlp,reverse,-5.662934303283691,-5.5634565353393555,-5.561445236206055,-0.020218579234972677
264014,4664190,8,decoder_self_attn,forward,-5.662934303283691,-5.5634565353393555,-5.669792175292969,-0.06893874029335634
264014,4664190,8,decoder_self_attn,reverse,-5.662934303283691,-5.5634565353393555,-5.557186126708984,-0.06303326622567347
264014,4664190,8,decoder_cross_attn,forward,-5.662934303283691,-5.5634565353393555,-5.653160095214844,0.09825520084363916
264014,4664190,8,decoder_cross_attn,reverse,-5.662934303283691,-5.5634565353393555,-5.573451042175293,0.10046975361902023
264014,4664190,8,decoder_mlp,forward,-5.662934303283691,-5.5634565353393555,-5.669107437133789,-0.062055411753427284
264014,4664190,8,decoder_mlp,reverse,-5.662934303283691,-5.5634565353393555,-5.556707382202148,-0.06784584411849295
264014,4664190,9,decoder_self_attn,forward,-5.662934303283691,-5.5634565353393555,-5.6644287109375,-0.015022529000095868
264014,4664190,9,decoder_self_attn,reverse,-5.662934303283691,-5.5634565353393555,-5.561725616455078,-0.01740005752085131
264014,4664190,9,decoder_cross_attn,forward,-5.662934303283691,-5.5634565353393555,-5.65594482421875,0.07026171987345413
264014,4664190,9,decoder_cross_attn,reverse,-5.662934303283691,-5.5634565353393555,-5.5682373046875,0.04805867126833477
264014,4664190,9,decoder_mlp,forward,-5.662934303283691,-5.5634565353393555,-5.66715145111084,-0.042392867414437735
264014,4664190,9,decoder_mlp,reverse,-5.662934303283691,-5.5634565353393555,-5.55902099609375,-0.04458824657271594
264014,4664190,10,decoder_self_attn,forward,-5.662934303283691,-5.5634565353393555,-5.667547225952148,-0.04637139296328252
264014,4664190,10,decoder_self_attn,reverse,-5.662934303283691,-5.5634565353393555,-5.558785438537598,-0.04695618828491995
264014,4664190,10,decoder_cross_attn,forward,-5.662934303283691,-5.5634565353393555,-5.641840934753418,0.21204103154060014
264014,4664190,10,decoder_cross_attn,reverse,-5.662934303283691,-5.5634565353393555,-5.584291458129883,0.20944300642316174
264014,4664190,10,decoder_mlp,forward,-5.662934303283691,-5.5634565353393555,-5.669541358947754,-0.0664174096443294
264014,4664190,10,decoder_mlp,reverse,-5.662934303283691,-5.5634565353393555,-5.55677604675293,-0.06715559390278976
264014,4664190,11,decoder_self_attn,forward,-5.662934303283691,-5.5634565353393555,-5.658130645751953,0.04828875467356917
264014,4664190,11,decoder_self_attn,reverse,-5.662934303283691,-5.5634565353393555,-5.568061828613281,0.046294698494871056
264014,4664190,11,decoder_cross_attn,forward,-5.662934303283691,-5.5634565353393555,-5.6083831787109375,0.548375035950532
264014,4664190,11,decoder_cross_attn,reverse,-5.662934303283691,-5.5634565353393555,-5.617837905883789,0.5466685840283769
264014,4664190,11,decoder_mlp,forward,-5.662934303283691,-5.5634565353393555,-5.657194137573242,0.0577030006710766
264014,4664190,11,decoder_mlp,reverse,-5.662934303283691,-5.5634565353393555,-5.569108963012695,0.05682101428434474
1129237,4373435,0,encoder_self_attn,forward,-11.322314262390137,-11.224433898925781,-11.311878204345703,0.1066205485458177
1129237,4373435,0,encoder_self_attn,reverse,-11.322314262390137,-11.224433898925781,-11.19520378112793,-0.29863107127198324
1129237,4373435,0,encoder_mlp,forward,-11.322314262390137,-11.224433898925781,-11.3191556930542,0.032269693574316756
1129237,4373435,0,encoder_mlp,reverse,-11.322314262390137,-11.224433898925781,-11.120780944824219,-1.0589759828518537
1129237,4373435,1,encoder_self_attn,forward,-11.322314262390137,-11.224433898925781,-11.30471134185791,0.17984118478102012
1129237,4373435,1,encoder_self_attn,reverse,-11.322314262390137,-11.224433898925781,-11.251644134521484,0.27799483606956693
1129237,4373435,1,encoder_mlp,forward,-11.322314262390137,-11.224433898925781,-11.300579071044922,0.2220587518877576
1129237,4373435,1,encoder_mlp,reverse,-11.322314262390137,-11.224433898925781,-11.141249656677246,-0.8498562868417207
1129237,4373435,2,encoder_self_attn,forward,-11.322314262390137,-11.224433898925781,-11.325780868530273,-0.035416768159010084
1129237,4373435,2,encoder_self_attn,reverse,-11.322314262390137,-11.224433898925781,-11.192541122436523,-0.32583426706289276
1129237,4373435,2,encoder_mlp,forward,-11.322314262390137,-11.224433898925781,-11.319950103759766,0.02415355385589711
1129237,4373435,2,encoder_mlp,reverse,-11.322314262390137,-11.224433898925781,-11.207757949829102,-0.17037073123203586
1129237,4373435,3,encoder_self_attn,forward,-11.322314262390137,-11.224433898925781,-11.321950912475586,0.0037121839528425978
1129237,4373435,3,encoder_self_attn,reverse,-11.322314262390137,-11.224433898925781,-11.227529525756836,0.03162663808642276
1129237,4373435,3,encoder_mlp,forward,-11.322314262390137,-11.224433898925781,-11.318055152893066,0.043513421347493544
1129237,4373435,3,encoder_mlp,reverse,-11.322314262390137,-11.224433898925781,-11.219905853271484,-0.04626102206849515
1129237,4373435,4,encoder_self_attn,forward,-11.322314262390137,-11.224433898925781,-11.326387405395508,-0.04161348467871584
1129237,4373435,4,encoder_self_attn,reverse,-11.322314262390137,-11.224433898925781,-11.2193021774292,-0.052428508793296635
1129237,4373435,4,encoder_mlp,forward,-11.322314262390137,-11.224433898925781,-11.3276948928833,-0.05497150094996833
1129237,4373435,4,encoder_mlp,reverse,-11.322314262390137,-11.224433898925781,-11.233074188232422,0.08827398061090272
1129237,4373435,5,encoder_self_attn,forward,-11.322314262390137,-11.224433898925781,-11.317574501037598,0.048424026891411315
1129237,4373435,5,encoder_self_attn,reverse,-11.322314262390137,-11.224433898925781,-11.225589752197266,0.011808837141326058
1129237,4373435,5,encoder_mlp,forward,-11.322314262390137,-11.224433898925781,-11.312352180480957,0.10177814585667658
1129237,4373435,5,encoder_mlp,reverse,-11.322314262390137,-11.224433898925781,-11.230234146118164,0.05925853753592829
1129237,4373435,6,encoder_self_attn,forward,-11.322314262390137,-11.224433898925781,-11.324974060058594,-0.027173965996005262
1129237,4373435,6,encoder_self_attn,reverse,-11.322314262390137,-11.224433898925781,-11.22844123840332,0.040941199395917574
1129237,4373435,6,encoder_mlp,forward,-11.322314262390137,-11.224433898925781,-11.30411148071289,0.18596969844594924
1129237,4373435,6,encoder_mlp,reverse,-11.322314262390137,-11.224433898925781,-11.253538131713867,0.2973449602961953
1129237,4373435,7,encoder_self_attn,forward,-11.322314262390137,-11.224433898925781,-11.323334693908691,-0.010425293515857163
1129237,4373435,7,encoder_self_attn,reverse,-11.322314262390137,-11.224433898925781,-11.228948593139648,0.04612461635894188
1129237,4373435,7,encoder_mlp,forward,-11.322314262390137,-11.224433898925781,-11.294109344482422,0.2881570614312856
1129237,4373435,7,encoder_mlp,reverse,-11.322314262390137,-11.224433898925781,-11.249979019165039,0.26098309543528037
1129237,4373435,8,encoder_self_attn,forward,-11.322314262390137,-11.224433898925781,-11.311317443847656,0.1123495883470551
1129237,4373435,8,encoder_self_attn,reverse,-11.322314262390137,-11.224433898925781,-11.236154556274414,0.11974472645783601
1129237,4373435,8,encoder_mlp,forward,-11.322314262390137,-11.224433898925781,-11.32254695892334,-0.002377356652214157
1129237,4373435,8,encoder_mlp,reverse,-11.322314262390137,-11.224433898925781,-11.245526313781738,0.21549179129926438
1129237,4373435,9,encoder_self_attn,forward,-11.322314262390137,-11.224433898925781,-11.303121566772461,0.19608320748282748
1129237,4373435,9,encoder_self_attn,reverse,-11.322314262390137,-11.224433898925781,-11.230676651000977,0.06377941248112243
1129237,4373435,9,encoder_mlp,forward,-11.322314262390137,-11.224433898925781,-11.305377960205078,0.17303064256832465
1129237,4373435,9,encoder_mlp,reverse,-11.322314262390137,-11.224433898925781,-11.212533950805664,-0.12157646027183709
1129237,4373435,10,encoder_self_attn,forward,-11.322314262390137,-11.224433898925781,-11.256214141845703,0.675315438203342
1129237,4373435,10,encoder_self_attn,reverse,-11.322314262390137,-11.224433898925781,-11.266475677490234,0.42952209285331516
1129237,4373435,10,encoder_mlp,forward,-11.322314262390137,-11.224433898925781,-11.315155029296875,0.0731426901154577
1129237,4373435,10,encoder_mlp,reverse,-11.322314262390137,-11.224433898925781,-11.22651481628418,0.02125980416037414
1129237,4373435,11,encoder_self_attn,forward,-11.322314262390137,-11.224433898925781,-11.242703437805176,0.8133482730062844
1129237,4373435,11,encoder_self_attn,reverse,-11.322314262390137,-11.224433898925781,-11.308088302612305,0.8546597164709895
1129237,4373435,11,encoder_mlp,forward,-11.322314262390137,-11.224433898925781,-11.310751914978027,0.11812734447313294
1129237,4373435,11,encoder_mlp,reverse,-11.322314262390137,-11.224433898925781,-11.243767738342285,0.19752521069810494
1129237,4373435,0,decoder_self_attn,forward,-11.322314262390137,-11.224433898925781,-11.322314262390137,0.0
1129237,4373435,0,decoder_self_attn,reverse,-11.322314262390137,-11.224433898925781,-11.224433898925781,0.0
1129237,4373435,0,decoder_cross_attn,forward,-11.322314262390137,-11.224433898925781,-11.324516296386719,-0.022497198811321673
1129237,4373435,0,decoder_cross_attn,reverse,-11.322314262390137,-11.224433898925781,-11.222200393676758,-0.02281872655526867
1129237,4373435,0,decoder_mlp,forward,-11.322314262390137,-11.224433898925781,-11.32486343383789,-0.026043747259706727
1129237,4373435,0,decoder_mlp,reverse,-11.322314262390137,-11.224433898925781,-11.221954345703125,-0.0253324889170361
1129237,4373435,1,decoder_self_attn,forward,-11.322314262390137,-11.224433898925781,-11.3228759765625,-0.0057387830662054854
1129237,4373435,1,decoder_self_attn,reverse,-11.322314262390137,-11.224433898925781,-11.22380542755127,-0.006420811613971842
1129237,4373435,1,decoder_cross_attn,forward,-11.322314262390137,-11.224433898925781,-11.338909149169922,-0.16954255370974813
1129237,4373435,1,decoder_cross_attn,reverse,-11.322314262390137,-11.224433898925781,-11.20744514465332,-0.17356652214156965
1129237,4373435,1,decoder_mlp,forward,-11.322314262390137,-11.224433898925781,-11.321797370910645,0.005280849612705218
1129237,4373435,1,decoder_mlp,reverse,-11.322314262390137,-11.224433898925781,-11.224811553955078,0.00385833292736396
1129237,4373435,2,decoder_self_attn,forward,-11.322314262390137,-11.224433898925781,-11.327759742736816,-0.05563404296779851
1129237,4373435,2,decoder_self_attn,reverse,-11.322314262390137,-11.224433898925781,-11.219097137451172,-0.054523310761436156
1129237,4373435,2,decoder_cross_attn,forward,-11.322314262390137,-11.224433898925781,-11.319168090820312,0.032143031129731575
1129237,4373435,2,decoder_cross_attn,reverse,-11.322314262390137,-11.224433898925781,-11.227519989013672,0.031529205436741856
1129237,4373435,2,decoder_mlp,forward,-11.322314262390137,-11.224433898925781,-11.32395076751709,-0.016719442685243825
1129237,4373435,2,decoder_mlp,reverse,-11.322314262390137,-11.224433898925781,-11.222807884216309,-0.016612266770594825
1129237,4373435,3,decoder_self_attn,forward,-11.322314262390137,-11.224433898925781,-11.323169708251953,-0.008739708676377455
1129237,4373435,3,decoder_self_attn,reverse,-11.322314262390137,-11.224433898925781,-11.223546981811523,-0.009061236420324451
1129237,4373435,3,decoder_cross_attn,forward,-11.322314262390137,-11.224433898925781,-11.320372581481934,0.019837287475032883
1129237,4373435,3,decoder_cross_attn,reverse,-11.322314262390137,-11.224433898925781,-11.226409912109375,0.020188045013884152
1129237,4373435,3,decoder_mlp,forward,-11.322314262390137,-11.224433898925781,-11.321531295776367,0.007999220538802553
1129237,4373435,3,decoder_mlp,reverse,-11.322314262390137,-11.224433898925781,-11.22507095336914,0.006508500998684659
1129237,4373435,4,decoder_self_attn,forward,-11.322314262390137,-11.224433898925781,-11.325202941894531,-0.029512349588347055
1129237,4373435,4,decoder_self_attn,reverse,-11.322314262390137,-11.224433898925781,-11.221603393554688,-0.028918010425293517
1129237,4373435,4,decoder_cross_attn,forward,-11.322314262390137,-11.224433898925781,-11.319354057312012,0.030243094460953867
1129237,4373435,4,decoder_cross_attn,reverse,-11.322314262390137,-11.224433898925781,-11.227212905883789,0.028391874117016613
1129237,4373435,4,decoder_mlp,forward,-11.322314262390137,-11.224433898925781,-11.321496963500977,0.008349978077653822
1129237,4373435,4,decoder_mlp,reverse,-11.322314262390137,-11.224433898925781,-11.224560737609863,0.0012958542407560773
1129237,4373435,5,decoder_self_attn,forward,-11.322314262390137,-11.224433898925781,-11.324914932250977,-0.02656988356798363
1129237,4373435,5,decoder_self_attn,reverse,-11.322314262390137,-11.224433898925781,-11.222026824951172,-0.024592000779461196
1129237,4373435,5,decoder_cross_attn,forward,-11.322314262390137,-11.224433898925781,-11.321971893310547,0.0034978321235445997
1129237,4373435,5,decoder_cross_attn,reverse,-11.322314262390137,-11.224433898925781,-11.224662780761719,0.0023383835923417935
1129237,4373435,5,decoder_mlp,forward,-11.322314262390137,-11.224433898925781,-11.322912216186523,-0.0061090271349929365
1129237,4373435,5,decoder_mlp,reverse,-11.322314262390137,-11.224433898925781,-11.223897933959961,-0.0054757149120670335
1129237,4373435,6,decoder_self_attn,forward,-11.322314262390137,-11.224433898925781,-11.325844764709473,-0.036069566911872165
1129237,4373435,6,decoder_self_attn,reverse,-11.322314262390137,-11.224433898925781,-11.220847129821777,-0.03664441954498952
1129237,4373435,6,decoder_cross_attn,forward,-11.322314262390137,-11.224433898925781,-11.319143295288086,0.03239635601890194
1129237,4373435,6,decoder_cross_attn,reverse,-11.322314262390137,-11.224433898925781,-11.227851867675781,0.03491986164563745
1129237,4373435,6,decoder_mlp,forward,-11.322314262390137,-11.224433898925781,-11.324499130249023,-0.022321820041896038
1129237,4373435,6,decoder_mlp,reverse,-11.322314262390137,-11.224433898925781,-11.22216796875,-0.023149997564183757
1129237,4373435,7,decoder_self_attn,forward,-11.322314262390137,-11.224433898925781,-11.32196044921875,0.0036147513031616896
1129237,4373435,7,decoder_self_attn,reverse,-11.322314262390137,-11.224433898925781,-11.225109100341797,0.006898231597408292
1129237,4373435,7,decoder_cross_attn,forward,-11.322314262390137,-11.224433898925781,-11.311920166015625,0.1061918448872217
1129237,4373435,7,decoder_cross_attn,reverse,-11.322314262390137,-11.224433898925781,-11.234848976135254,0.1064061967165197
1129237,4373435,7,decoder_mlp,forward,-11.322314262390137,-11.224433898925781,-11.324949264526367,-0.0269206411068349
1129237,4373435,7,decoder_mlp,reverse,-11.322314262390137,-11.224433898925781,-11.221687316894531,-0.028060603108101524
1129237,4373435,8,decoder_self_attn,forward,-11.322314262390137,-11.224433898925781,-11.325982093811035,-0.03747259706727724
1129237,4373435,8,decoder_self_attn,reverse,-11.322314262390137,-11.224433898925781,-11.220769882202148,-0.03743362400740488
1129237,4373435,8,decoder_cross_attn,forward,-11.322314262390137,-11.224433898925781,-11.313911437988281,0.0858479076338481
1129237,4373435,8,decoder_cross_attn,reverse,-11.322314262390137,-11.224433898925781,-11.232807159423828,0.08554586641983729
1129237,4373435,8,decoder_mlp,forward,-11.322314262390137,-11.224433898925781,-11.32339859008789,-0.011078092268719248
1129237,4373435,8,decoder_mlp,reverse,-11.322314262390137,-11.224433898925781,-11.22285270690918,-0.01615433331709456
1129237,4373435,9,decoder_self_attn,forward,-11.322314262390137,-11.224433898925781,-11.322540283203125,-0.0023091537974375214
1129237,4373435,9,decoder_self_attn,reverse,-11.322314262390137,-11.224433898925781,-11.224095344543457,-0.0034588590636722366
1129237,4373435,9,decoder_cross_attn,forward,-11.322314262390137,-11.224433898925781,-11.298498153686523,0.24331855604813174
1129237,4373435,9,decoder_cross_attn,reverse,-11.322314262390137,-11.224433898925781,-11.248039245605469,0.24116529449018367
1129237,4373435,9,decoder_mlp,forward,-11.322314262390137,-11.224433898925781,-11.328668594360352,-0.06491937448238905
1129237,4373435,9,decoder_mlp,reverse,-11.322314262390137,-11.224433898925781,-11.21784496307373,-0.0673162176645394
1129237,4373435,10,decoder_self_attn,forward,-11.322314262390137,-11.224433898925781,-11.323053359985352,-0.0075510303502703754
1129237,4373435,10,decoder_self_attn,reverse,-11.322314262390137,-11.224433898925781,-11.223922729492188,-0.005222390022896673
1129237,4373435,10,decoder_cross_attn,forward,-11.322314262390137,-11.224433898925781,-11.301549911499023,0.21214010815024115
1129237,4373435,10,decoder_cross_attn,reverse,-11.322314262390137,-11.224433898925781,-11.244979858398438,0.20990890047254834
1129237,4373435,10,decoder_mlp,forward,-11.322314262390137,-11.224433898925781,-11.33824348449707,-0.16274175476202074
1129237,4373435,10,decoder_mlp,reverse,-11.322314262390137,-11.224433898925781,-11.209378242492676,-0.15381692405124958
1129237,4373435,11,decoder_self_attn,forward,-11.322314262390137,-11.224433898925781,-11.312806129455566,0.09714035173186535
1129237,4373435,11,decoder_self_attn,reverse,-11.322314262390137,-11.224433898925781,-11.233560562133789,0.09324304574462902
1129237,4373435,11,decoder_cross_attn,forward,-11.322314262390137,-11.224433898925781,-11.291556358337402,0.3142397817508647
1129237,4373435,11,decoder_cross_attn,reverse,-11.322314262390137,-11.224433898925781,-11.255022048950195,0.31250548058654454
1129237,4373435,11,decoder_mlp,forward,-11.322314262390137,-11.224433898925781,-11.310232162475586,0.12343742388074244
1129237,4373435,11,decoder_mlp,reverse,-11.322314262390137,-11.224433898925781,-11.236477851867676,0.12304769328201881
1129237,6106530,0,encoder_self_attn,forward,-8.381810188293457,-8.287818908691406,-8.39670467376709,-0.15846667410736934
1129237,6106530,0,encoder_self_attn,reverse,-8.381810188293457,-8.287818908691406,-8.250011444091797,-0.40224438649715394
1129237,6106530,0,encoder_mlp,forward,-8.381810188293457,-8.287818908691406,-8.38467788696289,-0.030510263096482238
1129237,6106530,0,encoder_mlp,reverse,-8.381810188293457,-8.287818908691406,-8.246825218200684,-0.43614355144738576
1129237,6106530,1,encoder_self_attn,forward,-8.381810188293457,-8.287818908691406,-8.384435653686523,-0.027933074261594814
1129237,6106530,1,encoder_self_attn,reverse,-8.381810188293457,-8.287818908691406,-8.274816513061523,-0.13833619123958724
1129237,6106530,1,encoder_mlp,forward,-8.381810188293457,-8.287818908691406,-8.375381469726562,0.06839696825187455
1129237,6106530,1,encoder_mlp,reverse,-8.381810188293457,-8.287818908691406,-8.187573432922363,-1.0665401747212273
1129237,6106530,2,encoder_self_attn,forward,-8.381810188293457,-8.287818908691406,-8.388413429260254,-0.0702537617825218
1129237,6106530,2,encoder_self_attn,reverse,-8.381810188293457,-8.287818908691406,-8.265702247619629,-0.23530545775541056
1129237,6106530,2,encoder_mlp,forward,-8.381810188293457,-8.287818908691406,-8.379119873046875,0.02862303032762767
1129237,6106530,2,encoder_mlp,reverse,-8.381810188293457,-8.287818908691406,-8.228044509887695,-0.6359568574530475
1129237,6106530,3,encoder_self_attn,forward,-8.381810188293457,-8.287818908691406,-8.376567840576172,0.055774830808567634
1129237,6106530,3,encoder_self_attn,reverse,-8.381810188293457,-8.287818908691406,-8.325647354125977,0.402467607577341
1129237,6106530,3,encoder_mlp,forward,-8.381810188293457,-8.287818908691406,-8.373056411743164,0.09313392250169952
1129237,6106530,3,encoder_mlp,reverse,-8.381810188293457,-8.287818908691406,-8.262453079223633,-0.2698742859462037
1129237,6106530,4,encoder_self_attn,forward,-8.381810188293457,-8.287818908691406,-8.400825500488281,-0.2023093235386629
1129237,6106530,4,encoder_self_attn,reverse,-8.381810188293457,-8.287818908691406,-8.29592227935791,0.08621406901589942
1129237,6106530,4,encoder_mlp,forward,-8.381810188293457,-8.287818908691406,-8.390300750732422,-0.090333512586625
1129237,6106530,4,encoder_mlp,reverse,-8.381810188293457,-8.287818908691406,-8.277127265930176,-0.11375143318079893
1129237,6106530,5,encoder_self_attn,forward,-8.381810188293457,-8.287818908691406,-8.370312690734863,0.12232515194253071
1129237,6106530,5,encoder_self_attn,reverse,-8.381810188293457,-8.287818908691406,-8.29460334777832,0.07218158020231948
1129237,6106530,5,encoder_mlp,forward,-8.381810188293457,-8.287818908691406,-8.36667537689209,0.1610235701167852
1129237,6106530,5,encoder_mlp,reverse,-8.381810188293457,-8.287818908691406,-8.216323852539062,-0.7606562699757501
1129237,6106530,6,encoder_self_attn,forward,-8.381810188293457,-8.287818908691406,-8.372329711914062,0.1008654890063618
1129237,6106530,6,encoder_self_attn,reverse,-8.381810188293457,-8.287818908691406,-8.288562774658203,0.007914201933906267
1129237,6106530,6,encoder_mlp,forward,-8.381810188293457,-8.287818908691406,-8.388877868652344,-0.07519506478484532
1129237,6106530,6,encoder_mlp,reverse,-8.381810188293457,-8.287818908691406,-8.26698112487793,-0.22169911827673325
1129237,6106530,7,encoder_self_attn,forward,-8.381810188293457,-8.287818908691406,-8.391009330749512,-0.0978722972493075
1129237,6106530,7,encoder_self_attn,reverse,-8.381810188293457,-8.287818908691406,-8.281610488891602,-0.06605314690991
1129237,6106530,7,encoder_mlp,forward,-8.381810188293457,-8.287818908691406,-8.383784294128418,-0.02100307436305894
1129237,6106530,7,encoder_mlp,reverse,-8.381810188293457,-8.287818908691406,-8.262870788574219,-0.2654301571679333
1129237,6106530,8,encoder_self_attn,forward,-8.381810188293457,-8.287818908691406,-8.351713180541992,0.32021063952839474
1129237,6106530,8,encoder_self_attn,reverse,-8.381810188293457,-8.287818908691406,-8.304727554321289,0.1798958978053309
1129237,6106530,8,encoder_mlp,forward,-8.381810188293457,-8.287818908691406,-8.381989479064941,-0.001907525594326126
1129237,6106530,8,encoder_mlp,reverse,-8.381810188293457,-8.287818908691406,-8.30211353302002,0.15208458049656545
1129237,6106530,9,encoder_self_attn,forward,-8.381810188293457,-8.287818908691406,-8.30582046508789,0.8084763131994683
1129237,6106530,9,encoder_self_attn,reverse,-8.381810188293457,-8.287818908691406,-8.352275848388672,0.6857757439857138
1129237,6106530,9,encoder_mlp,forward,-8.381810188293457,-8.287818908691406,-8.363805770874023,0.191554126038739
1129237,6106530,9,encoder_mlp,reverse,-8.381810188293457,-8.287818908691406,-8.2952299118042,0.07884777336972514
1129237,6106530,10,encoder_self_attn,forward,-8.381810188293457,-8.287818908691406,-8.273682594299316,1.1504002759824263
1129237,6106530,10,encoder_self_attn,reverse,-8.381810188293457,-8.287818908691406,-8.37917709350586,0.971985754436519
1129237,6106530,10,encoder_mlp,forward,-8.381810188293457,-8.287818908691406,-8.354814529418945,0.28721450531164705
1129237,6106530,10,encoder_mlp,reverse,-8.381810188293457,-8.287818908691406,-8.309730529785156,0.23312397901721846
1129237,6106530,11,encoder_self_attn,forward,-8.381810188293457,-8.287818908691406,-8.32890796661377,0.5628418072790365
1129237,6106530,11,encoder_self_attn,reverse,-8.381810188293457,-8.287818908691406,-8.3410062789917,0.5658755846870339
1129237,6106530,11,encoder_mlp,forward,-8.381810188293457,-8.287818908691406,-8.336990356445312,0.47685095934332417
1129237,6106530,11,encoder_mlp,reverse,-8.381810188293457,-8.287818908691406,-8.340279579162598,0.5581440181823716
1129237,6106530,0,decoder_self_attn,forward,-8.381810188293457,-8.287818908691406,-8.381810188293457,0.0
1129237,6106530,0,decoder_self_attn,reverse,-8.381810188293457,-8.287818908691406,-8.287818908691406,0.0
1129237,6106530,0,decoder_cross_attn,forward,-8.381810188293457,-8.287818908691406,-8.37700080871582,0.05116835942652475
1129237,6106530,0,decoder_cross_attn,reverse,-8.381810188293457,-8.287818908691406,-8.292181015014648,0.04640969185344521
1129237,6106530,0,decoder_mlp,forward,-8.381810188293457,-8.287818908691406,-8.380121231079102,0.01796929695506154
1129237,6106530,0,decoder_mlp,reverse,-8.381810188293457,-8.287818908691406,-8.289518356323242,0.018080907495155087
1129237,6106530,1,decoder_self_attn,forward,-8.381810188293457,-8.287818908691406,-8.380401611328125,0.014986251610743021
1129237,6106530,1,decoder_self_attn,reverse,-8.381810188293457,-8.287818908691406,-8.289127349853516,0.013920878273486408
1129237,6106530,1,decoder_cross_attn,forward,-8.381810188293457,-8.287818908691406,-8.392742156982422,-0.1163083291902148
1129237,6106530,1,decoder_cross_attn,reverse,-8.381810188293457,-8.287818908691406,-8.27717399597168,-0.11325425895674585
1129237,6106530,1,decoder_mlp,forward,-8.381810188293457,-8.287818908691406,-8.382627487182617,-0.008695475714561116
1129237,6106530,1,decoder_mlp,reverse,-8.381810188293457,-8.287818908691406,-8.28693962097168,-0.009354992542386639
1129237,6106530,2,decoder_self_attn,forward,-8.381810188293457,-8.287818908691406,-8.384547233581543,-0.029120204551680753
1129237,6106530,2,decoder_self_attn,reverse,-8.381810188293457,-8.287818908691406,-8.2850923538208,-0.029008594011587202
1129237,6106530,2,decoder_cross_attn,forward,-8.381810188293457,-8.287818908691406,-8.376605987548828,0.05536897429913654
1129237,6106530,2,decoder_cross_attn,reverse,-8.381810188293457,-8.287818908691406,-8.292718887329102,0.05213226863642359
1129237,6106530,2,decoder_mlp,forward,-8.381810188293457,-8.287818908691406,-8.381743431091309,0.0007102488915044086
1129237,6106530,2,decoder_mlp,reverse,-8.381810188293457,-8.287818908691406,-8.287859916687012,0.0004362957476384224
1129237,6106530,3,decoder_self_attn,forward,-8.381810188293457,-8.287818908691406,-8.383597373962402,-0.019014377466846595
1129237,6106530,3,decoder_self_attn,reverse,-8.381810188293457,-8.287818908691406,-8.286022186279297,-0.019115841594204368
1129237,6106530,3,decoder_cross_attn,forward,-8.381810188293457,-8.287818908691406,-8.383021354675293,-0.012885944174437128
1129237,6106530,3,decoder_cross_attn,reverse,-8.381810188293457,-8.287818908691406,-8.286465644836426,-0.01439775967206794
1129237,6106530,3,decoder_mlp,forward,-8.381810188293457,-8.287818908691406,-8.380254745483398,0.016548799172052722
1129237,6106530,3,decoder_mlp,reverse,-8.381810188293457,-8.287818908691406,-8.289351463317871,0.016305285266394066
1129237,6106530,4,decoder_self_attn,forward,-8.381810188293457,-8.287818908691406,-8.38394832611084,-0.02274825735361263
1129237,6106530,4,decoder_self_attn,reverse,-8.381810188293457,-8.287818908691406,-8.285552978515625,-0.024107876660206785
1129237,6106530,4,decoder_cross_attn,forward,-8.381810188293457,-8.287818908691406,-8.38029956817627,0.016071917773471188
1129237,6106530,4,decoder_cross_attn,reverse,-8.381810188293457,-8.287818908691406,-8.289236068725586,0.015077569325365017
1129237,6106530,4,decoder_mlp,forward,-8.381810188293457,-8.287818908691406,-8.383386611938477,-0.01677202025223982
1129237,6106530,4,decoder_mlp,reverse,-8.381810188293457,-8.287818908691406,-8.2862548828125,-0.016640116886674716
1129237,6106530,5,decoder_self_attn,forward,-8.381810188293457,-8.287818908691406,-8.381270408630371,0.005742869608449932
1129237,6106530,5,decoder_self_attn,reverse,-8.381810188293457,-8.287818908691406,-8.288381576538086,0.005986383514108587
1129237,6106530,5,decoder_cross_attn,forward,-8.381810188293457,-8.287818908691406,-8.383286476135254,-0.01570664691498321
1129237,6106530,5,decoder_cross_attn,reverse,-8.381810188293457,-8.287818908691406,-8.286333084106445,-0.01580811104234098
1129237,6106530,5,decoder_mlp,forward,-8.381810188293457,-8.287818908691406,-8.382231712341309,-0.004484714429213552
1129237,6106530,5,decoder_mlp,reverse,-8.381810188293457,-8.287818908691406,-8.287384986877441,-0.004616617794778656
1129237,6106530,6,decoder_self_attn,forward,-8.381810188293457,-8.287818908691406,-8.381977081298828,-0.0017756222287610215
1129237,6106530,6,decoder_self_attn,reverse,-8.381810188293457,-8.287818908691406,-8.287697792053223,-0.0012885944174437127
1129237,6106530,6,decoder_cross_attn,forward,-8.381810188293457,-8.287818908691406,-8.379175186157227,0.028034538388952587
1129237,6106530,6,decoder_cross_attn,reverse,-8.381810188293457,-8.287818908691406,-8.290489196777344,0.028409955660176345
1129237,6106530,6,decoder_mlp,forward,-8.381810188293457,-8.287818908691406,-8.385228157043457,-0.03636474324502572
1129237,6106530,6,decoder_mlp,reverse,-8.381810188293457,-8.287818908691406,-8.284285545349121,-0.03759245918605477
1129237,6106530,7,decoder_self_attn,forward,-8.381810188293457,-8.287818908691406,-8.384441375732422,-0.027993952738009475
1129237,6106530,7,decoder_self_attn,reverse,-8.381810188293457,-8.287818908691406,-8.285279273986816,-0.02701989711537486
1129237,6106530,7,decoder_cross_attn,forward,-8.381810188293457,-8.287818908691406,-8.377323150634766,0.047738871921832036
1129237,6106530,7,decoder_cross_attn,reverse,-8.381810188293457,-8.287818908691406,-8.292256355285645,0.047211258459571616
1129237,6106530,7,decoder_mlp,forward,-8.381810188293457,-8.287818908691406,-8.385915756225586,-0.04368030682752113
1129237,6106530,7,decoder_mlp,reverse,-8.381810188293457,-8.287818908691406,-8.283656120300293,-0.044289091591667766
1129237,6106530,8,decoder_self_attn,forward,-8.381810188293457,-8.287818908691406,-8.385985374450684,-0.04442099495723287
1129237,6106530,8,decoder_self_attn,reverse,-8.381810188293457,-8.287818908691406,-8.283805847167969,-0.04269610479215073
1129237,6106530,8,decoder_cross_attn,forward,-8.381810188293457,-8.287818908691406,-8.370322227478027,0.12222368781517294
1129237,6106530,8,decoder_cross_attn,reverse,-8.381810188293457,-8.287818908691406,-8.299453735351562,0.12378623537648265
1129237,6106530,8,decoder_mlp,forward,-8.381810188293457,-8.287818908691406,-8.386713027954102,-0.052162707874630926
1129237,6106530,8,decoder_mlp,reverse,-8.381810188293457,-8.287818908691406,-8.282936096191406,-0.0519496332071796
1129237,6106530,9,decoder_self_attn,forward,-8.381810188293457,-8.287818908691406,-8.386453628540039,-0.04940288361049951
1129237,6106530,9,decoder_self_attn,reverse,-8.381810188293457,-8.287818908691406,-8.28314208984375,-0.04975800805625171
1129237,6106530,9,decoder_cross_attn,forward,-8.381810188293457,-8.287818908691406,-8.355679512023926,0.2780117089602971
1129237,6106530,9,decoder_cross_attn,reverse,-8.381810188293457,-8.287818908691406,-8.314154624938965,0.2801931876984892
1129237,6106530,9,decoder_mlp,forward,-8.381810188293457,-8.287818908691406,-8.377337455749512,0.04758667573079538
1129237,6106530,9,decoder_mlp,reverse,-8.381810188293457,-8.287818908691406,-8.292346000671387,0.048165021256734684
1129237,6106530,10,decoder_self_attn,forward,-8.381810188293457,-8.287818908691406,-8.377918243408203,0.041407510374707024
1129237,6106530,10,decoder_self_attn,reverse,-8.381810188293457,-8.287818908691406,-8.291702270507812,0.04131619266008503
1129237,6106530,10,decoder_cross_attn,forward,-8.381810188293457,-8.287818908691406,-8.364418983459473,0.18502998264963422
1129237,6106530,10,decoder_cross_attn,reverse,-8.381810188293457,-8.287818908691406,-8.305252075195312,0.18547642481000842
1129237,6106530,10,decoder_mlp,forward,-8.381810188293457,-8.287818908691406,-8.396804809570312,-0.15953204744462596
1129237,6106530,10,decoder_mlp,reverse,-8.381810188293457,-8.287818908691406,-8.272926330566406,-0.15844638128189778
1129237,6106530,11,decoder_self_attn,forward,-8.381810188293457,-8.287818908691406,-8.380806922912598,0.010674026198037683
1129237,6106530,11,decoder_self_attn,reverse,-8.381810188293457,-8.287818908691406,-8.288795471191406,0.01038992664143592
1129237,6106530,11,decoder_cross_attn,forward,-8.381810188293457,-8.287818908691406,-8.346012115478516,0.38086589486287126
1129237,6106530,11,decoder_cross_attn,reverse,-8.381810188293457,-8.287818908691406,-8.323752403259277,0.3823066854713516
1129237,6106530,11,decoder_mlp,forward,-8.381810188293457,-8.287818908691406,-8.372730255126953,0.09660399565733535
1129237,6106530,11,decoder_mlp,reverse,-8.381810188293457,-8.287818908691406,-8.29687786102295,0.09638077457714825
1115776,6370865,0,encoder_self_attn,forward,-14.068906784057617,-13.976367950439453,-14.060043334960938,0.09578086031700228
1115776,6370865,0,encoder_self_attn,reverse,-14.068906784057617,-13.976367950439453,-13.981475830078125,0.05519714739163592
1115776,6370865,0,encoder_mlp,forward,-14.068906784057617,-13.976367950439453,-14.071203231811523,-0.02481604386091473
1115776,6370865,0,encoder_mlp,reverse,-14.068906784057617,-13.976367950439453,-13.953075408935547,-0.25170558773213514
1115776,6370865,1,encoder_self_attn,forward,-14.068906784057617,-13.976367950439453,-14.071053504943848,-0.02319805429024878
1115776,6370865,1,encoder_self_attn,reverse,-14.068906784057617,-13.976367950439453,-13.978582382202148,0.023929756580167775
1115776,6370865,1,encoder_mlp,forward,-14.068906784057617,-13.976367950439453,-14.035608291625977,0.3598326359832636
1115776,6370865,1,encoder_mlp,reverse,-14.068906784057617,-13.976367950439453,-13.967389106750488,-0.09702784590968114
1115776,6370865,2,encoder_self_attn,forward,-14.068906784057617,-13.976367950439453,-14.068496704101562,0.0044314364037347734
1115776,6370865,2,encoder_self_attn,reverse,-14.068906784057617,-13.976367950439453,-13.992332458496094,0.17251684976400025
1115776,6370865,2,encoder_mlp,forward,-14.068906784057617,-13.976367950439453,-14.066923141479492,0.021435785394810065
1115776,6370865,2,encoder_mlp,reverse,-14.068906784057617,-13.976367950439453,-13.984960556030273,0.0928540511573263
1115776,6370865,3,encoder_self_attn,forward,-14.068906784057617,-13.976367950439453,-14.074094772338867,-0.05606282334027248
1115776,6370865,3,encoder_self_attn,reverse,-14.068906784057617,-13.976367950439453,-14.022184371948242,0.49510480862378137
1115776,6370865,3,encoder_mlp,forward,-14.068906784057617,-13.976367950439453,-14.071571350097656,-0.02879403095822083
1115776,6370865,3,encoder_mlp,reverse,-14.068906784057617,-13.976367950439453,-13.97596549987793,-0.004348991075293196
1115776,6370865,4,encoder_self_attn,forward,-14.068906784057617,-13.976367950439453,-14.059721946716309,0.09925386977760373
1115776,6370865,4,encoder_self_attn,reverse,-14.068906784057617,-13.976367950439453,-14.026866912841797,0.5457056289547993
1115776,6370865,4,encoder_mlp,forward,-14.068906784057617,-13.976367950439453,-14.066388130187988,0.027217264051775665
1115776,6370865,4,encoder_mlp,reverse,-14.068906784057617,-13.976367950439453,-14.032273292541504,0.604128449821712
1115776,6370865,5,encoder_self_attn,forward,-14.068906784057617,-13.976367950439453,-14.057708740234375,0.1210091308201249
1115776,6370865,5,encoder_self_attn,reverse,-14.068906784057617,-13.976367950439453,-14.030988693237305,0.5902467176453614
1115776,6370865,5,encoder_mlp,forward,-14.068906784057617,-13.976367950439453,-14.058792114257812,0.10930189418142094
1115776,6370865,5,encoder_mlp,reverse,-14.068906784057617,-13.976367950439453,-14.020872116088867,0.48092421213183006
1115776,6370865,6,encoder_self_attn,forward,-14.068906784057617,-13.976367950439453,-14.070072174072266,-0.012593523919450914
1115776,6370865,6,encoder_self_attn,reverse,-14.068906784057617,-13.976367950439453,-13.962190628051758,-0.1532040315765608
1115776,6370865,6,encoder_mlp,forward,-14.068906784057617,-13.976367950439453,-14.059908866882324,0.09723395923078508
1115776,6370865,6,encoder_mlp,reverse,-14.068906784057617,-13.976367950439453,-14.021374702453613,0.486355298142919
1115776,6370865,7,encoder_self_attn,forward,-14.068906784057617,-13.976367950439453,-14.07922649383545,-0.11151761238328833
1115776,6370865,7,encoder_self_attn,reverse,-14.068906784057617,-13.976367950439453,-13.96227741241455,-0.15226621596553785
1115776,6370865,7,encoder_mlp,forward,-14.068906784057617,-13.976367950439453,-13.983850479125977,0.9191417441309232
1115776,6370865,7,encoder_mlp,reverse,-14.068906784057617,-13.976367950439453,-14.053590774536133,0.8344910031535339
1115776,6370865,8,encoder_self_attn,forward,-14.068906784057617,-13.976367950439453,-14.079156875610352,-0.11076529876125894
1115776,6370865,8,encoder_self_attn,reverse,-14.068906784057617,-13.976367950439453,-13.973803520202637,-0.02771193602242513
1115776,6370865,8,encoder_mlp,forward,-14.068906784057617,-13.976367950439453,-13.993659019470215,0.8131479687532205
1115776,6370865,8,encoder_mlp,reverse,-14.068906784057617,-13.976367950439453,-14.051429748535156,0.8111383638724571
1115776,6370865,9,encoder_self_attn,forward,-14.068906784057617,-13.976367950439453,-14.066641807556152,0.024475956881093226
1115776,6370865,9,encoder_self_attn,reverse,-14.068906784057617,-13.976367950439453,-13.975020408630371,-0.01456190613599357
1115776,6370865,9,encoder_mlp,forward,-14.068906784057617,-13.976367950439453,-13.987855911254883,0.8758579466990951
1115776,6370865,9,encoder_mlp,reverse,-14.068906784057617,-13.976367950439453,-13.971319198608398,-0.0545581960962137
1115776,6370865,10,encoder_self_attn,forward,-14.068906784057617,-13.976367950439453,-14.055913925170898,0.14040439433600593
1115776,6370865,10,encoder_self_attn,reverse,-14.068906784057617,-13.976367950439453,-13.964198112487793,-0.1315106045303708
1115776,6370865,10,encoder_mlp,forward,-14.068906784057617,-13.976367950439453,-14.014239311218262,0.5907516952820661
1115776,6370865,10,encoder_mlp,reverse,-14.068906784057617,-13.976367950439453,-13.954660415649414,-0.23457757074839747
1115776,6370865,11,encoder_self_attn,forward,-14.068906784057617,-13.976367950439453,-14.023550033569336,0.49013747758517634
1115776,6370865,11,encoder_self_attn,reverse,-14.068906784057617,-13.976367950439453,-14.004140853881836,0.30012160685945133
1115776,6370865,11,encoder_mlp,forward,-14.068906784057617,-13.976367950439453,-14.036935806274414,0.34548714883442916
1115776,6370865,11,encoder_mlp,reverse,-14.068906784057617,-13.976367950439453,-13.993372917175293,0.18376033143022033
1115776,6370865,0,decoder_self_attn,forward,-14.068906784057617,-13.976367950439453,-14.068906784057617,0.0
1115776,6370865,0,decoder_self_attn,reverse,-14.068906784057617,-13.976367950439453,-13.976367950439453,0.0
1115776,6370865,0,decoder_cross_attn,forward,-14.068906784057617,-13.976367950439453,-14.0738525390625,-0.053445184162252406
1115776,6370865,0,decoder_cross_attn,reverse,-14.068906784057617,-13.976367950439453,-13.971542358398438,-0.05214667023929757
1115776,6370865,0,decoder_mlp,forward,-14.068906784057617,-13.976367950439453,-14.070965766906738,-0.02224993301317064
1115776,6370865,0,decoder_mlp,reverse,-14.068906784057617,-13.976367950439453,-13.974471092224121,-0.020497969783787127
1115776,6370865,1,decoder_self_attn,forward,-14.068906784057617,-13.976367950439453,-14.0689058303833,1.0305666055197147e-05
1115776,6370865,1,decoder_self_attn,reverse,-14.068906784057617,-13.976367950439453,-13.976415634155273,0.0005152833027598574
1115776,6370865,1,decoder_cross_attn,forward,-14.068906784057617,-13.976367950439453,-14.076934814453125,-0.08675309685264959
1115776,6370865,1,decoder_cross_attn,reverse,-14.068906784057617,-13.976367950439453,-13.968657493591309,-0.08332131005626894
1115776,6370865,1,decoder_mlp,forward,-14.068906784057617,-13.976367950439453,-14.068473815917969,0.0046787723890595045
1115776,6370865,1,decoder_mlp,reverse,-14.068906784057617,-13.976367950439453,-13.976887702941895,0.005616588000082445
1115776,6370865,2,decoder_self_attn,forward,-14.068906784057617,-13.976367950439453,-14.070457458496094,-0.01675701300575056
1115776,6370865,2,decoder_self_attn,reverse,-14.068906784057617,-13.976367950439453,-13.974649429321289,-0.01857081023146526
1115776,6370865,2,decoder_cross_attn,forward,-14.068906784057617,-13.976367950439453,-14.074865341186523,-0.06438980151287178
1115776,6370865,2,decoder_cross_attn,reverse,-14.068906784057617,-13.976367950439453,-13.970634460449219,-0.06195766432384525
1115776,6370865,2,decoder_mlp,forward,-14.068906784057617,-13.976367950439453,-14.069953918457031,-0.011315621328606468
1115776,6370865,2,decoder_mlp,reverse,-14.068906784057617,-13.976367950439453,-13.97525691986084,-0.012006100954304677
1115776,6370865,3,decoder_self_attn,forward,-14.068906784057617,-13.976367950439453,-14.070490837097168,-0.01711771131768246
1115776,6370865,3,decoder_self_attn,reverse,-14.068906784057617,-13.976367950439453,-13.974645614624023,-0.018612032895686047
1115776,6370865,3,decoder_cross_attn,forward,-14.068906784057617,-13.976367950439453,-14.078152656555176,-0.09991343240513634
1115776,6370865,3,decoder_cross_attn,reverse,-14.068906784057617,-13.976367950439453,-13.966874122619629,-0.10259290557948761
1115776,6370865,3,decoder_mlp,forward,-14.068906784057617,-13.976367950439453,-14.067784309387207,0.012129768946967042
1115776,6370865,3,decoder_mlp,reverse,-14.068906784057617,-13.976367950439453,-13.977547645568848,0.01274810891027887
1115776,6370865,4,decoder_self_attn,forward,-14.068906784057617,-13.976367950439453,-14.069993019104004,-0.011738153636869551
1115776,6370865,4,decoder_self_attn,reverse,-14.068906784057617,-13.976367950439453,-13.975193977355957,-0.01268627491394769
1115776,6370865,4,decoder_cross_attn,forward,-14.068906784057617,-13.976367950439453,-14.075007438659668,-0.06592534575509615
1115776,6370865,4,decoder_cross_attn,reverse,-14.068906784057617,-13.976367950439453,-13.970478057861328,-0.06364779355689758
1115776,6370865,4,decoder_mlp,forward,-14.068906784057617,-13.976367950439453,-14.06822681427002,0.007347939897355566
1115776,6370865,4,decoder_mlp,reverse,-14.068906784057617,-13.976367950439453,-13.976967811584473,0.0064822639487190055
1115776,6370865,5,decoder_self_attn,forward,-14.068906784057617,-13.976367950439453,-14.066959381103516,0.021044170084712575
1115776,6370865,5,decoder_self_attn,reverse,-14.068906784057617,-13.976367950439453,-13.978330612182617,0.021209060741595728
1115776,6370865,5,decoder_cross_attn,forward,-14.068906784057617,-13.976367950439453,-14.078474044799805,-0.10338644186573778
1115776,6370865,5,decoder_cross_attn,reverse,-14.068906784057617,-13.976367950439453,-13.967330932617188,-0.09765649153904817
1115776,6370865,5,decoder_mlp,forward,-14.068906784057617,-13.976367950439453,-14.068442344665527,0.0050188593688810105
1115776,6370865,5,decoder_mlp,reverse,-14.068906784057617,-13.976367950439453,-13.977201461791992,0.009007152132242307
1115776,6370865,6,decoder_self_attn,forward,-14.068906784057617,-13.976367950439453,-14.071374893188477,-0.026671063750850217
1115776,6370865,6,decoder_self_attn,reverse,-14.068906784057617,-13.976367950439453,-13.973868370056152,-0.027011150730671722
1115776,6370865,6,decoder_cross_attn,forward,-14.068906784057617,-13.976367950439453,-14.057048797607422,0.12814065173032133
1115776,6370865,6,decoder_cross_attn,reverse,-14.068906784057617,-13.976367950439453,-13.98883056640625,0.13467444400931633
1115776,6370865,6,decoder_mlp,forward,-14.068906784057617,-13.976367950439453,-14.071075439453125,-0.023435084609518313
1115776,6370865,6,decoder_mlp,reverse,-14.068906784057617,-13.976367950439453,-13.974126815795898,-0.024218315229713298
1115776,6370865,7,decoder_self_attn,forward,-14.068906784057617,-13.976367950439453,-14.074419975280762,-0.05957705546509471
1115776,6370865,7,decoder_self_attn,reverse,-14.068906784057617,-13.976367950439453,-13.970922470092773,-0.05884535317517571
1115776,6370865,7,decoder_cross_attn,forward,-14.068906784057617,-13.976367950439453,-14.073259353637695,-0.04703505987591978
1115776,6370865,7,decoder_cross_attn,reverse,-14.068906784057617,-13.976367950439453,-13.972326278686523,-0.04367541274192551
1115776,6370865,7,decoder_mlp,forward,-14.068906784057617,-13.976367950439453,-14.071475982666016,-0.027763464352701116
1115776,6370865,7,decoder_mlp,reverse,-14.068906784057617,-13.976367950439453,-13.97412395477295,-0.02424923222787889
1115776,6370865,8,decoder_self_attn,forward,-14.068906784057617,-13.976367950439453,-14.0730562210083,-0.04483995300616279
1115776,6370865,8,decoder_self_attn,reverse,-14.068906784057617,-13.976367950439453,-13.971923828125,-0.04802440381721871
1115776,6370865,8,decoder_cross_attn,forward,-14.068906784057617,-13.976367950439453,-14.060297012329102,0.09303955314631984
1115776,6370865,8,decoder_cross_attn,reverse,-14.068906784057617,-13.976367950439453,-13.98495864868164,0.0928334398252159
1115776,6370865,8,decoder_mlp,forward,-14.068906784057617,-13.976367950439453,-14.075637817382812,-0.07273739101758146
1115776,6370865,8,decoder_mlp,reverse,-14.068906784057617,-13.976367950439453,-13.969306945800781,-0.07630315147267967
1115776,6370865,9,decoder_self_attn,forward,-14.068906784057617,-13.976367950439453,-14.069780349731445,-0.009439990106560587
1115776,6370865,9,decoder_self_attn,reverse,-14.068906784057617,-13.976367950439453,-13.976438522338867,0.0007626192880845889
1115776,6370865,9,decoder_cross_attn,forward,-14.068906784057617,-13.976367950439453,-14.0692138671875,-0.0033184244697734813
1115776,6370865,9,decoder_cross_attn,reverse,-14.068906784057617,-13.976367950439453,-13.976045608520508,-0.003483315126656636
1115776,6370865,9,decoder_mlp,forward,-14.068906784057617,-13.976367950439453,-14.068717002868652,0.0020508275449842325
1115776,6370865,9,decoder_mlp,reverse,-14.068906784057617,-13.976367950439453,-13.97653579711914,0.001813797225714698
1115776,6370865,10,decoder_self_attn,forward,-14.068906784057617,-13.976367950439453,-14.067413330078125,0.016138673042438732
1115776,6370865,10,decoder_self_attn,reverse,-14.068906784057617,-13.976367950439453,-13.977746963500977,0.014901993115815075
1115776,6370865,10,decoder_cross_attn,forward,-14.068906784057617,-13.976367950439453,-14.07000732421875,-0.011892738627697508
1115776,6370865,10,decoder_cross_attn,reverse,-14.068906784057617,-13.976367950439453,-13.974614143371582,-0.018952119875507555
1115776,6370865,10,decoder_mlp,forward,-14.068906784057617,-13.976367950439453,-14.073850631713867,-0.053424572830142014
1115776,6370865,10,decoder_mlp,reverse,-14.068906784057617,-13.976367950439453,-13.97118854522705,-0.05597007234577571
1115776,6370865,11,decoder_self_attn,forward,-14.068906784057617,-13.976367950439453,-14.06464672088623,0.046035410268565655
1115776,6370865,11,decoder_self_attn,reverse,-14.068906784057617,-13.976367950439453,-13.980653762817383,0.04631366325205598
1115776,6370865,11,decoder_cross_attn,forward,-14.068906784057617,-13.976367950439453,-14.016083717346191,0.5708205371313148
1115776,6370865,11,decoder_cross_attn,reverse,-14.068906784057617,-13.976367950439453,-14.029542922973633,0.5746233279056825
1115776,6370865,11,decoder_mlp,forward,-14.068906784057617,-13.976367950439453,-14.098017692565918,-0.3145804563348929
1115776,6370865,11,decoder_mlp,reverse,-14.068906784057617,-13.976367950439453,-13.947068214416504,-0.31662097821382196
