attack_name,token,position,repetitions,qid,docid,variant,layer_index,layer_name,score,rank,candidate_top_k,n_candidates_scored
information_random_4,information,random,4,1037798,3641634,original,0,embedding,0.8320577144622803,37,100,100
information_random_4,information,random,4,1037798,3641634,original,1,encoder_block_1,0.5770964622497559,62,100,100
information_random_4,information,random,4,1037798,3641634,original,2,encoder_block_2,0.8005528450012207,52,100,100
information_random_4,information,random,4,1037798,3641634,original,3,encoder_block_3,0.6463022232055664,45,100,100
information_random_4,information,random,4,1037798,3641634,original,4,encoder_block_4,0.5612177848815918,46,100,100
information_random_4,information,random,4,1037798,3641634,original,5,encoder_block_5,0.5341918468475342,35,100,100
information_random_4,information,random,4,1037798,3641634,original,6,encoder_block_6,0.7486610412597656,22,100,100
information_random_4,information,random,4,1037798,3641634,original,7,encoder_block_7,0.5290794372558594,44,100,100
information_random_4,information,random,4,1037798,3641634,original,8,encoder_block_8,0.5495195388793945,56,100,100
information_random_4,information,random,4,1037798,3641634,original,9,encoder_block_9,0.7852129936218262,50,100,100
information_random_4,information,random,4,1037798,3641634,original,10,encoder_block_10,0.8754327297210693,23,100,100
information_random_4,information,random,4,1037798,3641634,original,11,encoder_block_11,1.6852598190307615,9,100,100
information_random_4,information,random,4,1037798,3641634,original,12,encoder_block_12,1.2045688927173617,11,100,100
information_random_4,information,random,4,1037798,3641634,padded_control,0,embedding,0.8320586681365967,37,100,100
information_random_4,information,random,4,1037798,3641634,padded_control,1,encoder_block_1,0.5762362480163574,62,100,100
information_random_4,information,random,4,1037798,3641634,padded_control,2,encoder_block_2,0.7982335090637207,52,100,100
information_random_4,information,random,4,1037798,3641634,padded_control,3,encoder_block_3,0.6428661346435547,45,100,100
information_random_4,information,random,4,1037798,3641634,padded_control,4,encoder_block_4,0.567070484161377,43,100,100
information_random_4,information,random,4,1037798,3641634,padded_control,5,encoder_block_5,0.5338528156280518,35,100,100
information_random_4,information,random,4,1037798,3641634,padded_control,6,encoder_block_6,0.7519557476043701,22,100,100
information_random_4,information,random,4,1037798,3641634,padded_control,7,encoder_block_7,0.5290389060974121,44,100,100
information_random_4,information,random,4,1037798,3641634,padded_control,8,encoder_block_8,0.5551879405975342,56,100,100
information_random_4,information,random,4,1037798,3641634,padded_control,9,encoder_block_9,0.7840006351470947,50,100,100
information_random_4,information,random,4,1037798,3641634,padded_control,10,encoder_block_10,0.8814971446990967,23,100,100
information_random_4,information,random,4,1037798,3641634,padded_control,11,encoder_block_11,1.7004848718643188,9,100,100
information_random_4,information,random,4,1037798,3641634,padded_control,12,encoder_block_12,1.1913734674453735,11,100,100
information_random_4,information,random,4,1037798,3641634,attack,0,embedding,0.6141378879547119,61,100,100
information_random_4,information,random,4,1037798,3641634,attack,1,encoder_block_1,0.4067139625549316,70,100,100
information_random_4,information,random,4,1037798,3641634,attack,2,encoder_block_2,0.6502470970153809,67,100,100
information_random_4,information,random,4,1037798,3641634,attack,3,encoder_block_3,0.4917488098144531,65,100,100
information_random_4,information,random,4,1037798,3641634,attack,4,encoder_block_4,0.453718900680542,58,100,100
information_random_4,information,random,4,1037798,3641634,attack,5,encoder_block_5,0.4617183208465576,44,100,100
information_random_4,information,random,4,1037798,3641634,attack,6,encoder_block_6,0.6461830139160156,34,100,100
information_random_4,information,random,4,1037798,3641634,attack,7,encoder_block_7,0.4266741275787353,55,100,100
information_random_4,information,random,4,1037798,3641634,attack,8,encoder_block_8,0.4879102706909179,58,100,100
information_random_4,information,random,4,1037798,3641634,attack,9,encoder_block_9,0.7314901351928711,56,100,100
information_random_4,information,random,4,1037798,3641634,attack,10,encoder_block_10,0.8116412162780762,25,100,100
information_random_4,information,random,4,1037798,3641634,attack,11,encoder_block_11,1.5769259929656982,10,100,100
information_random_4,information,random,4,1037798,3641634,attack,12,encoder_block_12,0.9600844085216522,11,100,100
information_random_4,information,random,4,104861,459676,original,0,embedding,0.9635918140411376,45,100,100
information_random_4,information,random,4,104861,459676,original,1,encoder_block_1,1.1753835678100586,32,100,100
information_random_4,information,random,4,104861,459676,original,2,encoder_block_2,1.640017032623291,3,100,100
information_random_4,information,random,4,104861,459676,original,3,encoder_block_3,1.6881709098815918,5,100,100
information_random_4,information,random,4,104861,459676,original,4,encoder_block_4,1.9483013153076167,3,100,100
information_random_4,information,random,4,104861,459676,original,5,encoder_block_5,2.049661874771118,3,100,100
information_random_4,information,random,4,104861,459676,original,6,encoder_block_6,1.990306615829468,3,100,100
information_random_4,information,random,4,104861,459676,original,7,encoder_block_7,2.039266586303711,3,100,100
information_random_4,information,random,4,104861,459676,original,8,encoder_block_8,1.8978996276855469,3,100,100
information_random_4,information,random,4,104861,459676,original,9,encoder_block_9,2.068165779113769,2,100,100
information_random_4,information,random,4,104861,459676,original,10,encoder_block_10,2.228157520294189,1,100,100
information_random_4,information,random,4,104861,459676,original,11,encoder_block_11,2.517533540725708,1,100,100
information_random_4,information,random,4,104861,459676,original,12,encoder_block_12,1.6921783089637756,14,100,100
information_random_4,information,random,4,104861,459676,padded_control,0,embedding,0.9635910987854004,45,100,100
information_random_4,information,random,4,104861,459676,padded_control,1,encoder_block_1,1.180347919464111,32,100,100
information_random_4,information,random,4,104861,459676,padded_control,2,encoder_block_2,1.644444465637207,3,100,100
information_random_4,information,random,4,104861,459676,padded_control,3,encoder_block_3,1.693612575531006,5,100,100
information_random_4,information,random,4,104861,459676,padded_control,4,encoder_block_4,1.9545698165893557,3,100,100
information_random_4,information,random,4,104861,459676,padded_control,5,encoder_block_5,2.0576014518737797,3,100,100
information_random_4,information,random,4,104861,459676,padded_control,6,encoder_block_6,2.0036540031433105,3,100,100
information_random_4,information,random,4,104861,459676,padded_control,7,encoder_block_7,2.05553936958313,3,100,100
information_random_4,information,random,4,104861,459676,padded_control,8,encoder_block_8,1.922780990600586,3,100,100
information_random_4,information,random,4,104861,459676,padded_control,9,encoder_block_9,2.0783162117004395,2,100,100
information_random_4,information,random,4,104861,459676,padded_control,10,encoder_block_10,2.227271795272827,1,100,100
information_random_4,information,random,4,104861,459676,padded_control,11,encoder_block_11,2.511814832687378,1,100,100
information_random_4,information,random,4,104861,459676,padded_control,12,encoder_block_12,1.757326364517212,12,100,100
information_random_4,information,random,4,104861,459676,attack,0,embedding,0.8456275463104248,54,100,100
information_random_4,information,random,4,104861,459676,attack,1,encoder_block_1,1.0572528839111328,41,100,100
information_random_4,information,random,4,104861,459676,attack,2,encoder_block_2,1.482513427734375,23,100,100
information_random_4,information,random,4,104861,459676,attack,3,encoder_block_3,1.5843391418457031,10,100,100
information_random_4,information,random,4,104861,459676,attack,4,encoder_block_4,1.8292250633239744,4,100,100
information_random_4,information,random,4,104861,459676,attack,5,encoder_block_5,1.940943717956543,3,100,100
information_random_4,information,random,4,104861,459676,attack,6,encoder_block_6,1.921708106994629,3,100,100
information_random_4,information,random,4,104861,459676,attack,7,encoder_block_7,1.972994327545166,3,100,100
information_random_4,information,random,4,104861,459676,attack,8,encoder_block_8,1.849579095840454,3,100,100
information_random_4,information,random,4,104861,459676,attack,9,encoder_block_9,2.00085973739624,2,100,100
information_random_4,information,random,4,104861,459676,attack,10,encoder_block_10,2.131840944290161,1,100,100
information_random_4,information,random,4,104861,459676,attack,11,encoder_block_11,2.3817930221557617,1,100,100
information_random_4,information,random,4,104861,459676,attack,12,encoder_block_12,1.375770092010498,15,100,100
information_random_4,information,random,4,1063750,4788295,original,0,embedding,0.7345647811889648,44,100,100
information_random_4,information,random,4,1063750,4788295,original,1,encoder_block_1,0.4743719100952148,50,100,100
information_random_4,information,random,4,1063750,4788295,original,2,encoder_block_2,0.2930629253387451,67,100,100
information_random_4,information,random,4,1063750,4788295,original,3,encoder_block_3,0.1441771984100341,71,100,100
information_random_4,information,random,4,1063750,4788295,original,4,encoder_block_4,0.4063873291015625,42,100,100
information_random_4,information,random,4,1063750,4788295,original,5,encoder_block_5,0.4649672508239746,38,100,100
information_random_4,information,random,4,1063750,4788295,original,6,encoder_block_6,0.5196993350982666,37,100,100
information_random_4,information,random,4,1063750,4788295,original,7,encoder_block_7,0.5396733283996582,34,100,100
information_random_4,information,random,4,1063750,4788295,original,8,encoder_block_8,0.7442870140075684,21,100,100
information_random_4,information,random,4,1063750,4788295,original,9,encoder_block_9,0.8194112777709961,14,100,100
information_random_4,information,random,4,1063750,4788295,original,10,encoder_block_10,0.6462976932525635,9,100,100
information_random_4,information,random,4,1063750,4788295,original,11,encoder_block_11,1.5446739196777344,5,100,100
information_random_4,information,random,4,1063750,4788295,original,12,encoder_block_12,3.5748090744018555,4,100,100
information_random_4,information,random,4,1063750,4788295,padded_control,0,embedding,0.7345643043518066,44,100,100
information_random_4,information,random,4,1063750,4788295,padded_control,1,encoder_block_1,0.475130558013916,50,100,100
information_random_4,information,random,4,1063750,4788295,padded_control,2,encoder_block_2,0.2926688194274902,67,100,100
information_random_4,information,random,4,1063750,4788295,padded_control,3,encoder_block_3,0.1578884124755859,70,100,100
information_random_4,information,random,4,1063750,4788295,padded_control,4,encoder_block_4,0.4243192672729492,40,100,100
information_random_4,information,random,4,1063750,4788295,padded_control,5,encoder_block_5,0.4696836471557617,37,100,100
information_random_4,information,random,4,1063750,4788295,padded_control,6,encoder_block_6,0.5336754322052002,36,100,100
information_random_4,information,random,4,1063750,4788295,padded_control,7,encoder_block_7,0.5593476295471191,34,100,100
information_random_4,information,random,4,1063750,4788295,padded_control,8,encoder_block_8,0.74859619140625,21,100,100
information_random_4,information,random,4,1063750,4788295,padded_control,9,encoder_block_9,0.8338605165481567,14,100,100
information_random_4,information,random,4,1063750,4788295,padded_control,10,encoder_block_10,0.6433694362640381,9,100,100
information_random_4,information,random,4,1063750,4788295,padded_control,11,encoder_block_11,1.560903787612915,5,100,100
information_random_4,information,random,4,1063750,4788295,padded_control,12,encoder_block_12,3.560462474822998,4,100,100
information_random_4,information,random,4,1063750,4788295,attack,0,embedding,0.4734594821929931,65,100,100
information_random_4,information,random,4,1063750,4788295,attack,1,encoder_block_1,0.1713786125183105,73,100,100
information_random_4,information,random,4,1063750,4788295,attack,2,encoder_block_2,0.0520215034484863,83,100,100
information_random_4,information,random,4,1063750,4788295,attack,3,encoder_block_3,0.0572128295898437,79,100,100
information_random_4,information,random,4,1063750,4788295,attack,4,encoder_block_4,0.3339574337005615,49,100,100
information_random_4,information,random,4,1063750,4788295,attack,5,encoder_block_5,0.4203145503997803,41,100,100
information_random_4,information,random,4,1063750,4788295,attack,6,encoder_block_6,0.4964363574981689,39,100,100
information_random_4,information,random,4,1063750,4788295,attack,7,encoder_block_7,0.5671489238739014,34,100,100
information_random_4,information,random,4,1063750,4788295,attack,8,encoder_block_8,0.7682090997695923,21,100,100
information_random_4,information,random,4,1063750,4788295,attack,9,encoder_block_9,0.8397791385650635,14,100,100
information_random_4,information,random,4,1063750,4788295,attack,10,encoder_block_10,0.6656465530395508,9,100,100
information_random_4,information,random,4,1063750,4788295,attack,11,encoder_block_11,1.55108380317688,5,100,100
information_random_4,information,random,4,1063750,4788295,attack,12,encoder_block_12,3.717908382415772,4,100,100
information_random_4,information,random,4,1103812,3843267,original,0,embedding,1.1385068893432615,8,100,100
information_random_4,information,random,4,1103812,3843267,original,1,encoder_block_1,0.7724995613098145,23,100,100
information_random_4,information,random,4,1103812,3843267,original,2,encoder_block_2,0.8877558708190918,18,100,100
information_random_4,information,random,4,1103812,3843267,original,3,encoder_block_3,0.6147010326385498,26,100,100
information_random_4,information,random,4,1103812,3843267,original,4,encoder_block_4,0.3889913558959961,38,100,100
information_random_4,information,random,4,1103812,3843267,original,5,encoder_block_5,0.1942498683929443,51,100,100
information_random_4,information,random,4,1103812,3843267,original,6,encoder_block_6,0.1409058570861816,65,100,100
information_random_4,information,random,4,1103812,3843267,original,7,encoder_block_7,0.1842563152313232,61,100,100
information_random_4,information,random,4,1103812,3843267,original,8,encoder_block_8,0.1707890033721923,61,100,100
information_random_4,information,random,4,1103812,3843267,original,9,encoder_block_9,0.3361358642578125,37,100,100
information_random_4,information,random,4,1103812,3843267,original,10,encoder_block_10,0.0934512615203857,30,100,100
information_random_4,information,random,4,1103812,3843267,original,11,encoder_block_11,1.2669405937194824,7,100,100
information_random_4,information,random,4,1103812,3843267,original,12,encoder_block_12,4.076918601989746,3,100,100
information_random_4,information,random,4,1103812,3843267,padded_control,0,embedding,1.1385068893432615,8,100,100
information_random_4,information,random,4,1103812,3843267,padded_control,1,encoder_block_1,0.7700552940368652,23,100,100
information_random_4,information,random,4,1103812,3843267,padded_control,2,encoder_block_2,0.8898496627807617,18,100,100
information_random_4,information,random,4,1103812,3843267,padded_control,3,encoder_block_3,0.624760627746582,25,100,100
information_random_4,information,random,4,1103812,3843267,padded_control,4,encoder_block_4,0.412078857421875,36,100,100
information_random_4,information,random,4,1103812,3843267,padded_control,5,encoder_block_5,0.2021048069000244,51,100,100
information_random_4,information,random,4,1103812,3843267,padded_control,6,encoder_block_6,0.1494004726409912,63,100,100
information_random_4,information,random,4,1103812,3843267,padded_control,7,encoder_block_7,0.2042486667633056,58,100,100
information_random_4,information,random,4,1103812,3843267,padded_control,8,encoder_block_8,0.1925907135009765,60,100,100
information_random_4,information,random,4,1103812,3843267,padded_control,9,encoder_block_9,0.3538639545440674,35,100,100
information_random_4,information,random,4,1103812,3843267,padded_control,10,encoder_block_10,0.1013352870941162,29,100,100
information_random_4,information,random,4,1103812,3843267,padded_control,11,encoder_block_11,1.2220916748046875,7,100,100
information_random_4,information,random,4,1103812,3843267,padded_control,12,encoder_block_12,4.032337665557861,3,100,100
information_random_4,information,random,4,1103812,3843267,attack,0,embedding,0.8481812477111816,42,100,100
information_random_4,information,random,4,1103812,3843267,attack,1,encoder_block_1,0.5179529190063477,55,100,100
information_random_4,information,random,4,1103812,3843267,attack,2,encoder_block_2,0.6828866004943848,43,100,100
information_random_4,information,random,4,1103812,3843267,attack,3,encoder_block_3,0.5073363780975342,41,100,100
information_random_4,information,random,4,1103812,3843267,attack,4,encoder_block_4,0.3540794849395752,43,100,100
information_random_4,information,random,4,1103812,3843267,attack,5,encoder_block_5,0.1433234214782714,60,100,100
information_random_4,information,random,4,1103812,3843267,attack,6,encoder_block_6,0.1098325252532959,69,100,100
information_random_4,information,random,4,1103812,3843267,attack,7,encoder_block_7,0.1101496219635009,67,100,100
information_random_4,information,random,4,1103812,3843267,attack,8,encoder_block_8,0.1278762817382812,65,100,100
information_random_4,information,random,4,1103812,3843267,attack,9,encoder_block_9,0.2736492156982422,45,100,100
information_random_4,information,random,4,1103812,3843267,attack,10,encoder_block_10,0.1317689418792724,27,100,100
information_random_4,information,random,4,1103812,3843267,attack,11,encoder_block_11,1.3624286651611328,6,100,100
information_random_4,information,random,4,1103812,3843267,attack,12,encoder_block_12,3.855545520782471,4,100,100
information_random_4,information,random,4,1106007,6126194,original,0,embedding,0.9976165294647216,5,100,100
information_random_4,information,random,4,1106007,6126194,original,1,encoder_block_1,1.4154257774353027,2,100,100
information_random_4,information,random,4,1106007,6126194,original,2,encoder_block_2,1.6524105072021484,1,100,100
information_random_4,information,random,4,1106007,6126194,original,3,encoder_block_3,1.462425947189331,1,100,100
information_random_4,information,random,4,1106007,6126194,original,4,encoder_block_4,1.8070693016052248,1,100,100
information_random_4,information,random,4,1106007,6126194,original,5,encoder_block_5,1.7888007164001465,1,100,100
information_random_4,information,random,4,1106007,6126194,original,6,encoder_block_6,1.7590737342834473,1,100,100
information_random_4,information,random,4,1106007,6126194,original,7,encoder_block_7,1.847627878189087,1,100,100
information_random_4,information,random,4,1106007,6126194,original,8,encoder_block_8,1.865367412567139,1,100,100
information_random_4,information,random,4,1106007,6126194,original,9,encoder_block_9,1.8352789878845213,1,100,100
information_random_4,information,random,4,1106007,6126194,original,10,encoder_block_10,1.9322757720947263,2,100,100
information_random_4,information,random,4,1106007,6126194,original,11,encoder_block_11,2.2114975452423096,14,100,100
information_random_4,information,random,4,1106007,6126194,original,12,encoder_block_12,-0.0340566039085388,21,100,100
information_random_4,information,random,4,1106007,6126194,padded_control,0,embedding,0.9976167678833008,5,100,100
information_random_4,information,random,4,1106007,6126194,padded_control,1,encoder_block_1,1.4201617240905762,2,100,100
information_random_4,information,random,4,1106007,6126194,padded_control,2,encoder_block_2,1.6501288414001465,1,100,100
information_random_4,information,random,4,1106007,6126194,padded_control,3,encoder_block_3,1.4594216346740725,1,100,100
information_random_4,information,random,4,1106007,6126194,padded_control,4,encoder_block_4,1.8019914627075195,1,100,100
information_random_4,information,random,4,1106007,6126194,padded_control,5,encoder_block_5,1.7785749435424805,1,100,100
information_random_4,information,random,4,1106007,6126194,padded_control,6,encoder_block_6,1.7505435943603516,1,100,100
information_random_4,information,random,4,1106007,6126194,padded_control,7,encoder_block_7,1.8383593559265137,1,100,100
information_random_4,information,random,4,1106007,6126194,padded_control,8,encoder_block_8,1.861008644104004,1,100,100
information_random_4,information,random,4,1106007,6126194,padded_control,9,encoder_block_9,1.839505672454834,1,100,100
information_random_4,information,random,4,1106007,6126194,padded_control,10,encoder_block_10,1.932417392730713,2,100,100
information_random_4,information,random,4,1106007,6126194,padded_control,11,encoder_block_11,2.205452442169189,14,100,100
information_random_4,information,random,4,1106007,6126194,padded_control,12,encoder_block_12,-0.0170803666114807,21,100,100
information_random_4,information,random,4,1106007,6126194,attack,0,embedding,0.8514413833618164,8,100,100
information_random_4,information,random,4,1106007,6126194,attack,1,encoder_block_1,1.1228384971618652,2,100,100
information_random_4,information,random,4,1106007,6126194,attack,2,encoder_block_2,1.2706284523010254,2,100,100
information_random_4,information,random,4,1106007,6126194,attack,3,encoder_block_3,1.1820244789123535,2,100,100
information_random_4,information,random,4,1106007,6126194,attack,4,encoder_block_4,1.5563812255859375,1,100,100
information_random_4,information,random,4,1106007,6126194,attack,5,encoder_block_5,1.610395431518555,1,100,100
information_random_4,information,random,4,1106007,6126194,attack,6,encoder_block_6,1.6125869750976562,1,100,100
information_random_4,information,random,4,1106007,6126194,attack,7,encoder_block_7,1.6211843490600586,1,100,100
information_random_4,information,random,4,1106007,6126194,attack,8,encoder_block_8,1.6741836071014404,3,100,100
information_random_4,information,random,4,1106007,6126194,attack,9,encoder_block_9,1.6454262733459473,3,100,100
information_random_4,information,random,4,1106007,6126194,attack,10,encoder_block_10,1.7653217315673828,3,100,100
information_random_4,information,random,4,1106007,6126194,attack,11,encoder_block_11,1.9837334156036377,16,100,100
information_random_4,information,random,4,1106007,6126194,attack,12,encoder_block_12,-0.4229151904582977,23,100,100
information_random_4,information,random,4,1110199,3838645,original,0,embedding,1.0928163528442385,72,100,100
information_random_4,information,random,4,1110199,3838645,original,1,encoder_block_1,0.8770804405212402,94,100,100
information_random_4,information,random,4,1110199,3838645,original,2,encoder_block_2,1.0785207748413086,92,100,100
information_random_4,information,random,4,1110199,3838645,original,3,encoder_block_3,1.0863182544708252,90,100,100
information_random_4,information,random,4,1110199,3838645,original,4,encoder_block_4,1.153496265411377,91,100,100
information_random_4,information,random,4,1110199,3838645,original,5,encoder_block_5,1.1691253185272217,87,100,100
information_random_4,information,random,4,1110199,3838645,original,6,encoder_block_6,1.2261219024658203,77,100,100
information_random_4,information,random,4,1110199,3838645,original,7,encoder_block_7,1.3570709228515625,64,100,100
information_random_4,information,random,4,1110199,3838645,original,8,encoder_block_8,1.4313509464263916,53,100,100
information_random_4,information,random,4,1110199,3838645,original,9,encoder_block_9,1.4866671562194824,31,100,100
information_random_4,information,random,4,1110199,3838645,original,10,encoder_block_10,1.481736660003662,5,100,100
information_random_4,information,random,4,1110199,3838645,original,11,encoder_block_11,1.350864052772522,7,100,100
information_random_4,information,random,4,1110199,3838645,original,12,encoder_block_12,1.8936622440814967,7,100,100
information_random_4,information,random,4,1110199,3838645,padded_control,0,embedding,1.0928163528442385,72,100,100
information_random_4,information,random,4,1110199,3838645,padded_control,1,encoder_block_1,0.8734579086303711,94,100,100
information_random_4,information,random,4,1110199,3838645,padded_control,2,encoder_block_2,1.07438325881958,92,100,100
information_random_4,information,random,4,1110199,3838645,padded_control,3,encoder_block_3,1.0828790664672852,91,100,100
information_random_4,information,random,4,1110199,3838645,padded_control,4,encoder_block_4,1.149580001831055,91,100,100
information_random_4,information,random,4,1110199,3838645,padded_control,5,encoder_block_5,1.17177152633667,87,100,100
information_random_4,information,random,4,1110199,3838645,padded_control,6,encoder_block_6,1.2194032669067385,77,100,100
information_random_4,information,random,4,1110199,3838645,padded_control,7,encoder_block_7,1.3419687747955322,65,100,100
information_random_4,information,random,4,1110199,3838645,padded_control,8,encoder_block_8,1.425166368484497,53,100,100
information_random_4,information,random,4,1110199,3838645,padded_control,9,encoder_block_9,1.4855809211730957,31,100,100
information_random_4,information,random,4,1110199,3838645,padded_control,10,encoder_block_10,1.4818859100341797,5,100,100
information_random_4,information,random,4,1110199,3838645,padded_control,11,encoder_block_11,1.3367130756378174,8,100,100
information_random_4,information,random,4,1110199,3838645,padded_control,12,encoder_block_12,1.8449097573757167,7,100,100
information_random_4,information,random,4,1110199,3838645,attack,0,embedding,0.8315849304199219,92,100,100
information_random_4,information,random,4,1110199,3838645,attack,1,encoder_block_1,0.6544158458709717,95,100,100
information_random_4,information,random,4,1110199,3838645,attack,2,encoder_block_2,0.8239278793334961,96,100,100
information_random_4,information,random,4,1110199,3838645,attack,3,encoder_block_3,0.9049081802368164,93,100,100
information_random_4,information,random,4,1110199,3838645,attack,4,encoder_block_4,0.9807853698730468,94,100,100
information_random_4,information,random,4,1110199,3838645,attack,5,encoder_block_5,1.1136081218719482,91,100,100
information_random_4,information,random,4,1110199,3838645,attack,6,encoder_block_6,1.155651330947876,86,100,100
information_random_4,information,random,4,1110199,3838645,attack,7,encoder_block_7,1.2320654392242432,78,100,100
information_random_4,information,random,4,1110199,3838645,attack,8,encoder_block_8,1.3580994606018066,59,100,100
information_random_4,information,random,4,1110199,3838645,attack,9,encoder_block_9,1.40619158744812,47,100,100
information_random_4,information,random,4,1110199,3838645,attack,10,encoder_block_10,1.3495631217956543,7,100,100
information_random_4,information,random,4,1110199,3838645,attack,11,encoder_block_11,1.201303005218506,9,100,100
information_random_4,information,random,4,1110199,3838645,attack,12,encoder_block_12,1.729486346244812,8,100,100
information_random_4,information,random,4,1112341,8139256,original,0,embedding,1.4486327171325684,13,100,100
information_random_4,information,random,4,1112341,8139256,original,1,encoder_block_1,1.6813530921936035,8,100,100
information_random_4,information,random,4,1112341,8139256,original,2,encoder_block_2,1.7492218017578125,9,100,100
information_random_4,information,random,4,1112341,8139256,original,3,encoder_block_3,1.811652660369873,4,100,100
information_random_4,information,random,4,1112341,8139256,original,4,encoder_block_4,1.7302699089050293,9,100,100
information_random_4,information,random,4,1112341,8139256,original,5,encoder_block_5,1.7417261600494385,9,100,100
information_random_4,information,random,4,1112341,8139256,original,6,encoder_block_6,1.6763277053833008,9,100,100
information_random_4,information,random,4,1112341,8139256,original,7,encoder_block_7,1.8838441371917725,6,100,100
information_random_4,information,random,4,1112341,8139256,original,8,encoder_block_8,2.119479179382324,1,100,100
information_random_4,information,random,4,1112341,8139256,original,9,encoder_block_9,2.1432199478149414,1,100,100
information_random_4,information,random,4,1112341,8139256,original,10,encoder_block_10,2.1970181465148926,1,100,100
information_random_4,information,random,4,1112341,8139256,original,11,encoder_block_11,3.5947413444519043,2,100,100
information_random_4,information,random,4,1112341,8139256,original,12,encoder_block_12,6.284547805786133,1,100,100
information_random_4,information,random,4,1112341,8139256,padded_control,0,embedding,1.4486324787139893,13,100,100
information_random_4,information,random,4,1112341,8139256,padded_control,1,encoder_block_1,1.6812124252319336,8,100,100
information_random_4,information,random,4,1112341,8139256,padded_control,2,encoder_block_2,1.7546377182006836,9,100,100
information_random_4,information,random,4,1112341,8139256,padded_control,3,encoder_block_3,1.8152246475219729,4,100,100
information_random_4,information,random,4,1112341,8139256,padded_control,4,encoder_block_4,1.7352352142333984,8,100,100
information_random_4,information,random,4,1112341,8139256,padded_control,5,encoder_block_5,1.7570605278015137,8,100,100
information_random_4,information,random,4,1112341,8139256,padded_control,6,encoder_block_6,1.6825215816497805,9,100,100
information_random_4,information,random,4,1112341,8139256,padded_control,7,encoder_block_7,1.9007134437561035,6,100,100
information_random_4,information,random,4,1112341,8139256,padded_control,8,encoder_block_8,2.125685453414917,1,100,100
information_random_4,information,random,4,1112341,8139256,padded_control,9,encoder_block_9,2.1621408462524414,1,100,100
information_random_4,information,random,4,1112341,8139256,padded_control,10,encoder_block_10,2.249722480773926,1,100,100
information_random_4,information,random,4,1112341,8139256,padded_control,11,encoder_block_11,3.636496543884277,1,100,100
information_random_4,information,random,4,1112341,8139256,padded_control,12,encoder_block_12,6.355616569519043,1,100,100
information_random_4,information,random,4,1112341,8139256,attack,0,embedding,1.213109016418457,23,100,100
information_random_4,information,random,4,1112341,8139256,attack,1,encoder_block_1,1.3265790939331057,22,100,100
information_random_4,information,random,4,1112341,8139256,attack,2,encoder_block_2,1.376882553100586,21,100,100
information_random_4,information,random,4,1112341,8139256,attack,3,encoder_block_3,1.499075412750244,16,100,100
information_random_4,information,random,4,1112341,8139256,attack,4,encoder_block_4,1.4938206672668457,19,100,100
information_random_4,information,random,4,1112341,8139256,attack,5,encoder_block_5,1.6357617378234863,14,100,100
information_random_4,information,random,4,1112341,8139256,attack,6,encoder_block_6,1.5081641674041748,15,100,100
information_random_4,information,random,4,1112341,8139256,attack,7,encoder_block_7,1.7330389022827148,10,100,100
information_random_4,information,random,4,1112341,8139256,attack,8,encoder_block_8,1.946868658065796,5,100,100
information_random_4,information,random,4,1112341,8139256,attack,9,encoder_block_9,1.9622535705566408,3,100,100
information_random_4,information,random,4,1112341,8139256,attack,10,encoder_block_10,2.2404353618621826,1,100,100
information_random_4,information,random,4,1112341,8139256,attack,11,encoder_block_11,3.5309083461761475,2,100,100
information_random_4,information,random,4,1112341,8139256,attack,12,encoder_block_12,6.485523223876953,1,100,100
information_random_4,information,random,4,1113437,4981632,original,0,embedding,0.3180007934570312,80,100,100
information_random_4,information,random,4,1113437,4981632,original,1,encoder_block_1,0.4731388092041015,60,100,100
information_random_4,information,random,4,1113437,4981632,original,2,encoder_block_2,0.6836404800415039,60,100,100
information_random_4,information,random,4,1113437,4981632,original,3,encoder_block_3,0.8600368499755859,55,100,100
information_random_4,information,random,4,1113437,4981632,original,4,encoder_block_4,0.9526767730712892,56,100,100
information_random_4,information,random,4,1113437,4981632,original,5,encoder_block_5,0.9148330688476562,54,100,100
information_random_4,information,random,4,1113437,4981632,original,6,encoder_block_6,1.059793472290039,33,100,100
information_random_4,information,random,4,1113437,4981632,original,7,encoder_block_7,1.1850385665893557,21,100,100
information_random_4,information,random,4,1113437,4981632,original,8,encoder_block_8,1.2380499839782717,22,100,100
information_random_4,information,random,4,1113437,4981632,original,9,encoder_block_9,1.3934805393218994,16,100,100
information_random_4,information,random,4,1113437,4981632,original,10,encoder_block_10,1.3988949060440063,10,100,100
information_random_4,information,random,4,1113437,4981632,original,11,encoder_block_11,1.1189368963241575,40,100,100
information_random_4,information,random,4,1113437,4981632,original,12,encoder_block_12,-1.7963993549346924,37,100,100
information_random_4,information,random,4,1113437,4981632,padded_control,0,embedding,0.3180000782012939,80,100,100
information_random_4,information,random,4,1113437,4981632,padded_control,1,encoder_block_1,0.4847579002380371,59,100,100
information_random_4,information,random,4,1113437,4981632,padded_control,2,encoder_block_2,0.6897964477539062,59,100,100
information_random_4,information,random,4,1113437,4981632,padded_control,3,encoder_block_3,0.8669586181640625,55,100,100
information_random_4,information,random,4,1113437,4981632,padded_control,4,encoder_block_4,0.9587950706481934,56,100,100
information_random_4,information,random,4,1113437,4981632,padded_control,5,encoder_block_5,0.9208285808563232,52,100,100
information_random_4,information,random,4,1113437,4981632,padded_control,6,encoder_block_6,1.0612941980361938,33,100,100
information_random_4,information,random,4,1113437,4981632,padded_control,7,encoder_block_7,1.1820621490478516,21,100,100
information_random_4,information,random,4,1113437,4981632,padded_control,8,encoder_block_8,1.2351996898651123,22,100,100
information_random_4,information,random,4,1113437,4981632,padded_control,9,encoder_block_9,1.3891574144363403,16,100,100
information_random_4,information,random,4,1113437,4981632,padded_control,10,encoder_block_10,1.4179785251617432,10,100,100
information_random_4,information,random,4,1113437,4981632,padded_control,11,encoder_block_11,1.1597061157226562,37,100,100
information_random_4,information,random,4,1113437,4981632,padded_control,12,encoder_block_12,-1.4251232147216797,34,100,100
information_random_4,information,random,4,1113437,4981632,attack,0,embedding,0.1821646690368652,92,100,100
information_random_4,information,random,4,1113437,4981632,attack,1,encoder_block_1,0.2063782215118408,78,100,100
information_random_4,information,random,4,1113437,4981632,attack,2,encoder_block_2,0.4155099391937256,76,100,100
information_random_4,information,random,4,1113437,4981632,attack,3,encoder_block_3,0.6490631103515625,74,100,100
information_random_4,information,random,4,1113437,4981632,attack,4,encoder_block_4,0.8022713661193848,72,100,100
information_random_4,information,random,4,1113437,4981632,attack,5,encoder_block_5,0.7655243873596191,69,100,100
information_random_4,information,random,4,1113437,4981632,attack,6,encoder_block_6,0.9017846584320068,56,100,100
information_random_4,information,random,4,1113437,4981632,attack,7,encoder_block_7,1.049834132194519,31,100,100
information_random_4,information,random,4,1113437,4981632,attack,8,encoder_block_8,1.1097314357757568,33,100,100
information_random_4,information,random,4,1113437,4981632,attack,9,encoder_block_9,1.2794170379638672,22,100,100
information_random_4,information,random,4,1113437,4981632,attack,10,encoder_block_10,1.3340051174163818,12,100,100
information_random_4,information,random,4,1113437,4981632,attack,11,encoder_block_11,1.0955981016159058,40,100,100
information_random_4,information,random,4,1113437,4981632,attack,12,encoder_block_12,-0.8621170520782471,29,100,100
information_random_4,information,random,4,1114646,8117094,original,0,embedding,1.2560265064239502,5,100,100
information_random_4,information,random,4,1114646,8117094,original,1,encoder_block_1,0.8694207668304443,6,100,100
information_random_4,information,random,4,1114646,8117094,original,2,encoder_block_2,0.6403050422668457,12,100,100
information_random_4,information,random,4,1114646,8117094,original,3,encoder_block_3,0.3328970670700073,26,100,100
information_random_4,information,random,4,1114646,8117094,original,4,encoder_block_4,0.2564983367919922,20,100,100
information_random_4,information,random,4,1114646,8117094,original,5,encoder_block_5,0.1512191295623779,21,100,100
information_random_4,information,random,4,1114646,8117094,original,6,encoder_block_6,0.0469527244567871,15,100,100
information_random_4,information,random,4,1114646,8117094,original,7,encoder_block_7,0.1066806316375732,16,100,100
information_random_4,information,random,4,1114646,8117094,original,8,encoder_block_8,0.2619236707687378,11,100,100
information_random_4,information,random,4,1114646,8117094,original,9,encoder_block_9,0.5010157823562622,4,100,100
information_random_4,information,random,4,1114646,8117094,original,10,encoder_block_10,-0.1777694225311279,12,100,100
information_random_4,information,random,4,1114646,8117094,original,11,encoder_block_11,-0.4463258981704712,28,100,100
information_random_4,information,random,4,1114646,8117094,original,12,encoder_block_12,-2.769918441772461,13,100,100
information_random_4,information,random,4,1114646,8117094,padded_control,0,embedding,1.2560267448425293,5,100,100
information_random_4,information,random,4,1114646,8117094,padded_control,1,encoder_block_1,0.869929313659668,6,100,100
information_random_4,information,random,4,1114646,8117094,padded_control,2,encoder_block_2,0.6454935073852539,12,100,100
information_random_4,information,random,4,1114646,8117094,padded_control,3,encoder_block_3,0.3385975360870361,26,100,100
information_random_4,information,random,4,1114646,8117094,padded_control,4,encoder_block_4,0.2697328329086303,19,100,100
information_random_4,information,random,4,1114646,8117094,padded_control,5,encoder_block_5,0.1652599573135376,20,100,100
information_random_4,information,random,4,1114646,8117094,padded_control,6,encoder_block_6,0.0553948879241943,15,100,100
information_random_4,information,random,4,1114646,8117094,padded_control,7,encoder_block_7,0.1238493919372558,16,100,100
information_random_4,information,random,4,1114646,8117094,padded_control,8,encoder_block_8,0.281298279762268,9,100,100
information_random_4,information,random,4,1114646,8117094,padded_control,9,encoder_block_9,0.5193703174591064,3,100,100
information_random_4,information,random,4,1114646,8117094,padded_control,10,encoder_block_10,-0.1585782766342163,12,100,100
information_random_4,information,random,4,1114646,8117094,padded_control,11,encoder_block_11,-0.4300481677055359,28,100,100
information_random_4,information,random,4,1114646,8117094,padded_control,12,encoder_block_12,-2.7787891626358032,13,100,100
information_random_4,information,random,4,1114646,8117094,attack,0,embedding,1.125786066055298,12,100,100
information_random_4,information,random,4,1114646,8117094,attack,1,encoder_block_1,0.6682567596435547,10,100,100
information_random_4,information,random,4,1114646,8117094,attack,2,encoder_block_2,0.4272814989089966,23,100,100
information_random_4,information,random,4,1114646,8117094,attack,3,encoder_block_3,0.205328106880188,37,100,100
information_random_4,information,random,4,1114646,8117094,attack,4,encoder_block_4,0.1029872894287109,41,100,100
information_random_4,information,random,4,1114646,8117094,attack,5,encoder_block_5,0.0596415996551513,31,100,100
information_random_4,information,random,4,1114646,8117094,attack,6,encoder_block_6,-0.0105090141296386,21,100,100
information_random_4,information,random,4,1114646,8117094,attack,7,encoder_block_7,0.0221911668777465,23,100,100
information_random_4,information,random,4,1114646,8117094,attack,8,encoder_block_8,0.1689374446868896,17,100,100
information_random_4,information,random,4,1114646,8117094,attack,9,encoder_block_9,0.4241987466812134,12,100,100
information_random_4,information,random,4,1114646,8117094,attack,10,encoder_block_10,-0.2480664253234863,19,100,100
information_random_4,information,random,4,1114646,8117094,attack,11,encoder_block_11,-0.426612377166748,28,100,100
information_random_4,information,random,4,1114646,8117094,attack,12,encoder_block_12,-2.1723663806915283,13,100,100
information_random_4,information,random,4,1114819,988373,original,0,embedding,0.9550943374633788,26,100,100
information_random_4,information,random,4,1114819,988373,original,1,encoder_block_1,0.733741283416748,43,100,100
information_random_4,information,random,4,1114819,988373,original,2,encoder_block_2,0.9232592582702636,39,100,100
information_random_4,information,random,4,1114819,988373,original,3,encoder_block_3,0.927321434020996,47,100,100
information_random_4,information,random,4,1114819,988373,original,4,encoder_block_4,0.7061219215393066,61,100,100
information_random_4,information,random,4,1114819,988373,original,5,encoder_block_5,0.5340163707733154,59,100,100
information_random_4,information,random,4,1114819,988373,original,6,encoder_block_6,0.5359745025634766,56,100,100
information_random_4,information,random,4,1114819,988373,original,7,encoder_block_7,0.590491771697998,37,100,100
information_random_4,information,random,4,1114819,988373,original,8,encoder_block_8,0.7944145202636719,34,100,100
information_random_4,information,random,4,1114819,988373,original,9,encoder_block_9,0.9916424751281738,31,100,100
information_random_4,information,random,4,1114819,988373,original,10,encoder_block_10,0.9822494983673096,19,100,100
information_random_4,information,random,4,1114819,988373,original,11,encoder_block_11,2.536710262298584,13,100,100
information_random_4,information,random,4,1114819,988373,original,12,encoder_block_12,4.898218154907227,8,100,100
information_random_4,information,random,4,1114819,988373,padded_control,0,embedding,0.9550938606262208,26,100,100
information_random_4,information,random,4,1114819,988373,padded_control,1,encoder_block_1,0.7304272651672363,43,100,100
information_random_4,information,random,4,1114819,988373,padded_control,2,encoder_block_2,0.934091091156006,36,100,100
information_random_4,information,random,4,1114819,988373,padded_control,3,encoder_block_3,0.9242353439331056,48,100,100
information_random_4,information,random,4,1114819,988373,padded_control,4,encoder_block_4,0.7143154144287109,60,100,100
information_random_4,information,random,4,1114819,988373,padded_control,5,encoder_block_5,0.5446312427520752,59,100,100
information_random_4,information,random,4,1114819,988373,padded_control,6,encoder_block_6,0.5392851829528809,56,100,100
information_random_4,information,random,4,1114819,988373,padded_control,7,encoder_block_7,0.6011257171630859,34,100,100
information_random_4,information,random,4,1114819,988373,padded_control,8,encoder_block_8,0.795318603515625,34,100,100
information_random_4,information,random,4,1114819,988373,padded_control,9,encoder_block_9,1.009111404418945,31,100,100
information_random_4,information,random,4,1114819,988373,padded_control,10,encoder_block_10,1.0023159980773926,19,100,100
information_random_4,information,random,4,1114819,988373,padded_control,11,encoder_block_11,2.5103492736816406,15,100,100
information_random_4,information,random,4,1114819,988373,padded_control,12,encoder_block_12,4.829286575317383,8,100,100
information_random_4,information,random,4,1114819,988373,attack,0,embedding,0.348599910736084,78,100,100
information_random_4,information,random,4,1114819,988373,attack,1,encoder_block_1,0.4812941551208496,66,100,100
information_random_4,information,random,4,1114819,988373,attack,2,encoder_block_2,0.6163444519042969,69,100,100
information_random_4,information,random,4,1114819,988373,attack,3,encoder_block_3,0.7165231704711914,74,100,100
information_random_4,information,random,4,1114819,988373,attack,4,encoder_block_4,0.5317366123199463,84,100,100
information_random_4,information,random,4,1114819,988373,attack,5,encoder_block_5,0.4373626708984375,81,100,100
information_random_4,information,random,4,1114819,988373,attack,6,encoder_block_6,0.4636263847351074,73,100,100
information_random_4,information,random,4,1114819,988373,attack,7,encoder_block_7,0.4819989204406738,54,100,100
information_random_4,information,random,4,1114819,988373,attack,8,encoder_block_8,0.7782144546508789,35,100,100
information_random_4,information,random,4,1114819,988373,attack,9,encoder_block_9,0.961536169052124,35,100,100
information_random_4,information,random,4,1114819,988373,attack,10,encoder_block_10,0.988694190979004,19,100,100
information_random_4,information,random,4,1114819,988373,attack,11,encoder_block_11,2.57816743850708,11,100,100
information_random_4,information,random,4,1114819,988373,attack,12,encoder_block_12,4.927238464355469,8,100,100
information_random_4,information,random,4,1115776,8106324,original,0,embedding,0.7555432319641113,25,100,100
information_random_4,information,random,4,1115776,8106324,original,1,encoder_block_1,0.3835937976837158,26,100,100
information_random_4,information,random,4,1115776,8106324,original,2,encoder_block_2,0.3556666374206543,35,100,100
information_random_4,information,random,4,1115776,8106324,original,3,encoder_block_3,0.2799062728881836,55,100,100
information_random_4,information,random,4,1115776,8106324,original,4,encoder_block_4,0.0670588016510009,64,100,100
information_random_4,information,random,4,1115776,8106324,original,5,encoder_block_5,-0.0114327669143676,62,100,100
information_random_4,information,random,4,1115776,8106324,original,6,encoder_block_6,-0.165021002292633,68,100,100
information_random_4,information,random,4,1115776,8106324,original,7,encoder_block_7,-0.1488943099975586,69,100,100
information_random_4,information,random,4,1115776,8106324,original,8,encoder_block_8,-0.1795504093170166,68,100,100
information_random_4,information,random,4,1115776,8106324,original,9,encoder_block_9,-0.1732739210128784,76,100,100
information_random_4,information,random,4,1115776,8106324,original,10,encoder_block_10,-0.2939333915710449,24,100,100
information_random_4,information,random,4,1115776,8106324,original,11,encoder_block_11,0.9586806297302246,6,100,100
information_random_4,information,random,4,1115776,8106324,original,12,encoder_block_12,1.8031470775604248,6,100,100
information_random_4,information,random,4,1115776,8106324,padded_control,0,embedding,0.7555437088012695,25,100,100
information_random_4,information,random,4,1115776,8106324,padded_control,1,encoder_block_1,0.35955810546875,29,100,100
information_random_4,information,random,4,1115776,8106324,padded_control,2,encoder_block_2,0.303943395614624,41,100,100
information_random_4,information,random,4,1115776,8106324,padded_control,3,encoder_block_3,0.2538824081420898,58,100,100
information_random_4,information,random,4,1115776,8106324,padded_control,4,encoder_block_4,0.0659971237182617,64,100,100
information_random_4,information,random,4,1115776,8106324,padded_control,5,encoder_block_5,-0.0199888944625854,62,100,100
information_random_4,information,random,4,1115776,8106324,padded_control,6,encoder_block_6,-0.1603075861930847,68,100,100
information_random_4,information,random,4,1115776,8106324,padded_control,7,encoder_block_7,-0.1575936079025268,72,100,100
information_random_4,information,random,4,1115776,8106324,padded_control,8,encoder_block_8,-0.2321615815162658,75,100,100
information_random_4,information,random,4,1115776,8106324,padded_control,9,encoder_block_9,-0.1672942042350769,75,100,100
information_random_4,information,random,4,1115776,8106324,padded_control,10,encoder_block_10,-0.3031692504882812,26,100,100
information_random_4,information,random,4,1115776,8106324,padded_control,11,encoder_block_11,0.862851619720459,7,100,100
information_random_4,information,random,4,1115776,8106324,padded_control,12,encoder_block_12,1.6608290672302246,6,100,100
information_random_4,information,random,4,1115776,8106324,attack,0,embedding,0.2141661643981933,70,100,100
information_random_4,information,random,4,1115776,8106324,attack,1,encoder_block_1,0.124558687210083,52,100,100
information_random_4,information,random,4,1115776,8106324,attack,2,encoder_block_2,-0.0005018711090087,65,100,100
information_random_4,information,random,4,1115776,8106324,attack,3,encoder_block_3,0.0393779277801513,69,100,100
information_random_4,information,random,4,1115776,8106324,attack,4,encoder_block_4,-0.0737384557723999,73,100,100
information_random_4,information,random,4,1115776,8106324,attack,5,encoder_block_5,-0.0251092314720153,62,100,100
information_random_4,information,random,4,1115776,8106324,attack,6,encoder_block_6,-0.2181040644645691,72,100,100
information_random_4,information,random,4,1115776,8106324,attack,7,encoder_block_7,-0.2583538293838501,80,100,100
information_random_4,information,random,4,1115776,8106324,attack,8,encoder_block_8,-0.2274129986763,74,100,100
information_random_4,information,random,4,1115776,8106324,attack,9,encoder_block_9,-0.123162031173706,73,100,100
information_random_4,information,random,4,1115776,8106324,attack,10,encoder_block_10,-0.2011607885360717,17,100,100
information_random_4,information,random,4,1115776,8106324,attack,11,encoder_block_11,0.9671008586883544,6,100,100
information_random_4,information,random,4,1115776,8106324,attack,12,encoder_block_12,2.301256537437439,6,100,100
information_random_4,information,random,4,1117099,1798612,original,0,embedding,0.2263922691345214,63,100,100
information_random_4,information,random,4,1117099,1798612,original,1,encoder_block_1,0.0932955741882324,54,100,100
information_random_4,information,random,4,1117099,1798612,original,2,encoder_block_2,0.0653400421142578,56,100,100
information_random_4,information,random,4,1117099,1798612,original,3,encoder_block_3,0.0489606857299804,54,100,100
information_random_4,information,random,4,1117099,1798612,original,4,encoder_block_4,0.231724739074707,39,100,100
information_random_4,information,random,4,1117099,1798612,original,5,encoder_block_5,0.2877826690673828,30,100,100
information_random_4,information,random,4,1117099,1798612,original,6,encoder_block_6,0.3752243518829345,25,100,100
information_random_4,information,random,4,1117099,1798612,original,7,encoder_block_7,0.3444764614105224,26,100,100
information_random_4,information,random,4,1117099,1798612,original,8,encoder_block_8,0.3190245628356933,39,100,100
information_random_4,information,random,4,1117099,1798612,original,9,encoder_block_9,0.4999532699584961,32,100,100
information_random_4,information,random,4,1117099,1798612,original,10,encoder_block_10,0.7663369178771973,18,100,100
information_random_4,information,random,4,1117099,1798612,original,11,encoder_block_11,1.7876355648040771,16,100,100
information_random_4,information,random,4,1117099,1798612,original,12,encoder_block_12,3.184497833251953,18,100,100
information_random_4,information,random,4,1117099,1798612,padded_control,0,embedding,0.2263927459716797,63,100,100
information_random_4,information,random,4,1117099,1798612,padded_control,1,encoder_block_1,0.1007466316223144,54,100,100
information_random_4,information,random,4,1117099,1798612,padded_control,2,encoder_block_2,0.0790023803710937,55,100,100
information_random_4,information,random,4,1117099,1798612,padded_control,3,encoder_block_3,0.0542469024658203,54,100,100
information_random_4,information,random,4,1117099,1798612,padded_control,4,encoder_block_4,0.2324714660644531,39,100,100
information_random_4,information,random,4,1117099,1798612,padded_control,5,encoder_block_5,0.2829151153564453,31,100,100
information_random_4,information,random,4,1117099,1798612,padded_control,6,encoder_block_6,0.3629546165466308,27,100,100
information_random_4,information,random,4,1117099,1798612,padded_control,7,encoder_block_7,0.3285145759582519,27,100,100
information_random_4,information,random,4,1117099,1798612,padded_control,8,encoder_block_8,0.294743537902832,42,100,100
information_random_4,information,random,4,1117099,1798612,padded_control,9,encoder_block_9,0.4727048873901367,33,100,100
information_random_4,information,random,4,1117099,1798612,padded_control,10,encoder_block_10,0.7352948188781738,18,100,100
information_random_4,information,random,4,1117099,1798612,padded_control,11,encoder_block_11,1.7593371868133545,16,100,100
information_random_4,information,random,4,1117099,1798612,padded_control,12,encoder_block_12,3.2006771564483643,17,100,100
information_random_4,information,random,4,1117099,1798612,attack,0,embedding,0.0153050422668457,79,100,100
information_random_4,information,random,4,1117099,1798612,attack,1,encoder_block_1,-0.0467424392700195,65,100,100
information_random_4,information,random,4,1117099,1798612,attack,2,encoder_block_2,-0.0931048393249511,69,100,100
information_random_4,information,random,4,1117099,1798612,attack,3,encoder_block_3,-0.0403389930725097,60,100,100
information_random_4,information,random,4,1117099,1798612,attack,4,encoder_block_4,0.1642599105834961,42,100,100
information_random_4,information,random,4,1117099,1798612,attack,5,encoder_block_5,0.2542872428894043,33,100,100
information_random_4,information,random,4,1117099,1798612,attack,6,encoder_block_6,0.3466463088989258,31,100,100
information_random_4,information,random,4,1117099,1798612,attack,7,encoder_block_7,0.260617733001709,33,100,100
information_random_4,information,random,4,1117099,1798612,attack,8,encoder_block_8,0.2222676277160644,45,100,100
information_random_4,information,random,4,1117099,1798612,attack,9,encoder_block_9,0.38861083984375,37,100,100
information_random_4,information,random,4,1117099,1798612,attack,10,encoder_block_10,0.6538963317871094,25,100,100
information_random_4,information,random,4,1117099,1798612,attack,11,encoder_block_11,1.6980156898498535,16,100,100
information_random_4,information,random,4,1117099,1798612,attack,12,encoder_block_12,3.134765863418579,18,100,100
information_random_4,information,random,4,1121402,5189913,original,0,embedding,0.4808263778686523,72,100,100
information_random_4,information,random,4,1121402,5189913,original,1,encoder_block_1,0.1401429176330566,73,100,100
information_random_4,information,random,4,1121402,5189913,original,2,encoder_block_2,0.2945353984832763,69,100,100
information_random_4,information,random,4,1121402,5189913,original,3,encoder_block_3,0.3883287906646728,63,100,100
information_random_4,information,random,4,1121402,5189913,original,4,encoder_block_4,0.4736652374267578,54,100,100
information_random_4,information,random,4,1121402,5189913,original,5,encoder_block_5,0.3962187767028808,59,100,100
information_random_4,information,random,4,1121402,5189913,original,6,encoder_block_6,0.5477299690246582,39,100,100
information_random_4,information,random,4,1121402,5189913,original,7,encoder_block_7,0.5375113487243652,40,100,100
information_random_4,information,random,4,1121402,5189913,original,8,encoder_block_8,0.762603759765625,33,100,100
information_random_4,information,random,4,1121402,5189913,original,9,encoder_block_9,0.7920761108398438,21,100,100
information_random_4,information,random,4,1121402,5189913,original,10,encoder_block_10,1.0483002662658691,6,100,100
information_random_4,information,random,4,1121402,5189913,original,11,encoder_block_11,2.6554441452026367,7,100,100
information_random_4,information,random,4,1121402,5189913,original,12,encoder_block_12,5.802740097045898,5,100,100
information_random_4,information,random,4,1121402,5189913,padded_control,0,embedding,0.4808259010314941,72,100,100
information_random_4,information,random,4,1121402,5189913,padded_control,1,encoder_block_1,0.1310832500457763,75,100,100
information_random_4,information,random,4,1121402,5189913,padded_control,2,encoder_block_2,0.2976980209350586,68,100,100
information_random_4,information,random,4,1121402,5189913,padded_control,3,encoder_block_3,0.3878560066223144,63,100,100
information_random_4,information,random,4,1121402,5189913,padded_control,4,encoder_block_4,0.4870953559875488,51,100,100
information_random_4,information,random,4,1121402,5189913,padded_control,5,encoder_block_5,0.4119908809661865,58,100,100
information_random_4,information,random,4,1121402,5189913,padded_control,6,encoder_block_6,0.5730783939361572,37,100,100
information_random_4,information,random,4,1121402,5189913,padded_control,7,encoder_block_7,0.5654428005218506,38,100,100
information_random_4,information,random,4,1121402,5189913,padded_control,8,encoder_block_8,0.8079805374145508,31,100,100
information_random_4,information,random,4,1121402,5189913,padded_control,9,encoder_block_9,0.8354930877685547,20,100,100
information_random_4,information,random,4,1121402,5189913,padded_control,10,encoder_block_10,1.1037232875823977,6,100,100
information_random_4,information,random,4,1121402,5189913,padded_control,11,encoder_block_11,2.7297263145446777,5,100,100
information_random_4,information,random,4,1121402,5189913,padded_control,12,encoder_block_12,5.815227508544922,5,100,100
information_random_4,information,random,4,1121402,5189913,attack,0,embedding,0.2189040184020996,88,100,100
information_random_4,information,random,4,1121402,5189913,attack,1,encoder_block_1,-0.1238818168640136,88,100,100
information_random_4,information,random,4,1121402,5189913,attack,2,encoder_block_2,-0.0408880710601806,91,100,100
information_random_4,information,random,4,1121402,5189913,attack,3,encoder_block_3,0.1374962329864502,85,100,100
information_random_4,information,random,4,1121402,5189913,attack,4,encoder_block_4,0.2871966361999511,78,100,100
information_random_4,information,random,4,1121402,5189913,attack,5,encoder_block_5,0.2591991424560547,73,100,100
information_random_4,information,random,4,1121402,5189913,attack,6,encoder_block_6,0.4265952110290527,48,100,100
information_random_4,information,random,4,1121402,5189913,attack,7,encoder_block_7,0.3403425216674804,52,100,100
information_random_4,information,random,4,1121402,5189913,attack,8,encoder_block_8,0.5953466892242432,40,100,100
information_random_4,information,random,4,1121402,5189913,attack,9,encoder_block_9,0.6765625476837158,32,100,100
information_random_4,information,random,4,1121402,5189913,attack,10,encoder_block_10,0.9005305767059326,7,100,100
information_random_4,information,random,4,1121402,5189913,attack,11,encoder_block_11,2.2751355171203613,9,100,100
information_random_4,information,random,4,1121402,5189913,attack,12,encoder_block_12,5.215628623962402,9,100,100
information_random_4,information,random,4,1121709,1389460,original,0,embedding,0.2769992351531982,79,100,100
information_random_4,information,random,4,1121709,1389460,original,1,encoder_block_1,0.4726133346557617,32,100,100
information_random_4,information,random,4,1121709,1389460,original,2,encoder_block_2,0.9142446517944336,25,100,100
information_random_4,information,random,4,1121709,1389460,original,3,encoder_block_3,1.0248775482177734,15,100,100
information_random_4,information,random,4,1121709,1389460,original,4,encoder_block_4,1.09043550491333,21,100,100
information_random_4,information,random,4,1121709,1389460,original,5,encoder_block_5,0.8579416275024414,34,100,100
information_random_4,information,random,4,1121709,1389460,original,6,encoder_block_6,0.916600465774536,28,100,100
information_random_4,information,random,4,1121709,1389460,original,7,encoder_block_7,0.7718093395233154,50,100,100
information_random_4,information,random,4,1121709,1389460,original,8,encoder_block_8,0.7808523178100586,49,100,100
information_random_4,information,random,4,1121709,1389460,original,9,encoder_block_9,0.9260425567626952,41,100,100
information_random_4,information,random,4,1121709,1389460,original,10,encoder_block_10,0.127556562423706,41,100,100
information_random_4,information,random,4,1121709,1389460,original,11,encoder_block_11,-2.043547242879868,44,100,100
information_random_4,information,random,4,1121709,1389460,original,12,encoder_block_12,-11.49356174468994,22,100,100
information_random_4,information,random,4,1121709,1389460,padded_control,0,embedding,0.2769992351531982,79,100,100
information_random_4,information,random,4,1121709,1389460,padded_control,1,encoder_block_1,0.4771218299865722,32,100,100
information_random_4,information,random,4,1121709,1389460,padded_control,2,encoder_block_2,0.9201040267944336,23,100,100
information_random_4,information,random,4,1121709,1389460,padded_control,3,encoder_block_3,1.026353120803833,15,100,100
information_random_4,information,random,4,1121709,1389460,padded_control,4,encoder_block_4,1.0883221626281738,21,100,100
information_random_4,information,random,4,1121709,1389460,padded_control,5,encoder_block_5,0.8573131561279297,34,100,100
information_random_4,information,random,4,1121709,1389460,padded_control,6,encoder_block_6,0.9076993465423584,30,100,100
information_random_4,information,random,4,1121709,1389460,padded_control,7,encoder_block_7,0.7662438154220581,52,100,100
information_random_4,information,random,4,1121709,1389460,padded_control,8,encoder_block_8,0.774877667427063,50,100,100
information_random_4,information,random,4,1121709,1389460,padded_control,9,encoder_block_9,0.9130700826644896,43,100,100
information_random_4,information,random,4,1121709,1389460,padded_control,10,encoder_block_10,0.1119714379310607,43,100,100
information_random_4,information,random,4,1121709,1389460,padded_control,11,encoder_block_11,-2.172507405281067,47,100,100
information_random_4,information,random,4,1121709,1389460,padded_control,12,encoder_block_12,-11.809354782104492,25,100,100
information_random_4,information,random,4,1121709,1389460,attack,0,embedding,0.0632281303405761,95,100,100
information_random_4,information,random,4,1121709,1389460,attack,1,encoder_block_1,0.3360710144042969,43,100,100
information_random_4,information,random,4,1121709,1389460,attack,2,encoder_block_2,0.7093830108642578,42,100,100
information_random_4,information,random,4,1121709,1389460,attack,3,encoder_block_3,0.8829116821289062,23,100,100
information_random_4,information,random,4,1121709,1389460,attack,4,encoder_block_4,0.9646177291870116,28,100,100
information_random_4,information,random,4,1121709,1389460,attack,5,encoder_block_5,0.7680492401123047,41,100,100
information_random_4,information,random,4,1121709,1389460,attack,6,encoder_block_6,0.8188645839691162,38,100,100
information_random_4,information,random,4,1121709,1389460,attack,7,encoder_block_7,0.6328699588775635,61,100,100
information_random_4,information,random,4,1121709,1389460,attack,8,encoder_block_8,0.6528600454330444,60,100,100
information_random_4,information,random,4,1121709,1389460,attack,9,encoder_block_9,0.8368416428565979,49,100,100
information_random_4,information,random,4,1121709,1389460,attack,10,encoder_block_10,0.0958084762096405,44,100,100
information_random_4,information,random,4,1121709,1389460,attack,11,encoder_block_11,-2.2950246334075928,49,100,100
information_random_4,information,random,4,1121709,1389460,attack,12,encoder_block_12,-11.875903129577637,29,100,100
information_random_4,information,random,4,1124210,2258597,original,0,embedding,0.5800065994262695,33,100,100
information_random_4,information,random,4,1124210,2258597,original,1,encoder_block_1,-0.1089506149291992,87,100,100
information_random_4,information,random,4,1124210,2258597,original,2,encoder_block_2,0.0147089958190917,81,100,100
information_random_4,information,random,4,1124210,2258597,original,3,encoder_block_3,0.372748851776123,61,100,100
information_random_4,information,random,4,1124210,2258597,original,4,encoder_block_4,0.6658177375793457,35,100,100
information_random_4,information,random,4,1124210,2258597,original,5,encoder_block_5,0.5856533050537109,25,100,100
information_random_4,information,random,4,1124210,2258597,original,6,encoder_block_6,0.5945525169372559,23,100,100
information_random_4,information,random,4,1124210,2258597,original,7,encoder_block_7,0.8320813179016113,15,100,100
information_random_4,information,random,4,1124210,2258597,original,8,encoder_block_8,0.935511589050293,8,100,100
information_random_4,information,random,4,1124210,2258597,original,9,encoder_block_9,1.0379290580749512,6,100,100
information_random_4,information,random,4,1124210,2258597,original,10,encoder_block_10,1.0187492370605469,5,100,100
information_random_4,information,random,4,1124210,2258597,original,11,encoder_block_11,1.260847568511963,3,100,100
information_random_4,information,random,4,1124210,2258597,original,12,encoder_block_12,0.2487647235393524,10,100,100
information_random_4,information,random,4,1124210,2258597,padded_control,0,embedding,0.5800061225891113,33,100,100
information_random_4,information,random,4,1124210,2258597,padded_control,1,encoder_block_1,-0.1199212074279785,88,100,100
information_random_4,information,random,4,1124210,2258597,padded_control,2,encoder_block_2,0.0082025527954101,81,100,100
information_random_4,information,random,4,1124210,2258597,padded_control,3,encoder_block_3,0.3577947616577148,62,100,100
information_random_4,information,random,4,1124210,2258597,padded_control,4,encoder_block_4,0.6507277488708496,35,100,100
information_random_4,information,random,4,1124210,2258597,padded_control,5,encoder_block_5,0.5686683654785156,26,100,100
information_random_4,information,random,4,1124210,2258597,padded_control,6,encoder_block_6,0.5709080696105957,24,100,100
information_random_4,information,random,4,1124210,2258597,padded_control,7,encoder_block_7,0.8058614730834961,16,100,100
information_random_4,information,random,4,1124210,2258597,padded_control,8,encoder_block_8,0.9104208946228028,8,100,100
information_random_4,information,random,4,1124210,2258597,padded_control,9,encoder_block_9,1.0207724571228027,6,100,100
information_random_4,information,random,4,1124210,2258597,padded_control,10,encoder_block_10,1.0050408840179443,5,100,100
information_random_4,information,random,4,1124210,2258597,padded_control,11,encoder_block_11,1.245476484298706,3,100,100
information_random_4,information,random,4,1124210,2258597,padded_control,12,encoder_block_12,0.2665221989154815,10,100,100
information_random_4,information,random,4,1124210,2258597,attack,0,embedding,0.3753800392150879,58,100,100
information_random_4,information,random,4,1124210,2258597,attack,1,encoder_block_1,-0.2744326591491699,93,100,100
information_random_4,information,random,4,1124210,2258597,attack,2,encoder_block_2,-0.1873407363891601,91,100,100
information_random_4,information,random,4,1124210,2258597,attack,3,encoder_block_3,0.1284661293029785,79,100,100
information_random_4,information,random,4,1124210,2258597,attack,4,encoder_block_4,0.4103438854217529,61,100,100
information_random_4,information,random,4,1124210,2258597,attack,5,encoder_block_5,0.3528661727905273,52,100,100
information_random_4,information,random,4,1124210,2258597,attack,6,encoder_block_6,0.3666231632232666,48,100,100
information_random_4,information,random,4,1124210,2258597,attack,7,encoder_block_7,0.5752496719360352,33,100,100
information_random_4,information,random,4,1124210,2258597,attack,8,encoder_block_8,0.7094283103942871,19,100,100
information_random_4,information,random,4,1124210,2258597,attack,9,encoder_block_9,0.8949003219604492,13,100,100
information_random_4,information,random,4,1124210,2258597,attack,10,encoder_block_10,0.904738187789917,5,100,100
information_random_4,information,random,4,1124210,2258597,attack,11,encoder_block_11,1.2281346321105957,3,100,100
information_random_4,information,random,4,1124210,2258597,attack,12,encoder_block_12,0.709210216999054,9,100,100
information_random_4,information,random,4,1129237,2697752,original,0,embedding,-0.2152695655822754,51,100,100
information_random_4,information,random,4,1129237,2697752,original,1,encoder_block_1,-0.829967737197876,90,100,100
information_random_4,information,random,4,1129237,2697752,original,2,encoder_block_2,-0.3859496116638183,79,100,100
information_random_4,information,random,4,1129237,2697752,original,3,encoder_block_3,-0.3067121505737304,77,100,100
information_random_4,information,random,4,1129237,2697752,original,4,encoder_block_4,-0.1617064476013183,71,100,100
information_random_4,information,random,4,1129237,2697752,original,5,encoder_block_5,-0.2752385139465332,64,100,100
information_random_4,information,random,4,1129237,2697752,original,6,encoder_block_6,-0.3856024742126465,72,100,100
information_random_4,information,random,4,1129237,2697752,original,7,encoder_block_7,-0.1996879577636718,51,100,100
information_random_4,information,random,4,1129237,2697752,original,8,encoder_block_8,0.0123867988586425,30,100,100
information_random_4,information,random,4,1129237,2697752,original,9,encoder_block_9,0.3729109764099121,9,100,100
information_random_4,information,random,4,1129237,2697752,original,10,encoder_block_10,0.8976078033447266,3,100,100
information_random_4,information,random,4,1129237,2697752,original,11,encoder_block_11,2.6303515434265137,2,100,100
information_random_4,information,random,4,1129237,2697752,original,12,encoder_block_12,4.295194149017334,2,100,100
information_random_4,information,random,4,1129237,2697752,padded_control,0,embedding,-0.2152700424194336,51,100,100
information_random_4,information,random,4,1129237,2697752,padded_control,1,encoder_block_1,-0.8333714008331299,90,100,100
information_random_4,information,random,4,1129237,2697752,padded_control,2,encoder_block_2,-0.390756607055664,79,100,100
information_random_4,information,random,4,1129237,2697752,padded_control,3,encoder_block_3,-0.3030929565429687,77,100,100
information_random_4,information,random,4,1129237,2697752,padded_control,4,encoder_block_4,-0.1626653671264648,71,100,100
information_random_4,information,random,4,1129237,2697752,padded_control,5,encoder_block_5,-0.282869815826416,64,100,100
information_random_4,information,random,4,1129237,2697752,padded_control,6,encoder_block_6,-0.3959801197052002,72,100,100
information_random_4,information,random,4,1129237,2697752,padded_control,7,encoder_block_7,-0.2205791473388672,54,100,100
information_random_4,information,random,4,1129237,2697752,padded_control,8,encoder_block_8,-0.0147247314453125,33,100,100
information_random_4,information,random,4,1129237,2697752,padded_control,9,encoder_block_9,0.3661196231842041,9,100,100
information_random_4,information,random,4,1129237,2697752,padded_control,10,encoder_block_10,0.8954076766967773,3,100,100
information_random_4,information,random,4,1129237,2697752,padded_control,11,encoder_block_11,2.622570753097534,2,100,100
information_random_4,information,random,4,1129237,2697752,padded_control,12,encoder_block_12,4.29003381729126,2,100,100
information_random_4,information,random,4,1129237,2697752,attack,0,embedding,-0.4585723876953125,82,100,100
information_random_4,information,random,4,1129237,2697752,attack,1,encoder_block_1,-1.049260139465332,95,100,100
information_random_4,information,random,4,1129237,2697752,attack,2,encoder_block_2,-0.6624834537506104,94,100,100
information_random_4,information,random,4,1129237,2697752,attack,3,encoder_block_3,-0.4456911087036133,86,100,100
information_random_4,information,random,4,1129237,2697752,attack,4,encoder_block_4,-0.2705006599426269,78,100,100
information_random_4,information,random,4,1129237,2697752,attack,5,encoder_block_5,-0.3099431991577148,67,100,100
information_random_4,information,random,4,1129237,2697752,attack,6,encoder_block_6,-0.4553759098052978,77,100,100
information_random_4,information,random,4,1129237,2697752,attack,7,encoder_block_7,-0.3952994346618652,72,100,100
information_random_4,information,random,4,1129237,2697752,attack,8,encoder_block_8,-0.1725554466247558,49,100,100
information_random_4,information,random,4,1129237,2697752,attack,9,encoder_block_9,0.2288832664489746,15,100,100
information_random_4,information,random,4,1129237,2697752,attack,10,encoder_block_10,0.7876186370849609,4,100,100
information_random_4,information,random,4,1129237,2697752,attack,11,encoder_block_11,2.5607643127441406,2,100,100
information_random_4,information,random,4,1129237,2697752,attack,12,encoder_block_12,4.264538764953613,2,100,100
information_random_4,information,random,4,1133167,5674622,original,0,embedding,-0.3599090576171875,51,100,100
information_random_4,information,random,4,1133167,5674622,original,1,encoder_block_1,-0.2238578796386718,37,100,100
information_random_4,information,random,4,1133167,5674622,original,2,encoder_block_2,0.0894651412963867,23,100,100
information_random_4,information,random,4,1133167,5674622,original,3,encoder_block_3,-0.0596203804016113,27,100,100
information_random_4,information,random,4,1133167,5674622,original,4,encoder_block_4,-0.0066719055175781,35,100,100
information_random_4,information,random,4,1133167,5674622,original,5,encoder_block_5,0.0064270496368408,24,100,100
information_random_4,information,random,4,1133167,5674622,original,6,encoder_block_6,0.0849943161010742,23,100,100
information_random_4,information,random,4,1133167,5674622,original,7,encoder_block_7,0.1392304897308349,25,100,100
information_random_4,information,random,4,1133167,5674622,original,8,encoder_block_8,0.3150386810302734,17,100,100
information_random_4,information,random,4,1133167,5674622,original,9,encoder_block_9,0.3377759456634521,26,100,100
information_random_4,information,random,4,1133167,5674622,original,10,encoder_block_10,-0.0226194858551025,41,100,100
information_random_4,information,random,4,1133167,5674622,original,11,encoder_block_11,0.8448319435119629,49,100,100
information_random_4,information,random,4,1133167,5674622,original,12,encoder_block_12,2.4345003366470337,46,100,100
information_random_4,information,random,4,1133167,5674622,padded_control,0,embedding,-0.3599090576171875,51,100,100
information_random_4,information,random,4,1133167,5674622,padded_control,1,encoder_block_1,-0.230844497680664,38,100,100
information_random_4,information,random,4,1133167,5674622,padded_control,2,encoder_block_2,0.0821113586425781,24,100,100
information_random_4,information,random,4,1133167,5674622,padded_control,3,encoder_block_3,-0.0593385696411132,27,100,100
information_random_4,information,random,4,1133167,5674622,padded_control,4,encoder_block_4,0.0025091171264648,33,100,100
information_random_4,information,random,4,1133167,5674622,padded_control,5,encoder_block_5,0.0118439197540283,23,100,100
information_random_4,information,random,4,1133167,5674622,padded_control,6,encoder_block_6,0.085137128829956,23,100,100
information_random_4,information,random,4,1133167,5674622,padded_control,7,encoder_block_7,0.1531684398651123,24,100,100
information_random_4,information,random,4,1133167,5674622,padded_control,8,encoder_block_8,0.3069837093353271,17,100,100
information_random_4,information,random,4,1133167,5674622,padded_control,9,encoder_block_9,0.3357293605804443,26,100,100
information_random_4,information,random,4,1133167,5674622,padded_control,10,encoder_block_10,-0.040623664855957,41,100,100
information_random_4,information,random,4,1133167,5674622,padded_control,11,encoder_block_11,0.8175210952758789,49,100,100
information_random_4,information,random,4,1133167,5674622,padded_control,12,encoder_block_12,2.293333649635315,46,100,100
information_random_4,information,random,4,1133167,5674622,attack,0,embedding,-0.5247488021850586,72,100,100
information_random_4,information,random,4,1133167,5674622,attack,1,encoder_block_1,-0.379582405090332,60,100,100
information_random_4,information,random,4,1133167,5674622,attack,2,encoder_block_2,-0.1649084091186523,49,100,100
information_random_4,information,random,4,1133167,5674622,attack,3,encoder_block_3,-0.2382917404174804,47,100,100
information_random_4,information,random,4,1133167,5674622,attack,4,encoder_block_4,-0.0820832252502441,49,100,100
information_random_4,information,random,4,1133167,5674622,attack,5,encoder_block_5,-0.030644416809082,26,100,100
information_random_4,information,random,4,1133167,5674622,attack,6,encoder_block_6,0.02557373046875,29,100,100
information_random_4,information,random,4,1133167,5674622,attack,7,encoder_block_7,0.0495615005493164,33,100,100
information_random_4,information,random,4,1133167,5674622,attack,8,encoder_block_8,0.1425056457519531,36,100,100
information_random_4,information,random,4,1133167,5674622,attack,9,encoder_block_9,0.1137988567352294,49,100,100
information_random_4,information,random,4,1133167,5674622,attack,10,encoder_block_10,-0.4496231079101562,61,100,100
information_random_4,information,random,4,1133167,5674622,attack,11,encoder_block_11,0.2326846122741699,57,100,100
information_random_4,information,random,4,1133167,5674622,attack,12,encoder_block_12,0.7759475708007812,61,100,100
information_random_4,information,random,4,130510,1494936,original,0,embedding,0.4145472049713135,47,100,100
information_random_4,information,random,4,130510,1494936,original,1,encoder_block_1,-0.0747127532958984,70,100,100
information_random_4,information,random,4,130510,1494936,original,2,encoder_block_2,0.2577583789825439,57,100,100
information_random_4,information,random,4,130510,1494936,original,3,encoder_block_3,0.0868659019470214,57,100,100
information_random_4,information,random,4,130510,1494936,original,4,encoder_block_4,0.0484974384307861,55,100,100
information_random_4,information,random,4,130510,1494936,original,5,encoder_block_5,0.0590553283691406,55,100,100
information_random_4,information,random,4,130510,1494936,original,6,encoder_block_6,0.061549425125122,50,100,100
information_random_4,information,random,4,130510,1494936,original,7,encoder_block_7,0.1757409572601318,44,100,100
information_random_4,information,random,4,130510,1494936,original,8,encoder_block_8,0.3329865932464599,35,100,100
information_random_4,information,random,4,130510,1494936,original,9,encoder_block_9,0.644644021987915,18,100,100
information_random_4,information,random,4,130510,1494936,original,10,encoder_block_10,1.0942609310150146,3,100,100
information_random_4,information,random,4,130510,1494936,original,11,encoder_block_11,2.1742987632751465,6,100,100
information_random_4,information,random,4,130510,1494936,original,12,encoder_block_12,3.561265468597412,6,100,100
information_random_4,information,random,4,130510,1494936,padded_control,0,embedding,0.4145467281341553,47,100,100
information_random_4,information,random,4,130510,1494936,padded_control,1,encoder_block_1,-0.0689752101898193,70,100,100
information_random_4,information,random,4,130510,1494936,padded_control,2,encoder_block_2,0.2597639560699463,56,100,100
information_random_4,information,random,4,130510,1494936,padded_control,3,encoder_block_3,0.0966010093688964,55,100,100
information_random_4,information,random,4,130510,1494936,padded_control,4,encoder_block_4,0.060586929321289,52,100,100
information_random_4,information,random,4,130510,1494936,padded_control,5,encoder_block_5,0.0794994831085205,53,100,100
information_random_4,information,random,4,130510,1494936,padded_control,6,encoder_block_6,0.0811390876770019,48,100,100
information_random_4,information,random,4,130510,1494936,padded_control,7,encoder_block_7,0.2032601833343505,44,100,100
information_random_4,information,random,4,130510,1494936,padded_control,8,encoder_block_8,0.3830368518829345,30,100,100
information_random_4,information,random,4,130510,1494936,padded_control,9,encoder_block_9,0.6803455352783203,17,100,100
information_random_4,information,random,4,130510,1494936,padded_control,10,encoder_block_10,1.1438865661621094,3,100,100
information_random_4,information,random,4,130510,1494936,padded_control,11,encoder_block_11,2.195728063583374,6,100,100
information_random_4,information,random,4,130510,1494936,padded_control,12,encoder_block_12,3.589462757110596,6,100,100
information_random_4,information,random,4,130510,1494936,attack,0,embedding,0.0821878910064697,79,100,100
information_random_4,information,random,4,130510,1494936,attack,1,encoder_block_1,-0.2496130466461181,80,100,100
information_random_4,information,random,4,130510,1494936,attack,2,encoder_block_2,-0.0347633361816406,81,100,100
information_random_4,information,random,4,130510,1494936,attack,3,encoder_block_3,-0.1786646842956543,84,100,100
information_random_4,information,random,4,130510,1494936,attack,4,encoder_block_4,-0.1614298820495605,81,100,100
information_random_4,information,random,4,130510,1494936,attack,5,encoder_block_5,-0.0556994676589965,71,100,100
information_random_4,information,random,4,130510,1494936,attack,6,encoder_block_6,-0.0111292600631713,61,100,100
information_random_4,information,random,4,130510,1494936,attack,7,encoder_block_7,0.0865691900253295,53,100,100
information_random_4,information,random,4,130510,1494936,attack,8,encoder_block_8,0.4146220684051513,24,100,100
information_random_4,information,random,4,130510,1494936,attack,9,encoder_block_9,0.7301533222198486,15,100,100
information_random_4,information,random,4,130510,1494936,attack,10,encoder_block_10,1.1480518579483032,3,100,100
information_random_4,information,random,4,130510,1494936,attack,11,encoder_block_11,2.0811753273010254,6,100,100
information_random_4,information,random,4,130510,1494936,attack,12,encoder_block_12,3.51377534866333,6,100,100
information_random_4,information,random,4,131843,8305152,original,0,embedding,0.0451273918151855,81,100,100
information_random_4,information,random,4,131843,8305152,original,1,encoder_block_1,-0.4817818403244018,88,100,100
information_random_4,information,random,4,131843,8305152,original,2,encoder_block_2,-0.319859504699707,90,100,100
information_random_4,information,random,4,131843,8305152,original,3,encoder_block_3,-0.3433289527893066,92,100,100
information_random_4,information,random,4,131843,8305152,original,4,encoder_block_4,-0.2720351219177246,91,100,100
information_random_4,information,random,4,131843,8305152,original,5,encoder_block_5,-0.0504491329193115,91,100,100
information_random_4,information,random,4,131843,8305152,original,6,encoder_block_6,0.1368653774261474,84,100,100
information_random_4,information,random,4,131843,8305152,original,7,encoder_block_7,0.0036597251892089,85,100,100
information_random_4,information,random,4,131843,8305152,original,8,encoder_block_8,0.1005210876464843,58,100,100
information_random_4,information,random,4,131843,8305152,original,9,encoder_block_9,0.5894267559051514,22,100,100
information_random_4,information,random,4,131843,8305152,original,10,encoder_block_10,1.3263812065124512,1,100,100
information_random_4,information,random,4,131843,8305152,original,11,encoder_block_11,3.336597442626953,1,100,100
information_random_4,information,random,4,131843,8305152,original,12,encoder_block_12,6.186569213867188,1,100,100
information_random_4,information,random,4,131843,8305152,padded_control,0,embedding,0.0451278686523437,81,100,100
information_random_4,information,random,4,131843,8305152,padded_control,1,encoder_block_1,-0.4808954000473022,88,100,100
information_random_4,information,random,4,131843,8305152,padded_control,2,encoder_block_2,-0.3223409652709961,90,100,100
information_random_4,information,random,4,131843,8305152,padded_control,3,encoder_block_3,-0.3291816711425781,92,100,100
information_random_4,information,random,4,131843,8305152,padded_control,4,encoder_block_4,-0.2520766258239746,91,100,100
information_random_4,information,random,4,131843,8305152,padded_control,5,encoder_block_5,-0.0469975471496582,91,100,100
information_random_4,information,random,4,131843,8305152,padded_control,6,encoder_block_6,0.1345857381820678,84,100,100
information_random_4,information,random,4,131843,8305152,padded_control,7,encoder_block_7,-0.0046701431274414,86,100,100
information_random_4,information,random,4,131843,8305152,padded_control,8,encoder_block_8,0.0855638980865478,60,100,100
information_random_4,information,random,4,131843,8305152,padded_control,9,encoder_block_9,0.6003239154815674,22,100,100
information_random_4,information,random,4,131843,8305152,padded_control,10,encoder_block_10,1.2998294830322266,1,100,100
information_random_4,information,random,4,131843,8305152,padded_control,11,encoder_block_11,3.294099807739258,1,100,100
information_random_4,information,random,4,131843,8305152,padded_control,12,encoder_block_12,6.133675575256348,1,100,100
information_random_4,information,random,4,131843,8305152,attack,0,embedding,-0.1895723342895507,90,100,100
information_random_4,information,random,4,131843,8305152,attack,1,encoder_block_1,-0.695114254951477,92,100,100
information_random_4,information,random,4,131843,8305152,attack,2,encoder_block_2,-0.6625838279724121,100,100,100
information_random_4,information,random,4,131843,8305152,attack,3,encoder_block_3,-0.5332362651824951,99,100,100
information_random_4,information,random,4,131843,8305152,attack,4,encoder_block_4,-0.3753204345703125,97,100,100
information_random_4,information,random,4,131843,8305152,attack,5,encoder_block_5,-0.1517912149429321,92,100,100
information_random_4,information,random,4,131843,8305152,attack,6,encoder_block_6,-0.0110805034637451,91,100,100
information_random_4,information,random,4,131843,8305152,attack,7,encoder_block_7,-0.1607732772827148,95,100,100
information_random_4,information,random,4,131843,8305152,attack,8,encoder_block_8,-0.0084936618804931,80,100,100
information_random_4,information,random,4,131843,8305152,attack,9,encoder_block_9,0.5323212146759033,24,100,100
information_random_4,information,random,4,131843,8305152,attack,10,encoder_block_10,1.2503979206085205,1,100,100
information_random_4,information,random,4,131843,8305152,attack,11,encoder_block_11,3.291621208190918,1,100,100
information_random_4,information,random,4,131843,8305152,attack,12,encoder_block_12,6.171968460083008,1,100,100
information_random_4,information,random,4,146187,8434626,original,0,embedding,0.8186893463134766,34,100,100
information_random_4,information,random,4,146187,8434626,original,1,encoder_block_1,0.8562822341918945,22,100,100
information_random_4,information,random,4,146187,8434626,original,2,encoder_block_2,0.9611597061157228,24,100,100
information_random_4,information,random,4,146187,8434626,original,3,encoder_block_3,1.1117756366729736,21,100,100
information_random_4,information,random,4,146187,8434626,original,4,encoder_block_4,1.28155779838562,17,100,100
information_random_4,information,random,4,146187,8434626,original,5,encoder_block_5,1.2142610549926758,11,100,100
information_random_4,information,random,4,146187,8434626,original,6,encoder_block_6,1.2386045455932615,12,100,100
information_random_4,information,random,4,146187,8434626,original,7,encoder_block_7,1.1996808052062988,15,100,100
information_random_4,information,random,4,146187,8434626,original,8,encoder_block_8,1.1204800605773926,16,100,100
information_random_4,information,random,4,146187,8434626,original,9,encoder_block_9,1.163987159729004,22,100,100
information_random_4,information,random,4,146187,8434626,original,10,encoder_block_10,0.9799554347991944,12,100,100
information_random_4,information,random,4,146187,8434626,original,11,encoder_block_11,1.9088294506073,11,100,100
information_random_4,information,random,4,146187,8434626,original,12,encoder_block_12,2.198522448539734,13,100,100
information_random_4,information,random,4,146187,8434626,padded_control,0,embedding,0.818687915802002,34,100,100
information_random_4,information,random,4,146187,8434626,padded_control,1,encoder_block_1,0.8515253067016602,24,100,100
information_random_4,information,random,4,146187,8434626,padded_control,2,encoder_block_2,0.9558868408203124,24,100,100
information_random_4,information,random,4,146187,8434626,padded_control,3,encoder_block_3,1.1076908111572266,21,100,100
information_random_4,information,random,4,146187,8434626,padded_control,4,encoder_block_4,1.290005445480347,15,100,100
information_random_4,information,random,4,146187,8434626,padded_control,5,encoder_block_5,1.2098815441131592,11,100,100
information_random_4,information,random,4,146187,8434626,padded_control,6,encoder_block_6,1.2357194423675537,12,100,100
information_random_4,information,random,4,146187,8434626,padded_control,7,encoder_block_7,1.2044296264648438,15,100,100
information_random_4,information,random,4,146187,8434626,padded_control,8,encoder_block_8,1.1316485404968262,16,100,100
information_random_4,information,random,4,146187,8434626,padded_control,9,encoder_block_9,1.1795673370361328,21,100,100
information_random_4,information,random,4,146187,8434626,padded_control,10,encoder_block_10,1.0044894218444824,12,100,100
information_random_4,information,random,4,146187,8434626,padded_control,11,encoder_block_11,1.9000113010406492,11,100,100
information_random_4,information,random,4,146187,8434626,padded_control,12,encoder_block_12,2.15494704246521,13,100,100
information_random_4,information,random,4,146187,8434626,attack,0,embedding,0.3895213603973388,82,100,100
information_random_4,information,random,4,146187,8434626,attack,1,encoder_block_1,0.6070981025695801,49,100,100
information_random_4,information,random,4,146187,8434626,attack,2,encoder_block_2,0.6598844528198242,54,100,100
information_random_4,information,random,4,146187,8434626,attack,3,encoder_block_3,0.9079365730285645,38,100,100
information_random_4,information,random,4,146187,8434626,attack,4,encoder_block_4,1.1361637115478516,26,100,100
information_random_4,information,random,4,146187,8434626,attack,5,encoder_block_5,1.1274352073669434,15,100,100
information_random_4,information,random,4,146187,8434626,attack,6,encoder_block_6,1.136211395263672,22,100,100
information_random_4,information,random,4,146187,8434626,attack,7,encoder_block_7,1.1174046993255615,24,100,100
information_random_4,information,random,4,146187,8434626,attack,8,encoder_block_8,1.0630922317504885,23,100,100
information_random_4,information,random,4,146187,8434626,attack,9,encoder_block_9,1.1540427207946775,22,100,100
information_random_4,information,random,4,146187,8434626,attack,10,encoder_block_10,1.026848316192627,12,100,100
information_random_4,information,random,4,146187,8434626,attack,11,encoder_block_11,1.892762899398804,11,100,100
information_random_4,information,random,4,146187,8434626,attack,12,encoder_block_12,2.2059919834136963,12,100,100
information_random_4,information,random,4,148538,8181574,original,0,embedding,0.0338578224182128,76,100,100
information_random_4,information,random,4,148538,8181574,original,1,encoder_block_1,0.480750560760498,31,100,100
information_random_4,information,random,4,148538,8181574,original,2,encoder_block_2,0.889561653137207,27,100,100
information_random_4,information,random,4,148538,8181574,original,3,encoder_block_3,1.1115541458129885,17,100,100
information_random_4,information,random,4,148538,8181574,original,4,encoder_block_4,1.146008014678955,23,100,100
information_random_4,information,random,4,148538,8181574,original,5,encoder_block_5,1.0081357955932615,26,100,100
information_random_4,information,random,4,148538,8181574,original,6,encoder_block_6,1.0072407722473145,29,100,100
information_random_4,information,random,4,148538,8181574,original,7,encoder_block_7,1.0733280181884766,19,100,100
information_random_4,information,random,4,148538,8181574,original,8,encoder_block_8,1.1593351364135742,21,100,100
information_random_4,information,random,4,148538,8181574,original,9,encoder_block_9,1.2307915687561035,36,100,100
information_random_4,information,random,4,148538,8181574,original,10,encoder_block_10,0.1248464584350586,80,100,100
information_random_4,information,random,4,148538,8181574,original,11,encoder_block_11,-1.7904731035232544,98,100,100
information_random_4,information,random,4,148538,8181574,original,12,encoder_block_12,-11.936710357666016,98,100,100
information_random_4,information,random,4,148538,8181574,padded_control,0,embedding,0.033858299255371,76,100,100
information_random_4,information,random,4,148538,8181574,padded_control,1,encoder_block_1,0.4825944900512695,31,100,100
information_random_4,information,random,4,148538,8181574,padded_control,2,encoder_block_2,0.8905034065246582,27,100,100
information_random_4,information,random,4,148538,8181574,padded_control,3,encoder_block_3,1.119612693786621,16,100,100
information_random_4,information,random,4,148538,8181574,padded_control,4,encoder_block_4,1.1580452919006348,23,100,100
information_random_4,information,random,4,148538,8181574,padded_control,5,encoder_block_5,1.0108375549316406,25,100,100
information_random_4,information,random,4,148538,8181574,padded_control,6,encoder_block_6,1.0025548934936523,29,100,100
information_random_4,information,random,4,148538,8181574,padded_control,7,encoder_block_7,1.077929973602295,19,100,100
information_random_4,information,random,4,148538,8181574,padded_control,8,encoder_block_8,1.159804344177246,21,100,100
information_random_4,information,random,4,148538,8181574,padded_control,9,encoder_block_9,1.2218868732452393,37,100,100
information_random_4,information,random,4,148538,8181574,padded_control,10,encoder_block_10,0.1122329235076904,82,100,100
information_random_4,information,random,4,148538,8181574,padded_control,11,encoder_block_11,-1.7457537055015564,97,100,100
information_random_4,information,random,4,148538,8181574,padded_control,12,encoder_block_12,-11.935883522033691,98,100,100
information_random_4,information,random,4,148538,8181574,attack,0,embedding,-0.195225715637207,96,100,100
information_random_4,information,random,4,148538,8181574,attack,1,encoder_block_1,0.2135915756225586,61,100,100
information_random_4,information,random,4,148538,8181574,attack,2,encoder_block_2,0.6880908012390137,44,100,100
information_random_4,information,random,4,148538,8181574,attack,3,encoder_block_3,0.9291324615478516,33,100,100
information_random_4,information,random,4,148538,8181574,attack,4,encoder_block_4,0.993417263031006,34,100,100
information_random_4,information,random,4,148538,8181574,attack,5,encoder_block_5,0.8771867752075195,39,100,100
information_random_4,information,random,4,148538,8181574,attack,6,encoder_block_6,0.8984694480895996,45,100,100
information_random_4,information,random,4,148538,8181574,attack,7,encoder_block_7,0.9119043350219728,39,100,100
information_random_4,information,random,4,148538,8181574,attack,8,encoder_block_8,1.0404701232910156,33,100,100
information_random_4,information,random,4,148538,8181574,attack,9,encoder_block_9,1.13592529296875,49,100,100
information_random_4,information,random,4,148538,8181574,attack,10,encoder_block_10,0.0787751674652099,82,100,100
information_random_4,information,random,4,148538,8181574,attack,11,encoder_block_11,-1.655405879020691,96,100,100
information_random_4,information,random,4,148538,8181574,attack,12,encoder_block_12,-11.872052192687988,98,100,100
information_random_4,information,random,4,156493,2411918,original,0,embedding,0.6322650909423828,94,100,100
information_random_4,information,random,4,156493,2411918,original,1,encoder_block_1,1.3086433410644531,34,100,100
information_random_4,information,random,4,156493,2411918,original,2,encoder_block_2,1.3716647624969482,27,100,100
information_random_4,information,random,4,156493,2411918,original,3,encoder_block_3,1.3721928596496582,31,100,100
information_random_4,information,random,4,156493,2411918,original,4,encoder_block_4,1.5484943389892578,23,100,100
information_random_4,information,random,4,156493,2411918,original,5,encoder_block_5,1.7920410633087158,15,100,100
information_random_4,information,random,4,156493,2411918,original,6,encoder_block_6,1.719512939453125,15,100,100
information_random_4,information,random,4,156493,2411918,original,7,encoder_block_7,1.8959312438964844,12,100,100
information_random_4,information,random,4,156493,2411918,original,8,encoder_block_8,1.911412000656128,8,100,100
information_random_4,information,random,4,156493,2411918,original,9,encoder_block_9,1.913116693496704,11,100,100
information_random_4,information,random,4,156493,2411918,original,10,encoder_block_10,1.790907382965088,8,100,100
information_random_4,information,random,4,156493,2411918,original,11,encoder_block_11,2.6601219177246094,9,100,100
information_random_4,information,random,4,156493,2411918,original,12,encoder_block_12,1.821057140827179,53,100,100
information_random_4,information,random,4,156493,2411918,padded_control,0,embedding,0.632265567779541,94,100,100
information_random_4,information,random,4,156493,2411918,padded_control,1,encoder_block_1,1.3077030181884766,34,100,100
information_random_4,information,random,4,156493,2411918,padded_control,2,encoder_block_2,1.374650955200195,27,100,100
information_random_4,information,random,4,156493,2411918,padded_control,3,encoder_block_3,1.3850436210632324,30,100,100
information_random_4,information,random,4,156493,2411918,padded_control,4,encoder_block_4,1.5650343894958496,21,100,100
information_random_4,information,random,4,156493,2411918,padded_control,5,encoder_block_5,1.7974815368652344,15,100,100
information_random_4,information,random,4,156493,2411918,padded_control,6,encoder_block_6,1.7341651916503906,15,100,100
information_random_4,information,random,4,156493,2411918,padded_control,7,encoder_block_7,1.917941093444824,11,100,100
information_random_4,information,random,4,156493,2411918,padded_control,8,encoder_block_8,1.9163026809692385,8,100,100
information_random_4,information,random,4,156493,2411918,padded_control,9,encoder_block_9,1.90787672996521,11,100,100
information_random_4,information,random,4,156493,2411918,padded_control,10,encoder_block_10,1.7891855239868164,8,100,100
information_random_4,information,random,4,156493,2411918,padded_control,11,encoder_block_11,2.640254497528076,12,100,100
information_random_4,information,random,4,156493,2411918,padded_control,12,encoder_block_12,1.8878920078277588,52,100,100
information_random_4,information,random,4,156493,2411918,attack,0,embedding,0.4239959716796875,97,100,100
information_random_4,information,random,4,156493,2411918,attack,1,encoder_block_1,0.9852447509765624,61,100,100
information_random_4,information,random,4,156493,2411918,attack,2,encoder_block_2,1.0576024055480957,55,100,100
information_random_4,information,random,4,156493,2411918,attack,3,encoder_block_3,1.090423583984375,61,100,100
information_random_4,information,random,4,156493,2411918,attack,4,encoder_block_4,1.3649418354034424,36,100,100
information_random_4,information,random,4,156493,2411918,attack,5,encoder_block_5,1.6433515548706057,17,100,100
information_random_4,information,random,4,156493,2411918,attack,6,encoder_block_6,1.5924296379089355,17,100,100
information_random_4,information,random,4,156493,2411918,attack,7,encoder_block_7,1.7534117698669434,14,100,100
information_random_4,information,random,4,156493,2411918,attack,8,encoder_block_8,1.774583339691162,14,100,100
information_random_4,information,random,4,156493,2411918,attack,9,encoder_block_9,1.775587558746338,21,100,100
information_random_4,information,random,4,156493,2411918,attack,10,encoder_block_10,1.6657929420471191,16,100,100
information_random_4,information,random,4,156493,2411918,attack,11,encoder_block_11,2.56827974319458,17,100,100
information_random_4,information,random,4,156493,2411918,attack,12,encoder_block_12,2.1012835800647736,50,100,100
information_random_4,information,random,4,168216,3174840,original,0,embedding,-0.6338040828704834,99,100,100
information_random_4,information,random,4,168216,3174840,original,1,encoder_block_1,-0.3851568698883056,74,100,100
information_random_4,information,random,4,168216,3174840,original,2,encoder_block_2,-0.2682242393493652,75,100,100
information_random_4,information,random,4,168216,3174840,original,3,encoder_block_3,0.0878183841705322,43,100,100
information_random_4,information,random,4,168216,3174840,original,4,encoder_block_4,0.1511220932006836,32,100,100
information_random_4,information,random,4,168216,3174840,original,5,encoder_block_5,0.0719380378723144,36,100,100
information_random_4,information,random,4,168216,3174840,original,6,encoder_block_6,0.048872947692871,36,100,100
information_random_4,information,random,4,168216,3174840,original,7,encoder_block_7,0.1533160209655761,35,100,100
information_random_4,information,random,4,168216,3174840,original,8,encoder_block_8,0.1931724548339843,29,100,100
information_random_4,information,random,4,168216,3174840,original,9,encoder_block_9,0.5074460506439209,15,100,100
information_random_4,information,random,4,168216,3174840,original,10,encoder_block_10,0.6587412357330322,6,100,100
information_random_4,information,random,4,168216,3174840,original,11,encoder_block_11,1.8547282218933103,7,100,100
information_random_4,information,random,4,168216,3174840,original,12,encoder_block_12,3.076498985290528,58,100,100
information_random_4,information,random,4,168216,3174840,padded_control,0,embedding,-0.633803129196167,99,100,100
information_random_4,information,random,4,168216,3174840,padded_control,1,encoder_block_1,-0.3906044960021972,74,100,100
information_random_4,information,random,4,168216,3174840,padded_control,2,encoder_block_2,-0.2730696201324463,78,100,100
information_random_4,information,random,4,168216,3174840,padded_control,3,encoder_block_3,0.0864694118499755,43,100,100
information_random_4,information,random,4,168216,3174840,padded_control,4,encoder_block_4,0.150543212890625,32,100,100
information_random_4,information,random,4,168216,3174840,padded_control,5,encoder_block_5,0.0717365741729736,36,100,100
information_random_4,information,random,4,168216,3174840,padded_control,6,encoder_block_6,0.0566198825836181,34,100,100
information_random_4,information,random,4,168216,3174840,padded_control,7,encoder_block_7,0.1676502227783203,35,100,100
information_random_4,information,random,4,168216,3174840,padded_control,8,encoder_block_8,0.1669607162475586,32,100,100
information_random_4,information,random,4,168216,3174840,padded_control,9,encoder_block_9,0.4783542156219482,19,100,100
information_random_4,information,random,4,168216,3174840,padded_control,10,encoder_block_10,0.6370967626571655,8,100,100
information_random_4,information,random,4,168216,3174840,padded_control,11,encoder_block_11,1.812636137008667,7,100,100
information_random_4,information,random,4,168216,3174840,padded_control,12,encoder_block_12,3.0695412158966064,58,100,100
information_random_4,information,random,4,168216,3174840,attack,0,embedding,-0.720482349395752,99,100,100
information_random_4,information,random,4,168216,3174840,attack,1,encoder_block_1,-0.5170478820800781,90,100,100
information_random_4,information,random,4,168216,3174840,attack,2,encoder_block_2,-0.451723575592041,94,100,100
information_random_4,information,random,4,168216,3174840,attack,3,encoder_block_3,-0.0334954261779785,61,100,100
information_random_4,information,random,4,168216,3174840,attack,4,encoder_block_4,0.0573463439941406,39,100,100
information_random_4,information,random,4,168216,3174840,attack,5,encoder_block_5,0.0128157138824462,43,100,100
information_random_4,information,random,4,168216,3174840,attack,6,encoder_block_6,-0.0271463394165039,49,100,100
information_random_4,information,random,4,168216,3174840,attack,7,encoder_block_7,-0.0007930994033813,43,100,100
information_random_4,information,random,4,168216,3174840,attack,8,encoder_block_8,0.0601372718811035,37,100,100
information_random_4,information,random,4,168216,3174840,attack,9,encoder_block_9,0.3815969228744507,28,100,100
information_random_4,information,random,4,168216,3174840,attack,10,encoder_block_10,0.5253236293792725,16,100,100
information_random_4,information,random,4,168216,3174840,attack,11,encoder_block_11,1.7479984760284424,9,100,100
information_random_4,information,random,4,168216,3174840,attack,12,encoder_block_12,3.254624128341675,51,100,100
information_random_4,information,random,4,182539,57443,original,0,embedding,0.2522985935211181,55,100,100
information_random_4,information,random,4,182539,57443,original,1,encoder_block_1,-0.1243147850036621,67,100,100
information_random_4,information,random,4,182539,57443,original,2,encoder_block_2,0.010246992111206,69,100,100
information_random_4,information,random,4,182539,57443,original,3,encoder_block_3,0.0935795307159423,50,100,100
information_random_4,information,random,4,182539,57443,original,4,encoder_block_4,0.1608998775482177,51,100,100
information_random_4,information,random,4,182539,57443,original,5,encoder_block_5,0.3986899852752685,38,100,100
information_random_4,information,random,4,182539,57443,original,6,encoder_block_6,0.3436722755432129,37,100,100
information_random_4,information,random,4,182539,57443,original,7,encoder_block_7,0.4343082904815674,29,100,100
information_random_4,information,random,4,182539,57443,original,8,encoder_block_8,0.6768031120300293,15,100,100
information_random_4,information,random,4,182539,57443,original,9,encoder_block_9,0.8573448657989502,10,100,100
information_random_4,information,random,4,182539,57443,original,10,encoder_block_10,1.3166866302490234,2,100,100
information_random_4,information,random,4,182539,57443,original,11,encoder_block_11,2.9638657569885254,1,100,100
information_random_4,information,random,4,182539,57443,original,12,encoder_block_12,5.838619232177734,1,100,100
information_random_4,information,random,4,182539,57443,padded_control,0,embedding,0.2522976398468017,55,100,100
information_random_4,information,random,4,182539,57443,padded_control,1,encoder_block_1,-0.1133017539978027,65,100,100
information_random_4,information,random,4,182539,57443,padded_control,2,encoder_block_2,0.0241577625274658,69,100,100
information_random_4,information,random,4,182539,57443,padded_control,3,encoder_block_3,0.1110484600067138,48,100,100
information_random_4,information,random,4,182539,57443,padded_control,4,encoder_block_4,0.1616218090057373,51,100,100
information_random_4,information,random,4,182539,57443,padded_control,5,encoder_block_5,0.4022269248962402,37,100,100
information_random_4,information,random,4,182539,57443,padded_control,6,encoder_block_6,0.345259428024292,37,100,100
information_random_4,information,random,4,182539,57443,padded_control,7,encoder_block_7,0.4241487979888916,30,100,100
information_random_4,information,random,4,182539,57443,padded_control,8,encoder_block_8,0.6657648086547852,17,100,100
information_random_4,information,random,4,182539,57443,padded_control,9,encoder_block_9,0.8520355224609375,10,100,100
information_random_4,information,random,4,182539,57443,padded_control,10,encoder_block_10,1.3105239868164062,2,100,100
information_random_4,information,random,4,182539,57443,padded_control,11,encoder_block_11,2.964437484741211,1,100,100
information_random_4,information,random,4,182539,57443,padded_control,12,encoder_block_12,5.798637390136719,1,100,100
information_random_4,information,random,4,182539,57443,attack,0,embedding,0.076040506362915,72,100,100
information_random_4,information,random,4,182539,57443,attack,1,encoder_block_1,-0.2359828948974609,76,100,100
information_random_4,information,random,4,182539,57443,attack,2,encoder_block_2,-0.1836702823638916,84,100,100
information_random_4,information,random,4,182539,57443,attack,3,encoder_block_3,-0.0772874355316162,67,100,100
information_random_4,information,random,4,182539,57443,attack,4,encoder_block_4,-0.0196847915649414,64,100,100
information_random_4,information,random,4,182539,57443,attack,5,encoder_block_5,0.2224934101104736,54,100,100
information_random_4,information,random,4,182539,57443,attack,6,encoder_block_6,0.1763755083084106,50,100,100
information_random_4,information,random,4,182539,57443,attack,7,encoder_block_7,0.2367644309997558,45,100,100
information_random_4,information,random,4,182539,57443,attack,8,encoder_block_8,0.4792070388793945,28,100,100
information_random_4,information,random,4,182539,57443,attack,9,encoder_block_9,0.6435105800628662,20,100,100
information_random_4,information,random,4,182539,57443,attack,10,encoder_block_10,1.1611459255218506,4,100,100
information_random_4,information,random,4,182539,57443,attack,11,encoder_block_11,2.856563091278076,1,100,100
information_random_4,information,random,4,182539,57443,attack,12,encoder_block_12,5.678842544555664,1,100,100
information_random_4,information,random,4,183378,5040199,original,0,embedding,-0.0865340232849121,96,100,100
information_random_4,information,random,4,183378,5040199,original,1,encoder_block_1,-0.0381965637207031,91,100,100
information_random_4,information,random,4,183378,5040199,original,2,encoder_block_2,-0.062957763671875,89,100,100
information_random_4,information,random,4,183378,5040199,original,3,encoder_block_3,0.1655235290527343,54,100,100
information_random_4,information,random,4,183378,5040199,original,4,encoder_block_4,0.5493338108062744,24,100,100
information_random_4,information,random,4,183378,5040199,original,5,encoder_block_5,0.523047924041748,24,100,100
information_random_4,information,random,4,183378,5040199,original,6,encoder_block_6,0.4046578407287597,28,100,100
information_random_4,information,random,4,183378,5040199,original,7,encoder_block_7,0.5678186416625977,25,100,100
information_random_4,information,random,4,183378,5040199,original,8,encoder_block_8,0.4849131107330322,32,100,100
information_random_4,information,random,4,183378,5040199,original,9,encoder_block_9,0.664161205291748,29,100,100
information_random_4,information,random,4,183378,5040199,original,10,encoder_block_10,0.4862463474273681,36,100,100
information_random_4,information,random,4,183378,5040199,original,11,encoder_block_11,-1.16389799118042,63,100,100
information_random_4,information,random,4,183378,5040199,original,12,encoder_block_12,-11.67852783203125,73,100,100
information_random_4,information,random,4,183378,5040199,padded_control,0,embedding,-0.0865345001220703,96,100,100
information_random_4,information,random,4,183378,5040199,padded_control,1,encoder_block_1,-0.0321097373962402,90,100,100
information_random_4,information,random,4,183378,5040199,padded_control,2,encoder_block_2,-0.0577673912048339,89,100,100
information_random_4,information,random,4,183378,5040199,padded_control,3,encoder_block_3,0.1733012199401855,53,100,100
information_random_4,information,random,4,183378,5040199,padded_control,4,encoder_block_4,0.5566778182983398,24,100,100
information_random_4,information,random,4,183378,5040199,padded_control,5,encoder_block_5,0.5258908271789551,24,100,100
information_random_4,information,random,4,183378,5040199,padded_control,6,encoder_block_6,0.4004149436950683,28,100,100
information_random_4,information,random,4,183378,5040199,padded_control,7,encoder_block_7,0.5688519477844238,25,100,100
information_random_4,information,random,4,183378,5040199,padded_control,8,encoder_block_8,0.4757800102233886,33,100,100
information_random_4,information,random,4,183378,5040199,padded_control,9,encoder_block_9,0.6630094051361084,29,100,100
information_random_4,information,random,4,183378,5040199,padded_control,10,encoder_block_10,0.4697582721710205,37,100,100
information_random_4,information,random,4,183378,5040199,padded_control,11,encoder_block_11,-1.2556843757629397,65,100,100
information_random_4,information,random,4,183378,5040199,padded_control,12,encoder_block_12,-11.73671531677246,74,100,100
information_random_4,information,random,4,183378,5040199,attack,0,embedding,-0.1852912902832031,98,100,100
information_random_4,information,random,4,183378,5040199,attack,1,encoder_block_1,-0.1402645111083984,97,100,100
information_random_4,information,random,4,183378,5040199,attack,2,encoder_block_2,-0.2067117691040039,97,100,100
information_random_4,information,random,4,183378,5040199,attack,3,encoder_block_3,0.0604662895202636,65,100,100
information_random_4,information,random,4,183378,5040199,attack,4,encoder_block_4,0.4308319091796875,37,100,100
information_random_4,information,random,4,183378,5040199,attack,5,encoder_block_5,0.3972606658935547,36,100,100
information_random_4,information,random,4,183378,5040199,attack,6,encoder_block_6,0.3214383125305176,39,100,100
information_random_4,information,random,4,183378,5040199,attack,7,encoder_block_7,0.4893848896026611,29,100,100
information_random_4,information,random,4,183378,5040199,attack,8,encoder_block_8,0.4386870861053467,36,100,100
information_random_4,information,random,4,183378,5040199,attack,9,encoder_block_9,0.6561667919158936,29,100,100
information_random_4,information,random,4,183378,5040199,attack,10,encoder_block_10,0.5782734155654907,28,100,100
information_random_4,information,random,4,183378,5040199,attack,11,encoder_block_11,-1.0615074038505554,62,100,100
information_random_4,information,random,4,183378,5040199,attack,12,encoder_block_12,-11.421896934509276,68,100,100
information_random_4,information,random,4,19335,8412684,original,0,embedding,0.4543437957763672,87,100,100
information_random_4,information,random,4,19335,8412684,original,1,encoder_block_1,0.575559139251709,83,100,100
information_random_4,information,random,4,19335,8412684,original,2,encoder_block_2,0.7931208610534668,89,100,100
information_random_4,information,random,4,19335,8412684,original,3,encoder_block_3,0.6508738994598389,94,100,100
information_random_4,information,random,4,19335,8412684,original,4,encoder_block_4,0.728416919708252,89,100,100
information_random_4,information,random,4,19335,8412684,original,5,encoder_block_5,0.7303013801574707,86,100,100
information_random_4,information,random,4,19335,8412684,original,6,encoder_block_6,0.867795467376709,67,100,100
information_random_4,information,random,4,19335,8412684,original,7,encoder_block_7,1.1068263053894043,37,100,100
information_random_4,information,random,4,19335,8412684,original,8,encoder_block_8,1.3754048347473145,17,100,100
information_random_4,information,random,4,19335,8412684,original,9,encoder_block_9,1.2622122764587402,24,100,100
information_random_4,information,random,4,19335,8412684,original,10,encoder_block_10,1.2494158744812012,19,100,100
information_random_4,information,random,4,19335,8412684,original,11,encoder_block_11,1.8081707954406736,9,100,100
information_random_4,information,random,4,19335,8412684,original,12,encoder_block_12,2.0300610661506653,7,100,100
information_random_4,information,random,4,19335,8412684,padded_control,0,embedding,0.454343318939209,87,100,100
information_random_4,information,random,4,19335,8412684,padded_control,1,encoder_block_1,0.5715761184692383,84,100,100
information_random_4,information,random,4,19335,8412684,padded_control,2,encoder_block_2,0.7926087379455566,89,100,100
information_random_4,information,random,4,19335,8412684,padded_control,3,encoder_block_3,0.6486916542053223,94,100,100
information_random_4,information,random,4,19335,8412684,padded_control,4,encoder_block_4,0.7119145393371582,89,100,100
information_random_4,information,random,4,19335,8412684,padded_control,5,encoder_block_5,0.7122292518615723,91,100,100
information_random_4,information,random,4,19335,8412684,padded_control,6,encoder_block_6,0.8422262668609619,69,100,100
information_random_4,information,random,4,19335,8412684,padded_control,7,encoder_block_7,1.0949788093566897,37,100,100
information_random_4,information,random,4,19335,8412684,padded_control,8,encoder_block_8,1.3682372570037842,17,100,100
information_random_4,information,random,4,19335,8412684,padded_control,9,encoder_block_9,1.2438199520111084,25,100,100
information_random_4,information,random,4,19335,8412684,padded_control,10,encoder_block_10,1.2326316833496094,21,100,100
information_random_4,information,random,4,19335,8412684,padded_control,11,encoder_block_11,1.7933590412139893,10,100,100
information_random_4,information,random,4,19335,8412684,padded_control,12,encoder_block_12,2.057142853736877,7,100,100
information_random_4,information,random,4,19335,8412684,attack,0,embedding,0.152684211730957,94,100,100
information_random_4,information,random,4,19335,8412684,attack,1,encoder_block_1,0.3357610702514648,96,100,100
information_random_4,information,random,4,19335,8412684,attack,2,encoder_block_2,0.3976087570190429,100,100,100
information_random_4,information,random,4,19335,8412684,attack,3,encoder_block_3,0.3035347461700439,100,100,100
information_random_4,information,random,4,19335,8412684,attack,4,encoder_block_4,0.4313197135925293,98,100,100
information_random_4,information,random,4,19335,8412684,attack,5,encoder_block_5,0.5556075572967529,99,100,100
information_random_4,information,random,4,19335,8412684,attack,6,encoder_block_6,0.6663548946380615,93,100,100
information_random_4,information,random,4,19335,8412684,attack,7,encoder_block_7,0.90934419631958,64,100,100
information_random_4,information,random,4,19335,8412684,attack,8,encoder_block_8,1.2118768692016602,28,100,100
information_random_4,information,random,4,19335,8412684,attack,9,encoder_block_9,1.1747334003448486,30,100,100
information_random_4,information,random,4,19335,8412684,attack,10,encoder_block_10,1.2843003273010254,19,100,100
information_random_4,information,random,4,19335,8412684,attack,11,encoder_block_11,1.969907522201538,7,100,100
information_random_4,information,random,4,19335,8412684,attack,12,encoder_block_12,2.246551513671875,6,100,100
information_random_4,information,random,4,207786,2998723,original,0,embedding,0.3694686889648437,74,100,100
information_random_4,information,random,4,207786,2998723,original,1,encoder_block_1,0.0717597007751464,74,100,100
information_random_4,information,random,4,207786,2998723,original,2,encoder_block_2,0.1014332771301269,75,100,100
information_random_4,information,random,4,207786,2998723,original,3,encoder_block_3,0.098642349243164,73,100,100
information_random_4,information,random,4,207786,2998723,original,4,encoder_block_4,0.3614974021911621,50,100,100
information_random_4,information,random,4,207786,2998723,original,5,encoder_block_5,0.3733158111572265,40,100,100
information_random_4,information,random,4,207786,2998723,original,6,encoder_block_6,0.4203805923461914,34,100,100
information_random_4,information,random,4,207786,2998723,original,7,encoder_block_7,0.7421231269836426,22,100,100
information_random_4,information,random,4,207786,2998723,original,8,encoder_block_8,0.6411762237548828,27,100,100
information_random_4,information,random,4,207786,2998723,original,9,encoder_block_9,1.066925048828125,4,100,100
information_random_4,information,random,4,207786,2998723,original,10,encoder_block_10,1.058253288269043,2,100,100
information_random_4,information,random,4,207786,2998723,original,11,encoder_block_11,1.316877841949463,11,100,100
information_random_4,information,random,4,207786,2998723,original,12,encoder_block_12,-4.207484245300293,22,100,100
information_random_4,information,random,4,207786,2998723,padded_control,0,embedding,0.3694691658020019,74,100,100
information_random_4,information,random,4,207786,2998723,padded_control,1,encoder_block_1,0.0787091255187988,73,100,100
information_random_4,information,random,4,207786,2998723,padded_control,2,encoder_block_2,0.113987922668457,75,100,100
information_random_4,information,random,4,207786,2998723,padded_control,3,encoder_block_3,0.1141505241394043,72,100,100
information_random_4,information,random,4,207786,2998723,padded_control,4,encoder_block_4,0.3728809356689453,49,100,100
information_random_4,information,random,4,207786,2998723,padded_control,5,encoder_block_5,0.3779911994934082,40,100,100
information_random_4,information,random,4,207786,2998723,padded_control,6,encoder_block_6,0.420750617980957,34,100,100
information_random_4,information,random,4,207786,2998723,padded_control,7,encoder_block_7,0.7360920906066895,22,100,100
information_random_4,information,random,4,207786,2998723,padded_control,8,encoder_block_8,0.6230192184448242,28,100,100
information_random_4,information,random,4,207786,2998723,padded_control,9,encoder_block_9,1.0550789833068848,5,100,100
information_random_4,information,random,4,207786,2998723,padded_control,10,encoder_block_10,1.044114112854004,2,100,100
information_random_4,information,random,4,207786,2998723,padded_control,11,encoder_block_11,1.3613324165344238,11,100,100
information_random_4,information,random,4,207786,2998723,padded_control,12,encoder_block_12,-3.643526077270508,22,100,100
information_random_4,information,random,4,207786,2998723,attack,0,embedding,0.2423367500305175,89,100,100
information_random_4,information,random,4,207786,2998723,attack,1,encoder_block_1,-0.1078262329101562,88,100,100
information_random_4,information,random,4,207786,2998723,attack,2,encoder_block_2,-0.0528745651245117,90,100,100
information_random_4,information,random,4,207786,2998723,attack,3,encoder_block_3,-0.0175199508666992,86,100,100
information_random_4,information,random,4,207786,2998723,attack,4,encoder_block_4,0.2546639442443847,60,100,100
information_random_4,information,random,4,207786,2998723,attack,5,encoder_block_5,0.2863755226135254,46,100,100
information_random_4,information,random,4,207786,2998723,attack,6,encoder_block_6,0.3651599884033203,38,100,100
information_random_4,information,random,4,207786,2998723,attack,7,encoder_block_7,0.671471118927002,27,100,100
information_random_4,information,random,4,207786,2998723,attack,8,encoder_block_8,0.5456275939941406,35,100,100
information_random_4,information,random,4,207786,2998723,attack,9,encoder_block_9,0.9651260375976562,11,100,100
information_random_4,information,random,4,207786,2998723,attack,10,encoder_block_10,0.9387779235839844,2,100,100
information_random_4,information,random,4,207786,2998723,attack,11,encoder_block_11,1.212188959121704,13,100,100
information_random_4,information,random,4,207786,2998723,attack,12,encoder_block_12,-3.8563232421875,22,100,100
information_random_4,information,random,4,264014,96854,original,0,embedding,0.4960722923278808,56,100,100
information_random_4,information,random,4,264014,96854,original,1,encoder_block_1,0.5599386692047119,48,100,100
information_random_4,information,random,4,264014,96854,original,2,encoder_block_2,0.6240677833557129,38,100,100
information_random_4,information,random,4,264014,96854,original,3,encoder_block_3,0.7548351287841797,25,100,100
information_random_4,information,random,4,264014,96854,original,4,encoder_block_4,1.0591216087341309,8,100,100
information_random_4,information,random,4,264014,96854,original,5,encoder_block_5,0.8237481117248535,15,100,100
information_random_4,information,random,4,264014,96854,original,6,encoder_block_6,0.6433764696121216,21,100,100
information_random_4,information,random,4,264014,96854,original,7,encoder_block_7,0.4834312200546264,42,100,100
information_random_4,information,random,4,264014,96854,original,8,encoder_block_8,0.5262037515640259,44,100,100
information_random_4,information,random,4,264014,96854,original,9,encoder_block_9,0.5817686319351196,42,100,100
information_random_4,information,random,4,264014,96854,original,10,encoder_block_10,0.2077465057373047,52,100,100
information_random_4,information,random,4,264014,96854,original,11,encoder_block_11,0.411893367767334,51,100,100
information_random_4,information,random,4,264014,96854,original,12,encoder_block_12,-0.4071947336196899,49,100,100
information_random_4,information,random,4,264014,96854,padded_control,0,embedding,0.4960713386535644,56,100,100
information_random_4,information,random,4,264014,96854,padded_control,1,encoder_block_1,0.5583245754241943,48,100,100
information_random_4,information,random,4,264014,96854,padded_control,2,encoder_block_2,0.6170516014099121,40,100,100
information_random_4,information,random,4,264014,96854,padded_control,3,encoder_block_3,0.7428185939788818,25,100,100
information_random_4,information,random,4,264014,96854,padded_control,4,encoder_block_4,1.0424346923828125,9,100,100
information_random_4,information,random,4,264014,96854,padded_control,5,encoder_block_5,0.8172675371170044,15,100,100
information_random_4,information,random,4,264014,96854,padded_control,6,encoder_block_6,0.633404016494751,21,100,100
information_random_4,information,random,4,264014,96854,padded_control,7,encoder_block_7,0.4793475866317749,42,100,100
information_random_4,information,random,4,264014,96854,padded_control,8,encoder_block_8,0.5189406871795654,44,100,100
information_random_4,information,random,4,264014,96854,padded_control,9,encoder_block_9,0.5689482688903809,43,100,100
information_random_4,information,random,4,264014,96854,padded_control,10,encoder_block_10,0.179823637008667,54,100,100
information_random_4,information,random,4,264014,96854,padded_control,11,encoder_block_11,0.3387336730957031,51,100,100
information_random_4,information,random,4,264014,96854,padded_control,12,encoder_block_12,-0.4922081232070923,49,100,100
information_random_4,information,random,4,264014,96854,attack,0,embedding,0.2340095043182373,86,100,100
information_random_4,information,random,4,264014,96854,attack,1,encoder_block_1,0.2931926250457763,67,100,100
information_random_4,information,random,4,264014,96854,attack,2,encoder_block_2,0.3932676315307617,68,100,100
information_random_4,information,random,4,264014,96854,attack,3,encoder_block_3,0.5274395942687988,52,100,100
information_random_4,information,random,4,264014,96854,attack,4,encoder_block_4,0.8468644618988037,25,100,100
information_random_4,information,random,4,264014,96854,attack,5,encoder_block_5,0.6905677318572998,22,100,100
information_random_4,information,random,4,264014,96854,attack,6,encoder_block_6,0.524137020111084,31,100,100
information_random_4,information,random,4,264014,96854,attack,7,encoder_block_7,0.3378598690032959,60,100,100
information_random_4,information,random,4,264014,96854,attack,8,encoder_block_8,0.3928785324096679,57,100,100
information_random_4,information,random,4,264014,96854,attack,9,encoder_block_9,0.4419913291931152,50,100,100
information_random_4,information,random,4,264014,96854,attack,10,encoder_block_10,0.0024714469909667,59,100,100
information_random_4,information,random,4,264014,96854,attack,11,encoder_block_11,-0.3458187580108642,59,100,100
information_random_4,information,random,4,264014,96854,attack,12,encoder_block_12,-3.040315628051758,51,100,100
information_random_4,information,random,4,359349,68647,original,0,embedding,0.9057087898254396,50,100,100
information_random_4,information,random,4,359349,68647,original,1,encoder_block_1,1.212301254272461,26,100,100
information_random_4,information,random,4,359349,68647,original,2,encoder_block_2,1.292618751525879,16,100,100
information_random_4,information,random,4,359349,68647,original,3,encoder_block_3,1.3699212074279783,6,100,100
information_random_4,information,random,4,359349,68647,original,4,encoder_block_4,1.5148863792419434,5,100,100
information_random_4,information,random,4,359349,68647,original,5,encoder_block_5,1.420095443725586,11,100,100
information_random_4,information,random,4,359349,68647,original,6,encoder_block_6,1.35286283493042,9,100,100
information_random_4,information,random,4,359349,68647,original,7,encoder_block_7,1.3684884309768677,7,100,100
information_random_4,information,random,4,359349,68647,original,8,encoder_block_8,1.3052773475646973,3,100,100
information_random_4,information,random,4,359349,68647,original,9,encoder_block_9,1.481522560119629,3,100,100
information_random_4,information,random,4,359349,68647,original,10,encoder_block_10,1.5901272296905518,4,100,100
information_random_4,information,random,4,359349,68647,original,11,encoder_block_11,2.9360296726226807,4,100,100
information_random_4,information,random,4,359349,68647,original,12,encoder_block_12,4.283396720886231,10,100,100
information_random_4,information,random,4,359349,68647,padded_control,0,embedding,0.9057090282440186,50,100,100
information_random_4,information,random,4,359349,68647,padded_control,1,encoder_block_1,1.213697910308838,26,100,100
information_random_4,information,random,4,359349,68647,padded_control,2,encoder_block_2,1.2930879592895508,16,100,100
information_random_4,information,random,4,359349,68647,padded_control,3,encoder_block_3,1.3696105480194092,6,100,100
information_random_4,information,random,4,359349,68647,padded_control,4,encoder_block_4,1.5136783123016355,5,100,100
information_random_4,information,random,4,359349,68647,padded_control,5,encoder_block_5,1.4108003377914429,11,100,100
information_random_4,information,random,4,359349,68647,padded_control,6,encoder_block_6,1.3424386978149414,11,100,100
information_random_4,information,random,4,359349,68647,padded_control,7,encoder_block_7,1.361681342124939,7,100,100
information_random_4,information,random,4,359349,68647,padded_control,8,encoder_block_8,1.297752022743225,3,100,100
information_random_4,information,random,4,359349,68647,padded_control,9,encoder_block_9,1.486462950706482,3,100,100
information_random_4,information,random,4,359349,68647,padded_control,10,encoder_block_10,1.5870137214660645,4,100,100
information_random_4,information,random,4,359349,68647,padded_control,11,encoder_block_11,2.900573492050171,4,100,100
information_random_4,information,random,4,359349,68647,padded_control,12,encoder_block_12,4.25850772857666,10,100,100
information_random_4,information,random,4,359349,68647,attack,0,embedding,0.6483941078186035,74,100,100
information_random_4,information,random,4,359349,68647,attack,1,encoder_block_1,0.891726016998291,57,100,100
information_random_4,information,random,4,359349,68647,attack,2,encoder_block_2,0.9622910022735596,45,100,100
information_random_4,information,random,4,359349,68647,attack,3,encoder_block_3,1.0989012718200684,21,100,100
information_random_4,information,random,4,359349,68647,attack,4,encoder_block_4,1.3005237579345703,14,100,100
information_random_4,information,random,4,359349,68647,attack,5,encoder_block_5,1.24830162525177,17,100,100
information_random_4,information,random,4,359349,68647,attack,6,encoder_block_6,1.1977965831756592,15,100,100
information_random_4,information,random,4,359349,68647,attack,7,encoder_block_7,1.212460160255432,16,100,100
information_random_4,information,random,4,359349,68647,attack,8,encoder_block_8,1.1944890022277832,10,100,100
information_random_4,information,random,4,359349,68647,attack,9,encoder_block_9,1.429084300994873,4,100,100
information_random_4,information,random,4,359349,68647,attack,10,encoder_block_10,1.4904005527496338,5,100,100
information_random_4,information,random,4,359349,68647,attack,11,encoder_block_11,2.6946091651916504,6,100,100
information_random_4,information,random,4,359349,68647,attack,12,encoder_block_12,4.139401435852051,11,100,100
information_random_4,information,random,4,405717,2365660,original,0,embedding,0.9208202362060548,7,100,100
information_random_4,information,random,4,405717,2365660,original,1,encoder_block_1,0.866145133972168,6,100,100
information_random_4,information,random,4,405717,2365660,original,2,encoder_block_2,0.8222236633300781,14,100,100
information_random_4,information,random,4,405717,2365660,original,3,encoder_block_3,0.6500978469848633,26,100,100
information_random_4,information,random,4,405717,2365660,original,4,encoder_block_4,0.9415326118469238,15,100,100
information_random_4,information,random,4,405717,2365660,original,5,encoder_block_5,1.0206832885742188,9,100,100
information_random_4,information,random,4,405717,2365660,original,6,encoder_block_6,1.075819969177246,6,100,100
information_random_4,information,random,4,405717,2365660,original,7,encoder_block_7,1.0861716270446775,6,100,100
information_random_4,information,random,4,405717,2365660,original,8,encoder_block_8,1.0177483558654783,8,100,100
information_random_4,information,random,4,405717,2365660,original,9,encoder_block_9,1.3243112564086914,6,100,100
information_random_4,information,random,4,405717,2365660,original,10,encoder_block_10,1.381485939025879,5,100,100
information_random_4,information,random,4,405717,2365660,original,11,encoder_block_11,1.6170711517333984,47,100,100
information_random_4,information,random,4,405717,2365660,original,12,encoder_block_12,-0.937993049621582,68,100,100
information_random_4,information,random,4,405717,2365660,padded_control,0,embedding,0.9208211898803712,7,100,100
information_random_4,information,random,4,405717,2365660,padded_control,1,encoder_block_1,0.8567252159118652,6,100,100
information_random_4,information,random,4,405717,2365660,padded_control,2,encoder_block_2,0.8183097839355469,14,100,100
information_random_4,information,random,4,405717,2365660,padded_control,3,encoder_block_3,0.6497611999511719,26,100,100
information_random_4,information,random,4,405717,2365660,padded_control,4,encoder_block_4,0.9430332183837892,14,100,100
information_random_4,information,random,4,405717,2365660,padded_control,5,encoder_block_5,1.0138053894042969,9,100,100
information_random_4,information,random,4,405717,2365660,padded_control,6,encoder_block_6,1.0694084167480469,6,100,100
information_random_4,information,random,4,405717,2365660,padded_control,7,encoder_block_7,1.0742506980895996,6,100,100
information_random_4,information,random,4,405717,2365660,padded_control,8,encoder_block_8,1.013427734375,8,100,100
information_random_4,information,random,4,405717,2365660,padded_control,9,encoder_block_9,1.3248615264892578,6,100,100
information_random_4,information,random,4,405717,2365660,padded_control,10,encoder_block_10,1.406402587890625,4,100,100
information_random_4,information,random,4,405717,2365660,padded_control,11,encoder_block_11,1.6277704238891602,46,100,100
information_random_4,information,random,4,405717,2365660,padded_control,12,encoder_block_12,-0.9164361953735352,68,100,100
information_random_4,information,random,4,405717,2365660,attack,0,embedding,0.6893682479858398,22,100,100
information_random_4,information,random,4,405717,2365660,attack,1,encoder_block_1,0.6434869766235352,15,100,100
information_random_4,information,random,4,405717,2365660,attack,2,encoder_block_2,0.6150975227355957,30,100,100
information_random_4,information,random,4,405717,2365660,attack,3,encoder_block_3,0.5405364036560059,43,100,100
information_random_4,information,random,4,405717,2365660,attack,4,encoder_block_4,0.7956705093383789,36,100,100
information_random_4,information,random,4,405717,2365660,attack,5,encoder_block_5,0.8795533180236816,14,100,100
information_random_4,information,random,4,405717,2365660,attack,6,encoder_block_6,0.9018669128417968,20,100,100
information_random_4,information,random,4,405717,2365660,attack,7,encoder_block_7,0.8854413032531738,20,100,100
information_random_4,information,random,4,405717,2365660,attack,8,encoder_block_8,0.8835530281066895,21,100,100
information_random_4,information,random,4,405717,2365660,attack,9,encoder_block_9,1.2061729431152344,11,100,100
information_random_4,information,random,4,405717,2365660,attack,10,encoder_block_10,1.353259563446045,5,100,100
information_random_4,information,random,4,405717,2365660,attack,11,encoder_block_11,1.5809040069580078,47,100,100
information_random_4,information,random,4,405717,2365660,attack,12,encoder_block_12,-0.6710903644561768,66,100,100
information_random_4,information,random,4,443396,456708,original,0,embedding,0.7042102813720703,36,100,100
information_random_4,information,random,4,443396,456708,original,1,encoder_block_1,0.6267457008361816,38,100,100
information_random_4,information,random,4,443396,456708,original,2,encoder_block_2,0.7885532379150391,39,100,100
information_random_4,information,random,4,443396,456708,original,3,encoder_block_3,0.6316730976104736,40,100,100
information_random_4,information,random,4,443396,456708,original,4,encoder_block_4,0.686356782913208,35,100,100
information_random_4,information,random,4,443396,456708,original,5,encoder_block_5,0.811579704284668,29,100,100
information_random_4,information,random,4,443396,456708,original,6,encoder_block_6,0.718111515045166,30,100,100
information_random_4,information,random,4,443396,456708,original,7,encoder_block_7,0.8035445213317871,25,100,100
information_random_4,information,random,4,443396,456708,original,8,encoder_block_8,0.6526546478271484,37,100,100
information_random_4,information,random,4,443396,456708,original,9,encoder_block_9,0.8443279266357422,31,100,100
information_random_4,information,random,4,443396,456708,original,10,encoder_block_10,0.6096851825714111,24,100,100
information_random_4,information,random,4,443396,456708,original,11,encoder_block_11,0.889589786529541,27,100,100
information_random_4,information,random,4,443396,456708,original,12,encoder_block_12,-0.3833200335502624,20,100,100
information_random_4,information,random,4,443396,456708,padded_control,0,embedding,0.7042102813720703,36,100,100
information_random_4,information,random,4,443396,456708,padded_control,1,encoder_block_1,0.6143918037414551,38,100,100
information_random_4,information,random,4,443396,456708,padded_control,2,encoder_block_2,0.7812333106994629,39,100,100
information_random_4,information,random,4,443396,456708,padded_control,3,encoder_block_3,0.6187572479248047,41,100,100
information_random_4,information,random,4,443396,456708,padded_control,4,encoder_block_4,0.6911649703979492,35,100,100
information_random_4,information,random,4,443396,456708,padded_control,5,encoder_block_5,0.8234026432037354,29,100,100
information_random_4,information,random,4,443396,456708,padded_control,6,encoder_block_6,0.7395868301391602,29,100,100
information_random_4,information,random,4,443396,456708,padded_control,7,encoder_block_7,0.8243083953857422,24,100,100
information_random_4,information,random,4,443396,456708,padded_control,8,encoder_block_8,0.6945819854736328,34,100,100
information_random_4,information,random,4,443396,456708,padded_control,9,encoder_block_9,0.8976261615753174,26,100,100
information_random_4,information,random,4,443396,456708,padded_control,10,encoder_block_10,0.6745715141296387,23,100,100
information_random_4,information,random,4,443396,456708,padded_control,11,encoder_block_11,0.984634518623352,24,100,100
information_random_4,information,random,4,443396,456708,padded_control,12,encoder_block_12,-0.2018384635448455,19,100,100
information_random_4,information,random,4,443396,456708,attack,0,embedding,0.4287202358245849,52,100,100
information_random_4,information,random,4,443396,456708,attack,1,encoder_block_1,0.3966870307922363,49,100,100
information_random_4,information,random,4,443396,456708,attack,2,encoder_block_2,0.4396839141845703,52,100,100
information_random_4,information,random,4,443396,456708,attack,3,encoder_block_3,0.3261833190917969,51,100,100
information_random_4,information,random,4,443396,456708,attack,4,encoder_block_4,0.4228653907775879,51,100,100
information_random_4,information,random,4,443396,456708,attack,5,encoder_block_5,0.637629508972168,38,100,100
information_random_4,information,random,4,443396,456708,attack,6,encoder_block_6,0.634946346282959,33,100,100
information_random_4,information,random,4,443396,456708,attack,7,encoder_block_7,0.7197055816650391,29,100,100
information_random_4,information,random,4,443396,456708,attack,8,encoder_block_8,0.6786446571350098,34,100,100
information_random_4,information,random,4,443396,456708,attack,9,encoder_block_9,0.9309552907943726,26,100,100
information_random_4,information,random,4,443396,456708,attack,10,encoder_block_10,0.7902274131774902,15,100,100
information_random_4,information,random,4,443396,456708,attack,11,encoder_block_11,1.1775695085525513,18,100,100
information_random_4,information,random,4,443396,456708,attack,12,encoder_block_12,-0.3478174805641174,20,100,100
information_random_4,information,random,4,451602,2176453,original,0,embedding,0.3933138847351074,17,100,100
information_random_4,information,random,4,451602,2176453,original,1,encoder_block_1,0.1682777404785156,22,100,100
information_random_4,information,random,4,451602,2176453,original,2,encoder_block_2,0.2290468215942382,24,100,100
information_random_4,information,random,4,451602,2176453,original,3,encoder_block_3,0.1776103973388672,28,100,100
information_random_4,information,random,4,451602,2176453,original,4,encoder_block_4,0.0505352020263671,48,100,100
information_random_4,information,random,4,451602,2176453,original,5,encoder_block_5,0.0806472301483154,41,100,100
information_random_4,information,random,4,451602,2176453,original,6,encoder_block_6,0.1344029903411865,39,100,100
information_random_4,information,random,4,451602,2176453,original,7,encoder_block_7,-0.0522964000701904,46,100,100
information_random_4,information,random,4,451602,2176453,original,8,encoder_block_8,0.0380053520202636,52,100,100
information_random_4,information,random,4,451602,2176453,original,9,encoder_block_9,0.1594388484954834,57,100,100
information_random_4,information,random,4,451602,2176453,original,10,encoder_block_10,0.015010118484497,64,100,100
information_random_4,information,random,4,451602,2176453,original,11,encoder_block_11,0.7900853157043457,34,100,100
information_random_4,information,random,4,451602,2176453,original,12,encoder_block_12,0.6750409603118896,18,100,100
information_random_4,information,random,4,451602,2176453,padded_control,0,embedding,0.3933138847351074,17,100,100
information_random_4,information,random,4,451602,2176453,padded_control,1,encoder_block_1,0.1593000888824463,24,100,100
information_random_4,information,random,4,451602,2176453,padded_control,2,encoder_block_2,0.218865156173706,25,100,100
information_random_4,information,random,4,451602,2176453,padded_control,3,encoder_block_3,0.1792333126068115,28,100,100
information_random_4,information,random,4,451602,2176453,padded_control,4,encoder_block_4,0.0455212593078613,48,100,100
information_random_4,information,random,4,451602,2176453,padded_control,5,encoder_block_5,0.0695348978042602,41,100,100
information_random_4,information,random,4,451602,2176453,padded_control,6,encoder_block_6,0.1277344226837158,39,100,100
information_random_4,information,random,4,451602,2176453,padded_control,7,encoder_block_7,-0.0410645008087158,46,100,100
information_random_4,information,random,4,451602,2176453,padded_control,8,encoder_block_8,0.0699117183685302,50,100,100
information_random_4,information,random,4,451602,2176453,padded_control,9,encoder_block_9,0.1816422939300537,57,100,100
information_random_4,information,random,4,451602,2176453,padded_control,10,encoder_block_10,0.0288125276565551,64,100,100
information_random_4,information,random,4,451602,2176453,padded_control,11,encoder_block_11,0.7994791865348816,33,100,100
information_random_4,information,random,4,451602,2176453,padded_control,12,encoder_block_12,0.6898961067199707,18,100,100
information_random_4,information,random,4,451602,2176453,attack,0,embedding,0.140554666519165,36,100,100
information_random_4,information,random,4,451602,2176453,attack,1,encoder_block_1,-0.0802934169769287,44,100,100
information_random_4,information,random,4,451602,2176453,attack,2,encoder_block_2,-0.1328935623168945,53,100,100
information_random_4,information,random,4,451602,2176453,attack,3,encoder_block_3,-0.0714495182037353,46,100,100
information_random_4,information,random,4,451602,2176453,attack,4,encoder_block_4,-0.08831787109375,60,100,100
information_random_4,information,random,4,451602,2176453,attack,5,encoder_block_5,0.0377756357192993,42,100,100
information_random_4,information,random,4,451602,2176453,attack,6,encoder_block_6,0.0919373035430908,41,100,100
information_random_4,information,random,4,451602,2176453,attack,7,encoder_block_7,-0.091110348701477,54,100,100
information_random_4,information,random,4,451602,2176453,attack,8,encoder_block_8,0.0545500516891479,51,100,100
information_random_4,information,random,4,451602,2176453,attack,9,encoder_block_9,0.1501994132995605,57,100,100
information_random_4,information,random,4,451602,2176453,attack,10,encoder_block_10,0.3054317235946655,41,100,100
information_random_4,information,random,4,451602,2176453,attack,11,encoder_block_11,1.4991408586502075,16,100,100
information_random_4,information,random,4,451602,2176453,attack,12,encoder_block_12,2.4997832775115967,10,100,100
information_random_4,information,random,4,47923,5032362,original,0,embedding,0.5419049263000488,25,100,100
information_random_4,information,random,4,47923,5032362,original,1,encoder_block_1,0.2018756866455078,14,100,100
information_random_4,information,random,4,47923,5032362,original,2,encoder_block_2,0.2032818794250488,8,100,100
information_random_4,information,random,4,47923,5032362,original,3,encoder_block_3,0.1220095157623291,7,100,100
information_random_4,information,random,4,47923,5032362,original,4,encoder_block_4,0.1618798971176147,12,100,100
information_random_4,information,random,4,47923,5032362,original,5,encoder_block_5,0.1285055875778198,27,100,100
information_random_4,information,random,4,47923,5032362,original,6,encoder_block_6,-0.0201958417892456,40,100,100
information_random_4,information,random,4,47923,5032362,original,7,encoder_block_7,-0.1066389083862304,40,100,100
information_random_4,information,random,4,47923,5032362,original,8,encoder_block_8,0.0093111991882324,34,100,100
information_random_4,information,random,4,47923,5032362,original,9,encoder_block_9,0.3868119716644287,19,100,100
information_random_4,information,random,4,47923,5032362,original,10,encoder_block_10,0.47895348072052,29,100,100
information_random_4,information,random,4,47923,5032362,original,11,encoder_block_11,1.6945843696594238,22,100,100
information_random_4,information,random,4,47923,5032362,original,12,encoder_block_12,2.916050910949707,23,100,100
information_random_4,information,random,4,47923,5032362,padded_control,0,embedding,0.5419058799743652,25,100,100
information_random_4,information,random,4,47923,5032362,padded_control,1,encoder_block_1,0.1990392208099365,14,100,100
information_random_4,information,random,4,47923,5032362,padded_control,2,encoder_block_2,0.1896891593933105,8,100,100
information_random_4,information,random,4,47923,5032362,padded_control,3,encoder_block_3,0.1068737506866455,8,100,100
information_random_4,information,random,4,47923,5032362,padded_control,4,encoder_block_4,0.1533268690109253,13,100,100
information_random_4,information,random,4,47923,5032362,padded_control,5,encoder_block_5,0.1241903305053711,28,100,100
information_random_4,information,random,4,47923,5032362,padded_control,6,encoder_block_6,-0.0216928720474243,40,100,100
information_random_4,information,random,4,47923,5032362,padded_control,7,encoder_block_7,-0.0831685066223144,38,100,100
information_random_4,information,random,4,47923,5032362,padded_control,8,encoder_block_8,0.0353643894195556,27,100,100
information_random_4,information,random,4,47923,5032362,padded_control,9,encoder_block_9,0.3741359710693359,24,100,100
information_random_4,information,random,4,47923,5032362,padded_control,10,encoder_block_10,0.4997365474700928,28,100,100
information_random_4,information,random,4,47923,5032362,padded_control,11,encoder_block_11,1.7157113552093506,22,100,100
information_random_4,information,random,4,47923,5032362,padded_control,12,encoder_block_12,2.8655595779418945,23,100,100
information_random_4,information,random,4,47923,5032362,attack,0,embedding,0.3166663646697998,60,100,100
information_random_4,information,random,4,47923,5032362,attack,1,encoder_block_1,0.0082144737243652,28,100,100
information_random_4,information,random,4,47923,5032362,attack,2,encoder_block_2,-0.0633368492126464,36,100,100
information_random_4,information,random,4,47923,5032362,attack,3,encoder_block_3,-0.0934646129608154,31,100,100
information_random_4,information,random,4,47923,5032362,attack,4,encoder_block_4,0.0375245809555053,26,100,100
information_random_4,information,random,4,47923,5032362,attack,5,encoder_block_5,0.0479047298431396,38,100,100
information_random_4,information,random,4,47923,5032362,attack,6,encoder_block_6,-0.0274713039398193,40,100,100
information_random_4,information,random,4,47923,5032362,attack,7,encoder_block_7,-0.1937993764877319,58,100,100
information_random_4,information,random,4,47923,5032362,attack,8,encoder_block_8,-0.0580295324325561,49,100,100
information_random_4,information,random,4,47923,5032362,attack,9,encoder_block_9,0.2744719982147217,35,100,100
information_random_4,information,random,4,47923,5032362,attack,10,encoder_block_10,0.3759502172470093,34,100,100
information_random_4,information,random,4,47923,5032362,attack,11,encoder_block_11,1.5552191734313965,24,100,100
information_random_4,information,random,4,47923,5032362,attack,12,encoder_block_12,2.96609115600586,23,100,100
information_random_4,information,random,4,489204,1479542,original,0,embedding,0.9842653274536132,11,100,100
information_random_4,information,random,4,489204,1479542,original,1,encoder_block_1,0.5856249332427979,8,100,100
information_random_4,information,random,4,489204,1479542,original,2,encoder_block_2,0.6975641250610352,6,100,100
information_random_4,information,random,4,489204,1479542,original,3,encoder_block_3,0.7435932159423828,5,100,100
information_random_4,information,random,4,489204,1479542,original,4,encoder_block_4,0.7964556217193604,10,100,100
information_random_4,information,random,4,489204,1479542,original,5,encoder_block_5,0.8611578941345215,10,100,100
information_random_4,information,random,4,489204,1479542,original,6,encoder_block_6,0.7161498069763184,14,100,100
information_random_4,information,random,4,489204,1479542,original,7,encoder_block_7,0.5867900848388672,18,100,100
information_random_4,information,random,4,489204,1479542,original,8,encoder_block_8,0.5838112831115723,9,100,100
information_random_4,information,random,4,489204,1479542,original,9,encoder_block_9,0.6858546733856201,9,100,100
information_random_4,information,random,4,489204,1479542,original,10,encoder_block_10,0.3786165714263916,10,100,100
information_random_4,information,random,4,489204,1479542,original,11,encoder_block_11,0.8341217041015625,25,100,100
information_random_4,information,random,4,489204,1479542,original,12,encoder_block_12,-0.6475513577461243,43,100,100
information_random_4,information,random,4,489204,1479542,padded_control,0,embedding,0.9842658042907716,11,100,100
information_random_4,information,random,4,489204,1479542,padded_control,1,encoder_block_1,0.6121413707733154,8,100,100
information_random_4,information,random,4,489204,1479542,padded_control,2,encoder_block_2,0.704164981842041,6,100,100
information_random_4,information,random,4,489204,1479542,padded_control,3,encoder_block_3,0.7587234973907471,4,100,100
information_random_4,information,random,4,489204,1479542,padded_control,4,encoder_block_4,0.7909209728240967,11,100,100
information_random_4,information,random,4,489204,1479542,padded_control,5,encoder_block_5,0.8697550296783447,10,100,100
information_random_4,information,random,4,489204,1479542,padded_control,6,encoder_block_6,0.7272219657897949,12,100,100
information_random_4,information,random,4,489204,1479542,padded_control,7,encoder_block_7,0.5941290855407715,17,100,100
information_random_4,information,random,4,489204,1479542,padded_control,8,encoder_block_8,0.5563898086547852,11,100,100
information_random_4,information,random,4,489204,1479542,padded_control,9,encoder_block_9,0.7230222225189209,9,100,100
information_random_4,information,random,4,489204,1479542,padded_control,10,encoder_block_10,0.4412524700164795,9,100,100
information_random_4,information,random,4,489204,1479542,padded_control,11,encoder_block_11,0.900931715965271,23,100,100
information_random_4,information,random,4,489204,1479542,padded_control,12,encoder_block_12,-0.1738892197608947,38,100,100
information_random_4,information,random,4,489204,1479542,attack,0,embedding,0.5959668159484863,33,100,100
information_random_4,information,random,4,489204,1479542,attack,1,encoder_block_1,0.2799985408782959,22,100,100
information_random_4,information,random,4,489204,1479542,attack,2,encoder_block_2,0.2797400951385498,37,100,100
information_random_4,information,random,4,489204,1479542,attack,3,encoder_block_3,0.3829503059387207,32,100,100
information_random_4,information,random,4,489204,1479542,attack,4,encoder_block_4,0.4734463691711426,38,100,100
information_random_4,information,random,4,489204,1479542,attack,5,encoder_block_5,0.6327815055847168,31,100,100
information_random_4,information,random,4,489204,1479542,attack,6,encoder_block_6,0.507105827331543,41,100,100
information_random_4,information,random,4,489204,1479542,attack,7,encoder_block_7,0.2583560943603515,62,100,100
information_random_4,information,random,4,489204,1479542,attack,8,encoder_block_8,0.3336286544799804,37,100,100
information_random_4,information,random,4,489204,1479542,attack,9,encoder_block_9,0.4726688861846924,34,100,100
information_random_4,information,random,4,489204,1479542,attack,10,encoder_block_10,0.151538610458374,35,100,100
information_random_4,information,random,4,489204,1479542,attack,11,encoder_block_11,0.6622786521911621,37,100,100
information_random_4,information,random,4,489204,1479542,attack,12,encoder_block_12,0.7024414837360382,29,100,100
information_random_4,information,random,4,490595,1929910,original,0,embedding,0.0753979682922363,100,100,100
information_random_4,information,random,4,490595,1929910,original,1,encoder_block_1,0.4816889762878418,81,100,100
information_random_4,information,random,4,490595,1929910,original,2,encoder_block_2,0.4709804058074951,80,100,100
information_random_4,information,random,4,490595,1929910,original,3,encoder_block_3,0.4257154464721679,76,100,100
information_random_4,information,random,4,490595,1929910,original,4,encoder_block_4,0.5509023666381836,73,100,100
information_random_4,information,random,4,490595,1929910,original,5,encoder_block_5,0.6441328525543213,81,100,100
information_random_4,information,random,4,490595,1929910,original,6,encoder_block_6,0.6735286712646484,74,100,100
information_random_4,information,random,4,490595,1929910,original,7,encoder_block_7,0.878772497177124,63,100,100
information_random_4,information,random,4,490595,1929910,original,8,encoder_block_8,0.9514656066894532,59,100,100
information_random_4,information,random,4,490595,1929910,original,9,encoder_block_9,1.1009910106658936,53,100,100
information_random_4,information,random,4,490595,1929910,original,10,encoder_block_10,1.442347288131714,9,100,100
information_random_4,information,random,4,490595,1929910,original,11,encoder_block_11,2.5169999599456787,2,100,100
information_random_4,information,random,4,490595,1929910,original,12,encoder_block_12,3.6747655868530273,7,100,100
information_random_4,information,random,4,490595,1929910,padded_control,0,embedding,0.0753989219665527,100,100,100
information_random_4,information,random,4,490595,1929910,padded_control,1,encoder_block_1,0.4860825538635254,81,100,100
information_random_4,information,random,4,490595,1929910,padded_control,2,encoder_block_2,0.4852917194366455,78,100,100
information_random_4,information,random,4,490595,1929910,padded_control,3,encoder_block_3,0.4396131038665771,75,100,100
information_random_4,information,random,4,490595,1929910,padded_control,4,encoder_block_4,0.5558919906616211,73,100,100
information_random_4,information,random,4,490595,1929910,padded_control,5,encoder_block_5,0.6438827514648438,81,100,100
information_random_4,information,random,4,490595,1929910,padded_control,6,encoder_block_6,0.6625561714172363,74,100,100
information_random_4,information,random,4,490595,1929910,padded_control,7,encoder_block_7,0.8569831848144531,64,100,100
information_random_4,information,random,4,490595,1929910,padded_control,8,encoder_block_8,0.924985647201538,64,100,100
information_random_4,information,random,4,490595,1929910,padded_control,9,encoder_block_9,1.0857644081115725,54,100,100
information_random_4,information,random,4,490595,1929910,padded_control,10,encoder_block_10,1.4237749576568604,9,100,100
information_random_4,information,random,4,490595,1929910,padded_control,11,encoder_block_11,2.500962257385254,2,100,100
information_random_4,information,random,4,490595,1929910,padded_control,12,encoder_block_12,3.671450614929199,7,100,100
information_random_4,information,random,4,490595,1929910,attack,0,embedding,-0.1261711120605468,100,100,100
information_random_4,information,random,4,490595,1929910,attack,1,encoder_block_1,0.4039933681488037,82,100,100
information_random_4,information,random,4,490595,1929910,attack,2,encoder_block_2,0.3177635669708252,90,100,100
information_random_4,information,random,4,490595,1929910,attack,3,encoder_block_3,0.3312516212463379,84,100,100
information_random_4,information,random,4,490595,1929910,attack,4,encoder_block_4,0.4696674346923828,81,100,100
information_random_4,information,random,4,490595,1929910,attack,5,encoder_block_5,0.5734920501708984,84,100,100
information_random_4,information,random,4,490595,1929910,attack,6,encoder_block_6,0.5907909870147705,83,100,100
information_random_4,information,random,4,490595,1929910,attack,7,encoder_block_7,0.7552030086517334,78,100,100
information_random_4,information,random,4,490595,1929910,attack,8,encoder_block_8,0.8335504531860352,68,100,100
information_random_4,information,random,4,490595,1929910,attack,9,encoder_block_9,1.0074143409729004,63,100,100
information_random_4,information,random,4,490595,1929910,attack,10,encoder_block_10,1.409169316291809,10,100,100
information_random_4,information,random,4,490595,1929910,attack,11,encoder_block_11,2.399906873703003,3,100,100
information_random_4,information,random,4,490595,1929910,attack,12,encoder_block_12,3.531687498092652,10,100,100
information_random_4,information,random,4,527433,8617271,original,0,embedding,-0.2739782333374023,82,100,100
information_random_4,information,random,4,527433,8617271,original,1,encoder_block_1,-0.7677736282348633,88,100,100
information_random_4,information,random,4,527433,8617271,original,2,encoder_block_2,-0.749413013458252,91,100,100
information_random_4,information,random,4,527433,8617271,original,3,encoder_block_3,-0.4561138153076172,89,100,100
information_random_4,information,random,4,527433,8617271,original,4,encoder_block_4,-0.2903542518615722,70,100,100
information_random_4,information,random,4,527433,8617271,original,5,encoder_block_5,-0.3114089965820312,55,100,100
information_random_4,information,random,4,527433,8617271,original,6,encoder_block_6,-0.3677833080291748,54,100,100
information_random_4,information,random,4,527433,8617271,original,7,encoder_block_7,-0.1703708171844482,31,100,100
information_random_4,information,random,4,527433,8617271,original,8,encoder_block_8,-0.0141446590423583,14,100,100
information_random_4,information,random,4,527433,8617271,original,9,encoder_block_9,0.379223108291626,6,100,100
information_random_4,information,random,4,527433,8617271,original,10,encoder_block_10,1.1977243423461914,1,100,100
information_random_4,information,random,4,527433,8617271,original,11,encoder_block_11,3.5456981658935547,1,100,100
information_random_4,information,random,4,527433,8617271,original,12,encoder_block_12,6.805009841918945,1,100,100
information_random_4,information,random,4,527433,8617271,padded_control,0,embedding,-0.2739777565002441,82,100,100
information_random_4,information,random,4,527433,8617271,padded_control,1,encoder_block_1,-0.7730722427368164,88,100,100
information_random_4,information,random,4,527433,8617271,padded_control,2,encoder_block_2,-0.7674055099487305,92,100,100
information_random_4,information,random,4,527433,8617271,padded_control,3,encoder_block_3,-0.4662747383117676,90,100,100
information_random_4,information,random,4,527433,8617271,padded_control,4,encoder_block_4,-0.3012309074401855,71,100,100
information_random_4,information,random,4,527433,8617271,padded_control,5,encoder_block_5,-0.3101496696472168,55,100,100
information_random_4,information,random,4,527433,8617271,padded_control,6,encoder_block_6,-0.3732059001922607,55,100,100
information_random_4,information,random,4,527433,8617271,padded_control,7,encoder_block_7,-0.1643846035003662,30,100,100
information_random_4,information,random,4,527433,8617271,padded_control,8,encoder_block_8,0.0024120807647705,14,100,100
information_random_4,information,random,4,527433,8617271,padded_control,9,encoder_block_9,0.3772563934326172,6,100,100
information_random_4,information,random,4,527433,8617271,padded_control,10,encoder_block_10,1.2085576057434082,1,100,100
information_random_4,information,random,4,527433,8617271,padded_control,11,encoder_block_11,3.5851526260375977,1,100,100
information_random_4,information,random,4,527433,8617271,padded_control,12,encoder_block_12,6.865583419799805,1,100,100
information_random_4,information,random,4,527433,8617271,attack,0,embedding,-0.4847517013549804,92,100,100
information_random_4,information,random,4,527433,8617271,attack,1,encoder_block_1,-0.9769868850708008,96,100,100
information_random_4,information,random,4,527433,8617271,attack,2,encoder_block_2,-1.03607177734375,98,100,100
information_random_4,information,random,4,527433,8617271,attack,3,encoder_block_3,-0.7237083911895752,100,100,100
information_random_4,information,random,4,527433,8617271,attack,4,encoder_block_4,-0.5529994964599609,92,100,100
information_random_4,information,random,4,527433,8617271,attack,5,encoder_block_5,-0.5248363018035889,80,100,100
information_random_4,information,random,4,527433,8617271,attack,6,encoder_block_6,-0.6027481555938721,79,100,100
information_random_4,information,random,4,527433,8617271,attack,7,encoder_block_7,-0.4889392852783203,71,100,100
information_random_4,information,random,4,527433,8617271,attack,8,encoder_block_8,-0.2531743049621582,35,100,100
information_random_4,information,random,4,527433,8617271,attack,9,encoder_block_9,0.174992561340332,13,100,100
information_random_4,information,random,4,527433,8617271,attack,10,encoder_block_10,1.0005998611450195,1,100,100
information_random_4,information,random,4,527433,8617271,attack,11,encoder_block_11,3.386881828308105,1,100,100
information_random_4,information,random,4,527433,8617271,attack,12,encoder_block_12,6.852550506591797,1,100,100
information_random_4,information,random,4,573724,2417985,original,0,embedding,0.1086330413818359,78,100,100
information_random_4,information,random,4,573724,2417985,original,1,encoder_block_1,0.5057401657104492,43,100,100
information_random_4,information,random,4,573724,2417985,original,2,encoder_block_2,0.8537561893463135,35,100,100
information_random_4,information,random,4,573724,2417985,original,3,encoder_block_3,0.9013867378234864,31,100,100
information_random_4,information,random,4,573724,2417985,original,4,encoder_block_4,0.7676498889923096,42,100,100
information_random_4,information,random,4,573724,2417985,original,5,encoder_block_5,0.5416269302368164,68,100,100
information_random_4,information,random,4,573724,2417985,original,6,encoder_block_6,0.5052633285522461,67,100,100
information_random_4,information,random,4,573724,2417985,original,7,encoder_block_7,0.3428630828857422,80,100,100
information_random_4,information,random,4,573724,2417985,original,8,encoder_block_8,0.4382421970367431,78,100,100
information_random_4,information,random,4,573724,2417985,original,9,encoder_block_9,0.6834254264831543,58,100,100
information_random_4,information,random,4,573724,2417985,original,10,encoder_block_10,0.3519823551177978,66,100,100
information_random_4,information,random,4,573724,2417985,original,11,encoder_block_11,1.10707426071167,57,100,100
information_random_4,information,random,4,573724,2417985,original,12,encoder_block_12,1.600117266178131,58,100,100
information_random_4,information,random,4,573724,2417985,padded_control,0,embedding,0.1086330413818359,78,100,100
information_random_4,information,random,4,573724,2417985,padded_control,1,encoder_block_1,0.5268030166625977,42,100,100
information_random_4,information,random,4,573724,2417985,padded_control,2,encoder_block_2,0.8654422760009766,33,100,100
information_random_4,information,random,4,573724,2417985,padded_control,3,encoder_block_3,0.8845231533050537,32,100,100
information_random_4,information,random,4,573724,2417985,padded_control,4,encoder_block_4,0.7406265735626221,44,100,100
information_random_4,information,random,4,573724,2417985,padded_control,5,encoder_block_5,0.5299546718597412,68,100,100
information_random_4,information,random,4,573724,2417985,padded_control,6,encoder_block_6,0.4832196235656738,68,100,100
information_random_4,information,random,4,573724,2417985,padded_control,7,encoder_block_7,0.318521499633789,82,100,100
information_random_4,information,random,4,573724,2417985,padded_control,8,encoder_block_8,0.413407564163208,79,100,100
information_random_4,information,random,4,573724,2417985,padded_control,9,encoder_block_9,0.6809713840484619,58,100,100
information_random_4,information,random,4,573724,2417985,padded_control,10,encoder_block_10,0.3742976188659668,66,100,100
information_random_4,information,random,4,573724,2417985,padded_control,11,encoder_block_11,1.143491268157959,56,100,100
information_random_4,information,random,4,573724,2417985,padded_control,12,encoder_block_12,1.8134374022483823,57,100,100
information_random_4,information,random,4,573724,2417985,attack,0,embedding,-0.1545705795288086,97,100,100
information_random_4,information,random,4,573724,2417985,attack,1,encoder_block_1,0.3083071708679199,61,100,100
information_random_4,information,random,4,573724,2417985,attack,2,encoder_block_2,0.5570507049560547,64,100,100
information_random_4,information,random,4,573724,2417985,attack,3,encoder_block_3,0.6860582828521729,64,100,100
information_random_4,information,random,4,573724,2417985,attack,4,encoder_block_4,0.6509480476379395,59,100,100
information_random_4,information,random,4,573724,2417985,attack,5,encoder_block_5,0.4992566108703613,72,100,100
information_random_4,information,random,4,573724,2417985,attack,6,encoder_block_6,0.4515783786773681,69,100,100
information_random_4,information,random,4,573724,2417985,attack,7,encoder_block_7,0.2869758605957031,84,100,100
information_random_4,information,random,4,573724,2417985,attack,8,encoder_block_8,0.3758425712585449,81,100,100
information_random_4,information,random,4,573724,2417985,attack,9,encoder_block_9,0.5585503578186035,67,100,100
information_random_4,information,random,4,573724,2417985,attack,10,encoder_block_10,0.2428090572357177,70,100,100
information_random_4,information,random,4,573724,2417985,attack,11,encoder_block_11,0.6550859212875366,68,100,100
information_random_4,information,random,4,573724,2417985,attack,12,encoder_block_12,0.438016802072525,66,100,100
information_random_4,information,random,4,833860,3437288,original,0,embedding,0.2832717895507812,36,100,100
information_random_4,information,random,4,833860,3437288,original,1,encoder_block_1,-0.031508445739746,71,100,100
information_random_4,information,random,4,833860,3437288,original,2,encoder_block_2,0.2634127140045166,64,100,100
information_random_4,information,random,4,833860,3437288,original,3,encoder_block_3,0.3253700733184814,52,100,100
information_random_4,information,random,4,833860,3437288,original,4,encoder_block_4,0.3164553642272949,50,100,100
information_random_4,information,random,4,833860,3437288,original,5,encoder_block_5,0.2507596015930176,49,100,100
information_random_4,information,random,4,833860,3437288,original,6,encoder_block_6,0.1544456481933593,47,100,100
information_random_4,information,random,4,833860,3437288,original,7,encoder_block_7,0.1992678642272949,46,100,100
information_random_4,information,random,4,833860,3437288,original,8,encoder_block_8,0.2588486671447754,49,100,100
information_random_4,information,random,4,833860,3437288,original,9,encoder_block_9,0.5385427474975586,22,100,100
information_random_4,information,random,4,833860,3437288,original,10,encoder_block_10,0.8934817314147949,14,100,100
information_random_4,information,random,4,833860,3437288,original,11,encoder_block_11,2.8506088256835938,9,100,100
information_random_4,information,random,4,833860,3437288,original,12,encoder_block_12,6.083935737609863,3,100,100
information_random_4,information,random,4,833860,3437288,padded_control,0,embedding,0.2832717895507812,36,100,100
information_random_4,information,random,4,833860,3437288,padded_control,1,encoder_block_1,-0.0202007293701171,70,100,100
information_random_4,information,random,4,833860,3437288,padded_control,2,encoder_block_2,0.2829098701477051,63,100,100
information_random_4,information,random,4,833860,3437288,padded_control,3,encoder_block_3,0.3360447883605957,51,100,100
information_random_4,information,random,4,833860,3437288,padded_control,4,encoder_block_4,0.3243873119354248,50,100,100
information_random_4,information,random,4,833860,3437288,padded_control,5,encoder_block_5,0.2701554298400879,48,100,100
information_random_4,information,random,4,833860,3437288,padded_control,6,encoder_block_6,0.1766207218170166,44,100,100
information_random_4,information,random,4,833860,3437288,padded_control,7,encoder_block_7,0.2301607131958007,43,100,100
information_random_4,information,random,4,833860,3437288,padded_control,8,encoder_block_8,0.2885770797729492,45,100,100
information_random_4,information,random,4,833860,3437288,padded_control,9,encoder_block_9,0.5357978343963623,22,100,100
information_random_4,information,random,4,833860,3437288,padded_control,10,encoder_block_10,0.8986258506774902,14,100,100
information_random_4,information,random,4,833860,3437288,padded_control,11,encoder_block_11,2.8461294174194336,9,100,100
information_random_4,information,random,4,833860,3437288,padded_control,12,encoder_block_12,5.922324180603027,3,100,100
information_random_4,information,random,4,833860,3437288,attack,0,embedding,-0.0295338630676269,69,100,100
information_random_4,information,random,4,833860,3437288,attack,1,encoder_block_1,-0.2062499523162841,84,100,100
information_random_4,information,random,4,833860,3437288,attack,2,encoder_block_2,0.0008471012115478,82,100,100
information_random_4,information,random,4,833860,3437288,attack,3,encoder_block_3,0.1219468116760253,75,100,100
information_random_4,information,random,4,833860,3437288,attack,4,encoder_block_4,0.1284229755401611,63,100,100
information_random_4,information,random,4,833860,3437288,attack,5,encoder_block_5,0.149604320526123,61,100,100
information_random_4,information,random,4,833860,3437288,attack,6,encoder_block_6,0.0570387840270996,61,100,100
information_random_4,information,random,4,833860,3437288,attack,7,encoder_block_7,0.0895667076110839,56,100,100
information_random_4,information,random,4,833860,3437288,attack,8,encoder_block_8,0.1548066139221191,61,100,100
information_random_4,information,random,4,833860,3437288,attack,9,encoder_block_9,0.3317315578460693,31,100,100
information_random_4,information,random,4,833860,3437288,attack,10,encoder_block_10,0.7866389751434326,15,100,100
information_random_4,information,random,4,833860,3437288,attack,11,encoder_block_11,2.7790865898132324,10,100,100
information_random_4,information,random,4,833860,3437288,attack,12,encoder_block_12,5.829537391662598,3,100,100
information_random_4,information,random,4,855410,8651775,original,0,embedding,-0.0004994869232177,5,100,5
information_random_4,information,random,4,855410,8651775,original,1,encoder_block_1,-0.3021802902221679,5,100,5
information_random_4,information,random,4,855410,8651775,original,2,encoder_block_2,-0.2216396331787109,5,100,5
information_random_4,information,random,4,855410,8651775,original,3,encoder_block_3,-0.1444034576416015,5,100,5
information_random_4,information,random,4,855410,8651775,original,4,encoder_block_4,0.0451900959014892,5,100,5
information_random_4,information,random,4,855410,8651775,original,5,encoder_block_5,-0.0349977016448974,3,100,5
information_random_4,information,random,4,855410,8651775,original,6,encoder_block_6,-0.0338470935821533,3,100,5
information_random_4,information,random,4,855410,8651775,original,7,encoder_block_7,-0.0878105163574218,4,100,5
information_random_4,information,random,4,855410,8651775,original,8,encoder_block_8,0.2215876579284668,2,100,5
information_random_4,information,random,4,855410,8651775,original,9,encoder_block_9,0.6039667129516602,2,100,5
information_random_4,information,random,4,855410,8651775,original,10,encoder_block_10,0.946608543395996,2,100,5
information_random_4,information,random,4,855410,8651775,original,11,encoder_block_11,1.71185564994812,1,100,5
information_random_4,information,random,4,855410,8651775,original,12,encoder_block_12,2.128062605857849,3,100,5
information_random_4,information,random,4,855410,8651775,padded_control,0,embedding,-0.0004987716674804,5,100,5
information_random_4,information,random,4,855410,8651775,padded_control,1,encoder_block_1,-0.282543420791626,5,100,5
information_random_4,information,random,4,855410,8651775,padded_control,2,encoder_block_2,-0.2118349075317382,5,100,5
information_random_4,information,random,4,855410,8651775,padded_control,3,encoder_block_3,-0.1498260498046875,5,100,5
information_random_4,information,random,4,855410,8651775,padded_control,4,encoder_block_4,0.0280971527099609,5,100,5
information_random_4,information,random,4,855410,8651775,padded_control,5,encoder_block_5,-0.0642063617706298,3,100,5
information_random_4,information,random,4,855410,8651775,padded_control,6,encoder_block_6,-0.0549249649047851,3,100,5
information_random_4,information,random,4,855410,8651775,padded_control,7,encoder_block_7,-0.1082527637481689,4,100,5
information_random_4,information,random,4,855410,8651775,padded_control,8,encoder_block_8,0.1924822330474853,2,100,5
information_random_4,information,random,4,855410,8651775,padded_control,9,encoder_block_9,0.5811648368835449,2,100,5
information_random_4,information,random,4,855410,8651775,padded_control,10,encoder_block_10,0.8756427764892578,2,100,5
information_random_4,information,random,4,855410,8651775,padded_control,11,encoder_block_11,1.5915913581848145,3,100,5
information_random_4,information,random,4,855410,8651775,padded_control,12,encoder_block_12,1.914783775806427,3,100,5
information_random_4,information,random,4,855410,8651775,attack,0,embedding,-0.2075490951538086,5,100,5
information_random_4,information,random,4,855410,8651775,attack,1,encoder_block_1,-0.4107570648193359,5,100,5
information_random_4,information,random,4,855410,8651775,attack,2,encoder_block_2,-0.3881387710571289,5,100,5
information_random_4,information,random,4,855410,8651775,attack,3,encoder_block_3,-0.2561461925506592,5,100,5
information_random_4,information,random,4,855410,8651775,attack,4,encoder_block_4,-0.1382350921630859,5,100,5
information_random_4,information,random,4,855410,8651775,attack,5,encoder_block_5,-0.1658664941787719,5,100,5
information_random_4,information,random,4,855410,8651775,attack,6,encoder_block_6,-0.1825424432754516,5,100,5
information_random_4,information,random,4,855410,8651775,attack,7,encoder_block_7,-0.2181079387664795,5,100,5
information_random_4,information,random,4,855410,8651775,attack,8,encoder_block_8,0.0735144615173339,5,100,5
information_random_4,information,random,4,855410,8651775,attack,9,encoder_block_9,0.4861025810241699,2,100,5
information_random_4,information,random,4,855410,8651775,attack,10,encoder_block_10,0.7270634174346924,2,100,5
information_random_4,information,random,4,855410,8651775,attack,11,encoder_block_11,1.394425868988037,3,100,5
information_random_4,information,random,4,855410,8651775,attack,12,encoder_block_12,1.6124639213085177,3,100,5
information_random_4,information,random,4,87181,7666831,original,0,embedding,0.8100113868713379,27,100,100
information_random_4,information,random,4,87181,7666831,original,1,encoder_block_1,0.419034481048584,24,100,100
information_random_4,information,random,4,87181,7666831,original,2,encoder_block_2,0.3467845916748047,21,100,100
information_random_4,information,random,4,87181,7666831,original,3,encoder_block_3,0.4255003929138183,7,100,100
information_random_4,information,random,4,87181,7666831,original,4,encoder_block_4,0.4125947952270508,3,100,100
information_random_4,information,random,4,87181,7666831,original,5,encoder_block_5,0.4371976852416992,1,100,100
information_random_4,information,random,4,87181,7666831,original,6,encoder_block_6,0.4695465564727783,1,100,100
information_random_4,information,random,4,87181,7666831,original,7,encoder_block_7,0.3935003280639648,3,100,100
information_random_4,information,random,4,87181,7666831,original,8,encoder_block_8,0.3623545169830322,3,100,100
information_random_4,information,random,4,87181,7666831,original,9,encoder_block_9,0.5190751552581787,4,100,100
information_random_4,information,random,4,87181,7666831,original,10,encoder_block_10,0.0401558876037597,23,100,100
information_random_4,information,random,4,87181,7666831,original,11,encoder_block_11,1.007146954536438,20,100,100
information_random_4,information,random,4,87181,7666831,original,12,encoder_block_12,1.1425405740737915,25,100,100
information_random_4,information,random,4,87181,7666831,padded_control,0,embedding,0.8100118637084961,27,100,100
information_random_4,information,random,4,87181,7666831,padded_control,1,encoder_block_1,0.4164319038391113,24,100,100
information_random_4,information,random,4,87181,7666831,padded_control,2,encoder_block_2,0.3408641815185547,21,100,100
information_random_4,information,random,4,87181,7666831,padded_control,3,encoder_block_3,0.4176473617553711,8,100,100
information_random_4,information,random,4,87181,7666831,padded_control,4,encoder_block_4,0.4044680595397949,3,100,100
information_random_4,information,random,4,87181,7666831,padded_control,5,encoder_block_5,0.4297823905944824,1,100,100
information_random_4,information,random,4,87181,7666831,padded_control,6,encoder_block_6,0.4743690490722656,1,100,100
information_random_4,information,random,4,87181,7666831,padded_control,7,encoder_block_7,0.4034309387207031,3,100,100
information_random_4,information,random,4,87181,7666831,padded_control,8,encoder_block_8,0.3674845695495605,3,100,100
information_random_4,information,random,4,87181,7666831,padded_control,9,encoder_block_9,0.5133562088012695,4,100,100
information_random_4,information,random,4,87181,7666831,padded_control,10,encoder_block_10,0.0282788276672363,24,100,100
information_random_4,information,random,4,87181,7666831,padded_control,11,encoder_block_11,0.9634057283401488,20,100,100
information_random_4,information,random,4,87181,7666831,padded_control,12,encoder_block_12,1.1017633080482483,25,100,100
information_random_4,information,random,4,87181,7666831,attack,0,embedding,0.5633335113525391,47,100,100
information_random_4,information,random,4,87181,7666831,attack,1,encoder_block_1,0.3556780815124511,29,100,100
information_random_4,information,random,4,87181,7666831,attack,2,encoder_block_2,0.2389004230499267,27,100,100
information_random_4,information,random,4,87181,7666831,attack,3,encoder_block_3,0.3959159851074219,10,100,100
information_random_4,information,random,4,87181,7666831,attack,4,encoder_block_4,0.3834023475646972,4,100,100
information_random_4,information,random,4,87181,7666831,attack,5,encoder_block_5,0.4213297367095947,1,100,100
information_random_4,information,random,4,87181,7666831,attack,6,encoder_block_6,0.4637994766235351,1,100,100
information_random_4,information,random,4,87181,7666831,attack,7,encoder_block_7,0.3336191177368164,4,100,100
information_random_4,information,random,4,87181,7666831,attack,8,encoder_block_8,0.2846171855926513,7,100,100
information_random_4,information,random,4,87181,7666831,attack,9,encoder_block_9,0.3510730266571045,12,100,100
information_random_4,information,random,4,87181,7666831,attack,10,encoder_block_10,-0.1574544906616211,36,100,100
information_random_4,information,random,4,87181,7666831,attack,11,encoder_block_11,0.6339987516403198,28,100,100
information_random_4,information,random,4,87181,7666831,attack,12,encoder_block_12,-0.1092290878295898,32,100,100
information_random_4,information,random,4,87452,8819111,original,0,embedding,0.1429789066314697,70,100,100
information_random_4,information,random,4,87452,8819111,original,1,encoder_block_1,-0.1309511661529541,87,100,100
information_random_4,information,random,4,87452,8819111,original,2,encoder_block_2,0.1744441986083984,96,100,100
information_random_4,information,random,4,87452,8819111,original,3,encoder_block_3,0.2161939144134521,92,100,100
information_random_4,information,random,4,87452,8819111,original,4,encoder_block_4,0.2382903099060058,94,100,100
information_random_4,information,random,4,87452,8819111,original,5,encoder_block_5,0.3014798164367676,93,100,100
information_random_4,information,random,4,87452,8819111,original,6,encoder_block_6,0.2377674579620361,85,100,100
information_random_4,information,random,4,87452,8819111,original,7,encoder_block_7,0.4219114780426025,61,100,100
information_random_4,information,random,4,87452,8819111,original,8,encoder_block_8,0.5371158123016357,50,100,100
information_random_4,information,random,4,87452,8819111,original,9,encoder_block_9,0.7079669237136841,61,100,100
information_random_4,information,random,4,87452,8819111,original,10,encoder_block_10,0.5587437152862549,28,100,100
information_random_4,information,random,4,87452,8819111,original,11,encoder_block_11,1.7053941488265991,11,100,100
information_random_4,information,random,4,87452,8819111,original,12,encoder_block_12,3.4948244094848637,6,100,100
information_random_4,information,random,4,87452,8819111,padded_control,0,embedding,0.1429791450500488,70,100,100
information_random_4,information,random,4,87452,8819111,padded_control,1,encoder_block_1,-0.125046968460083,86,100,100
information_random_4,information,random,4,87452,8819111,padded_control,2,encoder_block_2,0.1888887882232666,95,100,100
information_random_4,information,random,4,87452,8819111,padded_control,3,encoder_block_3,0.2471065521240234,90,100,100
information_random_4,information,random,4,87452,8819111,padded_control,4,encoder_block_4,0.2508382797241211,92,100,100
information_random_4,information,random,4,87452,8819111,padded_control,5,encoder_block_5,0.300048828125,93,100,100
information_random_4,information,random,4,87452,8819111,padded_control,6,encoder_block_6,0.2262513637542724,86,100,100
information_random_4,information,random,4,87452,8819111,padded_control,7,encoder_block_7,0.4091131687164306,63,100,100
information_random_4,information,random,4,87452,8819111,padded_control,8,encoder_block_8,0.543604850769043,50,100,100
information_random_4,information,random,4,87452,8819111,padded_control,9,encoder_block_9,0.7246108055114746,59,100,100
information_random_4,information,random,4,87452,8819111,padded_control,10,encoder_block_10,0.5734474658966064,27,100,100
information_random_4,information,random,4,87452,8819111,padded_control,11,encoder_block_11,1.7507014274597168,10,100,100
information_random_4,information,random,4,87452,8819111,padded_control,12,encoder_block_12,3.589262008666992,6,100,100
information_random_4,information,random,4,87452,8819111,attack,0,embedding,-0.122685432434082,88,100,100
information_random_4,information,random,4,87452,8819111,attack,1,encoder_block_1,-0.3918278217315674,100,100,100
information_random_4,information,random,4,87452,8819111,attack,2,encoder_block_2,-0.1016240119934082,100,100,100
information_random_4,information,random,4,87452,8819111,attack,3,encoder_block_3,0.0214567184448242,98,100,100
information_random_4,information,random,4,87452,8819111,attack,4,encoder_block_4,0.0529780387878418,100,100,100
information_random_4,information,random,4,87452,8819111,attack,5,encoder_block_5,0.1360554695129394,99,100,100
information_random_4,information,random,4,87452,8819111,attack,6,encoder_block_6,0.1532368659973144,92,100,100
information_random_4,information,random,4,87452,8819111,attack,7,encoder_block_7,0.2620030641555786,82,100,100
information_random_4,information,random,4,87452,8819111,attack,8,encoder_block_8,0.4197537899017334,66,100,100
information_random_4,information,random,4,87452,8819111,attack,9,encoder_block_9,0.6232645511627197,75,100,100
information_random_4,information,random,4,87452,8819111,attack,10,encoder_block_10,0.4267394542694092,35,100,100
information_random_4,information,random,4,87452,8819111,attack,11,encoder_block_11,1.6200242042541504,11,100,100
information_random_4,information,random,4,87452,8819111,attack,12,encoder_block_12,3.591583251953125,6,100,100
information_random_4,information,random,4,915593,8178998,original,0,embedding,0.6703367233276367,51,100,100
information_random_4,information,random,4,915593,8178998,original,1,encoder_block_1,0.7326927185058594,37,100,100
information_random_4,information,random,4,915593,8178998,original,2,encoder_block_2,0.6426405906677246,44,100,100
information_random_4,information,random,4,915593,8178998,original,3,encoder_block_3,0.6695427894592285,40,100,100
information_random_4,information,random,4,915593,8178998,original,4,encoder_block_4,0.7721796035766602,33,100,100
information_random_4,information,random,4,915593,8178998,original,5,encoder_block_5,0.7101783752441406,27,100,100
information_random_4,information,random,4,915593,8178998,original,6,encoder_block_6,0.7242584228515625,20,100,100
information_random_4,information,random,4,915593,8178998,original,7,encoder_block_7,0.7497453689575195,16,100,100
information_random_4,information,random,4,915593,8178998,original,8,encoder_block_8,0.8311061859130859,15,100,100
information_random_4,information,random,4,915593,8178998,original,9,encoder_block_9,0.8523128032684326,18,100,100
information_random_4,information,random,4,915593,8178998,original,10,encoder_block_10,0.6986525058746338,19,100,100
information_random_4,information,random,4,915593,8178998,original,11,encoder_block_11,1.253495216369629,14,100,100
information_random_4,information,random,4,915593,8178998,original,12,encoder_block_12,3.0462746620178223,6,100,100
information_random_4,information,random,4,915593,8178998,padded_control,0,embedding,0.6703369617462158,51,100,100
information_random_4,information,random,4,915593,8178998,padded_control,1,encoder_block_1,0.7340502738952637,37,100,100
information_random_4,information,random,4,915593,8178998,padded_control,2,encoder_block_2,0.6430144309997559,44,100,100
information_random_4,information,random,4,915593,8178998,padded_control,3,encoder_block_3,0.6768696308135986,39,100,100
information_random_4,information,random,4,915593,8178998,padded_control,4,encoder_block_4,0.7801826000213623,32,100,100
information_random_4,information,random,4,915593,8178998,padded_control,5,encoder_block_5,0.7159614562988281,26,100,100
information_random_4,information,random,4,915593,8178998,padded_control,6,encoder_block_6,0.7219552993774414,20,100,100
information_random_4,information,random,4,915593,8178998,padded_control,7,encoder_block_7,0.7539825439453125,16,100,100
information_random_4,information,random,4,915593,8178998,padded_control,8,encoder_block_8,0.826347827911377,15,100,100
information_random_4,information,random,4,915593,8178998,padded_control,9,encoder_block_9,0.8348584175109863,18,100,100
information_random_4,information,random,4,915593,8178998,padded_control,10,encoder_block_10,0.6643838882446289,20,100,100
information_random_4,information,random,4,915593,8178998,padded_control,11,encoder_block_11,1.212831974029541,16,100,100
information_random_4,information,random,4,915593,8178998,padded_control,12,encoder_block_12,2.9248697757720947,6,100,100
information_random_4,information,random,4,915593,8178998,attack,0,embedding,0.3269152641296386,73,100,100
information_random_4,information,random,4,915593,8178998,attack,1,encoder_block_1,0.4629750251770019,59,100,100
information_random_4,information,random,4,915593,8178998,attack,2,encoder_block_2,0.287302017211914,83,100,100
information_random_4,information,random,4,915593,8178998,attack,3,encoder_block_3,0.3507351875305176,79,100,100
information_random_4,information,random,4,915593,8178998,attack,4,encoder_block_4,0.5056898593902588,58,100,100
information_random_4,information,random,4,915593,8178998,attack,5,encoder_block_5,0.5038316249847412,45,100,100
information_random_4,information,random,4,915593,8178998,attack,6,encoder_block_6,0.5515406131744385,32,100,100
information_random_4,information,random,4,915593,8178998,attack,7,encoder_block_7,0.5156092643737793,36,100,100
information_random_4,information,random,4,915593,8178998,attack,8,encoder_block_8,0.6961853504180908,27,100,100
information_random_4,information,random,4,915593,8178998,attack,9,encoder_block_9,0.6855080127716064,27,100,100
information_random_4,information,random,4,915593,8178998,attack,10,encoder_block_10,0.6719274520874023,20,100,100
information_random_4,information,random,4,915593,8178998,attack,11,encoder_block_11,1.2867581844329834,14,100,100
information_random_4,information,random,4,915593,8178998,attack,12,encoder_block_12,3.061634063720703,6,100,100
information_random_4,information,random,4,962179,8689054,original,0,embedding,0.4924960136413574,73,100,100
information_random_4,information,random,4,962179,8689054,original,1,encoder_block_1,0.9855179786682128,46,100,100
information_random_4,information,random,4,962179,8689054,original,2,encoder_block_2,1.276634693145752,33,100,100
information_random_4,information,random,4,962179,8689054,original,3,encoder_block_3,1.0348172187805176,41,100,100
information_random_4,information,random,4,962179,8689054,original,4,encoder_block_4,1.2358736991882324,19,100,100
information_random_4,information,random,4,962179,8689054,original,5,encoder_block_5,0.8853514194488525,18,100,100
information_random_4,information,random,4,962179,8689054,original,6,encoder_block_6,0.8565187454223633,19,100,100
information_random_4,information,random,4,962179,8689054,original,7,encoder_block_7,0.861830472946167,15,100,100
information_random_4,information,random,4,962179,8689054,original,8,encoder_block_8,0.9117321968078612,12,100,100
information_random_4,information,random,4,962179,8689054,original,9,encoder_block_9,0.6227021217346191,10,100,100
information_random_4,information,random,4,962179,8689054,original,10,encoder_block_10,-1.3784269094467163,56,100,100
information_random_4,information,random,4,962179,8689054,original,11,encoder_block_11,-3.9445338249206543,60,100,100
information_random_4,information,random,4,962179,8689054,original,12,encoder_block_12,-11.904458999633787,56,100,100
information_random_4,information,random,4,962179,8689054,padded_control,0,embedding,0.4924957752227783,73,100,100
information_random_4,information,random,4,962179,8689054,padded_control,1,encoder_block_1,0.9896688461303712,46,100,100
information_random_4,information,random,4,962179,8689054,padded_control,2,encoder_block_2,1.2779545783996582,33,100,100
information_random_4,information,random,4,962179,8689054,padded_control,3,encoder_block_3,1.039799690246582,40,100,100
information_random_4,information,random,4,962179,8689054,padded_control,4,encoder_block_4,1.2375502586364746,19,100,100
information_random_4,information,random,4,962179,8689054,padded_control,5,encoder_block_5,0.8833601474761963,18,100,100
information_random_4,information,random,4,962179,8689054,padded_control,6,encoder_block_6,0.853665828704834,19,100,100
information_random_4,information,random,4,962179,8689054,padded_control,7,encoder_block_7,0.860144853591919,15,100,100
information_random_4,information,random,4,962179,8689054,padded_control,8,encoder_block_8,0.9112200736999512,12,100,100
information_random_4,information,random,4,962179,8689054,padded_control,9,encoder_block_9,0.6304001808166504,10,100,100
information_random_4,information,random,4,962179,8689054,padded_control,10,encoder_block_10,-1.3507694005966189,55,100,100
information_random_4,information,random,4,962179,8689054,padded_control,11,encoder_block_11,-3.851778984069824,57,100,100
information_random_4,information,random,4,962179,8689054,padded_control,12,encoder_block_12,-11.872138023376465,56,100,100
information_random_4,information,random,4,962179,8689054,attack,0,embedding,0.2661523818969726,86,100,100
information_random_4,information,random,4,962179,8689054,attack,1,encoder_block_1,0.6298313140869141,67,100,100
information_random_4,information,random,4,962179,8689054,attack,2,encoder_block_2,0.9056906700134276,60,100,100
information_random_4,information,random,4,962179,8689054,attack,3,encoder_block_3,0.8697340488433838,59,100,100
information_random_4,information,random,4,962179,8689054,attack,4,encoder_block_4,1.0508642196655271,35,100,100
information_random_4,information,random,4,962179,8689054,attack,5,encoder_block_5,0.8141093254089355,23,100,100
information_random_4,information,random,4,962179,8689054,attack,6,encoder_block_6,0.8192944526672363,23,100,100
information_random_4,information,random,4,962179,8689054,attack,7,encoder_block_7,0.780444860458374,20,100,100
information_random_4,information,random,4,962179,8689054,attack,8,encoder_block_8,0.8202457427978516,18,100,100
information_random_4,information,random,4,962179,8689054,attack,9,encoder_block_9,0.5379974842071533,14,100,100
information_random_4,information,random,4,962179,8689054,attack,10,encoder_block_10,-1.3181567192077637,51,100,100
information_random_4,information,random,4,962179,8689054,attack,11,encoder_block_11,-3.9252119064331055,60,100,100
information_random_4,information,random,4,962179,8689054,attack,12,encoder_block_12,-11.84492301940918,55,100,100
information_random_4,information,random,4,1037798,8760867,original,0,embedding,1.0277526378631592,20,100,100
information_random_4,information,random,4,1037798,8760867,original,1,encoder_block_1,0.7746071815490723,44,100,100
information_random_4,information,random,4,1037798,8760867,original,2,encoder_block_2,0.7961463928222656,53,100,100
information_random_4,information,random,4,1037798,8760867,original,3,encoder_block_3,0.5291130542755127,61,100,100
information_random_4,information,random,4,1037798,8760867,original,4,encoder_block_4,0.3393959999084472,73,100,100
information_random_4,information,random,4,1037798,8760867,original,5,encoder_block_5,0.2607414722442627,69,100,100
information_random_4,information,random,4,1037798,8760867,original,6,encoder_block_6,0.4179649353027344,60,100,100
information_random_4,information,random,4,1037798,8760867,original,7,encoder_block_7,0.4152679443359375,58,100,100
information_random_4,information,random,4,1037798,8760867,original,8,encoder_block_8,0.3797390460968017,71,100,100
information_random_4,information,random,4,1037798,8760867,original,9,encoder_block_9,0.6364247798919678,64,100,100
information_random_4,information,random,4,1037798,8760867,original,10,encoder_block_10,1.0374128818511963,11,100,100
information_random_4,information,random,4,1037798,8760867,original,11,encoder_block_11,2.7416677474975586,3,100,100
information_random_4,information,random,4,1037798,8760867,original,12,encoder_block_12,5.58027458190918,2,100,100
information_random_4,information,random,4,1037798,8760867,padded_control,0,embedding,1.0277527570724487,20,100,100
information_random_4,information,random,4,1037798,8760867,padded_control,1,encoder_block_1,0.7815093994140625,43,100,100
information_random_4,information,random,4,1037798,8760867,padded_control,2,encoder_block_2,0.7917704582214355,53,100,100
information_random_4,information,random,4,1037798,8760867,padded_control,3,encoder_block_3,0.5468204021453857,58,100,100
information_random_4,information,random,4,1037798,8760867,padded_control,4,encoder_block_4,0.3666796684265136,71,100,100
information_random_4,information,random,4,1037798,8760867,padded_control,5,encoder_block_5,0.2808973789215088,68,100,100
information_random_4,information,random,4,1037798,8760867,padded_control,6,encoder_block_6,0.4473025798797607,59,100,100
information_random_4,information,random,4,1037798,8760867,padded_control,7,encoder_block_7,0.4520142078399658,54,100,100
information_random_4,information,random,4,1037798,8760867,padded_control,8,encoder_block_8,0.4249324798583984,66,100,100
information_random_4,information,random,4,1037798,8760867,padded_control,9,encoder_block_9,0.6833059787750244,62,100,100
information_random_4,information,random,4,1037798,8760867,padded_control,10,encoder_block_10,1.0816192626953125,10,100,100
information_random_4,information,random,4,1037798,8760867,padded_control,11,encoder_block_11,2.7932348251342773,3,100,100
information_random_4,information,random,4,1037798,8760867,padded_control,12,encoder_block_12,5.642683982849121,2,100,100
information_random_4,information,random,4,1037798,8760867,attack,0,embedding,0.641177773475647,59,100,100
information_random_4,information,random,4,1037798,8760867,attack,1,encoder_block_1,0.5984225273132324,58,100,100
information_random_4,information,random,4,1037798,8760867,attack,2,encoder_block_2,0.6406683921813965,68,100,100
information_random_4,information,random,4,1037798,8760867,attack,3,encoder_block_3,0.4244160652160644,74,100,100
information_random_4,information,random,4,1037798,8760867,attack,4,encoder_block_4,0.3119897842407226,78,100,100
information_random_4,information,random,4,1037798,8760867,attack,5,encoder_block_5,0.2435958385467529,70,100,100
information_random_4,information,random,4,1037798,8760867,attack,6,encoder_block_6,0.4263300895690918,59,100,100
information_random_4,information,random,4,1037798,8760867,attack,7,encoder_block_7,0.4161082506179809,58,100,100
information_random_4,information,random,4,1037798,8760867,attack,8,encoder_block_8,0.3739597797393799,71,100,100
information_random_4,information,random,4,1037798,8760867,attack,9,encoder_block_9,0.7070527076721191,59,100,100
information_random_4,information,random,4,1037798,8760867,attack,10,encoder_block_10,1.0269708633422852,11,100,100
information_random_4,information,random,4,1037798,8760867,attack,11,encoder_block_11,2.727200508117676,3,100,100
information_random_4,information,random,4,1037798,8760867,attack,12,encoder_block_12,5.6507110595703125,2,100,100
information_random_4,information,random,4,104861,5864693,original,0,embedding,1.3101580142974854,13,100,100
information_random_4,information,random,4,104861,5864693,original,1,encoder_block_1,1.3646221160888672,11,100,100
information_random_4,information,random,4,104861,5864693,original,2,encoder_block_2,1.5980381965637207,11,100,100
information_random_4,information,random,4,104861,5864693,original,3,encoder_block_3,1.4628987312316897,18,100,100
information_random_4,information,random,4,104861,5864693,original,4,encoder_block_4,1.7519667148590088,7,100,100
information_random_4,information,random,4,104861,5864693,original,5,encoder_block_5,1.778703689575195,6,100,100
information_random_4,information,random,4,104861,5864693,original,6,encoder_block_6,1.5728740692138672,18,100,100
information_random_4,information,random,4,104861,5864693,original,7,encoder_block_7,1.539109706878662,21,100,100
information_random_4,information,random,4,104861,5864693,original,8,encoder_block_8,1.4703872203826904,19,100,100
information_random_4,information,random,4,104861,5864693,original,9,encoder_block_9,1.5695881843566897,26,100,100
information_random_4,information,random,4,104861,5864693,original,10,encoder_block_10,1.575225830078125,23,100,100
information_random_4,information,random,4,104861,5864693,original,11,encoder_block_11,1.169312596321106,31,100,100
information_random_4,information,random,4,104861,5864693,original,12,encoder_block_12,-5.711215972900391,34,100,100
information_random_4,information,random,4,104861,5864693,padded_control,0,embedding,1.3101582527160645,13,100,100
information_random_4,information,random,4,104861,5864693,padded_control,1,encoder_block_1,1.361377239227295,11,100,100
information_random_4,information,random,4,104861,5864693,padded_control,2,encoder_block_2,1.5885419845581057,13,100,100
information_random_4,information,random,4,104861,5864693,padded_control,3,encoder_block_3,1.4585504531860352,18,100,100
information_random_4,information,random,4,104861,5864693,padded_control,4,encoder_block_4,1.7474541664123535,7,100,100
information_random_4,information,random,4,104861,5864693,padded_control,5,encoder_block_5,1.7844421863555908,6,100,100
information_random_4,information,random,4,104861,5864693,padded_control,6,encoder_block_6,1.588097095489502,17,100,100
information_random_4,information,random,4,104861,5864693,padded_control,7,encoder_block_7,1.5681428909301758,19,100,100
information_random_4,information,random,4,104861,5864693,padded_control,8,encoder_block_8,1.4918055534362793,17,100,100
information_random_4,information,random,4,104861,5864693,padded_control,9,encoder_block_9,1.5996007919311523,24,100,100
information_random_4,information,random,4,104861,5864693,padded_control,10,encoder_block_10,1.6082780361175537,22,100,100
information_random_4,information,random,4,104861,5864693,padded_control,11,encoder_block_11,1.2017889022827148,31,100,100
information_random_4,information,random,4,104861,5864693,padded_control,12,encoder_block_12,-5.623208999633789,34,100,100
information_random_4,information,random,4,104861,5864693,attack,0,embedding,1.1226999759674072,29,100,100
information_random_4,information,random,4,104861,5864693,attack,1,encoder_block_1,1.1450176239013672,36,100,100
information_random_4,information,random,4,104861,5864693,attack,2,encoder_block_2,1.3447341918945312,35,100,100
information_random_4,information,random,4,104861,5864693,attack,3,encoder_block_3,1.300520420074463,35,100,100
information_random_4,information,random,4,104861,5864693,attack,4,encoder_block_4,1.5280182361602783,22,100,100
information_random_4,information,random,4,104861,5864693,attack,5,encoder_block_5,1.6240034103393557,19,100,100
information_random_4,information,random,4,104861,5864693,attack,6,encoder_block_6,1.4910495281219482,24,100,100
information_random_4,information,random,4,104861,5864693,attack,7,encoder_block_7,1.4392831325531006,26,100,100
information_random_4,information,random,4,104861,5864693,attack,8,encoder_block_8,1.4495391845703125,19,100,100
information_random_4,information,random,4,104861,5864693,attack,9,encoder_block_9,1.5444860458374023,27,100,100
information_random_4,information,random,4,104861,5864693,attack,10,encoder_block_10,1.6061549186706543,22,100,100
information_random_4,information,random,4,104861,5864693,attack,11,encoder_block_11,1.2700515985488892,30,100,100
information_random_4,information,random,4,104861,5864693,attack,12,encoder_block_12,-4.649245262145996,32,100,100
information_random_4,information,random,4,1063750,2997653,original,0,embedding,0.2163100242614746,84,100,100
information_random_4,information,random,4,1063750,2997653,original,1,encoder_block_1,0.3163542747497558,63,100,100
information_random_4,information,random,4,1063750,2997653,original,2,encoder_block_2,0.4243702888488769,54,100,100
information_random_4,information,random,4,1063750,2997653,original,3,encoder_block_3,0.3728740215301513,46,100,100
information_random_4,information,random,4,1063750,2997653,original,4,encoder_block_4,0.5634288787841797,33,100,100
information_random_4,information,random,4,1063750,2997653,original,5,encoder_block_5,0.5658025741577148,33,100,100
information_random_4,information,random,4,1063750,2997653,original,6,encoder_block_6,0.4535949230194092,42,100,100
information_random_4,information,random,4,1063750,2997653,original,7,encoder_block_7,0.5761830806732178,33,100,100
information_random_4,information,random,4,1063750,2997653,original,8,encoder_block_8,0.5439143180847168,35,100,100
information_random_4,information,random,4,1063750,2997653,original,9,encoder_block_9,0.5273476839065552,30,100,100
information_random_4,information,random,4,1063750,2997653,original,10,encoder_block_10,0.5664772987365723,11,100,100
information_random_4,information,random,4,1063750,2997653,original,11,encoder_block_11,-0.0346142053604126,27,100,100
information_random_4,information,random,4,1063750,2997653,original,12,encoder_block_12,-9.526568412780762,51,100,100
information_random_4,information,random,4,1063750,2997653,padded_control,0,embedding,0.2163105010986328,84,100,100
information_random_4,information,random,4,1063750,2997653,padded_control,1,encoder_block_1,0.3195409774780273,63,100,100
information_random_4,information,random,4,1063750,2997653,padded_control,2,encoder_block_2,0.428692102432251,54,100,100
information_random_4,information,random,4,1063750,2997653,padded_control,3,encoder_block_3,0.3706591129302978,46,100,100
information_random_4,information,random,4,1063750,2997653,padded_control,4,encoder_block_4,0.5520310401916504,34,100,100
information_random_4,information,random,4,1063750,2997653,padded_control,5,encoder_block_5,0.5424251556396484,35,100,100
information_random_4,information,random,4,1063750,2997653,padded_control,6,encoder_block_6,0.4279470443725586,44,100,100
information_random_4,information,random,4,1063750,2997653,padded_control,7,encoder_block_7,0.5613656044006348,33,100,100
information_random_4,information,random,4,1063750,2997653,padded_control,8,encoder_block_8,0.5407829284667969,35,100,100
information_random_4,information,random,4,1063750,2997653,padded_control,9,encoder_block_9,0.5249462127685547,30,100,100
information_random_4,information,random,4,1063750,2997653,padded_control,10,encoder_block_10,0.5943756103515625,11,100,100
information_random_4,information,random,4,1063750,2997653,padded_control,11,encoder_block_11,0.0648376941680908,25,100,100
information_random_4,information,random,4,1063750,2997653,padded_control,12,encoder_block_12,-9.336259841918944,49,100,100
information_random_4,information,random,4,1063750,2997653,attack,0,embedding,-0.0922069549560546,92,100,100
information_random_4,information,random,4,1063750,2997653,attack,1,encoder_block_1,0.0239665508270263,80,100,100
information_random_4,information,random,4,1063750,2997653,attack,2,encoder_block_2,0.0833551883697509,81,100,100
information_random_4,information,random,4,1063750,2997653,attack,3,encoder_block_3,0.1083347797393798,75,100,100
information_random_4,information,random,4,1063750,2997653,attack,4,encoder_block_4,0.3092076778411865,53,100,100
information_random_4,information,random,4,1063750,2997653,attack,5,encoder_block_5,0.3231804370880127,53,100,100
information_random_4,information,random,4,1063750,2997653,attack,6,encoder_block_6,0.2690117359161377,58,100,100
information_random_4,information,random,4,1063750,2997653,attack,7,encoder_block_7,0.4000906944274902,45,100,100
information_random_4,information,random,4,1063750,2997653,attack,8,encoder_block_8,0.3937495946884155,43,100,100
information_random_4,information,random,4,1063750,2997653,attack,9,encoder_block_9,0.4052712917327881,41,100,100
information_random_4,information,random,4,1063750,2997653,attack,10,encoder_block_10,0.5040485858917236,15,100,100
information_random_4,information,random,4,1063750,2997653,attack,11,encoder_block_11,0.0966494083404541,25,100,100
information_random_4,information,random,4,1063750,2997653,attack,12,encoder_block_12,-9.001762390136719,49,100,100
information_random_4,information,random,4,1103812,1659850,original,0,embedding,0.4257817268371582,82,100,100
information_random_4,information,random,4,1103812,1659850,original,1,encoder_block_1,0.3321256637573242,75,100,100
information_random_4,information,random,4,1103812,1659850,original,2,encoder_block_2,0.6252179145812988,53,100,100
information_random_4,information,random,4,1103812,1659850,original,3,encoder_block_3,0.5269737243652344,39,100,100
information_random_4,information,random,4,1103812,1659850,original,4,encoder_block_4,0.2543373107910156,57,100,100
information_random_4,information,random,4,1103812,1659850,original,5,encoder_block_5,0.1775403022766113,55,100,100
information_random_4,information,random,4,1103812,1659850,original,6,encoder_block_6,0.2524967193603515,53,100,100
information_random_4,information,random,4,1103812,1659850,original,7,encoder_block_7,0.3296332359313965,46,100,100
information_random_4,information,random,4,1103812,1659850,original,8,encoder_block_8,0.3016543388366699,45,100,100
information_random_4,information,random,4,1103812,1659850,original,9,encoder_block_9,0.5543015003204346,16,100,100
information_random_4,information,random,4,1103812,1659850,original,10,encoder_block_10,0.2654201984405517,18,100,100
information_random_4,information,random,4,1103812,1659850,original,11,encoder_block_11,0.0378303527832031,22,100,100
information_random_4,information,random,4,1103812,1659850,original,12,encoder_block_12,-5.150150299072266,25,100,100
information_random_4,information,random,4,1103812,1659850,padded_control,0,embedding,0.4257817268371582,82,100,100
information_random_4,information,random,4,1103812,1659850,padded_control,1,encoder_block_1,0.3292865753173828,75,100,100
information_random_4,information,random,4,1103812,1659850,padded_control,2,encoder_block_2,0.6209940910339355,54,100,100
information_random_4,information,random,4,1103812,1659850,padded_control,3,encoder_block_3,0.5298752784729004,39,100,100
information_random_4,information,random,4,1103812,1659850,padded_control,4,encoder_block_4,0.26324462890625,55,100,100
information_random_4,information,random,4,1103812,1659850,padded_control,5,encoder_block_5,0.1770482063293457,55,100,100
information_random_4,information,random,4,1103812,1659850,padded_control,6,encoder_block_6,0.2513785362243652,53,100,100
information_random_4,information,random,4,1103812,1659850,padded_control,7,encoder_block_7,0.310347318649292,48,100,100
information_random_4,information,random,4,1103812,1659850,padded_control,8,encoder_block_8,0.2856671810150146,49,100,100
information_random_4,information,random,4,1103812,1659850,padded_control,9,encoder_block_9,0.5429651737213135,17,100,100
information_random_4,information,random,4,1103812,1659850,padded_control,10,encoder_block_10,0.2412245273590088,18,100,100
information_random_4,information,random,4,1103812,1659850,padded_control,11,encoder_block_11,-0.0135331153869628,22,100,100
information_random_4,information,random,4,1103812,1659850,padded_control,12,encoder_block_12,-5.200911521911621,26,100,100
information_random_4,information,random,4,1103812,1659850,attack,0,embedding,0.2552752494812011,91,100,100
information_random_4,information,random,4,1103812,1659850,attack,1,encoder_block_1,0.1590180397033691,86,100,100
information_random_4,information,random,4,1103812,1659850,attack,2,encoder_block_2,0.3575601577758789,76,100,100
information_random_4,information,random,4,1103812,1659850,attack,3,encoder_block_3,0.3828678131103515,62,100,100
information_random_4,information,random,4,1103812,1659850,attack,4,encoder_block_4,0.1520462036132812,73,100,100
information_random_4,information,random,4,1103812,1659850,attack,5,encoder_block_5,0.091496467590332,63,100,100
information_random_4,information,random,4,1103812,1659850,attack,6,encoder_block_6,0.1438891887664795,63,100,100
information_random_4,information,random,4,1103812,1659850,attack,7,encoder_block_7,0.1813714504241943,61,100,100
information_random_4,information,random,4,1103812,1659850,attack,8,encoder_block_8,0.1964161396026611,58,100,100
information_random_4,information,random,4,1103812,1659850,attack,9,encoder_block_9,0.4768521785736084,21,100,100
information_random_4,information,random,4,1103812,1659850,attack,10,encoder_block_10,0.1892633438110351,23,100,100
information_random_4,information,random,4,1103812,1659850,attack,11,encoder_block_11,-0.0087800025939941,22,100,100
information_random_4,information,random,4,1103812,1659850,attack,12,encoder_block_12,-5.433624267578125,27,100,100
information_random_4,information,random,4,1106007,1334335,original,0,embedding,0.4630212783813476,32,100,100
information_random_4,information,random,4,1106007,1334335,original,1,encoder_block_1,0.3073601722717285,31,100,100
information_random_4,information,random,4,1106007,1334335,original,2,encoder_block_2,0.327805757522583,40,100,100
information_random_4,information,random,4,1106007,1334335,original,3,encoder_block_3,-0.0557863712310791,69,100,100
information_random_4,information,random,4,1106007,1334335,original,4,encoder_block_4,-0.0956778526306152,82,100,100
information_random_4,information,random,4,1106007,1334335,original,5,encoder_block_5,0.0753834247589111,75,100,100
information_random_4,information,random,4,1106007,1334335,original,6,encoder_block_6,0.253535509109497,60,100,100
information_random_4,information,random,4,1106007,1334335,original,7,encoder_block_7,0.3280551433563232,60,100,100
information_random_4,information,random,4,1106007,1334335,original,8,encoder_block_8,0.4010298252105713,61,100,100
information_random_4,information,random,4,1106007,1334335,original,9,encoder_block_9,0.7389075756072998,46,100,100
information_random_4,information,random,4,1106007,1334335,original,10,encoder_block_10,1.1145381927490234,24,100,100
information_random_4,information,random,4,1106007,1334335,original,11,encoder_block_11,2.861777305603028,5,100,100
information_random_4,information,random,4,1106007,1334335,original,12,encoder_block_12,5.731571197509766,5,100,100
information_random_4,information,random,4,1106007,1334335,padded_control,0,embedding,0.4630203247070312,32,100,100
information_random_4,information,random,4,1106007,1334335,padded_control,1,encoder_block_1,0.3115262985229492,31,100,100
information_random_4,information,random,4,1106007,1334335,padded_control,2,encoder_block_2,0.3177080154418945,40,100,100
information_random_4,information,random,4,1106007,1334335,padded_control,3,encoder_block_3,-0.0571823120117187,69,100,100
information_random_4,information,random,4,1106007,1334335,padded_control,4,encoder_block_4,-0.0819997787475586,82,100,100
information_random_4,information,random,4,1106007,1334335,padded_control,5,encoder_block_5,0.0891001224517822,72,100,100
information_random_4,information,random,4,1106007,1334335,padded_control,6,encoder_block_6,0.2659509181976318,57,100,100
information_random_4,information,random,4,1106007,1334335,padded_control,7,encoder_block_7,0.3371970653533935,59,100,100
information_random_4,information,random,4,1106007,1334335,padded_control,8,encoder_block_8,0.4199903011322021,60,100,100
information_random_4,information,random,4,1106007,1334335,padded_control,9,encoder_block_9,0.772467851638794,45,100,100
information_random_4,information,random,4,1106007,1334335,padded_control,10,encoder_block_10,1.172597885131836,21,100,100
information_random_4,information,random,4,1106007,1334335,padded_control,11,encoder_block_11,2.937713623046875,5,100,100
information_random_4,information,random,4,1106007,1334335,padded_control,12,encoder_block_12,5.747104644775391,5,100,100
information_random_4,information,random,4,1106007,1334335,attack,0,embedding,0.2083196640014648,52,100,100
information_random_4,information,random,4,1106007,1334335,attack,1,encoder_block_1,0.2183327674865722,39,100,100
information_random_4,information,random,4,1106007,1334335,attack,2,encoder_block_2,0.2297446727752685,51,100,100
information_random_4,information,random,4,1106007,1334335,attack,3,encoder_block_3,-0.1610150337219238,78,100,100
information_random_4,information,random,4,1106007,1334335,attack,4,encoder_block_4,-0.1537299156188964,86,100,100
information_random_4,information,random,4,1106007,1334335,attack,5,encoder_block_5,0.0614876747131347,75,100,100
information_random_4,information,random,4,1106007,1334335,attack,6,encoder_block_6,0.2565414905548095,59,100,100
information_random_4,information,random,4,1106007,1334335,attack,7,encoder_block_7,0.2647483348846435,63,100,100
information_random_4,information,random,4,1106007,1334335,attack,8,encoder_block_8,0.3412109613418579,67,100,100
information_random_4,information,random,4,1106007,1334335,attack,9,encoder_block_9,0.78940749168396,39,100,100
information_random_4,information,random,4,1106007,1334335,attack,10,encoder_block_10,1.1572847366333008,22,100,100
information_random_4,information,random,4,1106007,1334335,attack,11,encoder_block_11,2.803788185119629,5,100,100
information_random_4,information,random,4,1106007,1334335,attack,12,encoder_block_12,5.740111351013184,5,100,100
information_random_4,information,random,4,1110199,554521,original,0,embedding,0.7955269813537598,93,100,100
information_random_4,information,random,4,1110199,554521,original,1,encoder_block_1,1.0513067245483398,87,100,100
information_random_4,information,random,4,1110199,554521,original,2,encoder_block_2,1.4016799926757812,79,100,100
information_random_4,information,random,4,1110199,554521,original,3,encoder_block_3,1.446484088897705,65,100,100
information_random_4,information,random,4,1110199,554521,original,4,encoder_block_4,1.5011777877807615,61,100,100
information_random_4,information,random,4,1110199,554521,original,5,encoder_block_5,1.500760555267334,54,100,100
information_random_4,information,random,4,1110199,554521,original,6,encoder_block_6,1.4579405784606934,56,100,100
information_random_4,information,random,4,1110199,554521,original,7,encoder_block_7,1.479618787765503,52,100,100
information_random_4,information,random,4,1110199,554521,original,8,encoder_block_8,1.280795335769653,68,100,100
information_random_4,information,random,4,1110199,554521,original,9,encoder_block_9,1.0054948329925537,85,100,100
information_random_4,information,random,4,1110199,554521,original,10,encoder_block_10,0.3397445678710937,72,100,100
information_random_4,information,random,4,1110199,554521,original,11,encoder_block_11,-1.484497845172882,64,100,100
information_random_4,information,random,4,1110199,554521,original,12,encoder_block_12,-12.087575912475586,59,100,100
information_random_4,information,random,4,1110199,554521,padded_control,0,embedding,0.7955284118652344,93,100,100
information_random_4,information,random,4,1110199,554521,padded_control,1,encoder_block_1,1.0385427474975586,88,100,100
information_random_4,information,random,4,1110199,554521,padded_control,2,encoder_block_2,1.3992629051208496,80,100,100
information_random_4,information,random,4,1110199,554521,padded_control,3,encoder_block_3,1.4362316131591797,65,100,100
information_random_4,information,random,4,1110199,554521,padded_control,4,encoder_block_4,1.4910616874694824,63,100,100
information_random_4,information,random,4,1110199,554521,padded_control,5,encoder_block_5,1.490821123123169,56,100,100
information_random_4,information,random,4,1110199,554521,padded_control,6,encoder_block_6,1.439244508743286,58,100,100
information_random_4,information,random,4,1110199,554521,padded_control,7,encoder_block_7,1.4670679569244385,52,100,100
information_random_4,information,random,4,1110199,554521,padded_control,8,encoder_block_8,1.2703146934509275,69,100,100
information_random_4,information,random,4,1110199,554521,padded_control,9,encoder_block_9,0.993504524230957,86,100,100
information_random_4,information,random,4,1110199,554521,padded_control,10,encoder_block_10,0.3207821846008301,72,100,100
information_random_4,information,random,4,1110199,554521,padded_control,11,encoder_block_11,-1.5494855642318726,65,100,100
information_random_4,information,random,4,1110199,554521,padded_control,12,encoder_block_12,-12.154987335205078,59,100,100
information_random_4,information,random,4,1110199,554521,attack,0,embedding,0.5852785110473633,96,100,100
information_random_4,information,random,4,1110199,554521,attack,1,encoder_block_1,0.8530139923095703,94,100,100
information_random_4,information,random,4,1110199,554521,attack,2,encoder_block_2,1.0951437950134275,91,100,100
information_random_4,information,random,4,1110199,554521,attack,3,encoder_block_3,1.2417850494384766,86,100,100
information_random_4,information,random,4,1110199,554521,attack,4,encoder_block_4,1.3119003772735596,85,100,100
information_random_4,information,random,4,1110199,554521,attack,5,encoder_block_5,1.3549890518188477,71,100,100
information_random_4,information,random,4,1110199,554521,attack,6,encoder_block_6,1.310608148574829,71,100,100
information_random_4,information,random,4,1110199,554521,attack,7,encoder_block_7,1.2748839855194092,74,100,100
information_random_4,information,random,4,1110199,554521,attack,8,encoder_block_8,1.127701759338379,82,100,100
information_random_4,information,random,4,1110199,554521,attack,9,encoder_block_9,0.8561728000640869,98,100,100
information_random_4,information,random,4,1110199,554521,attack,10,encoder_block_10,0.2154724597930908,78,100,100
information_random_4,information,random,4,1110199,554521,attack,11,encoder_block_11,-1.5046253204345703,65,100,100
information_random_4,information,random,4,1110199,554521,attack,12,encoder_block_12,-12.147624969482422,59,100,100
information_random_4,information,random,4,1112341,6740558,original,0,embedding,0.8128347396850586,58,100,100
information_random_4,information,random,4,1112341,6740558,original,1,encoder_block_1,1.231400966644287,28,100,100
information_random_4,information,random,4,1112341,6740558,original,2,encoder_block_2,1.3019390106201172,25,100,100
information_random_4,information,random,4,1112341,6740558,original,3,encoder_block_3,1.271320343017578,25,100,100
information_random_4,information,random,4,1112341,6740558,original,4,encoder_block_4,1.3037638664245603,32,100,100
information_random_4,information,random,4,1112341,6740558,original,5,encoder_block_5,1.2275257110595703,44,100,100
information_random_4,information,random,4,1112341,6740558,original,6,encoder_block_6,1.231743335723877,41,100,100
information_random_4,information,random,4,1112341,6740558,original,7,encoder_block_7,1.1494498252868652,54,100,100
information_random_4,information,random,4,1112341,6740558,original,8,encoder_block_8,1.2443883419036863,46,100,100
information_random_4,information,random,4,1112341,6740558,original,9,encoder_block_9,1.2457361221313477,35,100,100
information_random_4,information,random,4,1112341,6740558,original,10,encoder_block_10,-0.5300271511077881,79,100,100
information_random_4,information,random,4,1112341,6740558,original,11,encoder_block_11,-5.415314674377441,96,100,100
information_random_4,information,random,4,1112341,6740558,original,12,encoder_block_12,-13.45517921447754,92,100,100
information_random_4,information,random,4,1112341,6740558,padded_control,0,embedding,0.8128342628479004,58,100,100
information_random_4,information,random,4,1112341,6740558,padded_control,1,encoder_block_1,1.2232341766357422,28,100,100
information_random_4,information,random,4,1112341,6740558,padded_control,2,encoder_block_2,1.2919716835021973,26,100,100
information_random_4,information,random,4,1112341,6740558,padded_control,3,encoder_block_3,1.2613391876220703,25,100,100
information_random_4,information,random,4,1112341,6740558,padded_control,4,encoder_block_4,1.2996129989624023,33,100,100
information_random_4,information,random,4,1112341,6740558,padded_control,5,encoder_block_5,1.2264933586120603,44,100,100
information_random_4,information,random,4,1112341,6740558,padded_control,6,encoder_block_6,1.2249987125396729,41,100,100
information_random_4,information,random,4,1112341,6740558,padded_control,7,encoder_block_7,1.1364609003067017,55,100,100
information_random_4,information,random,4,1112341,6740558,padded_control,8,encoder_block_8,1.2398227453231812,46,100,100
information_random_4,information,random,4,1112341,6740558,padded_control,9,encoder_block_9,1.2304556369781494,36,100,100
information_random_4,information,random,4,1112341,6740558,padded_control,10,encoder_block_10,-0.5018117427825928,78,100,100
information_random_4,information,random,4,1112341,6740558,padded_control,11,encoder_block_11,-5.397928237915039,96,100,100
information_random_4,information,random,4,1112341,6740558,padded_control,12,encoder_block_12,-13.451395988464355,92,100,100
information_random_4,information,random,4,1112341,6740558,attack,0,embedding,0.6558799743652344,75,100,100
information_random_4,information,random,4,1112341,6740558,attack,1,encoder_block_1,1.0049798488616943,46,100,100
information_random_4,information,random,4,1112341,6740558,attack,2,encoder_block_2,1.04282808303833,56,100,100
information_random_4,information,random,4,1112341,6740558,attack,3,encoder_block_3,1.0905134677886963,43,100,100
information_random_4,information,random,4,1112341,6740558,attack,4,encoder_block_4,1.1198320388793943,55,100,100
information_random_4,information,random,4,1112341,6740558,attack,5,encoder_block_5,1.1156704425811768,51,100,100
information_random_4,information,random,4,1112341,6740558,attack,6,encoder_block_6,1.1379191875457764,49,100,100
information_random_4,information,random,4,1112341,6740558,attack,7,encoder_block_7,1.030114769935608,61,100,100
information_random_4,information,random,4,1112341,6740558,attack,8,encoder_block_8,1.1598577499389648,54,100,100
information_random_4,information,random,4,1112341,6740558,attack,9,encoder_block_9,1.1542820930480957,41,100,100
information_random_4,information,random,4,1112341,6740558,attack,10,encoder_block_10,-0.4374740123748779,73,100,100
information_random_4,information,random,4,1112341,6740558,attack,11,encoder_block_11,-5.422974586486816,96,100,100
information_random_4,information,random,4,1112341,6740558,attack,12,encoder_block_12,-13.574390411376951,94,100,100
information_random_4,information,random,4,1113437,8128798,original,0,embedding,0.7867050170898438,40,100,100
information_random_4,information,random,4,1113437,8128798,original,1,encoder_block_1,1.082113265991211,21,100,100
information_random_4,information,random,4,1113437,8128798,original,2,encoder_block_2,1.517536163330078,6,100,100
information_random_4,information,random,4,1113437,8128798,original,3,encoder_block_3,1.4747655391693115,11,100,100
information_random_4,information,random,4,1113437,8128798,original,4,encoder_block_4,1.2543466091156006,23,100,100
information_random_4,information,random,4,1113437,8128798,original,5,encoder_block_5,1.0670671463012695,35,100,100
information_random_4,information,random,4,1113437,8128798,original,6,encoder_block_6,1.0043258666992188,40,100,100
information_random_4,information,random,4,1113437,8128798,original,7,encoder_block_7,0.9781198501586914,35,100,100
information_random_4,information,random,4,1113437,8128798,original,8,encoder_block_8,0.9105725288391112,51,100,100
information_random_4,information,random,4,1113437,8128798,original,9,encoder_block_9,1.103043556213379,37,100,100
information_random_4,information,random,4,1113437,8128798,original,10,encoder_block_10,1.127180576324463,27,100,100
information_random_4,information,random,4,1113437,8128798,original,11,encoder_block_11,1.8471105098724363,9,100,100
information_random_4,information,random,4,1113437,8128798,original,12,encoder_block_12,2.607305765151977,7,100,100
information_random_4,information,random,4,1113437,8128798,padded_control,0,embedding,0.7867035865783691,40,100,100
information_random_4,information,random,4,1113437,8128798,padded_control,1,encoder_block_1,1.0919766426086426,21,100,100
information_random_4,information,random,4,1113437,8128798,padded_control,2,encoder_block_2,1.5287542343139648,6,100,100
information_random_4,information,random,4,1113437,8128798,padded_control,3,encoder_block_3,1.4823265075683594,11,100,100
information_random_4,information,random,4,1113437,8128798,padded_control,4,encoder_block_4,1.2395422458648682,23,100,100
information_random_4,information,random,4,1113437,8128798,padded_control,5,encoder_block_5,1.041043758392334,39,100,100
information_random_4,information,random,4,1113437,8128798,padded_control,6,encoder_block_6,0.9859647750854492,42,100,100
information_random_4,information,random,4,1113437,8128798,padded_control,7,encoder_block_7,0.9667034149169922,36,100,100
information_random_4,information,random,4,1113437,8128798,padded_control,8,encoder_block_8,0.9100160598754884,51,100,100
information_random_4,information,random,4,1113437,8128798,padded_control,9,encoder_block_9,1.097142219543457,38,100,100
information_random_4,information,random,4,1113437,8128798,padded_control,10,encoder_block_10,1.1179101467132568,29,100,100
information_random_4,information,random,4,1113437,8128798,padded_control,11,encoder_block_11,1.8200836181640625,9,100,100
information_random_4,information,random,4,1113437,8128798,padded_control,12,encoder_block_12,2.5483721494674683,8,100,100
information_random_4,information,random,4,1113437,8128798,attack,0,embedding,0.3889036178588867,72,100,100
information_random_4,information,random,4,1113437,8128798,attack,1,encoder_block_1,0.7594690322875977,39,100,100
information_random_4,information,random,4,1113437,8128798,attack,2,encoder_block_2,1.183543682098389,25,100,100
information_random_4,information,random,4,1113437,8128798,attack,3,encoder_block_3,1.2861628532409668,23,100,100
information_random_4,information,random,4,1113437,8128798,attack,4,encoder_block_4,1.0705885887145996,40,100,100
information_random_4,information,random,4,1113437,8128798,attack,5,encoder_block_5,0.933763027191162,50,100,100
information_random_4,information,random,4,1113437,8128798,attack,6,encoder_block_6,0.8718876838684082,59,100,100
information_random_4,information,random,4,1113437,8128798,attack,7,encoder_block_7,0.8643498420715332,56,100,100
information_random_4,information,random,4,1113437,8128798,attack,8,encoder_block_8,0.8634440898895264,55,100,100
information_random_4,information,random,4,1113437,8128798,attack,9,encoder_block_9,1.0242493152618408,47,100,100
information_random_4,information,random,4,1113437,8128798,attack,10,encoder_block_10,1.080225944519043,33,100,100
information_random_4,information,random,4,1113437,8128798,attack,11,encoder_block_11,1.895151138305664,8,100,100
information_random_4,information,random,4,1113437,8128798,attack,12,encoder_block_12,2.836252450942993,6,100,100
information_random_4,information,random,4,1114646,771368,original,0,embedding,0.8991603851318359,25,100,100
information_random_4,information,random,4,1114646,771368,original,1,encoder_block_1,-0.2152731418609619,79,100,100
information_random_4,information,random,4,1114646,771368,original,2,encoder_block_2,-0.3260955810546875,90,100,100
information_random_4,information,random,4,1114646,771368,original,3,encoder_block_3,-0.3272824287414551,90,100,100
information_random_4,information,random,4,1114646,771368,original,4,encoder_block_4,-0.3945298194885254,87,100,100
information_random_4,information,random,4,1114646,771368,original,5,encoder_block_5,-0.3273069858551025,73,100,100
information_random_4,information,random,4,1114646,771368,original,6,encoder_block_6,-0.564227819442749,84,100,100
information_random_4,information,random,4,1114646,771368,original,7,encoder_block_7,-0.4446010589599609,69,100,100
information_random_4,information,random,4,1114646,771368,original,8,encoder_block_8,-0.4270515441894531,74,100,100
information_random_4,information,random,4,1114646,771368,original,9,encoder_block_9,-0.078150987625122,66,100,100
information_random_4,information,random,4,1114646,771368,original,10,encoder_block_10,-0.363248348236084,30,100,100
information_random_4,information,random,4,1114646,771368,original,11,encoder_block_11,0.0972094535827636,11,100,100
information_random_4,information,random,4,1114646,771368,original,12,encoder_block_12,-5.759502410888672,22,100,100
information_random_4,information,random,4,1114646,771368,padded_control,0,embedding,0.8991594314575195,25,100,100
information_random_4,information,random,4,1114646,771368,padded_control,1,encoder_block_1,-0.2272064685821533,81,100,100
information_random_4,information,random,4,1114646,771368,padded_control,2,encoder_block_2,-0.3403959274291992,90,100,100
information_random_4,information,random,4,1114646,771368,padded_control,3,encoder_block_3,-0.3443031311035156,91,100,100
information_random_4,information,random,4,1114646,771368,padded_control,4,encoder_block_4,-0.4010558128356933,88,100,100
information_random_4,information,random,4,1114646,771368,padded_control,5,encoder_block_5,-0.3313393592834472,73,100,100
information_random_4,information,random,4,1114646,771368,padded_control,6,encoder_block_6,-0.5557477474212646,83,100,100
information_random_4,information,random,4,1114646,771368,padded_control,7,encoder_block_7,-0.4289188385009765,68,100,100
information_random_4,information,random,4,1114646,771368,padded_control,8,encoder_block_8,-0.4265203475952148,74,100,100
information_random_4,information,random,4,1114646,771368,padded_control,9,encoder_block_9,-0.081475019454956,66,100,100
information_random_4,information,random,4,1114646,771368,padded_control,10,encoder_block_10,-0.3175179958343506,26,100,100
information_random_4,information,random,4,1114646,771368,padded_control,11,encoder_block_11,0.1331710815429687,10,100,100
information_random_4,information,random,4,1114646,771368,padded_control,12,encoder_block_12,-5.500943183898926,21,100,100
information_random_4,information,random,4,1114646,771368,attack,0,embedding,0.5648140907287598,54,100,100
information_random_4,information,random,4,1114646,771368,attack,1,encoder_block_1,-0.4641170501708984,92,100,100
information_random_4,information,random,4,1114646,771368,attack,2,encoder_block_2,-0.6889677047729492,99,100,100
information_random_4,information,random,4,1114646,771368,attack,3,encoder_block_3,-0.5960052013397217,99,100,100
information_random_4,information,random,4,1114646,771368,attack,4,encoder_block_4,-0.6510345935821533,99,100,100
information_random_4,information,random,4,1114646,771368,attack,5,encoder_block_5,-0.5225169658660889,87,100,100
information_random_4,information,random,4,1114646,771368,attack,6,encoder_block_6,-0.70261549949646,95,100,100
information_random_4,information,random,4,1114646,771368,attack,7,encoder_block_7,-0.7142472267150879,91,100,100
information_random_4,information,random,4,1114646,771368,attack,8,encoder_block_8,-0.629345178604126,91,100,100
information_random_4,information,random,4,1114646,771368,attack,9,encoder_block_9,-0.3036344051361084,79,100,100
information_random_4,information,random,4,1114646,771368,attack,10,encoder_block_10,-0.5097393989562988,42,100,100
information_random_4,information,random,4,1114646,771368,attack,11,encoder_block_11,-0.0034747123718261,13,100,100
information_random_4,information,random,4,1114646,771368,attack,12,encoder_block_12,-5.425210952758789,20,100,100
information_random_4,information,random,4,1114819,4890560,original,0,embedding,0.4533338546752929,74,100,100
information_random_4,information,random,4,1114819,4890560,original,1,encoder_block_1,0.5171561241149902,62,100,100
information_random_4,information,random,4,1114819,4890560,original,2,encoder_block_2,0.8233966827392578,50,100,100
information_random_4,information,random,4,1114819,4890560,original,3,encoder_block_3,0.8937191963195801,54,100,100
information_random_4,information,random,4,1114819,4890560,original,4,encoder_block_4,0.6585564613342285,71,100,100
information_random_4,information,random,4,1114819,4890560,original,5,encoder_block_5,0.5514228343963623,55,100,100
information_random_4,information,random,4,1114819,4890560,original,6,encoder_block_6,0.5663638114929199,51,100,100
information_random_4,information,random,4,1114819,4890560,original,7,encoder_block_7,0.6742615699768066,21,100,100
information_random_4,information,random,4,1114819,4890560,original,8,encoder_block_8,0.9947500228881836,15,100,100
information_random_4,information,random,4,1114819,4890560,original,9,encoder_block_9,1.2763137817382812,11,100,100
information_random_4,information,random,4,1114819,4890560,original,10,encoder_block_10,1.5079107284545898,7,100,100
information_random_4,information,random,4,1114819,4890560,original,11,encoder_block_11,3.185642719268799,6,100,100
information_random_4,information,random,4,1114819,4890560,original,12,encoder_block_12,5.389177322387695,5,100,100
information_random_4,information,random,4,1114819,4890560,padded_control,0,embedding,0.4533338546752929,74,100,100
information_random_4,information,random,4,1114819,4890560,padded_control,1,encoder_block_1,0.5155634880065918,62,100,100
information_random_4,information,random,4,1114819,4890560,padded_control,2,encoder_block_2,0.8083019256591797,51,100,100
information_random_4,information,random,4,1114819,4890560,padded_control,3,encoder_block_3,0.8824906349182129,55,100,100
information_random_4,information,random,4,1114819,4890560,padded_control,4,encoder_block_4,0.6300358772277832,77,100,100
information_random_4,information,random,4,1114819,4890560,padded_control,5,encoder_block_5,0.5326595306396484,59,100,100
information_random_4,information,random,4,1114819,4890560,padded_control,6,encoder_block_6,0.5507373809814453,53,100,100
information_random_4,information,random,4,1114819,4890560,padded_control,7,encoder_block_7,0.6775274276733398,20,100,100
information_random_4,information,random,4,1114819,4890560,padded_control,8,encoder_block_8,1.002260684967041,14,100,100
information_random_4,information,random,4,1114819,4890560,padded_control,9,encoder_block_9,1.298262357711792,10,100,100
information_random_4,information,random,4,1114819,4890560,padded_control,10,encoder_block_10,1.5414295196533203,7,100,100
information_random_4,information,random,4,1114819,4890560,padded_control,11,encoder_block_11,3.218874931335449,6,100,100
information_random_4,information,random,4,1114819,4890560,padded_control,12,encoder_block_12,5.414918899536133,5,100,100
information_random_4,information,random,4,1114819,4890560,attack,0,embedding,0.0506832599639892,98,100,100
information_random_4,information,random,4,1114819,4890560,attack,1,encoder_block_1,0.2599544525146484,86,100,100
information_random_4,information,random,4,1114819,4890560,attack,2,encoder_block_2,0.4951286315917969,83,100,100
information_random_4,information,random,4,1114819,4890560,attack,3,encoder_block_3,0.6010172367095947,82,100,100
information_random_4,information,random,4,1114819,4890560,attack,4,encoder_block_4,0.3851280212402344,91,100,100
information_random_4,information,random,4,1114819,4890560,attack,5,encoder_block_5,0.3818521499633789,87,100,100
information_random_4,information,random,4,1114819,4890560,attack,6,encoder_block_6,0.4118416309356689,81,100,100
information_random_4,information,random,4,1114819,4890560,attack,7,encoder_block_7,0.4979772567749023,52,100,100
information_random_4,information,random,4,1114819,4890560,attack,8,encoder_block_8,0.8895487785339355,20,100,100
information_random_4,information,random,4,1114819,4890560,attack,9,encoder_block_9,1.2154507637023926,14,100,100
information_random_4,information,random,4,1114819,4890560,attack,10,encoder_block_10,1.5273525714874268,7,100,100
information_random_4,information,random,4,1114819,4890560,attack,11,encoder_block_11,3.184021472930908,6,100,100
information_random_4,information,random,4,1114819,4890560,attack,12,encoder_block_12,5.548784255981445,5,100,100
information_random_4,information,random,4,1115776,8106318,original,0,embedding,0.4300417900085449,49,100,100
information_random_4,information,random,4,1115776,8106318,original,1,encoder_block_1,0.502161979675293,23,100,100
information_random_4,information,random,4,1115776,8106318,original,2,encoder_block_2,0.6687197685241699,23,100,100
information_random_4,information,random,4,1115776,8106318,original,3,encoder_block_3,0.8330013751983643,15,100,100
information_random_4,information,random,4,1115776,8106318,original,4,encoder_block_4,0.862576961517334,16,100,100
information_random_4,information,random,4,1115776,8106318,original,5,encoder_block_5,0.6732587814331055,15,100,100
information_random_4,information,random,4,1115776,8106318,original,6,encoder_block_6,0.6080319881439209,17,100,100
information_random_4,information,random,4,1115776,8106318,original,7,encoder_block_7,0.5627334117889404,17,100,100
information_random_4,information,random,4,1115776,8106318,original,8,encoder_block_8,0.5992584228515625,19,100,100
information_random_4,information,random,4,1115776,8106318,original,9,encoder_block_9,0.4895627498626709,24,100,100
information_random_4,information,random,4,1115776,8106318,original,10,encoder_block_10,-0.3291569948196411,28,100,100
information_random_4,information,random,4,1115776,8106318,original,11,encoder_block_11,-0.3736042976379394,19,100,100
information_random_4,information,random,4,1115776,8106318,original,12,encoder_block_12,-3.873445987701416,24,100,100
information_random_4,information,random,4,1115776,8106318,padded_control,0,embedding,0.4300427436828613,49,100,100
information_random_4,information,random,4,1115776,8106318,padded_control,1,encoder_block_1,0.5180292129516602,23,100,100
information_random_4,information,random,4,1115776,8106318,padded_control,2,encoder_block_2,0.6920714378356934,22,100,100
information_random_4,information,random,4,1115776,8106318,padded_control,3,encoder_block_3,0.8379836082458496,15,100,100
information_random_4,information,random,4,1115776,8106318,padded_control,4,encoder_block_4,0.8619117736816406,16,100,100
information_random_4,information,random,4,1115776,8106318,padded_control,5,encoder_block_5,0.6600549221038818,15,100,100
information_random_4,information,random,4,1115776,8106318,padded_control,6,encoder_block_6,0.6018283367156982,17,100,100
information_random_4,information,random,4,1115776,8106318,padded_control,7,encoder_block_7,0.5468533039093018,19,100,100
information_random_4,information,random,4,1115776,8106318,padded_control,8,encoder_block_8,0.5858273506164551,19,100,100
information_random_4,information,random,4,1115776,8106318,padded_control,9,encoder_block_9,0.4863979816436767,24,100,100
information_random_4,information,random,4,1115776,8106318,padded_control,10,encoder_block_10,-0.2919178009033203,24,100,100
information_random_4,information,random,4,1115776,8106318,padded_control,11,encoder_block_11,-0.2472726106643676,16,100,100
information_random_4,information,random,4,1115776,8106318,padded_control,12,encoder_block_12,-3.568746566772461,24,100,100
information_random_4,information,random,4,1115776,8106318,attack,0,embedding,0.1452116966247558,78,100,100
information_random_4,information,random,4,1115776,8106318,attack,1,encoder_block_1,0.2711081504821777,37,100,100
information_random_4,information,random,4,1115776,8106318,attack,2,encoder_block_2,0.3513586521148681,36,100,100
information_random_4,information,random,4,1115776,8106318,attack,3,encoder_block_3,0.6460297107696533,26,100,100
information_random_4,information,random,4,1115776,8106318,attack,4,encoder_block_4,0.7463793754577637,20,100,100
information_random_4,information,random,4,1115776,8106318,attack,5,encoder_block_5,0.6002097129821777,17,100,100
information_random_4,information,random,4,1115776,8106318,attack,6,encoder_block_6,0.4887468814849853,24,100,100
information_random_4,information,random,4,1115776,8106318,attack,7,encoder_block_7,0.4566740989685058,27,100,100
information_random_4,information,random,4,1115776,8106318,attack,8,encoder_block_8,0.5386054515838623,22,100,100
information_random_4,information,random,4,1115776,8106318,attack,9,encoder_block_9,0.4842588901519775,24,100,100
information_random_4,information,random,4,1115776,8106318,attack,10,encoder_block_10,-0.3081703186035156,27,100,100
information_random_4,information,random,4,1115776,8106318,attack,11,encoder_block_11,-0.2203471660614013,15,100,100
information_random_4,information,random,4,1115776,8106318,attack,12,encoder_block_12,-4.0901312828063965,24,100,100
information_random_4,information,random,4,1117099,1798620,original,0,embedding,-0.1211490631103515,89,100,100
information_random_4,information,random,4,1117099,1798620,original,1,encoder_block_1,-0.0816750526428222,69,100,100
information_random_4,information,random,4,1117099,1798620,original,2,encoder_block_2,0.1976561546325683,46,100,100
information_random_4,information,random,4,1117099,1798620,original,3,encoder_block_3,0.3560729026794433,32,100,100
information_random_4,information,random,4,1117099,1798620,original,4,encoder_block_4,0.4609498977661133,22,100,100
information_random_4,information,random,4,1117099,1798620,original,5,encoder_block_5,0.4454104900360107,20,100,100
information_random_4,information,random,4,1117099,1798620,original,6,encoder_block_6,0.2973945140838623,36,100,100
information_random_4,information,random,4,1117099,1798620,original,7,encoder_block_7,0.1617908477783203,43,100,100
information_random_4,information,random,4,1117099,1798620,original,8,encoder_block_8,0.1823940277099609,48,100,100
information_random_4,information,random,4,1117099,1798620,original,9,encoder_block_9,0.4112563133239746,37,100,100
information_random_4,information,random,4,1117099,1798620,original,10,encoder_block_10,0.5146245956420898,41,100,100
information_random_4,information,random,4,1117099,1798620,original,11,encoder_block_11,1.436370611190796,24,100,100
information_random_4,information,random,4,1117099,1798620,original,12,encoder_block_12,1.5566261410713196,27,100,100
information_random_4,information,random,4,1117099,1798620,padded_control,0,embedding,-0.1211490631103515,89,100,100
information_random_4,information,random,4,1117099,1798620,padded_control,1,encoder_block_1,-0.09869384765625,72,100,100
information_random_4,information,random,4,1117099,1798620,padded_control,2,encoder_block_2,0.1826839447021484,47,100,100
information_random_4,information,random,4,1117099,1798620,padded_control,3,encoder_block_3,0.35491943359375,32,100,100
information_random_4,information,random,4,1117099,1798620,padded_control,4,encoder_block_4,0.4575319290161133,23,100,100
information_random_4,information,random,4,1117099,1798620,padded_control,5,encoder_block_5,0.4380612373352051,20,100,100
information_random_4,information,random,4,1117099,1798620,padded_control,6,encoder_block_6,0.3024711608886719,35,100,100
information_random_4,information,random,4,1117099,1798620,padded_control,7,encoder_block_7,0.1568179130554199,43,100,100
information_random_4,information,random,4,1117099,1798620,padded_control,8,encoder_block_8,0.1704638004302978,48,100,100
information_random_4,information,random,4,1117099,1798620,padded_control,9,encoder_block_9,0.408146858215332,37,100,100
information_random_4,information,random,4,1117099,1798620,padded_control,10,encoder_block_10,0.4896135330200195,42,100,100
information_random_4,information,random,4,1117099,1798620,padded_control,11,encoder_block_11,1.4257378578186035,24,100,100
information_random_4,information,random,4,1117099,1798620,padded_control,12,encoder_block_12,1.4379878044128418,28,100,100
information_random_4,information,random,4,1117099,1798620,attack,0,embedding,-0.3666214942932129,94,100,100
information_random_4,information,random,4,1117099,1798620,attack,1,encoder_block_1,-0.2015924453735351,78,100,100
information_random_4,information,random,4,1117099,1798620,attack,2,encoder_block_2,-0.0109953880310058,62,100,100
information_random_4,information,random,4,1117099,1798620,attack,3,encoder_block_3,0.2067494392395019,40,100,100
information_random_4,information,random,4,1117099,1798620,attack,4,encoder_block_4,0.3470320701599121,27,100,100
information_random_4,information,random,4,1117099,1798620,attack,5,encoder_block_5,0.3460531234741211,28,100,100
information_random_4,information,random,4,1117099,1798620,attack,6,encoder_block_6,0.2212998867034912,39,100,100
information_random_4,information,random,4,1117099,1798620,attack,7,encoder_block_7,0.0862646102905273,48,100,100
information_random_4,information,random,4,1117099,1798620,attack,8,encoder_block_8,0.1085455417633056,53,100,100
information_random_4,information,random,4,1117099,1798620,attack,9,encoder_block_9,0.3334567546844482,39,100,100
information_random_4,information,random,4,1117099,1798620,attack,10,encoder_block_10,0.4898457527160644,42,100,100
information_random_4,information,random,4,1117099,1798620,attack,11,encoder_block_11,1.4428720474243164,24,100,100
information_random_4,information,random,4,1117099,1798620,attack,12,encoder_block_12,1.5035828948020935,27,100,100
information_random_4,information,random,4,1121402,188213,original,0,embedding,0.8888998031616211,35,100,100
information_random_4,information,random,4,1121402,188213,original,1,encoder_block_1,0.5044467449188232,49,100,100
information_random_4,information,random,4,1121402,188213,original,2,encoder_block_2,0.639972448348999,37,100,100
information_random_4,information,random,4,1121402,188213,original,3,encoder_block_3,0.7044320106506348,34,100,100
information_random_4,information,random,4,1121402,188213,original,4,encoder_block_4,0.7869665622711182,29,100,100
information_random_4,information,random,4,1121402,188213,original,5,encoder_block_5,0.8197591304779053,25,100,100
information_random_4,information,random,4,1121402,188213,original,6,encoder_block_6,0.8877537250518799,13,100,100
information_random_4,information,random,4,1121402,188213,original,7,encoder_block_7,0.9868974685668944,11,100,100
information_random_4,information,random,4,1121402,188213,original,8,encoder_block_8,1.233314037322998,7,100,100
information_random_4,information,random,4,1121402,188213,original,9,encoder_block_9,1.2798562049865725,4,100,100
information_random_4,information,random,4,1121402,188213,original,10,encoder_block_10,1.5612616539001465,1,100,100
information_random_4,information,random,4,1121402,188213,original,11,encoder_block_11,3.2060556411743164,2,100,100
information_random_4,information,random,4,1121402,188213,original,12,encoder_block_12,5.673476219177246,7,100,100
information_random_4,information,random,4,1121402,188213,padded_control,0,embedding,0.8889002799987793,35,100,100
information_random_4,information,random,4,1121402,188213,padded_control,1,encoder_block_1,0.5172557830810547,48,100,100
information_random_4,information,random,4,1121402,188213,padded_control,2,encoder_block_2,0.6432900428771973,37,100,100
information_random_4,information,random,4,1121402,188213,padded_control,3,encoder_block_3,0.6997818946838379,34,100,100
information_random_4,information,random,4,1121402,188213,padded_control,4,encoder_block_4,0.7803897857666016,30,100,100
information_random_4,information,random,4,1121402,188213,padded_control,5,encoder_block_5,0.8087117671966553,25,100,100
information_random_4,information,random,4,1121402,188213,padded_control,6,encoder_block_6,0.8780653476715088,14,100,100
information_random_4,information,random,4,1121402,188213,padded_control,7,encoder_block_7,0.9688878059387208,12,100,100
information_random_4,information,random,4,1121402,188213,padded_control,8,encoder_block_8,1.2114133834838867,7,100,100
information_random_4,information,random,4,1121402,188213,padded_control,9,encoder_block_9,1.264209270477295,4,100,100
information_random_4,information,random,4,1121402,188213,padded_control,10,encoder_block_10,1.5570030212402344,1,100,100
information_random_4,information,random,4,1121402,188213,padded_control,11,encoder_block_11,3.2046937942504883,2,100,100
information_random_4,information,random,4,1121402,188213,padded_control,12,encoder_block_12,5.67176628112793,7,100,100
information_random_4,information,random,4,1121402,188213,attack,0,embedding,0.5576009750366211,61,100,100
information_random_4,information,random,4,1121402,188213,attack,1,encoder_block_1,0.1776685714721679,71,100,100
information_random_4,information,random,4,1121402,188213,attack,2,encoder_block_2,0.2761685848236084,70,100,100
information_random_4,information,random,4,1121402,188213,attack,3,encoder_block_3,0.4019231796264648,61,100,100
information_random_4,information,random,4,1121402,188213,attack,4,encoder_block_4,0.5396742820739746,45,100,100
information_random_4,information,random,4,1121402,188213,attack,5,encoder_block_5,0.5514659881591797,41,100,100
information_random_4,information,random,4,1121402,188213,attack,6,encoder_block_6,0.5883975028991699,36,100,100
information_random_4,information,random,4,1121402,188213,attack,7,encoder_block_7,0.6111860275268555,32,100,100
information_random_4,information,random,4,1121402,188213,attack,8,encoder_block_8,0.9015955924987792,20,100,100
information_random_4,information,random,4,1121402,188213,attack,9,encoder_block_9,1.0581023693084717,9,100,100
information_random_4,information,random,4,1121402,188213,attack,10,encoder_block_10,1.285801649093628,2,100,100
information_random_4,information,random,4,1121402,188213,attack,11,encoder_block_11,2.970434665679932,2,100,100
information_random_4,information,random,4,1121402,188213,attack,12,encoder_block_12,5.615836143493652,7,100,100
information_random_4,information,random,4,1121709,4965913,original,0,embedding,0.8041567802429199,23,100,100
information_random_4,information,random,4,1121709,4965913,original,1,encoder_block_1,0.7356715202331543,12,100,100
information_random_4,information,random,4,1121709,4965913,original,2,encoder_block_2,0.9515345096588136,21,100,100
information_random_4,information,random,4,1121709,4965913,original,3,encoder_block_3,0.9222359657287598,20,100,100
information_random_4,information,random,4,1121709,4965913,original,4,encoder_block_4,1.121793270111084,19,100,100
information_random_4,information,random,4,1121709,4965913,original,5,encoder_block_5,0.9158687591552734,24,100,100
information_random_4,information,random,4,1121709,4965913,original,6,encoder_block_6,0.9815237522125244,22,100,100
information_random_4,information,random,4,1121709,4965913,original,7,encoder_block_7,0.7581958770751953,54,100,100
information_random_4,information,random,4,1121709,4965913,original,8,encoder_block_8,0.6804499626159668,57,100,100
information_random_4,information,random,4,1121709,4965913,original,9,encoder_block_9,0.7687574625015259,60,100,100
information_random_4,information,random,4,1121709,4965913,original,10,encoder_block_10,-0.2624013423919678,86,100,100
information_random_4,information,random,4,1121709,4965913,original,11,encoder_block_11,-3.231502056121826,72,100,100
information_random_4,information,random,4,1121709,4965913,original,12,encoder_block_12,-13.548770904541016,86,100,100
information_random_4,information,random,4,1121709,4965913,padded_control,0,embedding,0.8041567802429199,23,100,100
information_random_4,information,random,4,1121709,4965913,padded_control,1,encoder_block_1,0.7301187515258789,13,100,100
information_random_4,information,random,4,1121709,4965913,padded_control,2,encoder_block_2,0.9396800994873048,21,100,100
information_random_4,information,random,4,1121709,4965913,padded_control,3,encoder_block_3,0.9115328788757324,20,100,100
information_random_4,information,random,4,1121709,4965913,padded_control,4,encoder_block_4,1.1092712879180908,20,100,100
information_random_4,information,random,4,1121709,4965913,padded_control,5,encoder_block_5,0.900022029876709,25,100,100
information_random_4,information,random,4,1121709,4965913,padded_control,6,encoder_block_6,0.970435380935669,24,100,100
information_random_4,information,random,4,1121709,4965913,padded_control,7,encoder_block_7,0.7446401119232178,54,100,100
information_random_4,information,random,4,1121709,4965913,padded_control,8,encoder_block_8,0.6739439964294434,57,100,100
information_random_4,information,random,4,1121709,4965913,padded_control,9,encoder_block_9,0.7813299894332886,60,100,100
information_random_4,information,random,4,1121709,4965913,padded_control,10,encoder_block_10,-0.2825787663459778,87,100,100
information_random_4,information,random,4,1121709,4965913,padded_control,11,encoder_block_11,-3.308875799179077,73,100,100
information_random_4,information,random,4,1121709,4965913,padded_control,12,encoder_block_12,-13.567190170288086,87,100,100
information_random_4,information,random,4,1121709,4965913,attack,0,embedding,0.5829787254333496,44,100,100
information_random_4,information,random,4,1121709,4965913,attack,1,encoder_block_1,0.6569781303405762,13,100,100
information_random_4,information,random,4,1121709,4965913,attack,2,encoder_block_2,0.8374166488647461,27,100,100
information_random_4,information,random,4,1121709,4965913,attack,3,encoder_block_3,0.8527505397796631,24,100,100
information_random_4,information,random,4,1121709,4965913,attack,4,encoder_block_4,1.0563979148864746,22,100,100
information_random_4,information,random,4,1121709,4965913,attack,5,encoder_block_5,0.8782958984375,29,100,100
information_random_4,information,random,4,1121709,4965913,attack,6,encoder_block_6,0.9401029348373412,25,100,100
information_random_4,information,random,4,1121709,4965913,attack,7,encoder_block_7,0.6998138427734375,56,100,100
information_random_4,information,random,4,1121709,4965913,attack,8,encoder_block_8,0.6224749088287354,61,100,100
information_random_4,information,random,4,1121709,4965913,attack,9,encoder_block_9,0.7585301399230957,60,100,100
information_random_4,information,random,4,1121709,4965913,attack,10,encoder_block_10,-0.1920035481452942,78,100,100
information_random_4,information,random,4,1121709,4965913,attack,11,encoder_block_11,-3.4003381729125977,74,100,100
information_random_4,information,random,4,1121709,4965913,attack,12,encoder_block_12,-13.63166046142578,90,100,100
information_random_4,information,random,4,1124210,8026740,original,0,embedding,0.7269232273101807,17,100,100
information_random_4,information,random,4,1124210,8026740,original,1,encoder_block_1,0.4585821628570556,30,100,100
information_random_4,information,random,4,1124210,8026740,original,2,encoder_block_2,0.5466594696044922,33,100,100
information_random_4,information,random,4,1124210,8026740,original,3,encoder_block_3,0.7159969806671143,25,100,100
information_random_4,information,random,4,1124210,8026740,original,4,encoder_block_4,0.8464562892913818,19,100,100
information_random_4,information,random,4,1124210,8026740,original,5,encoder_block_5,0.8713822364807129,11,100,100
information_random_4,information,random,4,1124210,8026740,original,6,encoder_block_6,0.7868921756744385,11,100,100
information_random_4,information,random,4,1124210,8026740,original,7,encoder_block_7,0.9112682342529296,10,100,100
information_random_4,information,random,4,1124210,8026740,original,8,encoder_block_8,0.8616187572479248,13,100,100
information_random_4,information,random,4,1124210,8026740,original,9,encoder_block_9,0.9398579597473145,9,100,100
information_random_4,information,random,4,1124210,8026740,original,10,encoder_block_10,0.7700507640838623,8,100,100
information_random_4,information,random,4,1124210,8026740,original,11,encoder_block_11,0.5469598770141602,18,100,100
information_random_4,information,random,4,1124210,8026740,original,12,encoder_block_12,-1.4280482530593872,20,100,100
information_random_4,information,random,4,1124210,8026740,padded_control,0,embedding,0.7269225120544434,17,100,100
information_random_4,information,random,4,1124210,8026740,padded_control,1,encoder_block_1,0.451648473739624,31,100,100
information_random_4,information,random,4,1124210,8026740,padded_control,2,encoder_block_2,0.5351500511169434,33,100,100
information_random_4,information,random,4,1124210,8026740,padded_control,3,encoder_block_3,0.7040667533874512,25,100,100
information_random_4,information,random,4,1124210,8026740,padded_control,4,encoder_block_4,0.8358418941497803,19,100,100
information_random_4,information,random,4,1124210,8026740,padded_control,5,encoder_block_5,0.8615360260009766,11,100,100
information_random_4,information,random,4,1124210,8026740,padded_control,6,encoder_block_6,0.776768684387207,11,100,100
information_random_4,information,random,4,1124210,8026740,padded_control,7,encoder_block_7,0.8988728523254395,11,100,100
information_random_4,information,random,4,1124210,8026740,padded_control,8,encoder_block_8,0.84549880027771,13,100,100
information_random_4,information,random,4,1124210,8026740,padded_control,9,encoder_block_9,0.9235851764678956,10,100,100
information_random_4,information,random,4,1124210,8026740,padded_control,10,encoder_block_10,0.7566983699798584,9,100,100
information_random_4,information,random,4,1124210,8026740,padded_control,11,encoder_block_11,0.5150556564331055,19,100,100
information_random_4,information,random,4,1124210,8026740,padded_control,12,encoder_block_12,-1.4555243253707886,20,100,100
information_random_4,information,random,4,1124210,8026740,attack,0,embedding,0.4918200969696045,46,100,100
information_random_4,information,random,4,1124210,8026740,attack,1,encoder_block_1,0.2438480854034423,53,100,100
information_random_4,information,random,4,1124210,8026740,attack,2,encoder_block_2,0.2998168468475342,60,100,100
information_random_4,information,random,4,1124210,8026740,attack,3,encoder_block_3,0.5370900630950928,40,100,100
information_random_4,information,random,4,1124210,8026740,attack,4,encoder_block_4,0.6905062198638916,32,100,100
information_random_4,information,random,4,1124210,8026740,attack,5,encoder_block_5,0.7366104125976562,13,100,100
information_random_4,information,random,4,1124210,8026740,attack,6,encoder_block_6,0.6524901390075684,17,100,100
information_random_4,information,random,4,1124210,8026740,attack,7,encoder_block_7,0.7392106056213379,23,100,100
information_random_4,information,random,4,1124210,8026740,attack,8,encoder_block_8,0.7847833633422852,14,100,100
information_random_4,information,random,4,1124210,8026740,attack,9,encoder_block_9,0.883305549621582,13,100,100
information_random_4,information,random,4,1124210,8026740,attack,10,encoder_block_10,0.7445549964904785,9,100,100
information_random_4,information,random,4,1124210,8026740,attack,11,encoder_block_11,0.5957229137420654,16,100,100
information_random_4,information,random,4,1124210,8026740,attack,12,encoder_block_12,-1.052118718624115,17,100,100
information_random_4,information,random,4,1129237,128984,original,0,embedding,-0.4268803596496582,76,100,100
information_random_4,information,random,4,1129237,128984,original,1,encoder_block_1,-0.4387106895446777,60,100,100
information_random_4,information,random,4,1129237,128984,original,2,encoder_block_2,-0.1150264739990234,58,100,100
information_random_4,information,random,4,1129237,128984,original,3,encoder_block_3,0.0110878944396972,48,100,100
information_random_4,information,random,4,1129237,128984,original,4,encoder_block_4,-0.0581402778625488,57,100,100
information_random_4,information,random,4,1129237,128984,original,5,encoder_block_5,-0.2186312675476074,57,100,100
information_random_4,information,random,4,1129237,128984,original,6,encoder_block_6,-0.3394663333892822,68,100,100
information_random_4,information,random,4,1129237,128984,original,7,encoder_block_7,-0.3060479164123535,58,100,100
information_random_4,information,random,4,1129237,128984,original,8,encoder_block_8,-0.2279157638549804,53,100,100
information_random_4,information,random,4,1129237,128984,original,9,encoder_block_9,0.054624319076538,30,100,100
information_random_4,information,random,4,1129237,128984,original,10,encoder_block_10,0.5939323902130127,8,100,100
information_random_4,information,random,4,1129237,128984,original,11,encoder_block_11,2.355377674102783,3,100,100
information_random_4,information,random,4,1129237,128984,original,12,encoder_block_12,3.980635643005371,3,100,100
information_random_4,information,random,4,1129237,128984,padded_control,0,embedding,-0.4268817901611328,76,100,100
information_random_4,information,random,4,1129237,128984,padded_control,1,encoder_block_1,-0.4346346855163574,60,100,100
information_random_4,information,random,4,1129237,128984,padded_control,2,encoder_block_2,-0.1125116348266601,58,100,100
information_random_4,information,random,4,1129237,128984,padded_control,3,encoder_block_3,0.009033203125,48,100,100
information_random_4,information,random,4,1129237,128984,padded_control,4,encoder_block_4,-0.055450439453125,57,100,100
information_random_4,information,random,4,1129237,128984,padded_control,5,encoder_block_5,-0.2238078117370605,57,100,100
information_random_4,information,random,4,1129237,128984,padded_control,6,encoder_block_6,-0.3400611877441406,68,100,100
information_random_4,information,random,4,1129237,128984,padded_control,7,encoder_block_7,-0.3107967376708984,59,100,100
information_random_4,information,random,4,1129237,128984,padded_control,8,encoder_block_8,-0.232736587524414,53,100,100
information_random_4,information,random,4,1129237,128984,padded_control,9,encoder_block_9,0.0445137023925781,31,100,100
information_random_4,information,random,4,1129237,128984,padded_control,10,encoder_block_10,0.5776786804199219,8,100,100
information_random_4,information,random,4,1129237,128984,padded_control,11,encoder_block_11,2.346940517425537,3,100,100
information_random_4,information,random,4,1129237,128984,padded_control,12,encoder_block_12,3.965338706970215,3,100,100
information_random_4,information,random,4,1129237,128984,attack,0,embedding,-0.7419023513793945,93,100,100
information_random_4,information,random,4,1129237,128984,attack,1,encoder_block_1,-0.6237368583679199,70,100,100
information_random_4,information,random,4,1129237,128984,attack,2,encoder_block_2,-0.359283447265625,75,100,100
information_random_4,information,random,4,1129237,128984,attack,3,encoder_block_3,-0.2089881896972656,68,100,100
information_random_4,information,random,4,1129237,128984,attack,4,encoder_block_4,-0.2159671783447265,74,100,100
information_random_4,information,random,4,1129237,128984,attack,5,encoder_block_5,-0.3317713737487793,70,100,100
information_random_4,information,random,4,1129237,128984,attack,6,encoder_block_6,-0.4345941543579101,75,100,100
information_random_4,information,random,4,1129237,128984,attack,7,encoder_block_7,-0.4211413860321045,73,100,100
information_random_4,information,random,4,1129237,128984,attack,8,encoder_block_8,-0.2969217300415039,62,100,100
information_random_4,information,random,4,1129237,128984,attack,9,encoder_block_9,-0.0634815692901611,40,100,100
information_random_4,information,random,4,1129237,128984,attack,10,encoder_block_10,0.4285371303558349,8,100,100
information_random_4,information,random,4,1129237,128984,attack,11,encoder_block_11,2.167144060134888,4,100,100
information_random_4,information,random,4,1129237,128984,attack,12,encoder_block_12,3.755216598510742,3,100,100
information_random_4,information,random,4,1133167,6467522,original,0,embedding,-0.6135129928588867,76,100,100
information_random_4,information,random,4,1133167,6467522,original,1,encoder_block_1,-0.2902951240539551,45,100,100
information_random_4,information,random,4,1133167,6467522,original,2,encoder_block_2,-0.3189535140991211,63,100,100
information_random_4,information,random,4,1133167,6467522,original,3,encoder_block_3,-0.3630611896514892,62,100,100
information_random_4,information,random,4,1133167,6467522,original,4,encoder_block_4,-0.0748136043548584,49,100,100
information_random_4,information,random,4,1133167,6467522,original,5,encoder_block_5,-0.0454061031341552,29,100,100
information_random_4,information,random,4,1133167,6467522,original,6,encoder_block_6,-0.0803050994873046,41,100,100
information_random_4,information,random,4,1133167,6467522,original,7,encoder_block_7,-0.1687588691711425,61,100,100
information_random_4,information,random,4,1133167,6467522,original,8,encoder_block_8,-0.0124731063842773,53,100,100
information_random_4,information,random,4,1133167,6467522,original,9,encoder_block_9,0.0904874801635742,52,100,100
information_random_4,information,random,4,1133167,6467522,original,10,encoder_block_10,-0.5169878005981445,63,100,100
information_random_4,information,random,4,1133167,6467522,original,11,encoder_block_11,-0.0270392894744873,60,100,100
information_random_4,information,random,4,1133167,6467522,original,12,encoder_block_12,-0.1112823486328125,67,100,100
information_random_4,information,random,4,1133167,6467522,padded_control,0,embedding,-0.6135144233703613,76,100,100
information_random_4,information,random,4,1133167,6467522,padded_control,1,encoder_block_1,-0.2698073387145996,43,100,100
information_random_4,information,random,4,1133167,6467522,padded_control,2,encoder_block_2,-0.3049254417419433,62,100,100
information_random_4,information,random,4,1133167,6467522,padded_control,3,encoder_block_3,-0.3504390716552734,62,100,100
information_random_4,information,random,4,1133167,6467522,padded_control,4,encoder_block_4,-0.0703742504119873,47,100,100
information_random_4,information,random,4,1133167,6467522,padded_control,5,encoder_block_5,-0.0382831096649169,29,100,100
information_random_4,information,random,4,1133167,6467522,padded_control,6,encoder_block_6,-0.0817906856536865,41,100,100
information_random_4,information,random,4,1133167,6467522,padded_control,7,encoder_block_7,-0.1612012386322021,60,100,100
information_random_4,information,random,4,1133167,6467522,padded_control,8,encoder_block_8,-0.0088100433349609,53,100,100
information_random_4,information,random,4,1133167,6467522,padded_control,9,encoder_block_9,0.0967893600463867,52,100,100
information_random_4,information,random,4,1133167,6467522,padded_control,10,encoder_block_10,-0.5241026878356934,63,100,100
information_random_4,information,random,4,1133167,6467522,padded_control,11,encoder_block_11,0.0129413604736328,60,100,100
information_random_4,information,random,4,1133167,6467522,padded_control,12,encoder_block_12,-0.0544101595878601,67,100,100
information_random_4,information,random,4,1133167,6467522,attack,0,embedding,-0.7834291458129883,96,100,100
information_random_4,information,random,4,1133167,6467522,attack,1,encoder_block_1,-0.451634407043457,65,100,100
information_random_4,information,random,4,1133167,6467522,attack,2,encoder_block_2,-0.5529880523681641,87,100,100
information_random_4,information,random,4,1133167,6467522,attack,3,encoder_block_3,-0.5146317481994629,82,100,100
information_random_4,information,random,4,1133167,6467522,attack,4,encoder_block_4,-0.2182250022888183,66,100,100
information_random_4,information,random,4,1133167,6467522,attack,5,encoder_block_5,-0.0752930641174316,32,100,100
information_random_4,information,random,4,1133167,6467522,attack,6,encoder_block_6,-0.0981330871582031,45,100,100
information_random_4,information,random,4,1133167,6467522,attack,7,encoder_block_7,-0.1737184524536132,61,100,100
information_random_4,information,random,4,1133167,6467522,attack,8,encoder_block_8,-0.0295255184173584,54,100,100
information_random_4,information,random,4,1133167,6467522,attack,9,encoder_block_9,0.0622563362121582,57,100,100
information_random_4,information,random,4,1133167,6467522,attack,10,encoder_block_10,-0.5708327293395996,64,100,100
information_random_4,information,random,4,1133167,6467522,attack,11,encoder_block_11,-0.0763163566589355,63,100,100
information_random_4,information,random,4,1133167,6467522,attack,12,encoder_block_12,-0.1533935666084289,67,100,100
information_random_4,information,random,4,130510,7501563,original,0,embedding,0.2935273647308349,62,100,100
information_random_4,information,random,4,130510,7501563,original,1,encoder_block_1,-0.0269794464111328,63,100,100
information_random_4,information,random,4,130510,7501563,original,2,encoder_block_2,0.2684071063995361,54,100,100
information_random_4,information,random,4,130510,7501563,original,3,encoder_block_3,0.1043019294738769,54,100,100
information_random_4,information,random,4,130510,7501563,original,4,encoder_block_4,0.1415843963623047,43,100,100
information_random_4,information,random,4,130510,7501563,original,5,encoder_block_5,0.3153901100158691,31,100,100
information_random_4,information,random,4,130510,7501563,original,6,encoder_block_6,0.3311595916748047,22,100,100
information_random_4,information,random,4,130510,7501563,original,7,encoder_block_7,0.3659005165100097,25,100,100
information_random_4,information,random,4,130510,7501563,original,8,encoder_block_8,0.2777400016784668,38,100,100
information_random_4,information,random,4,130510,7501563,original,9,encoder_block_9,0.5110898017883301,26,100,100
information_random_4,information,random,4,130510,7501563,original,10,encoder_block_10,0.0353047847747802,47,100,100
information_random_4,information,random,4,130510,7501563,original,11,encoder_block_11,0.0545588731765747,20,100,100
information_random_4,information,random,4,130510,7501563,original,12,encoder_block_12,-6.9109601974487305,22,100,100
information_random_4,information,random,4,130510,7501563,padded_control,0,embedding,0.293527603149414,62,100,100
information_random_4,information,random,4,130510,7501563,padded_control,1,encoder_block_1,-0.0340838432312011,63,100,100
information_random_4,information,random,4,130510,7501563,padded_control,2,encoder_block_2,0.2634675502777099,54,100,100
information_random_4,information,random,4,130510,7501563,padded_control,3,encoder_block_3,0.1121597290039062,54,100,100
information_random_4,information,random,4,130510,7501563,padded_control,4,encoder_block_4,0.1621503829956054,43,100,100
information_random_4,information,random,4,130510,7501563,padded_control,5,encoder_block_5,0.3325405120849609,27,100,100
information_random_4,information,random,4,130510,7501563,padded_control,6,encoder_block_6,0.338003396987915,21,100,100
information_random_4,information,random,4,130510,7501563,padded_control,7,encoder_block_7,0.3737630844116211,23,100,100
information_random_4,information,random,4,130510,7501563,padded_control,8,encoder_block_8,0.2870039939880371,38,100,100
information_random_4,information,random,4,130510,7501563,padded_control,9,encoder_block_9,0.5096273422241211,26,100,100
information_random_4,information,random,4,130510,7501563,padded_control,10,encoder_block_10,0.0248960256576538,47,100,100
information_random_4,information,random,4,130510,7501563,padded_control,11,encoder_block_11,0.0455406904220581,20,100,100
information_random_4,information,random,4,130510,7501563,padded_control,12,encoder_block_12,-6.653238296508789,22,100,100
information_random_4,information,random,4,130510,7501563,attack,0,embedding,-0.009831428527832,85,100,100
information_random_4,information,random,4,130510,7501563,attack,1,encoder_block_1,-0.383554458618164,85,100,100
information_random_4,information,random,4,130510,7501563,attack,2,encoder_block_2,-0.0482566356658935,82,100,100
information_random_4,information,random,4,130510,7501563,attack,3,encoder_block_3,-0.0768165588378906,76,100,100
information_random_4,information,random,4,130510,7501563,attack,4,encoder_block_4,-0.0017230510711669,64,100,100
information_random_4,information,random,4,130510,7501563,attack,5,encoder_block_5,0.1926321983337402,39,100,100
information_random_4,information,random,4,130510,7501563,attack,6,encoder_block_6,0.2053247690200805,35,100,100
information_random_4,information,random,4,130510,7501563,attack,7,encoder_block_7,0.2651010751724243,34,100,100
information_random_4,information,random,4,130510,7501563,attack,8,encoder_block_8,0.2774639129638672,39,100,100
information_random_4,information,random,4,130510,7501563,attack,9,encoder_block_9,0.5550167560577393,24,100,100
information_random_4,information,random,4,130510,7501563,attack,10,encoder_block_10,0.1269598007202148,42,100,100
information_random_4,information,random,4,130510,7501563,attack,11,encoder_block_11,0.0781517624855041,20,100,100
information_random_4,information,random,4,130510,7501563,attack,12,encoder_block_12,-6.92673397064209,22,100,100
information_random_4,information,random,4,131843,985994,original,0,embedding,-0.4775824546813965,95,100,100
information_random_4,information,random,4,131843,985994,original,1,encoder_block_1,-0.5464203357696533,89,100,100
information_random_4,information,random,4,131843,985994,original,2,encoder_block_2,-0.438441514968872,95,100,100
information_random_4,information,random,4,131843,985994,original,3,encoder_block_3,-0.2846963405609131,91,100,100
information_random_4,information,random,4,131843,985994,original,4,encoder_block_4,-0.3300440311431885,95,100,100
information_random_4,information,random,4,131843,985994,original,5,encoder_block_5,-0.3477847576141357,96,100,100
information_random_4,information,random,4,131843,985994,original,6,encoder_block_6,-0.3066892623901367,98,100,100
information_random_4,information,random,4,131843,985994,original,7,encoder_block_7,-0.0828922986984252,91,100,100
information_random_4,information,random,4,131843,985994,original,8,encoder_block_8,0.124746561050415,52,100,100
information_random_4,information,random,4,131843,985994,original,9,encoder_block_9,0.4970574378967285,27,100,100
information_random_4,information,random,4,131843,985994,original,10,encoder_block_10,0.8721580505371094,5,100,100
information_random_4,information,random,4,131843,985994,original,11,encoder_block_11,2.727198600769043,3,100,100
information_random_4,information,random,4,131843,985994,original,12,encoder_block_12,4.251490592956543,3,100,100
information_random_4,information,random,4,131843,985994,padded_control,0,embedding,-0.4775824546813965,95,100,100
information_random_4,information,random,4,131843,985994,padded_control,1,encoder_block_1,-0.5360891819000244,89,100,100
information_random_4,information,random,4,131843,985994,padded_control,2,encoder_block_2,-0.4250781536102295,95,100,100
information_random_4,information,random,4,131843,985994,padded_control,3,encoder_block_3,-0.2675704956054687,91,100,100
information_random_4,information,random,4,131843,985994,padded_control,4,encoder_block_4,-0.3124020099639892,94,100,100
information_random_4,information,random,4,131843,985994,padded_control,5,encoder_block_5,-0.3304847478866577,96,100,100
information_random_4,information,random,4,131843,985994,padded_control,6,encoder_block_6,-0.2909862995147705,97,100,100
information_random_4,information,random,4,131843,985994,padded_control,7,encoder_block_7,-0.0437409877777099,90,100,100
information_random_4,information,random,4,131843,985994,padded_control,8,encoder_block_8,0.1661219596862793,45,100,100
information_random_4,information,random,4,131843,985994,padded_control,9,encoder_block_9,0.5387718677520752,24,100,100
information_random_4,information,random,4,131843,985994,padded_control,10,encoder_block_10,0.9851624965667723,4,100,100
information_random_4,information,random,4,131843,985994,padded_control,11,encoder_block_11,2.8300557136535645,2,100,100
information_random_4,information,random,4,131843,985994,padded_control,12,encoder_block_12,4.262105941772461,3,100,100
information_random_4,information,random,4,131843,985994,attack,0,embedding,-0.4402577877044678,94,100,100
information_random_4,information,random,4,131843,985994,attack,1,encoder_block_1,-0.562955379486084,89,100,100
information_random_4,information,random,4,131843,985994,attack,2,encoder_block_2,-0.5948348045349121,100,100,100
information_random_4,information,random,4,131843,985994,attack,3,encoder_block_3,-0.382965087890625,94,100,100
information_random_4,information,random,4,131843,985994,attack,4,encoder_block_4,-0.4142594337463379,98,100,100
information_random_4,information,random,4,131843,985994,attack,5,encoder_block_5,-0.3834908008575439,97,100,100
information_random_4,information,random,4,131843,985994,attack,6,encoder_block_6,-0.3402770757675171,99,100,100
information_random_4,information,random,4,131843,985994,attack,7,encoder_block_7,-0.1110012531280517,93,100,100
information_random_4,information,random,4,131843,985994,attack,8,encoder_block_8,0.1987670660018921,39,100,100
information_random_4,information,random,4,131843,985994,attack,9,encoder_block_9,0.5178573131561279,26,100,100
information_random_4,information,random,4,131843,985994,attack,10,encoder_block_10,0.9518790245056152,4,100,100
information_random_4,information,random,4,131843,985994,attack,11,encoder_block_11,2.73909330368042,3,100,100
information_random_4,information,random,4,131843,985994,attack,12,encoder_block_12,4.3562116622924805,2,100,100
information_random_4,information,random,4,146187,8434623,original,0,embedding,0.839080810546875,31,100,100
information_random_4,information,random,4,146187,8434623,original,1,encoder_block_1,0.5430335998535156,55,100,100
information_random_4,information,random,4,146187,8434623,original,2,encoder_block_2,0.6665821075439453,51,100,100
information_random_4,information,random,4,146187,8434623,original,3,encoder_block_3,0.8036625385284424,55,100,100
information_random_4,information,random,4,146187,8434623,original,4,encoder_block_4,1.0283384323120115,35,100,100
information_random_4,information,random,4,146187,8434623,original,5,encoder_block_5,0.9702348709106444,31,100,100
information_random_4,information,random,4,146187,8434623,original,6,encoder_block_6,1.1109793186187744,26,100,100
information_random_4,information,random,4,146187,8434623,original,7,encoder_block_7,1.2179179191589355,13,100,100
information_random_4,information,random,4,146187,8434623,original,8,encoder_block_8,1.15509033203125,12,100,100
information_random_4,information,random,4,146187,8434623,original,9,encoder_block_9,1.5319747924804688,3,100,100
information_random_4,information,random,4,146187,8434623,original,10,encoder_block_10,1.9369175434112549,2,100,100
information_random_4,information,random,4,146187,8434623,original,11,encoder_block_11,3.685793876647949,1,100,100
information_random_4,information,random,4,146187,8434623,original,12,encoder_block_12,6.538471221923828,1,100,100
information_random_4,information,random,4,146187,8434623,padded_control,0,embedding,0.8390812873840332,31,100,100
information_random_4,information,random,4,146187,8434623,padded_control,1,encoder_block_1,0.5452179908752441,55,100,100
information_random_4,information,random,4,146187,8434623,padded_control,2,encoder_block_2,0.6583213806152344,54,100,100
information_random_4,information,random,4,146187,8434623,padded_control,3,encoder_block_3,0.7985649108886719,55,100,100
information_random_4,information,random,4,146187,8434623,padded_control,4,encoder_block_4,1.0136213302612305,36,100,100
information_random_4,information,random,4,146187,8434623,padded_control,5,encoder_block_5,0.9506669044494628,34,100,100
information_random_4,information,random,4,146187,8434623,padded_control,6,encoder_block_6,1.0885989665985107,26,100,100
information_random_4,information,random,4,146187,8434623,padded_control,7,encoder_block_7,1.2007057666778564,14,100,100
information_random_4,information,random,4,146187,8434623,padded_control,8,encoder_block_8,1.1511080265045166,12,100,100
information_random_4,information,random,4,146187,8434623,padded_control,9,encoder_block_9,1.5415716171264648,3,100,100
information_random_4,information,random,4,146187,8434623,padded_control,10,encoder_block_10,1.982846975326538,2,100,100
information_random_4,information,random,4,146187,8434623,padded_control,11,encoder_block_11,3.727994918823242,1,100,100
information_random_4,information,random,4,146187,8434623,padded_control,12,encoder_block_12,6.551656723022461,1,100,100
information_random_4,information,random,4,146187,8434623,attack,0,embedding,0.5128908157348633,73,100,100
information_random_4,information,random,4,146187,8434623,attack,1,encoder_block_1,0.1254239082336425,87,100,100
information_random_4,information,random,4,146187,8434623,attack,2,encoder_block_2,0.2004585266113281,90,100,100
information_random_4,information,random,4,146187,8434623,attack,3,encoder_block_3,0.4019224643707275,84,100,100
information_random_4,information,random,4,146187,8434623,attack,4,encoder_block_4,0.6665997505187988,77,100,100
information_random_4,information,random,4,146187,8434623,attack,5,encoder_block_5,0.7163848876953125,52,100,100
information_random_4,information,random,4,146187,8434623,attack,6,encoder_block_6,0.7926608324050903,58,100,100
information_random_4,information,random,4,146187,8434623,attack,7,encoder_block_7,0.877568244934082,39,100,100
information_random_4,information,random,4,146187,8434623,attack,8,encoder_block_8,0.8591245412826538,31,100,100
information_random_4,information,random,4,146187,8434623,attack,9,encoder_block_9,1.2808194160461426,12,100,100
information_random_4,information,random,4,146187,8434623,attack,10,encoder_block_10,1.7598776817321775,3,100,100
information_random_4,information,random,4,146187,8434623,attack,11,encoder_block_11,3.43442440032959,2,100,100
information_random_4,information,random,4,146187,8434623,attack,12,encoder_block_12,6.388936996459961,1,100,100
information_random_4,information,random,4,148538,615405,original,0,embedding,0.111785888671875,66,100,100
information_random_4,information,random,4,148538,615405,original,1,encoder_block_1,-0.0039806365966796,75,100,100
information_random_4,information,random,4,148538,615405,original,2,encoder_block_2,0.5535988807678223,58,100,100
information_random_4,information,random,4,148538,615405,original,3,encoder_block_3,0.7505226135253906,52,100,100
information_random_4,information,random,4,148538,615405,original,4,encoder_block_4,1.003244400024414,34,100,100
information_random_4,information,random,4,148538,615405,original,5,encoder_block_5,0.9754810333251952,30,100,100
information_random_4,information,random,4,148538,615405,original,6,encoder_block_6,0.9559774398803712,37,100,100
information_random_4,information,random,4,148538,615405,original,7,encoder_block_7,0.980443239212036,31,100,100
information_random_4,information,random,4,148538,615405,original,8,encoder_block_8,1.031313419342041,34,100,100
information_random_4,information,random,4,148538,615405,original,9,encoder_block_9,1.559706449508667,4,100,100
information_random_4,information,random,4,148538,615405,original,10,encoder_block_10,0.731834888458252,21,100,100
information_random_4,information,random,4,148538,615405,original,11,encoder_block_11,0.4549601078033447,38,100,100
information_random_4,information,random,4,148538,615405,original,12,encoder_block_12,-8.18265151977539,66,100,100
information_random_4,information,random,4,148538,615405,padded_control,0,embedding,0.1117861270904541,66,100,100
information_random_4,information,random,4,148538,615405,padded_control,1,encoder_block_1,0.0036377906799316,75,100,100
information_random_4,information,random,4,148538,615405,padded_control,2,encoder_block_2,0.554499626159668,58,100,100
information_random_4,information,random,4,148538,615405,padded_control,3,encoder_block_3,0.7500953674316406,52,100,100
information_random_4,information,random,4,148538,615405,padded_control,4,encoder_block_4,1.000570297241211,34,100,100
information_random_4,information,random,4,148538,615405,padded_control,5,encoder_block_5,0.9692745208740234,30,100,100
information_random_4,information,random,4,148538,615405,padded_control,6,encoder_block_6,0.952812671661377,37,100,100
information_random_4,information,random,4,148538,615405,padded_control,7,encoder_block_7,0.977431297302246,32,100,100
information_random_4,information,random,4,148538,615405,padded_control,8,encoder_block_8,1.0312275886535645,34,100,100
information_random_4,information,random,4,148538,615405,padded_control,9,encoder_block_9,1.5628910064697266,4,100,100
information_random_4,information,random,4,148538,615405,padded_control,10,encoder_block_10,0.7336857318878174,21,100,100
information_random_4,information,random,4,148538,615405,padded_control,11,encoder_block_11,0.464163064956665,37,100,100
information_random_4,information,random,4,148538,615405,padded_control,12,encoder_block_12,-8.15364933013916,66,100,100
information_random_4,information,random,4,148538,615405,attack,0,embedding,-0.0657534599304199,85,100,100
information_random_4,information,random,4,148538,615405,attack,1,encoder_block_1,-0.2656044960021972,93,100,100
information_random_4,information,random,4,148538,615405,attack,2,encoder_block_2,0.3770272731781006,79,100,100
information_random_4,information,random,4,148538,615405,attack,3,encoder_block_3,0.637359619140625,65,100,100
information_random_4,information,random,4,148538,615405,attack,4,encoder_block_4,0.9084157943725586,49,100,100
information_random_4,information,random,4,148538,615405,attack,5,encoder_block_5,0.9004268646240234,37,100,100
information_random_4,information,random,4,148538,615405,attack,6,encoder_block_6,0.8906145095825195,46,100,100
information_random_4,information,random,4,148538,615405,attack,7,encoder_block_7,0.8959238529205322,39,100,100
information_random_4,information,random,4,148538,615405,attack,8,encoder_block_8,0.9717628955841064,45,100,100
information_random_4,information,random,4,148538,615405,attack,9,encoder_block_9,1.5095372200012207,5,100,100
information_random_4,information,random,4,148538,615405,attack,10,encoder_block_10,0.7375063896179199,21,100,100
information_random_4,information,random,4,148538,615405,attack,11,encoder_block_11,0.5003560781478882,36,100,100
information_random_4,information,random,4,148538,615405,attack,12,encoder_block_12,-8.083234786987305,65,100,100
information_random_4,information,random,4,156493,6139386,original,0,embedding,0.7899231910705566,82,100,100
information_random_4,information,random,4,156493,6139386,original,1,encoder_block_1,1.0343692302703855,59,100,100
information_random_4,information,random,4,156493,6139386,original,2,encoder_block_2,1.1008341312408447,51,100,100
information_random_4,information,random,4,156493,6139386,original,3,encoder_block_3,1.147251844406128,57,100,100
information_random_4,information,random,4,156493,6139386,original,4,encoder_block_4,1.2023391723632812,49,100,100
information_random_4,information,random,4,156493,6139386,original,5,encoder_block_5,1.384761095046997,37,100,100
information_random_4,information,random,4,156493,6139386,original,6,encoder_block_6,1.4009933471679688,37,100,100
information_random_4,information,random,4,156493,6139386,original,7,encoder_block_7,1.5144667625427246,29,100,100
information_random_4,information,random,4,156493,6139386,original,8,encoder_block_8,1.6598200798034668,21,100,100
information_random_4,information,random,4,156493,6139386,original,9,encoder_block_9,1.9056568145751955,12,100,100
information_random_4,information,random,4,156493,6139386,original,10,encoder_block_10,1.9924802780151367,3,100,100
information_random_4,information,random,4,156493,6139386,original,11,encoder_block_11,2.9495105743408203,3,100,100
information_random_4,information,random,4,156493,6139386,original,12,encoder_block_12,3.959214687347412,11,100,100
information_random_4,information,random,4,156493,6139386,padded_control,0,embedding,0.7899227142333984,82,100,100
information_random_4,information,random,4,156493,6139386,padded_control,1,encoder_block_1,1.040188550949097,59,100,100
information_random_4,information,random,4,156493,6139386,padded_control,2,encoder_block_2,1.0920491218566897,53,100,100
information_random_4,information,random,4,156493,6139386,padded_control,3,encoder_block_3,1.1550395488739014,56,100,100
information_random_4,information,random,4,156493,6139386,padded_control,4,encoder_block_4,1.2120628356933594,47,100,100
information_random_4,information,random,4,156493,6139386,padded_control,5,encoder_block_5,1.389840841293335,37,100,100
information_random_4,information,random,4,156493,6139386,padded_control,6,encoder_block_6,1.4040281772613523,37,100,100
information_random_4,information,random,4,156493,6139386,padded_control,7,encoder_block_7,1.5200834274291992,29,100,100
information_random_4,information,random,4,156493,6139386,padded_control,8,encoder_block_8,1.669093132019043,20,100,100
information_random_4,information,random,4,156493,6139386,padded_control,9,encoder_block_9,1.913778066635132,11,100,100
information_random_4,information,random,4,156493,6139386,padded_control,10,encoder_block_10,1.9782447814941408,3,100,100
information_random_4,information,random,4,156493,6139386,padded_control,11,encoder_block_11,2.916473865509033,3,100,100
information_random_4,information,random,4,156493,6139386,padded_control,12,encoder_block_12,3.863414764404297,13,100,100
information_random_4,information,random,4,156493,6139386,attack,0,embedding,0.5220723152160645,97,100,100
information_random_4,information,random,4,156493,6139386,attack,1,encoder_block_1,0.7187116146087646,85,100,100
information_random_4,information,random,4,156493,6139386,attack,2,encoder_block_2,0.8101909160614014,73,100,100
information_random_4,information,random,4,156493,6139386,attack,3,encoder_block_3,0.9323790073394777,69,100,100
information_random_4,information,random,4,156493,6139386,attack,4,encoder_block_4,1.0422804355621338,65,100,100
information_random_4,information,random,4,156493,6139386,attack,5,encoder_block_5,1.3167939186096191,44,100,100
information_random_4,information,random,4,156493,6139386,attack,6,encoder_block_6,1.3645644187927246,38,100,100
information_random_4,information,random,4,156493,6139386,attack,7,encoder_block_7,1.412102222442627,38,100,100
information_random_4,information,random,4,156493,6139386,attack,8,encoder_block_8,1.6233391761779783,25,100,100
information_random_4,information,random,4,156493,6139386,attack,9,encoder_block_9,1.8899714946746824,14,100,100
information_random_4,information,random,4,156493,6139386,attack,10,encoder_block_10,1.9278271198272705,5,100,100
information_random_4,information,random,4,156493,6139386,attack,11,encoder_block_11,2.801283121109009,4,100,100
information_random_4,information,random,4,156493,6139386,attack,12,encoder_block_12,4.118133544921875,10,100,100
information_random_4,information,random,4,168216,1381477,original,0,embedding,-0.1993305683135986,62,100,100
information_random_4,information,random,4,168216,1381477,original,1,encoder_block_1,-0.4686052799224853,83,100,100
information_random_4,information,random,4,168216,1381477,original,2,encoder_block_2,-0.2530303001403808,73,100,100
information_random_4,information,random,4,168216,1381477,original,3,encoder_block_3,-0.0723252296447753,72,100,100
information_random_4,information,random,4,168216,1381477,original,4,encoder_block_4,-0.1228163242340087,71,100,100
information_random_4,information,random,4,168216,1381477,original,5,encoder_block_5,-0.1751852035522461,74,100,100
information_random_4,information,random,4,168216,1381477,original,6,encoder_block_6,-0.204951524734497,75,100,100
information_random_4,information,random,4,168216,1381477,original,7,encoder_block_7,-0.1471688747406005,65,100,100
information_random_4,information,random,4,168216,1381477,original,8,encoder_block_8,-0.076911449432373,56,100,100
information_random_4,information,random,4,168216,1381477,original,9,encoder_block_9,0.2282617092132568,47,100,100
information_random_4,information,random,4,168216,1381477,original,10,encoder_block_10,0.375180721282959,33,100,100
information_random_4,information,random,4,168216,1381477,original,11,encoder_block_11,1.7038626670837402,14,100,100
information_random_4,information,random,4,168216,1381477,original,12,encoder_block_12,4.799738883972168,7,100,100
information_random_4,information,random,4,168216,1381477,padded_control,0,embedding,-0.199331521987915,62,100,100
information_random_4,information,random,4,168216,1381477,padded_control,1,encoder_block_1,-0.466801643371582,83,100,100
information_random_4,information,random,4,168216,1381477,padded_control,2,encoder_block_2,-0.2465789318084716,71,100,100
information_random_4,information,random,4,168216,1381477,padded_control,3,encoder_block_3,-0.0655691623687744,70,100,100
information_random_4,information,random,4,168216,1381477,padded_control,4,encoder_block_4,-0.1046881675720214,69,100,100
information_random_4,information,random,4,168216,1381477,padded_control,5,encoder_block_5,-0.1536905765533447,70,100,100
information_random_4,information,random,4,168216,1381477,padded_control,6,encoder_block_6,-0.1922361850738525,75,100,100
information_random_4,information,random,4,168216,1381477,padded_control,7,encoder_block_7,-0.1345410346984863,65,100,100
information_random_4,information,random,4,168216,1381477,padded_control,8,encoder_block_8,-0.0857064723968505,60,100,100
information_random_4,information,random,4,168216,1381477,padded_control,9,encoder_block_9,0.2154202461242675,47,100,100
information_random_4,information,random,4,168216,1381477,padded_control,10,encoder_block_10,0.3844294548034668,30,100,100
information_random_4,information,random,4,168216,1381477,padded_control,11,encoder_block_11,1.710813045501709,14,100,100
information_random_4,information,random,4,168216,1381477,padded_control,12,encoder_block_12,4.679165840148926,8,100,100
information_random_4,information,random,4,168216,1381477,attack,0,embedding,-0.3854602575302124,85,100,100
information_random_4,information,random,4,168216,1381477,attack,1,encoder_block_1,-0.6287922859191895,96,100,100
information_random_4,information,random,4,168216,1381477,attack,2,encoder_block_2,-0.4742610454559326,96,100,100
information_random_4,information,random,4,168216,1381477,attack,3,encoder_block_3,-0.2108371257781982,89,100,100
information_random_4,information,random,4,168216,1381477,attack,4,encoder_block_4,-0.2468564510345459,88,100,100
information_random_4,information,random,4,168216,1381477,attack,5,encoder_block_5,-0.2693572044372558,87,100,100
information_random_4,information,random,4,168216,1381477,attack,6,encoder_block_6,-0.295778751373291,88,100,100
information_random_4,information,random,4,168216,1381477,attack,7,encoder_block_7,-0.2871005535125732,86,100,100
information_random_4,information,random,4,168216,1381477,attack,8,encoder_block_8,-0.2319028377532959,75,100,100
information_random_4,information,random,4,168216,1381477,attack,9,encoder_block_9,-0.0093529224395751,74,100,100
information_random_4,information,random,4,168216,1381477,attack,10,encoder_block_10,0.1197078227996826,61,100,100
information_random_4,information,random,4,168216,1381477,attack,11,encoder_block_11,1.4862468242645264,28,100,100
information_random_4,information,random,4,168216,1381477,attack,12,encoder_block_12,4.29905891418457,15,100,100
information_random_4,information,random,4,182539,57444,original,0,embedding,0.8517675399780273,10,100,100
information_random_4,information,random,4,182539,57444,original,1,encoder_block_1,0.1863665580749511,37,100,100
information_random_4,information,random,4,182539,57444,original,2,encoder_block_2,0.4431185722351074,29,100,100
information_random_4,information,random,4,182539,57444,original,3,encoder_block_3,0.3264658451080322,28,100,100
information_random_4,information,random,4,182539,57444,original,4,encoder_block_4,0.3077521324157715,39,100,100
information_random_4,information,random,4,182539,57444,original,5,encoder_block_5,0.1655957698822021,58,100,100
information_random_4,information,random,4,182539,57444,original,6,encoder_block_6,-0.0259002447128295,68,100,100
information_random_4,information,random,4,182539,57444,original,7,encoder_block_7,-0.0079948902130126,70,100,100
information_random_4,information,random,4,182539,57444,original,8,encoder_block_8,0.1178991794586181,57,100,100
information_random_4,information,random,4,182539,57444,original,9,encoder_block_9,0.20027756690979,63,100,100
information_random_4,information,random,4,182539,57444,original,10,encoder_block_10,0.4054923057556152,36,100,100
information_random_4,information,random,4,182539,57444,original,11,encoder_block_11,1.2528843879699707,18,100,100
information_random_4,information,random,4,182539,57444,original,12,encoder_block_12,3.517923355102539,3,100,100
information_random_4,information,random,4,182539,57444,padded_control,0,embedding,0.8517665863037109,10,100,100
information_random_4,information,random,4,182539,57444,padded_control,1,encoder_block_1,0.2026183605194091,35,100,100
information_random_4,information,random,4,182539,57444,padded_control,2,encoder_block_2,0.4536681175231933,28,100,100
information_random_4,information,random,4,182539,57444,padded_control,3,encoder_block_3,0.3285086154937744,28,100,100
information_random_4,information,random,4,182539,57444,padded_control,4,encoder_block_4,0.312713623046875,39,100,100
information_random_4,information,random,4,182539,57444,padded_control,5,encoder_block_5,0.1688270568847656,58,100,100
information_random_4,information,random,4,182539,57444,padded_control,6,encoder_block_6,-0.0350716114044189,68,100,100
information_random_4,information,random,4,182539,57444,padded_control,7,encoder_block_7,-0.0276503562927246,70,100,100
information_random_4,information,random,4,182539,57444,padded_control,8,encoder_block_8,0.1032779216766357,60,100,100
information_random_4,information,random,4,182539,57444,padded_control,9,encoder_block_9,0.1792054176330566,67,100,100
information_random_4,information,random,4,182539,57444,padded_control,10,encoder_block_10,0.3849632740020752,39,100,100
information_random_4,information,random,4,182539,57444,padded_control,11,encoder_block_11,1.2667121887207031,17,100,100
information_random_4,information,random,4,182539,57444,padded_control,12,encoder_block_12,3.4752185344696045,3,100,100
information_random_4,information,random,4,182539,57444,attack,0,embedding,0.5733113288879395,24,100,100
information_random_4,information,random,4,182539,57444,attack,1,encoder_block_1,-0.0719926357269287,59,100,100
information_random_4,information,random,4,182539,57444,attack,2,encoder_block_2,0.1477742195129394,56,100,100
information_random_4,information,random,4,182539,57444,attack,3,encoder_block_3,0.0782458782196044,52,100,100
information_random_4,information,random,4,182539,57444,attack,4,encoder_block_4,0.0741252899169921,60,100,100
information_random_4,information,random,4,182539,57444,attack,5,encoder_block_5,0.0146210193634033,66,100,100
information_random_4,information,random,4,182539,57444,attack,6,encoder_block_6,-0.1365083456039428,78,100,100
information_random_4,information,random,4,182539,57444,attack,7,encoder_block_7,-0.071190595626831,75,100,100
information_random_4,information,random,4,182539,57444,attack,8,encoder_block_8,0.0925188064575195,61,100,100
information_random_4,information,random,4,182539,57444,attack,9,encoder_block_9,0.154998779296875,68,100,100
information_random_4,information,random,4,182539,57444,attack,10,encoder_block_10,0.347722053527832,40,100,100
information_random_4,information,random,4,182539,57444,attack,11,encoder_block_11,1.0755162239074707,23,100,100
information_random_4,information,random,4,182539,57444,attack,12,encoder_block_12,3.0696401596069336,4,100,100
information_random_4,information,random,4,183378,2533260,original,0,embedding,0.6351041793823242,52,100,100
information_random_4,information,random,4,183378,2533260,original,1,encoder_block_1,0.2898142337799072,61,100,100
information_random_4,information,random,4,183378,2533260,original,2,encoder_block_2,0.1717860698699951,72,100,100
information_random_4,information,random,4,183378,2533260,original,3,encoder_block_3,0.0534839630126953,68,100,100
information_random_4,information,random,4,183378,2533260,original,4,encoder_block_4,0.0302550792694091,77,100,100
information_random_4,information,random,4,183378,2533260,original,5,encoder_block_5,0.0528678894042968,71,100,100
information_random_4,information,random,4,183378,2533260,original,6,encoder_block_6,0.098095417022705,64,100,100
information_random_4,information,random,4,183378,2533260,original,7,encoder_block_7,0.0211415290832519,72,100,100
information_random_4,information,random,4,183378,2533260,original,8,encoder_block_8,-0.0266127586364746,73,100,100
information_random_4,information,random,4,183378,2533260,original,9,encoder_block_9,0.2380626201629638,72,100,100
information_random_4,information,random,4,183378,2533260,original,10,encoder_block_10,0.3554348945617676,47,100,100
information_random_4,information,random,4,183378,2533260,original,11,encoder_block_11,-0.0725822448730468,42,100,100
information_random_4,information,random,4,183378,2533260,original,12,encoder_block_12,-7.711319923400879,41,100,100
information_random_4,information,random,4,183378,2533260,padded_control,0,embedding,0.635103702545166,52,100,100
information_random_4,information,random,4,183378,2533260,padded_control,1,encoder_block_1,0.2910847663879394,60,100,100
information_random_4,information,random,4,183378,2533260,padded_control,2,encoder_block_2,0.1770262718200683,67,100,100
information_random_4,information,random,4,183378,2533260,padded_control,3,encoder_block_3,0.0682344436645507,65,100,100
information_random_4,information,random,4,183378,2533260,padded_control,4,encoder_block_4,0.0396473407745361,77,100,100
information_random_4,information,random,4,183378,2533260,padded_control,5,encoder_block_5,0.0483927726745605,72,100,100
information_random_4,information,random,4,183378,2533260,padded_control,6,encoder_block_6,0.0982511043548584,64,100,100
information_random_4,information,random,4,183378,2533260,padded_control,7,encoder_block_7,0.0345396995544433,71,100,100
information_random_4,information,random,4,183378,2533260,padded_control,8,encoder_block_8,-0.0070323944091796,73,100,100
information_random_4,information,random,4,183378,2533260,padded_control,9,encoder_block_9,0.266491174697876,70,100,100
information_random_4,information,random,4,183378,2533260,padded_control,10,encoder_block_10,0.3855249881744385,45,100,100
information_random_4,information,random,4,183378,2533260,padded_control,11,encoder_block_11,0.0314297676086425,42,100,100
information_random_4,information,random,4,183378,2533260,padded_control,12,encoder_block_12,-7.141138076782227,40,100,100
information_random_4,information,random,4,183378,2533260,attack,0,embedding,0.4546647071838379,65,100,100
information_random_4,information,random,4,183378,2533260,attack,1,encoder_block_1,0.1910161972045898,68,100,100
information_random_4,information,random,4,183378,2533260,attack,2,encoder_block_2,0.0280323028564453,84,100,100
information_random_4,information,random,4,183378,2533260,attack,3,encoder_block_3,-0.0115845203399658,75,100,100
information_random_4,information,random,4,183378,2533260,attack,4,encoder_block_4,-0.0207457542419433,83,100,100
information_random_4,information,random,4,183378,2533260,attack,5,encoder_block_5,0.0389180183410644,74,100,100
information_random_4,information,random,4,183378,2533260,attack,6,encoder_block_6,0.0871057510375976,66,100,100
information_random_4,information,random,4,183378,2533260,attack,7,encoder_block_7,-0.0189309120178222,77,100,100
information_random_4,information,random,4,183378,2533260,attack,8,encoder_block_8,-0.0116643905639648,73,100,100
information_random_4,information,random,4,183378,2533260,attack,9,encoder_block_9,0.2695455551147461,70,100,100
information_random_4,information,random,4,183378,2533260,attack,10,encoder_block_10,0.4215526580810547,40,100,100
information_random_4,information,random,4,183378,2533260,attack,11,encoder_block_11,0.2176160812377929,40,100,100
information_random_4,information,random,4,183378,2533260,attack,12,encoder_block_12,-5.600831985473633,37,100,100
information_random_4,information,random,4,19335,8412687,original,0,embedding,1.1026735305786133,12,100,100
information_random_4,information,random,4,19335,8412687,original,1,encoder_block_1,1.1886119842529297,20,100,100
information_random_4,information,random,4,19335,8412687,original,2,encoder_block_2,1.3699102401733398,19,100,100
information_random_4,information,random,4,19335,8412687,original,3,encoder_block_3,1.4117770195007324,9,100,100
information_random_4,information,random,4,19335,8412687,original,4,encoder_block_4,1.5114059448242188,4,100,100
information_random_4,information,random,4,19335,8412687,original,5,encoder_block_5,1.4916033744812012,4,100,100
information_random_4,information,random,4,19335,8412687,original,6,encoder_block_6,1.4870867729187012,5,100,100
information_random_4,information,random,4,19335,8412687,original,7,encoder_block_7,1.6385631561279297,4,100,100
information_random_4,information,random,4,19335,8412687,original,8,encoder_block_8,1.6945128440856934,3,100,100
information_random_4,information,random,4,19335,8412687,original,9,encoder_block_9,1.507643699645996,8,100,100
information_random_4,information,random,4,19335,8412687,original,10,encoder_block_10,1.340137004852295,15,100,100
information_random_4,information,random,4,19335,8412687,original,11,encoder_block_11,0.8486737012863159,34,100,100
information_random_4,information,random,4,19335,8412687,original,12,encoder_block_12,-5.226619720458984,34,100,100
information_random_4,information,random,4,19335,8412687,padded_control,0,embedding,1.1026725769042969,12,100,100
information_random_4,information,random,4,19335,8412687,padded_control,1,encoder_block_1,1.1885576248168943,20,100,100
information_random_4,information,random,4,19335,8412687,padded_control,2,encoder_block_2,1.3621811866760254,19,100,100
information_random_4,information,random,4,19335,8412687,padded_control,3,encoder_block_3,1.4048986434936523,9,100,100
information_random_4,information,random,4,19335,8412687,padded_control,4,encoder_block_4,1.5051374435424805,4,100,100
information_random_4,information,random,4,19335,8412687,padded_control,5,encoder_block_5,1.4798507690429688,5,100,100
information_random_4,information,random,4,19335,8412687,padded_control,6,encoder_block_6,1.4821348190307615,5,100,100
information_random_4,information,random,4,19335,8412687,padded_control,7,encoder_block_7,1.6331710815429688,4,100,100
information_random_4,information,random,4,19335,8412687,padded_control,8,encoder_block_8,1.690540790557861,3,100,100
information_random_4,information,random,4,19335,8412687,padded_control,9,encoder_block_9,1.511399269104004,8,100,100
information_random_4,information,random,4,19335,8412687,padded_control,10,encoder_block_10,1.3190090656280518,16,100,100
information_random_4,information,random,4,19335,8412687,padded_control,11,encoder_block_11,0.7969708442687988,35,100,100
information_random_4,information,random,4,19335,8412687,padded_control,12,encoder_block_12,-5.565370559692383,35,100,100
information_random_4,information,random,4,19335,8412687,attack,0,embedding,0.8941655158996582,29,100,100
information_random_4,information,random,4,19335,8412687,attack,1,encoder_block_1,1.0317564010620115,38,100,100
information_random_4,information,random,4,19335,8412687,attack,2,encoder_block_2,1.170393466949463,45,100,100
information_random_4,information,random,4,19335,8412687,attack,3,encoder_block_3,1.3017702102661133,17,100,100
information_random_4,information,random,4,19335,8412687,attack,4,encoder_block_4,1.3750925064086914,11,100,100
information_random_4,information,random,4,19335,8412687,attack,5,encoder_block_5,1.3616957664489746,11,100,100
information_random_4,information,random,4,19335,8412687,attack,6,encoder_block_6,1.364543914794922,9,100,100
information_random_4,information,random,4,19335,8412687,attack,7,encoder_block_7,1.4923057556152344,8,100,100
information_random_4,information,random,4,19335,8412687,attack,8,encoder_block_8,1.5690960884094238,7,100,100
information_random_4,information,random,4,19335,8412687,attack,9,encoder_block_9,1.436392307281494,11,100,100
information_random_4,information,random,4,19335,8412687,attack,10,encoder_block_10,1.318875789642334,16,100,100
information_random_4,information,random,4,19335,8412687,attack,11,encoder_block_11,0.8103358745574951,35,100,100
information_random_4,information,random,4,19335,8412687,attack,12,encoder_block_12,-5.499349594116211,35,100,100
information_random_4,information,random,4,207786,8273763,original,0,embedding,0.9972248077392578,18,100,100
information_random_4,information,random,4,207786,8273763,original,1,encoder_block_1,0.6329596042633057,17,100,100
information_random_4,information,random,4,207786,8273763,original,2,encoder_block_2,0.5760855674743652,22,100,100
information_random_4,information,random,4,207786,8273763,original,3,encoder_block_3,0.6168131828308105,17,100,100
information_random_4,information,random,4,207786,8273763,original,4,encoder_block_4,0.6877720355987549,17,100,100
information_random_4,information,random,4,207786,8273763,original,5,encoder_block_5,0.7267248630523682,9,100,100
information_random_4,information,random,4,207786,8273763,original,6,encoder_block_6,0.6738314628601074,13,100,100
information_random_4,information,random,4,207786,8273763,original,7,encoder_block_7,0.7699854373931885,19,100,100
information_random_4,information,random,4,207786,8273763,original,8,encoder_block_8,0.8054978847503662,21,100,100
information_random_4,information,random,4,207786,8273763,original,9,encoder_block_9,0.9049434661865234,14,100,100
information_random_4,information,random,4,207786,8273763,original,10,encoder_block_10,0.8308079242706299,5,100,100
information_random_4,information,random,4,207786,8273763,original,11,encoder_block_11,2.136302709579468,1,100,100
information_random_4,information,random,4,207786,8273763,original,12,encoder_block_12,4.530658721923828,3,100,100
information_random_4,information,random,4,207786,8273763,padded_control,0,embedding,0.9972248077392578,18,100,100
information_random_4,information,random,4,207786,8273763,padded_control,1,encoder_block_1,0.6280999183654785,17,100,100
information_random_4,information,random,4,207786,8273763,padded_control,2,encoder_block_2,0.5784120559692383,22,100,100
information_random_4,information,random,4,207786,8273763,padded_control,3,encoder_block_3,0.6220951080322266,17,100,100
information_random_4,information,random,4,207786,8273763,padded_control,4,encoder_block_4,0.6929798126220703,16,100,100
information_random_4,information,random,4,207786,8273763,padded_control,5,encoder_block_5,0.7365355491638184,9,100,100
information_random_4,information,random,4,207786,8273763,padded_control,6,encoder_block_6,0.6729602813720703,13,100,100
information_random_4,information,random,4,207786,8273763,padded_control,7,encoder_block_7,0.7731890678405762,19,100,100
information_random_4,information,random,4,207786,8273763,padded_control,8,encoder_block_8,0.7885231971740723,21,100,100
information_random_4,information,random,4,207786,8273763,padded_control,9,encoder_block_9,0.8966572284698486,15,100,100
information_random_4,information,random,4,207786,8273763,padded_control,10,encoder_block_10,0.8182759284973145,5,100,100
information_random_4,information,random,4,207786,8273763,padded_control,11,encoder_block_11,2.104907989501953,1,100,100
information_random_4,information,random,4,207786,8273763,padded_control,12,encoder_block_12,4.468136787414551,3,100,100
information_random_4,information,random,4,207786,8273763,attack,0,embedding,0.7126469612121582,42,100,100
information_random_4,information,random,4,207786,8273763,attack,1,encoder_block_1,0.4224190711975097,34,100,100
information_random_4,information,random,4,207786,8273763,attack,2,encoder_block_2,0.3903305530548095,45,100,100
information_random_4,information,random,4,207786,8273763,attack,3,encoder_block_3,0.4077448844909668,36,100,100
information_random_4,information,random,4,207786,8273763,attack,4,encoder_block_4,0.4892857074737549,34,100,100
information_random_4,information,random,4,207786,8273763,attack,5,encoder_block_5,0.5896415710449219,19,100,100
information_random_4,information,random,4,207786,8273763,attack,6,encoder_block_6,0.5438833236694336,25,100,100
information_random_4,information,random,4,207786,8273763,attack,7,encoder_block_7,0.6303472518920898,30,100,100
information_random_4,information,random,4,207786,8273763,attack,8,encoder_block_8,0.6118717193603516,30,100,100
information_random_4,information,random,4,207786,8273763,attack,9,encoder_block_9,0.7049832344055176,26,100,100
information_random_4,information,random,4,207786,8273763,attack,10,encoder_block_10,0.5803060531616211,14,100,100
information_random_4,information,random,4,207786,8273763,attack,11,encoder_block_11,1.8671388626098635,4,100,100
information_random_4,information,random,4,207786,8273763,attack,12,encoder_block_12,4.307805061340332,3,100,100
information_random_4,information,random,4,264014,5611210,original,0,embedding,0.2072415351867675,87,100,100
information_random_4,information,random,4,264014,5611210,original,1,encoder_block_1,0.2824430465698242,69,100,100
information_random_4,information,random,4,264014,5611210,original,2,encoder_block_2,0.5391459465026855,52,100,100
information_random_4,information,random,4,264014,5611210,original,3,encoder_block_3,0.8037543296813965,17,100,100
information_random_4,information,random,4,264014,5611210,original,4,encoder_block_4,1.1867985725402832,5,100,100
information_random_4,information,random,4,264014,5611210,original,5,encoder_block_5,1.0937206745147705,6,100,100
information_random_4,information,random,4,264014,5611210,original,6,encoder_block_6,0.9023098945617676,7,100,100
information_random_4,information,random,4,264014,5611210,original,7,encoder_block_7,0.9688704013824464,8,100,100
information_random_4,information,random,4,264014,5611210,original,8,encoder_block_8,0.9752986431121826,8,100,100
information_random_4,information,random,4,264014,5611210,original,9,encoder_block_9,0.8644800186157227,27,100,100
information_random_4,information,random,4,264014,5611210,original,10,encoder_block_10,0.8236327171325684,34,100,100
information_random_4,information,random,4,264014,5611210,original,11,encoder_block_11,1.599168300628662,35,100,100
information_random_4,information,random,4,264014,5611210,original,12,encoder_block_12,2.977891683578491,32,100,100
information_random_4,information,random,4,264014,5611210,padded_control,0,embedding,0.2072420120239257,87,100,100
information_random_4,information,random,4,264014,5611210,padded_control,1,encoder_block_1,0.283914566040039,69,100,100
information_random_4,information,random,4,264014,5611210,padded_control,2,encoder_block_2,0.5322573184967041,53,100,100
information_random_4,information,random,4,264014,5611210,padded_control,3,encoder_block_3,0.7912948131561279,19,100,100
information_random_4,information,random,4,264014,5611210,padded_control,4,encoder_block_4,1.1744053363800049,5,100,100
information_random_4,information,random,4,264014,5611210,padded_control,5,encoder_block_5,1.0805044174194336,6,100,100
information_random_4,information,random,4,264014,5611210,padded_control,6,encoder_block_6,0.8875398635864258,7,100,100
information_random_4,information,random,4,264014,5611210,padded_control,7,encoder_block_7,0.9611539840698242,9,100,100
information_random_4,information,random,4,264014,5611210,padded_control,8,encoder_block_8,0.9665451049804688,8,100,100
information_random_4,information,random,4,264014,5611210,padded_control,9,encoder_block_9,0.866196870803833,27,100,100
information_random_4,information,random,4,264014,5611210,padded_control,10,encoder_block_10,0.8159182071685791,34,100,100
information_random_4,information,random,4,264014,5611210,padded_control,11,encoder_block_11,1.5619029998779297,36,100,100
information_random_4,information,random,4,264014,5611210,padded_control,12,encoder_block_12,2.984809875488281,32,100,100
information_random_4,information,random,4,264014,5611210,attack,0,embedding,-0.0216684341430664,94,100,100
information_random_4,information,random,4,264014,5611210,attack,1,encoder_block_1,0.0904507637023925,89,100,100
information_random_4,information,random,4,264014,5611210,attack,2,encoder_block_2,0.2738878726959228,79,100,100
information_random_4,information,random,4,264014,5611210,attack,3,encoder_block_3,0.6305158138275146,34,100,100
information_random_4,information,random,4,264014,5611210,attack,4,encoder_block_4,0.9966030120849608,12,100,100
information_random_4,information,random,4,264014,5611210,attack,5,encoder_block_5,0.9768097400665284,8,100,100
information_random_4,information,random,4,264014,5611210,attack,6,encoder_block_6,0.8116142749786377,11,100,100
information_random_4,information,random,4,264014,5611210,attack,7,encoder_block_7,0.8628432750701904,13,100,100
information_random_4,information,random,4,264014,5611210,attack,8,encoder_block_8,0.9137954711914062,11,100,100
information_random_4,information,random,4,264014,5611210,attack,9,encoder_block_9,0.8135528564453125,30,100,100
information_random_4,information,random,4,264014,5611210,attack,10,encoder_block_10,0.7813568115234375,35,100,100
information_random_4,information,random,4,264014,5611210,attack,11,encoder_block_11,1.496208906173706,36,100,100
information_random_4,information,random,4,264014,5611210,attack,12,encoder_block_12,2.8823065757751465,35,100,100
information_random_4,information,random,4,359349,68649,original,0,embedding,0.7303218841552734,65,100,100
information_random_4,information,random,4,359349,68649,original,1,encoder_block_1,0.7686491012573242,75,100,100
information_random_4,information,random,4,359349,68649,original,2,encoder_block_2,0.7787563800811768,74,100,100
information_random_4,information,random,4,359349,68649,original,3,encoder_block_3,0.6439268589019775,76,100,100
information_random_4,information,random,4,359349,68649,original,4,encoder_block_4,0.824590802192688,62,100,100
information_random_4,information,random,4,359349,68649,original,5,encoder_block_5,1.004551887512207,46,100,100
information_random_4,information,random,4,359349,68649,original,6,encoder_block_6,0.9628387689590454,43,100,100
information_random_4,information,random,4,359349,68649,original,7,encoder_block_7,0.8723124265670776,48,100,100
information_random_4,information,random,4,359349,68649,original,8,encoder_block_8,0.8471852540969849,43,100,100
information_random_4,information,random,4,359349,68649,original,9,encoder_block_9,1.0588047504425049,25,100,100
information_random_4,information,random,4,359349,68649,original,10,encoder_block_10,1.3809943199157717,8,100,100
information_random_4,information,random,4,359349,68649,original,11,encoder_block_11,2.5883140563964844,7,100,100
information_random_4,information,random,4,359349,68649,original,12,encoder_block_12,5.095371246337891,5,100,100
information_random_4,information,random,4,359349,68649,padded_control,0,embedding,0.7303218841552734,65,100,100
information_random_4,information,random,4,359349,68649,padded_control,1,encoder_block_1,0.7811098098754883,73,100,100
information_random_4,information,random,4,359349,68649,padded_control,2,encoder_block_2,0.7985177040100098,70,100,100
information_random_4,information,random,4,359349,68649,padded_control,3,encoder_block_3,0.6551096439361572,75,100,100
information_random_4,information,random,4,359349,68649,padded_control,4,encoder_block_4,0.8294422626495361,62,100,100
information_random_4,information,random,4,359349,68649,padded_control,5,encoder_block_5,1.0127941370010376,45,100,100
information_random_4,information,random,4,359349,68649,padded_control,6,encoder_block_6,0.9686355590820312,42,100,100
information_random_4,information,random,4,359349,68649,padded_control,7,encoder_block_7,0.8775454759597778,48,100,100
information_random_4,information,random,4,359349,68649,padded_control,8,encoder_block_8,0.8466147184371948,43,100,100
information_random_4,information,random,4,359349,68649,padded_control,9,encoder_block_9,1.0650361776351929,25,100,100
information_random_4,information,random,4,359349,68649,padded_control,10,encoder_block_10,1.403496265411377,7,100,100
information_random_4,information,random,4,359349,68649,padded_control,11,encoder_block_11,2.6167778968811035,7,100,100
information_random_4,information,random,4,359349,68649,padded_control,12,encoder_block_12,5.119495391845703,5,100,100
information_random_4,information,random,4,359349,68649,attack,0,embedding,0.4525551795959472,88,100,100
information_random_4,information,random,4,359349,68649,attack,1,encoder_block_1,0.4829175472259521,90,100,100
information_random_4,information,random,4,359349,68649,attack,2,encoder_block_2,0.5126590728759766,94,100,100
information_random_4,information,random,4,359349,68649,attack,3,encoder_block_3,0.4893116950988769,89,100,100
information_random_4,information,random,4,359349,68649,attack,4,encoder_block_4,0.7030363082885742,78,100,100
information_random_4,information,random,4,359349,68649,attack,5,encoder_block_5,0.936613917350769,59,100,100
information_random_4,information,random,4,359349,68649,attack,6,encoder_block_6,0.8931906223297119,53,100,100
information_random_4,information,random,4,359349,68649,attack,7,encoder_block_7,0.78095543384552,59,100,100
information_random_4,information,random,4,359349,68649,attack,8,encoder_block_8,0.7851955890655518,48,100,100
information_random_4,information,random,4,359349,68649,attack,9,encoder_block_9,0.9165215492248536,34,100,100
information_random_4,information,random,4,359349,68649,attack,10,encoder_block_10,1.1584537029266355,19,100,100
information_random_4,information,random,4,359349,68649,attack,11,encoder_block_11,2.2221925258636475,11,100,100
information_random_4,information,random,4,359349,68649,attack,12,encoder_block_12,4.883837699890137,7,100,100
information_random_4,information,random,4,405717,6654655,original,0,embedding,0.7446041107177734,17,100,100
information_random_4,information,random,4,405717,6654655,original,1,encoder_block_1,0.6280612945556641,17,100,100
information_random_4,information,random,4,405717,6654655,original,2,encoder_block_2,0.7108936309814453,21,100,100
information_random_4,information,random,4,405717,6654655,original,3,encoder_block_3,0.7757525444030762,15,100,100
information_random_4,information,random,4,405717,6654655,original,4,encoder_block_4,0.8865890502929688,21,100,100
information_random_4,information,random,4,405717,6654655,original,5,encoder_block_5,0.8675875663757324,17,100,100
information_random_4,information,random,4,405717,6654655,original,6,encoder_block_6,0.9123425483703612,19,100,100
information_random_4,information,random,4,405717,6654655,original,7,encoder_block_7,0.9837636947631836,11,100,100
information_random_4,information,random,4,405717,6654655,original,8,encoder_block_8,0.9005260467529297,21,100,100
information_random_4,information,random,4,405717,6654655,original,9,encoder_block_9,0.8590638637542725,37,100,100
information_random_4,information,random,4,405717,6654655,original,10,encoder_block_10,0.8508551120758057,33,100,100
information_random_4,information,random,4,405717,6654655,original,11,encoder_block_11,2.6759753227233887,11,100,100
information_random_4,information,random,4,405717,6654655,original,12,encoder_block_12,3.670531749725342,19,100,100
information_random_4,information,random,4,405717,6654655,padded_control,0,embedding,0.7446041107177734,17,100,100
information_random_4,information,random,4,405717,6654655,padded_control,1,encoder_block_1,0.6219582557678223,17,100,100
information_random_4,information,random,4,405717,6654655,padded_control,2,encoder_block_2,0.6976490020751953,23,100,100
information_random_4,information,random,4,405717,6654655,padded_control,3,encoder_block_3,0.7723417282104492,15,100,100
information_random_4,information,random,4,405717,6654655,padded_control,4,encoder_block_4,0.8716049194335938,23,100,100
information_random_4,information,random,4,405717,6654655,padded_control,5,encoder_block_5,0.8544268608093262,18,100,100
information_random_4,information,random,4,405717,6654655,padded_control,6,encoder_block_6,0.9109344482421876,19,100,100
information_random_4,information,random,4,405717,6654655,padded_control,7,encoder_block_7,0.987678050994873,11,100,100
information_random_4,information,random,4,405717,6654655,padded_control,8,encoder_block_8,0.9040875434875488,21,100,100
information_random_4,information,random,4,405717,6654655,padded_control,9,encoder_block_9,0.8411979675292969,40,100,100
information_random_4,information,random,4,405717,6654655,padded_control,10,encoder_block_10,0.8393216133117676,34,100,100
information_random_4,information,random,4,405717,6654655,padded_control,11,encoder_block_11,2.611236572265625,12,100,100
information_random_4,information,random,4,405717,6654655,padded_control,12,encoder_block_12,3.5905447006225586,21,100,100
information_random_4,information,random,4,405717,6654655,attack,0,embedding,0.4044747352600097,43,100,100
information_random_4,information,random,4,405717,6654655,attack,1,encoder_block_1,0.3208184242248535,36,100,100
information_random_4,information,random,4,405717,6654655,attack,2,encoder_block_2,0.365668773651123,59,100,100
information_random_4,information,random,4,405717,6654655,attack,3,encoder_block_3,0.5390582084655762,43,100,100
information_random_4,information,random,4,405717,6654655,attack,4,encoder_block_4,0.6119954586029053,60,100,100
information_random_4,information,random,4,405717,6654655,attack,5,encoder_block_5,0.6628289222717285,48,100,100
information_random_4,information,random,4,405717,6654655,attack,6,encoder_block_6,0.6973762512207031,47,100,100
information_random_4,information,random,4,405717,6654655,attack,7,encoder_block_7,0.7536072731018066,43,100,100
information_random_4,information,random,4,405717,6654655,attack,8,encoder_block_8,0.688941240310669,42,100,100
information_random_4,information,random,4,405717,6654655,attack,9,encoder_block_9,0.6761393547058105,66,100,100
information_random_4,information,random,4,405717,6654655,attack,10,encoder_block_10,0.6545286178588867,58,100,100
information_random_4,information,random,4,405717,6654655,attack,11,encoder_block_11,2.528397560119629,14,100,100
information_random_4,information,random,4,405717,6654655,attack,12,encoder_block_12,3.797262191772461,16,100,100
information_random_4,information,random,4,443396,8079046,original,0,embedding,0.6588740348815918,40,100,100
information_random_4,information,random,4,443396,8079046,original,1,encoder_block_1,0.7148251533508301,31,100,100
information_random_4,information,random,4,443396,8079046,original,2,encoder_block_2,0.988499402999878,25,100,100
information_random_4,information,random,4,443396,8079046,original,3,encoder_block_3,0.7311801910400391,33,100,100
information_random_4,information,random,4,443396,8079046,original,4,encoder_block_4,0.6251169443130493,41,100,100
information_random_4,information,random,4,443396,8079046,original,5,encoder_block_5,0.4184043407440185,51,100,100
information_random_4,information,random,4,443396,8079046,original,6,encoder_block_6,0.2967457771301269,53,100,100
information_random_4,information,random,4,443396,8079046,original,7,encoder_block_7,0.1829071044921875,61,100,100
information_random_4,information,random,4,443396,8079046,original,8,encoder_block_8,0.0144815444946289,69,100,100
information_random_4,information,random,4,443396,8079046,original,9,encoder_block_9,0.1297974586486816,70,100,100
information_random_4,information,random,4,443396,8079046,original,10,encoder_block_10,-0.9048601388931274,97,100,100
information_random_4,information,random,4,443396,8079046,original,11,encoder_block_11,-1.5065739154815674,76,100,100
information_random_4,information,random,4,443396,8079046,original,12,encoder_block_12,-8.705865859985352,63,100,100
information_random_4,information,random,4,443396,8079046,padded_control,0,embedding,0.6588740348815918,40,100,100
information_random_4,information,random,4,443396,8079046,padded_control,1,encoder_block_1,0.7127070426940918,31,100,100
information_random_4,information,random,4,443396,8079046,padded_control,2,encoder_block_2,0.9919617176055908,25,100,100
information_random_4,information,random,4,443396,8079046,padded_control,3,encoder_block_3,0.7055022716522217,34,100,100
information_random_4,information,random,4,443396,8079046,padded_control,4,encoder_block_4,0.593612551689148,42,100,100
information_random_4,information,random,4,443396,8079046,padded_control,5,encoder_block_5,0.4020793437957763,51,100,100
information_random_4,information,random,4,443396,8079046,padded_control,6,encoder_block_6,0.2791050672531128,54,100,100
information_random_4,information,random,4,443396,8079046,padded_control,7,encoder_block_7,0.1609196662902832,62,100,100
information_random_4,information,random,4,443396,8079046,padded_control,8,encoder_block_8,-0.0013082027435302,69,100,100
information_random_4,information,random,4,443396,8079046,padded_control,9,encoder_block_9,0.1356716156005859,70,100,100
information_random_4,information,random,4,443396,8079046,padded_control,10,encoder_block_10,-0.9243619441986084,97,100,100
information_random_4,information,random,4,443396,8079046,padded_control,11,encoder_block_11,-1.5692720413208008,76,100,100
information_random_4,information,random,4,443396,8079046,padded_control,12,encoder_block_12,-8.932743072509766,63,100,100
information_random_4,information,random,4,443396,8079046,attack,0,embedding,0.3123068809509277,58,100,100
information_random_4,information,random,4,443396,8079046,attack,1,encoder_block_1,0.4439234733581543,47,100,100
information_random_4,information,random,4,443396,8079046,attack,2,encoder_block_2,0.650343656539917,42,100,100
information_random_4,information,random,4,443396,8079046,attack,3,encoder_block_3,0.5235505104064941,44,100,100
information_random_4,information,random,4,443396,8079046,attack,4,encoder_block_4,0.4599344730377197,51,100,100
information_random_4,information,random,4,443396,8079046,attack,5,encoder_block_5,0.3105897903442383,55,100,100
information_random_4,information,random,4,443396,8079046,attack,6,encoder_block_6,0.241820216178894,55,100,100
information_random_4,information,random,4,443396,8079046,attack,7,encoder_block_7,0.1367125511169433,62,100,100
information_random_4,information,random,4,443396,8079046,attack,8,encoder_block_8,0.0166587829589843,69,100,100
information_random_4,information,random,4,443396,8079046,attack,9,encoder_block_9,0.1833908557891845,68,100,100
information_random_4,information,random,4,443396,8079046,attack,10,encoder_block_10,-0.7378991842269897,94,100,100
information_random_4,information,random,4,443396,8079046,attack,11,encoder_block_11,-1.315258264541626,73,100,100
information_random_4,information,random,4,443396,8079046,attack,12,encoder_block_12,-8.880396842956543,63,100,100
information_random_4,information,random,4,451602,2176450,original,0,embedding,0.4722132682800293,13,100,100
information_random_4,information,random,4,451602,2176450,original,1,encoder_block_1,0.4772052764892578,9,100,100
information_random_4,information,random,4,451602,2176450,original,2,encoder_block_2,0.5013558864593506,11,100,100
information_random_4,information,random,4,451602,2176450,original,3,encoder_block_3,0.3855893611907959,13,100,100
information_random_4,information,random,4,451602,2176450,original,4,encoder_block_4,0.345423936843872,23,100,100
information_random_4,information,random,4,451602,2176450,original,5,encoder_block_5,0.3924899101257324,16,100,100
information_random_4,information,random,4,451602,2176450,original,6,encoder_block_6,0.4647102355957031,14,100,100
information_random_4,information,random,4,451602,2176450,original,7,encoder_block_7,0.2012975215911865,29,100,100
information_random_4,information,random,4,451602,2176450,original,8,encoder_block_8,0.3021860122680664,33,100,100
information_random_4,information,random,4,451602,2176450,original,9,encoder_block_9,0.3362596035003662,44,100,100
information_random_4,information,random,4,451602,2176450,original,10,encoder_block_10,0.1903594732284546,48,100,100
information_random_4,information,random,4,451602,2176450,original,11,encoder_block_11,0.9156909584999084,28,100,100
information_random_4,information,random,4,451602,2176450,original,12,encoder_block_12,0.5305600166320801,20,100,100
information_random_4,information,random,4,451602,2176450,padded_control,0,embedding,0.4722137451171875,13,100,100
information_random_4,information,random,4,451602,2176450,padded_control,1,encoder_block_1,0.4796288013458252,9,100,100
information_random_4,information,random,4,451602,2176450,padded_control,2,encoder_block_2,0.4988446235656738,11,100,100
information_random_4,information,random,4,451602,2176450,padded_control,3,encoder_block_3,0.3675811290740967,13,100,100
information_random_4,information,random,4,451602,2176450,padded_control,4,encoder_block_4,0.3103430271148681,25,100,100
information_random_4,information,random,4,451602,2176450,padded_control,5,encoder_block_5,0.3754506111145019,16,100,100
information_random_4,information,random,4,451602,2176450,padded_control,6,encoder_block_6,0.4354345798492431,16,100,100
information_random_4,information,random,4,451602,2176450,padded_control,7,encoder_block_7,0.1947309970855713,30,100,100
information_random_4,information,random,4,451602,2176450,padded_control,8,encoder_block_8,0.2935435771942138,33,100,100
information_random_4,information,random,4,451602,2176450,padded_control,9,encoder_block_9,0.3597458600997925,42,100,100
information_random_4,information,random,4,451602,2176450,padded_control,10,encoder_block_10,0.2249382734298706,47,100,100
information_random_4,information,random,4,451602,2176450,padded_control,11,encoder_block_11,1.0374744534492493,25,100,100
information_random_4,information,random,4,451602,2176450,padded_control,12,encoder_block_12,0.7346463203430176,18,100,100
information_random_4,information,random,4,451602,2176450,attack,0,embedding,0.190373420715332,30,100,100
information_random_4,information,random,4,451602,2176450,attack,1,encoder_block_1,0.175638198852539,19,100,100
information_random_4,information,random,4,451602,2176450,attack,2,encoder_block_2,0.1436591148376464,34,100,100
information_random_4,information,random,4,451602,2176450,attack,3,encoder_block_3,0.1290383338928222,29,100,100
information_random_4,information,random,4,451602,2176450,attack,4,encoder_block_4,0.1438500881195068,38,100,100
information_random_4,information,random,4,451602,2176450,attack,5,encoder_block_5,0.2909016609191894,25,100,100
information_random_4,information,random,4,451602,2176450,attack,6,encoder_block_6,0.359490156173706,20,100,100
information_random_4,information,random,4,451602,2176450,attack,7,encoder_block_7,0.1245064735412597,34,100,100
information_random_4,information,random,4,451602,2176450,attack,8,encoder_block_8,0.2693049907684326,33,100,100
information_random_4,information,random,4,451602,2176450,attack,9,encoder_block_9,0.3209222555160522,44,100,100
information_random_4,information,random,4,451602,2176450,attack,10,encoder_block_10,0.3830161094665527,38,100,100
information_random_4,information,random,4,451602,2176450,attack,11,encoder_block_11,1.3791415691375732,17,100,100
information_random_4,information,random,4,451602,2176450,attack,12,encoder_block_12,2.2032899856567383,12,100,100
information_random_4,information,random,4,47923,1681334,original,0,embedding,0.4043662548065185,48,100,100
information_random_4,information,random,4,47923,1681334,original,1,encoder_block_1,0.0395421981811523,26,100,100
information_random_4,information,random,4,47923,1681334,original,2,encoder_block_2,-0.0696754455566406,38,100,100
information_random_4,information,random,4,47923,1681334,original,3,encoder_block_3,0.0279543399810791,19,100,100
information_random_4,information,random,4,47923,1681334,original,4,encoder_block_4,0.0471925735473632,24,100,100
information_random_4,information,random,4,47923,1681334,original,5,encoder_block_5,0.1422414779663086,24,100,100
information_random_4,information,random,4,47923,1681334,original,6,encoder_block_6,0.1042013168334961,19,100,100
information_random_4,information,random,4,47923,1681334,original,7,encoder_block_7,-0.0750753879547119,36,100,100
information_random_4,information,random,4,47923,1681334,original,8,encoder_block_8,-0.0072896480560302,36,100,100
information_random_4,information,random,4,47923,1681334,original,9,encoder_block_9,0.4003338813781738,16,100,100
information_random_4,information,random,4,47923,1681334,original,10,encoder_block_10,0.8675813674926758,6,100,100
information_random_4,information,random,4,47923,1681334,original,11,encoder_block_11,2.107748031616211,9,100,100
information_random_4,information,random,4,47923,1681334,original,12,encoder_block_12,4.144590377807617,12,100,100
information_random_4,information,random,4,47923,1681334,padded_control,0,embedding,0.4043664932250976,48,100,100
information_random_4,information,random,4,47923,1681334,padded_control,1,encoder_block_1,0.0541157722473144,25,100,100
information_random_4,information,random,4,47923,1681334,padded_control,2,encoder_block_2,-0.0811548233032226,38,100,100
information_random_4,information,random,4,47923,1681334,padded_control,3,encoder_block_3,0.0217690467834472,19,100,100
information_random_4,information,random,4,47923,1681334,padded_control,4,encoder_block_4,0.0336790084838867,27,100,100
information_random_4,information,random,4,47923,1681334,padded_control,5,encoder_block_5,0.1354577541351318,25,100,100
information_random_4,information,random,4,47923,1681334,padded_control,6,encoder_block_6,0.0876553058624267,21,100,100
information_random_4,information,random,4,47923,1681334,padded_control,7,encoder_block_7,-0.0805521011352539,36,100,100
information_random_4,information,random,4,47923,1681334,padded_control,8,encoder_block_8,-0.0002253055572509,35,100,100
information_random_4,information,random,4,47923,1681334,padded_control,9,encoder_block_9,0.3957641124725342,16,100,100
information_random_4,information,random,4,47923,1681334,padded_control,10,encoder_block_10,0.8648691177368164,6,100,100
information_random_4,information,random,4,47923,1681334,padded_control,11,encoder_block_11,2.136045455932617,9,100,100
information_random_4,information,random,4,47923,1681334,padded_control,12,encoder_block_12,4.185821533203125,12,100,100
information_random_4,information,random,4,47923,1681334,attack,0,embedding,0.1481766700744629,81,100,100
information_random_4,information,random,4,47923,1681334,attack,1,encoder_block_1,-0.1732125282287597,52,100,100
information_random_4,information,random,4,47923,1681334,attack,2,encoder_block_2,-0.328554630279541,71,100,100
information_random_4,information,random,4,47923,1681334,attack,3,encoder_block_3,-0.1620700359344482,37,100,100
information_random_4,information,random,4,47923,1681334,attack,4,encoder_block_4,-0.120307445526123,45,100,100
information_random_4,information,random,4,47923,1681334,attack,5,encoder_block_5,0.0110166072845458,41,100,100
information_random_4,information,random,4,47923,1681334,attack,6,encoder_block_6,0.0089356899261474,34,100,100
information_random_4,information,random,4,47923,1681334,attack,7,encoder_block_7,-0.1945278644561767,58,100,100
information_random_4,information,random,4,47923,1681334,attack,8,encoder_block_8,-0.1084861755371093,54,100,100
information_random_4,information,random,4,47923,1681334,attack,9,encoder_block_9,0.3226361274719238,30,100,100
information_random_4,information,random,4,47923,1681334,attack,10,encoder_block_10,0.8489656448364258,6,100,100
information_random_4,information,random,4,47923,1681334,attack,11,encoder_block_11,2.085434913635254,9,100,100
information_random_4,information,random,4,47923,1681334,attack,12,encoder_block_12,4.174796104431152,12,100,100
information_random_4,information,random,4,489204,1051498,original,0,embedding,1.1050267219543457,7,100,100
information_random_4,information,random,4,489204,1051498,original,1,encoder_block_1,0.5670552253723145,10,100,100
information_random_4,information,random,4,489204,1051498,original,2,encoder_block_2,0.6947755813598633,7,100,100
information_random_4,information,random,4,489204,1051498,original,3,encoder_block_3,0.6954247951507568,7,100,100
information_random_4,information,random,4,489204,1051498,original,4,encoder_block_4,0.7063589096069336,13,100,100
information_random_4,information,random,4,489204,1051498,original,5,encoder_block_5,0.8089845180511475,12,100,100
information_random_4,information,random,4,489204,1051498,original,6,encoder_block_6,0.7066187858581543,15,100,100
information_random_4,information,random,4,489204,1051498,original,7,encoder_block_7,0.5458054542541504,25,100,100
information_random_4,information,random,4,489204,1051498,original,8,encoder_block_8,0.5038812160491943,19,100,100
information_random_4,information,random,4,489204,1051498,original,9,encoder_block_9,0.5962824821472168,17,100,100
information_random_4,information,random,4,489204,1051498,original,10,encoder_block_10,0.243504524230957,22,100,100
information_random_4,information,random,4,489204,1051498,original,11,encoder_block_11,0.8234102725982666,28,100,100
information_random_4,information,random,4,489204,1051498,original,12,encoder_block_12,1.1466436982154846,23,100,100
information_random_4,information,random,4,489204,1051498,padded_control,0,embedding,1.1050262451171875,7,100,100
information_random_4,information,random,4,489204,1051498,padded_control,1,encoder_block_1,0.6090164184570312,8,100,100
information_random_4,information,random,4,489204,1051498,padded_control,2,encoder_block_2,0.7123260498046875,6,100,100
information_random_4,information,random,4,489204,1051498,padded_control,3,encoder_block_3,0.7137551307678223,7,100,100
information_random_4,information,random,4,489204,1051498,padded_control,4,encoder_block_4,0.7069220542907715,13,100,100
information_random_4,information,random,4,489204,1051498,padded_control,5,encoder_block_5,0.8176889419555664,12,100,100
information_random_4,information,random,4,489204,1051498,padded_control,6,encoder_block_6,0.7038941383361816,15,100,100
information_random_4,information,random,4,489204,1051498,padded_control,7,encoder_block_7,0.5384495258331299,25,100,100
information_random_4,information,random,4,489204,1051498,padded_control,8,encoder_block_8,0.4696674346923828,24,100,100
information_random_4,information,random,4,489204,1051498,padded_control,9,encoder_block_9,0.5900895595550537,19,100,100
information_random_4,information,random,4,489204,1051498,padded_control,10,encoder_block_10,0.2619345188140869,19,100,100
information_random_4,information,random,4,489204,1051498,padded_control,11,encoder_block_11,0.7974643707275391,30,100,100
information_random_4,information,random,4,489204,1051498,padded_control,12,encoder_block_12,0.9646714925765992,24,100,100
information_random_4,information,random,4,489204,1051498,attack,0,embedding,0.6299717426300049,27,100,100
information_random_4,information,random,4,489204,1051498,attack,1,encoder_block_1,0.2773628234863281,24,100,100
information_random_4,information,random,4,489204,1051498,attack,2,encoder_block_2,0.2194252014160156,44,100,100
information_random_4,information,random,4,489204,1051498,attack,3,encoder_block_3,0.3108386993408203,41,100,100
information_random_4,information,random,4,489204,1051498,attack,4,encoder_block_4,0.3695812225341797,47,100,100
information_random_4,information,random,4,489204,1051498,attack,5,encoder_block_5,0.5652384757995605,39,100,100
information_random_4,information,random,4,489204,1051498,attack,6,encoder_block_6,0.4602274894714355,43,100,100
information_random_4,information,random,4,489204,1051498,attack,7,encoder_block_7,0.2304081916809082,65,100,100
information_random_4,information,random,4,489204,1051498,attack,8,encoder_block_8,0.2560567855834961,44,100,100
information_random_4,information,random,4,489204,1051498,attack,9,encoder_block_9,0.449148416519165,41,100,100
information_random_4,information,random,4,489204,1051498,attack,10,encoder_block_10,0.0151925086975097,51,100,100
information_random_4,information,random,4,489204,1051498,attack,11,encoder_block_11,0.7355871200561523,34,100,100
information_random_4,information,random,4,489204,1051498,attack,12,encoder_block_12,1.7565583437681198,11,100,100
information_random_4,information,random,4,490595,7839904,original,0,embedding,0.743114709854126,49,100,100
information_random_4,information,random,4,490595,7839904,original,1,encoder_block_1,0.2408144474029541,90,100,100
information_random_4,information,random,4,490595,7839904,original,2,encoder_block_2,0.2686305046081543,93,100,100
information_random_4,information,random,4,490595,7839904,original,3,encoder_block_3,0.2997734546661377,87,100,100
information_random_4,information,random,4,490595,7839904,original,4,encoder_block_4,0.6087636947631836,71,100,100
information_random_4,information,random,4,490595,7839904,original,5,encoder_block_5,0.8757696151733398,57,100,100
information_random_4,information,random,4,490595,7839904,original,6,encoder_block_6,0.8896998167037964,57,100,100
information_random_4,information,random,4,490595,7839904,original,7,encoder_block_7,1.0411710739135742,53,100,100
information_random_4,information,random,4,490595,7839904,original,8,encoder_block_8,1.0582380294799805,52,100,100
information_random_4,information,random,4,490595,7839904,original,9,encoder_block_9,1.0870909690856934,54,100,100
information_random_4,information,random,4,490595,7839904,original,10,encoder_block_10,0.5982840061187744,83,100,100
information_random_4,information,random,4,490595,7839904,original,11,encoder_block_11,0.3663021922111511,72,100,100
information_random_4,information,random,4,490595,7839904,original,12,encoder_block_12,-6.449821472167969,74,100,100
information_random_4,information,random,4,490595,7839904,padded_control,0,embedding,0.7431135177612305,49,100,100
information_random_4,information,random,4,490595,7839904,padded_control,1,encoder_block_1,0.2515170574188232,90,100,100
information_random_4,information,random,4,490595,7839904,padded_control,2,encoder_block_2,0.2837080955505371,91,100,100
information_random_4,information,random,4,490595,7839904,padded_control,3,encoder_block_3,0.3130083084106445,86,100,100
information_random_4,information,random,4,490595,7839904,padded_control,4,encoder_block_4,0.6234637498855591,69,100,100
information_random_4,information,random,4,490595,7839904,padded_control,5,encoder_block_5,0.8797903060913086,57,100,100
information_random_4,information,random,4,490595,7839904,padded_control,6,encoder_block_6,0.8977396488189697,57,100,100
information_random_4,information,random,4,490595,7839904,padded_control,7,encoder_block_7,1.0499271154403689,53,100,100
information_random_4,information,random,4,490595,7839904,padded_control,8,encoder_block_8,1.0618770122528076,52,100,100
information_random_4,information,random,4,490595,7839904,padded_control,9,encoder_block_9,1.0703668594360352,59,100,100
information_random_4,information,random,4,490595,7839904,padded_control,10,encoder_block_10,0.593205451965332,83,100,100
information_random_4,information,random,4,490595,7839904,padded_control,11,encoder_block_11,0.3833854794502258,72,100,100
information_random_4,information,random,4,490595,7839904,padded_control,12,encoder_block_12,-6.557046890258789,74,100,100
information_random_4,information,random,4,490595,7839904,attack,0,embedding,0.4921302795410156,73,100,100
information_random_4,information,random,4,490595,7839904,attack,1,encoder_block_1,0.200014591217041,92,100,100
information_random_4,information,random,4,490595,7839904,attack,2,encoder_block_2,0.1548967361450195,98,100,100
information_random_4,information,random,4,490595,7839904,attack,3,encoder_block_3,0.2690390348434448,90,100,100
information_random_4,information,random,4,490595,7839904,attack,4,encoder_block_4,0.5803442001342773,72,100,100
information_random_4,information,random,4,490595,7839904,attack,5,encoder_block_5,0.8998377323150635,57,100,100
information_random_4,information,random,4,490595,7839904,attack,6,encoder_block_6,0.928226351737976,54,100,100
information_random_4,information,random,4,490595,7839904,attack,7,encoder_block_7,1.0798602104187012,49,100,100
information_random_4,information,random,4,490595,7839904,attack,8,encoder_block_8,1.107647180557251,41,100,100
information_random_4,information,random,4,490595,7839904,attack,9,encoder_block_9,1.1744582653045654,43,100,100
information_random_4,information,random,4,490595,7839904,attack,10,encoder_block_10,1.013279914855957,54,100,100
information_random_4,information,random,4,490595,7839904,attack,11,encoder_block_11,1.3853601217269895,41,100,100
information_random_4,information,random,4,490595,7839904,attack,12,encoder_block_12,-0.4822219610214233,39,100,100
information_random_4,information,random,4,527433,6186391,original,0,embedding,-0.5706920623779297,99,100,100
information_random_4,information,random,4,527433,6186391,original,1,encoder_block_1,-0.8049893379211426,91,100,100
information_random_4,information,random,4,527433,6186391,original,2,encoder_block_2,-0.6781020164489746,88,100,100
information_random_4,information,random,4,527433,6186391,original,3,encoder_block_3,-0.2104153633117675,58,100,100
information_random_4,information,random,4,527433,6186391,original,4,encoder_block_4,0.0249910354614257,36,100,100
information_random_4,information,random,4,527433,6186391,original,5,encoder_block_5,0.0053474903106689,19,100,100
information_random_4,information,random,4,527433,6186391,original,6,encoder_block_6,-0.0756361484527587,19,100,100
information_random_4,information,random,4,527433,6186391,original,7,encoder_block_7,-0.0155584812164306,19,100,100
information_random_4,information,random,4,527433,6186391,original,8,encoder_block_8,-0.1562321186065673,22,100,100
information_random_4,information,random,4,527433,6186391,original,9,encoder_block_9,0.1609573364257812,14,100,100
information_random_4,information,random,4,527433,6186391,original,10,encoder_block_10,0.2740828990936279,8,100,100
information_random_4,information,random,4,527433,6186391,original,11,encoder_block_11,1.410413384437561,5,100,100
information_random_4,information,random,4,527433,6186391,original,12,encoder_block_12,2.474163770675659,5,100,100
information_random_4,information,random,4,527433,6186391,padded_control,0,embedding,-0.5706934928894043,99,100,100
information_random_4,information,random,4,527433,6186391,padded_control,1,encoder_block_1,-0.8124098777770996,92,100,100
information_random_4,information,random,4,527433,6186391,padded_control,2,encoder_block_2,-0.6855735778808594,88,100,100
information_random_4,information,random,4,527433,6186391,padded_control,3,encoder_block_3,-0.2101764678955078,58,100,100
information_random_4,information,random,4,527433,6186391,padded_control,4,encoder_block_4,0.0240323543548584,36,100,100
information_random_4,information,random,4,527433,6186391,padded_control,5,encoder_block_5,0.0149371623992919,19,100,100
information_random_4,information,random,4,527433,6186391,padded_control,6,encoder_block_6,-0.0698771476745605,19,100,100
information_random_4,information,random,4,527433,6186391,padded_control,7,encoder_block_7,-0.0079717636108398,19,100,100
information_random_4,information,random,4,527433,6186391,padded_control,8,encoder_block_8,-0.1478466987609863,20,100,100
information_random_4,information,random,4,527433,6186391,padded_control,9,encoder_block_9,0.1594021320343017,14,100,100
information_random_4,information,random,4,527433,6186391,padded_control,10,encoder_block_10,0.2771453857421875,8,100,100
information_random_4,information,random,4,527433,6186391,padded_control,11,encoder_block_11,1.4044878482818604,5,100,100
information_random_4,information,random,4,527433,6186391,padded_control,12,encoder_block_12,2.447573363780976,5,100,100
information_random_4,information,random,4,527433,6186391,attack,0,embedding,-0.719973087310791,100,100,100
information_random_4,information,random,4,527433,6186391,attack,1,encoder_block_1,-0.9923543930053712,96,100,100
information_random_4,information,random,4,527433,6186391,attack,2,encoder_block_2,-0.8973407745361328,97,100,100
information_random_4,information,random,4,527433,6186391,attack,3,encoder_block_3,-0.3983244895935058,80,100,100
information_random_4,information,random,4,527433,6186391,attack,4,encoder_block_4,-0.1321008205413818,51,100,100
information_random_4,information,random,4,527433,6186391,attack,5,encoder_block_5,-0.0716485977172851,24,100,100
information_random_4,information,random,4,527433,6186391,attack,6,encoder_block_6,-0.1738209724426269,25,100,100
information_random_4,information,random,4,527433,6186391,attack,7,encoder_block_7,-0.0971243381500244,24,100,100
information_random_4,information,random,4,527433,6186391,attack,8,encoder_block_8,-0.1694273948669433,25,100,100
information_random_4,information,random,4,527433,6186391,attack,9,encoder_block_9,0.1268050670623779,18,100,100
information_random_4,information,random,4,527433,6186391,attack,10,encoder_block_10,0.2758867740631103,8,100,100
information_random_4,information,random,4,527433,6186391,attack,11,encoder_block_11,1.367577314376831,5,100,100
information_random_4,information,random,4,527433,6186391,attack,12,encoder_block_12,2.3749102354049683,5,100,100
information_random_4,information,random,4,573724,3365633,original,0,embedding,0.5385451316833496,36,100,100
information_random_4,information,random,4,573724,3365633,original,1,encoder_block_1,0.4097919464111328,55,100,100
information_random_4,information,random,4,573724,3365633,original,2,encoder_block_2,0.6967830657958984,55,100,100
information_random_4,information,random,4,573724,3365633,original,3,encoder_block_3,0.7205619812011719,57,100,100
information_random_4,information,random,4,573724,3365633,original,4,encoder_block_4,0.6689319610595703,57,100,100
information_random_4,information,random,4,573724,3365633,original,5,encoder_block_5,0.6640961170196533,43,100,100
information_random_4,information,random,4,573724,3365633,original,6,encoder_block_6,0.636467456817627,44,100,100
information_random_4,information,random,4,573724,3365633,original,7,encoder_block_7,0.8578405380249023,23,100,100
information_random_4,information,random,4,573724,3365633,original,8,encoder_block_8,1.016554832458496,17,100,100
information_random_4,information,random,4,573724,3365633,original,9,encoder_block_9,1.0867230892181396,18,100,100
information_random_4,information,random,4,573724,3365633,original,10,encoder_block_10,1.3101067543029783,18,100,100
information_random_4,information,random,4,573724,3365633,original,11,encoder_block_11,2.012021541595459,31,100,100
information_random_4,information,random,4,573724,3365633,original,12,encoder_block_12,3.365236520767212,32,100,100
information_random_4,information,random,4,573724,3365633,padded_control,0,embedding,0.5385451316833496,36,100,100
information_random_4,information,random,4,573724,3365633,padded_control,1,encoder_block_1,0.4209303855895996,54,100,100
information_random_4,information,random,4,573724,3365633,padded_control,2,encoder_block_2,0.7107291221618652,53,100,100
information_random_4,information,random,4,573724,3365633,padded_control,3,encoder_block_3,0.7391571998596191,53,100,100
information_random_4,information,random,4,573724,3365633,padded_control,4,encoder_block_4,0.6836557388305664,55,100,100
information_random_4,information,random,4,573724,3365633,padded_control,5,encoder_block_5,0.6667218208312988,42,100,100
information_random_4,information,random,4,573724,3365633,padded_control,6,encoder_block_6,0.6301026344299316,45,100,100
information_random_4,information,random,4,573724,3365633,padded_control,7,encoder_block_7,0.8524131774902344,23,100,100
information_random_4,information,random,4,573724,3365633,padded_control,8,encoder_block_8,1.0156068801879885,18,100,100
information_random_4,information,random,4,573724,3365633,padded_control,9,encoder_block_9,1.09206223487854,18,100,100
information_random_4,information,random,4,573724,3365633,padded_control,10,encoder_block_10,1.3209762573242188,17,100,100
information_random_4,information,random,4,573724,3365633,padded_control,11,encoder_block_11,2.003420114517212,31,100,100
information_random_4,information,random,4,573724,3365633,padded_control,12,encoder_block_12,3.293550491333008,33,100,100
information_random_4,information,random,4,573724,3365633,attack,0,embedding,0.291386604309082,59,100,100
information_random_4,information,random,4,573724,3365633,attack,1,encoder_block_1,0.2563204765319824,65,100,100
information_random_4,information,random,4,573724,3365633,attack,2,encoder_block_2,0.5102229118347168,69,100,100
information_random_4,information,random,4,573724,3365633,attack,3,encoder_block_3,0.6310663223266602,67,100,100
information_random_4,information,random,4,573724,3365633,attack,4,encoder_block_4,0.586388111114502,62,100,100
information_random_4,information,random,4,573724,3365633,attack,5,encoder_block_5,0.5730814933776855,61,100,100
information_random_4,information,random,4,573724,3365633,attack,6,encoder_block_6,0.5564150810241699,59,100,100
information_random_4,information,random,4,573724,3365633,attack,7,encoder_block_7,0.7365083694458008,35,100,100
information_random_4,information,random,4,573724,3365633,attack,8,encoder_block_8,0.9290952682495116,29,100,100
information_random_4,information,random,4,573724,3365633,attack,9,encoder_block_9,1.0435426235198977,21,100,100
information_random_4,information,random,4,573724,3365633,attack,10,encoder_block_10,1.3033959865570068,18,100,100
information_random_4,information,random,4,573724,3365633,attack,11,encoder_block_11,1.9993507862091064,31,100,100
information_random_4,information,random,4,573724,3365633,attack,12,encoder_block_12,3.352911949157715,32,100,100
information_random_4,information,random,4,833860,6230226,original,0,embedding,0.1813712120056152,47,100,100
information_random_4,information,random,4,833860,6230226,original,1,encoder_block_1,0.003852367401123,68,100,100
information_random_4,information,random,4,833860,6230226,original,2,encoder_block_2,0.2235174179077148,68,100,100
information_random_4,information,random,4,833860,6230226,original,3,encoder_block_3,0.5636570453643799,29,100,100
information_random_4,information,random,4,833860,6230226,original,4,encoder_block_4,0.662346363067627,20,100,100
information_random_4,information,random,4,833860,6230226,original,5,encoder_block_5,0.7447495460510254,9,100,100
information_random_4,information,random,4,833860,6230226,original,6,encoder_block_6,0.733391284942627,9,100,100
information_random_4,information,random,4,833860,6230226,original,7,encoder_block_7,0.8366022109985352,7,100,100
information_random_4,information,random,4,833860,6230226,original,8,encoder_block_8,0.889418363571167,7,100,100
information_random_4,information,random,4,833860,6230226,original,9,encoder_block_9,1.210526466369629,2,100,100
information_random_4,information,random,4,833860,6230226,original,10,encoder_block_10,1.6339516639709473,1,100,100
information_random_4,information,random,4,833860,6230226,original,11,encoder_block_11,3.701798439025879,1,100,100
information_random_4,information,random,4,833860,6230226,original,12,encoder_block_12,6.444667816162109,1,100,100
information_random_4,information,random,4,833860,6230226,padded_control,0,embedding,0.1813712120056152,47,100,100
information_random_4,information,random,4,833860,6230226,padded_control,1,encoder_block_1,0.0015373229980468,68,100,100
information_random_4,information,random,4,833860,6230226,padded_control,2,encoder_block_2,0.2245693206787109,68,100,100
information_random_4,information,random,4,833860,6230226,padded_control,3,encoder_block_3,0.5568623542785645,30,100,100
information_random_4,information,random,4,833860,6230226,padded_control,4,encoder_block_4,0.6457467079162598,20,100,100
information_random_4,information,random,4,833860,6230226,padded_control,5,encoder_block_5,0.7286105155944824,10,100,100
information_random_4,information,random,4,833860,6230226,padded_control,6,encoder_block_6,0.7187981605529785,9,100,100
information_random_4,information,random,4,833860,6230226,padded_control,7,encoder_block_7,0.8572077751159668,7,100,100
information_random_4,information,random,4,833860,6230226,padded_control,8,encoder_block_8,0.9091222286224364,7,100,100
information_random_4,information,random,4,833860,6230226,padded_control,9,encoder_block_9,1.212073802947998,2,100,100
information_random_4,information,random,4,833860,6230226,padded_control,10,encoder_block_10,1.6358520984649658,1,100,100
information_random_4,information,random,4,833860,6230226,padded_control,11,encoder_block_11,3.719305992126465,1,100,100
information_random_4,information,random,4,833860,6230226,padded_control,12,encoder_block_12,6.446989059448242,1,100,100
information_random_4,information,random,4,833860,6230226,attack,0,embedding,-0.0195837020874023,69,100,100
information_random_4,information,random,4,833860,6230226,attack,1,encoder_block_1,-0.1466779708862304,81,100,100
information_random_4,information,random,4,833860,6230226,attack,2,encoder_block_2,-0.0023002624511718,82,100,100
information_random_4,information,random,4,833860,6230226,attack,3,encoder_block_3,0.3627607822418213,45,100,100
information_random_4,information,random,4,833860,6230226,attack,4,encoder_block_4,0.466073989868164,33,100,100
information_random_4,information,random,4,833860,6230226,attack,5,encoder_block_5,0.5760116577148438,22,100,100
information_random_4,information,random,4,833860,6230226,attack,6,encoder_block_6,0.5502781867980957,16,100,100
information_random_4,information,random,4,833860,6230226,attack,7,encoder_block_7,0.6146018505096436,15,100,100
information_random_4,information,random,4,833860,6230226,attack,8,encoder_block_8,0.6521048545837402,16,100,100
information_random_4,information,random,4,833860,6230226,attack,9,encoder_block_9,1.0011208057403564,6,100,100
information_random_4,information,random,4,833860,6230226,attack,10,encoder_block_10,1.4543495178222656,2,100,100
information_random_4,information,random,4,833860,6230226,attack,11,encoder_block_11,3.551843643188477,1,100,100
information_random_4,information,random,4,833860,6230226,attack,12,encoder_block_12,6.4720869064331055,1,100,100
information_random_4,information,random,4,855410,8651772,original,0,embedding,0.5264654159545898,3,100,5
information_random_4,information,random,4,855410,8651772,original,1,encoder_block_1,0.4964876174926758,3,100,5
information_random_4,information,random,4,855410,8651772,original,2,encoder_block_2,0.4185943603515625,3,100,5
information_random_4,information,random,4,855410,8651772,original,3,encoder_block_3,0.4122314453125,3,100,5
information_random_4,information,random,4,855410,8651772,original,4,encoder_block_4,0.3530209064483642,2,100,5
information_random_4,information,random,4,855410,8651772,original,5,encoder_block_5,0.1483740806579589,2,100,5
information_random_4,information,random,4,855410,8651772,original,6,encoder_block_6,0.0892930030822753,2,100,5
information_random_4,information,random,4,855410,8651772,original,7,encoder_block_7,-0.0656623840332031,3,100,5
information_random_4,information,random,4,855410,8651772,original,8,encoder_block_8,0.1337442398071289,4,100,5
information_random_4,information,random,4,855410,8651772,original,9,encoder_block_9,0.2155776023864746,5,100,5
information_random_4,information,random,4,855410,8651772,original,10,encoder_block_10,0.0266947746276855,4,100,5
information_random_4,information,random,4,855410,8651772,original,11,encoder_block_11,0.5747649669647217,4,100,5
information_random_4,information,random,4,855410,8651772,original,12,encoder_block_12,0.2199397087097168,4,100,5
information_random_4,information,random,4,855410,8651772,padded_control,0,embedding,0.526465892791748,3,100,5
information_random_4,information,random,4,855410,8651772,padded_control,1,encoder_block_1,0.4978580474853515,3,100,5
information_random_4,information,random,4,855410,8651772,padded_control,2,encoder_block_2,0.4483575820922851,3,100,5
information_random_4,information,random,4,855410,8651772,padded_control,3,encoder_block_3,0.4040164947509765,3,100,5
information_random_4,information,random,4,855410,8651772,padded_control,4,encoder_block_4,0.3335006237030029,2,100,5
information_random_4,information,random,4,855410,8651772,padded_control,5,encoder_block_5,0.1348421573638916,2,100,5
information_random_4,information,random,4,855410,8651772,padded_control,6,encoder_block_6,0.0580213069915771,2,100,5
information_random_4,information,random,4,855410,8651772,padded_control,7,encoder_block_7,-0.0842900276184082,3,100,5
information_random_4,information,random,4,855410,8651772,padded_control,8,encoder_block_8,0.1310615539550781,4,100,5
information_random_4,information,random,4,855410,8651772,padded_control,9,encoder_block_9,0.2182409763336181,5,100,5
information_random_4,information,random,4,855410,8651772,padded_control,10,encoder_block_10,0.0393422842025756,4,100,5
information_random_4,information,random,4,855410,8651772,padded_control,11,encoder_block_11,0.5173368453979492,4,100,5
information_random_4,information,random,4,855410,8651772,padded_control,12,encoder_block_12,0.0741361081600189,4,100,5
information_random_4,information,random,4,855410,8651772,attack,0,embedding,0.2690565586090088,3,100,5
information_random_4,information,random,4,855410,8651772,attack,1,encoder_block_1,0.3408846855163574,3,100,5
information_random_4,information,random,4,855410,8651772,attack,2,encoder_block_2,0.0809864997863769,3,100,5
information_random_4,information,random,4,855410,8651772,attack,3,encoder_block_3,0.1342329978942871,3,100,5
information_random_4,information,random,4,855410,8651772,attack,4,encoder_block_4,0.082773208618164,3,100,5
information_random_4,information,random,4,855410,8651772,attack,5,encoder_block_5,0.0057082176208496,2,100,5
information_random_4,information,random,4,855410,8651772,attack,6,encoder_block_6,-0.055854320526123,3,100,5
information_random_4,information,random,4,855410,8651772,attack,7,encoder_block_7,-0.1977818012237548,5,100,5
information_random_4,information,random,4,855410,8651772,attack,8,encoder_block_8,0.0397839546203613,5,100,5
information_random_4,information,random,4,855410,8651772,attack,9,encoder_block_9,0.0591719150543212,5,100,5
information_random_4,information,random,4,855410,8651772,attack,10,encoder_block_10,-0.3066256046295166,5,100,5
information_random_4,information,random,4,855410,8651772,attack,11,encoder_block_11,-0.1041232347488403,4,100,5
information_random_4,information,random,4,855410,8651772,attack,12,encoder_block_12,-1.41085746884346,4,100,5
information_random_4,information,random,4,87181,2986227,original,0,embedding,0.427579402923584,59,100,100
information_random_4,information,random,4,87181,2986227,original,1,encoder_block_1,0.066629409790039,63,100,100
information_random_4,information,random,4,87181,2986227,original,2,encoder_block_2,0.1126074790954589,40,100,100
information_random_4,information,random,4,87181,2986227,original,3,encoder_block_3,0.0347876548767089,47,100,100
information_random_4,information,random,4,87181,2986227,original,4,encoder_block_4,-0.2236852645874023,59,100,100
information_random_4,information,random,4,87181,2986227,original,5,encoder_block_5,-0.2539844512939453,52,100,100
information_random_4,information,random,4,87181,2986227,original,6,encoder_block_6,-0.298931360244751,55,100,100
information_random_4,information,random,4,87181,2986227,original,7,encoder_block_7,-0.1024222373962402,31,100,100
information_random_4,information,random,4,87181,2986227,original,8,encoder_block_8,-0.0140490531921386,21,100,100
information_random_4,information,random,4,87181,2986227,original,9,encoder_block_9,0.435795783996582,8,100,100
information_random_4,information,random,4,87181,2986227,original,10,encoder_block_10,0.8540353775024414,1,100,100
information_random_4,information,random,4,87181,2986227,original,11,encoder_block_11,2.348917961120605,1,100,100
information_random_4,information,random,4,87181,2986227,original,12,encoder_block_12,3.095364809036255,12,100,100
information_random_4,information,random,4,87181,2986227,padded_control,0,embedding,0.4275789260864258,59,100,100
information_random_4,information,random,4,87181,2986227,padded_control,1,encoder_block_1,0.0720267295837402,60,100,100
information_random_4,information,random,4,87181,2986227,padded_control,2,encoder_block_2,0.1093525886535644,40,100,100
information_random_4,information,random,4,87181,2986227,padded_control,3,encoder_block_3,0.0287842750549316,47,100,100
information_random_4,information,random,4,87181,2986227,padded_control,4,encoder_block_4,-0.2317647933959961,60,100,100
information_random_4,information,random,4,87181,2986227,padded_control,5,encoder_block_5,-0.2705192565917969,54,100,100
information_random_4,information,random,4,87181,2986227,padded_control,6,encoder_block_6,-0.3222122192382812,57,100,100
information_random_4,information,random,4,87181,2986227,padded_control,7,encoder_block_7,-0.1345424652099609,34,100,100
information_random_4,information,random,4,87181,2986227,padded_control,8,encoder_block_8,-0.0343999862670898,23,100,100
information_random_4,information,random,4,87181,2986227,padded_control,9,encoder_block_9,0.4289803504943847,8,100,100
information_random_4,information,random,4,87181,2986227,padded_control,10,encoder_block_10,0.8470640182495117,1,100,100
information_random_4,information,random,4,87181,2986227,padded_control,11,encoder_block_11,2.338902473449707,1,100,100
information_random_4,information,random,4,87181,2986227,padded_control,12,encoder_block_12,3.069237470626831,12,100,100
information_random_4,information,random,4,87181,2986227,attack,0,embedding,0.283609390258789,73,100,100
information_random_4,information,random,4,87181,2986227,attack,1,encoder_block_1,-0.1081209182739257,79,100,100
information_random_4,information,random,4,87181,2986227,attack,2,encoder_block_2,-0.1431982517242431,76,100,100
information_random_4,information,random,4,87181,2986227,attack,3,encoder_block_3,-0.1591441631317138,77,100,100
information_random_4,information,random,4,87181,2986227,attack,4,encoder_block_4,-0.3713400363922119,76,100,100
information_random_4,information,random,4,87181,2986227,attack,5,encoder_block_5,-0.4189116954803467,72,100,100
information_random_4,information,random,4,87181,2986227,attack,6,encoder_block_6,-0.5034632682800293,80,100,100
information_random_4,information,random,4,87181,2986227,attack,7,encoder_block_7,-0.3648641109466553,70,100,100
information_random_4,information,random,4,87181,2986227,attack,8,encoder_block_8,-0.1972095966339111,42,100,100
information_random_4,information,random,4,87181,2986227,attack,9,encoder_block_9,0.2220916748046875,14,100,100
information_random_4,information,random,4,87181,2986227,attack,10,encoder_block_10,0.630040168762207,3,100,100
information_random_4,information,random,4,87181,2986227,attack,11,encoder_block_11,2.3145313262939453,1,100,100
information_random_4,information,random,4,87181,2986227,attack,12,encoder_block_12,3.171215295791626,11,100,100
information_random_4,information,random,4,87452,186939,original,0,embedding,-0.131176471710205,89,100,100
information_random_4,information,random,4,87452,186939,original,1,encoder_block_1,0.0700085163116455,69,100,100
information_random_4,information,random,4,87452,186939,original,2,encoder_block_2,0.5808210372924805,60,100,100
information_random_4,information,random,4,87452,186939,original,3,encoder_block_3,0.5310637950897217,58,100,100
information_random_4,information,random,4,87452,186939,original,4,encoder_block_4,0.5410923957824707,65,100,100
information_random_4,information,random,4,87452,186939,original,5,encoder_block_5,0.4766809940338135,82,100,100
information_random_4,information,random,4,87452,186939,original,6,encoder_block_6,0.4033131599426269,62,100,100
information_random_4,information,random,4,87452,186939,original,7,encoder_block_7,0.4157111644744873,62,100,100
information_random_4,information,random,4,87452,186939,original,8,encoder_block_8,0.5054173469543457,55,100,100
information_random_4,information,random,4,87452,186939,original,9,encoder_block_9,0.892852783203125,40,100,100
information_random_4,information,random,4,87452,186939,original,10,encoder_block_10,0.9098341464996338,10,100,100
information_random_4,information,random,4,87452,186939,original,11,encoder_block_11,2.610426425933838,3,100,100
information_random_4,information,random,4,87452,186939,original,12,encoder_block_12,4.912345886230469,2,100,100
information_random_4,information,random,4,87452,186939,padded_control,0,embedding,-0.1311762332916259,89,100,100
information_random_4,information,random,4,87452,186939,padded_control,1,encoder_block_1,0.1040687561035156,66,100,100
information_random_4,information,random,4,87452,186939,padded_control,2,encoder_block_2,0.6082966327667236,59,100,100
information_random_4,information,random,4,87452,186939,padded_control,3,encoder_block_3,0.578115701675415,55,100,100
information_random_4,information,random,4,87452,186939,padded_control,4,encoder_block_4,0.5697040557861328,59,100,100
information_random_4,information,random,4,87452,186939,padded_control,5,encoder_block_5,0.511044979095459,78,100,100
information_random_4,information,random,4,87452,186939,padded_control,6,encoder_block_6,0.4315171241760254,55,100,100
information_random_4,information,random,4,87452,186939,padded_control,7,encoder_block_7,0.4370858669281006,59,100,100
information_random_4,information,random,4,87452,186939,padded_control,8,encoder_block_8,0.5309545993804932,52,100,100
information_random_4,information,random,4,87452,186939,padded_control,9,encoder_block_9,0.9184648990631104,39,100,100
information_random_4,information,random,4,87452,186939,padded_control,10,encoder_block_10,0.9225804805755616,9,100,100
information_random_4,information,random,4,87452,186939,padded_control,11,encoder_block_11,2.620828866958618,3,100,100
information_random_4,information,random,4,87452,186939,padded_control,12,encoder_block_12,4.90122127532959,2,100,100
information_random_4,information,random,4,87452,186939,attack,0,embedding,-0.400299072265625,100,100,100
information_random_4,information,random,4,87452,186939,attack,1,encoder_block_1,-0.1927797794342041,91,100,100
information_random_4,information,random,4,87452,186939,attack,2,encoder_block_2,0.2328431606292724,91,100,100
information_random_4,information,random,4,87452,186939,attack,3,encoder_block_3,0.3276286125183105,82,100,100
information_random_4,information,random,4,87452,186939,attack,4,encoder_block_4,0.3440001010894775,88,100,100
information_random_4,information,random,4,87452,186939,attack,5,encoder_block_5,0.35408616065979,90,100,100
information_random_4,information,random,4,87452,186939,attack,6,encoder_block_6,0.3203775882720947,74,100,100
information_random_4,information,random,4,87452,186939,attack,7,encoder_block_7,0.301183819770813,77,100,100
information_random_4,information,random,4,87452,186939,attack,8,encoder_block_8,0.3492574691772461,73,100,100
information_random_4,information,random,4,87452,186939,attack,9,encoder_block_9,0.7994179725646973,49,100,100
information_random_4,information,random,4,87452,186939,attack,10,encoder_block_10,0.7601494789123535,16,100,100
information_random_4,information,random,4,87452,186939,attack,11,encoder_block_11,2.3991527557373047,3,100,100
information_random_4,information,random,4,87452,186939,attack,12,encoder_block_12,4.592154502868652,2,100,100
information_random_4,information,random,4,915593,4566816,original,0,embedding,-0.1649837493896484,95,100,100
information_random_4,information,random,4,915593,4566816,original,1,encoder_block_1,-0.13824462890625,95,100,100
information_random_4,information,random,4,915593,4566816,original,2,encoder_block_2,0.2396275997161865,87,100,100
information_random_4,information,random,4,915593,4566816,original,3,encoder_block_3,0.2713072299957275,85,100,100
information_random_4,information,random,4,915593,4566816,original,4,encoder_block_4,0.366396427154541,71,100,100
information_random_4,information,random,4,915593,4566816,original,5,encoder_block_5,0.4460828304290771,52,100,100
information_random_4,information,random,4,915593,4566816,original,6,encoder_block_6,0.3744106292724609,58,100,100
information_random_4,information,random,4,915593,4566816,original,7,encoder_block_7,0.4818277359008789,41,100,100
information_random_4,information,random,4,915593,4566816,original,8,encoder_block_8,0.6857666969299316,29,100,100
information_random_4,information,random,4,915593,4566816,original,9,encoder_block_9,1.0470024347305298,9,100,100
information_random_4,information,random,4,915593,4566816,original,10,encoder_block_10,0.4930312633514404,25,100,100
information_random_4,information,random,4,915593,4566816,original,11,encoder_block_11,0.7250698804855347,30,100,100
information_random_4,information,random,4,915593,4566816,original,12,encoder_block_12,0.4450546503067016,34,100,100
information_random_4,information,random,4,915593,4566816,padded_control,0,embedding,-0.1649842262268066,95,100,100
information_random_4,information,random,4,915593,4566816,padded_control,1,encoder_block_1,-0.1334681510925293,95,100,100
information_random_4,information,random,4,915593,4566816,padded_control,2,encoder_block_2,0.2452220916748047,87,100,100
information_random_4,information,random,4,915593,4566816,padded_control,3,encoder_block_3,0.2664787769317627,85,100,100
information_random_4,information,random,4,915593,4566816,padded_control,4,encoder_block_4,0.3612422943115234,72,100,100
information_random_4,information,random,4,915593,4566816,padded_control,5,encoder_block_5,0.4412493705749511,53,100,100
information_random_4,information,random,4,915593,4566816,padded_control,6,encoder_block_6,0.3685894012451172,58,100,100
information_random_4,information,random,4,915593,4566816,padded_control,7,encoder_block_7,0.481874942779541,41,100,100
information_random_4,information,random,4,915593,4566816,padded_control,8,encoder_block_8,0.6920523643493652,28,100,100
information_random_4,information,random,4,915593,4566816,padded_control,9,encoder_block_9,1.0506397485733032,8,100,100
information_random_4,information,random,4,915593,4566816,padded_control,10,encoder_block_10,0.5215599536895752,23,100,100
information_random_4,information,random,4,915593,4566816,padded_control,11,encoder_block_11,0.7558923959732056,30,100,100
information_random_4,information,random,4,915593,4566816,padded_control,12,encoder_block_12,0.5063542127609253,34,100,100
information_random_4,information,random,4,915593,4566816,attack,0,embedding,-0.4100260734558105,100,100,100
information_random_4,information,random,4,915593,4566816,attack,1,encoder_block_1,-0.3810820579528808,100,100,100
information_random_4,information,random,4,915593,4566816,attack,2,encoder_block_2,-0.0043964385986328,94,100,100
information_random_4,information,random,4,915593,4566816,attack,3,encoder_block_3,0.0716724395751953,91,100,100
information_random_4,information,random,4,915593,4566816,attack,4,encoder_block_4,0.1775858402252197,86,100,100
information_random_4,information,random,4,915593,4566816,attack,5,encoder_block_5,0.3011832237243652,71,100,100
information_random_4,information,random,4,915593,4566816,attack,6,encoder_block_6,0.2322450876235962,73,100,100
information_random_4,information,random,4,915593,4566816,attack,7,encoder_block_7,0.3110049962997436,56,100,100
information_random_4,information,random,4,915593,4566816,attack,8,encoder_block_8,0.5620613098144531,39,100,100
information_random_4,information,random,4,915593,4566816,attack,9,encoder_block_9,0.9139543771743774,16,100,100
information_random_4,information,random,4,915593,4566816,attack,10,encoder_block_10,0.3573276996612549,30,100,100
information_random_4,information,random,4,915593,4566816,attack,11,encoder_block_11,0.503663182258606,37,100,100
information_random_4,information,random,4,915593,4566816,attack,12,encoder_block_12,-0.3813400268554687,39,100,100
information_random_4,information,random,4,962179,4511501,original,0,embedding,0.9851646423339844,27,100,100
information_random_4,information,random,4,962179,4511501,original,1,encoder_block_1,1.0368893146514893,42,100,100
information_random_4,information,random,4,962179,4511501,original,2,encoder_block_2,1.1725363731384275,46,100,100
information_random_4,information,random,4,962179,4511501,original,3,encoder_block_3,0.9585633277893066,51,100,100
information_random_4,information,random,4,962179,4511501,original,4,encoder_block_4,0.7313004732131958,57,100,100
information_random_4,information,random,4,962179,4511501,original,5,encoder_block_5,0.4647676944732666,45,100,100
information_random_4,information,random,4,962179,4511501,original,6,encoder_block_6,0.4876143932342529,47,100,100
information_random_4,information,random,4,962179,4511501,original,7,encoder_block_7,0.4738295078277588,41,100,100
information_random_4,information,random,4,962179,4511501,original,8,encoder_block_8,0.4282701015472412,38,100,100
information_random_4,information,random,4,962179,4511501,original,9,encoder_block_9,0.1025848388671875,41,100,100
information_random_4,information,random,4,962179,4511501,original,10,encoder_block_10,-1.2267677783966064,41,100,100
information_random_4,information,random,4,962179,4511501,original,11,encoder_block_11,-4.054971694946289,65,100,100
information_random_4,information,random,4,962179,4511501,original,12,encoder_block_12,-12.218341827392578,71,100,100
information_random_4,information,random,4,962179,4511501,padded_control,0,embedding,0.9851644039154052,27,100,100
information_random_4,information,random,4,962179,4511501,padded_control,1,encoder_block_1,1.0487399101257324,40,100,100
information_random_4,information,random,4,962179,4511501,padded_control,2,encoder_block_2,1.1877024173736572,45,100,100
information_random_4,information,random,4,962179,4511501,padded_control,3,encoder_block_3,0.9758546352386476,50,100,100
information_random_4,information,random,4,962179,4511501,padded_control,4,encoder_block_4,0.7413311004638672,55,100,100
information_random_4,information,random,4,962179,4511501,padded_control,5,encoder_block_5,0.4826921224594116,44,100,100
information_random_4,information,random,4,962179,4511501,padded_control,6,encoder_block_6,0.4989460706710815,47,100,100
information_random_4,information,random,4,962179,4511501,padded_control,7,encoder_block_7,0.4778447151184082,39,100,100
information_random_4,information,random,4,962179,4511501,padded_control,8,encoder_block_8,0.4174637794494629,43,100,100
information_random_4,information,random,4,962179,4511501,padded_control,9,encoder_block_9,0.0923554897308349,42,100,100
information_random_4,information,random,4,962179,4511501,padded_control,10,encoder_block_10,-1.2276315689086914,41,100,100
information_random_4,information,random,4,962179,4511501,padded_control,11,encoder_block_11,-4.0724287033081055,66,100,100
information_random_4,information,random,4,962179,4511501,padded_control,12,encoder_block_12,-12.15212059020996,67,100,100
information_random_4,information,random,4,962179,4511501,attack,0,embedding,0.6655575037002563,55,100,100
information_random_4,information,random,4,962179,4511501,attack,1,encoder_block_1,0.8058786392211914,57,100,100
information_random_4,information,random,4,962179,4511501,attack,2,encoder_block_2,0.9266939163208008,59,100,100
information_random_4,information,random,4,962179,4511501,attack,3,encoder_block_3,0.8542265892028809,59,100,100
information_random_4,information,random,4,962179,4511501,attack,4,encoder_block_4,0.7071188688278198,58,100,100
information_random_4,information,random,4,962179,4511501,attack,5,encoder_block_5,0.5050320625305176,42,100,100
information_random_4,information,random,4,962179,4511501,attack,6,encoder_block_6,0.512427806854248,44,100,100
information_random_4,information,random,4,962179,4511501,attack,7,encoder_block_7,0.4666371345520019,42,100,100
information_random_4,information,random,4,962179,4511501,attack,8,encoder_block_8,0.4517879486083984,35,100,100
information_random_4,information,random,4,962179,4511501,attack,9,encoder_block_9,0.1327025890350341,39,100,100
information_random_4,information,random,4,962179,4511501,attack,10,encoder_block_10,-1.1491854190826416,36,100,100
information_random_4,information,random,4,962179,4511501,attack,11,encoder_block_11,-4.293323516845703,73,100,100
information_random_4,information,random,4,962179,4511501,attack,12,encoder_block_12,-12.255699157714844,71,100,100
information_random_4,information,random,4,1037798,8760864,original,0,embedding,0.7303557395935059,53,100,100
information_random_4,information,random,4,1037798,8760864,original,1,encoder_block_1,0.9469332695007324,26,100,100
information_random_4,information,random,4,1037798,8760864,original,2,encoder_block_2,0.938840627670288,44,100,100
information_random_4,information,random,4,1037798,8760864,original,3,encoder_block_3,0.7089104652404785,37,100,100
information_random_4,information,random,4,1037798,8760864,original,4,encoder_block_4,0.5630388259887695,45,100,100
information_random_4,information,random,4,1037798,8760864,original,5,encoder_block_5,0.5692088603973389,33,100,100
information_random_4,information,random,4,1037798,8760864,original,6,encoder_block_6,0.6406629085540771,36,100,100
information_random_4,information,random,4,1037798,8760864,original,7,encoder_block_7,0.7611713409423828,20,100,100
information_random_4,information,random,4,1037798,8760864,original,8,encoder_block_8,0.871514081954956,19,100,100
information_random_4,information,random,4,1037798,8760864,original,9,encoder_block_9,1.0296305418014526,24,100,100
information_random_4,information,random,4,1037798,8760864,original,10,encoder_block_10,0.950800895690918,17,100,100
information_random_4,information,random,4,1037798,8760864,original,11,encoder_block_11,1.704943060874939,8,100,100
information_random_4,information,random,4,1037798,8760864,original,12,encoder_block_12,2.394439935684204,8,100,100
information_random_4,information,random,4,1037798,8760864,padded_control,0,embedding,0.7303558588027954,53,100,100
information_random_4,information,random,4,1037798,8760864,padded_control,1,encoder_block_1,0.9402501583099364,26,100,100
information_random_4,information,random,4,1037798,8760864,padded_control,2,encoder_block_2,0.9426751136779784,44,100,100
information_random_4,information,random,4,1037798,8760864,padded_control,3,encoder_block_3,0.695753812789917,39,100,100
information_random_4,information,random,4,1037798,8760864,padded_control,4,encoder_block_4,0.5607993602752686,46,100,100
information_random_4,information,random,4,1037798,8760864,padded_control,5,encoder_block_5,0.5543937683105469,33,100,100
information_random_4,information,random,4,1037798,8760864,padded_control,6,encoder_block_6,0.6258809566497803,38,100,100
information_random_4,information,random,4,1037798,8760864,padded_control,7,encoder_block_7,0.7460248470306396,20,100,100
information_random_4,information,random,4,1037798,8760864,padded_control,8,encoder_block_8,0.8605623245239258,19,100,100
information_random_4,information,random,4,1037798,8760864,padded_control,9,encoder_block_9,1.0325576066970823,24,100,100
information_random_4,information,random,4,1037798,8760864,padded_control,10,encoder_block_10,0.9592771530151368,15,100,100
information_random_4,information,random,4,1037798,8760864,padded_control,11,encoder_block_11,1.7040297985076904,8,100,100
information_random_4,information,random,4,1037798,8760864,padded_control,12,encoder_block_12,2.422271192073822,8,100,100
information_random_4,information,random,4,1037798,8760864,attack,0,embedding,0.5876126289367676,62,100,100
information_random_4,information,random,4,1037798,8760864,attack,1,encoder_block_1,0.7576348781585693,47,100,100
information_random_4,information,random,4,1037798,8760864,attack,2,encoder_block_2,0.6995029449462891,62,100,100
information_random_4,information,random,4,1037798,8760864,attack,3,encoder_block_3,0.5089457035064697,63,100,100
information_random_4,information,random,4,1037798,8760864,attack,4,encoder_block_4,0.3894433975219726,65,100,100
information_random_4,information,random,4,1037798,8760864,attack,5,encoder_block_5,0.4295916557312011,48,100,100
information_random_4,information,random,4,1037798,8760864,attack,6,encoder_block_6,0.5004394054412842,49,100,100
information_random_4,information,random,4,1037798,8760864,attack,7,encoder_block_7,0.6481995582580566,32,100,100
information_random_4,information,random,4,1037798,8760864,attack,8,encoder_block_8,0.7831369638442993,25,100,100
information_random_4,information,random,4,1037798,8760864,attack,9,encoder_block_9,0.9594277143478394,31,100,100
information_random_4,information,random,4,1037798,8760864,attack,10,encoder_block_10,0.8839401006698608,22,100,100
information_random_4,information,random,4,1037798,8760864,attack,11,encoder_block_11,1.6702749729156494,9,100,100
information_random_4,information,random,4,1037798,8760864,attack,12,encoder_block_12,2.4470648765563965,8,100,100
information_random_4,information,random,4,104861,409268,original,0,embedding,0.5991559028625488,78,100,100
information_random_4,information,random,4,104861,409268,original,1,encoder_block_1,0.8868560791015625,61,100,100
information_random_4,information,random,4,104861,409268,original,2,encoder_block_2,0.9116034507751464,79,100,100
information_random_4,information,random,4,104861,409268,original,3,encoder_block_3,0.8460087776184082,82,100,100
information_random_4,information,random,4,104861,409268,original,4,encoder_block_4,0.7598123550415039,93,100,100
information_random_4,information,random,4,104861,409268,original,5,encoder_block_5,0.8122644424438477,86,100,100
information_random_4,information,random,4,104861,409268,original,6,encoder_block_6,0.7597167491912842,86,100,100
information_random_4,information,random,4,104861,409268,original,7,encoder_block_7,0.6356039047241211,85,100,100
information_random_4,information,random,4,104861,409268,original,8,encoder_block_8,0.5618946552276611,84,100,100
information_random_4,information,random,4,104861,409268,original,9,encoder_block_9,0.4007747173309326,90,100,100
information_random_4,information,random,4,104861,409268,original,10,encoder_block_10,-1.1306967735290527,90,100,100
information_random_4,information,random,4,104861,409268,original,11,encoder_block_11,-2.110466480255127,67,100,100
information_random_4,information,random,4,104861,409268,original,12,encoder_block_12,-9.888593673706056,42,100,100
information_random_4,information,random,4,104861,409268,padded_control,0,embedding,0.599156379699707,78,100,100
information_random_4,information,random,4,104861,409268,padded_control,1,encoder_block_1,0.8753509521484375,62,100,100
information_random_4,information,random,4,104861,409268,padded_control,2,encoder_block_2,0.8975915908813477,80,100,100
information_random_4,information,random,4,104861,409268,padded_control,3,encoder_block_3,0.8431158065795898,83,100,100
information_random_4,information,random,4,104861,409268,padded_control,4,encoder_block_4,0.7595524787902832,93,100,100
information_random_4,information,random,4,104861,409268,padded_control,5,encoder_block_5,0.8063297271728516,86,100,100
information_random_4,information,random,4,104861,409268,padded_control,6,encoder_block_6,0.7542791366577148,86,100,100
information_random_4,information,random,4,104861,409268,padded_control,7,encoder_block_7,0.6298131942749023,85,100,100
information_random_4,information,random,4,104861,409268,padded_control,8,encoder_block_8,0.5571267604827881,84,100,100
information_random_4,information,random,4,104861,409268,padded_control,9,encoder_block_9,0.388885498046875,90,100,100
information_random_4,information,random,4,104861,409268,padded_control,10,encoder_block_10,-1.1295158863067627,90,100,100
information_random_4,information,random,4,104861,409268,padded_control,11,encoder_block_11,-2.142481803894043,69,100,100
information_random_4,information,random,4,104861,409268,padded_control,12,encoder_block_12,-10.003893852233888,43,100,100
information_random_4,information,random,4,104861,409268,attack,0,embedding,0.2890944480895996,92,100,100
information_random_4,information,random,4,104861,409268,attack,1,encoder_block_1,0.6016445159912109,83,100,100
information_random_4,information,random,4,104861,409268,attack,2,encoder_block_2,0.627988338470459,92,100,100
information_random_4,information,random,4,104861,409268,attack,3,encoder_block_3,0.6110620498657227,94,100,100
information_random_4,information,random,4,104861,409268,attack,4,encoder_block_4,0.4969139099121094,98,100,100
information_random_4,information,random,4,104861,409268,attack,5,encoder_block_5,0.6111645698547363,94,100,100
information_random_4,information,random,4,104861,409268,attack,6,encoder_block_6,0.5721921920776367,91,100,100
information_random_4,information,random,4,104861,409268,attack,7,encoder_block_7,0.4709987640380859,91,100,100
information_random_4,information,random,4,104861,409268,attack,8,encoder_block_8,0.4277544021606445,90,100,100
information_random_4,information,random,4,104861,409268,attack,9,encoder_block_9,0.3074707984924316,92,100,100
information_random_4,information,random,4,104861,409268,attack,10,encoder_block_10,-1.0488991737365725,89,100,100
information_random_4,information,random,4,104861,409268,attack,11,encoder_block_11,-2.104560852050781,67,100,100
information_random_4,information,random,4,104861,409268,attack,12,encoder_block_12,-9.950592041015623,43,100,100
information_random_4,information,random,4,1063750,6093907,original,0,embedding,0.4097535610198974,68,100,100
information_random_4,information,random,4,1063750,6093907,original,1,encoder_block_1,-0.0390677452087402,83,100,100
information_random_4,information,random,4,1063750,6093907,original,2,encoder_block_2,0.1466982364654541,77,100,100
information_random_4,information,random,4,1063750,6093907,original,3,encoder_block_3,0.3093795776367187,50,100,100
information_random_4,information,random,4,1063750,6093907,original,4,encoder_block_4,0.4017417430877685,43,100,100
information_random_4,information,random,4,1063750,6093907,original,5,encoder_block_5,0.5072712898254395,36,100,100
information_random_4,information,random,4,1063750,6093907,original,6,encoder_block_6,0.5528913736343384,33,100,100
information_random_4,information,random,4,1063750,6093907,original,7,encoder_block_7,0.6627411842346191,26,100,100
information_random_4,information,random,4,1063750,6093907,original,8,encoder_block_8,0.5001193284988403,39,100,100
information_random_4,information,random,4,1063750,6093907,original,9,encoder_block_9,0.400435209274292,44,100,100
information_random_4,information,random,4,1063750,6093907,original,10,encoder_block_10,0.4318147897720337,21,100,100
information_random_4,information,random,4,1063750,6093907,original,11,encoder_block_11,0.8387397527694702,12,100,100
information_random_4,information,random,4,1063750,6093907,original,12,encoder_block_12,0.0963659286499023,14,100,100
information_random_4,information,random,4,1063750,6093907,padded_control,0,embedding,0.4097537994384765,68,100,100
information_random_4,information,random,4,1063750,6093907,padded_control,1,encoder_block_1,-0.0275864601135253,81,100,100
information_random_4,information,random,4,1063750,6093907,padded_control,2,encoder_block_2,0.1520729064941406,77,100,100
information_random_4,information,random,4,1063750,6093907,padded_control,3,encoder_block_3,0.3035750389099121,50,100,100
information_random_4,information,random,4,1063750,6093907,padded_control,4,encoder_block_4,0.376176118850708,44,100,100
information_random_4,information,random,4,1063750,6093907,padded_control,5,encoder_block_5,0.5037388801574707,36,100,100
information_random_4,information,random,4,1063750,6093907,padded_control,6,encoder_block_6,0.5373990535736084,34,100,100
information_random_4,information,random,4,1063750,6093907,padded_control,7,encoder_block_7,0.6408405303955078,27,100,100
information_random_4,information,random,4,1063750,6093907,padded_control,8,encoder_block_8,0.4655088186264038,40,100,100
information_random_4,information,random,4,1063750,6093907,padded_control,9,encoder_block_9,0.3843926191329956,46,100,100
information_random_4,information,random,4,1063750,6093907,padded_control,10,encoder_block_10,0.4247282743453979,21,100,100
information_random_4,information,random,4,1063750,6093907,padded_control,11,encoder_block_11,0.8355146050453186,12,100,100
information_random_4,information,random,4,1063750,6093907,padded_control,12,encoder_block_12,0.3778291940689087,14,100,100
information_random_4,information,random,4,1063750,6093907,attack,0,embedding,0.1205949783325195,89,100,100
information_random_4,information,random,4,1063750,6093907,attack,1,encoder_block_1,-0.3062825202941894,95,100,100
information_random_4,information,random,4,1063750,6093907,attack,2,encoder_block_2,-0.1933159828186035,96,100,100
information_random_4,information,random,4,1063750,6093907,attack,3,encoder_block_3,0.0675446987152099,79,100,100
information_random_4,information,random,4,1063750,6093907,attack,4,encoder_block_4,0.1553399562835693,65,100,100
information_random_4,information,random,4,1063750,6093907,attack,5,encoder_block_5,0.3250298500061035,52,100,100
information_random_4,information,random,4,1063750,6093907,attack,6,encoder_block_6,0.3843319416046142,48,100,100
information_random_4,information,random,4,1063750,6093907,attack,7,encoder_block_7,0.4548529386520386,42,100,100
information_random_4,information,random,4,1063750,6093907,attack,8,encoder_block_8,0.3114100694656372,55,100,100
information_random_4,information,random,4,1063750,6093907,attack,9,encoder_block_9,0.3252832293510437,50,100,100
information_random_4,information,random,4,1063750,6093907,attack,10,encoder_block_10,0.288735032081604,25,100,100
information_random_4,information,random,4,1063750,6093907,attack,11,encoder_block_11,0.6162829399108887,16,100,100
information_random_4,information,random,4,1063750,6093907,attack,12,encoder_block_12,-0.3362486362457275,16,100,100
information_random_4,information,random,4,1103812,8220085,original,0,embedding,0.9230751991271972,36,100,100
information_random_4,information,random,4,1103812,8220085,original,1,encoder_block_1,0.7247791290283203,27,100,100
information_random_4,information,random,4,1103812,8220085,original,2,encoder_block_2,0.7561402320861816,33,100,100
information_random_4,information,random,4,1103812,8220085,original,3,encoder_block_3,0.5901646614074707,30,100,100
information_random_4,information,random,4,1103812,8220085,original,4,encoder_block_4,0.504183292388916,27,100,100
information_random_4,information,random,4,1103812,8220085,original,5,encoder_block_5,0.4698984622955322,22,100,100
information_random_4,information,random,4,1103812,8220085,original,6,encoder_block_6,0.4955623149871826,29,100,100
information_random_4,information,random,4,1103812,8220085,original,7,encoder_block_7,0.5572690963745117,27,100,100
information_random_4,information,random,4,1103812,8220085,original,8,encoder_block_8,0.6289103031158447,21,100,100
information_random_4,information,random,4,1103812,8220085,original,9,encoder_block_9,0.7252311706542969,6,100,100
information_random_4,information,random,4,1103812,8220085,original,10,encoder_block_10,0.917356014251709,1,100,100
information_random_4,information,random,4,1103812,8220085,original,11,encoder_block_11,2.2196249961853027,1,100,100
information_random_4,information,random,4,1103812,8220085,original,12,encoder_block_12,4.186270713806152,2,100,100
information_random_4,information,random,4,1103812,8220085,padded_control,0,embedding,0.92307448387146,36,100,100
information_random_4,information,random,4,1103812,8220085,padded_control,1,encoder_block_1,0.7308835983276367,27,100,100
information_random_4,information,random,4,1103812,8220085,padded_control,2,encoder_block_2,0.7632808685302734,33,100,100
information_random_4,information,random,4,1103812,8220085,padded_control,3,encoder_block_3,0.5863161087036133,30,100,100
information_random_4,information,random,4,1103812,8220085,padded_control,4,encoder_block_4,0.4986681938171386,27,100,100
information_random_4,information,random,4,1103812,8220085,padded_control,5,encoder_block_5,0.475320816040039,22,100,100
information_random_4,information,random,4,1103812,8220085,padded_control,6,encoder_block_6,0.5035452842712402,29,100,100
information_random_4,information,random,4,1103812,8220085,padded_control,7,encoder_block_7,0.5575442314147949,27,100,100
information_random_4,information,random,4,1103812,8220085,padded_control,8,encoder_block_8,0.6253039836883545,21,100,100
information_random_4,information,random,4,1103812,8220085,padded_control,9,encoder_block_9,0.7278690338134766,6,100,100
information_random_4,information,random,4,1103812,8220085,padded_control,10,encoder_block_10,0.9124605655670166,1,100,100
information_random_4,information,random,4,1103812,8220085,padded_control,11,encoder_block_11,2.1818580627441406,1,100,100
information_random_4,information,random,4,1103812,8220085,padded_control,12,encoder_block_12,4.210124969482422,2,100,100
information_random_4,information,random,4,1103812,8220085,attack,0,embedding,0.663325309753418,58,100,100
information_random_4,information,random,4,1103812,8220085,attack,1,encoder_block_1,0.4813017845153808,59,100,100
information_random_4,information,random,4,1103812,8220085,attack,2,encoder_block_2,0.4786715507507324,69,100,100
information_random_4,information,random,4,1103812,8220085,attack,3,encoder_block_3,0.4157555103302002,60,100,100
information_random_4,information,random,4,1103812,8220085,attack,4,encoder_block_4,0.389087438583374,37,100,100
information_random_4,information,random,4,1103812,8220085,attack,5,encoder_block_5,0.3464951515197754,32,100,100
information_random_4,information,random,4,1103812,8220085,attack,6,encoder_block_6,0.3975486755371094,36,100,100
information_random_4,information,random,4,1103812,8220085,attack,7,encoder_block_7,0.4739882946014404,34,100,100
information_random_4,information,random,4,1103812,8220085,attack,8,encoder_block_8,0.6008939743041992,23,100,100
information_random_4,information,random,4,1103812,8220085,attack,9,encoder_block_9,0.660423755645752,8,100,100
information_random_4,information,random,4,1103812,8220085,attack,10,encoder_block_10,0.8584222793579102,2,100,100
information_random_4,information,random,4,1103812,8220085,attack,11,encoder_block_11,2.071824550628662,1,100,100
information_random_4,information,random,4,1103812,8220085,attack,12,encoder_block_12,4.202247619628906,2,100,100
information_random_4,information,random,4,1106007,5836920,original,0,embedding,0.3232474327087402,44,100,100
information_random_4,information,random,4,1106007,5836920,original,1,encoder_block_1,-0.0496785640716552,65,100,100
information_random_4,information,random,4,1106007,5836920,original,2,encoder_block_2,0.1526193618774414,55,100,100
information_random_4,information,random,4,1106007,5836920,original,3,encoder_block_3,0.1941337585449218,48,100,100
information_random_4,information,random,4,1106007,5836920,original,4,encoder_block_4,0.3286387920379638,53,100,100
information_random_4,information,random,4,1106007,5836920,original,5,encoder_block_5,0.230604887008667,59,100,100
information_random_4,information,random,4,1106007,5836920,original,6,encoder_block_6,0.279259443283081,56,100,100
information_random_4,information,random,4,1106007,5836920,original,7,encoder_block_7,0.2790360450744629,62,100,100
information_random_4,information,random,4,1106007,5836920,original,8,encoder_block_8,0.3525052070617676,67,100,100
information_random_4,information,random,4,1106007,5836920,original,9,encoder_block_9,0.6893398761749268,51,100,100
information_random_4,information,random,4,1106007,5836920,original,10,encoder_block_10,0.8899359703063965,35,100,100
information_random_4,information,random,4,1106007,5836920,original,11,encoder_block_11,1.0787949562072754,28,100,100
information_random_4,information,random,4,1106007,5836920,original,12,encoder_block_12,-2.906157732009888,29,100,100
information_random_4,information,random,4,1106007,5836920,padded_control,0,embedding,0.3232476711273193,44,100,100
information_random_4,information,random,4,1106007,5836920,padded_control,1,encoder_block_1,-0.0509943962097168,65,100,100
information_random_4,information,random,4,1106007,5836920,padded_control,2,encoder_block_2,0.147130012512207,56,100,100
information_random_4,information,random,4,1106007,5836920,padded_control,3,encoder_block_3,0.1901993751525879,48,100,100
information_random_4,information,random,4,1106007,5836920,padded_control,4,encoder_block_4,0.3203706741333008,53,100,100
information_random_4,information,random,4,1106007,5836920,padded_control,5,encoder_block_5,0.2246308326721191,61,100,100
information_random_4,information,random,4,1106007,5836920,padded_control,6,encoder_block_6,0.2753586769104004,56,100,100
information_random_4,information,random,4,1106007,5836920,padded_control,7,encoder_block_7,0.2706313133239746,63,100,100
information_random_4,information,random,4,1106007,5836920,padded_control,8,encoder_block_8,0.322282075881958,68,100,100
information_random_4,information,random,4,1106007,5836920,padded_control,9,encoder_block_9,0.671973705291748,52,100,100
information_random_4,information,random,4,1106007,5836920,padded_control,10,encoder_block_10,0.8679523468017578,39,100,100
information_random_4,information,random,4,1106007,5836920,padded_control,11,encoder_block_11,1.0227572917938232,29,100,100
information_random_4,information,random,4,1106007,5836920,padded_control,12,encoder_block_12,-2.725644826889038,29,100,100
information_random_4,information,random,4,1106007,5836920,attack,0,embedding,-0.0500044822692871,81,100,100
information_random_4,information,random,4,1106007,5836920,attack,1,encoder_block_1,-0.4438719749450683,85,100,100
information_random_4,information,random,4,1106007,5836920,attack,2,encoder_block_2,-0.3060526847839355,89,100,100
information_random_4,information,random,4,1106007,5836920,attack,3,encoder_block_3,-0.0955805778503418,71,100,100
information_random_4,information,random,4,1106007,5836920,attack,4,encoder_block_4,0.0794062614440918,69,100,100
information_random_4,information,random,4,1106007,5836920,attack,5,encoder_block_5,0.0728588104248046,75,100,100
information_random_4,information,random,4,1106007,5836920,attack,6,encoder_block_6,0.1340141296386718,74,100,100
information_random_4,information,random,4,1106007,5836920,attack,7,encoder_block_7,0.1090295314788818,73,100,100
information_random_4,information,random,4,1106007,5836920,attack,8,encoder_block_8,0.2712345123291015,72,100,100
information_random_4,information,random,4,1106007,5836920,attack,9,encoder_block_9,0.6389310359954834,59,100,100
information_random_4,information,random,4,1106007,5836920,attack,10,encoder_block_10,0.8463380336761475,41,100,100
information_random_4,information,random,4,1106007,5836920,attack,11,encoder_block_11,1.003982663154602,29,100,100
information_random_4,information,random,4,1106007,5836920,attack,12,encoder_block_12,-4.309356689453125,35,100,100
information_random_4,information,random,4,1110199,398442,original,0,embedding,1.9492440223693848,12,100,100
information_random_4,information,random,4,1110199,398442,original,1,encoder_block_1,1.669599533081055,36,100,100
information_random_4,information,random,4,1110199,398442,original,2,encoder_block_2,1.6492743492126465,51,100,100
information_random_4,information,random,4,1110199,398442,original,3,encoder_block_3,1.6156578063964844,39,100,100
information_random_4,information,random,4,1110199,398442,original,4,encoder_block_4,1.5761513710021973,51,100,100
information_random_4,information,random,4,1110199,398442,original,5,encoder_block_5,1.2734811305999756,79,100,100
information_random_4,information,random,4,1110199,398442,original,6,encoder_block_6,1.183363437652588,83,100,100
information_random_4,information,random,4,1110199,398442,original,7,encoder_block_7,1.0405066013336182,90,100,100
information_random_4,information,random,4,1110199,398442,original,8,encoder_block_8,0.8472667932510376,99,100,100
information_random_4,information,random,4,1110199,398442,original,9,encoder_block_9,0.7435391545295715,100,100,100
information_random_4,information,random,4,1110199,398442,original,10,encoder_block_10,0.0885074734687805,87,100,100
information_random_4,information,random,4,1110199,398442,original,11,encoder_block_11,-1.476323127746582,63,100,100
information_random_4,information,random,4,1110199,398442,original,12,encoder_block_12,-11.19942569732666,43,100,100
information_random_4,information,random,4,1110199,398442,padded_control,0,embedding,1.949244499206543,12,100,100
information_random_4,information,random,4,1110199,398442,padded_control,1,encoder_block_1,1.66326904296875,37,100,100
information_random_4,information,random,4,1110199,398442,padded_control,2,encoder_block_2,1.6336371898651123,53,100,100
information_random_4,information,random,4,1110199,398442,padded_control,3,encoder_block_3,1.6086983680725098,39,100,100
information_random_4,information,random,4,1110199,398442,padded_control,4,encoder_block_4,1.5591282844543457,55,100,100
information_random_4,information,random,4,1110199,398442,padded_control,5,encoder_block_5,1.243598222732544,82,100,100
information_random_4,information,random,4,1110199,398442,padded_control,6,encoder_block_6,1.1529638767242432,86,100,100
information_random_4,information,random,4,1110199,398442,padded_control,7,encoder_block_7,1.0282549858093262,92,100,100
information_random_4,information,random,4,1110199,398442,padded_control,8,encoder_block_8,0.8373634815216064,99,100,100
information_random_4,information,random,4,1110199,398442,padded_control,9,encoder_block_9,0.7496885061264038,100,100,100
information_random_4,information,random,4,1110199,398442,padded_control,10,encoder_block_10,0.0902859568595886,87,100,100
information_random_4,information,random,4,1110199,398442,padded_control,11,encoder_block_11,-1.446187824010849,62,100,100
information_random_4,information,random,4,1110199,398442,padded_control,12,encoder_block_12,-11.084253311157228,39,100,100
information_random_4,information,random,4,1110199,398442,attack,0,embedding,1.51776123046875,37,100,100
information_random_4,information,random,4,1110199,398442,attack,1,encoder_block_1,1.480515480041504,52,100,100
information_random_4,information,random,4,1110199,398442,attack,2,encoder_block_2,1.3216488361358645,84,100,100
information_random_4,information,random,4,1110199,398442,attack,3,encoder_block_3,1.3309130668640137,78,100,100
information_random_4,information,random,4,1110199,398442,attack,4,encoder_block_4,1.3344309329986572,83,100,100
information_random_4,information,random,4,1110199,398442,attack,5,encoder_block_5,1.0984923839569092,92,100,100
information_random_4,information,random,4,1110199,398442,attack,6,encoder_block_6,1.0041605234146118,93,100,100
information_random_4,information,random,4,1110199,398442,attack,7,encoder_block_7,0.8490551710128784,96,100,100
information_random_4,information,random,4,1110199,398442,attack,8,encoder_block_8,0.7816745638847351,99,100,100
information_random_4,information,random,4,1110199,398442,attack,9,encoder_block_9,0.7305306792259216,100,100,100
information_random_4,information,random,4,1110199,398442,attack,10,encoder_block_10,0.1734951138496399,82,100,100
information_random_4,information,random,4,1110199,398442,attack,11,encoder_block_11,-0.9171006083488464,46,100,100
information_random_4,information,random,4,1110199,398442,attack,12,encoder_block_12,-10.996543884277344,39,100,100
information_random_4,information,random,4,1112341,2096429,original,0,embedding,0.7273681163787842,66,100,100
information_random_4,information,random,4,1112341,2096429,original,1,encoder_block_1,0.996849775314331,49,100,100
information_random_4,information,random,4,1112341,2096429,original,2,encoder_block_2,1.047372341156006,56,100,100
information_random_4,information,random,4,1112341,2096429,original,3,encoder_block_3,1.038649559020996,52,100,100
information_random_4,information,random,4,1112341,2096429,original,4,encoder_block_4,1.1595208644866943,48,100,100
information_random_4,information,random,4,1112341,2096429,original,5,encoder_block_5,1.0893104076385498,58,100,100
information_random_4,information,random,4,1112341,2096429,original,6,encoder_block_6,1.1442320346832275,49,100,100
information_random_4,information,random,4,1112341,2096429,original,7,encoder_block_7,1.063668727874756,59,100,100
information_random_4,information,random,4,1112341,2096429,original,8,encoder_block_8,1.1163320541381836,57,100,100
information_random_4,information,random,4,1112341,2096429,original,9,encoder_block_9,1.117256760597229,46,100,100
information_random_4,information,random,4,1112341,2096429,original,10,encoder_block_10,-0.4381673336029053,73,100,100
information_random_4,information,random,4,1112341,2096429,original,11,encoder_block_11,-3.6580777168273926,74,100,100
information_random_4,information,random,4,1112341,2096429,original,12,encoder_block_12,-12.837587356567385,72,100,100
information_random_4,information,random,4,1112341,2096429,padded_control,0,embedding,0.7273688316345215,66,100,100
information_random_4,information,random,4,1112341,2096429,padded_control,1,encoder_block_1,1.0072507858276367,47,100,100
information_random_4,information,random,4,1112341,2096429,padded_control,2,encoder_block_2,1.0742778778076172,55,100,100
information_random_4,information,random,4,1112341,2096429,padded_control,3,encoder_block_3,1.0578346252441406,49,100,100
information_random_4,information,random,4,1112341,2096429,padded_control,4,encoder_block_4,1.2013053894042969,41,100,100
information_random_4,information,random,4,1112341,2096429,padded_control,5,encoder_block_5,1.126187801361084,51,100,100
information_random_4,information,random,4,1112341,2096429,padded_control,6,encoder_block_6,1.1573219299316406,48,100,100
information_random_4,information,random,4,1112341,2096429,padded_control,7,encoder_block_7,1.0720610618591309,59,100,100
information_random_4,information,random,4,1112341,2096429,padded_control,8,encoder_block_8,1.1063697338104248,57,100,100
information_random_4,information,random,4,1112341,2096429,padded_control,9,encoder_block_9,1.0929338932037354,49,100,100
information_random_4,information,random,4,1112341,2096429,padded_control,10,encoder_block_10,-0.5451951026916504,80,100,100
information_random_4,information,random,4,1112341,2096429,padded_control,11,encoder_block_11,-4.206264019012451,78,100,100
information_random_4,information,random,4,1112341,2096429,padded_control,12,encoder_block_12,-13.013351440429688,76,100,100
information_random_4,information,random,4,1112341,2096429,attack,0,embedding,0.3976547718048095,92,100,100
information_random_4,information,random,4,1112341,2096429,attack,1,encoder_block_1,0.8053216934204102,71,100,100
information_random_4,information,random,4,1112341,2096429,attack,2,encoder_block_2,0.8515393733978271,74,100,100
information_random_4,information,random,4,1112341,2096429,attack,3,encoder_block_3,1.025960922241211,54,100,100
information_random_4,information,random,4,1112341,2096429,attack,4,encoder_block_4,1.172774076461792,47,100,100
information_random_4,information,random,4,1112341,2096429,attack,5,encoder_block_5,1.1486021280288696,48,100,100
information_random_4,information,random,4,1112341,2096429,attack,6,encoder_block_6,1.1600130796432495,48,100,100
information_random_4,information,random,4,1112341,2096429,attack,7,encoder_block_7,1.0670924186706543,59,100,100
information_random_4,information,random,4,1112341,2096429,attack,8,encoder_block_8,1.0931671857833862,58,100,100
information_random_4,information,random,4,1112341,2096429,attack,9,encoder_block_9,1.1185978651046753,46,100,100
information_random_4,information,random,4,1112341,2096429,attack,10,encoder_block_10,-0.3563331365585327,72,100,100
information_random_4,information,random,4,1112341,2096429,attack,11,encoder_block_11,-3.700316429138184,74,100,100
information_random_4,information,random,4,1112341,2096429,attack,12,encoder_block_12,-12.719221115112305,70,100,100
information_random_4,information,random,4,1113437,8128790,original,0,embedding,0.5658645629882812,56,100,100
information_random_4,information,random,4,1113437,8128790,original,1,encoder_block_1,0.8959074020385742,28,100,100
information_random_4,information,random,4,1113437,8128790,original,2,encoder_block_2,1.1732230186462402,26,100,100
information_random_4,information,random,4,1113437,8128790,original,3,encoder_block_3,1.088050127029419,36,100,100
information_random_4,information,random,4,1113437,8128790,original,4,encoder_block_4,0.9776401519775392,54,100,100
information_random_4,information,random,4,1113437,8128790,original,5,encoder_block_5,0.9457435607910156,50,100,100
information_random_4,information,random,4,1113437,8128790,original,6,encoder_block_6,0.9479632377624512,50,100,100
information_random_4,information,random,4,1113437,8128790,original,7,encoder_block_7,1.0149266719818115,33,100,100
information_random_4,information,random,4,1113437,8128790,original,8,encoder_block_8,0.9171240329742432,49,100,100
information_random_4,information,random,4,1113437,8128790,original,9,encoder_block_9,1.0854408740997314,39,100,100
information_random_4,information,random,4,1113437,8128790,original,10,encoder_block_10,1.1270759105682373,28,100,100
information_random_4,information,random,4,1113437,8128790,original,11,encoder_block_11,2.0376570224761963,7,100,100
information_random_4,information,random,4,1113437,8128790,original,12,encoder_block_12,3.245300531387329,2,100,100
information_random_4,information,random,4,1113437,8128790,padded_control,0,embedding,0.5658650398254395,56,100,100
information_random_4,information,random,4,1113437,8128790,padded_control,1,encoder_block_1,0.9061403274536132,27,100,100
information_random_4,information,random,4,1113437,8128790,padded_control,2,encoder_block_2,1.1862783432006836,26,100,100
information_random_4,information,random,4,1113437,8128790,padded_control,3,encoder_block_3,1.0978527069091797,36,100,100
information_random_4,information,random,4,1113437,8128790,padded_control,4,encoder_block_4,0.9874496459960938,52,100,100
information_random_4,information,random,4,1113437,8128790,padded_control,5,encoder_block_5,0.9452464580535888,50,100,100
information_random_4,information,random,4,1113437,8128790,padded_control,6,encoder_block_6,0.9420957565307616,51,100,100
information_random_4,information,random,4,1113437,8128790,padded_control,7,encoder_block_7,0.9985685348510742,34,100,100
information_random_4,information,random,4,1113437,8128790,padded_control,8,encoder_block_8,0.8996982574462891,52,100,100
information_random_4,information,random,4,1113437,8128790,padded_control,9,encoder_block_9,1.0794596672058103,40,100,100
information_random_4,information,random,4,1113437,8128790,padded_control,10,encoder_block_10,1.1190319061279297,29,100,100
information_random_4,information,random,4,1113437,8128790,padded_control,11,encoder_block_11,2.0013792514801025,7,100,100
information_random_4,information,random,4,1113437,8128790,padded_control,12,encoder_block_12,3.160372257232666,2,100,100
information_random_4,information,random,4,1113437,8128790,attack,0,embedding,0.2683825492858886,88,100,100
information_random_4,information,random,4,1113437,8128790,attack,1,encoder_block_1,0.616612434387207,47,100,100
information_random_4,information,random,4,1113437,8128790,attack,2,encoder_block_2,0.9404001235961914,37,100,100
information_random_4,information,random,4,1113437,8128790,attack,3,encoder_block_3,0.8727426528930664,53,100,100
information_random_4,information,random,4,1113437,8128790,attack,4,encoder_block_4,0.8070049285888672,71,100,100
information_random_4,information,random,4,1113437,8128790,attack,5,encoder_block_5,0.8296303749084473,62,100,100
information_random_4,information,random,4,1113437,8128790,attack,6,encoder_block_6,0.8563756942749023,63,100,100
information_random_4,information,random,4,1113437,8128790,attack,7,encoder_block_7,0.8707363605499268,55,100,100
information_random_4,information,random,4,1113437,8128790,attack,8,encoder_block_8,0.7971446514129639,58,100,100
information_random_4,information,random,4,1113437,8128790,attack,9,encoder_block_9,0.9681334495544434,50,100,100
information_random_4,information,random,4,1113437,8128790,attack,10,encoder_block_10,1.0450353622436523,35,100,100
information_random_4,information,random,4,1113437,8128790,attack,11,encoder_block_11,2.0125439167022705,7,100,100
information_random_4,information,random,4,1113437,8128790,attack,12,encoder_block_12,3.3000545501708984,2,100,100
information_random_4,information,random,4,1114646,8117087,original,0,embedding,0.4525597095489502,64,100,100
information_random_4,information,random,4,1114646,8117087,original,1,encoder_block_1,0.0941433906555175,55,100,100
information_random_4,information,random,4,1114646,8117087,original,2,encoder_block_2,0.134101390838623,49,100,100
information_random_4,information,random,4,1114646,8117087,original,3,encoder_block_3,-0.0034594535827636,65,100,100
information_random_4,information,random,4,1114646,8117087,original,4,encoder_block_4,-0.2673103809356689,80,100,100
information_random_4,information,random,4,1114646,8117087,original,5,encoder_block_5,-0.4265675544738769,84,100,100
information_random_4,information,random,4,1114646,8117087,original,6,encoder_block_6,-0.6759626865386963,93,100,100
information_random_4,information,random,4,1114646,8117087,original,7,encoder_block_7,-0.6104249954223633,88,100,100
information_random_4,information,random,4,1114646,8117087,original,8,encoder_block_8,-0.6744838953018188,94,100,100
information_random_4,information,random,4,1114646,8117087,original,9,encoder_block_9,-0.239369511604309,75,100,100
information_random_4,information,random,4,1114646,8117087,original,10,encoder_block_10,-0.9897842407226562,69,100,100
information_random_4,information,random,4,1114646,8117087,original,11,encoder_block_11,-1.718577265739441,55,100,100
information_random_4,information,random,4,1114646,8117087,original,12,encoder_block_12,-3.277005195617676,15,100,100
information_random_4,information,random,4,1114646,8117087,padded_control,0,embedding,0.4525604248046875,64,100,100
information_random_4,information,random,4,1114646,8117087,padded_control,1,encoder_block_1,0.0895733833312988,55,100,100
information_random_4,information,random,4,1114646,8117087,padded_control,2,encoder_block_2,0.1261298656463623,50,100,100
information_random_4,information,random,4,1114646,8117087,padded_control,3,encoder_block_3,0.0099287033081054,63,100,100
information_random_4,information,random,4,1114646,8117087,padded_control,4,encoder_block_4,-0.2638933658599853,80,100,100
information_random_4,information,random,4,1114646,8117087,padded_control,5,encoder_block_5,-0.4215703010559082,84,100,100
information_random_4,information,random,4,1114646,8117087,padded_control,6,encoder_block_6,-0.6709737777709961,92,100,100
information_random_4,information,random,4,1114646,8117087,padded_control,7,encoder_block_7,-0.6101220846176147,88,100,100
information_random_4,information,random,4,1114646,8117087,padded_control,8,encoder_block_8,-0.684744119644165,94,100,100
information_random_4,information,random,4,1114646,8117087,padded_control,9,encoder_block_9,-0.2336407899856567,75,100,100
information_random_4,information,random,4,1114646,8117087,padded_control,10,encoder_block_10,-1.0123180150985718,70,100,100
information_random_4,information,random,4,1114646,8117087,padded_control,11,encoder_block_11,-1.7756245136260986,56,100,100
information_random_4,information,random,4,1114646,8117087,padded_control,12,encoder_block_12,-3.6027088165283203,17,100,100
information_random_4,information,random,4,1114646,8117087,attack,0,embedding,0.239283800125122,78,100,100
information_random_4,information,random,4,1114646,8117087,attack,1,encoder_block_1,-0.1636974811553955,76,100,100
information_random_4,information,random,4,1114646,8117087,attack,2,encoder_block_2,-0.169257640838623,78,100,100
information_random_4,information,random,4,1114646,8117087,attack,3,encoder_block_3,-0.1426739692687988,77,100,100
information_random_4,information,random,4,1114646,8117087,attack,4,encoder_block_4,-0.354708194732666,84,100,100
information_random_4,information,random,4,1114646,8117087,attack,5,encoder_block_5,-0.4757696390151977,86,100,100
information_random_4,information,random,4,1114646,8117087,attack,6,encoder_block_6,-0.6838434934616089,95,100,100
information_random_4,information,random,4,1114646,8117087,attack,7,encoder_block_7,-0.6349694728851318,88,100,100
information_random_4,information,random,4,1114646,8117087,attack,8,encoder_block_8,-0.6649525165557861,94,100,100
information_random_4,information,random,4,1114646,8117087,attack,9,encoder_block_9,-0.2029507160186767,72,100,100
information_random_4,information,random,4,1114646,8117087,attack,10,encoder_block_10,-0.9703344106674194,68,100,100
information_random_4,information,random,4,1114646,8117087,attack,11,encoder_block_11,-1.5989820957183838,53,100,100
information_random_4,information,random,4,1114646,8117087,attack,12,encoder_block_12,-3.1721351146698,15,100,100
information_random_4,information,random,4,1114819,5521373,original,0,embedding,0.9298124313354492,29,100,100
information_random_4,information,random,4,1114819,5521373,original,1,encoder_block_1,0.8040676116943359,35,100,100
information_random_4,information,random,4,1114819,5521373,original,2,encoder_block_2,0.9285264015197754,36,100,100
information_random_4,information,random,4,1114819,5521373,original,3,encoder_block_3,0.8773107528686523,57,100,100
information_random_4,information,random,4,1114819,5521373,original,4,encoder_block_4,0.6709322929382324,69,100,100
information_random_4,information,random,4,1114819,5521373,original,5,encoder_block_5,0.5512998104095459,56,100,100
information_random_4,information,random,4,1114819,5521373,original,6,encoder_block_6,0.5644142627716064,52,100,100
information_random_4,information,random,4,1114819,5521373,original,7,encoder_block_7,0.5560307502746582,47,100,100
information_random_4,information,random,4,1114819,5521373,original,8,encoder_block_8,0.8099603652954102,33,100,100
information_random_4,information,random,4,1114819,5521373,original,9,encoder_block_9,1.0669748783111572,25,100,100
information_random_4,information,random,4,1114819,5521373,original,10,encoder_block_10,1.0764141082763672,15,100,100
information_random_4,information,random,4,1114819,5521373,original,11,encoder_block_11,2.5245814323425293,15,100,100
information_random_4,information,random,4,1114819,5521373,original,12,encoder_block_12,4.793581008911133,9,100,100
information_random_4,information,random,4,1114819,5521373,padded_control,0,embedding,0.9298114776611328,29,100,100
information_random_4,information,random,4,1114819,5521373,padded_control,1,encoder_block_1,0.8207798004150391,34,100,100
information_random_4,information,random,4,1114819,5521373,padded_control,2,encoder_block_2,0.9394054412841796,35,100,100
information_random_4,information,random,4,1114819,5521373,padded_control,3,encoder_block_3,0.890601396560669,56,100,100
information_random_4,information,random,4,1114819,5521373,padded_control,4,encoder_block_4,0.6847243309020996,64,100,100
information_random_4,information,random,4,1114819,5521373,padded_control,5,encoder_block_5,0.5655257701873779,51,100,100
information_random_4,information,random,4,1114819,5521373,padded_control,6,encoder_block_6,0.5647110939025879,52,100,100
information_random_4,information,random,4,1114819,5521373,padded_control,7,encoder_block_7,0.5615561008453369,47,100,100
information_random_4,information,random,4,1114819,5521373,padded_control,8,encoder_block_8,0.8332276344299316,28,100,100
information_random_4,information,random,4,1114819,5521373,padded_control,9,encoder_block_9,1.077354907989502,24,100,100
information_random_4,information,random,4,1114819,5521373,padded_control,10,encoder_block_10,1.0764312744140625,15,100,100
information_random_4,information,random,4,1114819,5521373,padded_control,11,encoder_block_11,2.591172695159912,11,100,100
information_random_4,information,random,4,1114819,5521373,padded_control,12,encoder_block_12,4.91057014465332,8,100,100
information_random_4,information,random,4,1114819,5521373,attack,0,embedding,0.4562673568725586,72,100,100
information_random_4,information,random,4,1114819,5521373,attack,1,encoder_block_1,0.5344710350036621,61,100,100
information_random_4,information,random,4,1114819,5521373,attack,2,encoder_block_2,0.6712517738342285,64,100,100
information_random_4,information,random,4,1114819,5521373,attack,3,encoder_block_3,0.6767725944519043,76,100,100
information_random_4,information,random,4,1114819,5521373,attack,4,encoder_block_4,0.448798656463623,90,100,100
information_random_4,information,random,4,1114819,5521373,attack,5,encoder_block_5,0.3900518417358398,87,100,100
information_random_4,information,random,4,1114819,5521373,attack,6,encoder_block_6,0.4258069992065429,78,100,100
information_random_4,information,random,4,1114819,5521373,attack,7,encoder_block_7,0.3441076278686523,75,100,100
information_random_4,information,random,4,1114819,5521373,attack,8,encoder_block_8,0.6721346378326416,50,100,100
information_random_4,information,random,4,1114819,5521373,attack,9,encoder_block_9,0.9366452693939208,39,100,100
information_random_4,information,random,4,1114819,5521373,attack,10,encoder_block_10,1.0349154472351074,18,100,100
information_random_4,information,random,4,1114819,5521373,attack,11,encoder_block_11,2.5412111282348637,12,100,100
information_random_4,information,random,4,1114819,5521373,attack,12,encoder_block_12,5.110464096069336,8,100,100
information_random_4,information,random,4,1115776,8106323,original,0,embedding,-0.0940017700195312,86,100,100
information_random_4,information,random,4,1115776,8106323,original,1,encoder_block_1,-0.214996337890625,74,100,100
information_random_4,information,random,4,1115776,8106323,original,2,encoder_block_2,0.263092041015625,47,100,100
information_random_4,information,random,4,1115776,8106323,original,3,encoder_block_3,0.374537706375122,49,100,100
information_random_4,information,random,4,1115776,8106323,original,4,encoder_block_4,0.3625969886779785,47,100,100
information_random_4,information,random,4,1115776,8106323,original,5,encoder_block_5,0.3879518508911133,32,100,100
information_random_4,information,random,4,1115776,8106323,original,6,encoder_block_6,0.3969943523406982,30,100,100
information_random_4,information,random,4,1115776,8106323,original,7,encoder_block_7,0.3084838390350342,38,100,100
information_random_4,information,random,4,1115776,8106323,original,8,encoder_block_8,0.4813952445983886,25,100,100
information_random_4,information,random,4,1115776,8106323,original,9,encoder_block_9,0.520807147026062,21,100,100
information_random_4,information,random,4,1115776,8106323,original,10,encoder_block_10,-0.291603684425354,23,100,100
information_random_4,information,random,4,1115776,8106323,original,11,encoder_block_11,-1.8993338346481323,40,100,100
information_random_4,information,random,4,1115776,8106323,original,12,encoder_block_12,-12.078439712524414,74,100,100
information_random_4,information,random,4,1115776,8106323,padded_control,0,embedding,-0.094001293182373,86,100,100
information_random_4,information,random,4,1115776,8106323,padded_control,1,encoder_block_1,-0.2328200340270996,74,100,100
information_random_4,information,random,4,1115776,8106323,padded_control,2,encoder_block_2,0.2439534664154052,47,100,100
information_random_4,information,random,4,1115776,8106323,padded_control,3,encoder_block_3,0.3507702350616455,51,100,100
information_random_4,information,random,4,1115776,8106323,padded_control,4,encoder_block_4,0.3448802232742309,49,100,100
information_random_4,information,random,4,1115776,8106323,padded_control,5,encoder_block_5,0.3745594024658203,32,100,100
information_random_4,information,random,4,1115776,8106323,padded_control,6,encoder_block_6,0.3773715496063232,33,100,100
information_random_4,information,random,4,1115776,8106323,padded_control,7,encoder_block_7,0.2980895042419433,38,100,100
information_random_4,information,random,4,1115776,8106323,padded_control,8,encoder_block_8,0.4807393550872803,25,100,100
information_random_4,information,random,4,1115776,8106323,padded_control,9,encoder_block_9,0.5167223811149597,22,100,100
information_random_4,information,random,4,1115776,8106323,padded_control,10,encoder_block_10,-0.3055078983306885,26,100,100
information_random_4,information,random,4,1115776,8106323,padded_control,11,encoder_block_11,-1.870348572731018,39,100,100
information_random_4,information,random,4,1115776,8106323,padded_control,12,encoder_block_12,-12.060766220092772,74,100,100
information_random_4,information,random,4,1115776,8106323,attack,0,embedding,-0.4577822685241699,100,100,100
information_random_4,information,random,4,1115776,8106323,attack,1,encoder_block_1,-0.3776886463165283,80,100,100
information_random_4,information,random,4,1115776,8106323,attack,2,encoder_block_2,0.0805962085723877,64,100,100
information_random_4,information,random,4,1115776,8106323,attack,3,encoder_block_3,0.235414981842041,58,100,100
information_random_4,information,random,4,1115776,8106323,attack,4,encoder_block_4,0.3058817386627197,51,100,100
information_random_4,information,random,4,1115776,8106323,attack,5,encoder_block_5,0.3954720497131347,32,100,100
information_random_4,information,random,4,1115776,8106323,attack,6,encoder_block_6,0.3389873504638672,34,100,100
information_random_4,information,random,4,1115776,8106323,attack,7,encoder_block_7,0.2222314476966858,40,100,100
information_random_4,information,random,4,1115776,8106323,attack,8,encoder_block_8,0.4319129586219787,26,100,100
information_random_4,information,random,4,1115776,8106323,attack,9,encoder_block_9,0.5065248012542725,22,100,100
information_random_4,information,random,4,1115776,8106323,attack,10,encoder_block_10,-0.247471809387207,22,100,100
information_random_4,information,random,4,1115776,8106323,attack,11,encoder_block_11,-1.7060190439224243,38,100,100
information_random_4,information,random,4,1115776,8106323,attack,12,encoder_block_12,-11.856977462768556,74,100,100
information_random_4,information,random,4,1117099,8093931,original,0,embedding,0.6646270751953125,25,100,100
information_random_4,information,random,4,1117099,8093931,original,1,encoder_block_1,0.2695531845092773,42,100,100
information_random_4,information,random,4,1117099,8093931,original,2,encoder_block_2,0.2809982299804687,42,100,100
information_random_4,information,random,4,1117099,8093931,original,3,encoder_block_3,0.1374320983886718,46,100,100
information_random_4,information,random,4,1117099,8093931,original,4,encoder_block_4,0.0212702751159667,55,100,100
information_random_4,information,random,4,1117099,8093931,original,5,encoder_block_5,0.0369272232055664,54,100,100
information_random_4,information,random,4,1117099,8093931,original,6,encoder_block_6,0.1331763267517089,44,100,100
information_random_4,information,random,4,1117099,8093931,original,7,encoder_block_7,0.1126213073730468,47,100,100
information_random_4,information,random,4,1117099,8093931,original,8,encoder_block_8,0.1447963714599609,52,100,100
information_random_4,information,random,4,1117099,8093931,original,9,encoder_block_9,0.2922570705413818,42,100,100
information_random_4,information,random,4,1117099,8093931,original,10,encoder_block_10,0.3431308269500732,48,100,100
information_random_4,information,random,4,1117099,8093931,original,11,encoder_block_11,1.3816022872924805,27,100,100
information_random_4,information,random,4,1117099,8093931,original,12,encoder_block_12,2.529758632183075,22,100,100
information_random_4,information,random,4,1117099,8093931,padded_control,0,embedding,0.6646261215209961,25,100,100
information_random_4,information,random,4,1117099,8093931,padded_control,1,encoder_block_1,0.2818055152893066,42,100,100
information_random_4,information,random,4,1117099,8093931,padded_control,2,encoder_block_2,0.2884740829467773,41,100,100
information_random_4,information,random,4,1117099,8093931,padded_control,3,encoder_block_3,0.137761116027832,46,100,100
information_random_4,information,random,4,1117099,8093931,padded_control,4,encoder_block_4,0.0274007320404052,53,100,100
information_random_4,information,random,4,1117099,8093931,padded_control,5,encoder_block_5,0.0297181606292724,56,100,100
information_random_4,information,random,4,1117099,8093931,padded_control,6,encoder_block_6,0.1169531345367431,48,100,100
information_random_4,information,random,4,1117099,8093931,padded_control,7,encoder_block_7,0.0807805061340332,48,100,100
information_random_4,information,random,4,1117099,8093931,padded_control,8,encoder_block_8,0.1241481304168701,52,100,100
information_random_4,information,random,4,1117099,8093931,padded_control,9,encoder_block_9,0.2654852867126465,44,100,100
information_random_4,information,random,4,1117099,8093931,padded_control,10,encoder_block_10,0.3406770229339599,48,100,100
information_random_4,information,random,4,1117099,8093931,padded_control,11,encoder_block_11,1.4428205490112305,24,100,100
information_random_4,information,random,4,1117099,8093931,padded_control,12,encoder_block_12,2.573764979839325,22,100,100
information_random_4,information,random,4,1117099,8093931,attack,0,embedding,0.2171840667724609,65,100,100
information_random_4,information,random,4,1117099,8093931,attack,1,encoder_block_1,0.0690774917602539,55,100,100
information_random_4,information,random,4,1117099,8093931,attack,2,encoder_block_2,0.0212938785552978,59,100,100
information_random_4,information,random,4,1117099,8093931,attack,3,encoder_block_3,-0.0195899009704589,59,100,100
information_random_4,information,random,4,1117099,8093931,attack,4,encoder_block_4,-0.1099152565002441,64,100,100
information_random_4,information,random,4,1117099,8093931,attack,5,encoder_block_5,0.0337891578674316,54,100,100
information_random_4,information,random,4,1117099,8093931,attack,6,encoder_block_6,0.1210615634918212,47,100,100
information_random_4,information,random,4,1117099,8093931,attack,7,encoder_block_7,0.1252577304840088,46,100,100
information_random_4,information,random,4,1117099,8093931,attack,8,encoder_block_8,0.2173326015472412,47,100,100
information_random_4,information,random,4,1117099,8093931,attack,9,encoder_block_9,0.3942461013793945,38,100,100
information_random_4,information,random,4,1117099,8093931,attack,10,encoder_block_10,0.5635337829589844,34,100,100
information_random_4,information,random,4,1117099,8093931,attack,11,encoder_block_11,1.6452319622039795,17,100,100
information_random_4,information,random,4,1117099,8093931,attack,12,encoder_block_12,3.124925136566162,19,100,100
information_random_4,information,random,4,1121402,8052624,original,0,embedding,0.3495612144470215,80,100,100
information_random_4,information,random,4,1121402,8052624,original,1,encoder_block_1,0.2696928977966308,65,100,100
information_random_4,information,random,4,1121402,8052624,original,2,encoder_block_2,0.4348392486572265,58,100,100
information_random_4,information,random,4,1121402,8052624,original,3,encoder_block_3,0.5248277187347412,51,100,100
information_random_4,information,random,4,1121402,8052624,original,4,encoder_block_4,0.6406412124633789,39,100,100
information_random_4,information,random,4,1121402,8052624,original,5,encoder_block_5,0.7257304191589355,31,100,100
information_random_4,information,random,4,1121402,8052624,original,6,encoder_block_6,0.8011765480041504,22,100,100
information_random_4,information,random,4,1121402,8052624,original,7,encoder_block_7,0.8908953666687012,14,100,100
information_random_4,information,random,4,1121402,8052624,original,8,encoder_block_8,0.9932317733764648,13,100,100
information_random_4,information,random,4,1121402,8052624,original,9,encoder_block_9,0.9872844219207764,11,100,100
information_random_4,information,random,4,1121402,8052624,original,10,encoder_block_10,1.3212480545043943,2,100,100
information_random_4,information,random,4,1121402,8052624,original,11,encoder_block_11,3.356931686401367,1,100,100
information_random_4,information,random,4,1121402,8052624,original,12,encoder_block_12,5.915290832519531,2,100,100
information_random_4,information,random,4,1121402,8052624,padded_control,0,embedding,0.3495607376098633,80,100,100
information_random_4,information,random,4,1121402,8052624,padded_control,1,encoder_block_1,0.2624349594116211,65,100,100
information_random_4,information,random,4,1121402,8052624,padded_control,2,encoder_block_2,0.4358148574829101,58,100,100
information_random_4,information,random,4,1121402,8052624,padded_control,3,encoder_block_3,0.5285758972167969,50,100,100
information_random_4,information,random,4,1121402,8052624,padded_control,4,encoder_block_4,0.6404495239257812,39,100,100
information_random_4,information,random,4,1121402,8052624,padded_control,5,encoder_block_5,0.7424702644348145,30,100,100
information_random_4,information,random,4,1121402,8052624,padded_control,6,encoder_block_6,0.8267779350280762,21,100,100
information_random_4,information,random,4,1121402,8052624,padded_control,7,encoder_block_7,0.9122791290283204,13,100,100
information_random_4,information,random,4,1121402,8052624,padded_control,8,encoder_block_8,0.9957499504089355,13,100,100
information_random_4,information,random,4,1121402,8052624,padded_control,9,encoder_block_9,1.0107011795043943,10,100,100
information_random_4,information,random,4,1121402,8052624,padded_control,10,encoder_block_10,1.3787798881530762,2,100,100
information_random_4,information,random,4,1121402,8052624,padded_control,11,encoder_block_11,3.4924020767211914,1,100,100
information_random_4,information,random,4,1121402,8052624,padded_control,12,encoder_block_12,6.0484113693237305,1,100,100
information_random_4,information,random,4,1121402,8052624,attack,0,embedding,0.002364158630371,92,100,100
information_random_4,information,random,4,1121402,8052624,attack,1,encoder_block_1,0.0111494064331054,85,100,100
information_random_4,information,random,4,1121402,8052624,attack,2,encoder_block_2,0.1015529632568359,84,100,100
information_random_4,information,random,4,1121402,8052624,attack,3,encoder_block_3,0.309497594833374,75,100,100
information_random_4,information,random,4,1121402,8052624,attack,4,encoder_block_4,0.4741015434265136,53,100,100
information_random_4,information,random,4,1121402,8052624,attack,5,encoder_block_5,0.5724325180053711,41,100,100
information_random_4,information,random,4,1121402,8052624,attack,6,encoder_block_6,0.668907642364502,30,100,100
information_random_4,information,random,4,1121402,8052624,attack,7,encoder_block_7,0.6696560382843018,31,100,100
information_random_4,information,random,4,1121402,8052624,attack,8,encoder_block_8,0.8194425106048584,28,100,100
information_random_4,information,random,4,1121402,8052624,attack,9,encoder_block_9,0.8774635791778564,16,100,100
information_random_4,information,random,4,1121402,8052624,attack,10,encoder_block_10,1.384192943572998,2,100,100
information_random_4,information,random,4,1121402,8052624,attack,11,encoder_block_11,3.443815231323242,1,100,100
information_random_4,information,random,4,1121402,8052624,attack,12,encoder_block_12,6.324949264526367,1,100,100
information_random_4,information,random,4,1121709,1269175,original,0,embedding,0.3117632865905761,76,100,100
information_random_4,information,random,4,1121709,1269175,original,1,encoder_block_1,0.148996353149414,58,100,100
information_random_4,information,random,4,1121709,1269175,original,2,encoder_block_2,0.6813814640045166,47,100,100
information_random_4,information,random,4,1121709,1269175,original,3,encoder_block_3,0.6404454708099365,47,100,100
information_random_4,information,random,4,1121709,1269175,original,4,encoder_block_4,0.6799132823944092,57,100,100
information_random_4,information,random,4,1121709,1269175,original,5,encoder_block_5,0.5350496768951416,67,100,100
information_random_4,information,random,4,1121709,1269175,original,6,encoder_block_6,0.5691186189651489,65,100,100
information_random_4,information,random,4,1121709,1269175,original,7,encoder_block_7,0.6213798522949219,62,100,100
information_random_4,information,random,4,1121709,1269175,original,8,encoder_block_8,0.6074302196502686,62,100,100
information_random_4,information,random,4,1121709,1269175,original,9,encoder_block_9,0.620168924331665,73,100,100
information_random_4,information,random,4,1121709,1269175,original,10,encoder_block_10,0.2710539698600769,28,100,100
information_random_4,information,random,4,1121709,1269175,original,11,encoder_block_11,-1.3682814836502075,25,100,100
information_random_4,information,random,4,1121709,1269175,original,12,encoder_block_12,-12.051349639892578,34,100,100
information_random_4,information,random,4,1121709,1269175,padded_control,0,embedding,0.3117632865905761,76,100,100
information_random_4,information,random,4,1121709,1269175,padded_control,1,encoder_block_1,0.1467137336730957,60,100,100
information_random_4,information,random,4,1121709,1269175,padded_control,2,encoder_block_2,0.6874279975891113,47,100,100
information_random_4,information,random,4,1121709,1269175,padded_control,3,encoder_block_3,0.627338171005249,49,100,100
information_random_4,information,random,4,1121709,1269175,padded_control,4,encoder_block_4,0.662571907043457,58,100,100
information_random_4,information,random,4,1121709,1269175,padded_control,5,encoder_block_5,0.5260086059570312,67,100,100
information_random_4,information,random,4,1121709,1269175,padded_control,6,encoder_block_6,0.5666251182556152,65,100,100
information_random_4,information,random,4,1121709,1269175,padded_control,7,encoder_block_7,0.6215314865112305,62,100,100
information_random_4,information,random,4,1121709,1269175,padded_control,8,encoder_block_8,0.6162118911743164,62,100,100
information_random_4,information,random,4,1121709,1269175,padded_control,9,encoder_block_9,0.6361933946609497,73,100,100
information_random_4,information,random,4,1121709,1269175,padded_control,10,encoder_block_10,0.2969001531600952,26,100,100
information_random_4,information,random,4,1121709,1269175,padded_control,11,encoder_block_11,-1.2168635725975037,21,100,100
information_random_4,information,random,4,1121709,1269175,padded_control,12,encoder_block_12,-12.010998725891112,33,100,100
information_random_4,information,random,4,1121709,1269175,attack,0,embedding,-0.044426679611206,96,100,100
information_random_4,information,random,4,1121709,1269175,attack,1,encoder_block_1,-0.0189065933227539,77,100,100
information_random_4,information,random,4,1121709,1269175,attack,2,encoder_block_2,0.4062600135803222,64,100,100
information_random_4,information,random,4,1121709,1269175,attack,3,encoder_block_3,0.4411454200744629,68,100,100
information_random_4,information,random,4,1121709,1269175,attack,4,encoder_block_4,0.5314292907714844,72,100,100
information_random_4,information,random,4,1121709,1269175,attack,5,encoder_block_5,0.4914596080780029,70,100,100
information_random_4,information,random,4,1121709,1269175,attack,6,encoder_block_6,0.5231726169586182,74,100,100
information_random_4,information,random,4,1121709,1269175,attack,7,encoder_block_7,0.5443029403686523,67,100,100
information_random_4,information,random,4,1121709,1269175,attack,8,encoder_block_8,0.5374534130096436,65,100,100
information_random_4,information,random,4,1121709,1269175,attack,9,encoder_block_9,0.5820504426956177,78,100,100
information_random_4,information,random,4,1121709,1269175,attack,10,encoder_block_10,0.2078698873519897,32,100,100
information_random_4,information,random,4,1121709,1269175,attack,11,encoder_block_11,-1.556680977344513,29,100,100
information_random_4,information,random,4,1121709,1269175,attack,12,encoder_block_12,-12.404624938964844,43,100,100
