attack_name,token,position,repetitions,qid,docid,variant,layer_index,layer_name,score,rank,candidate_top_k,n_candidates_scored
false_end_1,false,end,1,1037798,3641634,original,0,embedding,0.8320577144622803,37,100,100
false_end_1,false,end,1,1037798,3641634,original,1,encoder_block_1,0.5770964622497559,62,100,100
false_end_1,false,end,1,1037798,3641634,original,2,encoder_block_2,0.8005528450012207,52,100,100
false_end_1,false,end,1,1037798,3641634,original,3,encoder_block_3,0.6463022232055664,45,100,100
false_end_1,false,end,1,1037798,3641634,original,4,encoder_block_4,0.5612177848815918,46,100,100
false_end_1,false,end,1,1037798,3641634,original,5,encoder_block_5,0.5341918468475342,35,100,100
false_end_1,false,end,1,1037798,3641634,original,6,encoder_block_6,0.7486610412597656,22,100,100
false_end_1,false,end,1,1037798,3641634,original,7,encoder_block_7,0.5290794372558594,44,100,100
false_end_1,false,end,1,1037798,3641634,original,8,encoder_block_8,0.5495195388793945,56,100,100
false_end_1,false,end,1,1037798,3641634,original,9,encoder_block_9,0.7852129936218262,50,100,100
false_end_1,false,end,1,1037798,3641634,original,10,encoder_block_10,0.8754327297210693,23,100,100
false_end_1,false,end,1,1037798,3641634,original,11,encoder_block_11,1.6852598190307615,9,100,100
false_end_1,false,end,1,1037798,3641634,original,12,encoder_block_12,1.2045688927173617,11,100,100
false_end_1,false,end,1,1037798,3641634,padded_control,0,embedding,0.8320584297180176,37,100,100
false_end_1,false,end,1,1037798,3641634,padded_control,1,encoder_block_1,0.5793309211730957,61,100,100
false_end_1,false,end,1,1037798,3641634,padded_control,2,encoder_block_2,0.7995810508728027,52,100,100
false_end_1,false,end,1,1037798,3641634,padded_control,3,encoder_block_3,0.6440329551696777,45,100,100
false_end_1,false,end,1,1037798,3641634,padded_control,4,encoder_block_4,0.5554995536804199,47,100,100
false_end_1,false,end,1,1037798,3641634,padded_control,5,encoder_block_5,0.5277729034423828,37,100,100
false_end_1,false,end,1,1037798,3641634,padded_control,6,encoder_block_6,0.7436199188232422,22,100,100
false_end_1,false,end,1,1037798,3641634,padded_control,7,encoder_block_7,0.5250797271728516,46,100,100
false_end_1,false,end,1,1037798,3641634,padded_control,8,encoder_block_8,0.5466611385345459,56,100,100
false_end_1,false,end,1,1037798,3641634,padded_control,9,encoder_block_9,0.7841253280639648,50,100,100
false_end_1,false,end,1,1037798,3641634,padded_control,10,encoder_block_10,0.8689606189727783,23,100,100
false_end_1,false,end,1,1037798,3641634,padded_control,11,encoder_block_11,1.6813349723815918,9,100,100
false_end_1,false,end,1,1037798,3641634,padded_control,12,encoder_block_12,1.2033753246068954,11,100,100
false_end_1,false,end,1,1037798,3641634,attack,0,embedding,0.7718744277954102,43,100,100
false_end_1,false,end,1,1037798,3641634,attack,1,encoder_block_1,0.4840474128723144,65,100,100
false_end_1,false,end,1,1037798,3641634,attack,2,encoder_block_2,0.6937713623046875,62,100,100
false_end_1,false,end,1,1037798,3641634,attack,3,encoder_block_3,0.5054500102996826,63,100,100
false_end_1,false,end,1,1037798,3641634,attack,4,encoder_block_4,0.4298653602600097,60,100,100
false_end_1,false,end,1,1037798,3641634,attack,5,encoder_block_5,0.4236178398132324,48,100,100
false_end_1,false,end,1,1037798,3641634,attack,6,encoder_block_6,0.6292037963867188,38,100,100
false_end_1,false,end,1,1037798,3641634,attack,7,encoder_block_7,0.4337537288665771,54,100,100
false_end_1,false,end,1,1037798,3641634,attack,8,encoder_block_8,0.4770617485046386,58,100,100
false_end_1,false,end,1,1037798,3641634,attack,9,encoder_block_9,0.6876683235168457,61,100,100
false_end_1,false,end,1,1037798,3641634,attack,10,encoder_block_10,0.8009965419769287,26,100,100
false_end_1,false,end,1,1037798,3641634,attack,11,encoder_block_11,1.6214570999145508,9,100,100
false_end_1,false,end,1,1037798,3641634,attack,12,encoder_block_12,1.034285232424736,11,100,100
false_end_1,false,end,1,104861,459676,original,0,embedding,0.9635918140411376,45,100,100
false_end_1,false,end,1,104861,459676,original,1,encoder_block_1,1.1753835678100586,32,100,100
false_end_1,false,end,1,104861,459676,original,2,encoder_block_2,1.640017032623291,3,100,100
false_end_1,false,end,1,104861,459676,original,3,encoder_block_3,1.6881709098815918,5,100,100
false_end_1,false,end,1,104861,459676,original,4,encoder_block_4,1.9483013153076167,3,100,100
false_end_1,false,end,1,104861,459676,original,5,encoder_block_5,2.049661874771118,3,100,100
false_end_1,false,end,1,104861,459676,original,6,encoder_block_6,1.990306615829468,3,100,100
false_end_1,false,end,1,104861,459676,original,7,encoder_block_7,2.039266586303711,3,100,100
false_end_1,false,end,1,104861,459676,original,8,encoder_block_8,1.8978996276855469,3,100,100
false_end_1,false,end,1,104861,459676,original,9,encoder_block_9,2.068165779113769,2,100,100
false_end_1,false,end,1,104861,459676,original,10,encoder_block_10,2.228157520294189,1,100,100
false_end_1,false,end,1,104861,459676,original,11,encoder_block_11,2.517533540725708,1,100,100
false_end_1,false,end,1,104861,459676,original,12,encoder_block_12,1.6921783089637756,14,100,100
false_end_1,false,end,1,104861,459676,padded_control,0,embedding,0.9635918140411376,45,100,100
false_end_1,false,end,1,104861,459676,padded_control,1,encoder_block_1,1.1791362762451172,32,100,100
false_end_1,false,end,1,104861,459676,padded_control,2,encoder_block_2,1.644474983215332,3,100,100
false_end_1,false,end,1,104861,459676,padded_control,3,encoder_block_3,1.6929044723510742,5,100,100
false_end_1,false,end,1,104861,459676,padded_control,4,encoder_block_4,1.950068950653076,3,100,100
false_end_1,false,end,1,104861,459676,padded_control,5,encoder_block_5,2.0516393184661865,3,100,100
false_end_1,false,end,1,104861,459676,padded_control,6,encoder_block_6,1.9926424026489256,3,100,100
false_end_1,false,end,1,104861,459676,padded_control,7,encoder_block_7,2.0415191650390625,3,100,100
false_end_1,false,end,1,104861,459676,padded_control,8,encoder_block_8,1.899895429611206,3,100,100
false_end_1,false,end,1,104861,459676,padded_control,9,encoder_block_9,2.068953037261963,2,100,100
false_end_1,false,end,1,104861,459676,padded_control,10,encoder_block_10,2.225107192993164,1,100,100
false_end_1,false,end,1,104861,459676,padded_control,11,encoder_block_11,2.5124077796936035,1,100,100
false_end_1,false,end,1,104861,459676,padded_control,12,encoder_block_12,1.6758822798728945,15,100,100
false_end_1,false,end,1,104861,459676,attack,0,embedding,0.9195101261138916,50,100,100
false_end_1,false,end,1,104861,459676,attack,1,encoder_block_1,1.0958647727966309,38,100,100
false_end_1,false,end,1,104861,459676,attack,2,encoder_block_2,1.5347657203674316,14,100,100
false_end_1,false,end,1,104861,459676,attack,3,encoder_block_3,1.5476586818695068,12,100,100
false_end_1,false,end,1,104861,459676,attack,4,encoder_block_4,1.7689878940582275,6,100,100
false_end_1,false,end,1,104861,459676,attack,5,encoder_block_5,1.873511791229248,3,100,100
false_end_1,false,end,1,104861,459676,attack,6,encoder_block_6,1.853874683380127,3,100,100
false_end_1,false,end,1,104861,459676,attack,7,encoder_block_7,1.923510789871216,3,100,100
false_end_1,false,end,1,104861,459676,attack,8,encoder_block_8,1.8442726135253904,3,100,100
false_end_1,false,end,1,104861,459676,attack,9,encoder_block_9,2.0073447227478027,2,100,100
false_end_1,false,end,1,104861,459676,attack,10,encoder_block_10,2.200136661529541,1,100,100
false_end_1,false,end,1,104861,459676,attack,11,encoder_block_11,2.50622820854187,1,100,100
false_end_1,false,end,1,104861,459676,attack,12,encoder_block_12,1.6651163697242737,15,100,100
false_end_1,false,end,1,1063750,4788295,original,0,embedding,0.7345647811889648,44,100,100
false_end_1,false,end,1,1063750,4788295,original,1,encoder_block_1,0.4743719100952148,50,100,100
false_end_1,false,end,1,1063750,4788295,original,2,encoder_block_2,0.2930629253387451,67,100,100
false_end_1,false,end,1,1063750,4788295,original,3,encoder_block_3,0.1441771984100341,71,100,100
false_end_1,false,end,1,1063750,4788295,original,4,encoder_block_4,0.4063873291015625,42,100,100
false_end_1,false,end,1,1063750,4788295,original,5,encoder_block_5,0.4649672508239746,38,100,100
false_end_1,false,end,1,1063750,4788295,original,6,encoder_block_6,0.5196993350982666,37,100,100
false_end_1,false,end,1,1063750,4788295,original,7,encoder_block_7,0.5396733283996582,34,100,100
false_end_1,false,end,1,1063750,4788295,original,8,encoder_block_8,0.7442870140075684,21,100,100
false_end_1,false,end,1,1063750,4788295,original,9,encoder_block_9,0.8194112777709961,14,100,100
false_end_1,false,end,1,1063750,4788295,original,10,encoder_block_10,0.6462976932525635,9,100,100
false_end_1,false,end,1,1063750,4788295,original,11,encoder_block_11,1.5446739196777344,5,100,100
false_end_1,false,end,1,1063750,4788295,original,12,encoder_block_12,3.5748090744018555,4,100,100
false_end_1,false,end,1,1063750,4788295,padded_control,0,embedding,0.7345640659332275,44,100,100
false_end_1,false,end,1,1063750,4788295,padded_control,1,encoder_block_1,0.4751229286193847,50,100,100
false_end_1,false,end,1,1063750,4788295,padded_control,2,encoder_block_2,0.2891049385070801,67,100,100
false_end_1,false,end,1,1063750,4788295,padded_control,3,encoder_block_3,0.1433348655700683,71,100,100
false_end_1,false,end,1,1063750,4788295,padded_control,4,encoder_block_4,0.4072449207305908,42,100,100
false_end_1,false,end,1,1063750,4788295,padded_control,5,encoder_block_5,0.4681727886199951,37,100,100
false_end_1,false,end,1,1063750,4788295,padded_control,6,encoder_block_6,0.5219438076019287,36,100,100
false_end_1,false,end,1,1063750,4788295,padded_control,7,encoder_block_7,0.543440580368042,34,100,100
false_end_1,false,end,1,1063750,4788295,padded_control,8,encoder_block_8,0.7446019649505615,21,100,100
false_end_1,false,end,1,1063750,4788295,padded_control,9,encoder_block_9,0.8166517019271851,14,100,100
false_end_1,false,end,1,1063750,4788295,padded_control,10,encoder_block_10,0.640911340713501,9,100,100
false_end_1,false,end,1,1063750,4788295,padded_control,11,encoder_block_11,1.542203426361084,5,100,100
false_end_1,false,end,1,1063750,4788295,padded_control,12,encoder_block_12,3.55382776260376,4,100,100
false_end_1,false,end,1,1063750,4788295,attack,0,embedding,0.6904761791229248,47,100,100
false_end_1,false,end,1,1063750,4788295,attack,1,encoder_block_1,0.3878908157348633,57,100,100
false_end_1,false,end,1,1063750,4788295,attack,2,encoder_block_2,0.1841540336608886,72,100,100
false_end_1,false,end,1,1063750,4788295,attack,3,encoder_block_3,0.0160226821899414,81,100,100
false_end_1,false,end,1,1063750,4788295,attack,4,encoder_block_4,0.2446420192718505,56,100,100
false_end_1,false,end,1,1063750,4788295,attack,5,encoder_block_5,0.3155215978622436,54,100,100
false_end_1,false,end,1,1063750,4788295,attack,6,encoder_block_6,0.3792002201080322,49,100,100
false_end_1,false,end,1,1063750,4788295,attack,7,encoder_block_7,0.4293906688690185,44,100,100
false_end_1,false,end,1,1063750,4788295,attack,8,encoder_block_8,0.6884198188781738,24,100,100
false_end_1,false,end,1,1063750,4788295,attack,9,encoder_block_9,0.7800639867782593,19,100,100
false_end_1,false,end,1,1063750,4788295,attack,10,encoder_block_10,0.6244533061981201,9,100,100
false_end_1,false,end,1,1063750,4788295,attack,11,encoder_block_11,1.5419855117797852,5,100,100
false_end_1,false,end,1,1063750,4788295,attack,12,encoder_block_12,3.5268778800964355,4,100,100
false_end_1,false,end,1,1103812,3843267,original,0,embedding,1.1385068893432615,8,100,100
false_end_1,false,end,1,1103812,3843267,original,1,encoder_block_1,0.7724995613098145,23,100,100
false_end_1,false,end,1,1103812,3843267,original,2,encoder_block_2,0.8877558708190918,18,100,100
false_end_1,false,end,1,1103812,3843267,original,3,encoder_block_3,0.6147010326385498,26,100,100
false_end_1,false,end,1,1103812,3843267,original,4,encoder_block_4,0.3889913558959961,38,100,100
false_end_1,false,end,1,1103812,3843267,original,5,encoder_block_5,0.1942498683929443,51,100,100
false_end_1,false,end,1,1103812,3843267,original,6,encoder_block_6,0.1409058570861816,65,100,100
false_end_1,false,end,1,1103812,3843267,original,7,encoder_block_7,0.1842563152313232,61,100,100
false_end_1,false,end,1,1103812,3843267,original,8,encoder_block_8,0.1707890033721923,61,100,100
false_end_1,false,end,1,1103812,3843267,original,9,encoder_block_9,0.3361358642578125,37,100,100
false_end_1,false,end,1,1103812,3843267,original,10,encoder_block_10,0.0934512615203857,30,100,100
false_end_1,false,end,1,1103812,3843267,original,11,encoder_block_11,1.2669405937194824,7,100,100
false_end_1,false,end,1,1103812,3843267,original,12,encoder_block_12,4.076918601989746,3,100,100
false_end_1,false,end,1,1103812,3843267,padded_control,0,embedding,1.1385064125061035,8,100,100
false_end_1,false,end,1,1103812,3843267,padded_control,1,encoder_block_1,0.7744467258453369,23,100,100
false_end_1,false,end,1,1103812,3843267,padded_control,2,encoder_block_2,0.8896942138671875,18,100,100
false_end_1,false,end,1,1103812,3843267,padded_control,3,encoder_block_3,0.6143074035644531,26,100,100
false_end_1,false,end,1,1103812,3843267,padded_control,4,encoder_block_4,0.3868591785430908,38,100,100
false_end_1,false,end,1,1103812,3843267,padded_control,5,encoder_block_5,0.1933522224426269,51,100,100
false_end_1,false,end,1,1103812,3843267,padded_control,6,encoder_block_6,0.1392550468444824,65,100,100
false_end_1,false,end,1,1103812,3843267,padded_control,7,encoder_block_7,0.1841726303100586,61,100,100
false_end_1,false,end,1,1103812,3843267,padded_control,8,encoder_block_8,0.1713621616363525,61,100,100
false_end_1,false,end,1,1103812,3843267,padded_control,9,encoder_block_9,0.3411080837249756,37,100,100
false_end_1,false,end,1,1103812,3843267,padded_control,10,encoder_block_10,0.0965535640716552,29,100,100
false_end_1,false,end,1,1103812,3843267,padded_control,11,encoder_block_11,1.297410488128662,7,100,100
false_end_1,false,end,1,1103812,3843267,padded_control,12,encoder_block_12,4.106122970581055,3,100,100
false_end_1,false,end,1,1103812,3843267,attack,0,embedding,1.013857364654541,20,100,100
false_end_1,false,end,1,1103812,3843267,attack,1,encoder_block_1,0.6294968128204346,38,100,100
false_end_1,false,end,1,1103812,3843267,attack,2,encoder_block_2,0.7159554958343506,39,100,100
false_end_1,false,end,1,1103812,3843267,attack,3,encoder_block_3,0.4287037849426269,59,100,100
false_end_1,false,end,1,1103812,3843267,attack,4,encoder_block_4,0.1765284538269043,65,100,100
false_end_1,false,end,1,1103812,3843267,attack,5,encoder_block_5,0.0257155895233154,69,100,100
false_end_1,false,end,1,1103812,3843267,attack,6,encoder_block_6,-0.0058012008666992,80,100,100
false_end_1,false,end,1,1103812,3843267,attack,7,encoder_block_7,0.0738403797149658,69,100,100
false_end_1,false,end,1,1103812,3843267,attack,8,encoder_block_8,0.1285791397094726,64,100,100
false_end_1,false,end,1,1103812,3843267,attack,9,encoder_block_9,0.2981348037719726,42,100,100
false_end_1,false,end,1,1103812,3843267,attack,10,encoder_block_10,0.0699315071105957,32,100,100
false_end_1,false,end,1,1103812,3843267,attack,11,encoder_block_11,1.3135623931884766,7,100,100
false_end_1,false,end,1,1103812,3843267,attack,12,encoder_block_12,4.052910804748535,3,100,100
false_end_1,false,end,1,1106007,6126194,original,0,embedding,0.9976165294647216,5,100,100
false_end_1,false,end,1,1106007,6126194,original,1,encoder_block_1,1.4154257774353027,2,100,100
false_end_1,false,end,1,1106007,6126194,original,2,encoder_block_2,1.6524105072021484,1,100,100
false_end_1,false,end,1,1106007,6126194,original,3,encoder_block_3,1.462425947189331,1,100,100
false_end_1,false,end,1,1106007,6126194,original,4,encoder_block_4,1.8070693016052248,1,100,100
false_end_1,false,end,1,1106007,6126194,original,5,encoder_block_5,1.7888007164001465,1,100,100
false_end_1,false,end,1,1106007,6126194,original,6,encoder_block_6,1.7590737342834473,1,100,100
false_end_1,false,end,1,1106007,6126194,original,7,encoder_block_7,1.847627878189087,1,100,100
false_end_1,false,end,1,1106007,6126194,original,8,encoder_block_8,1.865367412567139,1,100,100
false_end_1,false,end,1,1106007,6126194,original,9,encoder_block_9,1.8352789878845213,1,100,100
false_end_1,false,end,1,1106007,6126194,original,10,encoder_block_10,1.9322757720947263,2,100,100
false_end_1,false,end,1,1106007,6126194,original,11,encoder_block_11,2.2114975452423096,14,100,100
false_end_1,false,end,1,1106007,6126194,original,12,encoder_block_12,-0.0340566039085388,21,100,100
false_end_1,false,end,1,1106007,6126194,padded_control,0,embedding,0.9976167678833008,5,100,100
false_end_1,false,end,1,1106007,6126194,padded_control,1,encoder_block_1,1.4144763946533203,2,100,100
false_end_1,false,end,1,1106007,6126194,padded_control,2,encoder_block_2,1.6539039611816406,1,100,100
false_end_1,false,end,1,1106007,6126194,padded_control,3,encoder_block_3,1.462646245956421,1,100,100
false_end_1,false,end,1,1106007,6126194,padded_control,4,encoder_block_4,1.808502197265625,1,100,100
false_end_1,false,end,1,1106007,6126194,padded_control,5,encoder_block_5,1.7893147468566897,1,100,100
false_end_1,false,end,1,1106007,6126194,padded_control,6,encoder_block_6,1.758777141571045,1,100,100
false_end_1,false,end,1,1106007,6126194,padded_control,7,encoder_block_7,1.8470706939697263,1,100,100
false_end_1,false,end,1,1106007,6126194,padded_control,8,encoder_block_8,1.8662734031677248,1,100,100
false_end_1,false,end,1,1106007,6126194,padded_control,9,encoder_block_9,1.836523532867432,1,100,100
false_end_1,false,end,1,1106007,6126194,padded_control,10,encoder_block_10,1.9296636581420896,2,100,100
false_end_1,false,end,1,1106007,6126194,padded_control,11,encoder_block_11,2.209685444831848,14,100,100
false_end_1,false,end,1,1106007,6126194,padded_control,12,encoder_block_12,-0.0358158946037292,21,100,100
false_end_1,false,end,1,1106007,6126194,attack,0,embedding,0.9254577159881592,6,100,100
false_end_1,false,end,1,1106007,6126194,attack,1,encoder_block_1,1.335099220275879,2,100,100
false_end_1,false,end,1,1106007,6126194,attack,2,encoder_block_2,1.5418915748596191,2,100,100
false_end_1,false,end,1,1106007,6126194,attack,3,encoder_block_3,1.3120908737182615,2,100,100
false_end_1,false,end,1,1106007,6126194,attack,4,encoder_block_4,1.6293795108795166,1,100,100
false_end_1,false,end,1,1106007,6126194,attack,5,encoder_block_5,1.6293816566467283,1,100,100
false_end_1,false,end,1,1106007,6126194,attack,6,encoder_block_6,1.6389312744140625,1,100,100
false_end_1,false,end,1,1106007,6126194,attack,7,encoder_block_7,1.7261590957641602,1,100,100
false_end_1,false,end,1,1106007,6126194,attack,8,encoder_block_8,1.80605149269104,1,100,100
false_end_1,false,end,1,1106007,6126194,attack,9,encoder_block_9,1.7452116012573242,2,100,100
false_end_1,false,end,1,1106007,6126194,attack,10,encoder_block_10,1.8567750453948972,2,100,100
false_end_1,false,end,1,1106007,6126194,attack,11,encoder_block_11,2.199107050895691,14,100,100
false_end_1,false,end,1,1106007,6126194,attack,12,encoder_block_12,-0.0857524871826171,21,100,100
false_end_1,false,end,1,1110199,3838645,original,0,embedding,1.0928163528442385,72,100,100
false_end_1,false,end,1,1110199,3838645,original,1,encoder_block_1,0.8770804405212402,94,100,100
false_end_1,false,end,1,1110199,3838645,original,2,encoder_block_2,1.0785207748413086,92,100,100
false_end_1,false,end,1,1110199,3838645,original,3,encoder_block_3,1.0863182544708252,90,100,100
false_end_1,false,end,1,1110199,3838645,original,4,encoder_block_4,1.153496265411377,91,100,100
false_end_1,false,end,1,1110199,3838645,original,5,encoder_block_5,1.1691253185272217,87,100,100
false_end_1,false,end,1,1110199,3838645,original,6,encoder_block_6,1.2261219024658203,77,100,100
false_end_1,false,end,1,1110199,3838645,original,7,encoder_block_7,1.3570709228515625,64,100,100
false_end_1,false,end,1,1110199,3838645,original,8,encoder_block_8,1.4313509464263916,53,100,100
false_end_1,false,end,1,1110199,3838645,original,9,encoder_block_9,1.4866671562194824,31,100,100
false_end_1,false,end,1,1110199,3838645,original,10,encoder_block_10,1.481736660003662,5,100,100
false_end_1,false,end,1,1110199,3838645,original,11,encoder_block_11,1.350864052772522,7,100,100
false_end_1,false,end,1,1110199,3838645,original,12,encoder_block_12,1.8936622440814967,7,100,100
false_end_1,false,end,1,1110199,3838645,padded_control,0,embedding,1.0928168296813965,72,100,100
false_end_1,false,end,1,1110199,3838645,padded_control,1,encoder_block_1,0.8790140151977539,94,100,100
false_end_1,false,end,1,1110199,3838645,padded_control,2,encoder_block_2,1.0808591842651367,92,100,100
false_end_1,false,end,1,1110199,3838645,padded_control,3,encoder_block_3,1.0914902687072754,90,100,100
false_end_1,false,end,1,1110199,3838645,padded_control,4,encoder_block_4,1.154837131500244,91,100,100
false_end_1,false,end,1,1110199,3838645,padded_control,5,encoder_block_5,1.1700224876403809,87,100,100
false_end_1,false,end,1,1110199,3838645,padded_control,6,encoder_block_6,1.2232160568237305,77,100,100
false_end_1,false,end,1,1110199,3838645,padded_control,7,encoder_block_7,1.355219841003418,64,100,100
false_end_1,false,end,1,1110199,3838645,padded_control,8,encoder_block_8,1.4280352592468262,53,100,100
false_end_1,false,end,1,1110199,3838645,padded_control,9,encoder_block_9,1.483078956604004,32,100,100
false_end_1,false,end,1,1110199,3838645,padded_control,10,encoder_block_10,1.4706215858459473,5,100,100
false_end_1,false,end,1,1110199,3838645,padded_control,11,encoder_block_11,1.3454647064208984,8,100,100
false_end_1,false,end,1,1110199,3838645,padded_control,12,encoder_block_12,1.896081268787384,7,100,100
false_end_1,false,end,1,1110199,3838645,attack,0,embedding,0.9824395179748536,82,100,100
false_end_1,false,end,1,1110199,3838645,attack,1,encoder_block_1,0.7111392021179199,95,100,100
false_end_1,false,end,1,1110199,3838645,attack,2,encoder_block_2,0.8771061897277832,95,100,100
false_end_1,false,end,1,1110199,3838645,attack,3,encoder_block_3,0.859337329864502,94,100,100
false_end_1,false,end,1,1110199,3838645,attack,4,encoder_block_4,0.8923349380493164,97,100,100
false_end_1,false,end,1,1110199,3838645,attack,5,encoder_block_5,0.9442703723907472,95,100,100
false_end_1,false,end,1,1110199,3838645,attack,6,encoder_block_6,1.0374037027359009,91,100,100
false_end_1,false,end,1,1110199,3838645,attack,7,encoder_block_7,1.2068383693695068,82,100,100
false_end_1,false,end,1,1110199,3838645,attack,8,encoder_block_8,1.3338353633880615,60,100,100
false_end_1,false,end,1,1110199,3838645,attack,9,encoder_block_9,1.3807547092437744,49,100,100
false_end_1,false,end,1,1110199,3838645,attack,10,encoder_block_10,1.3756248950958252,6,100,100
false_end_1,false,end,1,1110199,3838645,attack,11,encoder_block_11,1.290034532546997,9,100,100
false_end_1,false,end,1,1110199,3838645,attack,12,encoder_block_12,1.7202332317829132,8,100,100
false_end_1,false,end,1,1112341,8139256,original,0,embedding,1.4486327171325684,13,100,100
false_end_1,false,end,1,1112341,8139256,original,1,encoder_block_1,1.6813530921936035,8,100,100
false_end_1,false,end,1,1112341,8139256,original,2,encoder_block_2,1.7492218017578125,9,100,100
false_end_1,false,end,1,1112341,8139256,original,3,encoder_block_3,1.811652660369873,4,100,100
false_end_1,false,end,1,1112341,8139256,original,4,encoder_block_4,1.7302699089050293,9,100,100
false_end_1,false,end,1,1112341,8139256,original,5,encoder_block_5,1.7417261600494385,9,100,100
false_end_1,false,end,1,1112341,8139256,original,6,encoder_block_6,1.6763277053833008,9,100,100
false_end_1,false,end,1,1112341,8139256,original,7,encoder_block_7,1.8838441371917725,6,100,100
false_end_1,false,end,1,1112341,8139256,original,8,encoder_block_8,2.119479179382324,1,100,100
false_end_1,false,end,1,1112341,8139256,original,9,encoder_block_9,2.1432199478149414,1,100,100
false_end_1,false,end,1,1112341,8139256,original,10,encoder_block_10,2.1970181465148926,1,100,100
false_end_1,false,end,1,1112341,8139256,original,11,encoder_block_11,3.5947413444519043,2,100,100
false_end_1,false,end,1,1112341,8139256,original,12,encoder_block_12,6.284547805786133,1,100,100
false_end_1,false,end,1,1112341,8139256,padded_control,0,embedding,1.4486327171325684,13,100,100
false_end_1,false,end,1,1112341,8139256,padded_control,1,encoder_block_1,1.6814298629760742,8,100,100
false_end_1,false,end,1,1112341,8139256,padded_control,2,encoder_block_2,1.7521986961364746,9,100,100
false_end_1,false,end,1,1112341,8139256,padded_control,3,encoder_block_3,1.815675973892212,4,100,100
false_end_1,false,end,1,1112341,8139256,padded_control,4,encoder_block_4,1.735438346862793,8,100,100
false_end_1,false,end,1,1112341,8139256,padded_control,5,encoder_block_5,1.7463264465332031,9,100,100
false_end_1,false,end,1,1112341,8139256,padded_control,6,encoder_block_6,1.6810765266418457,9,100,100
false_end_1,false,end,1,1112341,8139256,padded_control,7,encoder_block_7,1.8865540027618408,6,100,100
false_end_1,false,end,1,1112341,8139256,padded_control,8,encoder_block_8,2.121950626373291,1,100,100
false_end_1,false,end,1,1112341,8139256,padded_control,9,encoder_block_9,2.140329360961914,1,100,100
false_end_1,false,end,1,1112341,8139256,padded_control,10,encoder_block_10,2.1862754821777344,1,100,100
false_end_1,false,end,1,1112341,8139256,padded_control,11,encoder_block_11,3.5639162063598637,2,100,100
false_end_1,false,end,1,1112341,8139256,padded_control,12,encoder_block_12,6.257201194763184,2,100,100
false_end_1,false,end,1,1112341,8139256,attack,0,embedding,1.341181755065918,16,100,100
false_end_1,false,end,1,1112341,8139256,attack,1,encoder_block_1,1.4822206497192385,15,100,100
false_end_1,false,end,1,1112341,8139256,attack,2,encoder_block_2,1.536478042602539,16,100,100
false_end_1,false,end,1,1112341,8139256,attack,3,encoder_block_3,1.5773510932922363,12,100,100
false_end_1,false,end,1,1112341,8139256,attack,4,encoder_block_4,1.4607019424438477,20,100,100
false_end_1,false,end,1,1112341,8139256,attack,5,encoder_block_5,1.4816014766693115,21,100,100
false_end_1,false,end,1,1112341,8139256,attack,6,encoder_block_6,1.4623699188232422,15,100,100
false_end_1,false,end,1,1112341,8139256,attack,7,encoder_block_7,1.652339220046997,15,100,100
false_end_1,false,end,1,1112341,8139256,attack,8,encoder_block_8,1.983842849731445,3,100,100
false_end_1,false,end,1,1112341,8139256,attack,9,encoder_block_9,1.9888262748718264,2,100,100
false_end_1,false,end,1,1112341,8139256,attack,10,encoder_block_10,2.1093826293945312,1,100,100
false_end_1,false,end,1,1112341,8139256,attack,11,encoder_block_11,3.5517354011535645,2,100,100
false_end_1,false,end,1,1112341,8139256,attack,12,encoder_block_12,6.211267471313477,2,100,100
false_end_1,false,end,1,1113437,4981632,original,0,embedding,0.3180007934570312,80,100,100
false_end_1,false,end,1,1113437,4981632,original,1,encoder_block_1,0.4731388092041015,60,100,100
false_end_1,false,end,1,1113437,4981632,original,2,encoder_block_2,0.6836404800415039,60,100,100
false_end_1,false,end,1,1113437,4981632,original,3,encoder_block_3,0.8600368499755859,55,100,100
false_end_1,false,end,1,1113437,4981632,original,4,encoder_block_4,0.9526767730712892,56,100,100
false_end_1,false,end,1,1113437,4981632,original,5,encoder_block_5,0.9148330688476562,54,100,100
false_end_1,false,end,1,1113437,4981632,original,6,encoder_block_6,1.059793472290039,33,100,100
false_end_1,false,end,1,1113437,4981632,original,7,encoder_block_7,1.1850385665893557,21,100,100
false_end_1,false,end,1,1113437,4981632,original,8,encoder_block_8,1.2380499839782717,22,100,100
false_end_1,false,end,1,1113437,4981632,original,9,encoder_block_9,1.3934805393218994,16,100,100
false_end_1,false,end,1,1113437,4981632,original,10,encoder_block_10,1.3988949060440063,10,100,100
false_end_1,false,end,1,1113437,4981632,original,11,encoder_block_11,1.1189368963241575,40,100,100
false_end_1,false,end,1,1113437,4981632,original,12,encoder_block_12,-1.7963993549346924,37,100,100
false_end_1,false,end,1,1113437,4981632,padded_control,0,embedding,0.3180015087127685,80,100,100
false_end_1,false,end,1,1113437,4981632,padded_control,1,encoder_block_1,0.4749891757965088,60,100,100
false_end_1,false,end,1,1113437,4981632,padded_control,2,encoder_block_2,0.6842372417449951,60,100,100
false_end_1,false,end,1,1113437,4981632,padded_control,3,encoder_block_3,0.8631186485290527,55,100,100
false_end_1,false,end,1,1113437,4981632,padded_control,4,encoder_block_4,0.953599214553833,56,100,100
false_end_1,false,end,1,1113437,4981632,padded_control,5,encoder_block_5,0.9137182235717772,54,100,100
false_end_1,false,end,1,1113437,4981632,padded_control,6,encoder_block_6,1.057706356048584,34,100,100
false_end_1,false,end,1,1113437,4981632,padded_control,7,encoder_block_7,1.1819305419921875,21,100,100
false_end_1,false,end,1,1113437,4981632,padded_control,8,encoder_block_8,1.234652042388916,22,100,100
false_end_1,false,end,1,1113437,4981632,padded_control,9,encoder_block_9,1.391668677330017,16,100,100
false_end_1,false,end,1,1113437,4981632,padded_control,10,encoder_block_10,1.3943495750427246,10,100,100
false_end_1,false,end,1,1113437,4981632,padded_control,11,encoder_block_11,1.1123639345169067,40,100,100
false_end_1,false,end,1,1113437,4981632,padded_control,12,encoder_block_12,-1.8111982345581052,37,100,100
false_end_1,false,end,1,1113437,4981632,attack,0,embedding,0.2478840351104736,89,100,100
false_end_1,false,end,1,1113437,4981632,attack,1,encoder_block_1,0.3996567726135254,66,100,100
false_end_1,false,end,1,1113437,4981632,attack,2,encoder_block_2,0.5936183929443359,65,100,100
false_end_1,false,end,1,1113437,4981632,attack,3,encoder_block_3,0.7545032501220703,68,100,100
false_end_1,false,end,1,1113437,4981632,attack,4,encoder_block_4,0.8484972715377808,67,100,100
false_end_1,false,end,1,1113437,4981632,attack,5,encoder_block_5,0.8085672855377197,65,100,100
false_end_1,false,end,1,1113437,4981632,attack,6,encoder_block_6,0.9389369487762452,51,100,100
false_end_1,false,end,1,1113437,4981632,attack,7,encoder_block_7,1.0754272937774658,30,100,100
false_end_1,false,end,1,1113437,4981632,attack,8,encoder_block_8,1.1302967071533203,32,100,100
false_end_1,false,end,1,1113437,4981632,attack,9,encoder_block_9,1.2697799801826477,22,100,100
false_end_1,false,end,1,1113437,4981632,attack,10,encoder_block_10,1.2777968645095823,15,100,100
false_end_1,false,end,1,1113437,4981632,attack,11,encoder_block_11,1.0561867952346802,41,100,100
false_end_1,false,end,1,1113437,4981632,attack,12,encoder_block_12,-2.060864925384521,40,100,100
false_end_1,false,end,1,1114646,8117094,original,0,embedding,1.2560265064239502,5,100,100
false_end_1,false,end,1,1114646,8117094,original,1,encoder_block_1,0.8694207668304443,6,100,100
false_end_1,false,end,1,1114646,8117094,original,2,encoder_block_2,0.6403050422668457,12,100,100
false_end_1,false,end,1,1114646,8117094,original,3,encoder_block_3,0.3328970670700073,26,100,100
false_end_1,false,end,1,1114646,8117094,original,4,encoder_block_4,0.2564983367919922,20,100,100
false_end_1,false,end,1,1114646,8117094,original,5,encoder_block_5,0.1512191295623779,21,100,100
false_end_1,false,end,1,1114646,8117094,original,6,encoder_block_6,0.0469527244567871,15,100,100
false_end_1,false,end,1,1114646,8117094,original,7,encoder_block_7,0.1066806316375732,16,100,100
false_end_1,false,end,1,1114646,8117094,original,8,encoder_block_8,0.2619236707687378,11,100,100
false_end_1,false,end,1,1114646,8117094,original,9,encoder_block_9,0.5010157823562622,4,100,100
false_end_1,false,end,1,1114646,8117094,original,10,encoder_block_10,-0.1777694225311279,12,100,100
false_end_1,false,end,1,1114646,8117094,original,11,encoder_block_11,-0.4463258981704712,28,100,100
false_end_1,false,end,1,1114646,8117094,original,12,encoder_block_12,-2.769918441772461,13,100,100
false_end_1,false,end,1,1114646,8117094,padded_control,0,embedding,1.2560272216796875,5,100,100
false_end_1,false,end,1,1114646,8117094,padded_control,1,encoder_block_1,0.872201681137085,6,100,100
false_end_1,false,end,1,1114646,8117094,padded_control,2,encoder_block_2,0.6421408653259277,12,100,100
false_end_1,false,end,1,1114646,8117094,padded_control,3,encoder_block_3,0.333760142326355,26,100,100
false_end_1,false,end,1,1114646,8117094,padded_control,4,encoder_block_4,0.255527138710022,20,100,100
false_end_1,false,end,1,1114646,8117094,padded_control,5,encoder_block_5,0.1511125564575195,21,100,100
false_end_1,false,end,1,1114646,8117094,padded_control,6,encoder_block_6,0.0460399389266967,15,100,100
false_end_1,false,end,1,1114646,8117094,padded_control,7,encoder_block_7,0.1039185523986816,16,100,100
false_end_1,false,end,1,1114646,8117094,padded_control,8,encoder_block_8,0.2624189853668213,11,100,100
false_end_1,false,end,1,1114646,8117094,padded_control,9,encoder_block_9,0.5022928714752197,4,100,100
false_end_1,false,end,1,1114646,8117094,padded_control,10,encoder_block_10,-0.1870644092559814,13,100,100
false_end_1,false,end,1,1114646,8117094,padded_control,11,encoder_block_11,-0.4616999626159668,28,100,100
false_end_1,false,end,1,1114646,8117094,padded_control,12,encoder_block_12,-2.79980206489563,13,100,100
false_end_1,false,end,1,1114646,8117094,attack,0,embedding,1.197770357131958,8,100,100
false_end_1,false,end,1,1114646,8117094,attack,1,encoder_block_1,0.765020489692688,8,100,100
false_end_1,false,end,1,1114646,8117094,attack,2,encoder_block_2,0.5208660364151001,17,100,100
false_end_1,false,end,1,1114646,8117094,attack,3,encoder_block_3,0.1628694534301757,41,100,100
false_end_1,false,end,1,1114646,8117094,attack,4,encoder_block_4,0.0643973350524902,48,100,100
false_end_1,false,end,1,1114646,8117094,attack,5,encoder_block_5,-0.0114408731460571,43,100,100
false_end_1,false,end,1,1114646,8117094,attack,6,encoder_block_6,-0.0724633932113647,28,100,100
false_end_1,false,end,1,1114646,8117094,attack,7,encoder_block_7,-0.0026068687438964,24,100,100
false_end_1,false,end,1,1114646,8117094,attack,8,encoder_block_8,0.2041090726852417,15,100,100
false_end_1,false,end,1,1114646,8117094,attack,9,encoder_block_9,0.455064058303833,8,100,100
false_end_1,false,end,1,1114646,8117094,attack,10,encoder_block_10,-0.2041585445404052,15,100,100
false_end_1,false,end,1,1114646,8117094,attack,11,encoder_block_11,-0.4532995223999023,28,100,100
false_end_1,false,end,1,1114646,8117094,attack,12,encoder_block_12,-2.880066752433777,13,100,100
false_end_1,false,end,1,1114819,988373,original,0,embedding,0.9550943374633788,26,100,100
false_end_1,false,end,1,1114819,988373,original,1,encoder_block_1,0.733741283416748,43,100,100
false_end_1,false,end,1,1114819,988373,original,2,encoder_block_2,0.9232592582702636,39,100,100
false_end_1,false,end,1,1114819,988373,original,3,encoder_block_3,0.927321434020996,47,100,100
false_end_1,false,end,1,1114819,988373,original,4,encoder_block_4,0.7061219215393066,61,100,100
false_end_1,false,end,1,1114819,988373,original,5,encoder_block_5,0.5340163707733154,59,100,100
false_end_1,false,end,1,1114819,988373,original,6,encoder_block_6,0.5359745025634766,56,100,100
false_end_1,false,end,1,1114819,988373,original,7,encoder_block_7,0.590491771697998,37,100,100
false_end_1,false,end,1,1114819,988373,original,8,encoder_block_8,0.7944145202636719,34,100,100
false_end_1,false,end,1,1114819,988373,original,9,encoder_block_9,0.9916424751281738,31,100,100
false_end_1,false,end,1,1114819,988373,original,10,encoder_block_10,0.9822494983673096,19,100,100
false_end_1,false,end,1,1114819,988373,original,11,encoder_block_11,2.536710262298584,13,100,100
false_end_1,false,end,1,1114819,988373,original,12,encoder_block_12,4.898218154907227,8,100,100
false_end_1,false,end,1,1114819,988373,padded_control,0,embedding,0.9550943374633788,26,100,100
false_end_1,false,end,1,1114819,988373,padded_control,1,encoder_block_1,0.7383112907409668,42,100,100
false_end_1,false,end,1,1114819,988373,padded_control,2,encoder_block_2,0.923748016357422,39,100,100
false_end_1,false,end,1,1114819,988373,padded_control,3,encoder_block_3,0.9305901527404784,47,100,100
false_end_1,false,end,1,1114819,988373,padded_control,4,encoder_block_4,0.7069535255432129,61,100,100
false_end_1,false,end,1,1114819,988373,padded_control,5,encoder_block_5,0.537203311920166,59,100,100
false_end_1,false,end,1,1114819,988373,padded_control,6,encoder_block_6,0.5411033630371094,55,100,100
false_end_1,false,end,1,1114819,988373,padded_control,7,encoder_block_7,0.5979199409484863,36,100,100
false_end_1,false,end,1,1114819,988373,padded_control,8,encoder_block_8,0.8073375225067139,34,100,100
false_end_1,false,end,1,1114819,988373,padded_control,9,encoder_block_9,1.0055134296417236,31,100,100
false_end_1,false,end,1,1114819,988373,padded_control,10,encoder_block_10,1.0138757228851318,19,100,100
false_end_1,false,end,1,1114819,988373,padded_control,11,encoder_block_11,2.554112434387207,12,100,100
false_end_1,false,end,1,1114819,988373,padded_control,12,encoder_block_12,4.93122673034668,8,100,100
false_end_1,false,end,1,1114819,988373,attack,0,embedding,0.7537741661071777,48,100,100
false_end_1,false,end,1,1114819,988373,attack,1,encoder_block_1,0.4391126632690429,73,100,100
false_end_1,false,end,1,1114819,988373,attack,2,encoder_block_2,0.5180482864379883,80,100,100
false_end_1,false,end,1,1114819,988373,attack,3,encoder_block_3,0.4795675277709961,90,100,100
false_end_1,false,end,1,1114819,988373,attack,4,encoder_block_4,0.2191696166992187,98,100,100
false_end_1,false,end,1,1114819,988373,attack,5,encoder_block_5,0.1622827053070068,98,100,100
false_end_1,false,end,1,1114819,988373,attack,6,encoder_block_6,0.2425894737243652,94,100,100
false_end_1,false,end,1,1114819,988373,attack,7,encoder_block_7,0.308549165725708,75,100,100
false_end_1,false,end,1,1114819,988373,attack,8,encoder_block_8,0.536923885345459,72,100,100
false_end_1,false,end,1,1114819,988373,attack,9,encoder_block_9,0.7375202178955078,62,100,100
false_end_1,false,end,1,1114819,988373,attack,10,encoder_block_10,0.8023378849029541,33,100,100
false_end_1,false,end,1,1114819,988373,attack,11,encoder_block_11,2.2152717113494877,19,100,100
false_end_1,false,end,1,1114819,988373,attack,12,encoder_block_12,4.690649032592773,10,100,100
false_end_1,false,end,1,1115776,8106324,original,0,embedding,0.7555432319641113,25,100,100
false_end_1,false,end,1,1115776,8106324,original,1,encoder_block_1,0.3835937976837158,26,100,100
false_end_1,false,end,1,1115776,8106324,original,2,encoder_block_2,0.3556666374206543,35,100,100
false_end_1,false,end,1,1115776,8106324,original,3,encoder_block_3,0.2799062728881836,55,100,100
false_end_1,false,end,1,1115776,8106324,original,4,encoder_block_4,0.0670588016510009,64,100,100
false_end_1,false,end,1,1115776,8106324,original,5,encoder_block_5,-0.0114327669143676,62,100,100
false_end_1,false,end,1,1115776,8106324,original,6,encoder_block_6,-0.165021002292633,68,100,100
false_end_1,false,end,1,1115776,8106324,original,7,encoder_block_7,-0.1488943099975586,69,100,100
false_end_1,false,end,1,1115776,8106324,original,8,encoder_block_8,-0.1795504093170166,68,100,100
false_end_1,false,end,1,1115776,8106324,original,9,encoder_block_9,-0.1732739210128784,76,100,100
false_end_1,false,end,1,1115776,8106324,original,10,encoder_block_10,-0.2939333915710449,24,100,100
false_end_1,false,end,1,1115776,8106324,original,11,encoder_block_11,0.9586806297302246,6,100,100
false_end_1,false,end,1,1115776,8106324,original,12,encoder_block_12,1.8031470775604248,6,100,100
false_end_1,false,end,1,1115776,8106324,padded_control,0,embedding,0.7555441856384277,25,100,100
false_end_1,false,end,1,1115776,8106324,padded_control,1,encoder_block_1,0.3719973564147949,28,100,100
false_end_1,false,end,1,1115776,8106324,padded_control,2,encoder_block_2,0.3426887989044189,37,100,100
false_end_1,false,end,1,1115776,8106324,padded_control,3,encoder_block_3,0.274423599243164,55,100,100
false_end_1,false,end,1,1115776,8106324,padded_control,4,encoder_block_4,0.0667413473129272,64,100,100
false_end_1,false,end,1,1115776,8106324,padded_control,5,encoder_block_5,-0.0090487003326416,62,100,100
false_end_1,false,end,1,1115776,8106324,padded_control,6,encoder_block_6,-0.1564128994941711,68,100,100
false_end_1,false,end,1,1115776,8106324,padded_control,7,encoder_block_7,-0.1344001293182373,68,100,100
false_end_1,false,end,1,1115776,8106324,padded_control,8,encoder_block_8,-0.1697242259979248,68,100,100
false_end_1,false,end,1,1115776,8106324,padded_control,9,encoder_block_9,-0.1715788841247558,76,100,100
false_end_1,false,end,1,1115776,8106324,padded_control,10,encoder_block_10,-0.3009541034698486,26,100,100
false_end_1,false,end,1,1115776,8106324,padded_control,11,encoder_block_11,0.9484210014343262,6,100,100
false_end_1,false,end,1,1115776,8106324,padded_control,12,encoder_block_12,1.816192865371704,6,100,100
false_end_1,false,end,1,1115776,8106324,attack,0,embedding,0.6074469089508057,37,100,100
false_end_1,false,end,1,1115776,8106324,attack,1,encoder_block_1,0.1616711616516113,50,100,100
false_end_1,false,end,1,1115776,8106324,attack,2,encoder_block_2,0.1494789123535156,58,100,100
false_end_1,false,end,1,1115776,8106324,attack,3,encoder_block_3,0.052058458328247,68,100,100
false_end_1,false,end,1,1115776,8106324,attack,4,encoder_block_4,-0.1476898193359375,77,100,100
false_end_1,false,end,1,1115776,8106324,attack,5,encoder_block_5,-0.1936683654785156,72,100,100
false_end_1,false,end,1,1115776,8106324,attack,6,encoder_block_6,-0.3100300431251526,85,100,100
false_end_1,false,end,1,1115776,8106324,attack,7,encoder_block_7,-0.306426465511322,81,100,100
false_end_1,false,end,1,1115776,8106324,attack,8,encoder_block_8,-0.2801823616027832,81,100,100
false_end_1,false,end,1,1115776,8106324,attack,9,encoder_block_9,-0.2598509788513183,85,100,100
false_end_1,false,end,1,1115776,8106324,attack,10,encoder_block_10,-0.3245484828948974,27,100,100
false_end_1,false,end,1,1115776,8106324,attack,11,encoder_block_11,0.9285125732421876,6,100,100
false_end_1,false,end,1,1115776,8106324,attack,12,encoder_block_12,1.6878708600997925,6,100,100
false_end_1,false,end,1,1117099,1798612,original,0,embedding,0.2263922691345214,63,100,100
false_end_1,false,end,1,1117099,1798612,original,1,encoder_block_1,0.0932955741882324,54,100,100
false_end_1,false,end,1,1117099,1798612,original,2,encoder_block_2,0.0653400421142578,56,100,100
false_end_1,false,end,1,1117099,1798612,original,3,encoder_block_3,0.0489606857299804,54,100,100
false_end_1,false,end,1,1117099,1798612,original,4,encoder_block_4,0.231724739074707,39,100,100
false_end_1,false,end,1,1117099,1798612,original,5,encoder_block_5,0.2877826690673828,30,100,100
false_end_1,false,end,1,1117099,1798612,original,6,encoder_block_6,0.3752243518829345,25,100,100
false_end_1,false,end,1,1117099,1798612,original,7,encoder_block_7,0.3444764614105224,26,100,100
false_end_1,false,end,1,1117099,1798612,original,8,encoder_block_8,0.3190245628356933,39,100,100
false_end_1,false,end,1,1117099,1798612,original,9,encoder_block_9,0.4999532699584961,32,100,100
false_end_1,false,end,1,1117099,1798612,original,10,encoder_block_10,0.7663369178771973,18,100,100
false_end_1,false,end,1,1117099,1798612,original,11,encoder_block_11,1.7876355648040771,16,100,100
false_end_1,false,end,1,1117099,1798612,original,12,encoder_block_12,3.184497833251953,18,100,100
false_end_1,false,end,1,1117099,1798612,padded_control,0,embedding,0.2263927459716797,63,100,100
false_end_1,false,end,1,1117099,1798612,padded_control,1,encoder_block_1,0.0898451805114746,54,100,100
false_end_1,false,end,1,1117099,1798612,padded_control,2,encoder_block_2,0.0597076416015625,56,100,100
false_end_1,false,end,1,1117099,1798612,padded_control,3,encoder_block_3,0.046633243560791,54,100,100
false_end_1,false,end,1,1117099,1798612,padded_control,4,encoder_block_4,0.2317056655883789,39,100,100
false_end_1,false,end,1,1117099,1798612,padded_control,5,encoder_block_5,0.2896561622619629,30,100,100
false_end_1,false,end,1,1117099,1798612,padded_control,6,encoder_block_6,0.3773102760314941,25,100,100
false_end_1,false,end,1,1117099,1798612,padded_control,7,encoder_block_7,0.3486642837524414,26,100,100
false_end_1,false,end,1,1117099,1798612,padded_control,8,encoder_block_8,0.3254332542419433,39,100,100
false_end_1,false,end,1,1117099,1798612,padded_control,9,encoder_block_9,0.5041360855102539,31,100,100
false_end_1,false,end,1,1117099,1798612,padded_control,10,encoder_block_10,0.7776226997375488,17,100,100
false_end_1,false,end,1,1117099,1798612,padded_control,11,encoder_block_11,1.8077778816223145,16,100,100
false_end_1,false,end,1,1117099,1798612,padded_control,12,encoder_block_12,3.2097063064575195,17,100,100
false_end_1,false,end,1,1117099,1798612,attack,0,embedding,0.1704921722412109,69,100,100
false_end_1,false,end,1,1117099,1798612,attack,1,encoder_block_1,0.0021958351135253,62,100,100
false_end_1,false,end,1,1117099,1798612,attack,2,encoder_block_2,-0.0536012649536132,65,100,100
false_end_1,false,end,1,1117099,1798612,attack,3,encoder_block_3,-0.0889678001403808,64,100,100
false_end_1,false,end,1,1117099,1798612,attack,4,encoder_block_4,0.0759496688842773,50,100,100
false_end_1,false,end,1,1117099,1798612,attack,5,encoder_block_5,0.1238629817962646,45,100,100
false_end_1,false,end,1,1117099,1798612,attack,6,encoder_block_6,0.2554030418395996,38,100,100
false_end_1,false,end,1,1117099,1798612,attack,7,encoder_block_7,0.2342603206634521,36,100,100
false_end_1,false,end,1,1117099,1798612,attack,8,encoder_block_8,0.2483882904052734,44,100,100
false_end_1,false,end,1,1117099,1798612,attack,9,encoder_block_9,0.4312336444854736,36,100,100
false_end_1,false,end,1,1117099,1798612,attack,10,encoder_block_10,0.7256200313568115,18,100,100
false_end_1,false,end,1,1117099,1798612,attack,11,encoder_block_11,1.8035361766815183,16,100,100
false_end_1,false,end,1,1117099,1798612,attack,12,encoder_block_12,3.220693826675415,17,100,100
false_end_1,false,end,1,1121402,5189913,original,0,embedding,0.4808263778686523,72,100,100
false_end_1,false,end,1,1121402,5189913,original,1,encoder_block_1,0.1401429176330566,73,100,100
false_end_1,false,end,1,1121402,5189913,original,2,encoder_block_2,0.2945353984832763,69,100,100
false_end_1,false,end,1,1121402,5189913,original,3,encoder_block_3,0.3883287906646728,63,100,100
false_end_1,false,end,1,1121402,5189913,original,4,encoder_block_4,0.4736652374267578,54,100,100
false_end_1,false,end,1,1121402,5189913,original,5,encoder_block_5,0.3962187767028808,59,100,100
false_end_1,false,end,1,1121402,5189913,original,6,encoder_block_6,0.5477299690246582,39,100,100
false_end_1,false,end,1,1121402,5189913,original,7,encoder_block_7,0.5375113487243652,40,100,100
false_end_1,false,end,1,1121402,5189913,original,8,encoder_block_8,0.762603759765625,33,100,100
false_end_1,false,end,1,1121402,5189913,original,9,encoder_block_9,0.7920761108398438,21,100,100
false_end_1,false,end,1,1121402,5189913,original,10,encoder_block_10,1.0483002662658691,6,100,100
false_end_1,false,end,1,1121402,5189913,original,11,encoder_block_11,2.6554441452026367,7,100,100
false_end_1,false,end,1,1121402,5189913,original,12,encoder_block_12,5.802740097045898,5,100,100
false_end_1,false,end,1,1121402,5189913,padded_control,0,embedding,0.4808259010314941,72,100,100
false_end_1,false,end,1,1121402,5189913,padded_control,1,encoder_block_1,0.1482248306274414,73,100,100
false_end_1,false,end,1,1121402,5189913,padded_control,2,encoder_block_2,0.2956516742706299,69,100,100
false_end_1,false,end,1,1121402,5189913,padded_control,3,encoder_block_3,0.3837447166442871,66,100,100
false_end_1,false,end,1,1121402,5189913,padded_control,4,encoder_block_4,0.4667291641235351,56,100,100
false_end_1,false,end,1,1121402,5189913,padded_control,5,encoder_block_5,0.3875226974487304,61,100,100
false_end_1,false,end,1,1121402,5189913,padded_control,6,encoder_block_6,0.5386910438537598,39,100,100
false_end_1,false,end,1,1121402,5189913,padded_control,7,encoder_block_7,0.5322871208190918,40,100,100
false_end_1,false,end,1,1121402,5189913,padded_control,8,encoder_block_8,0.7624378204345703,33,100,100
false_end_1,false,end,1,1121402,5189913,padded_control,9,encoder_block_9,0.7899150848388672,22,100,100
false_end_1,false,end,1,1121402,5189913,padded_control,10,encoder_block_10,1.0396735668182373,6,100,100
false_end_1,false,end,1,1121402,5189913,padded_control,11,encoder_block_11,2.6389617919921875,7,100,100
false_end_1,false,end,1,1121402,5189913,padded_control,12,encoder_block_12,5.7950639724731445,5,100,100
false_end_1,false,end,1,1121402,5189913,attack,0,embedding,0.3939533233642578,75,100,100
false_end_1,false,end,1,1121402,5189913,attack,1,encoder_block_1,0.0311555862426757,85,100,100
false_end_1,false,end,1,1121402,5189913,attack,2,encoder_block_2,0.1373369693756103,81,100,100
false_end_1,false,end,1,1121402,5189913,attack,3,encoder_block_3,0.1948575973510742,81,100,100
false_end_1,false,end,1,1121402,5189913,attack,4,encoder_block_4,0.2430129051208496,80,100,100
false_end_1,false,end,1,1121402,5189913,attack,5,encoder_block_5,0.2123572826385498,82,100,100
false_end_1,false,end,1,1121402,5189913,attack,6,encoder_block_6,0.3790740966796875,60,100,100
false_end_1,false,end,1,1121402,5189913,attack,7,encoder_block_7,0.3808064460754394,48,100,100
false_end_1,false,end,1,1121402,5189913,attack,8,encoder_block_8,0.6738157272338867,37,100,100
false_end_1,false,end,1,1121402,5189913,attack,9,encoder_block_9,0.7265057563781738,28,100,100
false_end_1,false,end,1,1121402,5189913,attack,10,encoder_block_10,0.9706699848175048,7,100,100
false_end_1,false,end,1,1121402,5189913,attack,11,encoder_block_11,2.605262756347656,7,100,100
false_end_1,false,end,1,1121402,5189913,attack,12,encoder_block_12,5.756112098693848,5,100,100
false_end_1,false,end,1,1121709,1389460,original,0,embedding,0.2769992351531982,79,100,100
false_end_1,false,end,1,1121709,1389460,original,1,encoder_block_1,0.4726133346557617,32,100,100
false_end_1,false,end,1,1121709,1389460,original,2,encoder_block_2,0.9142446517944336,25,100,100
false_end_1,false,end,1,1121709,1389460,original,3,encoder_block_3,1.0248775482177734,15,100,100
false_end_1,false,end,1,1121709,1389460,original,4,encoder_block_4,1.09043550491333,21,100,100
false_end_1,false,end,1,1121709,1389460,original,5,encoder_block_5,0.8579416275024414,34,100,100
false_end_1,false,end,1,1121709,1389460,original,6,encoder_block_6,0.916600465774536,28,100,100
false_end_1,false,end,1,1121709,1389460,original,7,encoder_block_7,0.7718093395233154,50,100,100
false_end_1,false,end,1,1121709,1389460,original,8,encoder_block_8,0.7808523178100586,49,100,100
false_end_1,false,end,1,1121709,1389460,original,9,encoder_block_9,0.9260425567626952,41,100,100
false_end_1,false,end,1,1121709,1389460,original,10,encoder_block_10,0.127556562423706,41,100,100
false_end_1,false,end,1,1121709,1389460,original,11,encoder_block_11,-2.043547242879868,44,100,100
false_end_1,false,end,1,1121709,1389460,original,12,encoder_block_12,-11.49356174468994,22,100,100
false_end_1,false,end,1,1121709,1389460,padded_control,0,embedding,0.27699875831604,79,100,100
false_end_1,false,end,1,1121709,1389460,padded_control,1,encoder_block_1,0.4751124382019043,32,100,100
false_end_1,false,end,1,1121709,1389460,padded_control,2,encoder_block_2,0.9184656143188475,23,100,100
false_end_1,false,end,1,1121709,1389460,padded_control,3,encoder_block_3,1.0258500576019287,15,100,100
false_end_1,false,end,1,1121709,1389460,padded_control,4,encoder_block_4,1.0859639644622805,21,100,100
false_end_1,false,end,1,1121709,1389460,padded_control,5,encoder_block_5,0.8576653003692627,34,100,100
false_end_1,false,end,1,1121709,1389460,padded_control,6,encoder_block_6,0.9133305549621582,29,100,100
false_end_1,false,end,1,1121709,1389460,padded_control,7,encoder_block_7,0.7709221839904785,50,100,100
false_end_1,false,end,1,1121709,1389460,padded_control,8,encoder_block_8,0.7792385816574097,49,100,100
false_end_1,false,end,1,1121709,1389460,padded_control,9,encoder_block_9,0.9235268235206604,41,100,100
false_end_1,false,end,1,1121709,1389460,padded_control,10,encoder_block_10,0.1216235756874084,42,100,100
false_end_1,false,end,1,1121709,1389460,padded_control,11,encoder_block_11,-2.1147636473178864,46,100,100
false_end_1,false,end,1,1121709,1389460,padded_control,12,encoder_block_12,-11.595137596130373,23,100,100
false_end_1,false,end,1,1121709,1389460,attack,0,embedding,0.2419934272766113,81,100,100
false_end_1,false,end,1,1121709,1389460,attack,1,encoder_block_1,0.3907475471496582,38,100,100
false_end_1,false,end,1,1121709,1389460,attack,2,encoder_block_2,0.7970166206359863,32,100,100
false_end_1,false,end,1,1121709,1389460,attack,3,encoder_block_3,0.8661773204803467,24,100,100
false_end_1,false,end,1,1121709,1389460,attack,4,encoder_block_4,0.9005506038665771,35,100,100
false_end_1,false,end,1,1121709,1389460,attack,5,encoder_block_5,0.7000541687011719,47,100,100
false_end_1,false,end,1,1121709,1389460,attack,6,encoder_block_6,0.7687143683433533,44,100,100
false_end_1,false,end,1,1121709,1389460,attack,7,encoder_block_7,0.6144800782203674,62,100,100
false_end_1,false,end,1,1121709,1389460,attack,8,encoder_block_8,0.6646367311477661,58,100,100
false_end_1,false,end,1,1121709,1389460,attack,9,encoder_block_9,0.8001180291175842,57,100,100
false_end_1,false,end,1,1121709,1389460,attack,10,encoder_block_10,0.0090909004211425,55,100,100
false_end_1,false,end,1,1121709,1389460,attack,11,encoder_block_11,-2.1390646398067474,46,100,100
false_end_1,false,end,1,1121709,1389460,attack,12,encoder_block_12,-11.549860000610352,23,100,100
false_end_1,false,end,1,1124210,2258597,original,0,embedding,0.5800065994262695,33,100,100
false_end_1,false,end,1,1124210,2258597,original,1,encoder_block_1,-0.1089506149291992,87,100,100
false_end_1,false,end,1,1124210,2258597,original,2,encoder_block_2,0.0147089958190917,81,100,100
false_end_1,false,end,1,1124210,2258597,original,3,encoder_block_3,0.372748851776123,61,100,100
false_end_1,false,end,1,1124210,2258597,original,4,encoder_block_4,0.6658177375793457,35,100,100
false_end_1,false,end,1,1124210,2258597,original,5,encoder_block_5,0.5856533050537109,25,100,100
false_end_1,false,end,1,1124210,2258597,original,6,encoder_block_6,0.5945525169372559,23,100,100
false_end_1,false,end,1,1124210,2258597,original,7,encoder_block_7,0.8320813179016113,15,100,100
false_end_1,false,end,1,1124210,2258597,original,8,encoder_block_8,0.935511589050293,8,100,100
false_end_1,false,end,1,1124210,2258597,original,9,encoder_block_9,1.0379290580749512,6,100,100
false_end_1,false,end,1,1124210,2258597,original,10,encoder_block_10,1.0187492370605469,5,100,100
false_end_1,false,end,1,1124210,2258597,original,11,encoder_block_11,1.260847568511963,3,100,100
false_end_1,false,end,1,1124210,2258597,original,12,encoder_block_12,0.2487647235393524,10,100,100
false_end_1,false,end,1,1124210,2258597,padded_control,0,embedding,0.5800070762634277,33,100,100
false_end_1,false,end,1,1124210,2258597,padded_control,1,encoder_block_1,-0.1063489913940429,86,100,100
false_end_1,false,end,1,1124210,2258597,padded_control,2,encoder_block_2,0.0169868469238281,81,100,100
false_end_1,false,end,1,1124210,2258597,padded_control,3,encoder_block_3,0.3728647232055664,61,100,100
false_end_1,false,end,1,1124210,2258597,padded_control,4,encoder_block_4,0.6641488075256348,35,100,100
false_end_1,false,end,1,1124210,2258597,padded_control,5,encoder_block_5,0.5827169418334961,25,100,100
false_end_1,false,end,1,1124210,2258597,padded_control,6,encoder_block_6,0.5930933952331543,23,100,100
false_end_1,false,end,1,1124210,2258597,padded_control,7,encoder_block_7,0.8312773704528809,15,100,100
false_end_1,false,end,1,1124210,2258597,padded_control,8,encoder_block_8,0.9371352195739746,8,100,100
false_end_1,false,end,1,1124210,2258597,padded_control,9,encoder_block_9,1.0360572338104248,6,100,100
false_end_1,false,end,1,1124210,2258597,padded_control,10,encoder_block_10,1.0117549896240234,5,100,100
false_end_1,false,end,1,1124210,2258597,padded_control,11,encoder_block_11,1.2533636093139648,3,100,100
false_end_1,false,end,1,1124210,2258597,padded_control,12,encoder_block_12,0.2369105219841003,10,100,100
false_end_1,false,end,1,1124210,2258597,attack,0,embedding,0.5121669769287109,42,100,100
false_end_1,false,end,1,1124210,2258597,attack,1,encoder_block_1,-0.2119319438934326,89,100,100
false_end_1,false,end,1,1124210,2258597,attack,2,encoder_block_2,-0.1018328666687011,87,100,100
false_end_1,false,end,1,1124210,2258597,attack,3,encoder_block_3,0.2306370735168457,71,100,100
false_end_1,false,end,1,1124210,2258597,attack,4,encoder_block_4,0.4995954036712646,54,100,100
false_end_1,false,end,1,1124210,2258597,attack,5,encoder_block_5,0.4223999977111816,41,100,100
false_end_1,false,end,1,1124210,2258597,attack,6,encoder_block_6,0.4663665294647217,34,100,100
false_end_1,false,end,1,1124210,2258597,attack,7,encoder_block_7,0.7187988758087158,23,100,100
false_end_1,false,end,1,1124210,2258597,attack,8,encoder_block_8,0.8545236587524414,13,100,100
false_end_1,false,end,1,1124210,2258597,attack,9,encoder_block_9,0.9631998538970948,8,100,100
false_end_1,false,end,1,1124210,2258597,attack,10,encoder_block_10,0.9460368156433104,5,100,100
false_end_1,false,end,1,1124210,2258597,attack,11,encoder_block_11,1.2300875186920166,3,100,100
false_end_1,false,end,1,1124210,2258597,attack,12,encoder_block_12,0.2581857740879059,10,100,100
false_end_1,false,end,1,1129237,2697752,original,0,embedding,-0.2152695655822754,51,100,100
false_end_1,false,end,1,1129237,2697752,original,1,encoder_block_1,-0.829967737197876,90,100,100
false_end_1,false,end,1,1129237,2697752,original,2,encoder_block_2,-0.3859496116638183,79,100,100
false_end_1,false,end,1,1129237,2697752,original,3,encoder_block_3,-0.3067121505737304,77,100,100
false_end_1,false,end,1,1129237,2697752,original,4,encoder_block_4,-0.1617064476013183,71,100,100
false_end_1,false,end,1,1129237,2697752,original,5,encoder_block_5,-0.2752385139465332,64,100,100
false_end_1,false,end,1,1129237,2697752,original,6,encoder_block_6,-0.3856024742126465,72,100,100
false_end_1,false,end,1,1129237,2697752,original,7,encoder_block_7,-0.1996879577636718,51,100,100
false_end_1,false,end,1,1129237,2697752,original,8,encoder_block_8,0.0123867988586425,30,100,100
false_end_1,false,end,1,1129237,2697752,original,9,encoder_block_9,0.3729109764099121,9,100,100
false_end_1,false,end,1,1129237,2697752,original,10,encoder_block_10,0.8976078033447266,3,100,100
false_end_1,false,end,1,1129237,2697752,original,11,encoder_block_11,2.6303515434265137,2,100,100
false_end_1,false,end,1,1129237,2697752,original,12,encoder_block_12,4.295194149017334,2,100,100
false_end_1,false,end,1,1129237,2697752,padded_control,0,embedding,-0.2152700424194336,51,100,100
false_end_1,false,end,1,1129237,2697752,padded_control,1,encoder_block_1,-0.8307094573974609,90,100,100
false_end_1,false,end,1,1129237,2697752,padded_control,2,encoder_block_2,-0.3866233825683594,79,100,100
false_end_1,false,end,1,1129237,2697752,padded_control,3,encoder_block_3,-0.308351993560791,77,100,100
false_end_1,false,end,1,1129237,2697752,padded_control,4,encoder_block_4,-0.1656632423400879,71,100,100
false_end_1,false,end,1,1129237,2697752,padded_control,5,encoder_block_5,-0.280252456665039,64,100,100
false_end_1,false,end,1,1129237,2697752,padded_control,6,encoder_block_6,-0.3889570236206054,72,100,100
false_end_1,false,end,1,1129237,2697752,padded_control,7,encoder_block_7,-0.2002425193786621,51,100,100
false_end_1,false,end,1,1129237,2697752,padded_control,8,encoder_block_8,0.0122327804565429,30,100,100
false_end_1,false,end,1,1129237,2697752,padded_control,9,encoder_block_9,0.3715376853942871,9,100,100
false_end_1,false,end,1,1129237,2697752,padded_control,10,encoder_block_10,0.892296314239502,3,100,100
false_end_1,false,end,1,1129237,2697752,padded_control,11,encoder_block_11,2.6300673484802246,2,100,100
false_end_1,false,end,1,1129237,2697752,padded_control,12,encoder_block_12,4.286549091339111,2,100,100
false_end_1,false,end,1,1129237,2697752,attack,0,embedding,-0.2642526626586914,56,100,100
false_end_1,false,end,1,1129237,2697752,attack,1,encoder_block_1,-0.8961746692657471,92,100,100
false_end_1,false,end,1,1129237,2697752,attack,2,encoder_block_2,-0.4698622226715088,84,100,100
false_end_1,false,end,1,1129237,2697752,attack,3,encoder_block_3,-0.4193782806396484,85,100,100
false_end_1,false,end,1,1129237,2697752,attack,4,encoder_block_4,-0.3080751895904541,79,100,100
false_end_1,false,end,1,1129237,2697752,attack,5,encoder_block_5,-0.3883619308471679,77,100,100
false_end_1,false,end,1,1129237,2697752,attack,6,encoder_block_6,-0.4769160747528076,79,100,100
false_end_1,false,end,1,1129237,2697752,attack,7,encoder_block_7,-0.2624220848083496,55,100,100
false_end_1,false,end,1,1129237,2697752,attack,8,encoder_block_8,-0.0253381729125976,34,100,100
false_end_1,false,end,1,1129237,2697752,attack,9,encoder_block_9,0.3209154605865478,11,100,100
false_end_1,false,end,1,1129237,2697752,attack,10,encoder_block_10,0.8369045257568359,3,100,100
false_end_1,false,end,1,1129237,2697752,attack,11,encoder_block_11,2.599026918411255,2,100,100
false_end_1,false,end,1,1129237,2697752,attack,12,encoder_block_12,4.25152587890625,2,100,100
false_end_1,false,end,1,1133167,5674622,original,0,embedding,-0.3599090576171875,51,100,100
false_end_1,false,end,1,1133167,5674622,original,1,encoder_block_1,-0.2238578796386718,37,100,100
false_end_1,false,end,1,1133167,5674622,original,2,encoder_block_2,0.0894651412963867,23,100,100
false_end_1,false,end,1,1133167,5674622,original,3,encoder_block_3,-0.0596203804016113,27,100,100
false_end_1,false,end,1,1133167,5674622,original,4,encoder_block_4,-0.0066719055175781,35,100,100
false_end_1,false,end,1,1133167,5674622,original,5,encoder_block_5,0.0064270496368408,24,100,100
false_end_1,false,end,1,1133167,5674622,original,6,encoder_block_6,0.0849943161010742,23,100,100
false_end_1,false,end,1,1133167,5674622,original,7,encoder_block_7,0.1392304897308349,25,100,100
false_end_1,false,end,1,1133167,5674622,original,8,encoder_block_8,0.3150386810302734,17,100,100
false_end_1,false,end,1,1133167,5674622,original,9,encoder_block_9,0.3377759456634521,26,100,100
false_end_1,false,end,1,1133167,5674622,original,10,encoder_block_10,-0.0226194858551025,41,100,100
false_end_1,false,end,1,1133167,5674622,original,11,encoder_block_11,0.8448319435119629,49,100,100
false_end_1,false,end,1,1133167,5674622,original,12,encoder_block_12,2.4345003366470337,46,100,100
false_end_1,false,end,1,1133167,5674622,padded_control,0,embedding,-0.3599081039428711,51,100,100
false_end_1,false,end,1,1133167,5674622,padded_control,1,encoder_block_1,-0.224865436553955,37,100,100
false_end_1,false,end,1,1133167,5674622,padded_control,2,encoder_block_2,0.0875892639160156,23,100,100
false_end_1,false,end,1,1133167,5674622,padded_control,3,encoder_block_3,-0.0610628128051757,27,100,100
false_end_1,false,end,1,1133167,5674622,padded_control,4,encoder_block_4,-0.0133178234100341,37,100,100
false_end_1,false,end,1,1133167,5674622,padded_control,5,encoder_block_5,0.0047082901000976,24,100,100
false_end_1,false,end,1,1133167,5674622,padded_control,6,encoder_block_6,0.0840346813201904,24,100,100
false_end_1,false,end,1,1133167,5674622,padded_control,7,encoder_block_7,0.1375477313995361,26,100,100
false_end_1,false,end,1,1133167,5674622,padded_control,8,encoder_block_8,0.3115637302398681,17,100,100
false_end_1,false,end,1,1133167,5674622,padded_control,9,encoder_block_9,0.3378109931945801,26,100,100
false_end_1,false,end,1,1133167,5674622,padded_control,10,encoder_block_10,-0.0232486724853515,41,100,100
false_end_1,false,end,1,1133167,5674622,padded_control,11,encoder_block_11,0.8522076606750488,49,100,100
false_end_1,false,end,1,1133167,5674622,padded_control,12,encoder_block_12,2.431598901748657,46,100,100
false_end_1,false,end,1,1133167,5674622,attack,0,embedding,-0.4224023818969726,60,100,100
false_end_1,false,end,1,1133167,5674622,attack,1,encoder_block_1,-0.3059921264648437,49,100,100
false_end_1,false,end,1,1133167,5674622,attack,2,encoder_block_2,-0.0190479755401611,32,100,100
false_end_1,false,end,1,1133167,5674622,attack,3,encoder_block_3,-0.1928486824035644,40,100,100
false_end_1,false,end,1,1133167,5674622,attack,4,encoder_block_4,-0.1806783676147461,63,100,100
false_end_1,false,end,1,1133167,5674622,attack,5,encoder_block_5,-0.148090124130249,39,100,100
false_end_1,false,end,1,1133167,5674622,attack,6,encoder_block_6,-0.059549331665039,39,100,100
false_end_1,false,end,1,1133167,5674622,attack,7,encoder_block_7,-0.0088176727294921,35,100,100
false_end_1,false,end,1,1133167,5674622,attack,8,encoder_block_8,0.2210693359375,24,100,100
false_end_1,false,end,1,1133167,5674622,attack,9,encoder_block_9,0.2270267009735107,37,100,100
false_end_1,false,end,1,1133167,5674622,attack,10,encoder_block_10,-0.1447505950927734,46,100,100
false_end_1,false,end,1,1133167,5674622,attack,11,encoder_block_11,0.7350730895996094,50,100,100
false_end_1,false,end,1,1133167,5674622,attack,12,encoder_block_12,1.806617259979248,51,100,100
false_end_1,false,end,1,130510,1494936,original,0,embedding,0.4145472049713135,47,100,100
false_end_1,false,end,1,130510,1494936,original,1,encoder_block_1,-0.0747127532958984,70,100,100
false_end_1,false,end,1,130510,1494936,original,2,encoder_block_2,0.2577583789825439,57,100,100
false_end_1,false,end,1,130510,1494936,original,3,encoder_block_3,0.0868659019470214,57,100,100
false_end_1,false,end,1,130510,1494936,original,4,encoder_block_4,0.0484974384307861,55,100,100
false_end_1,false,end,1,130510,1494936,original,5,encoder_block_5,0.0590553283691406,55,100,100
false_end_1,false,end,1,130510,1494936,original,6,encoder_block_6,0.061549425125122,50,100,100
false_end_1,false,end,1,130510,1494936,original,7,encoder_block_7,0.1757409572601318,44,100,100
false_end_1,false,end,1,130510,1494936,original,8,encoder_block_8,0.3329865932464599,35,100,100
false_end_1,false,end,1,130510,1494936,original,9,encoder_block_9,0.644644021987915,18,100,100
false_end_1,false,end,1,130510,1494936,original,10,encoder_block_10,1.0942609310150146,3,100,100
false_end_1,false,end,1,130510,1494936,original,11,encoder_block_11,2.1742987632751465,6,100,100
false_end_1,false,end,1,130510,1494936,original,12,encoder_block_12,3.561265468597412,6,100,100
false_end_1,false,end,1,130510,1494936,padded_control,0,embedding,0.4145469665527344,47,100,100
false_end_1,false,end,1,130510,1494936,padded_control,1,encoder_block_1,-0.0713374614715576,70,100,100
false_end_1,false,end,1,130510,1494936,padded_control,2,encoder_block_2,0.2579412460327148,56,100,100
false_end_1,false,end,1,130510,1494936,padded_control,3,encoder_block_3,0.0899362564086914,57,100,100
false_end_1,false,end,1,130510,1494936,padded_control,4,encoder_block_4,0.0523595809936523,54,100,100
false_end_1,false,end,1,130510,1494936,padded_control,5,encoder_block_5,0.0655622482299804,54,100,100
false_end_1,false,end,1,130510,1494936,padded_control,6,encoder_block_6,0.0674579143524169,50,100,100
false_end_1,false,end,1,130510,1494936,padded_control,7,encoder_block_7,0.1794881820678711,44,100,100
false_end_1,false,end,1,130510,1494936,padded_control,8,encoder_block_8,0.3371496200561523,33,100,100
false_end_1,false,end,1,130510,1494936,padded_control,9,encoder_block_9,0.6497769355773926,18,100,100
false_end_1,false,end,1,130510,1494936,padded_control,10,encoder_block_10,1.0899953842163086,3,100,100
false_end_1,false,end,1,130510,1494936,padded_control,11,encoder_block_11,2.177605390548706,6,100,100
false_end_1,false,end,1,130510,1494936,padded_control,12,encoder_block_12,3.574025154113769,6,100,100
false_end_1,false,end,1,130510,1494936,attack,0,embedding,0.319115400314331,58,100,100
false_end_1,false,end,1,130510,1494936,attack,1,encoder_block_1,-0.2005417346954345,79,100,100
false_end_1,false,end,1,130510,1494936,attack,2,encoder_block_2,0.1139953136444091,72,100,100
false_end_1,false,end,1,130510,1494936,attack,3,encoder_block_3,-0.0713462829589843,76,100,100
false_end_1,false,end,1,130510,1494936,attack,4,encoder_block_4,-0.1668546199798584,81,100,100
false_end_1,false,end,1,130510,1494936,attack,5,encoder_block_5,-0.1371349096298217,81,100,100
false_end_1,false,end,1,130510,1494936,attack,6,encoder_block_6,-0.1392734050750732,74,100,100
false_end_1,false,end,1,130510,1494936,attack,7,encoder_block_7,-0.0227513313293457,68,100,100
false_end_1,false,end,1,130510,1494936,attack,8,encoder_block_8,0.1875380277633667,46,100,100
false_end_1,false,end,1,130510,1494936,attack,9,encoder_block_9,0.4283716678619385,31,100,100
false_end_1,false,end,1,130510,1494936,attack,10,encoder_block_10,0.9317715167999268,6,100,100
false_end_1,false,end,1,130510,1494936,attack,11,encoder_block_11,2.063662528991699,6,100,100
false_end_1,false,end,1,130510,1494936,attack,12,encoder_block_12,3.522890090942383,6,100,100
false_end_1,false,end,1,131843,8305152,original,0,embedding,0.0451273918151855,81,100,100
false_end_1,false,end,1,131843,8305152,original,1,encoder_block_1,-0.4817818403244018,88,100,100
false_end_1,false,end,1,131843,8305152,original,2,encoder_block_2,-0.319859504699707,90,100,100
false_end_1,false,end,1,131843,8305152,original,3,encoder_block_3,-0.3433289527893066,92,100,100
false_end_1,false,end,1,131843,8305152,original,4,encoder_block_4,-0.2720351219177246,91,100,100
false_end_1,false,end,1,131843,8305152,original,5,encoder_block_5,-0.0504491329193115,91,100,100
false_end_1,false,end,1,131843,8305152,original,6,encoder_block_6,0.1368653774261474,84,100,100
false_end_1,false,end,1,131843,8305152,original,7,encoder_block_7,0.0036597251892089,85,100,100
false_end_1,false,end,1,131843,8305152,original,8,encoder_block_8,0.1005210876464843,58,100,100
false_end_1,false,end,1,131843,8305152,original,9,encoder_block_9,0.5894267559051514,22,100,100
false_end_1,false,end,1,131843,8305152,original,10,encoder_block_10,1.3263812065124512,1,100,100
false_end_1,false,end,1,131843,8305152,original,11,encoder_block_11,3.336597442626953,1,100,100
false_end_1,false,end,1,131843,8305152,original,12,encoder_block_12,6.186569213867188,1,100,100
false_end_1,false,end,1,131843,8305152,padded_control,0,embedding,0.0451273918151855,81,100,100
false_end_1,false,end,1,131843,8305152,padded_control,1,encoder_block_1,-0.4795653820037842,88,100,100
false_end_1,false,end,1,131843,8305152,padded_control,2,encoder_block_2,-0.3201849460601806,90,100,100
false_end_1,false,end,1,131843,8305152,padded_control,3,encoder_block_3,-0.339409589767456,92,100,100
false_end_1,false,end,1,131843,8305152,padded_control,4,encoder_block_4,-0.2729091644287109,91,100,100
false_end_1,false,end,1,131843,8305152,padded_control,5,encoder_block_5,-0.0499229431152343,91,100,100
false_end_1,false,end,1,131843,8305152,padded_control,6,encoder_block_6,0.1373598575592041,84,100,100
false_end_1,false,end,1,131843,8305152,padded_control,7,encoder_block_7,0.0036110877990722,85,100,100
false_end_1,false,end,1,131843,8305152,padded_control,8,encoder_block_8,0.1040289402008056,58,100,100
false_end_1,false,end,1,131843,8305152,padded_control,9,encoder_block_9,0.5994954109191895,22,100,100
false_end_1,false,end,1,131843,8305152,padded_control,10,encoder_block_10,1.3291492462158203,1,100,100
false_end_1,false,end,1,131843,8305152,padded_control,11,encoder_block_11,3.3446106910705566,1,100,100
false_end_1,false,end,1,131843,8305152,padded_control,12,encoder_block_12,6.183062553405762,1,100,100
false_end_1,false,end,1,131843,8305152,attack,0,embedding,-0.0538949966430664,86,100,100
false_end_1,false,end,1,131843,8305152,attack,1,encoder_block_1,-0.5729955434799194,89,100,100
false_end_1,false,end,1,131843,8305152,attack,2,encoder_block_2,-0.4466214179992676,95,100,100
false_end_1,false,end,1,131843,8305152,attack,3,encoder_block_3,-0.5203793048858643,99,100,100
false_end_1,false,end,1,131843,8305152,attack,4,encoder_block_4,-0.4674340486526489,99,100,100
false_end_1,false,end,1,131843,8305152,attack,5,encoder_block_5,-0.2322495579719543,93,100,100
false_end_1,false,end,1,131843,8305152,attack,6,encoder_block_6,-0.0255252718925476,92,100,100
false_end_1,false,end,1,131843,8305152,attack,7,encoder_block_7,-0.1277461647987365,93,100,100
false_end_1,false,end,1,131843,8305152,attack,8,encoder_block_8,0.0415496826171875,71,100,100
false_end_1,false,end,1,131843,8305152,attack,9,encoder_block_9,0.4949252605438232,27,100,100
false_end_1,false,end,1,131843,8305152,attack,10,encoder_block_10,1.2599983215332031,1,100,100
false_end_1,false,end,1,131843,8305152,attack,11,encoder_block_11,3.31913423538208,1,100,100
false_end_1,false,end,1,131843,8305152,attack,12,encoder_block_12,6.125303268432617,1,100,100
false_end_1,false,end,1,146187,8434626,original,0,embedding,0.8186893463134766,34,100,100
false_end_1,false,end,1,146187,8434626,original,1,encoder_block_1,0.8562822341918945,22,100,100
false_end_1,false,end,1,146187,8434626,original,2,encoder_block_2,0.9611597061157228,24,100,100
false_end_1,false,end,1,146187,8434626,original,3,encoder_block_3,1.1117756366729736,21,100,100
false_end_1,false,end,1,146187,8434626,original,4,encoder_block_4,1.28155779838562,17,100,100
false_end_1,false,end,1,146187,8434626,original,5,encoder_block_5,1.2142610549926758,11,100,100
false_end_1,false,end,1,146187,8434626,original,6,encoder_block_6,1.2386045455932615,12,100,100
false_end_1,false,end,1,146187,8434626,original,7,encoder_block_7,1.1996808052062988,15,100,100
false_end_1,false,end,1,146187,8434626,original,8,encoder_block_8,1.1204800605773926,16,100,100
false_end_1,false,end,1,146187,8434626,original,9,encoder_block_9,1.163987159729004,22,100,100
false_end_1,false,end,1,146187,8434626,original,10,encoder_block_10,0.9799554347991944,12,100,100
false_end_1,false,end,1,146187,8434626,original,11,encoder_block_11,1.9088294506073,11,100,100
false_end_1,false,end,1,146187,8434626,original,12,encoder_block_12,2.198522448539734,13,100,100
false_end_1,false,end,1,146187,8434626,padded_control,0,embedding,0.818688154220581,34,100,100
false_end_1,false,end,1,146187,8434626,padded_control,1,encoder_block_1,0.8630423545837402,22,100,100
false_end_1,false,end,1,146187,8434626,padded_control,2,encoder_block_2,0.9612064361572266,24,100,100
false_end_1,false,end,1,146187,8434626,padded_control,3,encoder_block_3,1.1111915111541748,21,100,100
false_end_1,false,end,1,146187,8434626,padded_control,4,encoder_block_4,1.2778327465057373,17,100,100
false_end_1,false,end,1,146187,8434626,padded_control,5,encoder_block_5,1.2115070819854736,11,100,100
false_end_1,false,end,1,146187,8434626,padded_control,6,encoder_block_6,1.235665798187256,12,100,100
false_end_1,false,end,1,146187,8434626,padded_control,7,encoder_block_7,1.1989498138427734,15,100,100
false_end_1,false,end,1,146187,8434626,padded_control,8,encoder_block_8,1.1211483478546145,16,100,100
false_end_1,false,end,1,146187,8434626,padded_control,9,encoder_block_9,1.163288116455078,22,100,100
false_end_1,false,end,1,146187,8434626,padded_control,10,encoder_block_10,0.9690709114074708,13,100,100
false_end_1,false,end,1,146187,8434626,padded_control,11,encoder_block_11,1.89593243598938,11,100,100
false_end_1,false,end,1,146187,8434626,padded_control,12,encoder_block_12,2.1685882806777954,13,100,100
false_end_1,false,end,1,146187,8434626,attack,0,embedding,0.7140548229217529,44,100,100
false_end_1,false,end,1,146187,8434626,attack,1,encoder_block_1,0.6845245361328125,40,100,100
false_end_1,false,end,1,146187,8434626,attack,2,encoder_block_2,0.7430634498596191,45,100,100
false_end_1,false,end,1,146187,8434626,attack,3,encoder_block_3,0.8546082973480225,42,100,100
false_end_1,false,end,1,146187,8434626,attack,4,encoder_block_4,1.0461130142211914,33,100,100
false_end_1,false,end,1,146187,8434626,attack,5,encoder_block_5,1.0140504837036133,29,100,100
false_end_1,false,end,1,146187,8434626,attack,6,encoder_block_6,1.057559847831726,29,100,100
false_end_1,false,end,1,146187,8434626,attack,7,encoder_block_7,1.0481576919555664,29,100,100
false_end_1,false,end,1,146187,8434626,attack,8,encoder_block_8,1.0711891651153564,21,100,100
false_end_1,false,end,1,146187,8434626,attack,9,encoder_block_9,1.105560064315796,28,100,100
false_end_1,false,end,1,146187,8434626,attack,10,encoder_block_10,0.9422369003295898,14,100,100
false_end_1,false,end,1,146187,8434626,attack,11,encoder_block_11,1.947030782699585,11,100,100
false_end_1,false,end,1,146187,8434626,attack,12,encoder_block_12,2.227672815322876,12,100,100
false_end_1,false,end,1,148538,8181574,original,0,embedding,0.0338578224182128,76,100,100
false_end_1,false,end,1,148538,8181574,original,1,encoder_block_1,0.480750560760498,31,100,100
false_end_1,false,end,1,148538,8181574,original,2,encoder_block_2,0.889561653137207,27,100,100
false_end_1,false,end,1,148538,8181574,original,3,encoder_block_3,1.1115541458129885,17,100,100
false_end_1,false,end,1,148538,8181574,original,4,encoder_block_4,1.146008014678955,23,100,100
false_end_1,false,end,1,148538,8181574,original,5,encoder_block_5,1.0081357955932615,26,100,100
false_end_1,false,end,1,148538,8181574,original,6,encoder_block_6,1.0072407722473145,29,100,100
false_end_1,false,end,1,148538,8181574,original,7,encoder_block_7,1.0733280181884766,19,100,100
false_end_1,false,end,1,148538,8181574,original,8,encoder_block_8,1.1593351364135742,21,100,100
false_end_1,false,end,1,148538,8181574,original,9,encoder_block_9,1.2307915687561035,36,100,100
false_end_1,false,end,1,148538,8181574,original,10,encoder_block_10,0.1248464584350586,80,100,100
false_end_1,false,end,1,148538,8181574,original,11,encoder_block_11,-1.7904731035232544,98,100,100
false_end_1,false,end,1,148538,8181574,original,12,encoder_block_12,-11.936710357666016,98,100,100
false_end_1,false,end,1,148538,8181574,padded_control,0,embedding,0.033858299255371,76,100,100
false_end_1,false,end,1,148538,8181574,padded_control,1,encoder_block_1,0.4882063865661621,31,100,100
false_end_1,false,end,1,148538,8181574,padded_control,2,encoder_block_2,0.8950567245483398,27,100,100
false_end_1,false,end,1,148538,8181574,padded_control,3,encoder_block_3,1.1188907623291016,16,100,100
false_end_1,false,end,1,148538,8181574,padded_control,4,encoder_block_4,1.1538362503051758,23,100,100
false_end_1,false,end,1,148538,8181574,padded_control,5,encoder_block_5,1.0157780647277832,25,100,100
false_end_1,false,end,1,148538,8181574,padded_control,6,encoder_block_6,1.0152721405029297,27,100,100
false_end_1,false,end,1,148538,8181574,padded_control,7,encoder_block_7,1.0793967247009275,19,100,100
false_end_1,false,end,1,148538,8181574,padded_control,8,encoder_block_8,1.1697406768798828,19,100,100
false_end_1,false,end,1,148538,8181574,padded_control,9,encoder_block_9,1.2448797225952148,32,100,100
false_end_1,false,end,1,148538,8181574,padded_control,10,encoder_block_10,0.132218599319458,77,100,100
false_end_1,false,end,1,148538,8181574,padded_control,11,encoder_block_11,-1.7845195531845093,98,100,100
false_end_1,false,end,1,148538,8181574,padded_control,12,encoder_block_12,-11.934022903442385,98,100,100
false_end_1,false,end,1,148538,8181574,attack,0,embedding,-0.0367546081542968,84,100,100
false_end_1,false,end,1,148538,8181574,attack,1,encoder_block_1,0.3642334938049316,41,100,100
false_end_1,false,end,1,148538,8181574,attack,2,encoder_block_2,0.7125649452209473,43,100,100
false_end_1,false,end,1,148538,8181574,attack,3,encoder_block_3,0.8477230072021484,39,100,100
false_end_1,false,end,1,148538,8181574,attack,4,encoder_block_4,0.8532748222351074,55,100,100
false_end_1,false,end,1,148538,8181574,attack,5,encoder_block_5,0.8056564331054688,48,100,100
false_end_1,false,end,1,148538,8181574,attack,6,encoder_block_6,0.8363490104675293,58,100,100
false_end_1,false,end,1,148538,8181574,attack,7,encoder_block_7,0.9196209907531738,38,100,100
false_end_1,false,end,1,148538,8181574,attack,8,encoder_block_8,1.075838565826416,31,100,100
false_end_1,false,end,1,148538,8181574,attack,9,encoder_block_9,1.1748487949371338,44,100,100
false_end_1,false,end,1,148538,8181574,attack,10,encoder_block_10,0.124152660369873,80,100,100
false_end_1,false,end,1,148538,8181574,attack,11,encoder_block_11,-1.7732892036437988,98,100,100
false_end_1,false,end,1,148538,8181574,attack,12,encoder_block_12,-11.937942504882812,98,100,100
false_end_1,false,end,1,156493,2411918,original,0,embedding,0.6322650909423828,94,100,100
false_end_1,false,end,1,156493,2411918,original,1,encoder_block_1,1.3086433410644531,34,100,100
false_end_1,false,end,1,156493,2411918,original,2,encoder_block_2,1.3716647624969482,27,100,100
false_end_1,false,end,1,156493,2411918,original,3,encoder_block_3,1.3721928596496582,31,100,100
false_end_1,false,end,1,156493,2411918,original,4,encoder_block_4,1.5484943389892578,23,100,100
false_end_1,false,end,1,156493,2411918,original,5,encoder_block_5,1.7920410633087158,15,100,100
false_end_1,false,end,1,156493,2411918,original,6,encoder_block_6,1.719512939453125,15,100,100
false_end_1,false,end,1,156493,2411918,original,7,encoder_block_7,1.8959312438964844,12,100,100
false_end_1,false,end,1,156493,2411918,original,8,encoder_block_8,1.911412000656128,8,100,100
false_end_1,false,end,1,156493,2411918,original,9,encoder_block_9,1.913116693496704,11,100,100
false_end_1,false,end,1,156493,2411918,original,10,encoder_block_10,1.790907382965088,8,100,100
false_end_1,false,end,1,156493,2411918,original,11,encoder_block_11,2.6601219177246094,9,100,100
false_end_1,false,end,1,156493,2411918,original,12,encoder_block_12,1.821057140827179,53,100,100
false_end_1,false,end,1,156493,2411918,padded_control,0,embedding,0.6322660446166992,94,100,100
false_end_1,false,end,1,156493,2411918,padded_control,1,encoder_block_1,1.3109097480773926,34,100,100
false_end_1,false,end,1,156493,2411918,padded_control,2,encoder_block_2,1.3723106384277344,27,100,100
false_end_1,false,end,1,156493,2411918,padded_control,3,encoder_block_3,1.372654914855957,31,100,100
false_end_1,false,end,1,156493,2411918,padded_control,4,encoder_block_4,1.547696828842163,23,100,100
false_end_1,false,end,1,156493,2411918,padded_control,5,encoder_block_5,1.791287899017334,15,100,100
false_end_1,false,end,1,156493,2411918,padded_control,6,encoder_block_6,1.719339370727539,15,100,100
false_end_1,false,end,1,156493,2411918,padded_control,7,encoder_block_7,1.8950128555297847,12,100,100
false_end_1,false,end,1,156493,2411918,padded_control,8,encoder_block_8,1.910193920135498,8,100,100
false_end_1,false,end,1,156493,2411918,padded_control,9,encoder_block_9,1.911036252975464,11,100,100
false_end_1,false,end,1,156493,2411918,padded_control,10,encoder_block_10,1.7826542854309082,10,100,100
false_end_1,false,end,1,156493,2411918,padded_control,11,encoder_block_11,2.650395393371582,11,100,100
false_end_1,false,end,1,156493,2411918,padded_control,12,encoder_block_12,1.818421721458435,53,100,100
false_end_1,false,end,1,156493,2411918,attack,0,embedding,0.5579037666320801,96,100,100
false_end_1,false,end,1,156493,2411918,attack,1,encoder_block_1,1.194608211517334,50,100,100
false_end_1,false,end,1,156493,2411918,attack,2,encoder_block_2,1.2244150638580322,39,100,100
false_end_1,false,end,1,156493,2411918,attack,3,encoder_block_3,1.180346965789795,52,100,100
false_end_1,false,end,1,156493,2411918,attack,4,encoder_block_4,1.3355194330215454,39,100,100
false_end_1,false,end,1,156493,2411918,attack,5,encoder_block_5,1.572587490081787,23,100,100
false_end_1,false,end,1,156493,2411918,attack,6,encoder_block_6,1.5337588787078855,20,100,100
false_end_1,false,end,1,156493,2411918,attack,7,encoder_block_7,1.7222142219543457,16,100,100
false_end_1,false,end,1,156493,2411918,attack,8,encoder_block_8,1.839195966720581,14,100,100
false_end_1,false,end,1,156493,2411918,attack,9,encoder_block_9,1.8220174312591555,18,100,100
false_end_1,false,end,1,156493,2411918,attack,10,encoder_block_10,1.7223758697509766,14,100,100
false_end_1,false,end,1,156493,2411918,attack,11,encoder_block_11,2.6263890266418457,15,100,100
false_end_1,false,end,1,156493,2411918,attack,12,encoder_block_12,1.829231083393097,53,100,100
false_end_1,false,end,1,168216,3174840,original,0,embedding,-0.6338040828704834,99,100,100
false_end_1,false,end,1,168216,3174840,original,1,encoder_block_1,-0.3851568698883056,74,100,100
false_end_1,false,end,1,168216,3174840,original,2,encoder_block_2,-0.2682242393493652,75,100,100
false_end_1,false,end,1,168216,3174840,original,3,encoder_block_3,0.0878183841705322,43,100,100
false_end_1,false,end,1,168216,3174840,original,4,encoder_block_4,0.1511220932006836,32,100,100
false_end_1,false,end,1,168216,3174840,original,5,encoder_block_5,0.0719380378723144,36,100,100
false_end_1,false,end,1,168216,3174840,original,6,encoder_block_6,0.048872947692871,36,100,100
false_end_1,false,end,1,168216,3174840,original,7,encoder_block_7,0.1533160209655761,35,100,100
false_end_1,false,end,1,168216,3174840,original,8,encoder_block_8,0.1931724548339843,29,100,100
false_end_1,false,end,1,168216,3174840,original,9,encoder_block_9,0.5074460506439209,15,100,100
false_end_1,false,end,1,168216,3174840,original,10,encoder_block_10,0.6587412357330322,6,100,100
false_end_1,false,end,1,168216,3174840,original,11,encoder_block_11,1.8547282218933103,7,100,100
false_end_1,false,end,1,168216,3174840,original,12,encoder_block_12,3.076498985290528,58,100,100
false_end_1,false,end,1,168216,3174840,padded_control,0,embedding,-0.6338036060333252,99,100,100
false_end_1,false,end,1,168216,3174840,padded_control,1,encoder_block_1,-0.3842127323150635,74,100,100
false_end_1,false,end,1,168216,3174840,padded_control,2,encoder_block_2,-0.2669272422790527,75,100,100
false_end_1,false,end,1,168216,3174840,padded_control,3,encoder_block_3,0.0871622562408447,43,100,100
false_end_1,false,end,1,168216,3174840,padded_control,4,encoder_block_4,0.1488018035888672,32,100,100
false_end_1,false,end,1,168216,3174840,padded_control,5,encoder_block_5,0.068650484085083,36,100,100
false_end_1,false,end,1,168216,3174840,padded_control,6,encoder_block_6,0.0447344779968261,36,100,100
false_end_1,false,end,1,168216,3174840,padded_control,7,encoder_block_7,0.1497933864593505,35,100,100
false_end_1,false,end,1,168216,3174840,padded_control,8,encoder_block_8,0.1884741783142089,29,100,100
false_end_1,false,end,1,168216,3174840,padded_control,9,encoder_block_9,0.5015873908996582,15,100,100
false_end_1,false,end,1,168216,3174840,padded_control,10,encoder_block_10,0.6485791206359863,6,100,100
false_end_1,false,end,1,168216,3174840,padded_control,11,encoder_block_11,1.85125994682312,7,100,100
false_end_1,false,end,1,168216,3174840,padded_control,12,encoder_block_12,3.068218231201172,58,100,100
false_end_1,false,end,1,168216,3174840,attack,0,embedding,-0.680992841720581,99,100,100
false_end_1,false,end,1,168216,3174840,attack,1,encoder_block_1,-0.4615154266357422,80,100,100
false_end_1,false,end,1,168216,3174840,attack,2,encoder_block_2,-0.3631720542907715,87,100,100
false_end_1,false,end,1,168216,3174840,attack,3,encoder_block_3,-0.046267032623291,64,100,100
false_end_1,false,end,1,168216,3174840,attack,4,encoder_block_4,0.0119235515594482,43,100,100
false_end_1,false,end,1,168216,3174840,attack,5,encoder_block_5,-0.0431544780731201,51,100,100
false_end_1,false,end,1,168216,3174840,attack,6,encoder_block_6,-0.0332823991775512,49,100,100
false_end_1,false,end,1,168216,3174840,attack,7,encoder_block_7,0.0750057697296142,40,100,100
false_end_1,false,end,1,168216,3174840,attack,8,encoder_block_8,0.1578863859176635,33,100,100
false_end_1,false,end,1,168216,3174840,attack,9,encoder_block_9,0.4403302669525146,22,100,100
false_end_1,false,end,1,168216,3174840,attack,10,encoder_block_10,0.5956120491027832,10,100,100
false_end_1,false,end,1,168216,3174840,attack,11,encoder_block_11,1.8290956020355225,7,100,100
false_end_1,false,end,1,168216,3174840,attack,12,encoder_block_12,3.005251407623291,59,100,100
false_end_1,false,end,1,182539,57443,original,0,embedding,0.2522985935211181,55,100,100
false_end_1,false,end,1,182539,57443,original,1,encoder_block_1,-0.1243147850036621,67,100,100
false_end_1,false,end,1,182539,57443,original,2,encoder_block_2,0.010246992111206,69,100,100
false_end_1,false,end,1,182539,57443,original,3,encoder_block_3,0.0935795307159423,50,100,100
false_end_1,false,end,1,182539,57443,original,4,encoder_block_4,0.1608998775482177,51,100,100
false_end_1,false,end,1,182539,57443,original,5,encoder_block_5,0.3986899852752685,38,100,100
false_end_1,false,end,1,182539,57443,original,6,encoder_block_6,0.3436722755432129,37,100,100
false_end_1,false,end,1,182539,57443,original,7,encoder_block_7,0.4343082904815674,29,100,100
false_end_1,false,end,1,182539,57443,original,8,encoder_block_8,0.6768031120300293,15,100,100
false_end_1,false,end,1,182539,57443,original,9,encoder_block_9,0.8573448657989502,10,100,100
false_end_1,false,end,1,182539,57443,original,10,encoder_block_10,1.3166866302490234,2,100,100
false_end_1,false,end,1,182539,57443,original,11,encoder_block_11,2.9638657569885254,1,100,100
false_end_1,false,end,1,182539,57443,original,12,encoder_block_12,5.838619232177734,1,100,100
false_end_1,false,end,1,182539,57443,padded_control,0,embedding,0.2522981166839599,55,100,100
false_end_1,false,end,1,182539,57443,padded_control,1,encoder_block_1,-0.1277635097503662,67,100,100
false_end_1,false,end,1,182539,57443,padded_control,2,encoder_block_2,0.0050833225250244,69,100,100
false_end_1,false,end,1,182539,57443,padded_control,3,encoder_block_3,0.0906739234924316,50,100,100
false_end_1,false,end,1,182539,57443,padded_control,4,encoder_block_4,0.1574079990386963,52,100,100
false_end_1,false,end,1,182539,57443,padded_control,5,encoder_block_5,0.3961572647094726,38,100,100
false_end_1,false,end,1,182539,57443,padded_control,6,encoder_block_6,0.3401541709899902,37,100,100
false_end_1,false,end,1,182539,57443,padded_control,7,encoder_block_7,0.4328035116195678,29,100,100
false_end_1,false,end,1,182539,57443,padded_control,8,encoder_block_8,0.6774446964263916,15,100,100
false_end_1,false,end,1,182539,57443,padded_control,9,encoder_block_9,0.8556057214736938,10,100,100
false_end_1,false,end,1,182539,57443,padded_control,10,encoder_block_10,1.314531326293945,2,100,100
false_end_1,false,end,1,182539,57443,padded_control,11,encoder_block_11,2.9759116172790527,1,100,100
false_end_1,false,end,1,182539,57443,padded_control,12,encoder_block_12,5.836833953857422,1,100,100
false_end_1,false,end,1,182539,57443,attack,0,embedding,0.187701940536499,63,100,100
false_end_1,false,end,1,182539,57443,attack,1,encoder_block_1,-0.2221665382385254,76,100,100
false_end_1,false,end,1,182539,57443,attack,2,encoder_block_2,-0.1098461151123046,77,100,100
false_end_1,false,end,1,182539,57443,attack,3,encoder_block_3,-0.0478656291961669,63,100,100
false_end_1,false,end,1,182539,57443,attack,4,encoder_block_4,0.0088000297546386,62,100,100
false_end_1,false,end,1,182539,57443,attack,5,encoder_block_5,0.2387675642967224,54,100,100
false_end_1,false,end,1,182539,57443,attack,6,encoder_block_6,0.1940441131591797,50,100,100
false_end_1,false,end,1,182539,57443,attack,7,encoder_block_7,0.3105800151824951,41,100,100
false_end_1,false,end,1,182539,57443,attack,8,encoder_block_8,0.5976359844207764,21,100,100
false_end_1,false,end,1,182539,57443,attack,9,encoder_block_9,0.7688624858856201,13,100,100
false_end_1,false,end,1,182539,57443,attack,10,encoder_block_10,1.2371180057525637,3,100,100
false_end_1,false,end,1,182539,57443,attack,11,encoder_block_11,2.98530912399292,1,100,100
false_end_1,false,end,1,182539,57443,attack,12,encoder_block_12,5.869376182556152,1,100,100
false_end_1,false,end,1,183378,5040199,original,0,embedding,-0.0865340232849121,96,100,100
false_end_1,false,end,1,183378,5040199,original,1,encoder_block_1,-0.0381965637207031,91,100,100
false_end_1,false,end,1,183378,5040199,original,2,encoder_block_2,-0.062957763671875,89,100,100
false_end_1,false,end,1,183378,5040199,original,3,encoder_block_3,0.1655235290527343,54,100,100
false_end_1,false,end,1,183378,5040199,original,4,encoder_block_4,0.5493338108062744,24,100,100
false_end_1,false,end,1,183378,5040199,original,5,encoder_block_5,0.523047924041748,24,100,100
false_end_1,false,end,1,183378,5040199,original,6,encoder_block_6,0.4046578407287597,28,100,100
false_end_1,false,end,1,183378,5040199,original,7,encoder_block_7,0.5678186416625977,25,100,100
false_end_1,false,end,1,183378,5040199,original,8,encoder_block_8,0.4849131107330322,32,100,100
false_end_1,false,end,1,183378,5040199,original,9,encoder_block_9,0.664161205291748,29,100,100
false_end_1,false,end,1,183378,5040199,original,10,encoder_block_10,0.4862463474273681,36,100,100
false_end_1,false,end,1,183378,5040199,original,11,encoder_block_11,-1.16389799118042,63,100,100
false_end_1,false,end,1,183378,5040199,original,12,encoder_block_12,-11.67852783203125,73,100,100
false_end_1,false,end,1,183378,5040199,padded_control,0,embedding,-0.0865345001220703,96,100,100
false_end_1,false,end,1,183378,5040199,padded_control,1,encoder_block_1,-0.0350680351257324,90,100,100
false_end_1,false,end,1,183378,5040199,padded_control,2,encoder_block_2,-0.0606117248535156,89,100,100
false_end_1,false,end,1,183378,5040199,padded_control,3,encoder_block_3,0.1703882217407226,54,100,100
false_end_1,false,end,1,183378,5040199,padded_control,4,encoder_block_4,0.5535955429077148,24,100,100
false_end_1,false,end,1,183378,5040199,padded_control,5,encoder_block_5,0.5249848365783691,24,100,100
false_end_1,false,end,1,183378,5040199,padded_control,6,encoder_block_6,0.4038271903991699,28,100,100
false_end_1,false,end,1,183378,5040199,padded_control,7,encoder_block_7,0.5664033889770508,25,100,100
false_end_1,false,end,1,183378,5040199,padded_control,8,encoder_block_8,0.4837608337402344,32,100,100
false_end_1,false,end,1,183378,5040199,padded_control,9,encoder_block_9,0.6625914573669434,29,100,100
false_end_1,false,end,1,183378,5040199,padded_control,10,encoder_block_10,0.4797830581665039,36,100,100
false_end_1,false,end,1,183378,5040199,padded_control,11,encoder_block_11,-1.1835037469863892,64,100,100
false_end_1,false,end,1,183378,5040199,padded_control,12,encoder_block_12,-11.688335418701172,73,100,100
false_end_1,false,end,1,183378,5040199,attack,0,embedding,-0.1878261566162109,98,100,100
false_end_1,false,end,1,183378,5040199,attack,1,encoder_block_1,-0.1258077621459961,95,100,100
false_end_1,false,end,1,183378,5040199,attack,2,encoder_block_2,-0.1610293388366699,96,100,100
false_end_1,false,end,1,183378,5040199,attack,3,encoder_block_3,0.0513854026794433,68,100,100
false_end_1,false,end,1,183378,5040199,attack,4,encoder_block_4,0.4053592681884765,38,100,100
false_end_1,false,end,1,183378,5040199,attack,5,encoder_block_5,0.3760490417480469,37,100,100
false_end_1,false,end,1,183378,5040199,attack,6,encoder_block_6,0.2872278690338135,44,100,100
false_end_1,false,end,1,183378,5040199,attack,7,encoder_block_7,0.4635434150695801,29,100,100
false_end_1,false,end,1,183378,5040199,attack,8,encoder_block_8,0.4324235916137695,36,100,100
false_end_1,false,end,1,183378,5040199,attack,9,encoder_block_9,0.5827069282531738,35,100,100
false_end_1,false,end,1,183378,5040199,attack,10,encoder_block_10,0.4385473728179931,38,100,100
false_end_1,false,end,1,183378,5040199,attack,11,encoder_block_11,-1.0899787843227386,62,100,100
false_end_1,false,end,1,183378,5040199,attack,12,encoder_block_12,-11.594734191894531,71,100,100
false_end_1,false,end,1,19335,8412684,original,0,embedding,0.4543437957763672,87,100,100
false_end_1,false,end,1,19335,8412684,original,1,encoder_block_1,0.575559139251709,83,100,100
false_end_1,false,end,1,19335,8412684,original,2,encoder_block_2,0.7931208610534668,89,100,100
false_end_1,false,end,1,19335,8412684,original,3,encoder_block_3,0.6508738994598389,94,100,100
false_end_1,false,end,1,19335,8412684,original,4,encoder_block_4,0.728416919708252,89,100,100
false_end_1,false,end,1,19335,8412684,original,5,encoder_block_5,0.7303013801574707,86,100,100
false_end_1,false,end,1,19335,8412684,original,6,encoder_block_6,0.867795467376709,67,100,100
false_end_1,false,end,1,19335,8412684,original,7,encoder_block_7,1.1068263053894043,37,100,100
false_end_1,false,end,1,19335,8412684,original,8,encoder_block_8,1.3754048347473145,17,100,100
false_end_1,false,end,1,19335,8412684,original,9,encoder_block_9,1.2622122764587402,24,100,100
false_end_1,false,end,1,19335,8412684,original,10,encoder_block_10,1.2494158744812012,19,100,100
false_end_1,false,end,1,19335,8412684,original,11,encoder_block_11,1.8081707954406736,9,100,100
false_end_1,false,end,1,19335,8412684,original,12,encoder_block_12,2.0300610661506653,7,100,100
false_end_1,false,end,1,19335,8412684,padded_control,0,embedding,0.4543437957763672,87,100,100
false_end_1,false,end,1,19335,8412684,padded_control,1,encoder_block_1,0.5767154693603516,83,100,100
false_end_1,false,end,1,19335,8412684,padded_control,2,encoder_block_2,0.7953701019287109,89,100,100
false_end_1,false,end,1,19335,8412684,padded_control,3,encoder_block_3,0.648944616317749,94,100,100
false_end_1,false,end,1,19335,8412684,padded_control,4,encoder_block_4,0.72613525390625,89,100,100
false_end_1,false,end,1,19335,8412684,padded_control,5,encoder_block_5,0.7265458106994629,87,100,100
false_end_1,false,end,1,19335,8412684,padded_control,6,encoder_block_6,0.8677380084991455,67,100,100
false_end_1,false,end,1,19335,8412684,padded_control,7,encoder_block_7,1.1082510948181152,36,100,100
false_end_1,false,end,1,19335,8412684,padded_control,8,encoder_block_8,1.375896692276001,17,100,100
false_end_1,false,end,1,19335,8412684,padded_control,9,encoder_block_9,1.2574725151062012,24,100,100
false_end_1,false,end,1,19335,8412684,padded_control,10,encoder_block_10,1.2416770458221436,20,100,100
false_end_1,false,end,1,19335,8412684,padded_control,11,encoder_block_11,1.8025705814361568,9,100,100
false_end_1,false,end,1,19335,8412684,padded_control,12,encoder_block_12,2.037329077720642,7,100,100
false_end_1,false,end,1,19335,8412684,attack,0,embedding,0.3311467170715332,90,100,100
false_end_1,false,end,1,19335,8412684,attack,1,encoder_block_1,0.4167065620422363,96,100,100
false_end_1,false,end,1,19335,8412684,attack,2,encoder_block_2,0.6057040691375732,97,100,100
false_end_1,false,end,1,19335,8412684,attack,3,encoder_block_3,0.3744428157806396,99,100,100
false_end_1,false,end,1,19335,8412684,attack,4,encoder_block_4,0.3857073783874511,99,100,100
false_end_1,false,end,1,19335,8412684,attack,5,encoder_block_5,0.4606931209564209,99,100,100
false_end_1,false,end,1,19335,8412684,attack,6,encoder_block_6,0.645632266998291,96,100,100
false_end_1,false,end,1,19335,8412684,attack,7,encoder_block_7,0.9110946655273438,64,100,100
false_end_1,false,end,1,19335,8412684,attack,8,encoder_block_8,1.272460699081421,22,100,100
false_end_1,false,end,1,19335,8412684,attack,9,encoder_block_9,1.1405515670776367,33,100,100
false_end_1,false,end,1,19335,8412684,attack,10,encoder_block_10,1.19035005569458,24,100,100
false_end_1,false,end,1,19335,8412684,attack,11,encoder_block_11,1.8203227519989011,9,100,100
false_end_1,false,end,1,19335,8412684,attack,12,encoder_block_12,1.90104079246521,8,100,100
false_end_1,false,end,1,207786,2998723,original,0,embedding,0.3694686889648437,74,100,100
false_end_1,false,end,1,207786,2998723,original,1,encoder_block_1,0.0717597007751464,74,100,100
false_end_1,false,end,1,207786,2998723,original,2,encoder_block_2,0.1014332771301269,75,100,100
false_end_1,false,end,1,207786,2998723,original,3,encoder_block_3,0.098642349243164,73,100,100
false_end_1,false,end,1,207786,2998723,original,4,encoder_block_4,0.3614974021911621,50,100,100
false_end_1,false,end,1,207786,2998723,original,5,encoder_block_5,0.3733158111572265,40,100,100
false_end_1,false,end,1,207786,2998723,original,6,encoder_block_6,0.4203805923461914,34,100,100
false_end_1,false,end,1,207786,2998723,original,7,encoder_block_7,0.7421231269836426,22,100,100
false_end_1,false,end,1,207786,2998723,original,8,encoder_block_8,0.6411762237548828,27,100,100
false_end_1,false,end,1,207786,2998723,original,9,encoder_block_9,1.066925048828125,4,100,100
false_end_1,false,end,1,207786,2998723,original,10,encoder_block_10,1.058253288269043,2,100,100
false_end_1,false,end,1,207786,2998723,original,11,encoder_block_11,1.316877841949463,11,100,100
false_end_1,false,end,1,207786,2998723,original,12,encoder_block_12,-4.207484245300293,22,100,100
false_end_1,false,end,1,207786,2998723,padded_control,0,embedding,0.3694691658020019,74,100,100
false_end_1,false,end,1,207786,2998723,padded_control,1,encoder_block_1,0.0724258422851562,74,100,100
false_end_1,false,end,1,207786,2998723,padded_control,2,encoder_block_2,0.1032967567443847,75,100,100
false_end_1,false,end,1,207786,2998723,padded_control,3,encoder_block_3,0.1002998352050781,73,100,100
false_end_1,false,end,1,207786,2998723,padded_control,4,encoder_block_4,0.3623671531677246,50,100,100
false_end_1,false,end,1,207786,2998723,padded_control,5,encoder_block_5,0.374277114868164,40,100,100
false_end_1,false,end,1,207786,2998723,padded_control,6,encoder_block_6,0.4199380874633789,34,100,100
false_end_1,false,end,1,207786,2998723,padded_control,7,encoder_block_7,0.7410616874694824,22,100,100
false_end_1,false,end,1,207786,2998723,padded_control,8,encoder_block_8,0.6397967338562012,27,100,100
false_end_1,false,end,1,207786,2998723,padded_control,9,encoder_block_9,1.0640473365783691,4,100,100
false_end_1,false,end,1,207786,2998723,padded_control,10,encoder_block_10,1.0511984825134275,2,100,100
false_end_1,false,end,1,207786,2998723,padded_control,11,encoder_block_11,1.302276849746704,11,100,100
false_end_1,false,end,1,207786,2998723,padded_control,12,encoder_block_12,-4.269183158874512,22,100,100
false_end_1,false,end,1,207786,2998723,attack,0,embedding,0.3283028602600097,82,100,100
false_end_1,false,end,1,207786,2998723,attack,1,encoder_block_1,0.0247249603271484,81,100,100
false_end_1,false,end,1,207786,2998723,attack,2,encoder_block_2,0.0403480529785156,82,100,100
false_end_1,false,end,1,207786,2998723,attack,3,encoder_block_3,-0.0140590667724609,86,100,100
false_end_1,false,end,1,207786,2998723,attack,4,encoder_block_4,0.2443828582763672,60,100,100
false_end_1,false,end,1,207786,2998723,attack,5,encoder_block_5,0.2694826126098633,50,100,100
false_end_1,false,end,1,207786,2998723,attack,6,encoder_block_6,0.3133139610290527,42,100,100
false_end_1,false,end,1,207786,2998723,attack,7,encoder_block_7,0.6403317451477051,30,100,100
false_end_1,false,end,1,207786,2998723,attack,8,encoder_block_8,0.5991172790527344,32,100,100
false_end_1,false,end,1,207786,2998723,attack,9,encoder_block_9,1.0146174430847168,9,100,100
false_end_1,false,end,1,207786,2998723,attack,10,encoder_block_10,1.0171830654144287,2,100,100
false_end_1,false,end,1,207786,2998723,attack,11,encoder_block_11,1.30165433883667,11,100,100
false_end_1,false,end,1,207786,2998723,attack,12,encoder_block_12,-4.332958698272705,22,100,100
false_end_1,false,end,1,264014,96854,original,0,embedding,0.4960722923278808,56,100,100
false_end_1,false,end,1,264014,96854,original,1,encoder_block_1,0.5599386692047119,48,100,100
false_end_1,false,end,1,264014,96854,original,2,encoder_block_2,0.6240677833557129,38,100,100
false_end_1,false,end,1,264014,96854,original,3,encoder_block_3,0.7548351287841797,25,100,100
false_end_1,false,end,1,264014,96854,original,4,encoder_block_4,1.0591216087341309,8,100,100
false_end_1,false,end,1,264014,96854,original,5,encoder_block_5,0.8237481117248535,15,100,100
false_end_1,false,end,1,264014,96854,original,6,encoder_block_6,0.6433764696121216,21,100,100
false_end_1,false,end,1,264014,96854,original,7,encoder_block_7,0.4834312200546264,42,100,100
false_end_1,false,end,1,264014,96854,original,8,encoder_block_8,0.5262037515640259,44,100,100
false_end_1,false,end,1,264014,96854,original,9,encoder_block_9,0.5817686319351196,42,100,100
false_end_1,false,end,1,264014,96854,original,10,encoder_block_10,0.2077465057373047,52,100,100
false_end_1,false,end,1,264014,96854,original,11,encoder_block_11,0.411893367767334,51,100,100
false_end_1,false,end,1,264014,96854,original,12,encoder_block_12,-0.4071947336196899,49,100,100
false_end_1,false,end,1,264014,96854,padded_control,0,embedding,0.4960720539093017,56,100,100
false_end_1,false,end,1,264014,96854,padded_control,1,encoder_block_1,0.5572609901428223,48,100,100
false_end_1,false,end,1,264014,96854,padded_control,2,encoder_block_2,0.6228809356689453,39,100,100
false_end_1,false,end,1,264014,96854,padded_control,3,encoder_block_3,0.7529013156890869,25,100,100
false_end_1,false,end,1,264014,96854,padded_control,4,encoder_block_4,1.0549254417419434,9,100,100
false_end_1,false,end,1,264014,96854,padded_control,5,encoder_block_5,0.821293830871582,15,100,100
false_end_1,false,end,1,264014,96854,padded_control,6,encoder_block_6,0.6415510177612305,21,100,100
false_end_1,false,end,1,264014,96854,padded_control,7,encoder_block_7,0.4832799434661865,42,100,100
false_end_1,false,end,1,264014,96854,padded_control,8,encoder_block_8,0.5241872072219849,44,100,100
false_end_1,false,end,1,264014,96854,padded_control,9,encoder_block_9,0.5804023742675781,43,100,100
false_end_1,false,end,1,264014,96854,padded_control,10,encoder_block_10,0.2039835453033447,53,100,100
false_end_1,false,end,1,264014,96854,padded_control,11,encoder_block_11,0.4122676849365234,51,100,100
false_end_1,false,end,1,264014,96854,padded_control,12,encoder_block_12,-0.3965753316879272,49,100,100
false_end_1,false,end,1,264014,96854,attack,0,embedding,0.4322755336761474,65,100,100
false_end_1,false,end,1,264014,96854,attack,1,encoder_block_1,0.4293291568756103,55,100,100
false_end_1,false,end,1,264014,96854,attack,2,encoder_block_2,0.5029962062835693,56,100,100
false_end_1,false,end,1,264014,96854,attack,3,encoder_block_3,0.6004951000213623,40,100,100
false_end_1,false,end,1,264014,96854,attack,4,encoder_block_4,0.859797477722168,24,100,100
false_end_1,false,end,1,264014,96854,attack,5,encoder_block_5,0.6519756317138672,28,100,100
false_end_1,false,end,1,264014,96854,attack,6,encoder_block_6,0.4966161251068115,34,100,100
false_end_1,false,end,1,264014,96854,attack,7,encoder_block_7,0.3828845024108886,53,100,100
false_end_1,false,end,1,264014,96854,attack,8,encoder_block_8,0.4781877994537353,47,100,100
false_end_1,false,end,1,264014,96854,attack,9,encoder_block_9,0.5167946815490723,45,100,100
false_end_1,false,end,1,264014,96854,attack,10,encoder_block_10,0.1760555505752563,54,100,100
false_end_1,false,end,1,264014,96854,attack,11,encoder_block_11,0.4151175022125244,51,100,100
false_end_1,false,end,1,264014,96854,attack,12,encoder_block_12,-0.5556750297546387,49,100,100
false_end_1,false,end,1,359349,68647,original,0,embedding,0.9057087898254396,50,100,100
false_end_1,false,end,1,359349,68647,original,1,encoder_block_1,1.212301254272461,26,100,100
false_end_1,false,end,1,359349,68647,original,2,encoder_block_2,1.292618751525879,16,100,100
false_end_1,false,end,1,359349,68647,original,3,encoder_block_3,1.3699212074279783,6,100,100
false_end_1,false,end,1,359349,68647,original,4,encoder_block_4,1.5148863792419434,5,100,100
false_end_1,false,end,1,359349,68647,original,5,encoder_block_5,1.420095443725586,11,100,100
false_end_1,false,end,1,359349,68647,original,6,encoder_block_6,1.35286283493042,9,100,100
false_end_1,false,end,1,359349,68647,original,7,encoder_block_7,1.3684884309768677,7,100,100
false_end_1,false,end,1,359349,68647,original,8,encoder_block_8,1.3052773475646973,3,100,100
false_end_1,false,end,1,359349,68647,original,9,encoder_block_9,1.481522560119629,3,100,100
false_end_1,false,end,1,359349,68647,original,10,encoder_block_10,1.5901272296905518,4,100,100
false_end_1,false,end,1,359349,68647,original,11,encoder_block_11,2.9360296726226807,4,100,100
false_end_1,false,end,1,359349,68647,original,12,encoder_block_12,4.283396720886231,10,100,100
false_end_1,false,end,1,359349,68647,padded_control,0,embedding,0.9057085514068604,50,100,100
false_end_1,false,end,1,359349,68647,padded_control,1,encoder_block_1,1.2108960151672363,26,100,100
false_end_1,false,end,1,359349,68647,padded_control,2,encoder_block_2,1.2897372245788574,16,100,100
false_end_1,false,end,1,359349,68647,padded_control,3,encoder_block_3,1.368244171142578,6,100,100
false_end_1,false,end,1,359349,68647,padded_control,4,encoder_block_4,1.515988826751709,5,100,100
false_end_1,false,end,1,359349,68647,padded_control,5,encoder_block_5,1.4204630851745603,11,100,100
false_end_1,false,end,1,359349,68647,padded_control,6,encoder_block_6,1.3529517650604248,9,100,100
false_end_1,false,end,1,359349,68647,padded_control,7,encoder_block_7,1.3696690797805786,7,100,100
false_end_1,false,end,1,359349,68647,padded_control,8,encoder_block_8,1.3052773475646973,3,100,100
false_end_1,false,end,1,359349,68647,padded_control,9,encoder_block_9,1.4845385551452637,3,100,100
false_end_1,false,end,1,359349,68647,padded_control,10,encoder_block_10,1.5920376777648926,4,100,100
false_end_1,false,end,1,359349,68647,padded_control,11,encoder_block_11,2.9352023601531982,4,100,100
false_end_1,false,end,1,359349,68647,padded_control,12,encoder_block_12,4.277101516723633,10,100,100
false_end_1,false,end,1,359349,68647,attack,0,embedding,0.8561339378356934,55,100,100
false_end_1,false,end,1,359349,68647,attack,1,encoder_block_1,1.1099863052368164,35,100,100
false_end_1,false,end,1,359349,68647,attack,2,encoder_block_2,1.1697909832000732,27,100,100
false_end_1,false,end,1,359349,68647,attack,3,encoder_block_3,1.2068095207214355,14,100,100
false_end_1,false,end,1,359349,68647,attack,4,encoder_block_4,1.3374013900756836,13,100,100
false_end_1,false,end,1,359349,68647,attack,5,encoder_block_5,1.2428609132766724,18,100,100
false_end_1,false,end,1,359349,68647,attack,6,encoder_block_6,1.218277931213379,14,100,100
false_end_1,false,end,1,359349,68647,attack,7,encoder_block_7,1.2719905376434326,11,100,100
false_end_1,false,end,1,359349,68647,attack,8,encoder_block_8,1.2481520175933838,6,100,100
false_end_1,false,end,1,359349,68647,attack,9,encoder_block_9,1.4256575107574463,4,100,100
false_end_1,false,end,1,359349,68647,attack,10,encoder_block_10,1.5311719179153442,4,100,100
false_end_1,false,end,1,359349,68647,attack,11,encoder_block_11,2.9330265522003174,4,100,100
false_end_1,false,end,1,359349,68647,attack,12,encoder_block_12,4.244487762451172,10,100,100
false_end_1,false,end,1,405717,2365660,original,0,embedding,0.9208202362060548,7,100,100
false_end_1,false,end,1,405717,2365660,original,1,encoder_block_1,0.866145133972168,6,100,100
false_end_1,false,end,1,405717,2365660,original,2,encoder_block_2,0.8222236633300781,14,100,100
false_end_1,false,end,1,405717,2365660,original,3,encoder_block_3,0.6500978469848633,26,100,100
false_end_1,false,end,1,405717,2365660,original,4,encoder_block_4,0.9415326118469238,15,100,100
false_end_1,false,end,1,405717,2365660,original,5,encoder_block_5,1.0206832885742188,9,100,100
false_end_1,false,end,1,405717,2365660,original,6,encoder_block_6,1.075819969177246,6,100,100
false_end_1,false,end,1,405717,2365660,original,7,encoder_block_7,1.0861716270446775,6,100,100
false_end_1,false,end,1,405717,2365660,original,8,encoder_block_8,1.0177483558654783,8,100,100
false_end_1,false,end,1,405717,2365660,original,9,encoder_block_9,1.3243112564086914,6,100,100
false_end_1,false,end,1,405717,2365660,original,10,encoder_block_10,1.381485939025879,5,100,100
false_end_1,false,end,1,405717,2365660,original,11,encoder_block_11,1.6170711517333984,47,100,100
false_end_1,false,end,1,405717,2365660,original,12,encoder_block_12,-0.937993049621582,68,100,100
false_end_1,false,end,1,405717,2365660,padded_control,0,embedding,0.9208211898803712,7,100,100
false_end_1,false,end,1,405717,2365660,padded_control,1,encoder_block_1,0.8707032203674316,6,100,100
false_end_1,false,end,1,405717,2365660,padded_control,2,encoder_block_2,0.8257408142089844,14,100,100
false_end_1,false,end,1,405717,2365660,padded_control,3,encoder_block_3,0.650752067565918,26,100,100
false_end_1,false,end,1,405717,2365660,padded_control,4,encoder_block_4,0.9410519599914552,15,100,100
false_end_1,false,end,1,405717,2365660,padded_control,5,encoder_block_5,1.020359992980957,9,100,100
false_end_1,false,end,1,405717,2365660,padded_control,6,encoder_block_6,1.07832670211792,6,100,100
false_end_1,false,end,1,405717,2365660,padded_control,7,encoder_block_7,1.0887813568115234,6,100,100
false_end_1,false,end,1,405717,2365660,padded_control,8,encoder_block_8,1.021857738494873,8,100,100
false_end_1,false,end,1,405717,2365660,padded_control,9,encoder_block_9,1.330740451812744,6,100,100
false_end_1,false,end,1,405717,2365660,padded_control,10,encoder_block_10,1.3764581680297852,5,100,100
false_end_1,false,end,1,405717,2365660,padded_control,11,encoder_block_11,1.616464614868164,47,100,100
false_end_1,false,end,1,405717,2365660,padded_control,12,encoder_block_12,-0.9318628311157228,68,100,100
false_end_1,false,end,1,405717,2365660,attack,0,embedding,0.875880241394043,8,100,100
false_end_1,false,end,1,405717,2365660,attack,1,encoder_block_1,0.7843208312988281,10,100,100
false_end_1,false,end,1,405717,2365660,attack,2,encoder_block_2,0.7072720527648926,21,100,100
false_end_1,false,end,1,405717,2365660,attack,3,encoder_block_3,0.5012259483337402,46,100,100
false_end_1,false,end,1,405717,2365660,attack,4,encoder_block_4,0.763707160949707,39,100,100
false_end_1,false,end,1,405717,2365660,attack,5,encoder_block_5,0.849851131439209,20,100,100
false_end_1,false,end,1,405717,2365660,attack,6,encoder_block_6,0.9520261287689208,14,100,100
false_end_1,false,end,1,405717,2365660,attack,7,encoder_block_7,0.9896526336669922,10,100,100
false_end_1,false,end,1,405717,2365660,attack,8,encoder_block_8,0.9710302352905272,13,100,100
false_end_1,false,end,1,405717,2365660,attack,9,encoder_block_9,1.2669463157653809,9,100,100
false_end_1,false,end,1,405717,2365660,attack,10,encoder_block_10,1.3232543468475342,8,100,100
false_end_1,false,end,1,405717,2365660,attack,11,encoder_block_11,1.629550218582153,46,100,100
false_end_1,false,end,1,405717,2365660,attack,12,encoder_block_12,-1.1247904300689695,70,100,100
false_end_1,false,end,1,443396,456708,original,0,embedding,0.7042102813720703,36,100,100
false_end_1,false,end,1,443396,456708,original,1,encoder_block_1,0.6267457008361816,38,100,100
false_end_1,false,end,1,443396,456708,original,2,encoder_block_2,0.7885532379150391,39,100,100
false_end_1,false,end,1,443396,456708,original,3,encoder_block_3,0.6316730976104736,40,100,100
false_end_1,false,end,1,443396,456708,original,4,encoder_block_4,0.686356782913208,35,100,100
false_end_1,false,end,1,443396,456708,original,5,encoder_block_5,0.811579704284668,29,100,100
false_end_1,false,end,1,443396,456708,original,6,encoder_block_6,0.718111515045166,30,100,100
false_end_1,false,end,1,443396,456708,original,7,encoder_block_7,0.8035445213317871,25,100,100
false_end_1,false,end,1,443396,456708,original,8,encoder_block_8,0.6526546478271484,37,100,100
false_end_1,false,end,1,443396,456708,original,9,encoder_block_9,0.8443279266357422,31,100,100
false_end_1,false,end,1,443396,456708,original,10,encoder_block_10,0.6096851825714111,24,100,100
false_end_1,false,end,1,443396,456708,original,11,encoder_block_11,0.889589786529541,27,100,100
false_end_1,false,end,1,443396,456708,original,12,encoder_block_12,-0.3833200335502624,20,100,100
false_end_1,false,end,1,443396,456708,padded_control,0,embedding,0.7042100429534912,36,100,100
false_end_1,false,end,1,443396,456708,padded_control,1,encoder_block_1,0.6250019073486328,38,100,100
false_end_1,false,end,1,443396,456708,padded_control,2,encoder_block_2,0.7837400436401367,39,100,100
false_end_1,false,end,1,443396,456708,padded_control,3,encoder_block_3,0.6286065578460693,40,100,100
false_end_1,false,end,1,443396,456708,padded_control,4,encoder_block_4,0.6845624446868896,35,100,100
false_end_1,false,end,1,443396,456708,padded_control,5,encoder_block_5,0.8136796951293945,29,100,100
false_end_1,false,end,1,443396,456708,padded_control,6,encoder_block_6,0.7223665714263916,30,100,100
false_end_1,false,end,1,443396,456708,padded_control,7,encoder_block_7,0.8091690540313721,25,100,100
false_end_1,false,end,1,443396,456708,padded_control,8,encoder_block_8,0.6616625785827637,37,100,100
false_end_1,false,end,1,443396,456708,padded_control,9,encoder_block_9,0.8531460762023926,31,100,100
false_end_1,false,end,1,443396,456708,padded_control,10,encoder_block_10,0.6237049102783203,24,100,100
false_end_1,false,end,1,443396,456708,padded_control,11,encoder_block_11,0.903560757637024,27,100,100
false_end_1,false,end,1,443396,456708,padded_control,12,encoder_block_12,-0.3152736127376556,20,100,100
false_end_1,false,end,1,443396,456708,attack,0,embedding,0.6165728569030762,44,100,100
false_end_1,false,end,1,443396,456708,attack,1,encoder_block_1,0.4837644100189209,44,100,100
false_end_1,false,end,1,443396,456708,attack,2,encoder_block_2,0.61087965965271,45,100,100
false_end_1,false,end,1,443396,456708,attack,3,encoder_block_3,0.4500331878662109,47,100,100
false_end_1,false,end,1,443396,456708,attack,4,encoder_block_4,0.4690265655517578,51,100,100
false_end_1,false,end,1,443396,456708,attack,5,encoder_block_5,0.5934906005859375,41,100,100
false_end_1,false,end,1,443396,456708,attack,6,encoder_block_6,0.548909068107605,38,100,100
false_end_1,false,end,1,443396,456708,attack,7,encoder_block_7,0.6293400526046753,34,100,100
false_end_1,false,end,1,443396,456708,attack,8,encoder_block_8,0.5173442363739014,43,100,100
false_end_1,false,end,1,443396,456708,attack,9,encoder_block_9,0.6471399068832397,40,100,100
false_end_1,false,end,1,443396,456708,attack,10,encoder_block_10,0.4850258231163025,33,100,100
false_end_1,false,end,1,443396,456708,attack,11,encoder_block_11,0.7455411553382874,34,100,100
false_end_1,false,end,1,443396,456708,attack,12,encoder_block_12,0.227924108505249,15,100,100
false_end_1,false,end,1,451602,2176453,original,0,embedding,0.3933138847351074,17,100,100
false_end_1,false,end,1,451602,2176453,original,1,encoder_block_1,0.1682777404785156,22,100,100
false_end_1,false,end,1,451602,2176453,original,2,encoder_block_2,0.2290468215942382,24,100,100
false_end_1,false,end,1,451602,2176453,original,3,encoder_block_3,0.1776103973388672,28,100,100
false_end_1,false,end,1,451602,2176453,original,4,encoder_block_4,0.0505352020263671,48,100,100
false_end_1,false,end,1,451602,2176453,original,5,encoder_block_5,0.0806472301483154,41,100,100
false_end_1,false,end,1,451602,2176453,original,6,encoder_block_6,0.1344029903411865,39,100,100
false_end_1,false,end,1,451602,2176453,original,7,encoder_block_7,-0.0522964000701904,46,100,100
false_end_1,false,end,1,451602,2176453,original,8,encoder_block_8,0.0380053520202636,52,100,100
false_end_1,false,end,1,451602,2176453,original,9,encoder_block_9,0.1594388484954834,57,100,100
false_end_1,false,end,1,451602,2176453,original,10,encoder_block_10,0.015010118484497,64,100,100
false_end_1,false,end,1,451602,2176453,original,11,encoder_block_11,0.7900853157043457,34,100,100
false_end_1,false,end,1,451602,2176453,original,12,encoder_block_12,0.6750409603118896,18,100,100
false_end_1,false,end,1,451602,2176453,padded_control,0,embedding,0.3933136463165283,17,100,100
false_end_1,false,end,1,451602,2176453,padded_control,1,encoder_block_1,0.1723172664642334,21,100,100
false_end_1,false,end,1,451602,2176453,padded_control,2,encoder_block_2,0.2324171066284179,24,100,100
false_end_1,false,end,1,451602,2176453,padded_control,3,encoder_block_3,0.178896427154541,28,100,100
false_end_1,false,end,1,451602,2176453,padded_control,4,encoder_block_4,0.0471593141555786,48,100,100
false_end_1,false,end,1,451602,2176453,padded_control,5,encoder_block_5,0.0799071788787841,41,100,100
false_end_1,false,end,1,451602,2176453,padded_control,6,encoder_block_6,0.1348155736923217,39,100,100
false_end_1,false,end,1,451602,2176453,padded_control,7,encoder_block_7,-0.0530112981796264,46,100,100
false_end_1,false,end,1,451602,2176453,padded_control,8,encoder_block_8,0.0401201248168945,52,100,100
false_end_1,false,end,1,451602,2176453,padded_control,9,encoder_block_9,0.1590008735656738,57,100,100
false_end_1,false,end,1,451602,2176453,padded_control,10,encoder_block_10,-0.0045715570449829,65,100,100
false_end_1,false,end,1,451602,2176453,padded_control,11,encoder_block_11,0.7562171220779419,34,100,100
false_end_1,false,end,1,451602,2176453,padded_control,12,encoder_block_12,0.6298737525939941,18,100,100
false_end_1,false,end,1,451602,2176453,attack,0,embedding,0.3221912384033203,21,100,100
false_end_1,false,end,1,451602,2176453,attack,1,encoder_block_1,0.0336226224899292,30,100,100
false_end_1,false,end,1,451602,2176453,attack,2,encoder_block_2,0.0716465711593627,39,100,100
false_end_1,false,end,1,451602,2176453,attack,3,encoder_block_3,0.0158756971359252,40,100,100
false_end_1,false,end,1,451602,2176453,attack,4,encoder_block_4,-0.1292741298675537,61,100,100
false_end_1,false,end,1,451602,2176453,attack,5,encoder_block_5,-0.1334450244903564,61,100,100
false_end_1,false,end,1,451602,2176453,attack,6,encoder_block_6,-0.0562102794647216,58,100,100
false_end_1,false,end,1,451602,2176453,attack,7,encoder_block_7,-0.211913526058197,61,100,100
false_end_1,false,end,1,451602,2176453,attack,8,encoder_block_8,-0.10728120803833,69,100,100
false_end_1,false,end,1,451602,2176453,attack,9,encoder_block_9,0.0210734605789184,70,100,100
false_end_1,false,end,1,451602,2176453,attack,10,encoder_block_10,-0.1302653551101684,75,100,100
false_end_1,false,end,1,451602,2176453,attack,11,encoder_block_11,0.6736424565315247,38,100,100
false_end_1,false,end,1,451602,2176453,attack,12,encoder_block_12,0.1171169281005859,21,100,100
false_end_1,false,end,1,47923,5032362,original,0,embedding,0.5419049263000488,25,100,100
false_end_1,false,end,1,47923,5032362,original,1,encoder_block_1,0.2018756866455078,14,100,100
false_end_1,false,end,1,47923,5032362,original,2,encoder_block_2,0.2032818794250488,8,100,100
false_end_1,false,end,1,47923,5032362,original,3,encoder_block_3,0.1220095157623291,7,100,100
false_end_1,false,end,1,47923,5032362,original,4,encoder_block_4,0.1618798971176147,12,100,100
false_end_1,false,end,1,47923,5032362,original,5,encoder_block_5,0.1285055875778198,27,100,100
false_end_1,false,end,1,47923,5032362,original,6,encoder_block_6,-0.0201958417892456,40,100,100
false_end_1,false,end,1,47923,5032362,original,7,encoder_block_7,-0.1066389083862304,40,100,100
false_end_1,false,end,1,47923,5032362,original,8,encoder_block_8,0.0093111991882324,34,100,100
false_end_1,false,end,1,47923,5032362,original,9,encoder_block_9,0.3868119716644287,19,100,100
false_end_1,false,end,1,47923,5032362,original,10,encoder_block_10,0.47895348072052,29,100,100
false_end_1,false,end,1,47923,5032362,original,11,encoder_block_11,1.6945843696594238,22,100,100
false_end_1,false,end,1,47923,5032362,original,12,encoder_block_12,2.916050910949707,23,100,100
false_end_1,false,end,1,47923,5032362,padded_control,0,embedding,0.5419056415557861,25,100,100
false_end_1,false,end,1,47923,5032362,padded_control,1,encoder_block_1,0.2022690773010254,14,100,100
false_end_1,false,end,1,47923,5032362,padded_control,2,encoder_block_2,0.2003448009490966,8,100,100
false_end_1,false,end,1,47923,5032362,padded_control,3,encoder_block_3,0.1187660694122314,8,100,100
false_end_1,false,end,1,47923,5032362,padded_control,4,encoder_block_4,0.1579664945602417,12,100,100
false_end_1,false,end,1,47923,5032362,padded_control,5,encoder_block_5,0.1270328760147094,27,100,100
false_end_1,false,end,1,47923,5032362,padded_control,6,encoder_block_6,-0.0217238664627075,40,100,100
false_end_1,false,end,1,47923,5032362,padded_control,7,encoder_block_7,-0.1067584753036499,40,100,100
false_end_1,false,end,1,47923,5032362,padded_control,8,encoder_block_8,0.0111041069030761,33,100,100
false_end_1,false,end,1,47923,5032362,padded_control,9,encoder_block_9,0.3912901878356933,18,100,100
false_end_1,false,end,1,47923,5032362,padded_control,10,encoder_block_10,0.4806251525878906,29,100,100
false_end_1,false,end,1,47923,5032362,padded_control,11,encoder_block_11,1.7123794555664062,22,100,100
false_end_1,false,end,1,47923,5032362,padded_control,12,encoder_block_12,2.92330002784729,23,100,100
false_end_1,false,end,1,47923,5032362,attack,0,embedding,0.4372057914733886,44,100,100
false_end_1,false,end,1,47923,5032362,attack,1,encoder_block_1,0.0639793872833252,24,100,100
false_end_1,false,end,1,47923,5032362,attack,2,encoder_block_2,0.0764417648315429,17,100,100
false_end_1,false,end,1,47923,5032362,attack,3,encoder_block_3,-0.0204811096191406,23,100,100
false_end_1,false,end,1,47923,5032362,attack,4,encoder_block_4,-0.0127222537994384,32,100,100
false_end_1,false,end,1,47923,5032362,attack,5,encoder_block_5,-0.0267097353935241,43,100,100
false_end_1,false,end,1,47923,5032362,attack,6,encoder_block_6,-0.1311985254287719,56,100,100
false_end_1,false,end,1,47923,5032362,attack,7,encoder_block_7,-0.2129889726638794,62,100,100
false_end_1,false,end,1,47923,5032362,attack,8,encoder_block_8,-0.0714741945266723,50,100,100
false_end_1,false,end,1,47923,5032362,attack,9,encoder_block_9,0.2981919050216675,32,100,100
false_end_1,false,end,1,47923,5032362,attack,10,encoder_block_10,0.3669120073318481,35,100,100
false_end_1,false,end,1,47923,5032362,attack,11,encoder_block_11,1.6090540885925293,23,100,100
false_end_1,false,end,1,47923,5032362,attack,12,encoder_block_12,2.802243947982788,23,100,100
false_end_1,false,end,1,489204,1479542,original,0,embedding,0.9842653274536132,11,100,100
false_end_1,false,end,1,489204,1479542,original,1,encoder_block_1,0.5856249332427979,8,100,100
false_end_1,false,end,1,489204,1479542,original,2,encoder_block_2,0.6975641250610352,6,100,100
false_end_1,false,end,1,489204,1479542,original,3,encoder_block_3,0.7435932159423828,5,100,100
false_end_1,false,end,1,489204,1479542,original,4,encoder_block_4,0.7964556217193604,10,100,100
false_end_1,false,end,1,489204,1479542,original,5,encoder_block_5,0.8611578941345215,10,100,100
false_end_1,false,end,1,489204,1479542,original,6,encoder_block_6,0.7161498069763184,14,100,100
false_end_1,false,end,1,489204,1479542,original,7,encoder_block_7,0.5867900848388672,18,100,100
false_end_1,false,end,1,489204,1479542,original,8,encoder_block_8,0.5838112831115723,9,100,100
false_end_1,false,end,1,489204,1479542,original,9,encoder_block_9,0.6858546733856201,9,100,100
false_end_1,false,end,1,489204,1479542,original,10,encoder_block_10,0.3786165714263916,10,100,100
false_end_1,false,end,1,489204,1479542,original,11,encoder_block_11,0.8341217041015625,25,100,100
false_end_1,false,end,1,489204,1479542,original,12,encoder_block_12,-0.6475513577461243,43,100,100
false_end_1,false,end,1,489204,1479542,padded_control,0,embedding,0.9842648506164552,11,100,100
false_end_1,false,end,1,489204,1479542,padded_control,1,encoder_block_1,0.5869066715240479,8,100,100
false_end_1,false,end,1,489204,1479542,padded_control,2,encoder_block_2,0.6977472305297852,6,100,100
false_end_1,false,end,1,489204,1479542,padded_control,3,encoder_block_3,0.7421102523803711,6,100,100
false_end_1,false,end,1,489204,1479542,padded_control,4,encoder_block_4,0.7912688255310059,11,100,100
false_end_1,false,end,1,489204,1479542,padded_control,5,encoder_block_5,0.8596715927124023,10,100,100
false_end_1,false,end,1,489204,1479542,padded_control,6,encoder_block_6,0.7151007652282715,14,100,100
false_end_1,false,end,1,489204,1479542,padded_control,7,encoder_block_7,0.5870580673217773,18,100,100
false_end_1,false,end,1,489204,1479542,padded_control,8,encoder_block_8,0.585651159286499,9,100,100
false_end_1,false,end,1,489204,1479542,padded_control,9,encoder_block_9,0.6886463165283203,9,100,100
false_end_1,false,end,1,489204,1479542,padded_control,10,encoder_block_10,0.377640962600708,10,100,100
false_end_1,false,end,1,489204,1479542,padded_control,11,encoder_block_11,0.8481792211532593,24,100,100
false_end_1,false,end,1,489204,1479542,padded_control,12,encoder_block_12,-0.6029312610626221,42,100,100
false_end_1,false,end,1,489204,1479542,attack,0,embedding,0.8665592670440674,14,100,100
false_end_1,false,end,1,489204,1479542,attack,1,encoder_block_1,0.4784188270568847,13,100,100
false_end_1,false,end,1,489204,1479542,attack,2,encoder_block_2,0.5448229312896729,18,100,100
false_end_1,false,end,1,489204,1479542,attack,3,encoder_block_3,0.5360300540924072,18,100,100
false_end_1,false,end,1,489204,1479542,attack,4,encoder_block_4,0.5179249048233032,30,100,100
false_end_1,false,end,1,489204,1479542,attack,5,encoder_block_5,0.6317001581192017,32,100,100
false_end_1,false,end,1,489204,1479542,attack,6,encoder_block_6,0.5120095014572144,41,100,100
false_end_1,false,end,1,489204,1479542,attack,7,encoder_block_7,0.4380158185958862,41,100,100
false_end_1,false,end,1,489204,1479542,attack,8,encoder_block_8,0.5222811698913574,17,100,100
false_end_1,false,end,1,489204,1479542,attack,9,encoder_block_9,0.635427713394165,13,100,100
false_end_1,false,end,1,489204,1479542,attack,10,encoder_block_10,0.3569545745849609,11,100,100
false_end_1,false,end,1,489204,1479542,attack,11,encoder_block_11,0.8344888687133789,25,100,100
false_end_1,false,end,1,489204,1479542,attack,12,encoder_block_12,-0.5779301524162292,42,100,100
false_end_1,false,end,1,490595,1929910,original,0,embedding,0.0753979682922363,100,100,100
false_end_1,false,end,1,490595,1929910,original,1,encoder_block_1,0.4816889762878418,81,100,100
false_end_1,false,end,1,490595,1929910,original,2,encoder_block_2,0.4709804058074951,80,100,100
false_end_1,false,end,1,490595,1929910,original,3,encoder_block_3,0.4257154464721679,76,100,100
false_end_1,false,end,1,490595,1929910,original,4,encoder_block_4,0.5509023666381836,73,100,100
false_end_1,false,end,1,490595,1929910,original,5,encoder_block_5,0.6441328525543213,81,100,100
false_end_1,false,end,1,490595,1929910,original,6,encoder_block_6,0.6735286712646484,74,100,100
false_end_1,false,end,1,490595,1929910,original,7,encoder_block_7,0.878772497177124,63,100,100
false_end_1,false,end,1,490595,1929910,original,8,encoder_block_8,0.9514656066894532,59,100,100
false_end_1,false,end,1,490595,1929910,original,9,encoder_block_9,1.1009910106658936,53,100,100
false_end_1,false,end,1,490595,1929910,original,10,encoder_block_10,1.442347288131714,9,100,100
false_end_1,false,end,1,490595,1929910,original,11,encoder_block_11,2.5169999599456787,2,100,100
false_end_1,false,end,1,490595,1929910,original,12,encoder_block_12,3.6747655868530273,7,100,100
false_end_1,false,end,1,490595,1929910,padded_control,0,embedding,0.0753979682922363,100,100,100
false_end_1,false,end,1,490595,1929910,padded_control,1,encoder_block_1,0.4788868427276611,81,100,100
false_end_1,false,end,1,490595,1929910,padded_control,2,encoder_block_2,0.4680259227752685,80,100,100
false_end_1,false,end,1,490595,1929910,padded_control,3,encoder_block_3,0.424008846282959,76,100,100
false_end_1,false,end,1,490595,1929910,padded_control,4,encoder_block_4,0.5480101108551025,73,100,100
false_end_1,false,end,1,490595,1929910,padded_control,5,encoder_block_5,0.6414065361022949,81,100,100
false_end_1,false,end,1,490595,1929910,padded_control,6,encoder_block_6,0.6711716651916504,74,100,100
false_end_1,false,end,1,490595,1929910,padded_control,7,encoder_block_7,0.8755178451538086,63,100,100
false_end_1,false,end,1,490595,1929910,padded_control,8,encoder_block_8,0.9502060413360596,59,100,100
false_end_1,false,end,1,490595,1929910,padded_control,9,encoder_block_9,1.0991270542144775,53,100,100
false_end_1,false,end,1,490595,1929910,padded_control,10,encoder_block_10,1.4390766620635986,9,100,100
false_end_1,false,end,1,490595,1929910,padded_control,11,encoder_block_11,2.5152244567871094,2,100,100
false_end_1,false,end,1,490595,1929910,padded_control,12,encoder_block_12,3.665879249572754,7,100,100
false_end_1,false,end,1,490595,1929910,attack,0,embedding,0.0037233829498291,100,100,100
false_end_1,false,end,1,490595,1929910,attack,1,encoder_block_1,0.3621456623077392,86,100,100
false_end_1,false,end,1,490595,1929910,attack,2,encoder_block_2,0.3645756244659424,88,100,100
false_end_1,false,end,1,490595,1929910,attack,3,encoder_block_3,0.2959737777709961,88,100,100
false_end_1,false,end,1,490595,1929910,attack,4,encoder_block_4,0.4202537536621094,86,100,100
false_end_1,false,end,1,490595,1929910,attack,5,encoder_block_5,0.5108218193054199,89,100,100
false_end_1,false,end,1,490595,1929910,attack,6,encoder_block_6,0.5694015026092529,84,100,100
false_end_1,false,end,1,490595,1929910,attack,7,encoder_block_7,0.7877370119094849,75,100,100
false_end_1,false,end,1,490595,1929910,attack,8,encoder_block_8,0.8857893943786621,68,100,100
false_end_1,false,end,1,490595,1929910,attack,9,encoder_block_9,1.0180413722991943,62,100,100
false_end_1,false,end,1,490595,1929910,attack,10,encoder_block_10,1.363835692405701,10,100,100
false_end_1,false,end,1,490595,1929910,attack,11,encoder_block_11,2.448277235031128,3,100,100
false_end_1,false,end,1,490595,1929910,attack,12,encoder_block_12,3.6365966796875,8,100,100
false_end_1,false,end,1,527433,8617271,original,0,embedding,-0.2739782333374023,82,100,100
false_end_1,false,end,1,527433,8617271,original,1,encoder_block_1,-0.7677736282348633,88,100,100
false_end_1,false,end,1,527433,8617271,original,2,encoder_block_2,-0.749413013458252,91,100,100
false_end_1,false,end,1,527433,8617271,original,3,encoder_block_3,-0.4561138153076172,89,100,100
false_end_1,false,end,1,527433,8617271,original,4,encoder_block_4,-0.2903542518615722,70,100,100
false_end_1,false,end,1,527433,8617271,original,5,encoder_block_5,-0.3114089965820312,55,100,100
false_end_1,false,end,1,527433,8617271,original,6,encoder_block_6,-0.3677833080291748,54,100,100
false_end_1,false,end,1,527433,8617271,original,7,encoder_block_7,-0.1703708171844482,31,100,100
false_end_1,false,end,1,527433,8617271,original,8,encoder_block_8,-0.0141446590423583,14,100,100
false_end_1,false,end,1,527433,8617271,original,9,encoder_block_9,0.379223108291626,6,100,100
false_end_1,false,end,1,527433,8617271,original,10,encoder_block_10,1.1977243423461914,1,100,100
false_end_1,false,end,1,527433,8617271,original,11,encoder_block_11,3.5456981658935547,1,100,100
false_end_1,false,end,1,527433,8617271,original,12,encoder_block_12,6.805009841918945,1,100,100
false_end_1,false,end,1,527433,8617271,padded_control,0,embedding,-0.2739768028259277,82,100,100
false_end_1,false,end,1,527433,8617271,padded_control,1,encoder_block_1,-0.7710990905761719,88,100,100
false_end_1,false,end,1,527433,8617271,padded_control,2,encoder_block_2,-0.7582693099975586,91,100,100
false_end_1,false,end,1,527433,8617271,padded_control,3,encoder_block_3,-0.461728572845459,90,100,100
false_end_1,false,end,1,527433,8617271,padded_control,4,encoder_block_4,-0.2920398712158203,70,100,100
false_end_1,false,end,1,527433,8617271,padded_control,5,encoder_block_5,-0.3149113655090332,56,100,100
false_end_1,false,end,1,527433,8617271,padded_control,6,encoder_block_6,-0.3711073398590088,54,100,100
false_end_1,false,end,1,527433,8617271,padded_control,7,encoder_block_7,-0.1732387542724609,31,100,100
false_end_1,false,end,1,527433,8617271,padded_control,8,encoder_block_8,-0.0184919834136962,14,100,100
false_end_1,false,end,1,527433,8617271,padded_control,9,encoder_block_9,0.3695027828216553,6,100,100
false_end_1,false,end,1,527433,8617271,padded_control,10,encoder_block_10,1.1830549240112305,1,100,100
false_end_1,false,end,1,527433,8617271,padded_control,11,encoder_block_11,3.539991855621338,1,100,100
false_end_1,false,end,1,527433,8617271,padded_control,12,encoder_block_12,6.798679351806641,1,100,100
false_end_1,false,end,1,527433,8617271,attack,0,embedding,-0.3477988243103027,87,100,100
false_end_1,false,end,1,527433,8617271,attack,1,encoder_block_1,-0.8687338829040527,94,100,100
false_end_1,false,end,1,527433,8617271,attack,2,encoder_block_2,-0.8747155666351318,95,100,100
false_end_1,false,end,1,527433,8617271,attack,3,encoder_block_3,-0.6133599281311035,96,100,100
false_end_1,false,end,1,527433,8617271,attack,4,encoder_block_4,-0.4561011791229248,85,100,100
false_end_1,false,end,1,527433,8617271,attack,5,encoder_block_5,-0.4520800113677978,72,100,100
false_end_1,false,end,1,527433,8617271,attack,6,encoder_block_6,-0.4756457805633545,67,100,100
false_end_1,false,end,1,527433,8617271,attack,7,encoder_block_7,-0.2758395671844482,47,100,100
false_end_1,false,end,1,527433,8617271,attack,8,encoder_block_8,-0.0808990001678466,18,100,100
false_end_1,false,end,1,527433,8617271,attack,9,encoder_block_9,0.3074517250061035,8,100,100
false_end_1,false,end,1,527433,8617271,attack,10,encoder_block_10,1.1121320724487305,1,100,100
false_end_1,false,end,1,527433,8617271,attack,11,encoder_block_11,3.489737033843994,1,100,100
false_end_1,false,end,1,527433,8617271,attack,12,encoder_block_12,6.775173187255859,1,100,100
false_end_1,false,end,1,573724,2417985,original,0,embedding,0.1086330413818359,78,100,100
false_end_1,false,end,1,573724,2417985,original,1,encoder_block_1,0.5057401657104492,43,100,100
false_end_1,false,end,1,573724,2417985,original,2,encoder_block_2,0.8537561893463135,35,100,100
false_end_1,false,end,1,573724,2417985,original,3,encoder_block_3,0.9013867378234864,31,100,100
false_end_1,false,end,1,573724,2417985,original,4,encoder_block_4,0.7676498889923096,42,100,100
false_end_1,false,end,1,573724,2417985,original,5,encoder_block_5,0.5416269302368164,68,100,100
false_end_1,false,end,1,573724,2417985,original,6,encoder_block_6,0.5052633285522461,67,100,100
false_end_1,false,end,1,573724,2417985,original,7,encoder_block_7,0.3428630828857422,80,100,100
false_end_1,false,end,1,573724,2417985,original,8,encoder_block_8,0.4382421970367431,78,100,100
false_end_1,false,end,1,573724,2417985,original,9,encoder_block_9,0.6834254264831543,58,100,100
false_end_1,false,end,1,573724,2417985,original,10,encoder_block_10,0.3519823551177978,66,100,100
false_end_1,false,end,1,573724,2417985,original,11,encoder_block_11,1.10707426071167,57,100,100
false_end_1,false,end,1,573724,2417985,original,12,encoder_block_12,1.600117266178131,58,100,100
false_end_1,false,end,1,573724,2417985,padded_control,0,embedding,0.1086339950561523,78,100,100
false_end_1,false,end,1,573724,2417985,padded_control,1,encoder_block_1,0.5086655616760254,43,100,100
false_end_1,false,end,1,573724,2417985,padded_control,2,encoder_block_2,0.8575942516326904,35,100,100
false_end_1,false,end,1,573724,2417985,padded_control,3,encoder_block_3,0.8986401557922363,32,100,100
false_end_1,false,end,1,573724,2417985,padded_control,4,encoder_block_4,0.7609367370605469,43,100,100
false_end_1,false,end,1,573724,2417985,padded_control,5,encoder_block_5,0.537764310836792,68,100,100
false_end_1,false,end,1,573724,2417985,padded_control,6,encoder_block_6,0.5018548965454102,67,100,100
false_end_1,false,end,1,573724,2417985,padded_control,7,encoder_block_7,0.3425920009613037,80,100,100
false_end_1,false,end,1,573724,2417985,padded_control,8,encoder_block_8,0.4322385787963867,79,100,100
false_end_1,false,end,1,573724,2417985,padded_control,9,encoder_block_9,0.6816840171813965,58,100,100
false_end_1,false,end,1,573724,2417985,padded_control,10,encoder_block_10,0.337641954421997,67,100,100
false_end_1,false,end,1,573724,2417985,padded_control,11,encoder_block_11,1.1009535789489746,57,100,100
false_end_1,false,end,1,573724,2417985,padded_control,12,encoder_block_12,1.6158507466316223,58,100,100
false_end_1,false,end,1,573724,2417985,attack,0,embedding,0.0138592720031738,83,100,100
false_end_1,false,end,1,573724,2417985,attack,1,encoder_block_1,0.3396139144897461,58,100,100
false_end_1,false,end,1,573724,2417985,attack,2,encoder_block_2,0.6235682964324951,60,100,100
false_end_1,false,end,1,573724,2417985,attack,3,encoder_block_3,0.6116409301757812,69,100,100
false_end_1,false,end,1,573724,2417985,attack,4,encoder_block_4,0.4464818239212036,80,100,100
false_end_1,false,end,1,573724,2417985,attack,5,encoder_block_5,0.2781863212585449,91,100,100
false_end_1,false,end,1,573724,2417985,attack,6,encoder_block_6,0.2927870750427246,88,100,100
false_end_1,false,end,1,573724,2417985,attack,7,encoder_block_7,0.1755521297454834,88,100,100
false_end_1,false,end,1,573724,2417985,attack,8,encoder_block_8,0.3162064552307129,86,100,100
false_end_1,false,end,1,573724,2417985,attack,9,encoder_block_9,0.5391682386398315,67,100,100
false_end_1,false,end,1,573724,2417985,attack,10,encoder_block_10,0.2295557260513305,71,100,100
false_end_1,false,end,1,573724,2417985,attack,11,encoder_block_11,1.089263916015625,58,100,100
false_end_1,false,end,1,573724,2417985,attack,12,encoder_block_12,1.5314133167266846,59,100,100
false_end_1,false,end,1,833860,3437288,original,0,embedding,0.2832717895507812,36,100,100
false_end_1,false,end,1,833860,3437288,original,1,encoder_block_1,-0.031508445739746,71,100,100
false_end_1,false,end,1,833860,3437288,original,2,encoder_block_2,0.2634127140045166,64,100,100
false_end_1,false,end,1,833860,3437288,original,3,encoder_block_3,0.3253700733184814,52,100,100
false_end_1,false,end,1,833860,3437288,original,4,encoder_block_4,0.3164553642272949,50,100,100
false_end_1,false,end,1,833860,3437288,original,5,encoder_block_5,0.2507596015930176,49,100,100
false_end_1,false,end,1,833860,3437288,original,6,encoder_block_6,0.1544456481933593,47,100,100
false_end_1,false,end,1,833860,3437288,original,7,encoder_block_7,0.1992678642272949,46,100,100
false_end_1,false,end,1,833860,3437288,original,8,encoder_block_8,0.2588486671447754,49,100,100
false_end_1,false,end,1,833860,3437288,original,9,encoder_block_9,0.5385427474975586,22,100,100
false_end_1,false,end,1,833860,3437288,original,10,encoder_block_10,0.8934817314147949,14,100,100
false_end_1,false,end,1,833860,3437288,original,11,encoder_block_11,2.8506088256835938,9,100,100
false_end_1,false,end,1,833860,3437288,original,12,encoder_block_12,6.083935737609863,3,100,100
false_end_1,false,end,1,833860,3437288,padded_control,0,embedding,0.2832717895507812,36,100,100
false_end_1,false,end,1,833860,3437288,padded_control,1,encoder_block_1,-0.0366864204406738,71,100,100
false_end_1,false,end,1,833860,3437288,padded_control,2,encoder_block_2,0.2618732452392578,64,100,100
false_end_1,false,end,1,833860,3437288,padded_control,3,encoder_block_3,0.326094388961792,52,100,100
false_end_1,false,end,1,833860,3437288,padded_control,4,encoder_block_4,0.314342737197876,50,100,100
false_end_1,false,end,1,833860,3437288,padded_control,5,encoder_block_5,0.2513427734375,49,100,100
false_end_1,false,end,1,833860,3437288,padded_control,6,encoder_block_6,0.1564948558807373,46,100,100
false_end_1,false,end,1,833860,3437288,padded_control,7,encoder_block_7,0.2014503479003906,46,100,100
false_end_1,false,end,1,833860,3437288,padded_control,8,encoder_block_8,0.2622153759002685,49,100,100
false_end_1,false,end,1,833860,3437288,padded_control,9,encoder_block_9,0.5409371852874756,21,100,100
false_end_1,false,end,1,833860,3437288,padded_control,10,encoder_block_10,0.8968720436096191,14,100,100
false_end_1,false,end,1,833860,3437288,padded_control,11,encoder_block_11,2.859764575958252,9,100,100
false_end_1,false,end,1,833860,3437288,padded_control,12,encoder_block_12,6.083042144775391,3,100,100
false_end_1,false,end,1,833860,3437288,attack,0,embedding,0.1975879669189453,46,100,100
false_end_1,false,end,1,833860,3437288,attack,1,encoder_block_1,-0.1341938972473144,79,100,100
false_end_1,false,end,1,833860,3437288,attack,2,encoder_block_2,0.118865966796875,71,100,100
false_end_1,false,end,1,833860,3437288,attack,3,encoder_block_3,0.1385610103607177,75,100,100
false_end_1,false,end,1,833860,3437288,attack,4,encoder_block_4,0.1055841445922851,68,100,100
false_end_1,false,end,1,833860,3437288,attack,5,encoder_block_5,0.059931993484497,65,100,100
false_end_1,false,end,1,833860,3437288,attack,6,encoder_block_6,0.0027885437011718,66,100,100
false_end_1,false,end,1,833860,3437288,attack,7,encoder_block_7,0.0838117599487304,58,100,100
false_end_1,false,end,1,833860,3437288,attack,8,encoder_block_8,0.1839537620544433,56,100,100
false_end_1,false,end,1,833860,3437288,attack,9,encoder_block_9,0.4390604496002197,24,100,100
false_end_1,false,end,1,833860,3437288,attack,10,encoder_block_10,0.8258533477783203,15,100,100
false_end_1,false,end,1,833860,3437288,attack,11,encoder_block_11,2.7789430618286133,10,100,100
false_end_1,false,end,1,833860,3437288,attack,12,encoder_block_12,5.925676345825195,3,100,100
false_end_1,false,end,1,855410,8651775,original,0,embedding,-0.0004994869232177,5,100,5
false_end_1,false,end,1,855410,8651775,original,1,encoder_block_1,-0.3021802902221679,5,100,5
false_end_1,false,end,1,855410,8651775,original,2,encoder_block_2,-0.2216396331787109,5,100,5
false_end_1,false,end,1,855410,8651775,original,3,encoder_block_3,-0.1444034576416015,5,100,5
false_end_1,false,end,1,855410,8651775,original,4,encoder_block_4,0.0451900959014892,5,100,5
false_end_1,false,end,1,855410,8651775,original,5,encoder_block_5,-0.0349977016448974,3,100,5
false_end_1,false,end,1,855410,8651775,original,6,encoder_block_6,-0.0338470935821533,3,100,5
false_end_1,false,end,1,855410,8651775,original,7,encoder_block_7,-0.0878105163574218,4,100,5
false_end_1,false,end,1,855410,8651775,original,8,encoder_block_8,0.2215876579284668,2,100,5
false_end_1,false,end,1,855410,8651775,original,9,encoder_block_9,0.6039667129516602,2,100,5
false_end_1,false,end,1,855410,8651775,original,10,encoder_block_10,0.946608543395996,2,100,5
false_end_1,false,end,1,855410,8651775,original,11,encoder_block_11,1.71185564994812,1,100,5
false_end_1,false,end,1,855410,8651775,original,12,encoder_block_12,2.128062605857849,3,100,5
false_end_1,false,end,1,855410,8651775,padded_control,0,embedding,-0.0004987716674804,5,100,5
false_end_1,false,end,1,855410,8651775,padded_control,1,encoder_block_1,-0.2964003086090088,5,100,5
false_end_1,false,end,1,855410,8651775,padded_control,2,encoder_block_2,-0.216771125793457,5,100,5
false_end_1,false,end,1,855410,8651775,padded_control,3,encoder_block_3,-0.1442914009094238,5,100,5
false_end_1,false,end,1,855410,8651775,padded_control,4,encoder_block_4,0.0453612804412841,5,100,5
false_end_1,false,end,1,855410,8651775,padded_control,5,encoder_block_5,-0.0398118495941162,3,100,5
false_end_1,false,end,1,855410,8651775,padded_control,6,encoder_block_6,-0.0381007194519043,3,100,5
false_end_1,false,end,1,855410,8651775,padded_control,7,encoder_block_7,-0.0933923721313476,4,100,5
false_end_1,false,end,1,855410,8651775,padded_control,8,encoder_block_8,0.2196917533874511,2,100,5
false_end_1,false,end,1,855410,8651775,padded_control,9,encoder_block_9,0.6059713363647461,2,100,5
false_end_1,false,end,1,855410,8651775,padded_control,10,encoder_block_10,0.9445748329162598,2,100,5
false_end_1,false,end,1,855410,8651775,padded_control,11,encoder_block_11,1.7088923454284668,1,100,5
false_end_1,false,end,1,855410,8651775,padded_control,12,encoder_block_12,2.12731796503067,3,100,5
false_end_1,false,end,1,855410,8651775,attack,0,embedding,-0.074064016342163,5,100,5
false_end_1,false,end,1,855410,8651775,attack,1,encoder_block_1,-0.4362797737121582,5,100,5
false_end_1,false,end,1,855410,8651775,attack,2,encoder_block_2,-0.3991177082061767,5,100,5
false_end_1,false,end,1,855410,8651775,attack,3,encoder_block_3,-0.3292903900146484,5,100,5
false_end_1,false,end,1,855410,8651775,attack,4,encoder_block_4,-0.1462137699127197,5,100,5
false_end_1,false,end,1,855410,8651775,attack,5,encoder_block_5,-0.2430040836334228,5,100,5
false_end_1,false,end,1,855410,8651775,attack,6,encoder_block_6,-0.1877925395965576,5,100,5
false_end_1,false,end,1,855410,8651775,attack,7,encoder_block_7,-0.2247262001037597,5,100,5
false_end_1,false,end,1,855410,8651775,attack,8,encoder_block_8,0.1212732791900634,4,100,5
false_end_1,false,end,1,855410,8651775,attack,9,encoder_block_9,0.5264770984649658,2,100,5
false_end_1,false,end,1,855410,8651775,attack,10,encoder_block_10,0.8746073246002197,2,100,5
false_end_1,false,end,1,855410,8651775,attack,11,encoder_block_11,1.6735892295837402,3,100,5
false_end_1,false,end,1,855410,8651775,attack,12,encoder_block_12,2.012355923652649,3,100,5
false_end_1,false,end,1,87181,7666831,original,0,embedding,0.8100113868713379,27,100,100
false_end_1,false,end,1,87181,7666831,original,1,encoder_block_1,0.419034481048584,24,100,100
false_end_1,false,end,1,87181,7666831,original,2,encoder_block_2,0.3467845916748047,21,100,100
false_end_1,false,end,1,87181,7666831,original,3,encoder_block_3,0.4255003929138183,7,100,100
false_end_1,false,end,1,87181,7666831,original,4,encoder_block_4,0.4125947952270508,3,100,100
false_end_1,false,end,1,87181,7666831,original,5,encoder_block_5,0.4371976852416992,1,100,100
false_end_1,false,end,1,87181,7666831,original,6,encoder_block_6,0.4695465564727783,1,100,100
false_end_1,false,end,1,87181,7666831,original,7,encoder_block_7,0.3935003280639648,3,100,100
false_end_1,false,end,1,87181,7666831,original,8,encoder_block_8,0.3623545169830322,3,100,100
false_end_1,false,end,1,87181,7666831,original,9,encoder_block_9,0.5190751552581787,4,100,100
false_end_1,false,end,1,87181,7666831,original,10,encoder_block_10,0.0401558876037597,23,100,100
false_end_1,false,end,1,87181,7666831,original,11,encoder_block_11,1.007146954536438,20,100,100
false_end_1,false,end,1,87181,7666831,original,12,encoder_block_12,1.1425405740737915,25,100,100
false_end_1,false,end,1,87181,7666831,padded_control,0,embedding,0.8100128173828125,27,100,100
false_end_1,false,end,1,87181,7666831,padded_control,1,encoder_block_1,0.4234654903411865,23,100,100
false_end_1,false,end,1,87181,7666831,padded_control,2,encoder_block_2,0.3483853340148926,21,100,100
false_end_1,false,end,1,87181,7666831,padded_control,3,encoder_block_3,0.4248135089874267,7,100,100
false_end_1,false,end,1,87181,7666831,padded_control,4,encoder_block_4,0.4111104011535644,3,100,100
false_end_1,false,end,1,87181,7666831,padded_control,5,encoder_block_5,0.4377574920654297,1,100,100
false_end_1,false,end,1,87181,7666831,padded_control,6,encoder_block_6,0.4717135429382324,1,100,100
false_end_1,false,end,1,87181,7666831,padded_control,7,encoder_block_7,0.393057107925415,3,100,100
false_end_1,false,end,1,87181,7666831,padded_control,8,encoder_block_8,0.3590259552001953,3,100,100
false_end_1,false,end,1,87181,7666831,padded_control,9,encoder_block_9,0.5082368850708008,4,100,100
false_end_1,false,end,1,87181,7666831,padded_control,10,encoder_block_10,0.0277402400970459,24,100,100
false_end_1,false,end,1,87181,7666831,padded_control,11,encoder_block_11,0.994837999343872,20,100,100
false_end_1,false,end,1,87181,7666831,padded_control,12,encoder_block_12,1.1287926733493805,25,100,100
false_end_1,false,end,1,87181,7666831,attack,0,embedding,0.7324354648590088,30,100,100
false_end_1,false,end,1,87181,7666831,attack,1,encoder_block_1,0.3332483768463135,32,100,100
false_end_1,false,end,1,87181,7666831,attack,2,encoder_block_2,0.2372498512268066,27,100,100
false_end_1,false,end,1,87181,7666831,attack,3,encoder_block_3,0.2932226657867431,22,100,100
false_end_1,false,end,1,87181,7666831,attack,4,encoder_block_4,0.252983808517456,6,100,100
false_end_1,false,end,1,87181,7666831,attack,5,encoder_block_5,0.278877854347229,4,100,100
false_end_1,false,end,1,87181,7666831,attack,6,encoder_block_6,0.3556445837020874,2,100,100
false_end_1,false,end,1,87181,7666831,attack,7,encoder_block_7,0.3029196262359619,5,100,100
false_end_1,false,end,1,87181,7666831,attack,8,encoder_block_8,0.3099462985992431,5,100,100
false_end_1,false,end,1,87181,7666831,attack,9,encoder_block_9,0.4331315755844116,8,100,100
false_end_1,false,end,1,87181,7666831,attack,10,encoder_block_10,-0.0140728950500488,26,100,100
false_end_1,false,end,1,87181,7666831,attack,11,encoder_block_11,0.9784539937973022,20,100,100
false_end_1,false,end,1,87181,7666831,attack,12,encoder_block_12,1.1574235558509829,25,100,100
false_end_1,false,end,1,87452,8819111,original,0,embedding,0.1429789066314697,70,100,100
false_end_1,false,end,1,87452,8819111,original,1,encoder_block_1,-0.1309511661529541,87,100,100
false_end_1,false,end,1,87452,8819111,original,2,encoder_block_2,0.1744441986083984,96,100,100
false_end_1,false,end,1,87452,8819111,original,3,encoder_block_3,0.2161939144134521,92,100,100
false_end_1,false,end,1,87452,8819111,original,4,encoder_block_4,0.2382903099060058,94,100,100
false_end_1,false,end,1,87452,8819111,original,5,encoder_block_5,0.3014798164367676,93,100,100
false_end_1,false,end,1,87452,8819111,original,6,encoder_block_6,0.2377674579620361,85,100,100
false_end_1,false,end,1,87452,8819111,original,7,encoder_block_7,0.4219114780426025,61,100,100
false_end_1,false,end,1,87452,8819111,original,8,encoder_block_8,0.5371158123016357,50,100,100
false_end_1,false,end,1,87452,8819111,original,9,encoder_block_9,0.7079669237136841,61,100,100
false_end_1,false,end,1,87452,8819111,original,10,encoder_block_10,0.5587437152862549,28,100,100
false_end_1,false,end,1,87452,8819111,original,11,encoder_block_11,1.7053941488265991,11,100,100
false_end_1,false,end,1,87452,8819111,original,12,encoder_block_12,3.4948244094848637,6,100,100
false_end_1,false,end,1,87452,8819111,padded_control,0,embedding,0.1429789066314697,70,100,100
false_end_1,false,end,1,87452,8819111,padded_control,1,encoder_block_1,-0.1250271797180175,86,100,100
false_end_1,false,end,1,87452,8819111,padded_control,2,encoder_block_2,0.1790070533752441,96,100,100
false_end_1,false,end,1,87452,8819111,padded_control,3,encoder_block_3,0.2159457206726074,92,100,100
false_end_1,false,end,1,87452,8819111,padded_control,4,encoder_block_4,0.2411842346191406,94,100,100
false_end_1,false,end,1,87452,8819111,padded_control,5,encoder_block_5,0.3016083240509033,93,100,100
false_end_1,false,end,1,87452,8819111,padded_control,6,encoder_block_6,0.2297120094299316,86,100,100
false_end_1,false,end,1,87452,8819111,padded_control,7,encoder_block_7,0.4121801853179931,63,100,100
false_end_1,false,end,1,87452,8819111,padded_control,8,encoder_block_8,0.5281736850738525,52,100,100
false_end_1,false,end,1,87452,8819111,padded_control,9,encoder_block_9,0.6965563297271729,64,100,100
false_end_1,false,end,1,87452,8819111,padded_control,10,encoder_block_10,0.548858642578125,30,100,100
false_end_1,false,end,1,87452,8819111,padded_control,11,encoder_block_11,1.7082750797271729,11,100,100
false_end_1,false,end,1,87452,8819111,padded_control,12,encoder_block_12,3.4990344047546387,6,100,100
false_end_1,false,end,1,87452,8819111,attack,0,embedding,0.0690579414367675,74,100,100
false_end_1,false,end,1,87452,8819111,attack,1,encoder_block_1,-0.2859203815460205,97,100,100
false_end_1,false,end,1,87452,8819111,attack,2,encoder_block_2,-0.0085377693176269,99,100,100
false_end_1,false,end,1,87452,8819111,attack,3,encoder_block_3,-0.0334343910217285,98,100,100
false_end_1,false,end,1,87452,8819111,attack,4,encoder_block_4,-0.0132708549499511,100,100,100
false_end_1,false,end,1,87452,8819111,attack,5,encoder_block_5,0.0480676889419555,100,100,100
false_end_1,false,end,1,87452,8819111,attack,6,encoder_block_6,0.0226023197174072,97,100,100
false_end_1,false,end,1,87452,8819111,attack,7,encoder_block_7,0.1935060024261474,88,100,100
false_end_1,false,end,1,87452,8819111,attack,8,encoder_block_8,0.4180970191955566,66,100,100
false_end_1,false,end,1,87452,8819111,attack,9,encoder_block_9,0.5855425596237183,79,100,100
false_end_1,false,end,1,87452,8819111,attack,10,encoder_block_10,0.4579477310180664,33,100,100
false_end_1,false,end,1,87452,8819111,attack,11,encoder_block_11,1.7008140087127686,11,100,100
false_end_1,false,end,1,87452,8819111,attack,12,encoder_block_12,3.3969507217407227,8,100,100
false_end_1,false,end,1,915593,8178998,original,0,embedding,0.6703367233276367,51,100,100
false_end_1,false,end,1,915593,8178998,original,1,encoder_block_1,0.7326927185058594,37,100,100
false_end_1,false,end,1,915593,8178998,original,2,encoder_block_2,0.6426405906677246,44,100,100
false_end_1,false,end,1,915593,8178998,original,3,encoder_block_3,0.6695427894592285,40,100,100
false_end_1,false,end,1,915593,8178998,original,4,encoder_block_4,0.7721796035766602,33,100,100
false_end_1,false,end,1,915593,8178998,original,5,encoder_block_5,0.7101783752441406,27,100,100
false_end_1,false,end,1,915593,8178998,original,6,encoder_block_6,0.7242584228515625,20,100,100
false_end_1,false,end,1,915593,8178998,original,7,encoder_block_7,0.7497453689575195,16,100,100
false_end_1,false,end,1,915593,8178998,original,8,encoder_block_8,0.8311061859130859,15,100,100
false_end_1,false,end,1,915593,8178998,original,9,encoder_block_9,0.8523128032684326,18,100,100
false_end_1,false,end,1,915593,8178998,original,10,encoder_block_10,0.6986525058746338,19,100,100
false_end_1,false,end,1,915593,8178998,original,11,encoder_block_11,1.253495216369629,14,100,100
false_end_1,false,end,1,915593,8178998,original,12,encoder_block_12,3.0462746620178223,6,100,100
false_end_1,false,end,1,915593,8178998,padded_control,0,embedding,0.6703364849090576,51,100,100
false_end_1,false,end,1,915593,8178998,padded_control,1,encoder_block_1,0.7350625991821289,37,100,100
false_end_1,false,end,1,915593,8178998,padded_control,2,encoder_block_2,0.6435480117797852,43,100,100
false_end_1,false,end,1,915593,8178998,padded_control,3,encoder_block_3,0.6718976497650146,39,100,100
false_end_1,false,end,1,915593,8178998,padded_control,4,encoder_block_4,0.7725868225097656,33,100,100
false_end_1,false,end,1,915593,8178998,padded_control,5,encoder_block_5,0.7095532417297363,27,100,100
false_end_1,false,end,1,915593,8178998,padded_control,6,encoder_block_6,0.7251248359680176,20,100,100
false_end_1,false,end,1,915593,8178998,padded_control,7,encoder_block_7,0.7493128776550293,16,100,100
false_end_1,false,end,1,915593,8178998,padded_control,8,encoder_block_8,0.8296618461608887,15,100,100
false_end_1,false,end,1,915593,8178998,padded_control,9,encoder_block_9,0.851682186126709,18,100,100
false_end_1,false,end,1,915593,8178998,padded_control,10,encoder_block_10,0.6959760189056396,19,100,100
false_end_1,false,end,1,915593,8178998,padded_control,11,encoder_block_11,1.2532672882080078,14,100,100
false_end_1,false,end,1,915593,8178998,padded_control,12,encoder_block_12,3.057548761367798,6,100,100
false_end_1,false,end,1,915593,8178998,attack,0,embedding,0.5954427719116211,54,100,100
false_end_1,false,end,1,915593,8178998,attack,1,encoder_block_1,0.6069145202636719,49,100,100
false_end_1,false,end,1,915593,8178998,attack,2,encoder_block_2,0.471820592880249,69,100,100
false_end_1,false,end,1,915593,8178998,attack,3,encoder_block_3,0.4405927658081054,69,100,100
false_end_1,false,end,1,915593,8178998,attack,4,encoder_block_4,0.5404045581817627,53,100,100
false_end_1,false,end,1,915593,8178998,attack,5,encoder_block_5,0.51499342918396,42,100,100
false_end_1,false,end,1,915593,8178998,attack,6,encoder_block_6,0.5603361129760742,31,100,100
false_end_1,false,end,1,915593,8178998,attack,7,encoder_block_7,0.610682487487793,25,100,100
false_end_1,false,end,1,915593,8178998,attack,8,encoder_block_8,0.7634687423706055,20,100,100
false_end_1,false,end,1,915593,8178998,attack,9,encoder_block_9,0.770309567451477,20,100,100
false_end_1,false,end,1,915593,8178998,attack,10,encoder_block_10,0.6129698753356934,21,100,100
false_end_1,false,end,1,915593,8178998,attack,11,encoder_block_11,1.192816972732544,16,100,100
false_end_1,false,end,1,915593,8178998,attack,12,encoder_block_12,2.9825308322906494,6,100,100
false_end_1,false,end,1,962179,8689054,original,0,embedding,0.4924960136413574,73,100,100
false_end_1,false,end,1,962179,8689054,original,1,encoder_block_1,0.9855179786682128,46,100,100
false_end_1,false,end,1,962179,8689054,original,2,encoder_block_2,1.276634693145752,33,100,100
false_end_1,false,end,1,962179,8689054,original,3,encoder_block_3,1.0348172187805176,41,100,100
false_end_1,false,end,1,962179,8689054,original,4,encoder_block_4,1.2358736991882324,19,100,100
false_end_1,false,end,1,962179,8689054,original,5,encoder_block_5,0.8853514194488525,18,100,100
false_end_1,false,end,1,962179,8689054,original,6,encoder_block_6,0.8565187454223633,19,100,100
false_end_1,false,end,1,962179,8689054,original,7,encoder_block_7,0.861830472946167,15,100,100
false_end_1,false,end,1,962179,8689054,original,8,encoder_block_8,0.9117321968078612,12,100,100
false_end_1,false,end,1,962179,8689054,original,9,encoder_block_9,0.6227021217346191,10,100,100
false_end_1,false,end,1,962179,8689054,original,10,encoder_block_10,-1.3784269094467163,56,100,100
false_end_1,false,end,1,962179,8689054,original,11,encoder_block_11,-3.9445338249206543,60,100,100
false_end_1,false,end,1,962179,8689054,original,12,encoder_block_12,-11.904458999633787,56,100,100
false_end_1,false,end,1,962179,8689054,padded_control,0,embedding,0.492495059967041,73,100,100
false_end_1,false,end,1,962179,8689054,padded_control,1,encoder_block_1,0.9912333488464355,46,100,100
false_end_1,false,end,1,962179,8689054,padded_control,2,encoder_block_2,1.2808833122253418,33,100,100
false_end_1,false,end,1,962179,8689054,padded_control,3,encoder_block_3,1.0391578674316406,41,100,100
false_end_1,false,end,1,962179,8689054,padded_control,4,encoder_block_4,1.233654260635376,19,100,100
false_end_1,false,end,1,962179,8689054,padded_control,5,encoder_block_5,0.884589672088623,18,100,100
false_end_1,false,end,1,962179,8689054,padded_control,6,encoder_block_6,0.8574881553649902,19,100,100
false_end_1,false,end,1,962179,8689054,padded_control,7,encoder_block_7,0.8630616664886475,15,100,100
false_end_1,false,end,1,962179,8689054,padded_control,8,encoder_block_8,0.913670778274536,12,100,100
false_end_1,false,end,1,962179,8689054,padded_control,9,encoder_block_9,0.6219072341918945,10,100,100
false_end_1,false,end,1,962179,8689054,padded_control,10,encoder_block_10,-1.3963721990585327,57,100,100
false_end_1,false,end,1,962179,8689054,padded_control,11,encoder_block_11,-3.97605562210083,61,100,100
false_end_1,false,end,1,962179,8689054,padded_control,12,encoder_block_12,-11.917457580566406,57,100,100
false_end_1,false,end,1,962179,8689054,attack,0,embedding,0.4325120449066162,77,100,100
false_end_1,false,end,1,962179,8689054,attack,1,encoder_block_1,0.905430555343628,51,100,100
false_end_1,false,end,1,962179,8689054,attack,2,encoder_block_2,1.1708548069000244,47,100,100
false_end_1,false,end,1,962179,8689054,attack,3,encoder_block_3,0.8725054264068604,59,100,100
false_end_1,false,end,1,962179,8689054,attack,4,encoder_block_4,1.0304489135742188,36,100,100
false_end_1,false,end,1,962179,8689054,attack,5,encoder_block_5,0.7121052742004395,28,100,100
false_end_1,false,end,1,962179,8689054,attack,6,encoder_block_6,0.7051539421081543,29,100,100
false_end_1,false,end,1,962179,8689054,attack,7,encoder_block_7,0.7256953716278076,23,100,100
false_end_1,false,end,1,962179,8689054,attack,8,encoder_block_8,0.8130592107772827,18,100,100
false_end_1,false,end,1,962179,8689054,attack,9,encoder_block_9,0.5126030445098877,14,100,100
false_end_1,false,end,1,962179,8689054,attack,10,encoder_block_10,-1.4442265033721924,58,100,100
false_end_1,false,end,1,962179,8689054,attack,11,encoder_block_11,-3.958551406860352,61,100,100
false_end_1,false,end,1,962179,8689054,attack,12,encoder_block_12,-11.881891250610352,56,100,100
false_end_1,false,end,1,1037798,8760867,original,0,embedding,1.0277526378631592,20,100,100
false_end_1,false,end,1,1037798,8760867,original,1,encoder_block_1,0.7746071815490723,44,100,100
false_end_1,false,end,1,1037798,8760867,original,2,encoder_block_2,0.7961463928222656,53,100,100
false_end_1,false,end,1,1037798,8760867,original,3,encoder_block_3,0.5291130542755127,61,100,100
false_end_1,false,end,1,1037798,8760867,original,4,encoder_block_4,0.3393959999084472,73,100,100
false_end_1,false,end,1,1037798,8760867,original,5,encoder_block_5,0.2607414722442627,69,100,100
false_end_1,false,end,1,1037798,8760867,original,6,encoder_block_6,0.4179649353027344,60,100,100
false_end_1,false,end,1,1037798,8760867,original,7,encoder_block_7,0.4152679443359375,58,100,100
false_end_1,false,end,1,1037798,8760867,original,8,encoder_block_8,0.3797390460968017,71,100,100
false_end_1,false,end,1,1037798,8760867,original,9,encoder_block_9,0.6364247798919678,64,100,100
false_end_1,false,end,1,1037798,8760867,original,10,encoder_block_10,1.0374128818511963,11,100,100
false_end_1,false,end,1,1037798,8760867,original,11,encoder_block_11,2.7416677474975586,3,100,100
false_end_1,false,end,1,1037798,8760867,original,12,encoder_block_12,5.58027458190918,2,100,100
false_end_1,false,end,1,1037798,8760867,padded_control,0,embedding,1.02775239944458,20,100,100
false_end_1,false,end,1,1037798,8760867,padded_control,1,encoder_block_1,0.7819828987121582,43,100,100
false_end_1,false,end,1,1037798,8760867,padded_control,2,encoder_block_2,0.7960472106933594,53,100,100
false_end_1,false,end,1,1037798,8760867,padded_control,3,encoder_block_3,0.5270013809204102,61,100,100
false_end_1,false,end,1,1037798,8760867,padded_control,4,encoder_block_4,0.3329579830169678,74,100,100
false_end_1,false,end,1,1037798,8760867,padded_control,5,encoder_block_5,0.257521390914917,69,100,100
false_end_1,false,end,1,1037798,8760867,padded_control,6,encoder_block_6,0.4176740646362304,60,100,100
false_end_1,false,end,1,1037798,8760867,padded_control,7,encoder_block_7,0.4133667945861816,58,100,100
false_end_1,false,end,1,1037798,8760867,padded_control,8,encoder_block_8,0.3784778118133545,71,100,100
false_end_1,false,end,1,1037798,8760867,padded_control,9,encoder_block_9,0.6413655281066895,64,100,100
false_end_1,false,end,1,1037798,8760867,padded_control,10,encoder_block_10,1.032158136367798,11,100,100
false_end_1,false,end,1,1037798,8760867,padded_control,11,encoder_block_11,2.741665363311768,3,100,100
false_end_1,false,end,1,1037798,8760867,padded_control,12,encoder_block_12,5.578993797302246,2,100,100
false_end_1,false,end,1,1037798,8760867,attack,0,embedding,0.9274494647979736,31,100,100
false_end_1,false,end,1,1037798,8760867,attack,1,encoder_block_1,0.6619255542755127,50,100,100
false_end_1,false,end,1,1037798,8760867,attack,2,encoder_block_2,0.6579077243804932,66,100,100
false_end_1,false,end,1,1037798,8760867,attack,3,encoder_block_3,0.3535389900207519,80,100,100
false_end_1,false,end,1,1037798,8760867,attack,4,encoder_block_4,0.1569509506225586,86,100,100
false_end_1,false,end,1,1037798,8760867,attack,5,encoder_block_5,0.1011058092117309,83,100,100
false_end_1,false,end,1,1037798,8760867,attack,6,encoder_block_6,0.2767773866653442,82,100,100
false_end_1,false,end,1,1037798,8760867,attack,7,encoder_block_7,0.2922831773757934,72,100,100
false_end_1,false,end,1,1037798,8760867,attack,8,encoder_block_8,0.2803257703781128,79,100,100
false_end_1,false,end,1,1037798,8760867,attack,9,encoder_block_9,0.5215952396392822,78,100,100
false_end_1,false,end,1,1037798,8760867,attack,10,encoder_block_10,0.931015968322754,19,100,100
false_end_1,false,end,1,1037798,8760867,attack,11,encoder_block_11,2.7391042709350586,3,100,100
false_end_1,false,end,1,1037798,8760867,attack,12,encoder_block_12,5.596510887145996,2,100,100
false_end_1,false,end,1,104861,5864693,original,0,embedding,1.3101580142974854,13,100,100
false_end_1,false,end,1,104861,5864693,original,1,encoder_block_1,1.3646221160888672,11,100,100
false_end_1,false,end,1,104861,5864693,original,2,encoder_block_2,1.5980381965637207,11,100,100
false_end_1,false,end,1,104861,5864693,original,3,encoder_block_3,1.4628987312316897,18,100,100
false_end_1,false,end,1,104861,5864693,original,4,encoder_block_4,1.7519667148590088,7,100,100
false_end_1,false,end,1,104861,5864693,original,5,encoder_block_5,1.778703689575195,6,100,100
false_end_1,false,end,1,104861,5864693,original,6,encoder_block_6,1.5728740692138672,18,100,100
false_end_1,false,end,1,104861,5864693,original,7,encoder_block_7,1.539109706878662,21,100,100
false_end_1,false,end,1,104861,5864693,original,8,encoder_block_8,1.4703872203826904,19,100,100
false_end_1,false,end,1,104861,5864693,original,9,encoder_block_9,1.5695881843566897,26,100,100
false_end_1,false,end,1,104861,5864693,original,10,encoder_block_10,1.575225830078125,23,100,100
false_end_1,false,end,1,104861,5864693,original,11,encoder_block_11,1.169312596321106,31,100,100
false_end_1,false,end,1,104861,5864693,original,12,encoder_block_12,-5.711215972900391,34,100,100
false_end_1,false,end,1,104861,5864693,padded_control,0,embedding,1.3101577758789062,13,100,100
false_end_1,false,end,1,104861,5864693,padded_control,1,encoder_block_1,1.3658852577209473,11,100,100
false_end_1,false,end,1,104861,5864693,padded_control,2,encoder_block_2,1.604360580444336,11,100,100
false_end_1,false,end,1,104861,5864693,padded_control,3,encoder_block_3,1.467297077178955,17,100,100
false_end_1,false,end,1,104861,5864693,padded_control,4,encoder_block_4,1.7552502155303955,7,100,100
false_end_1,false,end,1,104861,5864693,padded_control,5,encoder_block_5,1.7824487686157229,6,100,100
false_end_1,false,end,1,104861,5864693,padded_control,6,encoder_block_6,1.5753741264343262,18,100,100
false_end_1,false,end,1,104861,5864693,padded_control,7,encoder_block_7,1.5420079231262207,20,100,100
false_end_1,false,end,1,104861,5864693,padded_control,8,encoder_block_8,1.4731087684631348,19,100,100
false_end_1,false,end,1,104861,5864693,padded_control,9,encoder_block_9,1.5739355087280271,26,100,100
false_end_1,false,end,1,104861,5864693,padded_control,10,encoder_block_10,1.5729608535766602,23,100,100
false_end_1,false,end,1,104861,5864693,padded_control,11,encoder_block_11,1.159668207168579,31,100,100
false_end_1,false,end,1,104861,5864693,padded_control,12,encoder_block_12,-5.722118377685547,34,100,100
false_end_1,false,end,1,104861,5864693,attack,0,embedding,1.2555875778198242,16,100,100
false_end_1,false,end,1,104861,5864693,attack,1,encoder_block_1,1.2397935390472412,24,100,100
false_end_1,false,end,1,104861,5864693,attack,2,encoder_block_2,1.4398279190063477,27,100,100
false_end_1,false,end,1,104861,5864693,attack,3,encoder_block_3,1.2758753299713137,38,100,100
false_end_1,false,end,1,104861,5864693,attack,4,encoder_block_4,1.5343539714813232,22,100,100
false_end_1,false,end,1,104861,5864693,attack,5,encoder_block_5,1.5630290508270264,23,100,100
false_end_1,false,end,1,104861,5864693,attack,6,encoder_block_6,1.418954372406006,29,100,100
false_end_1,false,end,1,104861,5864693,attack,7,encoder_block_7,1.406379222869873,27,100,100
false_end_1,false,end,1,104861,5864693,attack,8,encoder_block_8,1.4302403926849363,23,100,100
false_end_1,false,end,1,104861,5864693,attack,9,encoder_block_9,1.5201492309570312,29,100,100
false_end_1,false,end,1,104861,5864693,attack,10,encoder_block_10,1.5430021286010742,24,100,100
false_end_1,false,end,1,104861,5864693,attack,11,encoder_block_11,1.160101592540741,31,100,100
false_end_1,false,end,1,104861,5864693,attack,12,encoder_block_12,-5.868775367736816,34,100,100
false_end_1,false,end,1,1063750,2997653,original,0,embedding,0.2163100242614746,84,100,100
false_end_1,false,end,1,1063750,2997653,original,1,encoder_block_1,0.3163542747497558,63,100,100
false_end_1,false,end,1,1063750,2997653,original,2,encoder_block_2,0.4243702888488769,54,100,100
false_end_1,false,end,1,1063750,2997653,original,3,encoder_block_3,0.3728740215301513,46,100,100
false_end_1,false,end,1,1063750,2997653,original,4,encoder_block_4,0.5634288787841797,33,100,100
false_end_1,false,end,1,1063750,2997653,original,5,encoder_block_5,0.5658025741577148,33,100,100
false_end_1,false,end,1,1063750,2997653,original,6,encoder_block_6,0.4535949230194092,42,100,100
false_end_1,false,end,1,1063750,2997653,original,7,encoder_block_7,0.5761830806732178,33,100,100
false_end_1,false,end,1,1063750,2997653,original,8,encoder_block_8,0.5439143180847168,35,100,100
false_end_1,false,end,1,1063750,2997653,original,9,encoder_block_9,0.5273476839065552,30,100,100
false_end_1,false,end,1,1063750,2997653,original,10,encoder_block_10,0.5664772987365723,11,100,100
false_end_1,false,end,1,1063750,2997653,original,11,encoder_block_11,-0.0346142053604126,27,100,100
false_end_1,false,end,1,1063750,2997653,original,12,encoder_block_12,-9.526568412780762,51,100,100
false_end_1,false,end,1,1063750,2997653,padded_control,0,embedding,0.2163105010986328,84,100,100
false_end_1,false,end,1,1063750,2997653,padded_control,1,encoder_block_1,0.318770170211792,63,100,100
false_end_1,false,end,1,1063750,2997653,padded_control,2,encoder_block_2,0.422245979309082,54,100,100
false_end_1,false,end,1,1063750,2997653,padded_control,3,encoder_block_3,0.371089220046997,46,100,100
false_end_1,false,end,1,1063750,2997653,padded_control,4,encoder_block_4,0.5601987838745117,33,100,100
false_end_1,false,end,1,1063750,2997653,padded_control,5,encoder_block_5,0.5629315376281738,33,100,100
false_end_1,false,end,1,1063750,2997653,padded_control,6,encoder_block_6,0.4513957500457763,42,100,100
false_end_1,false,end,1,1063750,2997653,padded_control,7,encoder_block_7,0.5742459297180176,33,100,100
false_end_1,false,end,1,1063750,2997653,padded_control,8,encoder_block_8,0.5449657440185547,35,100,100
false_end_1,false,end,1,1063750,2997653,padded_control,9,encoder_block_9,0.527719259262085,30,100,100
false_end_1,false,end,1,1063750,2997653,padded_control,10,encoder_block_10,0.5604245662689209,12,100,100
false_end_1,false,end,1,1063750,2997653,padded_control,11,encoder_block_11,-0.0341726541519165,27,100,100
false_end_1,false,end,1,1063750,2997653,padded_control,12,encoder_block_12,-9.504993438720703,51,100,100
false_end_1,false,end,1,1063750,2997653,attack,0,embedding,0.1140813827514648,89,100,100
false_end_1,false,end,1,1063750,2997653,attack,1,encoder_block_1,0.1691198348999023,73,100,100
false_end_1,false,end,1,1063750,2997653,attack,2,encoder_block_2,0.2407221794128418,68,100,100
false_end_1,false,end,1,1063750,2997653,attack,3,encoder_block_3,0.1554174423217773,69,100,100
false_end_1,false,end,1,1063750,2997653,attack,4,encoder_block_4,0.2844593524932861,53,100,100
false_end_1,false,end,1,1063750,2997653,attack,5,encoder_block_5,0.3137276172637939,54,100,100
false_end_1,false,end,1,1063750,2997653,attack,6,encoder_block_6,0.2595816850662231,59,100,100
false_end_1,false,end,1,1063750,2997653,attack,7,encoder_block_7,0.4153993129730224,45,100,100
false_end_1,false,end,1,1063750,2997653,attack,8,encoder_block_8,0.4563243389129638,40,100,100
false_end_1,false,end,1,1063750,2997653,attack,9,encoder_block_9,0.453704833984375,40,100,100
false_end_1,false,end,1,1063750,2997653,attack,10,encoder_block_10,0.474323034286499,17,100,100
false_end_1,false,end,1,1063750,2997653,attack,11,encoder_block_11,-0.0608655214309692,27,100,100
false_end_1,false,end,1,1063750,2997653,attack,12,encoder_block_12,-9.409969329833984,49,100,100
false_end_1,false,end,1,1103812,1659850,original,0,embedding,0.4257817268371582,82,100,100
false_end_1,false,end,1,1103812,1659850,original,1,encoder_block_1,0.3321256637573242,75,100,100
false_end_1,false,end,1,1103812,1659850,original,2,encoder_block_2,0.6252179145812988,53,100,100
false_end_1,false,end,1,1103812,1659850,original,3,encoder_block_3,0.5269737243652344,39,100,100
false_end_1,false,end,1,1103812,1659850,original,4,encoder_block_4,0.2543373107910156,57,100,100
false_end_1,false,end,1,1103812,1659850,original,5,encoder_block_5,0.1775403022766113,55,100,100
false_end_1,false,end,1,1103812,1659850,original,6,encoder_block_6,0.2524967193603515,53,100,100
false_end_1,false,end,1,1103812,1659850,original,7,encoder_block_7,0.3296332359313965,46,100,100
false_end_1,false,end,1,1103812,1659850,original,8,encoder_block_8,0.3016543388366699,45,100,100
false_end_1,false,end,1,1103812,1659850,original,9,encoder_block_9,0.5543015003204346,16,100,100
false_end_1,false,end,1,1103812,1659850,original,10,encoder_block_10,0.2654201984405517,18,100,100
false_end_1,false,end,1,1103812,1659850,original,11,encoder_block_11,0.0378303527832031,22,100,100
false_end_1,false,end,1,1103812,1659850,original,12,encoder_block_12,-5.150150299072266,25,100,100
false_end_1,false,end,1,1103812,1659850,padded_control,0,embedding,0.42578125,82,100,100
false_end_1,false,end,1,1103812,1659850,padded_control,1,encoder_block_1,0.3349905014038086,75,100,100
false_end_1,false,end,1,1103812,1659850,padded_control,2,encoder_block_2,0.6292810440063477,53,100,100
false_end_1,false,end,1,1103812,1659850,padded_control,3,encoder_block_3,0.5262322425842285,39,100,100
false_end_1,false,end,1,1103812,1659850,padded_control,4,encoder_block_4,0.2516555786132812,57,100,100
false_end_1,false,end,1,1103812,1659850,padded_control,5,encoder_block_5,0.1782965660095214,55,100,100
false_end_1,false,end,1,1103812,1659850,padded_control,6,encoder_block_6,0.2535333633422851,53,100,100
false_end_1,false,end,1,1103812,1659850,padded_control,7,encoder_block_7,0.3287796974182129,46,100,100
false_end_1,false,end,1,1103812,1659850,padded_control,8,encoder_block_8,0.3013653755187988,45,100,100
false_end_1,false,end,1,1103812,1659850,padded_control,9,encoder_block_9,0.5547666549682617,16,100,100
false_end_1,false,end,1,1103812,1659850,padded_control,10,encoder_block_10,0.2597401142120361,18,100,100
false_end_1,false,end,1,1103812,1659850,padded_control,11,encoder_block_11,0.0238621234893798,22,100,100
false_end_1,false,end,1,1103812,1659850,padded_control,12,encoder_block_12,-5.267386436462402,26,100,100
false_end_1,false,end,1,1103812,1659850,attack,0,embedding,0.3548014163970947,88,100,100
false_end_1,false,end,1,1103812,1659850,attack,1,encoder_block_1,0.240424633026123,79,100,100
false_end_1,false,end,1,1103812,1659850,attack,2,encoder_block_2,0.4847474098205566,69,100,100
false_end_1,false,end,1,1103812,1659850,attack,3,encoder_block_3,0.3519449234008789,65,100,100
false_end_1,false,end,1,1103812,1659850,attack,4,encoder_block_4,0.0384473800659179,80,100,100
false_end_1,false,end,1,1103812,1659850,attack,5,encoder_block_5,-0.0041122436523437,74,100,100
false_end_1,false,end,1,1103812,1659850,attack,6,encoder_block_6,0.095299482345581,71,100,100
false_end_1,false,end,1,1103812,1659850,attack,7,encoder_block_7,0.1877102851867675,59,100,100
false_end_1,false,end,1,1103812,1659850,attack,8,encoder_block_8,0.2209830284118652,57,100,100
false_end_1,false,end,1,1103812,1659850,attack,9,encoder_block_9,0.4734771251678467,21,100,100
false_end_1,false,end,1,1103812,1659850,attack,10,encoder_block_10,0.2320718765258789,20,100,100
false_end_1,false,end,1,1103812,1659850,attack,11,encoder_block_11,0.0470530986785888,22,100,100
false_end_1,false,end,1,1103812,1659850,attack,12,encoder_block_12,-5.24758243560791,26,100,100
false_end_1,false,end,1,1106007,1334335,original,0,embedding,0.4630212783813476,32,100,100
false_end_1,false,end,1,1106007,1334335,original,1,encoder_block_1,0.3073601722717285,31,100,100
false_end_1,false,end,1,1106007,1334335,original,2,encoder_block_2,0.327805757522583,40,100,100
false_end_1,false,end,1,1106007,1334335,original,3,encoder_block_3,-0.0557863712310791,69,100,100
false_end_1,false,end,1,1106007,1334335,original,4,encoder_block_4,-0.0956778526306152,82,100,100
false_end_1,false,end,1,1106007,1334335,original,5,encoder_block_5,0.0753834247589111,75,100,100
false_end_1,false,end,1,1106007,1334335,original,6,encoder_block_6,0.253535509109497,60,100,100
false_end_1,false,end,1,1106007,1334335,original,7,encoder_block_7,0.3280551433563232,60,100,100
false_end_1,false,end,1,1106007,1334335,original,8,encoder_block_8,0.4010298252105713,61,100,100
false_end_1,false,end,1,1106007,1334335,original,9,encoder_block_9,0.7389075756072998,46,100,100
false_end_1,false,end,1,1106007,1334335,original,10,encoder_block_10,1.1145381927490234,24,100,100
false_end_1,false,end,1,1106007,1334335,original,11,encoder_block_11,2.861777305603028,5,100,100
false_end_1,false,end,1,1106007,1334335,original,12,encoder_block_12,5.731571197509766,5,100,100
false_end_1,false,end,1,1106007,1334335,padded_control,0,embedding,0.4630193710327148,32,100,100
false_end_1,false,end,1,1106007,1334335,padded_control,1,encoder_block_1,0.3087697029113769,31,100,100
false_end_1,false,end,1,1106007,1334335,padded_control,2,encoder_block_2,0.3198394775390625,40,100,100
false_end_1,false,end,1,1106007,1334335,padded_control,3,encoder_block_3,-0.06317138671875,69,100,100
false_end_1,false,end,1,1106007,1334335,padded_control,4,encoder_block_4,-0.0972452163696289,82,100,100
false_end_1,false,end,1,1106007,1334335,padded_control,5,encoder_block_5,0.0737979412078857,75,100,100
false_end_1,false,end,1,1106007,1334335,padded_control,6,encoder_block_6,0.2531099319458008,60,100,100
false_end_1,false,end,1,1106007,1334335,padded_control,7,encoder_block_7,0.3314046859741211,60,100,100
false_end_1,false,end,1,1106007,1334335,padded_control,8,encoder_block_8,0.4045758247375488,61,100,100
false_end_1,false,end,1,1106007,1334335,padded_control,9,encoder_block_9,0.7468364238739014,46,100,100
false_end_1,false,end,1,1106007,1334335,padded_control,10,encoder_block_10,1.1150710582733154,24,100,100
false_end_1,false,end,1,1106007,1334335,padded_control,11,encoder_block_11,2.862542629241944,5,100,100
false_end_1,false,end,1,1106007,1334335,padded_control,12,encoder_block_12,5.749405860900879,5,100,100
false_end_1,false,end,1,1106007,1334335,attack,0,embedding,0.2388124465942382,48,100,100
false_end_1,false,end,1,1106007,1334335,attack,1,encoder_block_1,0.0609498023986816,53,100,100
false_end_1,false,end,1,1106007,1334335,attack,2,encoder_block_2,0.057340383529663,62,100,100
false_end_1,false,end,1,1106007,1334335,attack,3,encoder_block_3,-0.3596673011779785,92,100,100
false_end_1,false,end,1,1106007,1334335,attack,4,encoder_block_4,-0.4276242256164551,99,100,100
false_end_1,false,end,1,1106007,1334335,attack,5,encoder_block_5,-0.2100075483322143,93,100,100
false_end_1,false,end,1,1106007,1334335,attack,6,encoder_block_6,0.008500337600708,84,100,100
false_end_1,false,end,1,1106007,1334335,attack,7,encoder_block_7,0.0593084096908569,74,100,100
false_end_1,false,end,1,1106007,1334335,attack,8,encoder_block_8,0.2049297094345092,76,100,100
false_end_1,false,end,1,1106007,1334335,attack,9,encoder_block_9,0.5354418754577637,66,100,100
false_end_1,false,end,1,1106007,1334335,attack,10,encoder_block_10,0.966501235961914,27,100,100
false_end_1,false,end,1,1106007,1334335,attack,11,encoder_block_11,2.7015676498413086,5,100,100
false_end_1,false,end,1,1106007,1334335,attack,12,encoder_block_12,5.625419616699219,6,100,100
false_end_1,false,end,1,1110199,554521,original,0,embedding,0.7955269813537598,93,100,100
false_end_1,false,end,1,1110199,554521,original,1,encoder_block_1,1.0513067245483398,87,100,100
false_end_1,false,end,1,1110199,554521,original,2,encoder_block_2,1.4016799926757812,79,100,100
false_end_1,false,end,1,1110199,554521,original,3,encoder_block_3,1.446484088897705,65,100,100
false_end_1,false,end,1,1110199,554521,original,4,encoder_block_4,1.5011777877807615,61,100,100
false_end_1,false,end,1,1110199,554521,original,5,encoder_block_5,1.500760555267334,54,100,100
false_end_1,false,end,1,1110199,554521,original,6,encoder_block_6,1.4579405784606934,56,100,100
false_end_1,false,end,1,1110199,554521,original,7,encoder_block_7,1.479618787765503,52,100,100
false_end_1,false,end,1,1110199,554521,original,8,encoder_block_8,1.280795335769653,68,100,100
false_end_1,false,end,1,1110199,554521,original,9,encoder_block_9,1.0054948329925537,85,100,100
false_end_1,false,end,1,1110199,554521,original,10,encoder_block_10,0.3397445678710937,72,100,100
false_end_1,false,end,1,1110199,554521,original,11,encoder_block_11,-1.484497845172882,64,100,100
false_end_1,false,end,1,1110199,554521,original,12,encoder_block_12,-12.087575912475586,59,100,100
false_end_1,false,end,1,1110199,554521,padded_control,0,embedding,0.795527458190918,93,100,100
false_end_1,false,end,1,1110199,554521,padded_control,1,encoder_block_1,1.0506329536437988,87,100,100
false_end_1,false,end,1,1110199,554521,padded_control,2,encoder_block_2,1.404705047607422,79,100,100
false_end_1,false,end,1,1110199,554521,padded_control,3,encoder_block_3,1.4547076225280762,62,100,100
false_end_1,false,end,1,1110199,554521,padded_control,4,encoder_block_4,1.5095210075378418,61,100,100
false_end_1,false,end,1,1110199,554521,padded_control,5,encoder_block_5,1.508871078491211,54,100,100
false_end_1,false,end,1,1110199,554521,padded_control,6,encoder_block_6,1.4647870063781738,54,100,100
false_end_1,false,end,1,1110199,554521,padded_control,7,encoder_block_7,1.4837830066680908,51,100,100
false_end_1,false,end,1,1110199,554521,padded_control,8,encoder_block_8,1.2832200527191162,68,100,100
false_end_1,false,end,1,1110199,554521,padded_control,9,encoder_block_9,1.0062679052352903,85,100,100
false_end_1,false,end,1,1110199,554521,padded_control,10,encoder_block_10,0.325442910194397,72,100,100
false_end_1,false,end,1,1110199,554521,padded_control,11,encoder_block_11,-1.4940990209579468,65,100,100
false_end_1,false,end,1,1110199,554521,padded_control,12,encoder_block_12,-12.081388473510742,59,100,100
false_end_1,false,end,1,1110199,554521,attack,0,embedding,0.6952252388000488,94,100,100
false_end_1,false,end,1,1110199,554521,attack,1,encoder_block_1,0.8371400833129883,95,100,100
false_end_1,false,end,1,1110199,554521,attack,2,encoder_block_2,1.161407470703125,90,100,100
false_end_1,false,end,1,1110199,554521,attack,3,encoder_block_3,1.1759679317474363,89,100,100
false_end_1,false,end,1,1110199,554521,attack,4,encoder_block_4,1.2143988609313965,89,100,100
false_end_1,false,end,1,1110199,554521,attack,5,encoder_block_5,1.2261923551559448,83,100,100
false_end_1,false,end,1,1110199,554521,attack,6,encoder_block_6,1.2475343942642212,76,100,100
false_end_1,false,end,1,1110199,554521,attack,7,encoder_block_7,1.2941824197769165,72,100,100
false_end_1,false,end,1,1110199,554521,attack,8,encoder_block_8,1.1844496726989746,78,100,100
false_end_1,false,end,1,1110199,554521,attack,9,encoder_block_9,0.8912845253944397,95,100,100
false_end_1,false,end,1,1110199,554521,attack,10,encoder_block_10,0.2610442638397217,77,100,100
false_end_1,false,end,1,1110199,554521,attack,11,encoder_block_11,-1.468045711517334,63,100,100
false_end_1,false,end,1,1110199,554521,attack,12,encoder_block_12,-12.14101791381836,59,100,100
false_end_1,false,end,1,1112341,6740558,original,0,embedding,0.8128347396850586,58,100,100
false_end_1,false,end,1,1112341,6740558,original,1,encoder_block_1,1.231400966644287,28,100,100
false_end_1,false,end,1,1112341,6740558,original,2,encoder_block_2,1.3019390106201172,25,100,100
false_end_1,false,end,1,1112341,6740558,original,3,encoder_block_3,1.271320343017578,25,100,100
false_end_1,false,end,1,1112341,6740558,original,4,encoder_block_4,1.3037638664245603,32,100,100
false_end_1,false,end,1,1112341,6740558,original,5,encoder_block_5,1.2275257110595703,44,100,100
false_end_1,false,end,1,1112341,6740558,original,6,encoder_block_6,1.231743335723877,41,100,100
false_end_1,false,end,1,1112341,6740558,original,7,encoder_block_7,1.1494498252868652,54,100,100
false_end_1,false,end,1,1112341,6740558,original,8,encoder_block_8,1.2443883419036863,46,100,100
false_end_1,false,end,1,1112341,6740558,original,9,encoder_block_9,1.2457361221313477,35,100,100
false_end_1,false,end,1,1112341,6740558,original,10,encoder_block_10,-0.5300271511077881,79,100,100
false_end_1,false,end,1,1112341,6740558,original,11,encoder_block_11,-5.415314674377441,96,100,100
false_end_1,false,end,1,1112341,6740558,original,12,encoder_block_12,-13.45517921447754,92,100,100
false_end_1,false,end,1,1112341,6740558,padded_control,0,embedding,0.8128345012664795,58,100,100
false_end_1,false,end,1,1112341,6740558,padded_control,1,encoder_block_1,1.2300128936767578,28,100,100
false_end_1,false,end,1,1112341,6740558,padded_control,2,encoder_block_2,1.300865650177002,25,100,100
false_end_1,false,end,1,1112341,6740558,padded_control,3,encoder_block_3,1.270597219467163,25,100,100
false_end_1,false,end,1,1112341,6740558,padded_control,4,encoder_block_4,1.303483486175537,32,100,100
false_end_1,false,end,1,1112341,6740558,padded_control,5,encoder_block_5,1.2295498847961426,43,100,100
false_end_1,false,end,1,1112341,6740558,padded_control,6,encoder_block_6,1.232619047164917,40,100,100
false_end_1,false,end,1,1112341,6740558,padded_control,7,encoder_block_7,1.151044249534607,54,100,100
false_end_1,false,end,1,1112341,6740558,padded_control,8,encoder_block_8,1.243401288986206,46,100,100
false_end_1,false,end,1,1112341,6740558,padded_control,9,encoder_block_9,1.2440791130065918,35,100,100
false_end_1,false,end,1,1112341,6740558,padded_control,10,encoder_block_10,-0.5454429388046265,80,100,100
false_end_1,false,end,1,1112341,6740558,padded_control,11,encoder_block_11,-5.432254791259766,96,100,100
false_end_1,false,end,1,1112341,6740558,padded_control,12,encoder_block_12,-13.462095260620115,92,100,100
false_end_1,false,end,1,1112341,6740558,attack,0,embedding,0.773015022277832,59,100,100
false_end_1,false,end,1,1112341,6740558,attack,1,encoder_block_1,1.1549553871154783,30,100,100
false_end_1,false,end,1,1112341,6740558,attack,2,encoder_block_2,1.2193760871887207,33,100,100
false_end_1,false,end,1,1112341,6740558,attack,3,encoder_block_3,1.1617517471313477,38,100,100
false_end_1,false,end,1,1112341,6740558,attack,4,encoder_block_4,1.1757409572601318,45,100,100
false_end_1,false,end,1,1112341,6740558,attack,5,encoder_block_5,1.089033603668213,58,100,100
false_end_1,false,end,1,1112341,6740558,attack,6,encoder_block_6,1.120540976524353,50,100,100
false_end_1,false,end,1,1112341,6740558,attack,7,encoder_block_7,1.0454514026641846,61,100,100
false_end_1,false,end,1,1112341,6740558,attack,8,encoder_block_8,1.1870720386505127,51,100,100
false_end_1,false,end,1,1112341,6740558,attack,9,encoder_block_9,1.1749818325042725,39,100,100
false_end_1,false,end,1,1112341,6740558,attack,10,encoder_block_10,-0.5683009624481201,80,100,100
false_end_1,false,end,1,1112341,6740558,attack,11,encoder_block_11,-5.487886428833008,96,100,100
false_end_1,false,end,1,1112341,6740558,attack,12,encoder_block_12,-13.471601486206056,92,100,100
false_end_1,false,end,1,1113437,8128798,original,0,embedding,0.7867050170898438,40,100,100
false_end_1,false,end,1,1113437,8128798,original,1,encoder_block_1,1.082113265991211,21,100,100
false_end_1,false,end,1,1113437,8128798,original,2,encoder_block_2,1.517536163330078,6,100,100
false_end_1,false,end,1,1113437,8128798,original,3,encoder_block_3,1.4747655391693115,11,100,100
false_end_1,false,end,1,1113437,8128798,original,4,encoder_block_4,1.2543466091156006,23,100,100
false_end_1,false,end,1,1113437,8128798,original,5,encoder_block_5,1.0670671463012695,35,100,100
false_end_1,false,end,1,1113437,8128798,original,6,encoder_block_6,1.0043258666992188,40,100,100
false_end_1,false,end,1,1113437,8128798,original,7,encoder_block_7,0.9781198501586914,35,100,100
false_end_1,false,end,1,1113437,8128798,original,8,encoder_block_8,0.9105725288391112,51,100,100
false_end_1,false,end,1,1113437,8128798,original,9,encoder_block_9,1.103043556213379,37,100,100
false_end_1,false,end,1,1113437,8128798,original,10,encoder_block_10,1.127180576324463,27,100,100
false_end_1,false,end,1,1113437,8128798,original,11,encoder_block_11,1.8471105098724363,9,100,100
false_end_1,false,end,1,1113437,8128798,original,12,encoder_block_12,2.607305765151977,7,100,100
false_end_1,false,end,1,1113437,8128798,padded_control,0,embedding,0.7867040634155273,40,100,100
false_end_1,false,end,1,1113437,8128798,padded_control,1,encoder_block_1,1.093794822692871,21,100,100
false_end_1,false,end,1,1113437,8128798,padded_control,2,encoder_block_2,1.528010368347168,6,100,100
false_end_1,false,end,1,1113437,8128798,padded_control,3,encoder_block_3,1.477574110031128,11,100,100
false_end_1,false,end,1,1113437,8128798,padded_control,4,encoder_block_4,1.2511200904846191,23,100,100
false_end_1,false,end,1,1113437,8128798,padded_control,5,encoder_block_5,1.0604994297027588,36,100,100
false_end_1,false,end,1,1113437,8128798,padded_control,6,encoder_block_6,0.9981822967529296,41,100,100
false_end_1,false,end,1,1113437,8128798,padded_control,7,encoder_block_7,0.9746246337890624,35,100,100
false_end_1,false,end,1,1113437,8128798,padded_control,8,encoder_block_8,0.9087200164794922,51,100,100
false_end_1,false,end,1,1113437,8128798,padded_control,9,encoder_block_9,1.1030189990997314,37,100,100
false_end_1,false,end,1,1113437,8128798,padded_control,10,encoder_block_10,1.1247923374176023,29,100,100
false_end_1,false,end,1,1113437,8128798,padded_control,11,encoder_block_11,1.8408942222595213,9,100,100
false_end_1,false,end,1,1113437,8128798,padded_control,12,encoder_block_12,2.5994787216186523,7,100,100
false_end_1,false,end,1,1113437,8128798,attack,0,embedding,0.6855039596557617,48,100,100
false_end_1,false,end,1,1113437,8128798,attack,1,encoder_block_1,0.924952507019043,24,100,100
false_end_1,false,end,1,1113437,8128798,attack,2,encoder_block_2,1.336127758026123,17,100,100
false_end_1,false,end,1,1113437,8128798,attack,3,encoder_block_3,1.2363200187683103,26,100,100
false_end_1,false,end,1,1113437,8128798,attack,4,encoder_block_4,0.9717321395874025,54,100,100
false_end_1,false,end,1,1113437,8128798,attack,5,encoder_block_5,0.81781005859375,64,100,100
false_end_1,false,end,1,1113437,8128798,attack,6,encoder_block_6,0.7952847480773926,68,100,100
false_end_1,false,end,1,1113437,8128798,attack,7,encoder_block_7,0.7845971584320068,61,100,100
false_end_1,false,end,1,1113437,8128798,attack,8,encoder_block_8,0.7860145568847656,59,100,100
false_end_1,false,end,1,1113437,8128798,attack,9,encoder_block_9,0.9255266189575196,52,100,100
false_end_1,false,end,1,1113437,8128798,attack,10,encoder_block_10,0.9989683628082277,37,100,100
false_end_1,false,end,1,1113437,8128798,attack,11,encoder_block_11,1.7800655364990234,10,100,100
false_end_1,false,end,1,1113437,8128798,attack,12,encoder_block_12,2.379181146621704,8,100,100
false_end_1,false,end,1,1114646,771368,original,0,embedding,0.8991603851318359,25,100,100
false_end_1,false,end,1,1114646,771368,original,1,encoder_block_1,-0.2152731418609619,79,100,100
false_end_1,false,end,1,1114646,771368,original,2,encoder_block_2,-0.3260955810546875,90,100,100
false_end_1,false,end,1,1114646,771368,original,3,encoder_block_3,-0.3272824287414551,90,100,100
false_end_1,false,end,1,1114646,771368,original,4,encoder_block_4,-0.3945298194885254,87,100,100
false_end_1,false,end,1,1114646,771368,original,5,encoder_block_5,-0.3273069858551025,73,100,100
false_end_1,false,end,1,1114646,771368,original,6,encoder_block_6,-0.564227819442749,84,100,100
false_end_1,false,end,1,1114646,771368,original,7,encoder_block_7,-0.4446010589599609,69,100,100
false_end_1,false,end,1,1114646,771368,original,8,encoder_block_8,-0.4270515441894531,74,100,100
false_end_1,false,end,1,1114646,771368,original,9,encoder_block_9,-0.078150987625122,66,100,100
false_end_1,false,end,1,1114646,771368,original,10,encoder_block_10,-0.363248348236084,30,100,100
false_end_1,false,end,1,1114646,771368,original,11,encoder_block_11,0.0972094535827636,11,100,100
false_end_1,false,end,1,1114646,771368,original,12,encoder_block_12,-5.759502410888672,22,100,100
false_end_1,false,end,1,1114646,771368,padded_control,0,embedding,0.8991599082946777,25,100,100
false_end_1,false,end,1,1114646,771368,padded_control,1,encoder_block_1,-0.2133691310882568,79,100,100
false_end_1,false,end,1,1114646,771368,padded_control,2,encoder_block_2,-0.3218808174133301,89,100,100
false_end_1,false,end,1,1114646,771368,padded_control,3,encoder_block_3,-0.32253098487854,87,100,100
false_end_1,false,end,1,1114646,771368,padded_control,4,encoder_block_4,-0.3888502120971679,87,100,100
false_end_1,false,end,1,1114646,771368,padded_control,5,encoder_block_5,-0.3211827278137207,73,100,100
false_end_1,false,end,1,1114646,771368,padded_control,6,encoder_block_6,-0.561776876449585,84,100,100
false_end_1,false,end,1,1114646,771368,padded_control,7,encoder_block_7,-0.4440860748291015,69,100,100
false_end_1,false,end,1,1114646,771368,padded_control,8,encoder_block_8,-0.425015926361084,74,100,100
false_end_1,false,end,1,1114646,771368,padded_control,9,encoder_block_9,-0.0736973285675048,66,100,100
false_end_1,false,end,1,1114646,771368,padded_control,10,encoder_block_10,-0.3692288398742676,32,100,100
false_end_1,false,end,1,1114646,771368,padded_control,11,encoder_block_11,0.1070117950439453,11,100,100
false_end_1,false,end,1,1114646,771368,padded_control,12,encoder_block_12,-5.708152770996094,21,100,100
false_end_1,false,end,1,1114646,771368,attack,0,embedding,0.724114179611206,41,100,100
false_end_1,false,end,1,1114646,771368,attack,1,encoder_block_1,-0.4084680080413818,89,100,100
false_end_1,false,end,1,1114646,771368,attack,2,encoder_block_2,-0.5349593162536621,98,100,100
false_end_1,false,end,1,1114646,771368,attack,3,encoder_block_3,-0.5630264282226562,99,100,100
false_end_1,false,end,1,1114646,771368,attack,4,encoder_block_4,-0.6135103702545166,99,100,100
false_end_1,false,end,1,1114646,771368,attack,5,encoder_block_5,-0.499646782875061,87,100,100
false_end_1,false,end,1,1114646,771368,attack,6,encoder_block_6,-0.7033302783966064,95,100,100
false_end_1,false,end,1,1114646,771368,attack,7,encoder_block_7,-0.582738995552063,84,100,100
false_end_1,false,end,1,1114646,771368,attack,8,encoder_block_8,-0.5002784729003906,83,100,100
false_end_1,false,end,1,1114646,771368,attack,9,encoder_block_9,-0.1520049571990966,69,100,100
false_end_1,false,end,1,1114646,771368,attack,10,encoder_block_10,-0.4189596176147461,35,100,100
false_end_1,false,end,1,1114646,771368,attack,11,encoder_block_11,0.0810530185699462,11,100,100
false_end_1,false,end,1,1114646,771368,attack,12,encoder_block_12,-6.051278114318848,23,100,100
false_end_1,false,end,1,1114819,4890560,original,0,embedding,0.4533338546752929,74,100,100
false_end_1,false,end,1,1114819,4890560,original,1,encoder_block_1,0.5171561241149902,62,100,100
false_end_1,false,end,1,1114819,4890560,original,2,encoder_block_2,0.8233966827392578,50,100,100
false_end_1,false,end,1,1114819,4890560,original,3,encoder_block_3,0.8937191963195801,54,100,100
false_end_1,false,end,1,1114819,4890560,original,4,encoder_block_4,0.6585564613342285,71,100,100
false_end_1,false,end,1,1114819,4890560,original,5,encoder_block_5,0.5514228343963623,55,100,100
false_end_1,false,end,1,1114819,4890560,original,6,encoder_block_6,0.5663638114929199,51,100,100
false_end_1,false,end,1,1114819,4890560,original,7,encoder_block_7,0.6742615699768066,21,100,100
false_end_1,false,end,1,1114819,4890560,original,8,encoder_block_8,0.9947500228881836,15,100,100
false_end_1,false,end,1,1114819,4890560,original,9,encoder_block_9,1.2763137817382812,11,100,100
false_end_1,false,end,1,1114819,4890560,original,10,encoder_block_10,1.5079107284545898,7,100,100
false_end_1,false,end,1,1114819,4890560,original,11,encoder_block_11,3.185642719268799,6,100,100
false_end_1,false,end,1,1114819,4890560,original,12,encoder_block_12,5.389177322387695,5,100,100
false_end_1,false,end,1,1114819,4890560,padded_control,0,embedding,0.4533333778381347,74,100,100
false_end_1,false,end,1,1114819,4890560,padded_control,1,encoder_block_1,0.5160484313964844,62,100,100
false_end_1,false,end,1,1114819,4890560,padded_control,2,encoder_block_2,0.8176965713500977,50,100,100
false_end_1,false,end,1,1114819,4890560,padded_control,3,encoder_block_3,0.8881652355194092,55,100,100
false_end_1,false,end,1,1114819,4890560,padded_control,4,encoder_block_4,0.6520388126373291,72,100,100
false_end_1,false,end,1,1114819,4890560,padded_control,5,encoder_block_5,0.5470678806304932,58,100,100
false_end_1,false,end,1,1114819,4890560,padded_control,6,encoder_block_6,0.565800666809082,51,100,100
false_end_1,false,end,1,1114819,4890560,padded_control,7,encoder_block_7,0.6753358840942383,21,100,100
false_end_1,false,end,1,1114819,4890560,padded_control,8,encoder_block_8,0.9975180625915528,14,100,100
false_end_1,false,end,1,1114819,4890560,padded_control,9,encoder_block_9,1.2747972011566162,11,100,100
false_end_1,false,end,1,1114819,4890560,padded_control,10,encoder_block_10,1.509774684906006,7,100,100
false_end_1,false,end,1,1114819,4890560,padded_control,11,encoder_block_11,3.184798240661621,6,100,100
false_end_1,false,end,1,1114819,4890560,padded_control,12,encoder_block_12,5.396908760070801,5,100,100
false_end_1,false,end,1,1114819,4890560,attack,0,embedding,0.3001651763916015,84,100,100
false_end_1,false,end,1,1114819,4890560,attack,1,encoder_block_1,0.2718043327331543,86,100,100
false_end_1,false,end,1,1114819,4890560,attack,2,encoder_block_2,0.512953519821167,81,100,100
false_end_1,false,end,1,1114819,4890560,attack,3,encoder_block_3,0.5320417881011963,88,100,100
false_end_1,false,end,1,1114819,4890560,attack,4,encoder_block_4,0.2301430702209472,98,100,100
false_end_1,false,end,1,1114819,4890560,attack,5,encoder_block_5,0.2513425350189209,95,100,100
false_end_1,false,end,1,1114819,4890560,attack,6,encoder_block_6,0.3371737003326416,89,100,100
false_end_1,false,end,1,1114819,4890560,attack,7,encoder_block_7,0.4350650310516357,62,100,100
false_end_1,false,end,1,1114819,4890560,attack,8,encoder_block_8,0.8330719470977783,27,100,100
false_end_1,false,end,1,1114819,4890560,attack,9,encoder_block_9,1.118974208831787,17,100,100
false_end_1,false,end,1,1114819,4890560,attack,10,encoder_block_10,1.397921800613403,7,100,100
false_end_1,false,end,1,1114819,4890560,attack,11,encoder_block_11,3.14277458190918,6,100,100
false_end_1,false,end,1,1114819,4890560,attack,12,encoder_block_12,5.409694671630859,5,100,100
false_end_1,false,end,1,1115776,8106318,original,0,embedding,0.4300417900085449,49,100,100
false_end_1,false,end,1,1115776,8106318,original,1,encoder_block_1,0.502161979675293,23,100,100
false_end_1,false,end,1,1115776,8106318,original,2,encoder_block_2,0.6687197685241699,23,100,100
false_end_1,false,end,1,1115776,8106318,original,3,encoder_block_3,0.8330013751983643,15,100,100
false_end_1,false,end,1,1115776,8106318,original,4,encoder_block_4,0.862576961517334,16,100,100
false_end_1,false,end,1,1115776,8106318,original,5,encoder_block_5,0.6732587814331055,15,100,100
false_end_1,false,end,1,1115776,8106318,original,6,encoder_block_6,0.6080319881439209,17,100,100
false_end_1,false,end,1,1115776,8106318,original,7,encoder_block_7,0.5627334117889404,17,100,100
false_end_1,false,end,1,1115776,8106318,original,8,encoder_block_8,0.5992584228515625,19,100,100
false_end_1,false,end,1,1115776,8106318,original,9,encoder_block_9,0.4895627498626709,24,100,100
false_end_1,false,end,1,1115776,8106318,original,10,encoder_block_10,-0.3291569948196411,28,100,100
false_end_1,false,end,1,1115776,8106318,original,11,encoder_block_11,-0.3736042976379394,19,100,100
false_end_1,false,end,1,1115776,8106318,original,12,encoder_block_12,-3.873445987701416,24,100,100
false_end_1,false,end,1,1115776,8106318,padded_control,0,embedding,0.4300417900085449,49,100,100
false_end_1,false,end,1,1115776,8106318,padded_control,1,encoder_block_1,0.5012092590332031,23,100,100
false_end_1,false,end,1,1115776,8106318,padded_control,2,encoder_block_2,0.6645455360412598,23,100,100
false_end_1,false,end,1,1115776,8106318,padded_control,3,encoder_block_3,0.8342411518096924,15,100,100
false_end_1,false,end,1,1115776,8106318,padded_control,4,encoder_block_4,0.8667299747467041,16,100,100
false_end_1,false,end,1,1115776,8106318,padded_control,5,encoder_block_5,0.6765162944793701,15,100,100
false_end_1,false,end,1,1115776,8106318,padded_control,6,encoder_block_6,0.610508918762207,17,100,100
false_end_1,false,end,1,1115776,8106318,padded_control,7,encoder_block_7,0.5654540061950684,17,100,100
false_end_1,false,end,1,1115776,8106318,padded_control,8,encoder_block_8,0.6052322387695312,19,100,100
false_end_1,false,end,1,1115776,8106318,padded_control,9,encoder_block_9,0.4941511154174804,23,100,100
false_end_1,false,end,1,1115776,8106318,padded_control,10,encoder_block_10,-0.3194012641906738,28,100,100
false_end_1,false,end,1,1115776,8106318,padded_control,11,encoder_block_11,-0.349908709526062,18,100,100
false_end_1,false,end,1,1115776,8106318,padded_control,12,encoder_block_12,-3.764981269836426,24,100,100
false_end_1,false,end,1,1115776,8106318,attack,0,embedding,0.3195610046386719,61,100,100
false_end_1,false,end,1,1115776,8106318,attack,1,encoder_block_1,0.3890485763549804,25,100,100
false_end_1,false,end,1,1115776,8106318,attack,2,encoder_block_2,0.5403037071228027,28,100,100
false_end_1,false,end,1,1115776,8106318,attack,3,encoder_block_3,0.654099702835083,25,100,100
false_end_1,false,end,1,1115776,8106318,attack,4,encoder_block_4,0.6174253225326538,29,100,100
false_end_1,false,end,1,1115776,8106318,attack,5,encoder_block_5,0.4688011407852173,26,100,100
false_end_1,false,end,1,1115776,8106318,attack,6,encoder_block_6,0.4516568183898926,27,100,100
false_end_1,false,end,1,1115776,8106318,attack,7,encoder_block_7,0.4286309480667114,29,100,100
false_end_1,false,end,1,1115776,8106318,attack,8,encoder_block_8,0.5263335704803467,22,100,100
false_end_1,false,end,1,1115776,8106318,attack,9,encoder_block_9,0.4279751777648926,27,100,100
false_end_1,false,end,1,1115776,8106318,attack,10,encoder_block_10,-0.3743324279785156,31,100,100
false_end_1,false,end,1,1115776,8106318,attack,11,encoder_block_11,-0.5504266023635864,20,100,100
false_end_1,false,end,1,1115776,8106318,attack,12,encoder_block_12,-4.253994941711426,24,100,100
false_end_1,false,end,1,1117099,1798620,original,0,embedding,-0.1211490631103515,89,100,100
false_end_1,false,end,1,1117099,1798620,original,1,encoder_block_1,-0.0816750526428222,69,100,100
false_end_1,false,end,1,1117099,1798620,original,2,encoder_block_2,0.1976561546325683,46,100,100
false_end_1,false,end,1,1117099,1798620,original,3,encoder_block_3,0.3560729026794433,32,100,100
false_end_1,false,end,1,1117099,1798620,original,4,encoder_block_4,0.4609498977661133,22,100,100
false_end_1,false,end,1,1117099,1798620,original,5,encoder_block_5,0.4454104900360107,20,100,100
false_end_1,false,end,1,1117099,1798620,original,6,encoder_block_6,0.2973945140838623,36,100,100
false_end_1,false,end,1,1117099,1798620,original,7,encoder_block_7,0.1617908477783203,43,100,100
false_end_1,false,end,1,1117099,1798620,original,8,encoder_block_8,0.1823940277099609,48,100,100
false_end_1,false,end,1,1117099,1798620,original,9,encoder_block_9,0.4112563133239746,37,100,100
false_end_1,false,end,1,1117099,1798620,original,10,encoder_block_10,0.5146245956420898,41,100,100
false_end_1,false,end,1,1117099,1798620,original,11,encoder_block_11,1.436370611190796,24,100,100
false_end_1,false,end,1,1117099,1798620,original,12,encoder_block_12,1.5566261410713196,27,100,100
false_end_1,false,end,1,1117099,1798620,padded_control,0,embedding,-0.1211509704589843,89,100,100
false_end_1,false,end,1,1117099,1798620,padded_control,1,encoder_block_1,-0.0760173797607421,68,100,100
false_end_1,false,end,1,1117099,1798620,padded_control,2,encoder_block_2,0.2012906074523925,46,100,100
false_end_1,false,end,1,1117099,1798620,padded_control,3,encoder_block_3,0.3605217933654785,32,100,100
false_end_1,false,end,1,1117099,1798620,padded_control,4,encoder_block_4,0.4648447036743164,22,100,100
false_end_1,false,end,1,1117099,1798620,padded_control,5,encoder_block_5,0.448660135269165,20,100,100
false_end_1,false,end,1,1117099,1798620,padded_control,6,encoder_block_6,0.3054890632629394,35,100,100
false_end_1,false,end,1,1117099,1798620,padded_control,7,encoder_block_7,0.169893741607666,43,100,100
false_end_1,false,end,1,1117099,1798620,padded_control,8,encoder_block_8,0.1900000572204589,48,100,100
false_end_1,false,end,1,1117099,1798620,padded_control,9,encoder_block_9,0.4182205200195312,37,100,100
false_end_1,false,end,1,1117099,1798620,padded_control,10,encoder_block_10,0.5242297649383545,39,100,100
false_end_1,false,end,1,1117099,1798620,padded_control,11,encoder_block_11,1.44101881980896,24,100,100
false_end_1,false,end,1,1117099,1798620,padded_control,12,encoder_block_12,1.5630018711090088,27,100,100
false_end_1,false,end,1,1117099,1798620,attack,0,embedding,-0.1886129379272461,91,100,100
false_end_1,false,end,1,1117099,1798620,attack,1,encoder_block_1,-0.1738662719726562,76,100,100
false_end_1,false,end,1,1117099,1798620,attack,2,encoder_block_2,0.0885095596313476,53,100,100
false_end_1,false,end,1,1117099,1798620,attack,3,encoder_block_3,0.2207398414611816,40,100,100
false_end_1,false,end,1,1117099,1798620,attack,4,encoder_block_4,0.296818733215332,30,100,100
false_end_1,false,end,1,1117099,1798620,attack,5,encoder_block_5,0.2926652431488037,29,100,100
false_end_1,false,end,1,1117099,1798620,attack,6,encoder_block_6,0.1563825607299804,39,100,100
false_end_1,false,end,1,1117099,1798620,attack,7,encoder_block_7,0.0344734191894531,54,100,100
false_end_1,false,end,1,1117099,1798620,attack,8,encoder_block_8,0.1216487884521484,52,100,100
false_end_1,false,end,1,1117099,1798620,attack,9,encoder_block_9,0.3576416969299316,39,100,100
false_end_1,false,end,1,1117099,1798620,attack,10,encoder_block_10,0.5030727386474609,41,100,100
false_end_1,false,end,1,1117099,1798620,attack,11,encoder_block_11,1.4426443576812744,24,100,100
false_end_1,false,end,1,1117099,1798620,attack,12,encoder_block_12,1.5981374382972715,27,100,100
false_end_1,false,end,1,1121402,188213,original,0,embedding,0.8888998031616211,35,100,100
false_end_1,false,end,1,1121402,188213,original,1,encoder_block_1,0.5044467449188232,49,100,100
false_end_1,false,end,1,1121402,188213,original,2,encoder_block_2,0.639972448348999,37,100,100
false_end_1,false,end,1,1121402,188213,original,3,encoder_block_3,0.7044320106506348,34,100,100
false_end_1,false,end,1,1121402,188213,original,4,encoder_block_4,0.7869665622711182,29,100,100
false_end_1,false,end,1,1121402,188213,original,5,encoder_block_5,0.8197591304779053,25,100,100
false_end_1,false,end,1,1121402,188213,original,6,encoder_block_6,0.8877537250518799,13,100,100
false_end_1,false,end,1,1121402,188213,original,7,encoder_block_7,0.9868974685668944,11,100,100
false_end_1,false,end,1,1121402,188213,original,8,encoder_block_8,1.233314037322998,7,100,100
false_end_1,false,end,1,1121402,188213,original,9,encoder_block_9,1.2798562049865725,4,100,100
false_end_1,false,end,1,1121402,188213,original,10,encoder_block_10,1.5612616539001465,1,100,100
false_end_1,false,end,1,1121402,188213,original,11,encoder_block_11,3.2060556411743164,2,100,100
false_end_1,false,end,1,1121402,188213,original,12,encoder_block_12,5.673476219177246,7,100,100
false_end_1,false,end,1,1121402,188213,padded_control,0,embedding,0.8888998031616211,35,100,100
false_end_1,false,end,1,1121402,188213,padded_control,1,encoder_block_1,0.5059192180633545,49,100,100
false_end_1,false,end,1,1121402,188213,padded_control,2,encoder_block_2,0.6381692886352539,38,100,100
false_end_1,false,end,1,1121402,188213,padded_control,3,encoder_block_3,0.701115608215332,34,100,100
false_end_1,false,end,1,1121402,188213,padded_control,4,encoder_block_4,0.7821846008300781,30,100,100
false_end_1,false,end,1,1121402,188213,padded_control,5,encoder_block_5,0.814378023147583,25,100,100
false_end_1,false,end,1,1121402,188213,padded_control,6,encoder_block_6,0.882012128829956,14,100,100
false_end_1,false,end,1,1121402,188213,padded_control,7,encoder_block_7,0.9813828468322754,12,100,100
false_end_1,false,end,1,1121402,188213,padded_control,8,encoder_block_8,1.234233856201172,7,100,100
false_end_1,false,end,1,1121402,188213,padded_control,9,encoder_block_9,1.2787704467773438,4,100,100
false_end_1,false,end,1,1121402,188213,padded_control,10,encoder_block_10,1.555591106414795,1,100,100
false_end_1,false,end,1,1121402,188213,padded_control,11,encoder_block_11,3.206238269805908,2,100,100
false_end_1,false,end,1,1121402,188213,padded_control,12,encoder_block_12,5.673328399658203,7,100,100
false_end_1,false,end,1,1121402,188213,attack,0,embedding,0.8039846420288086,44,100,100
false_end_1,false,end,1,1121402,188213,attack,1,encoder_block_1,0.39056396484375,55,100,100
false_end_1,false,end,1,1121402,188213,attack,2,encoder_block_2,0.4935545921325683,50,100,100
false_end_1,false,end,1,1121402,188213,attack,3,encoder_block_3,0.4813263416290283,55,100,100
false_end_1,false,end,1,1121402,188213,attack,4,encoder_block_4,0.5064748525619507,48,100,100
false_end_1,false,end,1,1121402,188213,attack,5,encoder_block_5,0.5840845108032227,38,100,100
false_end_1,false,end,1,1121402,188213,attack,6,encoder_block_6,0.6676709651947021,30,100,100
false_end_1,false,end,1,1121402,188213,attack,7,encoder_block_7,0.796762228012085,17,100,100
false_end_1,false,end,1,1121402,188213,attack,8,encoder_block_8,1.1286842823028564,10,100,100
false_end_1,false,end,1,1121402,188213,attack,9,encoder_block_9,1.172126293182373,5,100,100
false_end_1,false,end,1,1121402,188213,attack,10,encoder_block_10,1.4597206115722656,1,100,100
false_end_1,false,end,1,1121402,188213,attack,11,encoder_block_11,3.150309562683105,2,100,100
false_end_1,false,end,1,1121402,188213,attack,12,encoder_block_12,5.660287857055664,7,100,100
false_end_1,false,end,1,1121709,4965913,original,0,embedding,0.8041567802429199,23,100,100
false_end_1,false,end,1,1121709,4965913,original,1,encoder_block_1,0.7356715202331543,12,100,100
false_end_1,false,end,1,1121709,4965913,original,2,encoder_block_2,0.9515345096588136,21,100,100
false_end_1,false,end,1,1121709,4965913,original,3,encoder_block_3,0.9222359657287598,20,100,100
false_end_1,false,end,1,1121709,4965913,original,4,encoder_block_4,1.121793270111084,19,100,100
false_end_1,false,end,1,1121709,4965913,original,5,encoder_block_5,0.9158687591552734,24,100,100
false_end_1,false,end,1,1121709,4965913,original,6,encoder_block_6,0.9815237522125244,22,100,100
false_end_1,false,end,1,1121709,4965913,original,7,encoder_block_7,0.7581958770751953,54,100,100
false_end_1,false,end,1,1121709,4965913,original,8,encoder_block_8,0.6804499626159668,57,100,100
false_end_1,false,end,1,1121709,4965913,original,9,encoder_block_9,0.7687574625015259,60,100,100
false_end_1,false,end,1,1121709,4965913,original,10,encoder_block_10,-0.2624013423919678,86,100,100
false_end_1,false,end,1,1121709,4965913,original,11,encoder_block_11,-3.231502056121826,72,100,100
false_end_1,false,end,1,1121709,4965913,original,12,encoder_block_12,-13.548770904541016,86,100,100
false_end_1,false,end,1,1121709,4965913,padded_control,0,embedding,0.8041563034057617,23,100,100
false_end_1,false,end,1,1121709,4965913,padded_control,1,encoder_block_1,0.7348761558532715,12,100,100
false_end_1,false,end,1,1121709,4965913,padded_control,2,encoder_block_2,0.9499492645263672,21,100,100
false_end_1,false,end,1,1121709,4965913,padded_control,3,encoder_block_3,0.9231491088867188,20,100,100
false_end_1,false,end,1,1121709,4965913,padded_control,4,encoder_block_4,1.1213810443878174,19,100,100
false_end_1,false,end,1,1121709,4965913,padded_control,5,encoder_block_5,0.9148247241973876,24,100,100
false_end_1,false,end,1,1121709,4965913,padded_control,6,encoder_block_6,0.9796839952468872,22,100,100
false_end_1,false,end,1,1121709,4965913,padded_control,7,encoder_block_7,0.7573674917221069,54,100,100
false_end_1,false,end,1,1121709,4965913,padded_control,8,encoder_block_8,0.6821376085281372,57,100,100
false_end_1,false,end,1,1121709,4965913,padded_control,9,encoder_block_9,0.7690699100494385,60,100,100
false_end_1,false,end,1,1121709,4965913,padded_control,10,encoder_block_10,-0.2811826169490814,87,100,100
false_end_1,false,end,1,1121709,4965913,padded_control,11,encoder_block_11,-3.2969226837158203,73,100,100
false_end_1,false,end,1,1121709,4965913,padded_control,12,encoder_block_12,-13.57216739654541,87,100,100
false_end_1,false,end,1,1121709,4965913,attack,0,embedding,0.7460339069366455,26,100,100
false_end_1,false,end,1,1121709,4965913,attack,1,encoder_block_1,0.6410069465637207,13,100,100
false_end_1,false,end,1,1121709,4965913,attack,2,encoder_block_2,0.8407752513885498,27,100,100
false_end_1,false,end,1,1121709,4965913,attack,3,encoder_block_3,0.7745480537414551,33,100,100
false_end_1,false,end,1,1121709,4965913,attack,4,encoder_block_4,0.9430079460144044,31,100,100
false_end_1,false,end,1,1121709,4965913,attack,5,encoder_block_5,0.754541277885437,41,100,100
false_end_1,false,end,1,1121709,4965913,attack,6,encoder_block_6,0.8419750928878784,37,100,100
false_end_1,false,end,1,1121709,4965913,attack,7,encoder_block_7,0.6455391645431519,60,100,100
false_end_1,false,end,1,1121709,4965913,attack,8,encoder_block_8,0.6056582927703857,62,100,100
false_end_1,false,end,1,1121709,4965913,attack,9,encoder_block_9,0.6645910739898682,71,100,100
false_end_1,false,end,1,1121709,4965913,attack,10,encoder_block_10,-0.3621953725814819,92,100,100
false_end_1,false,end,1,1121709,4965913,attack,11,encoder_block_11,-3.339137315750122,73,100,100
false_end_1,false,end,1,1121709,4965913,attack,12,encoder_block_12,-13.528828620910645,85,100,100
false_end_1,false,end,1,1124210,8026740,original,0,embedding,0.7269232273101807,17,100,100
false_end_1,false,end,1,1124210,8026740,original,1,encoder_block_1,0.4585821628570556,30,100,100
false_end_1,false,end,1,1124210,8026740,original,2,encoder_block_2,0.5466594696044922,33,100,100
false_end_1,false,end,1,1124210,8026740,original,3,encoder_block_3,0.7159969806671143,25,100,100
false_end_1,false,end,1,1124210,8026740,original,4,encoder_block_4,0.8464562892913818,19,100,100
false_end_1,false,end,1,1124210,8026740,original,5,encoder_block_5,0.8713822364807129,11,100,100
false_end_1,false,end,1,1124210,8026740,original,6,encoder_block_6,0.7868921756744385,11,100,100
false_end_1,false,end,1,1124210,8026740,original,7,encoder_block_7,0.9112682342529296,10,100,100
false_end_1,false,end,1,1124210,8026740,original,8,encoder_block_8,0.8616187572479248,13,100,100
false_end_1,false,end,1,1124210,8026740,original,9,encoder_block_9,0.9398579597473145,9,100,100
false_end_1,false,end,1,1124210,8026740,original,10,encoder_block_10,0.7700507640838623,8,100,100
false_end_1,false,end,1,1124210,8026740,original,11,encoder_block_11,0.5469598770141602,18,100,100
false_end_1,false,end,1,1124210,8026740,original,12,encoder_block_12,-1.4280482530593872,20,100,100
false_end_1,false,end,1,1124210,8026740,padded_control,0,embedding,0.7269232273101807,17,100,100
false_end_1,false,end,1,1124210,8026740,padded_control,1,encoder_block_1,0.4604907035827636,30,100,100
false_end_1,false,end,1,1124210,8026740,padded_control,2,encoder_block_2,0.5470879077911377,33,100,100
false_end_1,false,end,1,1124210,8026740,padded_control,3,encoder_block_3,0.7180571556091309,24,100,100
false_end_1,false,end,1,1124210,8026740,padded_control,4,encoder_block_4,0.8489904403686523,19,100,100
false_end_1,false,end,1,1124210,8026740,padded_control,5,encoder_block_5,0.8767068386077881,11,100,100
false_end_1,false,end,1,1124210,8026740,padded_control,6,encoder_block_6,0.793609619140625,11,100,100
false_end_1,false,end,1,1124210,8026740,padded_control,7,encoder_block_7,0.9177460670471193,10,100,100
false_end_1,false,end,1,1124210,8026740,padded_control,8,encoder_block_8,0.8677978515625,12,100,100
false_end_1,false,end,1,1124210,8026740,padded_control,9,encoder_block_9,0.9451286792755128,9,100,100
false_end_1,false,end,1,1124210,8026740,padded_control,10,encoder_block_10,0.7784185409545898,8,100,100
false_end_1,false,end,1,1124210,8026740,padded_control,11,encoder_block_11,0.5651164054870605,18,100,100
false_end_1,false,end,1,1124210,8026740,padded_control,12,encoder_block_12,-1.3384884595870972,20,100,100
false_end_1,false,end,1,1124210,8026740,attack,0,embedding,0.6356658935546875,26,100,100
false_end_1,false,end,1,1124210,8026740,attack,1,encoder_block_1,0.322655439376831,44,100,100
false_end_1,false,end,1,1124210,8026740,attack,2,encoder_block_2,0.397648811340332,45,100,100
false_end_1,false,end,1,1124210,8026740,attack,3,encoder_block_3,0.5548715591430664,38,100,100
false_end_1,false,end,1,1124210,8026740,attack,4,encoder_block_4,0.6794772148132324,33,100,100
false_end_1,false,end,1,1124210,8026740,attack,5,encoder_block_5,0.7062156200408936,16,100,100
false_end_1,false,end,1,1124210,8026740,attack,6,encoder_block_6,0.6552741527557373,16,100,100
false_end_1,false,end,1,1124210,8026740,attack,7,encoder_block_7,0.7846331596374512,18,100,100
false_end_1,false,end,1,1124210,8026740,attack,8,encoder_block_8,0.7892880439758301,14,100,100
false_end_1,false,end,1,1124210,8026740,attack,9,encoder_block_9,0.8753178119659424,13,100,100
false_end_1,false,end,1,1124210,8026740,attack,10,encoder_block_10,0.7357113361358643,9,100,100
false_end_1,false,end,1,1124210,8026740,attack,11,encoder_block_11,0.5087778568267822,20,100,100
false_end_1,false,end,1,1124210,8026740,attack,12,encoder_block_12,-1.5939831137657166,21,100,100
false_end_1,false,end,1,1129237,128984,original,0,embedding,-0.4268803596496582,76,100,100
false_end_1,false,end,1,1129237,128984,original,1,encoder_block_1,-0.4387106895446777,60,100,100
false_end_1,false,end,1,1129237,128984,original,2,encoder_block_2,-0.1150264739990234,58,100,100
false_end_1,false,end,1,1129237,128984,original,3,encoder_block_3,0.0110878944396972,48,100,100
false_end_1,false,end,1,1129237,128984,original,4,encoder_block_4,-0.0581402778625488,57,100,100
false_end_1,false,end,1,1129237,128984,original,5,encoder_block_5,-0.2186312675476074,57,100,100
false_end_1,false,end,1,1129237,128984,original,6,encoder_block_6,-0.3394663333892822,68,100,100
false_end_1,false,end,1,1129237,128984,original,7,encoder_block_7,-0.3060479164123535,58,100,100
false_end_1,false,end,1,1129237,128984,original,8,encoder_block_8,-0.2279157638549804,53,100,100
false_end_1,false,end,1,1129237,128984,original,9,encoder_block_9,0.054624319076538,30,100,100
false_end_1,false,end,1,1129237,128984,original,10,encoder_block_10,0.5939323902130127,8,100,100
false_end_1,false,end,1,1129237,128984,original,11,encoder_block_11,2.355377674102783,3,100,100
false_end_1,false,end,1,1129237,128984,original,12,encoder_block_12,3.980635643005371,3,100,100
false_end_1,false,end,1,1129237,128984,padded_control,0,embedding,-0.4268817901611328,76,100,100
false_end_1,false,end,1,1129237,128984,padded_control,1,encoder_block_1,-0.4365649223327636,60,100,100
false_end_1,false,end,1,1129237,128984,padded_control,2,encoder_block_2,-0.1117677688598632,58,100,100
false_end_1,false,end,1,1129237,128984,padded_control,3,encoder_block_3,0.0142154693603515,48,100,100
false_end_1,false,end,1,1129237,128984,padded_control,4,encoder_block_4,-0.057525634765625,57,100,100
false_end_1,false,end,1,1129237,128984,padded_control,5,encoder_block_5,-0.2228260040283203,57,100,100
false_end_1,false,end,1,1129237,128984,padded_control,6,encoder_block_6,-0.3417203426361084,68,100,100
false_end_1,false,end,1,1129237,128984,padded_control,7,encoder_block_7,-0.3072056770324707,58,100,100
false_end_1,false,end,1,1129237,128984,padded_control,8,encoder_block_8,-0.2257280349731445,52,100,100
false_end_1,false,end,1,1129237,128984,padded_control,9,encoder_block_9,0.0593266487121582,30,100,100
false_end_1,false,end,1,1129237,128984,padded_control,10,encoder_block_10,0.5956110954284668,8,100,100
false_end_1,false,end,1,1129237,128984,padded_control,11,encoder_block_11,2.3604955673217773,3,100,100
false_end_1,false,end,1,1129237,128984,padded_control,12,encoder_block_12,3.973631858825684,3,100,100
false_end_1,false,end,1,1129237,128984,attack,0,embedding,-0.4926362037658691,83,100,100
false_end_1,false,end,1,1129237,128984,attack,1,encoder_block_1,-0.5198907852172852,65,100,100
false_end_1,false,end,1,1129237,128984,attack,2,encoder_block_2,-0.2064704895019531,63,100,100
false_end_1,false,end,1,1129237,128984,attack,3,encoder_block_3,-0.111518383026123,60,100,100
false_end_1,false,end,1,1129237,128984,attack,4,encoder_block_4,-0.1863679885864257,71,100,100
false_end_1,false,end,1,1129237,128984,attack,5,encoder_block_5,-0.3295502662658691,70,100,100
false_end_1,false,end,1,1129237,128984,attack,6,encoder_block_6,-0.4236538410186767,75,100,100
false_end_1,false,end,1,1129237,128984,attack,7,encoder_block_7,-0.3593142032623291,66,100,100
false_end_1,false,end,1,1129237,128984,attack,8,encoder_block_8,-0.2552528381347656,55,100,100
false_end_1,false,end,1,1129237,128984,attack,9,encoder_block_9,0.0125529766082763,35,100,100
false_end_1,false,end,1,1129237,128984,attack,10,encoder_block_10,0.5487563610076904,8,100,100
false_end_1,false,end,1,1129237,128984,attack,11,encoder_block_11,2.3366527557373047,3,100,100
false_end_1,false,end,1,1129237,128984,attack,12,encoder_block_12,3.9159927368164062,3,100,100
false_end_1,false,end,1,1133167,6467522,original,0,embedding,-0.6135129928588867,76,100,100
false_end_1,false,end,1,1133167,6467522,original,1,encoder_block_1,-0.2902951240539551,45,100,100
false_end_1,false,end,1,1133167,6467522,original,2,encoder_block_2,-0.3189535140991211,63,100,100
false_end_1,false,end,1,1133167,6467522,original,3,encoder_block_3,-0.3630611896514892,62,100,100
false_end_1,false,end,1,1133167,6467522,original,4,encoder_block_4,-0.0748136043548584,49,100,100
false_end_1,false,end,1,1133167,6467522,original,5,encoder_block_5,-0.0454061031341552,29,100,100
false_end_1,false,end,1,1133167,6467522,original,6,encoder_block_6,-0.0803050994873046,41,100,100
false_end_1,false,end,1,1133167,6467522,original,7,encoder_block_7,-0.1687588691711425,61,100,100
false_end_1,false,end,1,1133167,6467522,original,8,encoder_block_8,-0.0124731063842773,53,100,100
false_end_1,false,end,1,1133167,6467522,original,9,encoder_block_9,0.0904874801635742,52,100,100
false_end_1,false,end,1,1133167,6467522,original,10,encoder_block_10,-0.5169878005981445,63,100,100
false_end_1,false,end,1,1133167,6467522,original,11,encoder_block_11,-0.0270392894744873,60,100,100
false_end_1,false,end,1,1133167,6467522,original,12,encoder_block_12,-0.1112823486328125,67,100,100
false_end_1,false,end,1,1133167,6467522,padded_control,0,embedding,-0.6135139465332031,76,100,100
false_end_1,false,end,1,1133167,6467522,padded_control,1,encoder_block_1,-0.291325569152832,46,100,100
false_end_1,false,end,1,1133167,6467522,padded_control,2,encoder_block_2,-0.3191986083984375,63,100,100
false_end_1,false,end,1,1133167,6467522,padded_control,3,encoder_block_3,-0.3660898208618164,63,100,100
false_end_1,false,end,1,1133167,6467522,padded_control,4,encoder_block_4,-0.078625202178955,49,100,100
false_end_1,false,end,1,1133167,6467522,padded_control,5,encoder_block_5,-0.047062873840332,29,100,100
false_end_1,false,end,1,1133167,6467522,padded_control,6,encoder_block_6,-0.0810151100158691,41,100,100
false_end_1,false,end,1,1133167,6467522,padded_control,7,encoder_block_7,-0.169001817703247,61,100,100
false_end_1,false,end,1,1133167,6467522,padded_control,8,encoder_block_8,-0.0122222900390625,53,100,100
false_end_1,false,end,1,1133167,6467522,padded_control,9,encoder_block_9,0.0914463996887207,52,100,100
false_end_1,false,end,1,1133167,6467522,padded_control,10,encoder_block_10,-0.5203945636749268,63,100,100
false_end_1,false,end,1,1133167,6467522,padded_control,11,encoder_block_11,-0.0295195579528808,60,100,100
false_end_1,false,end,1,1133167,6467522,padded_control,12,encoder_block_12,-0.1124041676521301,67,100,100
false_end_1,false,end,1,1133167,6467522,attack,0,embedding,-0.6603975296020508,82,100,100
false_end_1,false,end,1,1133167,6467522,attack,1,encoder_block_1,-0.3803744316101074,60,100,100
false_end_1,false,end,1,1133167,6467522,attack,2,encoder_block_2,-0.4552745819091797,80,100,100
false_end_1,false,end,1,1133167,6467522,attack,3,encoder_block_3,-0.531177282333374,84,100,100
false_end_1,false,end,1,1133167,6467522,attack,4,encoder_block_4,-0.2772619724273681,73,100,100
false_end_1,false,end,1,1133167,6467522,attack,5,encoder_block_5,-0.2385811805725097,57,100,100
false_end_1,false,end,1,1133167,6467522,attack,6,encoder_block_6,-0.2387678623199463,67,100,100
false_end_1,false,end,1,1133167,6467522,attack,7,encoder_block_7,-0.3093101978302002,72,100,100
false_end_1,false,end,1,1133167,6467522,attack,8,encoder_block_8,-0.0777015686035156,56,100,100
false_end_1,false,end,1,1133167,6467522,attack,9,encoder_block_9,-0.0122718811035156,62,100,100
false_end_1,false,end,1,1133167,6467522,attack,10,encoder_block_10,-0.5805425643920898,64,100,100
false_end_1,false,end,1,1133167,6467522,attack,11,encoder_block_11,-0.0174624919891357,60,100,100
false_end_1,false,end,1,1133167,6467522,attack,12,encoder_block_12,-0.3638086318969726,68,100,100
false_end_1,false,end,1,130510,7501563,original,0,embedding,0.2935273647308349,62,100,100
false_end_1,false,end,1,130510,7501563,original,1,encoder_block_1,-0.0269794464111328,63,100,100
false_end_1,false,end,1,130510,7501563,original,2,encoder_block_2,0.2684071063995361,54,100,100
false_end_1,false,end,1,130510,7501563,original,3,encoder_block_3,0.1043019294738769,54,100,100
false_end_1,false,end,1,130510,7501563,original,4,encoder_block_4,0.1415843963623047,43,100,100
false_end_1,false,end,1,130510,7501563,original,5,encoder_block_5,0.3153901100158691,31,100,100
false_end_1,false,end,1,130510,7501563,original,6,encoder_block_6,0.3311595916748047,22,100,100
false_end_1,false,end,1,130510,7501563,original,7,encoder_block_7,0.3659005165100097,25,100,100
false_end_1,false,end,1,130510,7501563,original,8,encoder_block_8,0.2777400016784668,38,100,100
false_end_1,false,end,1,130510,7501563,original,9,encoder_block_9,0.5110898017883301,26,100,100
false_end_1,false,end,1,130510,7501563,original,10,encoder_block_10,0.0353047847747802,47,100,100
false_end_1,false,end,1,130510,7501563,original,11,encoder_block_11,0.0545588731765747,20,100,100
false_end_1,false,end,1,130510,7501563,original,12,encoder_block_12,-6.9109601974487305,22,100,100
false_end_1,false,end,1,130510,7501563,padded_control,0,embedding,0.293527603149414,62,100,100
false_end_1,false,end,1,130510,7501563,padded_control,1,encoder_block_1,-0.0264716148376464,63,100,100
false_end_1,false,end,1,130510,7501563,padded_control,2,encoder_block_2,0.2695326805114746,54,100,100
false_end_1,false,end,1,130510,7501563,padded_control,3,encoder_block_3,0.1042604446411132,54,100,100
false_end_1,false,end,1,130510,7501563,padded_control,4,encoder_block_4,0.1384174823760986,44,100,100
false_end_1,false,end,1,130510,7501563,padded_control,5,encoder_block_5,0.3147139549255371,31,100,100
false_end_1,false,end,1,130510,7501563,padded_control,6,encoder_block_6,0.327972412109375,22,100,100
false_end_1,false,end,1,130510,7501563,padded_control,7,encoder_block_7,0.3626327514648437,26,100,100
false_end_1,false,end,1,130510,7501563,padded_control,8,encoder_block_8,0.2764410972595215,39,100,100
false_end_1,false,end,1,130510,7501563,padded_control,9,encoder_block_9,0.5074644088745117,26,100,100
false_end_1,false,end,1,130510,7501563,padded_control,10,encoder_block_10,0.0323821306228637,47,100,100
false_end_1,false,end,1,130510,7501563,padded_control,11,encoder_block_11,0.0638750195503234,20,100,100
false_end_1,false,end,1,130510,7501563,padded_control,12,encoder_block_12,-6.878979682922363,22,100,100
false_end_1,false,end,1,130510,7501563,attack,0,embedding,0.2284073829650879,70,100,100
false_end_1,false,end,1,130510,7501563,attack,1,encoder_block_1,-0.1309175491333007,73,100,100
false_end_1,false,end,1,130510,7501563,attack,2,encoder_block_2,0.1408333778381347,69,100,100
false_end_1,false,end,1,130510,7501563,attack,3,encoder_block_3,-0.0233869552612304,71,100,100
false_end_1,false,end,1,130510,7501563,attack,4,encoder_block_4,-0.039223313331604,72,100,100
false_end_1,false,end,1,130510,7501563,attack,5,encoder_block_5,0.1366043090820312,45,100,100
false_end_1,false,end,1,130510,7501563,attack,6,encoder_block_6,0.1560676097869873,40,100,100
false_end_1,false,end,1,130510,7501563,attack,7,encoder_block_7,0.1854822635650634,43,100,100
false_end_1,false,end,1,130510,7501563,attack,8,encoder_block_8,0.1572451591491699,48,100,100
false_end_1,false,end,1,130510,7501563,attack,9,encoder_block_9,0.3012381792068481,45,100,100
false_end_1,false,end,1,130510,7501563,attack,10,encoder_block_10,-0.1523252725601196,56,100,100
false_end_1,false,end,1,130510,7501563,attack,11,encoder_block_11,-0.0155788660049438,23,100,100
false_end_1,false,end,1,130510,7501563,attack,12,encoder_block_12,-6.735559463500977,22,100,100
false_end_1,false,end,1,131843,985994,original,0,embedding,-0.4775824546813965,95,100,100
false_end_1,false,end,1,131843,985994,original,1,encoder_block_1,-0.5464203357696533,89,100,100
false_end_1,false,end,1,131843,985994,original,2,encoder_block_2,-0.438441514968872,95,100,100
false_end_1,false,end,1,131843,985994,original,3,encoder_block_3,-0.2846963405609131,91,100,100
false_end_1,false,end,1,131843,985994,original,4,encoder_block_4,-0.3300440311431885,95,100,100
false_end_1,false,end,1,131843,985994,original,5,encoder_block_5,-0.3477847576141357,96,100,100
false_end_1,false,end,1,131843,985994,original,6,encoder_block_6,-0.3066892623901367,98,100,100
false_end_1,false,end,1,131843,985994,original,7,encoder_block_7,-0.0828922986984252,91,100,100
false_end_1,false,end,1,131843,985994,original,8,encoder_block_8,0.124746561050415,52,100,100
false_end_1,false,end,1,131843,985994,original,9,encoder_block_9,0.4970574378967285,27,100,100
false_end_1,false,end,1,131843,985994,original,10,encoder_block_10,0.8721580505371094,5,100,100
false_end_1,false,end,1,131843,985994,original,11,encoder_block_11,2.727198600769043,3,100,100
false_end_1,false,end,1,131843,985994,original,12,encoder_block_12,4.251490592956543,3,100,100
false_end_1,false,end,1,131843,985994,padded_control,0,embedding,-0.4775824546813965,95,100,100
false_end_1,false,end,1,131843,985994,padded_control,1,encoder_block_1,-0.5450971126556396,89,100,100
false_end_1,false,end,1,131843,985994,padded_control,2,encoder_block_2,-0.4361016750335693,95,100,100
false_end_1,false,end,1,131843,985994,padded_control,3,encoder_block_3,-0.2856338024139404,91,100,100
false_end_1,false,end,1,131843,985994,padded_control,4,encoder_block_4,-0.3347899913787842,95,100,100
false_end_1,false,end,1,131843,985994,padded_control,5,encoder_block_5,-0.3513174057006836,96,100,100
false_end_1,false,end,1,131843,985994,padded_control,6,encoder_block_6,-0.3081177473068237,98,100,100
false_end_1,false,end,1,131843,985994,padded_control,7,encoder_block_7,-0.0856178998947143,92,100,100
false_end_1,false,end,1,131843,985994,padded_control,8,encoder_block_8,0.1205675601959228,54,100,100
false_end_1,false,end,1,131843,985994,padded_control,9,encoder_block_9,0.4907248020172119,27,100,100
false_end_1,false,end,1,131843,985994,padded_control,10,encoder_block_10,0.8639390468597412,5,100,100
false_end_1,false,end,1,131843,985994,padded_control,11,encoder_block_11,2.7221851348876958,3,100,100
false_end_1,false,end,1,131843,985994,padded_control,12,encoder_block_12,4.235262870788574,3,100,100
false_end_1,false,end,1,131843,985994,attack,0,embedding,-0.5818686485290527,96,100,100
false_end_1,false,end,1,131843,985994,attack,1,encoder_block_1,-0.7051432132720947,92,100,100
false_end_1,false,end,1,131843,985994,attack,2,encoder_block_2,-0.6134188175201416,100,100,100
false_end_1,false,end,1,131843,985994,attack,3,encoder_block_3,-0.4709270000457763,97,100,100
false_end_1,false,end,1,131843,985994,attack,4,encoder_block_4,-0.562481701374054,100,100,100
false_end_1,false,end,1,131843,985994,attack,5,encoder_block_5,-0.5145460963249207,100,100,100
false_end_1,false,end,1,131843,985994,attack,6,encoder_block_6,-0.4385637044906616,100,100,100
false_end_1,false,end,1,131843,985994,attack,7,encoder_block_7,-0.2054210901260376,98,100,100
false_end_1,false,end,1,131843,985994,attack,8,encoder_block_8,0.0472193956375122,70,100,100
false_end_1,false,end,1,131843,985994,attack,9,encoder_block_9,0.3881301879882812,35,100,100
false_end_1,false,end,1,131843,985994,attack,10,encoder_block_10,0.8103177547454834,7,100,100
false_end_1,false,end,1,131843,985994,attack,11,encoder_block_11,2.6770777702331543,4,100,100
false_end_1,false,end,1,131843,985994,attack,12,encoder_block_12,4.169479846954346,3,100,100
false_end_1,false,end,1,146187,8434623,original,0,embedding,0.839080810546875,31,100,100
false_end_1,false,end,1,146187,8434623,original,1,encoder_block_1,0.5430335998535156,55,100,100
false_end_1,false,end,1,146187,8434623,original,2,encoder_block_2,0.6665821075439453,51,100,100
false_end_1,false,end,1,146187,8434623,original,3,encoder_block_3,0.8036625385284424,55,100,100
false_end_1,false,end,1,146187,8434623,original,4,encoder_block_4,1.0283384323120115,35,100,100
false_end_1,false,end,1,146187,8434623,original,5,encoder_block_5,0.9702348709106444,31,100,100
false_end_1,false,end,1,146187,8434623,original,6,encoder_block_6,1.1109793186187744,26,100,100
false_end_1,false,end,1,146187,8434623,original,7,encoder_block_7,1.2179179191589355,13,100,100
false_end_1,false,end,1,146187,8434623,original,8,encoder_block_8,1.15509033203125,12,100,100
false_end_1,false,end,1,146187,8434623,original,9,encoder_block_9,1.5319747924804688,3,100,100
false_end_1,false,end,1,146187,8434623,original,10,encoder_block_10,1.9369175434112549,2,100,100
false_end_1,false,end,1,146187,8434623,original,11,encoder_block_11,3.685793876647949,1,100,100
false_end_1,false,end,1,146187,8434623,original,12,encoder_block_12,6.538471221923828,1,100,100
false_end_1,false,end,1,146187,8434623,padded_control,0,embedding,0.8390812873840332,31,100,100
false_end_1,false,end,1,146187,8434623,padded_control,1,encoder_block_1,0.543057918548584,55,100,100
false_end_1,false,end,1,146187,8434623,padded_control,2,encoder_block_2,0.6662468910217285,52,100,100
false_end_1,false,end,1,146187,8434623,padded_control,3,encoder_block_3,0.8072199821472168,54,100,100
false_end_1,false,end,1,146187,8434623,padded_control,4,encoder_block_4,1.0298027992248535,35,100,100
false_end_1,false,end,1,146187,8434623,padded_control,5,encoder_block_5,0.9695990085601808,32,100,100
false_end_1,false,end,1,146187,8434623,padded_control,6,encoder_block_6,1.1078002452850342,26,100,100
false_end_1,false,end,1,146187,8434623,padded_control,7,encoder_block_7,1.2197000980377195,13,100,100
false_end_1,false,end,1,146187,8434623,padded_control,8,encoder_block_8,1.1627390384674072,11,100,100
false_end_1,false,end,1,146187,8434623,padded_control,9,encoder_block_9,1.5380408763885498,3,100,100
false_end_1,false,end,1,146187,8434623,padded_control,10,encoder_block_10,1.9444773197174072,2,100,100
false_end_1,false,end,1,146187,8434623,padded_control,11,encoder_block_11,3.6949400901794434,1,100,100
false_end_1,false,end,1,146187,8434623,padded_control,12,encoder_block_12,6.52801513671875,1,100,100
false_end_1,false,end,1,146187,8434623,attack,0,embedding,0.7512595653533936,40,100,100
false_end_1,false,end,1,146187,8434623,attack,1,encoder_block_1,0.4069054126739502,68,100,100
false_end_1,false,end,1,146187,8434623,attack,2,encoder_block_2,0.4903922080993652,71,100,100
false_end_1,false,end,1,146187,8434623,attack,3,encoder_block_3,0.5852639675140381,69,100,100
false_end_1,false,end,1,146187,8434623,attack,4,encoder_block_4,0.7810174226760864,61,100,100
false_end_1,false,end,1,146187,8434623,attack,5,encoder_block_5,0.7656967639923096,48,100,100
false_end_1,false,end,1,146187,8434623,attack,6,encoder_block_6,0.9275041818618774,38,100,100
false_end_1,false,end,1,146187,8434623,attack,7,encoder_block_7,1.0581578016281128,27,100,100
false_end_1,false,end,1,146187,8434623,attack,8,encoder_block_8,1.097771406173706,18,100,100
false_end_1,false,end,1,146187,8434623,attack,9,encoder_block_9,1.4672119617462158,6,100,100
false_end_1,false,end,1,146187,8434623,attack,10,encoder_block_10,1.880176782608032,2,100,100
false_end_1,false,end,1,146187,8434623,attack,11,encoder_block_11,3.7052063941955566,1,100,100
false_end_1,false,end,1,146187,8434623,attack,12,encoder_block_12,6.5063018798828125,1,100,100
false_end_1,false,end,1,148538,615405,original,0,embedding,0.111785888671875,66,100,100
false_end_1,false,end,1,148538,615405,original,1,encoder_block_1,-0.0039806365966796,75,100,100
false_end_1,false,end,1,148538,615405,original,2,encoder_block_2,0.5535988807678223,58,100,100
false_end_1,false,end,1,148538,615405,original,3,encoder_block_3,0.7505226135253906,52,100,100
false_end_1,false,end,1,148538,615405,original,4,encoder_block_4,1.003244400024414,34,100,100
false_end_1,false,end,1,148538,615405,original,5,encoder_block_5,0.9754810333251952,30,100,100
false_end_1,false,end,1,148538,615405,original,6,encoder_block_6,0.9559774398803712,37,100,100
false_end_1,false,end,1,148538,615405,original,7,encoder_block_7,0.980443239212036,31,100,100
false_end_1,false,end,1,148538,615405,original,8,encoder_block_8,1.031313419342041,34,100,100
false_end_1,false,end,1,148538,615405,original,9,encoder_block_9,1.559706449508667,4,100,100
false_end_1,false,end,1,148538,615405,original,10,encoder_block_10,0.731834888458252,21,100,100
false_end_1,false,end,1,148538,615405,original,11,encoder_block_11,0.4549601078033447,38,100,100
false_end_1,false,end,1,148538,615405,original,12,encoder_block_12,-8.18265151977539,66,100,100
false_end_1,false,end,1,148538,615405,padded_control,0,embedding,0.1117854118347168,66,100,100
false_end_1,false,end,1,148538,615405,padded_control,1,encoder_block_1,-0.0042762756347656,75,100,100
false_end_1,false,end,1,148538,615405,padded_control,2,encoder_block_2,0.5551104545593262,58,100,100
false_end_1,false,end,1,148538,615405,padded_control,3,encoder_block_3,0.7544155120849609,51,100,100
false_end_1,false,end,1,148538,615405,padded_control,4,encoder_block_4,1.004499912261963,34,100,100
false_end_1,false,end,1,148538,615405,padded_control,5,encoder_block_5,0.9766201972961426,30,100,100
false_end_1,false,end,1,148538,615405,padded_control,6,encoder_block_6,0.9568648338317872,37,100,100
false_end_1,false,end,1,148538,615405,padded_control,7,encoder_block_7,0.979262351989746,31,100,100
false_end_1,false,end,1,148538,615405,padded_control,8,encoder_block_8,1.029731035232544,34,100,100
false_end_1,false,end,1,148538,615405,padded_control,9,encoder_block_9,1.5581951141357422,4,100,100
false_end_1,false,end,1,148538,615405,padded_control,10,encoder_block_10,0.7228775024414062,21,100,100
false_end_1,false,end,1,148538,615405,padded_control,11,encoder_block_11,0.4403631687164306,40,100,100
false_end_1,false,end,1,148538,615405,padded_control,12,encoder_block_12,-8.206716537475586,67,100,100
false_end_1,false,end,1,148538,615405,attack,0,embedding,0.0576248168945312,71,100,100
false_end_1,false,end,1,148538,615405,attack,1,encoder_block_1,-0.0998339653015136,82,100,100
false_end_1,false,end,1,148538,615405,attack,2,encoder_block_2,0.4102962017059326,76,100,100
false_end_1,false,end,1,148538,615405,attack,3,encoder_block_3,0.5872378349304199,71,100,100
false_end_1,false,end,1,148538,615405,attack,4,encoder_block_4,0.786318302154541,62,100,100
false_end_1,false,end,1,148538,615405,attack,5,encoder_block_5,0.7947263717651367,50,100,100
false_end_1,false,end,1,148538,615405,attack,6,encoder_block_6,0.8095178604125977,63,100,100
false_end_1,false,end,1,148538,615405,attack,7,encoder_block_7,0.8570466041564941,47,100,100
false_end_1,false,end,1,148538,615405,attack,8,encoder_block_8,0.9659535884857178,46,100,100
false_end_1,false,end,1,148538,615405,attack,9,encoder_block_9,1.478618621826172,7,100,100
false_end_1,false,end,1,148538,615405,attack,10,encoder_block_10,0.7062791585922241,21,100,100
false_end_1,false,end,1,148538,615405,attack,11,encoder_block_11,0.4556858539581299,38,100,100
false_end_1,false,end,1,148538,615405,attack,12,encoder_block_12,-8.260738372802734,67,100,100
false_end_1,false,end,1,156493,6139386,original,0,embedding,0.7899231910705566,82,100,100
false_end_1,false,end,1,156493,6139386,original,1,encoder_block_1,1.0343692302703855,59,100,100
false_end_1,false,end,1,156493,6139386,original,2,encoder_block_2,1.1008341312408447,51,100,100
false_end_1,false,end,1,156493,6139386,original,3,encoder_block_3,1.147251844406128,57,100,100
false_end_1,false,end,1,156493,6139386,original,4,encoder_block_4,1.2023391723632812,49,100,100
false_end_1,false,end,1,156493,6139386,original,5,encoder_block_5,1.384761095046997,37,100,100
false_end_1,false,end,1,156493,6139386,original,6,encoder_block_6,1.4009933471679688,37,100,100
false_end_1,false,end,1,156493,6139386,original,7,encoder_block_7,1.5144667625427246,29,100,100
false_end_1,false,end,1,156493,6139386,original,8,encoder_block_8,1.6598200798034668,21,100,100
false_end_1,false,end,1,156493,6139386,original,9,encoder_block_9,1.9056568145751955,12,100,100
false_end_1,false,end,1,156493,6139386,original,10,encoder_block_10,1.9924802780151367,3,100,100
false_end_1,false,end,1,156493,6139386,original,11,encoder_block_11,2.9495105743408203,3,100,100
false_end_1,false,end,1,156493,6139386,original,12,encoder_block_12,3.959214687347412,11,100,100
false_end_1,false,end,1,156493,6139386,padded_control,0,embedding,0.7899231910705566,82,100,100
false_end_1,false,end,1,156493,6139386,padded_control,1,encoder_block_1,1.0408639907836914,59,100,100
false_end_1,false,end,1,156493,6139386,padded_control,2,encoder_block_2,1.1054720878601074,49,100,100
false_end_1,false,end,1,156493,6139386,padded_control,3,encoder_block_3,1.1523094177246094,57,100,100
false_end_1,false,end,1,156493,6139386,padded_control,4,encoder_block_4,1.206434965133667,48,100,100
false_end_1,false,end,1,156493,6139386,padded_control,5,encoder_block_5,1.3861298561096191,37,100,100
false_end_1,false,end,1,156493,6139386,padded_control,6,encoder_block_6,1.399736404418945,37,100,100
false_end_1,false,end,1,156493,6139386,padded_control,7,encoder_block_7,1.510653734207153,30,100,100
false_end_1,false,end,1,156493,6139386,padded_control,8,encoder_block_8,1.6571524143218994,21,100,100
false_end_1,false,end,1,156493,6139386,padded_control,9,encoder_block_9,1.9013557434082031,12,100,100
false_end_1,false,end,1,156493,6139386,padded_control,10,encoder_block_10,1.9848508834838867,3,100,100
false_end_1,false,end,1,156493,6139386,padded_control,11,encoder_block_11,2.9443793296813965,3,100,100
false_end_1,false,end,1,156493,6139386,padded_control,12,encoder_block_12,3.946178436279297,11,100,100
false_end_1,false,end,1,156493,6139386,attack,0,embedding,0.7087578773498535,90,100,100
false_end_1,false,end,1,156493,6139386,attack,1,encoder_block_1,0.9209489822387696,67,100,100
false_end_1,false,end,1,156493,6139386,attack,2,encoder_block_2,0.9488363265991212,62,100,100
false_end_1,false,end,1,156493,6139386,attack,3,encoder_block_3,0.9023070335388184,73,100,100
false_end_1,false,end,1,156493,6139386,attack,4,encoder_block_4,0.9452239274978638,74,100,100
false_end_1,false,end,1,156493,6139386,attack,5,encoder_block_5,1.134041428565979,58,100,100
false_end_1,false,end,1,156493,6139386,attack,6,encoder_block_6,1.18302583694458,47,100,100
false_end_1,false,end,1,156493,6139386,attack,7,encoder_block_7,1.336987018585205,46,100,100
false_end_1,false,end,1,156493,6139386,attack,8,encoder_block_8,1.5492944717407229,34,100,100
false_end_1,false,end,1,156493,6139386,attack,9,encoder_block_9,1.7743074893951416,21,100,100
false_end_1,false,end,1,156493,6139386,attack,10,encoder_block_10,1.8803825378417969,5,100,100
false_end_1,false,end,1,156493,6139386,attack,11,encoder_block_11,2.868968963623047,4,100,100
false_end_1,false,end,1,156493,6139386,attack,12,encoder_block_12,3.862457275390625,13,100,100
false_end_1,false,end,1,168216,1381477,original,0,embedding,-0.1993305683135986,62,100,100
false_end_1,false,end,1,168216,1381477,original,1,encoder_block_1,-0.4686052799224853,83,100,100
false_end_1,false,end,1,168216,1381477,original,2,encoder_block_2,-0.2530303001403808,73,100,100
false_end_1,false,end,1,168216,1381477,original,3,encoder_block_3,-0.0723252296447753,72,100,100
false_end_1,false,end,1,168216,1381477,original,4,encoder_block_4,-0.1228163242340087,71,100,100
false_end_1,false,end,1,168216,1381477,original,5,encoder_block_5,-0.1751852035522461,74,100,100
false_end_1,false,end,1,168216,1381477,original,6,encoder_block_6,-0.204951524734497,75,100,100
false_end_1,false,end,1,168216,1381477,original,7,encoder_block_7,-0.1471688747406005,65,100,100
false_end_1,false,end,1,168216,1381477,original,8,encoder_block_8,-0.076911449432373,56,100,100
false_end_1,false,end,1,168216,1381477,original,9,encoder_block_9,0.2282617092132568,47,100,100
false_end_1,false,end,1,168216,1381477,original,10,encoder_block_10,0.375180721282959,33,100,100
false_end_1,false,end,1,168216,1381477,original,11,encoder_block_11,1.7038626670837402,14,100,100
false_end_1,false,end,1,168216,1381477,original,12,encoder_block_12,4.799738883972168,7,100,100
false_end_1,false,end,1,168216,1381477,padded_control,0,embedding,-0.1993308067321777,62,100,100
false_end_1,false,end,1,168216,1381477,padded_control,1,encoder_block_1,-0.4665114879608154,83,100,100
false_end_1,false,end,1,168216,1381477,padded_control,2,encoder_block_2,-0.2534768581390381,73,100,100
false_end_1,false,end,1,168216,1381477,padded_control,3,encoder_block_3,-0.0743498802185058,74,100,100
false_end_1,false,end,1,168216,1381477,padded_control,4,encoder_block_4,-0.1288709640502929,71,100,100
false_end_1,false,end,1,168216,1381477,padded_control,5,encoder_block_5,-0.1805458068847656,74,100,100
false_end_1,false,end,1,168216,1381477,padded_control,6,encoder_block_6,-0.2113173007965088,78,100,100
false_end_1,false,end,1,168216,1381477,padded_control,7,encoder_block_7,-0.1508564949035644,65,100,100
false_end_1,false,end,1,168216,1381477,padded_control,8,encoder_block_8,-0.083547830581665,60,100,100
false_end_1,false,end,1,168216,1381477,padded_control,9,encoder_block_9,0.2183101177215576,47,100,100
false_end_1,false,end,1,168216,1381477,padded_control,10,encoder_block_10,0.3683676719665527,35,100,100
false_end_1,false,end,1,168216,1381477,padded_control,11,encoder_block_11,1.7058029174804688,14,100,100
false_end_1,false,end,1,168216,1381477,padded_control,12,encoder_block_12,4.805335998535156,7,100,100
false_end_1,false,end,1,168216,1381477,attack,0,embedding,-0.2708323001861572,71,100,100
false_end_1,false,end,1,168216,1381477,attack,1,encoder_block_1,-0.5602059364318848,92,100,100
false_end_1,false,end,1,168216,1381477,attack,2,encoder_block_2,-0.3466529846191406,85,100,100
false_end_1,false,end,1,168216,1381477,attack,3,encoder_block_3,-0.1872289180755615,88,100,100
false_end_1,false,end,1,168216,1381477,attack,4,encoder_block_4,-0.2521045207977295,89,100,100
false_end_1,false,end,1,168216,1381477,attack,5,encoder_block_5,-0.2865626811981201,88,100,100
false_end_1,false,end,1,168216,1381477,attack,6,encoder_block_6,-0.294954776763916,88,100,100
false_end_1,false,end,1,168216,1381477,attack,7,encoder_block_7,-0.2297514677047729,78,100,100
false_end_1,false,end,1,168216,1381477,attack,8,encoder_block_8,-0.1277409791946411,66,100,100
false_end_1,false,end,1,168216,1381477,attack,9,encoder_block_9,0.1468622684478759,52,100,100
false_end_1,false,end,1,168216,1381477,attack,10,encoder_block_10,0.3131005764007568,41,100,100
false_end_1,false,end,1,168216,1381477,attack,11,encoder_block_11,1.679384708404541,14,100,100
false_end_1,false,end,1,168216,1381477,attack,12,encoder_block_12,4.827548980712891,6,100,100
false_end_1,false,end,1,182539,57444,original,0,embedding,0.8517675399780273,10,100,100
false_end_1,false,end,1,182539,57444,original,1,encoder_block_1,0.1863665580749511,37,100,100
false_end_1,false,end,1,182539,57444,original,2,encoder_block_2,0.4431185722351074,29,100,100
false_end_1,false,end,1,182539,57444,original,3,encoder_block_3,0.3264658451080322,28,100,100
false_end_1,false,end,1,182539,57444,original,4,encoder_block_4,0.3077521324157715,39,100,100
false_end_1,false,end,1,182539,57444,original,5,encoder_block_5,0.1655957698822021,58,100,100
false_end_1,false,end,1,182539,57444,original,6,encoder_block_6,-0.0259002447128295,68,100,100
false_end_1,false,end,1,182539,57444,original,7,encoder_block_7,-0.0079948902130126,70,100,100
false_end_1,false,end,1,182539,57444,original,8,encoder_block_8,0.1178991794586181,57,100,100
false_end_1,false,end,1,182539,57444,original,9,encoder_block_9,0.20027756690979,63,100,100
false_end_1,false,end,1,182539,57444,original,10,encoder_block_10,0.4054923057556152,36,100,100
false_end_1,false,end,1,182539,57444,original,11,encoder_block_11,1.2528843879699707,18,100,100
false_end_1,false,end,1,182539,57444,original,12,encoder_block_12,3.517923355102539,3,100,100
false_end_1,false,end,1,182539,57444,padded_control,0,embedding,0.8517670631408691,10,100,100
false_end_1,false,end,1,182539,57444,padded_control,1,encoder_block_1,0.1848256587982177,37,100,100
false_end_1,false,end,1,182539,57444,padded_control,2,encoder_block_2,0.4387931823730469,29,100,100
false_end_1,false,end,1,182539,57444,padded_control,3,encoder_block_3,0.329448938369751,28,100,100
false_end_1,false,end,1,182539,57444,padded_control,4,encoder_block_4,0.3120138645172119,39,100,100
false_end_1,false,end,1,182539,57444,padded_control,5,encoder_block_5,0.1717082262039184,58,100,100
false_end_1,false,end,1,182539,57444,padded_control,6,encoder_block_6,-0.0199112892150878,68,100,100
false_end_1,false,end,1,182539,57444,padded_control,7,encoder_block_7,-0.0008552074432373,69,100,100
false_end_1,false,end,1,182539,57444,padded_control,8,encoder_block_8,0.1257970333099365,57,100,100
false_end_1,false,end,1,182539,57444,padded_control,9,encoder_block_9,0.2040374279022216,63,100,100
false_end_1,false,end,1,182539,57444,padded_control,10,encoder_block_10,0.4054858684539795,36,100,100
false_end_1,false,end,1,182539,57444,padded_control,11,encoder_block_11,1.2513113021850586,18,100,100
false_end_1,false,end,1,182539,57444,padded_control,12,encoder_block_12,3.519563674926758,3,100,100
false_end_1,false,end,1,182539,57444,attack,0,embedding,0.7413716316223145,13,100,100
false_end_1,false,end,1,182539,57444,attack,1,encoder_block_1,0.0245888233184814,50,100,100
false_end_1,false,end,1,182539,57444,attack,2,encoder_block_2,0.2755074501037597,43,100,100
false_end_1,false,end,1,182539,57444,attack,3,encoder_block_3,0.1643716096878051,44,100,100
false_end_1,false,end,1,182539,57444,attack,4,encoder_block_4,0.1399201154708862,52,100,100
false_end_1,false,end,1,182539,57444,attack,5,encoder_block_5,0.0264515876770019,65,100,100
false_end_1,false,end,1,182539,57444,attack,6,encoder_block_6,-0.1367310285568237,78,100,100
false_end_1,false,end,1,182539,57444,attack,7,encoder_block_7,-0.0814366340637207,76,100,100
false_end_1,false,end,1,182539,57444,attack,8,encoder_block_8,0.0819578170776367,61,100,100
false_end_1,false,end,1,182539,57444,attack,9,encoder_block_9,0.1736783981323242,67,100,100
false_end_1,false,end,1,182539,57444,attack,10,encoder_block_10,0.382886528968811,39,100,100
false_end_1,false,end,1,182539,57444,attack,11,encoder_block_11,1.232637643814087,19,100,100
false_end_1,false,end,1,182539,57444,attack,12,encoder_block_12,3.524953842163086,3,100,100
false_end_1,false,end,1,183378,2533260,original,0,embedding,0.6351041793823242,52,100,100
false_end_1,false,end,1,183378,2533260,original,1,encoder_block_1,0.2898142337799072,61,100,100
false_end_1,false,end,1,183378,2533260,original,2,encoder_block_2,0.1717860698699951,72,100,100
false_end_1,false,end,1,183378,2533260,original,3,encoder_block_3,0.0534839630126953,68,100,100
false_end_1,false,end,1,183378,2533260,original,4,encoder_block_4,0.0302550792694091,77,100,100
false_end_1,false,end,1,183378,2533260,original,5,encoder_block_5,0.0528678894042968,71,100,100
false_end_1,false,end,1,183378,2533260,original,6,encoder_block_6,0.098095417022705,64,100,100
false_end_1,false,end,1,183378,2533260,original,7,encoder_block_7,0.0211415290832519,72,100,100
false_end_1,false,end,1,183378,2533260,original,8,encoder_block_8,-0.0266127586364746,73,100,100
false_end_1,false,end,1,183378,2533260,original,9,encoder_block_9,0.2380626201629638,72,100,100
false_end_1,false,end,1,183378,2533260,original,10,encoder_block_10,0.3554348945617676,47,100,100
false_end_1,false,end,1,183378,2533260,original,11,encoder_block_11,-0.0725822448730468,42,100,100
false_end_1,false,end,1,183378,2533260,original,12,encoder_block_12,-7.711319923400879,41,100,100
false_end_1,false,end,1,183378,2533260,padded_control,0,embedding,0.6351032257080078,52,100,100
false_end_1,false,end,1,183378,2533260,padded_control,1,encoder_block_1,0.2891640663146972,61,100,100
false_end_1,false,end,1,183378,2533260,padded_control,2,encoder_block_2,0.1710989475250244,72,100,100
false_end_1,false,end,1,183378,2533260,padded_control,3,encoder_block_3,0.0529546737670898,68,100,100
false_end_1,false,end,1,183378,2533260,padded_control,4,encoder_block_4,0.0284595489501953,77,100,100
false_end_1,false,end,1,183378,2533260,padded_control,5,encoder_block_5,0.0519430637359619,71,100,100
false_end_1,false,end,1,183378,2533260,padded_control,6,encoder_block_6,0.0968601703643798,65,100,100
false_end_1,false,end,1,183378,2533260,padded_control,7,encoder_block_7,0.0178096294403076,73,100,100
false_end_1,false,end,1,183378,2533260,padded_control,8,encoder_block_8,-0.0244650840759277,73,100,100
false_end_1,false,end,1,183378,2533260,padded_control,9,encoder_block_9,0.2413427829742431,71,100,100
false_end_1,false,end,1,183378,2533260,padded_control,10,encoder_block_10,0.3522610664367676,48,100,100
false_end_1,false,end,1,183378,2533260,padded_control,11,encoder_block_11,-0.0800212621688842,42,100,100
false_end_1,false,end,1,183378,2533260,padded_control,12,encoder_block_12,-7.730537414550781,41,100,100
false_end_1,false,end,1,183378,2533260,attack,0,embedding,0.5246639251708984,58,100,100
false_end_1,false,end,1,183378,2533260,attack,1,encoder_block_1,0.1842262744903564,68,100,100
false_end_1,false,end,1,183378,2533260,attack,2,encoder_block_2,0.0653789043426513,80,100,100
false_end_1,false,end,1,183378,2533260,attack,3,encoder_block_3,-0.0607979297637939,80,100,100
false_end_1,false,end,1,183378,2533260,attack,4,encoder_block_4,-0.1029005050659179,87,100,100
false_end_1,false,end,1,183378,2533260,attack,5,encoder_block_5,-0.0625345706939697,80,100,100
false_end_1,false,end,1,183378,2533260,attack,6,encoder_block_6,0.0039093494415283,75,100,100
false_end_1,false,end,1,183378,2533260,attack,7,encoder_block_7,-0.0644865036010742,82,100,100
false_end_1,false,end,1,183378,2533260,attack,8,encoder_block_8,-0.0564689636230468,78,100,100
false_end_1,false,end,1,183378,2533260,attack,9,encoder_block_9,0.203113317489624,75,100,100
false_end_1,false,end,1,183378,2533260,attack,10,encoder_block_10,0.3300747871398926,53,100,100
false_end_1,false,end,1,183378,2533260,attack,11,encoder_block_11,-0.0293973684310913,42,100,100
false_end_1,false,end,1,183378,2533260,attack,12,encoder_block_12,-7.600525856018066,41,100,100
false_end_1,false,end,1,19335,8412687,original,0,embedding,1.1026735305786133,12,100,100
false_end_1,false,end,1,19335,8412687,original,1,encoder_block_1,1.1886119842529297,20,100,100
false_end_1,false,end,1,19335,8412687,original,2,encoder_block_2,1.3699102401733398,19,100,100
false_end_1,false,end,1,19335,8412687,original,3,encoder_block_3,1.4117770195007324,9,100,100
false_end_1,false,end,1,19335,8412687,original,4,encoder_block_4,1.5114059448242188,4,100,100
false_end_1,false,end,1,19335,8412687,original,5,encoder_block_5,1.4916033744812012,4,100,100
false_end_1,false,end,1,19335,8412687,original,6,encoder_block_6,1.4870867729187012,5,100,100
false_end_1,false,end,1,19335,8412687,original,7,encoder_block_7,1.6385631561279297,4,100,100
false_end_1,false,end,1,19335,8412687,original,8,encoder_block_8,1.6945128440856934,3,100,100
false_end_1,false,end,1,19335,8412687,original,9,encoder_block_9,1.507643699645996,8,100,100
false_end_1,false,end,1,19335,8412687,original,10,encoder_block_10,1.340137004852295,15,100,100
false_end_1,false,end,1,19335,8412687,original,11,encoder_block_11,0.8486737012863159,34,100,100
false_end_1,false,end,1,19335,8412687,original,12,encoder_block_12,-5.226619720458984,34,100,100
false_end_1,false,end,1,19335,8412687,padded_control,0,embedding,1.1026735305786133,12,100,100
false_end_1,false,end,1,19335,8412687,padded_control,1,encoder_block_1,1.1903486251831057,20,100,100
false_end_1,false,end,1,19335,8412687,padded_control,2,encoder_block_2,1.3697638511657717,19,100,100
false_end_1,false,end,1,19335,8412687,padded_control,3,encoder_block_3,1.4112749099731443,9,100,100
false_end_1,false,end,1,19335,8412687,padded_control,4,encoder_block_4,1.5082292556762695,4,100,100
false_end_1,false,end,1,19335,8412687,padded_control,5,encoder_block_5,1.488487720489502,4,100,100
false_end_1,false,end,1,19335,8412687,padded_control,6,encoder_block_6,1.4853172302246094,5,100,100
false_end_1,false,end,1,19335,8412687,padded_control,7,encoder_block_7,1.6376981735229492,4,100,100
false_end_1,false,end,1,19335,8412687,padded_control,8,encoder_block_8,1.694425106048584,3,100,100
false_end_1,false,end,1,19335,8412687,padded_control,9,encoder_block_9,1.5060510635375977,8,100,100
false_end_1,false,end,1,19335,8412687,padded_control,10,encoder_block_10,1.3375294208526611,15,100,100
false_end_1,false,end,1,19335,8412687,padded_control,11,encoder_block_11,0.8529624938964844,34,100,100
false_end_1,false,end,1,19335,8412687,padded_control,12,encoder_block_12,-5.181968688964844,34,100,100
false_end_1,false,end,1,19335,8412687,attack,0,embedding,1.0349493026733398,17,100,100
false_end_1,false,end,1,19335,8412687,attack,1,encoder_block_1,1.102841854095459,28,100,100
false_end_1,false,end,1,19335,8412687,attack,2,encoder_block_2,1.249110221862793,34,100,100
false_end_1,false,end,1,19335,8412687,attack,3,encoder_block_3,1.215531826019287,21,100,100
false_end_1,false,end,1,19335,8412687,attack,4,encoder_block_4,1.261711597442627,18,100,100
false_end_1,false,end,1,19335,8412687,attack,5,encoder_block_5,1.2876434326171875,14,100,100
false_end_1,false,end,1,19335,8412687,attack,6,encoder_block_6,1.3228528499603271,11,100,100
false_end_1,false,end,1,19335,8412687,attack,7,encoder_block_7,1.49418044090271,8,100,100
false_end_1,false,end,1,19335,8412687,attack,8,encoder_block_8,1.6302037239074707,6,100,100
false_end_1,false,end,1,19335,8412687,attack,9,encoder_block_9,1.4376447200775146,11,100,100
false_end_1,false,end,1,19335,8412687,attack,10,encoder_block_10,1.3244962692260742,15,100,100
false_end_1,false,end,1,19335,8412687,attack,11,encoder_block_11,0.8805758953094482,34,100,100
false_end_1,false,end,1,19335,8412687,attack,12,encoder_block_12,-5.202608108520508,34,100,100
false_end_1,false,end,1,207786,8273763,original,0,embedding,0.9972248077392578,18,100,100
false_end_1,false,end,1,207786,8273763,original,1,encoder_block_1,0.6329596042633057,17,100,100
false_end_1,false,end,1,207786,8273763,original,2,encoder_block_2,0.5760855674743652,22,100,100
false_end_1,false,end,1,207786,8273763,original,3,encoder_block_3,0.6168131828308105,17,100,100
false_end_1,false,end,1,207786,8273763,original,4,encoder_block_4,0.6877720355987549,17,100,100
false_end_1,false,end,1,207786,8273763,original,5,encoder_block_5,0.7267248630523682,9,100,100
false_end_1,false,end,1,207786,8273763,original,6,encoder_block_6,0.6738314628601074,13,100,100
false_end_1,false,end,1,207786,8273763,original,7,encoder_block_7,0.7699854373931885,19,100,100
false_end_1,false,end,1,207786,8273763,original,8,encoder_block_8,0.8054978847503662,21,100,100
false_end_1,false,end,1,207786,8273763,original,9,encoder_block_9,0.9049434661865234,14,100,100
false_end_1,false,end,1,207786,8273763,original,10,encoder_block_10,0.8308079242706299,5,100,100
false_end_1,false,end,1,207786,8273763,original,11,encoder_block_11,2.136302709579468,1,100,100
false_end_1,false,end,1,207786,8273763,original,12,encoder_block_12,4.530658721923828,3,100,100
false_end_1,false,end,1,207786,8273763,padded_control,0,embedding,0.9972257614135742,18,100,100
false_end_1,false,end,1,207786,8273763,padded_control,1,encoder_block_1,0.6324665546417236,17,100,100
false_end_1,false,end,1,207786,8273763,padded_control,2,encoder_block_2,0.5769424438476562,22,100,100
false_end_1,false,end,1,207786,8273763,padded_control,3,encoder_block_3,0.6223039627075195,17,100,100
false_end_1,false,end,1,207786,8273763,padded_control,4,encoder_block_4,0.6942620277404785,15,100,100
false_end_1,false,end,1,207786,8273763,padded_control,5,encoder_block_5,0.7315948009490967,9,100,100
false_end_1,false,end,1,207786,8273763,padded_control,6,encoder_block_6,0.6764614582061768,12,100,100
false_end_1,false,end,1,207786,8273763,padded_control,7,encoder_block_7,0.773766279220581,19,100,100
false_end_1,false,end,1,207786,8273763,padded_control,8,encoder_block_8,0.8117966651916504,20,100,100
false_end_1,false,end,1,207786,8273763,padded_control,9,encoder_block_9,0.9104287624359132,13,100,100
false_end_1,false,end,1,207786,8273763,padded_control,10,encoder_block_10,0.8313770294189453,5,100,100
false_end_1,false,end,1,207786,8273763,padded_control,11,encoder_block_11,2.138308525085449,1,100,100
false_end_1,false,end,1,207786,8273763,padded_control,12,encoder_block_12,4.543916702270508,3,100,100
false_end_1,false,end,1,207786,8273763,attack,0,embedding,0.8802294731140137,31,100,100
false_end_1,false,end,1,207786,8273763,attack,1,encoder_block_1,0.4885702133178711,27,100,100
false_end_1,false,end,1,207786,8273763,attack,2,encoder_block_2,0.4245424270629883,40,100,100
false_end_1,false,end,1,207786,8273763,attack,3,encoder_block_3,0.4138305187225342,35,100,100
false_end_1,false,end,1,207786,8273763,attack,4,encoder_block_4,0.4514970779418945,37,100,100
false_end_1,false,end,1,207786,8273763,attack,5,encoder_block_5,0.548925518989563,20,100,100
false_end_1,false,end,1,207786,8273763,attack,6,encoder_block_6,0.509273886680603,28,100,100
false_end_1,false,end,1,207786,8273763,attack,7,encoder_block_7,0.6191525459289551,30,100,100
false_end_1,false,end,1,207786,8273763,attack,8,encoder_block_8,0.7302455902099609,23,100,100
false_end_1,false,end,1,207786,8273763,attack,9,encoder_block_9,0.8089425563812256,21,100,100
false_end_1,false,end,1,207786,8273763,attack,10,encoder_block_10,0.7748565673828125,5,100,100
false_end_1,false,end,1,207786,8273763,attack,11,encoder_block_11,2.1150972843170166,1,100,100
false_end_1,false,end,1,207786,8273763,attack,12,encoder_block_12,4.487059593200684,3,100,100
false_end_1,false,end,1,264014,5611210,original,0,embedding,0.2072415351867675,87,100,100
false_end_1,false,end,1,264014,5611210,original,1,encoder_block_1,0.2824430465698242,69,100,100
false_end_1,false,end,1,264014,5611210,original,2,encoder_block_2,0.5391459465026855,52,100,100
false_end_1,false,end,1,264014,5611210,original,3,encoder_block_3,0.8037543296813965,17,100,100
false_end_1,false,end,1,264014,5611210,original,4,encoder_block_4,1.1867985725402832,5,100,100
false_end_1,false,end,1,264014,5611210,original,5,encoder_block_5,1.0937206745147705,6,100,100
false_end_1,false,end,1,264014,5611210,original,6,encoder_block_6,0.9023098945617676,7,100,100
false_end_1,false,end,1,264014,5611210,original,7,encoder_block_7,0.9688704013824464,8,100,100
false_end_1,false,end,1,264014,5611210,original,8,encoder_block_8,0.9752986431121826,8,100,100
false_end_1,false,end,1,264014,5611210,original,9,encoder_block_9,0.8644800186157227,27,100,100
false_end_1,false,end,1,264014,5611210,original,10,encoder_block_10,0.8236327171325684,34,100,100
false_end_1,false,end,1,264014,5611210,original,11,encoder_block_11,1.599168300628662,35,100,100
false_end_1,false,end,1,264014,5611210,original,12,encoder_block_12,2.977891683578491,32,100,100
false_end_1,false,end,1,264014,5611210,padded_control,0,embedding,0.2072420120239257,87,100,100
false_end_1,false,end,1,264014,5611210,padded_control,1,encoder_block_1,0.2826428413391113,69,100,100
false_end_1,false,end,1,264014,5611210,padded_control,2,encoder_block_2,0.5403144359588623,50,100,100
false_end_1,false,end,1,264014,5611210,padded_control,3,encoder_block_3,0.8037059307098389,17,100,100
false_end_1,false,end,1,264014,5611210,padded_control,4,encoder_block_4,1.1855425834655762,5,100,100
false_end_1,false,end,1,264014,5611210,padded_control,5,encoder_block_5,1.0934727191925049,6,100,100
false_end_1,false,end,1,264014,5611210,padded_control,6,encoder_block_6,0.9037611484527588,7,100,100
false_end_1,false,end,1,264014,5611210,padded_control,7,encoder_block_7,0.969097137451172,8,100,100
false_end_1,false,end,1,264014,5611210,padded_control,8,encoder_block_8,0.9713435173034668,8,100,100
false_end_1,false,end,1,264014,5611210,padded_control,9,encoder_block_9,0.860694169998169,28,100,100
false_end_1,false,end,1,264014,5611210,padded_control,10,encoder_block_10,0.8151750564575195,34,100,100
false_end_1,false,end,1,264014,5611210,padded_control,11,encoder_block_11,1.5894842147827148,35,100,100
false_end_1,false,end,1,264014,5611210,padded_control,12,encoder_block_12,2.9639899730682373,33,100,100
false_end_1,false,end,1,264014,5611210,attack,0,embedding,0.1288251876831054,92,100,100
false_end_1,false,end,1,264014,5611210,attack,1,encoder_block_1,0.1604275703430175,83,100,100
false_end_1,false,end,1,264014,5611210,attack,2,encoder_block_2,0.3955674171447754,68,100,100
false_end_1,false,end,1,264014,5611210,attack,3,encoder_block_3,0.624732255935669,34,100,100
false_end_1,false,end,1,264014,5611210,attack,4,encoder_block_4,0.9910295009613036,12,100,100
false_end_1,false,end,1,264014,5611210,attack,5,encoder_block_5,0.8978593349456787,9,100,100
false_end_1,false,end,1,264014,5611210,attack,6,encoder_block_6,0.7492940425872803,13,100,100
false_end_1,false,end,1,264014,5611210,attack,7,encoder_block_7,0.8438947200775146,15,100,100
false_end_1,false,end,1,264014,5611210,attack,8,encoder_block_8,0.922980785369873,11,100,100
false_end_1,false,end,1,264014,5611210,attack,9,encoder_block_9,0.8039646148681641,31,100,100
false_end_1,false,end,1,264014,5611210,attack,10,encoder_block_10,0.7774012088775635,35,100,100
false_end_1,false,end,1,264014,5611210,attack,11,encoder_block_11,1.567349195480347,36,100,100
false_end_1,false,end,1,264014,5611210,attack,12,encoder_block_12,2.9307994842529297,34,100,100
false_end_1,false,end,1,359349,68649,original,0,embedding,0.7303218841552734,65,100,100
false_end_1,false,end,1,359349,68649,original,1,encoder_block_1,0.7686491012573242,75,100,100
false_end_1,false,end,1,359349,68649,original,2,encoder_block_2,0.7787563800811768,74,100,100
false_end_1,false,end,1,359349,68649,original,3,encoder_block_3,0.6439268589019775,76,100,100
false_end_1,false,end,1,359349,68649,original,4,encoder_block_4,0.824590802192688,62,100,100
false_end_1,false,end,1,359349,68649,original,5,encoder_block_5,1.004551887512207,46,100,100
false_end_1,false,end,1,359349,68649,original,6,encoder_block_6,0.9628387689590454,43,100,100
false_end_1,false,end,1,359349,68649,original,7,encoder_block_7,0.8723124265670776,48,100,100
false_end_1,false,end,1,359349,68649,original,8,encoder_block_8,0.8471852540969849,43,100,100
false_end_1,false,end,1,359349,68649,original,9,encoder_block_9,1.0588047504425049,25,100,100
false_end_1,false,end,1,359349,68649,original,10,encoder_block_10,1.3809943199157717,8,100,100
false_end_1,false,end,1,359349,68649,original,11,encoder_block_11,2.5883140563964844,7,100,100
false_end_1,false,end,1,359349,68649,original,12,encoder_block_12,5.095371246337891,5,100,100
false_end_1,false,end,1,359349,68649,padded_control,0,embedding,0.7303218841552734,65,100,100
false_end_1,false,end,1,359349,68649,padded_control,1,encoder_block_1,0.7693052291870117,75,100,100
false_end_1,false,end,1,359349,68649,padded_control,2,encoder_block_2,0.7785782814025879,74,100,100
false_end_1,false,end,1,359349,68649,padded_control,3,encoder_block_3,0.6430630683898926,76,100,100
false_end_1,false,end,1,359349,68649,padded_control,4,encoder_block_4,0.8235338926315308,62,100,100
false_end_1,false,end,1,359349,68649,padded_control,5,encoder_block_5,1.004108190536499,46,100,100
false_end_1,false,end,1,359349,68649,padded_control,6,encoder_block_6,0.9637559652328492,43,100,100
false_end_1,false,end,1,359349,68649,padded_control,7,encoder_block_7,0.8731191158294678,48,100,100
false_end_1,false,end,1,359349,68649,padded_control,8,encoder_block_8,0.8488669395446777,43,100,100
false_end_1,false,end,1,359349,68649,padded_control,9,encoder_block_9,1.0513734817504885,27,100,100
false_end_1,false,end,1,359349,68649,padded_control,10,encoder_block_10,1.3731849193572998,8,100,100
false_end_1,false,end,1,359349,68649,padded_control,11,encoder_block_11,2.583839178085327,7,100,100
false_end_1,false,end,1,359349,68649,padded_control,12,encoder_block_12,5.091915130615234,5,100,100
false_end_1,false,end,1,359349,68649,attack,0,embedding,0.6580877304077148,73,100,100
false_end_1,false,end,1,359349,68649,attack,1,encoder_block_1,0.6397433280944824,84,100,100
false_end_1,false,end,1,359349,68649,attack,2,encoder_block_2,0.6122522354125977,89,100,100
false_end_1,false,end,1,359349,68649,attack,3,encoder_block_3,0.4450535774230957,93,100,100
false_end_1,false,end,1,359349,68649,attack,4,encoder_block_4,0.6103091239929199,88,100,100
false_end_1,false,end,1,359349,68649,attack,5,encoder_block_5,0.7750574946403503,82,100,100
false_end_1,false,end,1,359349,68649,attack,6,encoder_block_6,0.7919178605079651,66,100,100
false_end_1,false,end,1,359349,68649,attack,7,encoder_block_7,0.7439330816268921,64,100,100
false_end_1,false,end,1,359349,68649,attack,8,encoder_block_8,0.7842473983764648,48,100,100
false_end_1,false,end,1,359349,68649,attack,9,encoder_block_9,0.9753353595733644,29,100,100
false_end_1,false,end,1,359349,68649,attack,10,encoder_block_10,1.309684157371521,9,100,100
false_end_1,false,end,1,359349,68649,attack,11,encoder_block_11,2.576207160949707,7,100,100
false_end_1,false,end,1,359349,68649,attack,12,encoder_block_12,5.07264518737793,5,100,100
false_end_1,false,end,1,405717,6654655,original,0,embedding,0.7446041107177734,17,100,100
false_end_1,false,end,1,405717,6654655,original,1,encoder_block_1,0.6280612945556641,17,100,100
false_end_1,false,end,1,405717,6654655,original,2,encoder_block_2,0.7108936309814453,21,100,100
false_end_1,false,end,1,405717,6654655,original,3,encoder_block_3,0.7757525444030762,15,100,100
false_end_1,false,end,1,405717,6654655,original,4,encoder_block_4,0.8865890502929688,21,100,100
false_end_1,false,end,1,405717,6654655,original,5,encoder_block_5,0.8675875663757324,17,100,100
false_end_1,false,end,1,405717,6654655,original,6,encoder_block_6,0.9123425483703612,19,100,100
false_end_1,false,end,1,405717,6654655,original,7,encoder_block_7,0.9837636947631836,11,100,100
false_end_1,false,end,1,405717,6654655,original,8,encoder_block_8,0.9005260467529297,21,100,100
false_end_1,false,end,1,405717,6654655,original,9,encoder_block_9,0.8590638637542725,37,100,100
false_end_1,false,end,1,405717,6654655,original,10,encoder_block_10,0.8508551120758057,33,100,100
false_end_1,false,end,1,405717,6654655,original,11,encoder_block_11,2.6759753227233887,11,100,100
false_end_1,false,end,1,405717,6654655,original,12,encoder_block_12,3.670531749725342,19,100,100
false_end_1,false,end,1,405717,6654655,padded_control,0,embedding,0.744603157043457,17,100,100
false_end_1,false,end,1,405717,6654655,padded_control,1,encoder_block_1,0.6318955421447754,17,100,100
false_end_1,false,end,1,405717,6654655,padded_control,2,encoder_block_2,0.7099542617797852,21,100,100
false_end_1,false,end,1,405717,6654655,padded_control,3,encoder_block_3,0.7755203247070312,15,100,100
false_end_1,false,end,1,405717,6654655,padded_control,4,encoder_block_4,0.8844747543334961,21,100,100
false_end_1,false,end,1,405717,6654655,padded_control,5,encoder_block_5,0.8683617115020752,17,100,100
false_end_1,false,end,1,405717,6654655,padded_control,6,encoder_block_6,0.9163599014282228,18,100,100
false_end_1,false,end,1,405717,6654655,padded_control,7,encoder_block_7,0.9876341819763184,11,100,100
false_end_1,false,end,1,405717,6654655,padded_control,8,encoder_block_8,0.9035916328430176,21,100,100
false_end_1,false,end,1,405717,6654655,padded_control,9,encoder_block_9,0.8645639419555664,37,100,100
false_end_1,false,end,1,405717,6654655,padded_control,10,encoder_block_10,0.8488469123840332,33,100,100
false_end_1,false,end,1,405717,6654655,padded_control,11,encoder_block_11,2.663435935974121,11,100,100
false_end_1,false,end,1,405717,6654655,padded_control,12,encoder_block_12,3.646096229553223,19,100,100
false_end_1,false,end,1,405717,6654655,attack,0,embedding,0.6152706146240234,31,100,100
false_end_1,false,end,1,405717,6654655,attack,1,encoder_block_1,0.4431815147399902,31,100,100
false_end_1,false,end,1,405717,6654655,attack,2,encoder_block_2,0.4559452533721924,52,100,100
false_end_1,false,end,1,405717,6654655,attack,3,encoder_block_3,0.5014376640319824,46,100,100
false_end_1,false,end,1,405717,6654655,attack,4,encoder_block_4,0.5900442600250244,60,100,100
false_end_1,false,end,1,405717,6654655,attack,5,encoder_block_5,0.6214299201965332,53,100,100
false_end_1,false,end,1,405717,6654655,attack,6,encoder_block_6,0.7056312561035156,45,100,100
false_end_1,false,end,1,405717,6654655,attack,7,encoder_block_7,0.8360466957092285,24,100,100
false_end_1,false,end,1,405717,6654655,attack,8,encoder_block_8,0.8085730075836182,27,100,100
false_end_1,false,end,1,405717,6654655,attack,9,encoder_block_9,0.7778275012969971,49,100,100
false_end_1,false,end,1,405717,6654655,attack,10,encoder_block_10,0.7714865207672119,45,100,100
false_end_1,false,end,1,405717,6654655,attack,11,encoder_block_11,2.5519604682922363,14,100,100
false_end_1,false,end,1,405717,6654655,attack,12,encoder_block_12,3.415807247161865,21,100,100
false_end_1,false,end,1,443396,8079046,original,0,embedding,0.6588740348815918,40,100,100
false_end_1,false,end,1,443396,8079046,original,1,encoder_block_1,0.7148251533508301,31,100,100
false_end_1,false,end,1,443396,8079046,original,2,encoder_block_2,0.988499402999878,25,100,100
false_end_1,false,end,1,443396,8079046,original,3,encoder_block_3,0.7311801910400391,33,100,100
false_end_1,false,end,1,443396,8079046,original,4,encoder_block_4,0.6251169443130493,41,100,100
false_end_1,false,end,1,443396,8079046,original,5,encoder_block_5,0.4184043407440185,51,100,100
false_end_1,false,end,1,443396,8079046,original,6,encoder_block_6,0.2967457771301269,53,100,100
false_end_1,false,end,1,443396,8079046,original,7,encoder_block_7,0.1829071044921875,61,100,100
false_end_1,false,end,1,443396,8079046,original,8,encoder_block_8,0.0144815444946289,69,100,100
false_end_1,false,end,1,443396,8079046,original,9,encoder_block_9,0.1297974586486816,70,100,100
false_end_1,false,end,1,443396,8079046,original,10,encoder_block_10,-0.9048601388931274,97,100,100
false_end_1,false,end,1,443396,8079046,original,11,encoder_block_11,-1.5065739154815674,76,100,100
false_end_1,false,end,1,443396,8079046,original,12,encoder_block_12,-8.705865859985352,63,100,100
false_end_1,false,end,1,443396,8079046,padded_control,0,embedding,0.6588730812072754,40,100,100
false_end_1,false,end,1,443396,8079046,padded_control,1,encoder_block_1,0.7123129367828369,31,100,100
false_end_1,false,end,1,443396,8079046,padded_control,2,encoder_block_2,0.9865994453430176,25,100,100
false_end_1,false,end,1,443396,8079046,padded_control,3,encoder_block_3,0.7292318344116211,33,100,100
false_end_1,false,end,1,443396,8079046,padded_control,4,encoder_block_4,0.620011568069458,41,100,100
false_end_1,false,end,1,443396,8079046,padded_control,5,encoder_block_5,0.4164080619812011,51,100,100
false_end_1,false,end,1,443396,8079046,padded_control,6,encoder_block_6,0.2945233583450317,54,100,100
false_end_1,false,end,1,443396,8079046,padded_control,7,encoder_block_7,0.1798458099365234,62,100,100
false_end_1,false,end,1,443396,8079046,padded_control,8,encoder_block_8,0.0073797702789306,69,100,100
false_end_1,false,end,1,443396,8079046,padded_control,9,encoder_block_9,0.1165766716003418,70,100,100
false_end_1,false,end,1,443396,8079046,padded_control,10,encoder_block_10,-0.9198263883590698,97,100,100
false_end_1,false,end,1,443396,8079046,padded_control,11,encoder_block_11,-1.50605309009552,76,100,100
false_end_1,false,end,1,443396,8079046,padded_control,12,encoder_block_12,-8.675471305847168,63,100,100
false_end_1,false,end,1,443396,8079046,attack,0,embedding,0.5469422340393066,48,100,100
false_end_1,false,end,1,443396,8079046,attack,1,encoder_block_1,0.5560925006866455,42,100,100
false_end_1,false,end,1,443396,8079046,attack,2,encoder_block_2,0.8052945137023926,38,100,100
false_end_1,false,end,1,443396,8079046,attack,3,encoder_block_3,0.5360090732574463,44,100,100
false_end_1,false,end,1,443396,8079046,attack,4,encoder_block_4,0.3864375948905945,52,100,100
false_end_1,false,end,1,443396,8079046,attack,5,encoder_block_5,0.197830319404602,60,100,100
false_end_1,false,end,1,443396,8079046,attack,6,encoder_block_6,0.125358760356903,62,100,100
false_end_1,false,end,1,443396,8079046,attack,7,encoder_block_7,0.0269981026649475,65,100,100
false_end_1,false,end,1,443396,8079046,attack,8,encoder_block_8,-0.0742759704589843,71,100,100
false_end_1,false,end,1,443396,8079046,attack,9,encoder_block_9,-0.020922303199768,73,100,100
false_end_1,false,end,1,443396,8079046,attack,10,encoder_block_10,-0.9793583154678344,98,100,100
false_end_1,false,end,1,443396,8079046,attack,11,encoder_block_11,-1.4212286472320557,75,100,100
false_end_1,false,end,1,443396,8079046,attack,12,encoder_block_12,-8.588163375854492,62,100,100
false_end_1,false,end,1,451602,2176450,original,0,embedding,0.4722132682800293,13,100,100
false_end_1,false,end,1,451602,2176450,original,1,encoder_block_1,0.4772052764892578,9,100,100
false_end_1,false,end,1,451602,2176450,original,2,encoder_block_2,0.5013558864593506,11,100,100
false_end_1,false,end,1,451602,2176450,original,3,encoder_block_3,0.3855893611907959,13,100,100
false_end_1,false,end,1,451602,2176450,original,4,encoder_block_4,0.345423936843872,23,100,100
false_end_1,false,end,1,451602,2176450,original,5,encoder_block_5,0.3924899101257324,16,100,100
false_end_1,false,end,1,451602,2176450,original,6,encoder_block_6,0.4647102355957031,14,100,100
false_end_1,false,end,1,451602,2176450,original,7,encoder_block_7,0.2012975215911865,29,100,100
false_end_1,false,end,1,451602,2176450,original,8,encoder_block_8,0.3021860122680664,33,100,100
false_end_1,false,end,1,451602,2176450,original,9,encoder_block_9,0.3362596035003662,44,100,100
false_end_1,false,end,1,451602,2176450,original,10,encoder_block_10,0.1903594732284546,48,100,100
false_end_1,false,end,1,451602,2176450,original,11,encoder_block_11,0.9156909584999084,28,100,100
false_end_1,false,end,1,451602,2176450,original,12,encoder_block_12,0.5305600166320801,20,100,100
false_end_1,false,end,1,451602,2176450,padded_control,0,embedding,0.4722137451171875,13,100,100
false_end_1,false,end,1,451602,2176450,padded_control,1,encoder_block_1,0.482846736907959,9,100,100
false_end_1,false,end,1,451602,2176450,padded_control,2,encoder_block_2,0.5072383880615234,11,100,100
false_end_1,false,end,1,451602,2176450,padded_control,3,encoder_block_3,0.3875973224639892,13,100,100
false_end_1,false,end,1,451602,2176450,padded_control,4,encoder_block_4,0.3430185317993164,23,100,100
false_end_1,false,end,1,451602,2176450,padded_control,5,encoder_block_5,0.3920991420745849,16,100,100
false_end_1,false,end,1,451602,2176450,padded_control,6,encoder_block_6,0.4669263362884521,14,100,100
false_end_1,false,end,1,451602,2176450,padded_control,7,encoder_block_7,0.2016235589981079,29,100,100
false_end_1,false,end,1,451602,2176450,padded_control,8,encoder_block_8,0.3035261631011963,33,100,100
false_end_1,false,end,1,451602,2176450,padded_control,9,encoder_block_9,0.3361330032348633,44,100,100
false_end_1,false,end,1,451602,2176450,padded_control,10,encoder_block_10,0.177506685256958,48,100,100
false_end_1,false,end,1,451602,2176450,padded_control,11,encoder_block_11,0.88637775182724,29,100,100
false_end_1,false,end,1,451602,2176450,padded_control,12,encoder_block_12,0.5014419555664062,20,100,100
false_end_1,false,end,1,451602,2176450,attack,0,embedding,0.3999483585357666,16,100,100
false_end_1,false,end,1,451602,2176450,attack,1,encoder_block_1,0.3295962810516357,12,100,100
false_end_1,false,end,1,451602,2176450,attack,2,encoder_block_2,0.3282122611999511,19,100,100
false_end_1,false,end,1,451602,2176450,attack,3,encoder_block_3,0.2132022380828857,23,100,100
false_end_1,false,end,1,451602,2176450,attack,4,encoder_block_4,0.1435736417770385,38,100,100
false_end_1,false,end,1,451602,2176450,attack,5,encoder_block_5,0.1751987934112548,33,100,100
false_end_1,false,end,1,451602,2176450,attack,6,encoder_block_6,0.2769734263420105,26,100,100
false_end_1,false,end,1,451602,2176450,attack,7,encoder_block_7,0.0526199340820312,40,100,100
false_end_1,false,end,1,451602,2176450,attack,8,encoder_block_8,0.1710663437843322,44,100,100
false_end_1,false,end,1,451602,2176450,attack,9,encoder_block_9,0.2107869982719421,53,100,100
false_end_1,false,end,1,451602,2176450,attack,10,encoder_block_10,0.071187674999237,56,100,100
false_end_1,false,end,1,451602,2176450,attack,11,encoder_block_11,0.8239685893058777,32,100,100
false_end_1,false,end,1,451602,2176450,attack,12,encoder_block_12,-0.006113052368164,21,100,100
false_end_1,false,end,1,47923,1681334,original,0,embedding,0.4043662548065185,48,100,100
false_end_1,false,end,1,47923,1681334,original,1,encoder_block_1,0.0395421981811523,26,100,100
false_end_1,false,end,1,47923,1681334,original,2,encoder_block_2,-0.0696754455566406,38,100,100
false_end_1,false,end,1,47923,1681334,original,3,encoder_block_3,0.0279543399810791,19,100,100
false_end_1,false,end,1,47923,1681334,original,4,encoder_block_4,0.0471925735473632,24,100,100
false_end_1,false,end,1,47923,1681334,original,5,encoder_block_5,0.1422414779663086,24,100,100
false_end_1,false,end,1,47923,1681334,original,6,encoder_block_6,0.1042013168334961,19,100,100
false_end_1,false,end,1,47923,1681334,original,7,encoder_block_7,-0.0750753879547119,36,100,100
false_end_1,false,end,1,47923,1681334,original,8,encoder_block_8,-0.0072896480560302,36,100,100
false_end_1,false,end,1,47923,1681334,original,9,encoder_block_9,0.4003338813781738,16,100,100
false_end_1,false,end,1,47923,1681334,original,10,encoder_block_10,0.8675813674926758,6,100,100
false_end_1,false,end,1,47923,1681334,original,11,encoder_block_11,2.107748031616211,9,100,100
false_end_1,false,end,1,47923,1681334,original,12,encoder_block_12,4.144590377807617,12,100,100
false_end_1,false,end,1,47923,1681334,padded_control,0,embedding,0.4043664932250976,48,100,100
false_end_1,false,end,1,47923,1681334,padded_control,1,encoder_block_1,0.0379681587219238,26,100,100
false_end_1,false,end,1,47923,1681334,padded_control,2,encoder_block_2,-0.0729484558105468,38,100,100
false_end_1,false,end,1,47923,1681334,padded_control,3,encoder_block_3,0.0273642539978027,19,100,100
false_end_1,false,end,1,47923,1681334,padded_control,4,encoder_block_4,0.0490102767944335,24,100,100
false_end_1,false,end,1,47923,1681334,padded_control,5,encoder_block_5,0.1439709663391113,24,100,100
false_end_1,false,end,1,47923,1681334,padded_control,6,encoder_block_6,0.1080403327941894,19,100,100
false_end_1,false,end,1,47923,1681334,padded_control,7,encoder_block_7,-0.0694239139556884,35,100,100
false_end_1,false,end,1,47923,1681334,padded_control,8,encoder_block_8,0.0002827644348144,35,100,100
false_end_1,false,end,1,47923,1681334,padded_control,9,encoder_block_9,0.405341625213623,15,100,100
false_end_1,false,end,1,47923,1681334,padded_control,10,encoder_block_10,0.8751001358032227,6,100,100
false_end_1,false,end,1,47923,1681334,padded_control,11,encoder_block_11,2.114218235015869,9,100,100
false_end_1,false,end,1,47923,1681334,padded_control,12,encoder_block_12,4.147529125213623,12,100,100
false_end_1,false,end,1,47923,1681334,attack,0,embedding,0.3146724700927734,61,100,100
false_end_1,false,end,1,47923,1681334,attack,1,encoder_block_1,-0.0846462249755859,46,100,100
false_end_1,false,end,1,47923,1681334,attack,2,encoder_block_2,-0.1900153160095214,50,100,100
false_end_1,false,end,1,47923,1681334,attack,3,encoder_block_3,-0.0943059921264648,31,100,100
false_end_1,false,end,1,47923,1681334,attack,4,encoder_block_4,-0.1174862384796142,44,100,100
false_end_1,false,end,1,47923,1681334,attack,5,encoder_block_5,-0.0049984455108642,43,100,100
false_end_1,false,end,1,47923,1681334,attack,6,encoder_block_6,-0.0093252658843994,36,100,100
false_end_1,false,end,1,47923,1681334,attack,7,encoder_block_7,-0.1866824626922607,57,100,100
false_end_1,false,end,1,47923,1681334,attack,8,encoder_block_8,-0.0790784358978271,51,100,100
false_end_1,false,end,1,47923,1681334,attack,9,encoder_block_9,0.3127565383911133,30,100,100
false_end_1,false,end,1,47923,1681334,attack,10,encoder_block_10,0.7963857650756836,8,100,100
false_end_1,false,end,1,47923,1681334,attack,11,encoder_block_11,2.068359375,9,100,100
false_end_1,false,end,1,47923,1681334,attack,12,encoder_block_12,4.08194637298584,12,100,100
false_end_1,false,end,1,489204,1051498,original,0,embedding,1.1050267219543457,7,100,100
false_end_1,false,end,1,489204,1051498,original,1,encoder_block_1,0.5670552253723145,10,100,100
false_end_1,false,end,1,489204,1051498,original,2,encoder_block_2,0.6947755813598633,7,100,100
false_end_1,false,end,1,489204,1051498,original,3,encoder_block_3,0.6954247951507568,7,100,100
false_end_1,false,end,1,489204,1051498,original,4,encoder_block_4,0.7063589096069336,13,100,100
false_end_1,false,end,1,489204,1051498,original,5,encoder_block_5,0.8089845180511475,12,100,100
false_end_1,false,end,1,489204,1051498,original,6,encoder_block_6,0.7066187858581543,15,100,100
false_end_1,false,end,1,489204,1051498,original,7,encoder_block_7,0.5458054542541504,25,100,100
false_end_1,false,end,1,489204,1051498,original,8,encoder_block_8,0.5038812160491943,19,100,100
false_end_1,false,end,1,489204,1051498,original,9,encoder_block_9,0.5962824821472168,17,100,100
false_end_1,false,end,1,489204,1051498,original,10,encoder_block_10,0.243504524230957,22,100,100
false_end_1,false,end,1,489204,1051498,original,11,encoder_block_11,0.8234102725982666,28,100,100
false_end_1,false,end,1,489204,1051498,original,12,encoder_block_12,1.1466436982154846,23,100,100
false_end_1,false,end,1,489204,1051498,padded_control,0,embedding,1.1050264835357666,7,100,100
false_end_1,false,end,1,489204,1051498,padded_control,1,encoder_block_1,0.5694923400878906,10,100,100
false_end_1,false,end,1,489204,1051498,padded_control,2,encoder_block_2,0.6917858123779297,7,100,100
false_end_1,false,end,1,489204,1051498,padded_control,3,encoder_block_3,0.6887860298156738,7,100,100
false_end_1,false,end,1,489204,1051498,padded_control,4,encoder_block_4,0.6994986534118652,14,100,100
false_end_1,false,end,1,489204,1051498,padded_control,5,encoder_block_5,0.8061008453369141,12,100,100
false_end_1,false,end,1,489204,1051498,padded_control,6,encoder_block_6,0.702761173248291,15,100,100
false_end_1,false,end,1,489204,1051498,padded_control,7,encoder_block_7,0.542975664138794,25,100,100
false_end_1,false,end,1,489204,1051498,padded_control,8,encoder_block_8,0.5034191608428955,19,100,100
false_end_1,false,end,1,489204,1051498,padded_control,9,encoder_block_9,0.6001594066619873,16,100,100
false_end_1,false,end,1,489204,1051498,padded_control,10,encoder_block_10,0.2419767379760742,23,100,100
false_end_1,false,end,1,489204,1051498,padded_control,11,encoder_block_11,0.8359694480895996,25,100,100
false_end_1,false,end,1,489204,1051498,padded_control,12,encoder_block_12,1.1415236592292786,23,100,100
false_end_1,false,end,1,489204,1051498,attack,0,embedding,0.9757099151611328,11,100,100
false_end_1,false,end,1,489204,1051498,attack,1,encoder_block_1,0.4466080665588379,16,100,100
false_end_1,false,end,1,489204,1051498,attack,2,encoder_block_2,0.5091495513916016,19,100,100
false_end_1,false,end,1,489204,1051498,attack,3,encoder_block_3,0.4676733016967773,28,100,100
false_end_1,false,end,1,489204,1051498,attack,4,encoder_block_4,0.4070066213607788,43,100,100
false_end_1,false,end,1,489204,1051498,attack,5,encoder_block_5,0.5655990839004517,39,100,100
false_end_1,false,end,1,489204,1051498,attack,6,encoder_block_6,0.4868520498275757,43,100,100
false_end_1,false,end,1,489204,1051498,attack,7,encoder_block_7,0.3900445699691772,45,100,100
false_end_1,false,end,1,489204,1051498,attack,8,encoder_block_8,0.4371819496154785,26,100,100
false_end_1,false,end,1,489204,1051498,attack,9,encoder_block_9,0.5326273441314697,27,100,100
false_end_1,false,end,1,489204,1051498,attack,10,encoder_block_10,0.2130155563354492,26,100,100
false_end_1,false,end,1,489204,1051498,attack,11,encoder_block_11,0.8447563648223877,24,100,100
false_end_1,false,end,1,489204,1051498,attack,12,encoder_block_12,1.154683768749237,23,100,100
false_end_1,false,end,1,490595,7839904,original,0,embedding,0.743114709854126,49,100,100
false_end_1,false,end,1,490595,7839904,original,1,encoder_block_1,0.2408144474029541,90,100,100
false_end_1,false,end,1,490595,7839904,original,2,encoder_block_2,0.2686305046081543,93,100,100
false_end_1,false,end,1,490595,7839904,original,3,encoder_block_3,0.2997734546661377,87,100,100
false_end_1,false,end,1,490595,7839904,original,4,encoder_block_4,0.6087636947631836,71,100,100
false_end_1,false,end,1,490595,7839904,original,5,encoder_block_5,0.8757696151733398,57,100,100
false_end_1,false,end,1,490595,7839904,original,6,encoder_block_6,0.8896998167037964,57,100,100
false_end_1,false,end,1,490595,7839904,original,7,encoder_block_7,1.0411710739135742,53,100,100
false_end_1,false,end,1,490595,7839904,original,8,encoder_block_8,1.0582380294799805,52,100,100
false_end_1,false,end,1,490595,7839904,original,9,encoder_block_9,1.0870909690856934,54,100,100
false_end_1,false,end,1,490595,7839904,original,10,encoder_block_10,0.5982840061187744,83,100,100
false_end_1,false,end,1,490595,7839904,original,11,encoder_block_11,0.3663021922111511,72,100,100
false_end_1,false,end,1,490595,7839904,original,12,encoder_block_12,-6.449821472167969,74,100,100
false_end_1,false,end,1,490595,7839904,padded_control,0,embedding,0.7431137561798096,49,100,100
false_end_1,false,end,1,490595,7839904,padded_control,1,encoder_block_1,0.2421534061431884,90,100,100
false_end_1,false,end,1,490595,7839904,padded_control,2,encoder_block_2,0.2720541954040527,92,100,100
false_end_1,false,end,1,490595,7839904,padded_control,3,encoder_block_3,0.3021137714385986,87,100,100
false_end_1,false,end,1,490595,7839904,padded_control,4,encoder_block_4,0.6095730066299438,71,100,100
false_end_1,false,end,1,490595,7839904,padded_control,5,encoder_block_5,0.8796436786651611,57,100,100
false_end_1,false,end,1,490595,7839904,padded_control,6,encoder_block_6,0.8931150436401367,57,100,100
false_end_1,false,end,1,490595,7839904,padded_control,7,encoder_block_7,1.0423165559768677,53,100,100
false_end_1,false,end,1,490595,7839904,padded_control,8,encoder_block_8,1.058811902999878,52,100,100
false_end_1,false,end,1,490595,7839904,padded_control,9,encoder_block_9,1.0882165431976318,54,100,100
false_end_1,false,end,1,490595,7839904,padded_control,10,encoder_block_10,0.5890960693359375,83,100,100
false_end_1,false,end,1,490595,7839904,padded_control,11,encoder_block_11,0.3577509522438049,72,100,100
false_end_1,false,end,1,490595,7839904,padded_control,12,encoder_block_12,-6.494422912597656,74,100,100
false_end_1,false,end,1,490595,7839904,attack,0,embedding,0.6598987579345703,61,100,100
false_end_1,false,end,1,490595,7839904,attack,1,encoder_block_1,0.1099876165390014,96,100,100
false_end_1,false,end,1,490595,7839904,attack,2,encoder_block_2,0.1445026397705078,98,100,100
false_end_1,false,end,1,490595,7839904,attack,3,encoder_block_3,0.1588213443756103,97,100,100
false_end_1,false,end,1,490595,7839904,attack,4,encoder_block_4,0.4281454086303711,86,100,100
false_end_1,false,end,1,490595,7839904,attack,5,encoder_block_5,0.6783363223075867,77,100,100
false_end_1,false,end,1,490595,7839904,attack,6,encoder_block_6,0.7292426824569702,67,100,100
false_end_1,false,end,1,490595,7839904,attack,7,encoder_block_7,0.9286209642887115,58,100,100
false_end_1,false,end,1,490595,7839904,attack,8,encoder_block_8,0.9646224975585938,56,100,100
false_end_1,false,end,1,490595,7839904,attack,9,encoder_block_9,0.9930002689361572,64,100,100
false_end_1,false,end,1,490595,7839904,attack,10,encoder_block_10,0.5128794312477112,87,100,100
false_end_1,false,end,1,490595,7839904,attack,11,encoder_block_11,0.3340636491775512,74,100,100
false_end_1,false,end,1,490595,7839904,attack,12,encoder_block_12,-6.685772895812988,74,100,100
false_end_1,false,end,1,527433,6186391,original,0,embedding,-0.5706920623779297,99,100,100
false_end_1,false,end,1,527433,6186391,original,1,encoder_block_1,-0.8049893379211426,91,100,100
false_end_1,false,end,1,527433,6186391,original,2,encoder_block_2,-0.6781020164489746,88,100,100
false_end_1,false,end,1,527433,6186391,original,3,encoder_block_3,-0.2104153633117675,58,100,100
false_end_1,false,end,1,527433,6186391,original,4,encoder_block_4,0.0249910354614257,36,100,100
false_end_1,false,end,1,527433,6186391,original,5,encoder_block_5,0.0053474903106689,19,100,100
false_end_1,false,end,1,527433,6186391,original,6,encoder_block_6,-0.0756361484527587,19,100,100
false_end_1,false,end,1,527433,6186391,original,7,encoder_block_7,-0.0155584812164306,19,100,100
false_end_1,false,end,1,527433,6186391,original,8,encoder_block_8,-0.1562321186065673,22,100,100
false_end_1,false,end,1,527433,6186391,original,9,encoder_block_9,0.1609573364257812,14,100,100
false_end_1,false,end,1,527433,6186391,original,10,encoder_block_10,0.2740828990936279,8,100,100
false_end_1,false,end,1,527433,6186391,original,11,encoder_block_11,1.410413384437561,5,100,100
false_end_1,false,end,1,527433,6186391,original,12,encoder_block_12,2.474163770675659,5,100,100
false_end_1,false,end,1,527433,6186391,padded_control,0,embedding,-0.5706930160522461,99,100,100
false_end_1,false,end,1,527433,6186391,padded_control,1,encoder_block_1,-0.8055911064147949,91,100,100
false_end_1,false,end,1,527433,6186391,padded_control,2,encoder_block_2,-0.6777544021606445,88,100,100
false_end_1,false,end,1,527433,6186391,padded_control,3,encoder_block_3,-0.2094488143920898,57,100,100
false_end_1,false,end,1,527433,6186391,padded_control,4,encoder_block_4,0.0258731842041015,36,100,100
false_end_1,false,end,1,527433,6186391,padded_control,5,encoder_block_5,0.0049788951873779,19,100,100
false_end_1,false,end,1,527433,6186391,padded_control,6,encoder_block_6,-0.0765216350555419,19,100,100
false_end_1,false,end,1,527433,6186391,padded_control,7,encoder_block_7,-0.0179431438446044,19,100,100
false_end_1,false,end,1,527433,6186391,padded_control,8,encoder_block_8,-0.1628792285919189,25,100,100
false_end_1,false,end,1,527433,6186391,padded_control,9,encoder_block_9,0.152867317199707,14,100,100
false_end_1,false,end,1,527433,6186391,padded_control,10,encoder_block_10,0.2631244659423828,9,100,100
false_end_1,false,end,1,527433,6186391,padded_control,11,encoder_block_11,1.3995128870010376,5,100,100
false_end_1,false,end,1,527433,6186391,padded_control,12,encoder_block_12,2.4535563588142395,5,100,100
false_end_1,false,end,1,527433,6186391,attack,0,embedding,-0.6136293411254883,99,100,100
false_end_1,false,end,1,527433,6186391,attack,1,encoder_block_1,-0.871941328048706,94,100,100
false_end_1,false,end,1,527433,6186391,attack,2,encoder_block_2,-0.7727718353271484,92,100,100
false_end_1,false,end,1,527433,6186391,attack,3,encoder_block_3,-0.3317954540252685,73,100,100
false_end_1,false,end,1,527433,6186391,attack,4,encoder_block_4,-0.1280860900878906,51,100,100
false_end_1,false,end,1,527433,6186391,attack,5,encoder_block_5,-0.1508970260620117,31,100,100
false_end_1,false,end,1,527433,6186391,attack,6,encoder_block_6,-0.1940429210662841,25,100,100
false_end_1,false,end,1,527433,6186391,attack,7,encoder_block_7,-0.132521390914917,29,100,100
false_end_1,false,end,1,527433,6186391,attack,8,encoder_block_8,-0.2272396087646484,29,100,100
false_end_1,false,end,1,527433,6186391,attack,9,encoder_block_9,0.0660945177078247,25,100,100
false_end_1,false,end,1,527433,6186391,attack,10,encoder_block_10,0.2080051898956298,9,100,100
false_end_1,false,end,1,527433,6186391,attack,11,encoder_block_11,1.3523693084716797,5,100,100
false_end_1,false,end,1,527433,6186391,attack,12,encoder_block_12,2.423452913761139,5,100,100
false_end_1,false,end,1,573724,3365633,original,0,embedding,0.5385451316833496,36,100,100
false_end_1,false,end,1,573724,3365633,original,1,encoder_block_1,0.4097919464111328,55,100,100
false_end_1,false,end,1,573724,3365633,original,2,encoder_block_2,0.6967830657958984,55,100,100
false_end_1,false,end,1,573724,3365633,original,3,encoder_block_3,0.7205619812011719,57,100,100
false_end_1,false,end,1,573724,3365633,original,4,encoder_block_4,0.6689319610595703,57,100,100
false_end_1,false,end,1,573724,3365633,original,5,encoder_block_5,0.6640961170196533,43,100,100
false_end_1,false,end,1,573724,3365633,original,6,encoder_block_6,0.636467456817627,44,100,100
false_end_1,false,end,1,573724,3365633,original,7,encoder_block_7,0.8578405380249023,23,100,100
false_end_1,false,end,1,573724,3365633,original,8,encoder_block_8,1.016554832458496,17,100,100
false_end_1,false,end,1,573724,3365633,original,9,encoder_block_9,1.0867230892181396,18,100,100
false_end_1,false,end,1,573724,3365633,original,10,encoder_block_10,1.3101067543029783,18,100,100
false_end_1,false,end,1,573724,3365633,original,11,encoder_block_11,2.012021541595459,31,100,100
false_end_1,false,end,1,573724,3365633,original,12,encoder_block_12,3.365236520767212,32,100,100
false_end_1,false,end,1,573724,3365633,padded_control,0,embedding,0.5385451316833496,36,100,100
false_end_1,false,end,1,573724,3365633,padded_control,1,encoder_block_1,0.4105243682861328,55,100,100
false_end_1,false,end,1,573724,3365633,padded_control,2,encoder_block_2,0.6979336738586426,54,100,100
false_end_1,false,end,1,573724,3365633,padded_control,3,encoder_block_3,0.7220711708068848,57,100,100
false_end_1,false,end,1,573724,3365633,padded_control,4,encoder_block_4,0.6695475578308105,57,100,100
false_end_1,false,end,1,573724,3365633,padded_control,5,encoder_block_5,0.66400146484375,43,100,100
false_end_1,false,end,1,573724,3365633,padded_control,6,encoder_block_6,0.6353750228881836,44,100,100
false_end_1,false,end,1,573724,3365633,padded_control,7,encoder_block_7,0.8570218086242676,23,100,100
false_end_1,false,end,1,573724,3365633,padded_control,8,encoder_block_8,1.0166759490966797,17,100,100
false_end_1,false,end,1,573724,3365633,padded_control,9,encoder_block_9,1.0871243476867676,18,100,100
false_end_1,false,end,1,573724,3365633,padded_control,10,encoder_block_10,1.3105521202087402,18,100,100
false_end_1,false,end,1,573724,3365633,padded_control,11,encoder_block_11,2.016347646713257,30,100,100
false_end_1,false,end,1,573724,3365633,padded_control,12,encoder_block_12,3.371912002563477,32,100,100
false_end_1,false,end,1,573724,3365633,attack,0,embedding,0.4829244613647461,41,100,100
false_end_1,false,end,1,573724,3365633,attack,1,encoder_block_1,0.3126173019409179,60,100,100
false_end_1,false,end,1,573724,3365633,attack,2,encoder_block_2,0.5612537860870361,64,100,100
false_end_1,false,end,1,573724,3365633,attack,3,encoder_block_3,0.5706973075866699,71,100,100
false_end_1,false,end,1,573724,3365633,attack,4,encoder_block_4,0.5028626918792725,75,100,100
false_end_1,false,end,1,573724,3365633,attack,5,encoder_block_5,0.5203573703765869,70,100,100
false_end_1,false,end,1,573724,3365633,attack,6,encoder_block_6,0.5153200626373291,64,100,100
false_end_1,false,end,1,573724,3365633,attack,7,encoder_block_7,0.7408015727996826,33,100,100
false_end_1,false,end,1,573724,3365633,attack,8,encoder_block_8,0.9514789581298828,27,100,100
false_end_1,false,end,1,573724,3365633,attack,9,encoder_block_9,1.018409252166748,25,100,100
false_end_1,false,end,1,573724,3365633,attack,10,encoder_block_10,1.263077735900879,19,100,100
false_end_1,false,end,1,573724,3365633,attack,11,encoder_block_11,1.996076583862305,31,100,100
false_end_1,false,end,1,573724,3365633,attack,12,encoder_block_12,3.3700122833251958,32,100,100
false_end_1,false,end,1,833860,6230226,original,0,embedding,0.1813712120056152,47,100,100
false_end_1,false,end,1,833860,6230226,original,1,encoder_block_1,0.003852367401123,68,100,100
false_end_1,false,end,1,833860,6230226,original,2,encoder_block_2,0.2235174179077148,68,100,100
false_end_1,false,end,1,833860,6230226,original,3,encoder_block_3,0.5636570453643799,29,100,100
false_end_1,false,end,1,833860,6230226,original,4,encoder_block_4,0.662346363067627,20,100,100
false_end_1,false,end,1,833860,6230226,original,5,encoder_block_5,0.7447495460510254,9,100,100
false_end_1,false,end,1,833860,6230226,original,6,encoder_block_6,0.733391284942627,9,100,100
false_end_1,false,end,1,833860,6230226,original,7,encoder_block_7,0.8366022109985352,7,100,100
false_end_1,false,end,1,833860,6230226,original,8,encoder_block_8,0.889418363571167,7,100,100
false_end_1,false,end,1,833860,6230226,original,9,encoder_block_9,1.210526466369629,2,100,100
false_end_1,false,end,1,833860,6230226,original,10,encoder_block_10,1.6339516639709473,1,100,100
false_end_1,false,end,1,833860,6230226,original,11,encoder_block_11,3.701798439025879,1,100,100
false_end_1,false,end,1,833860,6230226,original,12,encoder_block_12,6.444667816162109,1,100,100
false_end_1,false,end,1,833860,6230226,padded_control,0,embedding,0.1813716888427734,47,100,100
false_end_1,false,end,1,833860,6230226,padded_control,1,encoder_block_1,0.003575325012207,68,100,100
false_end_1,false,end,1,833860,6230226,padded_control,2,encoder_block_2,0.2253217697143554,68,100,100
false_end_1,false,end,1,833860,6230226,padded_control,3,encoder_block_3,0.5658736228942871,29,100,100
false_end_1,false,end,1,833860,6230226,padded_control,4,encoder_block_4,0.6628403663635254,20,100,100
false_end_1,false,end,1,833860,6230226,padded_control,5,encoder_block_5,0.7445712089538574,9,100,100
false_end_1,false,end,1,833860,6230226,padded_control,6,encoder_block_6,0.7305793762207031,9,100,100
false_end_1,false,end,1,833860,6230226,padded_control,7,encoder_block_7,0.8323850631713867,7,100,100
false_end_1,false,end,1,833860,6230226,padded_control,8,encoder_block_8,0.8879556655883789,7,100,100
false_end_1,false,end,1,833860,6230226,padded_control,9,encoder_block_9,1.2088258266448977,2,100,100
false_end_1,false,end,1,833860,6230226,padded_control,10,encoder_block_10,1.6295280456542969,1,100,100
false_end_1,false,end,1,833860,6230226,padded_control,11,encoder_block_11,3.695966720581055,1,100,100
false_end_1,false,end,1,833860,6230226,padded_control,12,encoder_block_12,6.438996315002441,1,100,100
false_end_1,false,end,1,833860,6230226,attack,0,embedding,0.1217060089111328,57,100,100
false_end_1,false,end,1,833860,6230226,attack,1,encoder_block_1,-0.0714960098266601,72,100,100
false_end_1,false,end,1,833860,6230226,attack,2,encoder_block_2,0.1159439086914062,71,100,100
false_end_1,false,end,1,833860,6230226,attack,3,encoder_block_3,0.399465799331665,44,100,100
false_end_1,false,end,1,833860,6230226,attack,4,encoder_block_4,0.4666211605072021,33,100,100
false_end_1,false,end,1,833860,6230226,attack,5,encoder_block_5,0.5486164093017578,22,100,100
false_end_1,false,end,1,833860,6230226,attack,6,encoder_block_6,0.5818898677825928,15,100,100
false_end_1,false,end,1,833860,6230226,attack,7,encoder_block_7,0.7121720314025879,11,100,100
false_end_1,false,end,1,833860,6230226,attack,8,encoder_block_8,0.8095607757568359,9,100,100
false_end_1,false,end,1,833860,6230226,attack,9,encoder_block_9,1.1141045093536377,4,100,100
false_end_1,false,end,1,833860,6230226,attack,10,encoder_block_10,1.5751848220825195,1,100,100
false_end_1,false,end,1,833860,6230226,attack,11,encoder_block_11,3.649585723876953,1,100,100
false_end_1,false,end,1,833860,6230226,attack,12,encoder_block_12,6.421890258789063,1,100,100
false_end_1,false,end,1,855410,8651772,original,0,embedding,0.5264654159545898,3,100,5
false_end_1,false,end,1,855410,8651772,original,1,encoder_block_1,0.4964876174926758,3,100,5
false_end_1,false,end,1,855410,8651772,original,2,encoder_block_2,0.4185943603515625,3,100,5
false_end_1,false,end,1,855410,8651772,original,3,encoder_block_3,0.4122314453125,3,100,5
false_end_1,false,end,1,855410,8651772,original,4,encoder_block_4,0.3530209064483642,2,100,5
false_end_1,false,end,1,855410,8651772,original,5,encoder_block_5,0.1483740806579589,2,100,5
false_end_1,false,end,1,855410,8651772,original,6,encoder_block_6,0.0892930030822753,2,100,5
false_end_1,false,end,1,855410,8651772,original,7,encoder_block_7,-0.0656623840332031,3,100,5
false_end_1,false,end,1,855410,8651772,original,8,encoder_block_8,0.1337442398071289,4,100,5
false_end_1,false,end,1,855410,8651772,original,9,encoder_block_9,0.2155776023864746,5,100,5
false_end_1,false,end,1,855410,8651772,original,10,encoder_block_10,0.0266947746276855,4,100,5
false_end_1,false,end,1,855410,8651772,original,11,encoder_block_11,0.5747649669647217,4,100,5
false_end_1,false,end,1,855410,8651772,original,12,encoder_block_12,0.2199397087097168,4,100,5
false_end_1,false,end,1,855410,8651772,padded_control,0,embedding,0.526465654373169,3,100,5
false_end_1,false,end,1,855410,8651772,padded_control,1,encoder_block_1,0.4991602897644043,3,100,5
false_end_1,false,end,1,855410,8651772,padded_control,2,encoder_block_2,0.423133373260498,3,100,5
false_end_1,false,end,1,855410,8651772,padded_control,3,encoder_block_3,0.4150962829589844,3,100,5
false_end_1,false,end,1,855410,8651772,padded_control,4,encoder_block_4,0.3516480922698974,2,100,5
false_end_1,false,end,1,855410,8651772,padded_control,5,encoder_block_5,0.1431336402893066,2,100,5
false_end_1,false,end,1,855410,8651772,padded_control,6,encoder_block_6,0.0851478576660156,2,100,5
false_end_1,false,end,1,855410,8651772,padded_control,7,encoder_block_7,-0.0697288513183593,3,100,5
false_end_1,false,end,1,855410,8651772,padded_control,8,encoder_block_8,0.1353051662445068,4,100,5
false_end_1,false,end,1,855410,8651772,padded_control,9,encoder_block_9,0.2189128398895263,5,100,5
false_end_1,false,end,1,855410,8651772,padded_control,10,encoder_block_10,0.0217198133468627,4,100,5
false_end_1,false,end,1,855410,8651772,padded_control,11,encoder_block_11,0.5628217458724976,4,100,5
false_end_1,false,end,1,855410,8651772,padded_control,12,encoder_block_12,0.1999690532684326,4,100,5
false_end_1,false,end,1,855410,8651772,attack,0,embedding,0.3797769546508789,3,100,5
false_end_1,false,end,1,855410,8651772,attack,1,encoder_block_1,0.2335371971130371,3,100,5
false_end_1,false,end,1,855410,8651772,attack,2,encoder_block_2,0.1326806545257568,3,100,5
false_end_1,false,end,1,855410,8651772,attack,3,encoder_block_3,0.0583128929138183,3,100,5
false_end_1,false,end,1,855410,8651772,attack,4,encoder_block_4,-0.0482215881347656,5,100,5
false_end_1,false,end,1,855410,8651772,attack,5,encoder_block_5,-0.1998668909072876,5,100,5
false_end_1,false,end,1,855410,8651772,attack,6,encoder_block_6,-0.1826333999633789,5,100,5
false_end_1,false,end,1,855410,8651772,attack,7,encoder_block_7,-0.3172169923782348,5,100,5
false_end_1,false,end,1,855410,8651772,attack,8,encoder_block_8,-0.0387763977050781,5,100,5
false_end_1,false,end,1,855410,8651772,attack,9,encoder_block_9,0.0106197595596313,5,100,5
false_end_1,false,end,1,855410,8651772,attack,10,encoder_block_10,-0.1678276658058166,4,100,5
false_end_1,false,end,1,855410,8651772,attack,11,encoder_block_11,0.3717459440231323,4,100,5
false_end_1,false,end,1,855410,8651772,attack,12,encoder_block_12,0.011146068572998,4,100,5
false_end_1,false,end,1,87181,2986227,original,0,embedding,0.427579402923584,59,100,100
false_end_1,false,end,1,87181,2986227,original,1,encoder_block_1,0.066629409790039,63,100,100
false_end_1,false,end,1,87181,2986227,original,2,encoder_block_2,0.1126074790954589,40,100,100
false_end_1,false,end,1,87181,2986227,original,3,encoder_block_3,0.0347876548767089,47,100,100
false_end_1,false,end,1,87181,2986227,original,4,encoder_block_4,-0.2236852645874023,59,100,100
false_end_1,false,end,1,87181,2986227,original,5,encoder_block_5,-0.2539844512939453,52,100,100
false_end_1,false,end,1,87181,2986227,original,6,encoder_block_6,-0.298931360244751,55,100,100
false_end_1,false,end,1,87181,2986227,original,7,encoder_block_7,-0.1024222373962402,31,100,100
false_end_1,false,end,1,87181,2986227,original,8,encoder_block_8,-0.0140490531921386,21,100,100
false_end_1,false,end,1,87181,2986227,original,9,encoder_block_9,0.435795783996582,8,100,100
false_end_1,false,end,1,87181,2986227,original,10,encoder_block_10,0.8540353775024414,1,100,100
false_end_1,false,end,1,87181,2986227,original,11,encoder_block_11,2.348917961120605,1,100,100
false_end_1,false,end,1,87181,2986227,original,12,encoder_block_12,3.095364809036255,12,100,100
false_end_1,false,end,1,87181,2986227,padded_control,0,embedding,0.4275789260864258,59,100,100
false_end_1,false,end,1,87181,2986227,padded_control,1,encoder_block_1,0.0674324035644531,63,100,100
false_end_1,false,end,1,87181,2986227,padded_control,2,encoder_block_2,0.1120624542236328,40,100,100
false_end_1,false,end,1,87181,2986227,padded_control,3,encoder_block_3,0.0353164672851562,47,100,100
false_end_1,false,end,1,87181,2986227,padded_control,4,encoder_block_4,-0.2263493537902832,59,100,100
false_end_1,false,end,1,87181,2986227,padded_control,5,encoder_block_5,-0.2569823265075683,52,100,100
false_end_1,false,end,1,87181,2986227,padded_control,6,encoder_block_6,-0.3033268451690674,55,100,100
false_end_1,false,end,1,87181,2986227,padded_control,7,encoder_block_7,-0.1080617904663086,32,100,100
false_end_1,false,end,1,87181,2986227,padded_control,8,encoder_block_8,-0.0146374702453613,21,100,100
false_end_1,false,end,1,87181,2986227,padded_control,9,encoder_block_9,0.4389700889587402,8,100,100
false_end_1,false,end,1,87181,2986227,padded_control,10,encoder_block_10,0.8517060279846191,1,100,100
false_end_1,false,end,1,87181,2986227,padded_control,11,encoder_block_11,2.349668025970459,1,100,100
false_end_1,false,end,1,87181,2986227,padded_control,12,encoder_block_12,3.086636066436768,12,100,100
false_end_1,false,end,1,87181,2986227,attack,0,embedding,0.375676155090332,66,100,100
false_end_1,false,end,1,87181,2986227,attack,1,encoder_block_1,-0.0106258392333984,69,100,100
false_end_1,false,end,1,87181,2986227,attack,2,encoder_block_2,0.0183081626892089,47,100,100
false_end_1,false,end,1,87181,2986227,attack,3,encoder_block_3,-0.0878987312316894,69,100,100
false_end_1,false,end,1,87181,2986227,attack,4,encoder_block_4,-0.3732931613922119,77,100,100
false_end_1,false,end,1,87181,2986227,attack,5,encoder_block_5,-0.3877136707305908,69,100,100
false_end_1,false,end,1,87181,2986227,attack,6,encoder_block_6,-0.4204576015472412,71,100,100
false_end_1,false,end,1,87181,2986227,attack,7,encoder_block_7,-0.204918622970581,41,100,100
false_end_1,false,end,1,87181,2986227,attack,8,encoder_block_8,-0.0589046478271484,24,100,100
false_end_1,false,end,1,87181,2986227,attack,9,encoder_block_9,0.399332046508789,10,100,100
false_end_1,false,end,1,87181,2986227,attack,10,encoder_block_10,0.8221020698547363,1,100,100
false_end_1,false,end,1,87181,2986227,attack,11,encoder_block_11,2.364255905151367,1,100,100
false_end_1,false,end,1,87181,2986227,attack,12,encoder_block_12,3.0898118019104004,12,100,100
false_end_1,false,end,1,87452,186939,original,0,embedding,-0.131176471710205,89,100,100
false_end_1,false,end,1,87452,186939,original,1,encoder_block_1,0.0700085163116455,69,100,100
false_end_1,false,end,1,87452,186939,original,2,encoder_block_2,0.5808210372924805,60,100,100
false_end_1,false,end,1,87452,186939,original,3,encoder_block_3,0.5310637950897217,58,100,100
false_end_1,false,end,1,87452,186939,original,4,encoder_block_4,0.5410923957824707,65,100,100
false_end_1,false,end,1,87452,186939,original,5,encoder_block_5,0.4766809940338135,82,100,100
false_end_1,false,end,1,87452,186939,original,6,encoder_block_6,0.4033131599426269,62,100,100
false_end_1,false,end,1,87452,186939,original,7,encoder_block_7,0.4157111644744873,62,100,100
false_end_1,false,end,1,87452,186939,original,8,encoder_block_8,0.5054173469543457,55,100,100
false_end_1,false,end,1,87452,186939,original,9,encoder_block_9,0.892852783203125,40,100,100
false_end_1,false,end,1,87452,186939,original,10,encoder_block_10,0.9098341464996338,10,100,100
false_end_1,false,end,1,87452,186939,original,11,encoder_block_11,2.610426425933838,3,100,100
false_end_1,false,end,1,87452,186939,original,12,encoder_block_12,4.912345886230469,2,100,100
false_end_1,false,end,1,87452,186939,padded_control,0,embedding,-0.1311759948730468,89,100,100
false_end_1,false,end,1,87452,186939,padded_control,1,encoder_block_1,0.0700783729553222,69,100,100
false_end_1,false,end,1,87452,186939,padded_control,2,encoder_block_2,0.5823764801025391,60,100,100
false_end_1,false,end,1,87452,186939,padded_control,3,encoder_block_3,0.5364499092102051,58,100,100
false_end_1,false,end,1,87452,186939,padded_control,4,encoder_block_4,0.5426745414733887,64,100,100
false_end_1,false,end,1,87452,186939,padded_control,5,encoder_block_5,0.4766860008239746,82,100,100
false_end_1,false,end,1,87452,186939,padded_control,6,encoder_block_6,0.4010179042816162,62,100,100
false_end_1,false,end,1,87452,186939,padded_control,7,encoder_block_7,0.4087388515472412,63,100,100
false_end_1,false,end,1,87452,186939,padded_control,8,encoder_block_8,0.4958624839782715,58,100,100
false_end_1,false,end,1,87452,186939,padded_control,9,encoder_block_9,0.8776192665100098,40,100,100
false_end_1,false,end,1,87452,186939,padded_control,10,encoder_block_10,0.8985786437988281,10,100,100
false_end_1,false,end,1,87452,186939,padded_control,11,encoder_block_11,2.6026206016540527,3,100,100
false_end_1,false,end,1,87452,186939,padded_control,12,encoder_block_12,4.917303085327148,2,100,100
false_end_1,false,end,1,87452,186939,attack,0,embedding,-0.1970815658569336,92,100,100
false_end_1,false,end,1,87452,186939,attack,1,encoder_block_1,-0.0623159408569335,81,100,100
false_end_1,false,end,1,87452,186939,attack,2,encoder_block_2,0.4191932678222656,71,100,100
false_end_1,false,end,1,87452,186939,attack,3,encoder_block_3,0.3560433387756347,78,100,100
false_end_1,false,end,1,87452,186939,attack,4,encoder_block_4,0.3412187099456787,88,100,100
false_end_1,false,end,1,87452,186939,attack,5,encoder_block_5,0.2779195308685303,94,100,100
false_end_1,false,end,1,87452,186939,attack,6,encoder_block_6,0.2416056394577026,84,100,100
false_end_1,false,end,1,87452,186939,attack,7,encoder_block_7,0.2625412940979004,82,100,100
false_end_1,false,end,1,87452,186939,attack,8,encoder_block_8,0.4138145446777344,67,100,100
false_end_1,false,end,1,87452,186939,attack,9,encoder_block_9,0.8018125295639038,49,100,100
false_end_1,false,end,1,87452,186939,attack,10,encoder_block_10,0.8748483657836914,11,100,100
false_end_1,false,end,1,87452,186939,attack,11,encoder_block_11,2.626014232635498,3,100,100
false_end_1,false,end,1,87452,186939,attack,12,encoder_block_12,4.938145637512207,2,100,100
false_end_1,false,end,1,915593,4566816,original,0,embedding,-0.1649837493896484,95,100,100
false_end_1,false,end,1,915593,4566816,original,1,encoder_block_1,-0.13824462890625,95,100,100
false_end_1,false,end,1,915593,4566816,original,2,encoder_block_2,0.2396275997161865,87,100,100
false_end_1,false,end,1,915593,4566816,original,3,encoder_block_3,0.2713072299957275,85,100,100
false_end_1,false,end,1,915593,4566816,original,4,encoder_block_4,0.366396427154541,71,100,100
false_end_1,false,end,1,915593,4566816,original,5,encoder_block_5,0.4460828304290771,52,100,100
false_end_1,false,end,1,915593,4566816,original,6,encoder_block_6,0.3744106292724609,58,100,100
false_end_1,false,end,1,915593,4566816,original,7,encoder_block_7,0.4818277359008789,41,100,100
false_end_1,false,end,1,915593,4566816,original,8,encoder_block_8,0.6857666969299316,29,100,100
false_end_1,false,end,1,915593,4566816,original,9,encoder_block_9,1.0470024347305298,9,100,100
false_end_1,false,end,1,915593,4566816,original,10,encoder_block_10,0.4930312633514404,25,100,100
false_end_1,false,end,1,915593,4566816,original,11,encoder_block_11,0.7250698804855347,30,100,100
false_end_1,false,end,1,915593,4566816,original,12,encoder_block_12,0.4450546503067016,34,100,100
false_end_1,false,end,1,915593,4566816,padded_control,0,embedding,-0.1649832725524902,95,100,100
false_end_1,false,end,1,915593,4566816,padded_control,1,encoder_block_1,-0.1402363777160644,95,100,100
false_end_1,false,end,1,915593,4566816,padded_control,2,encoder_block_2,0.238182783126831,87,100,100
false_end_1,false,end,1,915593,4566816,padded_control,3,encoder_block_3,0.2699508666992187,85,100,100
false_end_1,false,end,1,915593,4566816,padded_control,4,encoder_block_4,0.3646349906921386,71,100,100
false_end_1,false,end,1,915593,4566816,padded_control,5,encoder_block_5,0.4426586627960205,53,100,100
false_end_1,false,end,1,915593,4566816,padded_control,6,encoder_block_6,0.3707284927368164,58,100,100
false_end_1,false,end,1,915593,4566816,padded_control,7,encoder_block_7,0.4784891605377197,41,100,100
false_end_1,false,end,1,915593,4566816,padded_control,8,encoder_block_8,0.6839888095855713,29,100,100
false_end_1,false,end,1,915593,4566816,padded_control,9,encoder_block_9,1.0439949035644531,9,100,100
false_end_1,false,end,1,915593,4566816,padded_control,10,encoder_block_10,0.4860239028930664,25,100,100
false_end_1,false,end,1,915593,4566816,padded_control,11,encoder_block_11,0.7094621658325195,30,100,100
false_end_1,false,end,1,915593,4566816,padded_control,12,encoder_block_12,0.4460191130638122,34,100,100
false_end_1,false,end,1,915593,4566816,attack,0,embedding,-0.2485318183898925,97,100,100
false_end_1,false,end,1,915593,4566816,attack,1,encoder_block_1,-0.21868896484375,97,100,100
false_end_1,false,end,1,915593,4566816,attack,2,encoder_block_2,0.1284992694854736,90,100,100
false_end_1,false,end,1,915593,4566816,attack,3,encoder_block_3,0.1423580646514892,88,100,100
false_end_1,false,end,1,915593,4566816,attack,4,encoder_block_4,0.2048912048339843,85,100,100
false_end_1,false,end,1,915593,4566816,attack,5,encoder_block_5,0.2972927093505859,72,100,100
false_end_1,false,end,1,915593,4566816,attack,6,encoder_block_6,0.2535409927368164,70,100,100
false_end_1,false,end,1,915593,4566816,attack,7,encoder_block_7,0.3670464754104614,53,100,100
false_end_1,false,end,1,915593,4566816,attack,8,encoder_block_8,0.6329257488250732,35,100,100
false_end_1,false,end,1,915593,4566816,attack,9,encoder_block_9,0.9880093336105348,13,100,100
false_end_1,false,end,1,915593,4566816,attack,10,encoder_block_10,0.4569673538208008,25,100,100
false_end_1,false,end,1,915593,4566816,attack,11,encoder_block_11,0.6681232452392578,32,100,100
false_end_1,false,end,1,915593,4566816,attack,12,encoder_block_12,0.3419339656829834,34,100,100
false_end_1,false,end,1,962179,4511501,original,0,embedding,0.9851646423339844,27,100,100
false_end_1,false,end,1,962179,4511501,original,1,encoder_block_1,1.0368893146514893,42,100,100
false_end_1,false,end,1,962179,4511501,original,2,encoder_block_2,1.1725363731384275,46,100,100
false_end_1,false,end,1,962179,4511501,original,3,encoder_block_3,0.9585633277893066,51,100,100
false_end_1,false,end,1,962179,4511501,original,4,encoder_block_4,0.7313004732131958,57,100,100
false_end_1,false,end,1,962179,4511501,original,5,encoder_block_5,0.4647676944732666,45,100,100
false_end_1,false,end,1,962179,4511501,original,6,encoder_block_6,0.4876143932342529,47,100,100
false_end_1,false,end,1,962179,4511501,original,7,encoder_block_7,0.4738295078277588,41,100,100
false_end_1,false,end,1,962179,4511501,original,8,encoder_block_8,0.4282701015472412,38,100,100
false_end_1,false,end,1,962179,4511501,original,9,encoder_block_9,0.1025848388671875,41,100,100
false_end_1,false,end,1,962179,4511501,original,10,encoder_block_10,-1.2267677783966064,41,100,100
false_end_1,false,end,1,962179,4511501,original,11,encoder_block_11,-4.054971694946289,65,100,100
false_end_1,false,end,1,962179,4511501,original,12,encoder_block_12,-12.218341827392578,71,100,100
false_end_1,false,end,1,962179,4511501,padded_control,0,embedding,0.9851648807525636,27,100,100
false_end_1,false,end,1,962179,4511501,padded_control,1,encoder_block_1,1.0410137176513672,42,100,100
false_end_1,false,end,1,962179,4511501,padded_control,2,encoder_block_2,1.1742353439331057,46,100,100
false_end_1,false,end,1,962179,4511501,padded_control,3,encoder_block_3,0.9574174880981444,51,100,100
false_end_1,false,end,1,962179,4511501,padded_control,4,encoder_block_4,0.7285106182098389,58,100,100
false_end_1,false,end,1,962179,4511501,padded_control,5,encoder_block_5,0.4595000743865967,45,100,100
false_end_1,false,end,1,962179,4511501,padded_control,6,encoder_block_6,0.4823834896087646,47,100,100
false_end_1,false,end,1,962179,4511501,padded_control,7,encoder_block_7,0.4684157371520996,42,100,100
false_end_1,false,end,1,962179,4511501,padded_control,8,encoder_block_8,0.4253485202789306,39,100,100
false_end_1,false,end,1,962179,4511501,padded_control,9,encoder_block_9,0.1013767719268798,41,100,100
false_end_1,false,end,1,962179,4511501,padded_control,10,encoder_block_10,-1.2338919639587402,42,100,100
false_end_1,false,end,1,962179,4511501,padded_control,11,encoder_block_11,-4.071964740753174,66,100,100
false_end_1,false,end,1,962179,4511501,padded_control,12,encoder_block_12,-12.2259521484375,71,100,100
false_end_1,false,end,1,962179,4511501,attack,0,embedding,0.9087622165679932,37,100,100
false_end_1,false,end,1,962179,4511501,attack,1,encoder_block_1,0.8723520040512085,54,100,100
false_end_1,false,end,1,962179,4511501,attack,2,encoder_block_2,0.9862160682678224,57,100,100
false_end_1,false,end,1,962179,4511501,attack,3,encoder_block_3,0.7481296062469482,66,100,100
false_end_1,false,end,1,962179,4511501,attack,4,encoder_block_4,0.4912692904472351,71,100,100
false_end_1,false,end,1,962179,4511501,attack,5,encoder_block_5,0.2872995734214782,62,100,100
false_end_1,false,end,1,962179,4511501,attack,6,encoder_block_6,0.3620951175689697,59,100,100
false_end_1,false,end,1,962179,4511501,attack,7,encoder_block_7,0.3807895183563232,50,100,100
false_end_1,false,end,1,962179,4511501,attack,8,encoder_block_8,0.4068560600280761,46,100,100
false_end_1,false,end,1,962179,4511501,attack,9,encoder_block_9,0.088984727859497,42,100,100
false_end_1,false,end,1,962179,4511501,attack,10,encoder_block_10,-1.2368075847625732,43,100,100
false_end_1,false,end,1,962179,4511501,attack,11,encoder_block_11,-4.096684455871582,68,100,100
false_end_1,false,end,1,962179,4511501,attack,12,encoder_block_12,-12.263839721679688,71,100,100
false_end_1,false,end,1,1037798,8760864,original,0,embedding,0.7303557395935059,53,100,100
false_end_1,false,end,1,1037798,8760864,original,1,encoder_block_1,0.9469332695007324,26,100,100
false_end_1,false,end,1,1037798,8760864,original,2,encoder_block_2,0.938840627670288,44,100,100
false_end_1,false,end,1,1037798,8760864,original,3,encoder_block_3,0.7089104652404785,37,100,100
false_end_1,false,end,1,1037798,8760864,original,4,encoder_block_4,0.5630388259887695,45,100,100
false_end_1,false,end,1,1037798,8760864,original,5,encoder_block_5,0.5692088603973389,33,100,100
false_end_1,false,end,1,1037798,8760864,original,6,encoder_block_6,0.6406629085540771,36,100,100
false_end_1,false,end,1,1037798,8760864,original,7,encoder_block_7,0.7611713409423828,20,100,100
false_end_1,false,end,1,1037798,8760864,original,8,encoder_block_8,0.871514081954956,19,100,100
false_end_1,false,end,1,1037798,8760864,original,9,encoder_block_9,1.0296305418014526,24,100,100
false_end_1,false,end,1,1037798,8760864,original,10,encoder_block_10,0.950800895690918,17,100,100
false_end_1,false,end,1,1037798,8760864,original,11,encoder_block_11,1.704943060874939,8,100,100
false_end_1,false,end,1,1037798,8760864,original,12,encoder_block_12,2.394439935684204,8,100,100
false_end_1,false,end,1,1037798,8760864,padded_control,0,embedding,0.7303557395935059,53,100,100
false_end_1,false,end,1,1037798,8760864,padded_control,1,encoder_block_1,0.9484755992889404,26,100,100
false_end_1,false,end,1,1037798,8760864,padded_control,2,encoder_block_2,0.9400243759155272,44,100,100
false_end_1,false,end,1,1037798,8760864,padded_control,3,encoder_block_3,0.7101466655731201,37,100,100
false_end_1,false,end,1,1037798,8760864,padded_control,4,encoder_block_4,0.5623958110809326,45,100,100
false_end_1,false,end,1,1037798,8760864,padded_control,5,encoder_block_5,0.5688855648040771,33,100,100
false_end_1,false,end,1,1037798,8760864,padded_control,6,encoder_block_6,0.6407939195632935,36,100,100
false_end_1,false,end,1,1037798,8760864,padded_control,7,encoder_block_7,0.7641267776489258,20,100,100
false_end_1,false,end,1,1037798,8760864,padded_control,8,encoder_block_8,0.8745261430740356,19,100,100
false_end_1,false,end,1,1037798,8760864,padded_control,9,encoder_block_9,1.0327026844024658,24,100,100
false_end_1,false,end,1,1037798,8760864,padded_control,10,encoder_block_10,0.9541898965835572,16,100,100
false_end_1,false,end,1,1037798,8760864,padded_control,11,encoder_block_11,1.722675919532776,8,100,100
false_end_1,false,end,1,1037798,8760864,padded_control,12,encoder_block_12,2.411383032798767,8,100,100
false_end_1,false,end,1,1037798,8760864,attack,0,embedding,0.6536846160888672,57,100,100
false_end_1,false,end,1,1037798,8760864,attack,1,encoder_block_1,0.828538179397583,36,100,100
false_end_1,false,end,1,1037798,8760864,attack,2,encoder_block_2,0.8484458923339844,48,100,100
false_end_1,false,end,1,1037798,8760864,attack,3,encoder_block_3,0.6213850975036621,49,100,100
false_end_1,false,end,1,1037798,8760864,attack,4,encoder_block_4,0.4763145446777344,58,100,100
false_end_1,false,end,1,1037798,8760864,attack,5,encoder_block_5,0.4828546047210693,43,100,100
false_end_1,false,end,1,1037798,8760864,attack,6,encoder_block_6,0.5464785099029541,47,100,100
false_end_1,false,end,1,1037798,8760864,attack,7,encoder_block_7,0.6613421440124512,31,100,100
false_end_1,false,end,1,1037798,8760864,attack,8,encoder_block_8,0.7778617143630981,25,100,100
false_end_1,false,end,1,1037798,8760864,attack,9,encoder_block_9,0.9318042993545532,32,100,100
false_end_1,false,end,1,1037798,8760864,attack,10,encoder_block_10,0.8675780296325684,23,100,100
false_end_1,false,end,1,1037798,8760864,attack,11,encoder_block_11,1.6940877437591553,8,100,100
false_end_1,false,end,1,1037798,8760864,attack,12,encoder_block_12,2.253729343414306,8,100,100
false_end_1,false,end,1,104861,409268,original,0,embedding,0.5991559028625488,78,100,100
false_end_1,false,end,1,104861,409268,original,1,encoder_block_1,0.8868560791015625,61,100,100
false_end_1,false,end,1,104861,409268,original,2,encoder_block_2,0.9116034507751464,79,100,100
false_end_1,false,end,1,104861,409268,original,3,encoder_block_3,0.8460087776184082,82,100,100
false_end_1,false,end,1,104861,409268,original,4,encoder_block_4,0.7598123550415039,93,100,100
false_end_1,false,end,1,104861,409268,original,5,encoder_block_5,0.8122644424438477,86,100,100
false_end_1,false,end,1,104861,409268,original,6,encoder_block_6,0.7597167491912842,86,100,100
false_end_1,false,end,1,104861,409268,original,7,encoder_block_7,0.6356039047241211,85,100,100
false_end_1,false,end,1,104861,409268,original,8,encoder_block_8,0.5618946552276611,84,100,100
false_end_1,false,end,1,104861,409268,original,9,encoder_block_9,0.4007747173309326,90,100,100
false_end_1,false,end,1,104861,409268,original,10,encoder_block_10,-1.1306967735290527,90,100,100
false_end_1,false,end,1,104861,409268,original,11,encoder_block_11,-2.110466480255127,67,100,100
false_end_1,false,end,1,104861,409268,original,12,encoder_block_12,-9.888593673706056,42,100,100
false_end_1,false,end,1,104861,409268,padded_control,0,embedding,0.5991559028625488,78,100,100
false_end_1,false,end,1,104861,409268,padded_control,1,encoder_block_1,0.8863158226013184,61,100,100
false_end_1,false,end,1,104861,409268,padded_control,2,encoder_block_2,0.9131417274475098,79,100,100
false_end_1,false,end,1,104861,409268,padded_control,3,encoder_block_3,0.8463263511657715,82,100,100
false_end_1,false,end,1,104861,409268,padded_control,4,encoder_block_4,0.7588205337524414,93,100,100
false_end_1,false,end,1,104861,409268,padded_control,5,encoder_block_5,0.8144588470458984,86,100,100
false_end_1,false,end,1,104861,409268,padded_control,6,encoder_block_6,0.7586913108825684,86,100,100
false_end_1,false,end,1,104861,409268,padded_control,7,encoder_block_7,0.6327438354492188,85,100,100
false_end_1,false,end,1,104861,409268,padded_control,8,encoder_block_8,0.5601348876953125,84,100,100
false_end_1,false,end,1,104861,409268,padded_control,9,encoder_block_9,0.3996350765228271,90,100,100
false_end_1,false,end,1,104861,409268,padded_control,10,encoder_block_10,-1.1305229663848877,90,100,100
false_end_1,false,end,1,104861,409268,padded_control,11,encoder_block_11,-2.1106228828430176,67,100,100
false_end_1,false,end,1,104861,409268,padded_control,12,encoder_block_12,-9.891191482543944,42,100,100
false_end_1,false,end,1,104861,409268,attack,0,embedding,0.5207796096801758,83,100,100
false_end_1,false,end,1,104861,409268,attack,1,encoder_block_1,0.7423572540283203,74,100,100
false_end_1,false,end,1,104861,409268,attack,2,encoder_block_2,0.7701022624969482,87,100,100
false_end_1,false,end,1,104861,409268,attack,3,encoder_block_3,0.6741273403167725,91,100,100
false_end_1,false,end,1,104861,409268,attack,4,encoder_block_4,0.5525598526000977,97,100,100
false_end_1,false,end,1,104861,409268,attack,5,encoder_block_5,0.5800766944885254,94,100,100
false_end_1,false,end,1,104861,409268,attack,6,encoder_block_6,0.5597305297851562,92,100,100
false_end_1,false,end,1,104861,409268,attack,7,encoder_block_7,0.4814996719360351,91,100,100
false_end_1,false,end,1,104861,409268,attack,8,encoder_block_8,0.5005035400390625,87,100,100
false_end_1,false,end,1,104861,409268,attack,9,encoder_block_9,0.3253214359283447,92,100,100
false_end_1,false,end,1,104861,409268,attack,10,encoder_block_10,-1.1105836629867554,89,100,100
false_end_1,false,end,1,104861,409268,attack,11,encoder_block_11,-2.0356147289276123,67,100,100
false_end_1,false,end,1,104861,409268,attack,12,encoder_block_12,-9.892993927001951,42,100,100
false_end_1,false,end,1,1063750,6093907,original,0,embedding,0.4097535610198974,68,100,100
false_end_1,false,end,1,1063750,6093907,original,1,encoder_block_1,-0.0390677452087402,83,100,100
false_end_1,false,end,1,1063750,6093907,original,2,encoder_block_2,0.1466982364654541,77,100,100
false_end_1,false,end,1,1063750,6093907,original,3,encoder_block_3,0.3093795776367187,50,100,100
false_end_1,false,end,1,1063750,6093907,original,4,encoder_block_4,0.4017417430877685,43,100,100
false_end_1,false,end,1,1063750,6093907,original,5,encoder_block_5,0.5072712898254395,36,100,100
false_end_1,false,end,1,1063750,6093907,original,6,encoder_block_6,0.5528913736343384,33,100,100
false_end_1,false,end,1,1063750,6093907,original,7,encoder_block_7,0.6627411842346191,26,100,100
false_end_1,false,end,1,1063750,6093907,original,8,encoder_block_8,0.5001193284988403,39,100,100
false_end_1,false,end,1,1063750,6093907,original,9,encoder_block_9,0.400435209274292,44,100,100
false_end_1,false,end,1,1063750,6093907,original,10,encoder_block_10,0.4318147897720337,21,100,100
false_end_1,false,end,1,1063750,6093907,original,11,encoder_block_11,0.8387397527694702,12,100,100
false_end_1,false,end,1,1063750,6093907,original,12,encoder_block_12,0.0963659286499023,14,100,100
false_end_1,false,end,1,1063750,6093907,padded_control,0,embedding,0.4097533226013183,68,100,100
false_end_1,false,end,1,1063750,6093907,padded_control,1,encoder_block_1,-0.0370488166809082,82,100,100
false_end_1,false,end,1,1063750,6093907,padded_control,2,encoder_block_2,0.1504826545715332,77,100,100
false_end_1,false,end,1,1063750,6093907,padded_control,3,encoder_block_3,0.3114264011383056,50,100,100
false_end_1,false,end,1,1063750,6093907,padded_control,4,encoder_block_4,0.4006838798522949,43,100,100
false_end_1,false,end,1,1063750,6093907,padded_control,5,encoder_block_5,0.5042333602905273,36,100,100
false_end_1,false,end,1,1063750,6093907,padded_control,6,encoder_block_6,0.5499120950698853,34,100,100
false_end_1,false,end,1,1063750,6093907,padded_control,7,encoder_block_7,0.6595207452774048,26,100,100
false_end_1,false,end,1,1063750,6093907,padded_control,8,encoder_block_8,0.4973281621932983,39,100,100
false_end_1,false,end,1,1063750,6093907,padded_control,9,encoder_block_9,0.3902821540832519,46,100,100
false_end_1,false,end,1,1063750,6093907,padded_control,10,encoder_block_10,0.4185640811920166,21,100,100
false_end_1,false,end,1,1063750,6093907,padded_control,11,encoder_block_11,0.8250917196273804,12,100,100
false_end_1,false,end,1,1063750,6093907,padded_control,12,encoder_block_12,0.0709767341613769,14,100,100
false_end_1,false,end,1,1063750,6093907,attack,0,embedding,0.3377532958984375,76,100,100
false_end_1,false,end,1,1063750,6093907,attack,1,encoder_block_1,-0.1111798286437988,88,100,100
false_end_1,false,end,1,1063750,6093907,attack,2,encoder_block_2,0.039163589477539,84,100,100
false_end_1,false,end,1,1063750,6093907,attack,3,encoder_block_3,0.1936503648757934,64,100,100
false_end_1,false,end,1,1063750,6093907,attack,4,encoder_block_4,0.2613602876663208,56,100,100
false_end_1,false,end,1,1063750,6093907,attack,5,encoder_block_5,0.3571783304214477,47,100,100
false_end_1,false,end,1,1063750,6093907,attack,6,encoder_block_6,0.405523419380188,45,100,100
false_end_1,false,end,1,1063750,6093907,attack,7,encoder_block_7,0.5195575952529907,40,100,100
false_end_1,false,end,1,1063750,6093907,attack,8,encoder_block_8,0.4073212146759033,43,100,100
false_end_1,false,end,1,1063750,6093907,attack,9,encoder_block_9,0.3221121430397033,50,100,100
false_end_1,false,end,1,1063750,6093907,attack,10,encoder_block_10,0.3758829832077026,22,100,100
false_end_1,false,end,1,1063750,6093907,attack,11,encoder_block_11,0.8523809313774109,12,100,100
false_end_1,false,end,1,1063750,6093907,attack,12,encoder_block_12,0.0350881814956665,14,100,100
false_end_1,false,end,1,1103812,8220085,original,0,embedding,0.9230751991271972,36,100,100
false_end_1,false,end,1,1103812,8220085,original,1,encoder_block_1,0.7247791290283203,27,100,100
false_end_1,false,end,1,1103812,8220085,original,2,encoder_block_2,0.7561402320861816,33,100,100
false_end_1,false,end,1,1103812,8220085,original,3,encoder_block_3,0.5901646614074707,30,100,100
false_end_1,false,end,1,1103812,8220085,original,4,encoder_block_4,0.504183292388916,27,100,100
false_end_1,false,end,1,1103812,8220085,original,5,encoder_block_5,0.4698984622955322,22,100,100
false_end_1,false,end,1,1103812,8220085,original,6,encoder_block_6,0.4955623149871826,29,100,100
false_end_1,false,end,1,1103812,8220085,original,7,encoder_block_7,0.5572690963745117,27,100,100
false_end_1,false,end,1,1103812,8220085,original,8,encoder_block_8,0.6289103031158447,21,100,100
false_end_1,false,end,1,1103812,8220085,original,9,encoder_block_9,0.7252311706542969,6,100,100
false_end_1,false,end,1,1103812,8220085,original,10,encoder_block_10,0.917356014251709,1,100,100
false_end_1,false,end,1,1103812,8220085,original,11,encoder_block_11,2.2196249961853027,1,100,100
false_end_1,false,end,1,1103812,8220085,original,12,encoder_block_12,4.186270713806152,2,100,100
false_end_1,false,end,1,1103812,8220085,padded_control,0,embedding,0.92307448387146,36,100,100
false_end_1,false,end,1,1103812,8220085,padded_control,1,encoder_block_1,0.7271881103515625,27,100,100
false_end_1,false,end,1,1103812,8220085,padded_control,2,encoder_block_2,0.7551436424255371,33,100,100
false_end_1,false,end,1,1103812,8220085,padded_control,3,encoder_block_3,0.5898668766021729,30,100,100
false_end_1,false,end,1,1103812,8220085,padded_control,4,encoder_block_4,0.5021402835845947,27,100,100
false_end_1,false,end,1,1103812,8220085,padded_control,5,encoder_block_5,0.4671924114227295,22,100,100
false_end_1,false,end,1,1103812,8220085,padded_control,6,encoder_block_6,0.4934146404266357,29,100,100
false_end_1,false,end,1,1103812,8220085,padded_control,7,encoder_block_7,0.555229902267456,27,100,100
false_end_1,false,end,1,1103812,8220085,padded_control,8,encoder_block_8,0.6279764175415039,21,100,100
false_end_1,false,end,1,1103812,8220085,padded_control,9,encoder_block_9,0.7260046005249023,6,100,100
false_end_1,false,end,1,1103812,8220085,padded_control,10,encoder_block_10,0.9120612144470216,1,100,100
false_end_1,false,end,1,1103812,8220085,padded_control,11,encoder_block_11,2.2162885665893555,1,100,100
false_end_1,false,end,1,1103812,8220085,padded_control,12,encoder_block_12,4.184412002563477,2,100,100
false_end_1,false,end,1,1103812,8220085,attack,0,embedding,0.8468961715698242,43,100,100
false_end_1,false,end,1,1103812,8220085,attack,1,encoder_block_1,0.6019766330718994,44,100,100
false_end_1,false,end,1,1103812,8220085,attack,2,encoder_block_2,0.6010656356811523,55,100,100
false_end_1,false,end,1,1103812,8220085,attack,3,encoder_block_3,0.4096541404724121,60,100,100
false_end_1,false,end,1,1103812,8220085,attack,4,encoder_block_4,0.2975625991821289,51,100,100
false_end_1,false,end,1,1103812,8220085,attack,5,encoder_block_5,0.2872200012207031,41,100,100
false_end_1,false,end,1,1103812,8220085,attack,6,encoder_block_6,0.3550822734832763,42,100,100
false_end_1,false,end,1,1103812,8220085,attack,7,encoder_block_7,0.4553225040435791,34,100,100
false_end_1,false,end,1,1103812,8220085,attack,8,encoder_block_8,0.5772373676300049,24,100,100
false_end_1,false,end,1,1103812,8220085,attack,9,encoder_block_9,0.6573381423950195,8,100,100
false_end_1,false,end,1,1103812,8220085,attack,10,encoder_block_10,0.8808135986328125,2,100,100
false_end_1,false,end,1,1103812,8220085,attack,11,encoder_block_11,2.213223934173584,1,100,100
false_end_1,false,end,1,1103812,8220085,attack,12,encoder_block_12,4.204329490661621,2,100,100
false_end_1,false,end,1,1106007,5836920,original,0,embedding,0.3232474327087402,44,100,100
false_end_1,false,end,1,1106007,5836920,original,1,encoder_block_1,-0.0496785640716552,65,100,100
false_end_1,false,end,1,1106007,5836920,original,2,encoder_block_2,0.1526193618774414,55,100,100
false_end_1,false,end,1,1106007,5836920,original,3,encoder_block_3,0.1941337585449218,48,100,100
false_end_1,false,end,1,1106007,5836920,original,4,encoder_block_4,0.3286387920379638,53,100,100
false_end_1,false,end,1,1106007,5836920,original,5,encoder_block_5,0.230604887008667,59,100,100
false_end_1,false,end,1,1106007,5836920,original,6,encoder_block_6,0.279259443283081,56,100,100
false_end_1,false,end,1,1106007,5836920,original,7,encoder_block_7,0.2790360450744629,62,100,100
false_end_1,false,end,1,1106007,5836920,original,8,encoder_block_8,0.3525052070617676,67,100,100
false_end_1,false,end,1,1106007,5836920,original,9,encoder_block_9,0.6893398761749268,51,100,100
false_end_1,false,end,1,1106007,5836920,original,10,encoder_block_10,0.8899359703063965,35,100,100
false_end_1,false,end,1,1106007,5836920,original,11,encoder_block_11,1.0787949562072754,28,100,100
false_end_1,false,end,1,1106007,5836920,original,12,encoder_block_12,-2.906157732009888,29,100,100
false_end_1,false,end,1,1106007,5836920,padded_control,0,embedding,0.3232479095458984,44,100,100
false_end_1,false,end,1,1106007,5836920,padded_control,1,encoder_block_1,-0.050013780593872,65,100,100
false_end_1,false,end,1,1106007,5836920,padded_control,2,encoder_block_2,0.1495251655578613,55,100,100
false_end_1,false,end,1,1106007,5836920,padded_control,3,encoder_block_3,0.191533088684082,48,100,100
false_end_1,false,end,1,1106007,5836920,padded_control,4,encoder_block_4,0.3190038204193115,53,100,100
false_end_1,false,end,1,1106007,5836920,padded_control,5,encoder_block_5,0.2234108448028564,61,100,100
false_end_1,false,end,1,1106007,5836920,padded_control,6,encoder_block_6,0.2725412845611572,56,100,100
false_end_1,false,end,1,1106007,5836920,padded_control,7,encoder_block_7,0.2723991870880127,62,100,100
false_end_1,false,end,1,1106007,5836920,padded_control,8,encoder_block_8,0.3449838161468506,67,100,100
false_end_1,false,end,1,1106007,5836920,padded_control,9,encoder_block_9,0.6817450523376465,51,100,100
false_end_1,false,end,1,1106007,5836920,padded_control,10,encoder_block_10,0.8786458969116211,37,100,100
false_end_1,false,end,1,1106007,5836920,padded_control,11,encoder_block_11,1.06938636302948,28,100,100
false_end_1,false,end,1,1106007,5836920,padded_control,12,encoder_block_12,-2.959076404571533,30,100,100
false_end_1,false,end,1,1106007,5836920,attack,0,embedding,0.215965986251831,52,100,100
false_end_1,false,end,1,1106007,5836920,attack,1,encoder_block_1,-0.2065229415893554,76,100,100
false_end_1,false,end,1,1106007,5836920,attack,2,encoder_block_2,-0.0114507675170898,66,100,100
false_end_1,false,end,1,1106007,5836920,attack,3,encoder_block_3,-0.0272562503814697,66,100,100
false_end_1,false,end,1,1106007,5836920,attack,4,encoder_block_4,0.0552912950515747,71,100,100
false_end_1,false,end,1,1106007,5836920,attack,5,encoder_block_5,0.0269255638122558,78,100,100
false_end_1,false,end,1,1106007,5836920,attack,6,encoder_block_6,0.1112141609191894,77,100,100
false_end_1,false,end,1,1106007,5836920,attack,7,encoder_block_7,0.1362751722335815,72,100,100
false_end_1,false,end,1,1106007,5836920,attack,8,encoder_block_8,0.2743513584136963,72,100,100
false_end_1,false,end,1,1106007,5836920,attack,9,encoder_block_9,0.5952167510986328,61,100,100
false_end_1,false,end,1,1106007,5836920,attack,10,encoder_block_10,0.8270754814147949,44,100,100
false_end_1,false,end,1,1106007,5836920,attack,11,encoder_block_11,1.1021184921264648,28,100,100
false_end_1,false,end,1,1106007,5836920,attack,12,encoder_block_12,-3.2761621475219727,31,100,100
false_end_1,false,end,1,1110199,398442,original,0,embedding,1.9492440223693848,12,100,100
false_end_1,false,end,1,1110199,398442,original,1,encoder_block_1,1.669599533081055,36,100,100
false_end_1,false,end,1,1110199,398442,original,2,encoder_block_2,1.6492743492126465,51,100,100
false_end_1,false,end,1,1110199,398442,original,3,encoder_block_3,1.6156578063964844,39,100,100
false_end_1,false,end,1,1110199,398442,original,4,encoder_block_4,1.5761513710021973,51,100,100
false_end_1,false,end,1,1110199,398442,original,5,encoder_block_5,1.2734811305999756,79,100,100
false_end_1,false,end,1,1110199,398442,original,6,encoder_block_6,1.183363437652588,83,100,100
false_end_1,false,end,1,1110199,398442,original,7,encoder_block_7,1.0405066013336182,90,100,100
false_end_1,false,end,1,1110199,398442,original,8,encoder_block_8,0.8472667932510376,99,100,100
false_end_1,false,end,1,1110199,398442,original,9,encoder_block_9,0.7435391545295715,100,100,100
false_end_1,false,end,1,1110199,398442,original,10,encoder_block_10,0.0885074734687805,87,100,100
false_end_1,false,end,1,1110199,398442,original,11,encoder_block_11,-1.476323127746582,63,100,100
false_end_1,false,end,1,1110199,398442,original,12,encoder_block_12,-11.19942569732666,43,100,100
false_end_1,false,end,1,1110199,398442,padded_control,0,embedding,1.9492449760437007,12,100,100
false_end_1,false,end,1,1110199,398442,padded_control,1,encoder_block_1,1.6721177101135254,36,100,100
false_end_1,false,end,1,1110199,398442,padded_control,2,encoder_block_2,1.6495568752288818,51,100,100
false_end_1,false,end,1,1110199,398442,padded_control,3,encoder_block_3,1.613126277923584,39,100,100
false_end_1,false,end,1,1110199,398442,padded_control,4,encoder_block_4,1.5709412097930908,53,100,100
false_end_1,false,end,1,1110199,398442,padded_control,5,encoder_block_5,1.2696521282196045,79,100,100
false_end_1,false,end,1,1110199,398442,padded_control,6,encoder_block_6,1.1819756031036377,83,100,100
false_end_1,false,end,1,1110199,398442,padded_control,7,encoder_block_7,1.039218544960022,90,100,100
false_end_1,false,end,1,1110199,398442,padded_control,8,encoder_block_8,0.841194748878479,99,100,100
false_end_1,false,end,1,1110199,398442,padded_control,9,encoder_block_9,0.7433961033821106,100,100,100
false_end_1,false,end,1,1110199,398442,padded_control,10,encoder_block_10,0.080746591091156,88,100,100
false_end_1,false,end,1,1110199,398442,padded_control,11,encoder_block_11,-1.4838287830352783,63,100,100
false_end_1,false,end,1,1110199,398442,padded_control,12,encoder_block_12,-11.20743179321289,43,100,100
false_end_1,false,end,1,1110199,398442,attack,0,embedding,1.7453103065490725,22,100,100
false_end_1,false,end,1,1110199,398442,attack,1,encoder_block_1,1.4640350341796875,53,100,100
false_end_1,false,end,1,1110199,398442,attack,2,encoder_block_2,1.398543119430542,80,100,100
false_end_1,false,end,1,1110199,398442,attack,3,encoder_block_3,1.281548261642456,83,100,100
false_end_1,false,end,1,1110199,398442,attack,4,encoder_block_4,1.2172980904579165,89,100,100
false_end_1,false,end,1,1110199,398442,attack,5,encoder_block_5,0.9902118444442748,94,100,100
false_end_1,false,end,1,1110199,398442,attack,6,encoder_block_6,0.9459021687507628,94,100,100
false_end_1,false,end,1,1110199,398442,attack,7,encoder_block_7,0.8600599765777588,96,100,100
false_end_1,false,end,1,1110199,398442,attack,8,encoder_block_8,0.757939338684082,99,100,100
false_end_1,false,end,1,1110199,398442,attack,9,encoder_block_9,0.6563652157783508,100,100,100
false_end_1,false,end,1,1110199,398442,attack,10,encoder_block_10,0.075432151556015,89,100,100
false_end_1,false,end,1,1110199,398442,attack,11,encoder_block_11,-1.3515514731407166,61,100,100
false_end_1,false,end,1,1110199,398442,attack,12,encoder_block_12,-11.144847869873049,42,100,100
false_end_1,false,end,1,1112341,2096429,original,0,embedding,0.7273681163787842,66,100,100
false_end_1,false,end,1,1112341,2096429,original,1,encoder_block_1,0.996849775314331,49,100,100
false_end_1,false,end,1,1112341,2096429,original,2,encoder_block_2,1.047372341156006,56,100,100
false_end_1,false,end,1,1112341,2096429,original,3,encoder_block_3,1.038649559020996,52,100,100
false_end_1,false,end,1,1112341,2096429,original,4,encoder_block_4,1.1595208644866943,48,100,100
false_end_1,false,end,1,1112341,2096429,original,5,encoder_block_5,1.0893104076385498,58,100,100
false_end_1,false,end,1,1112341,2096429,original,6,encoder_block_6,1.1442320346832275,49,100,100
false_end_1,false,end,1,1112341,2096429,original,7,encoder_block_7,1.063668727874756,59,100,100
false_end_1,false,end,1,1112341,2096429,original,8,encoder_block_8,1.1163320541381836,57,100,100
false_end_1,false,end,1,1112341,2096429,original,9,encoder_block_9,1.117256760597229,46,100,100
false_end_1,false,end,1,1112341,2096429,original,10,encoder_block_10,-0.4381673336029053,73,100,100
false_end_1,false,end,1,1112341,2096429,original,11,encoder_block_11,-3.6580777168273926,74,100,100
false_end_1,false,end,1,1112341,2096429,original,12,encoder_block_12,-12.837587356567385,72,100,100
false_end_1,false,end,1,1112341,2096429,padded_control,0,embedding,0.7273678779602051,66,100,100
false_end_1,false,end,1,1112341,2096429,padded_control,1,encoder_block_1,1.0070085525512695,47,100,100
false_end_1,false,end,1,1112341,2096429,padded_control,2,encoder_block_2,1.054412841796875,55,100,100
false_end_1,false,end,1,1112341,2096429,padded_control,3,encoder_block_3,1.044593095779419,50,100,100
false_end_1,false,end,1,1112341,2096429,padded_control,4,encoder_block_4,1.1613876819610596,48,100,100
false_end_1,false,end,1,1112341,2096429,padded_control,5,encoder_block_5,1.0906002521514893,58,100,100
false_end_1,false,end,1,1112341,2096429,padded_control,6,encoder_block_6,1.1449344158172607,49,100,100
false_end_1,false,end,1,1112341,2096429,padded_control,7,encoder_block_7,1.0676825046539309,59,100,100
false_end_1,false,end,1,1112341,2096429,padded_control,8,encoder_block_8,1.120426893234253,56,100,100
false_end_1,false,end,1,1112341,2096429,padded_control,9,encoder_block_9,1.1210938692092896,46,100,100
false_end_1,false,end,1,1112341,2096429,padded_control,10,encoder_block_10,-0.4506361484527588,73,100,100
false_end_1,false,end,1,1112341,2096429,padded_control,11,encoder_block_11,-3.6828126907348633,74,100,100
false_end_1,false,end,1,1112341,2096429,padded_control,12,encoder_block_12,-12.845252990722656,72,100,100
false_end_1,false,end,1,1112341,2096429,attack,0,embedding,0.6359055042266846,79,100,100
false_end_1,false,end,1,1112341,2096429,attack,1,encoder_block_1,0.8411459922790527,67,100,100
false_end_1,false,end,1,1112341,2096429,attack,2,encoder_block_2,0.9044311046600342,69,100,100
false_end_1,false,end,1,1112341,2096429,attack,3,encoder_block_3,0.8997418880462646,71,100,100
false_end_1,false,end,1,1112341,2096429,attack,4,encoder_block_4,0.9896140098571776,67,100,100
false_end_1,false,end,1,1112341,2096429,attack,5,encoder_block_5,0.9085285663604736,78,100,100
false_end_1,false,end,1,1112341,2096429,attack,6,encoder_block_6,0.981401801109314,69,100,100
false_end_1,false,end,1,1112341,2096429,attack,7,encoder_block_7,0.9270787239074708,72,100,100
false_end_1,false,end,1,1112341,2096429,attack,8,encoder_block_8,1.0262799263000488,62,100,100
false_end_1,false,end,1,1112341,2096429,attack,9,encoder_block_9,1.067098617553711,53,100,100
false_end_1,false,end,1,1112341,2096429,attack,10,encoder_block_10,-0.4078246355056762,72,100,100
false_end_1,false,end,1,1112341,2096429,attack,11,encoder_block_11,-3.5456137657165527,73,100,100
false_end_1,false,end,1,1112341,2096429,attack,12,encoder_block_12,-12.817776679992676,71,100,100
false_end_1,false,end,1,1113437,8128790,original,0,embedding,0.5658645629882812,56,100,100
false_end_1,false,end,1,1113437,8128790,original,1,encoder_block_1,0.8959074020385742,28,100,100
false_end_1,false,end,1,1113437,8128790,original,2,encoder_block_2,1.1732230186462402,26,100,100
false_end_1,false,end,1,1113437,8128790,original,3,encoder_block_3,1.088050127029419,36,100,100
false_end_1,false,end,1,1113437,8128790,original,4,encoder_block_4,0.9776401519775392,54,100,100
false_end_1,false,end,1,1113437,8128790,original,5,encoder_block_5,0.9457435607910156,50,100,100
false_end_1,false,end,1,1113437,8128790,original,6,encoder_block_6,0.9479632377624512,50,100,100
false_end_1,false,end,1,1113437,8128790,original,7,encoder_block_7,1.0149266719818115,33,100,100
false_end_1,false,end,1,1113437,8128790,original,8,encoder_block_8,0.9171240329742432,49,100,100
false_end_1,false,end,1,1113437,8128790,original,9,encoder_block_9,1.0854408740997314,39,100,100
false_end_1,false,end,1,1113437,8128790,original,10,encoder_block_10,1.1270759105682373,28,100,100
false_end_1,false,end,1,1113437,8128790,original,11,encoder_block_11,2.0376570224761963,7,100,100
false_end_1,false,end,1,1113437,8128790,original,12,encoder_block_12,3.245300531387329,2,100,100
false_end_1,false,end,1,1113437,8128790,padded_control,0,embedding,0.5658650398254395,56,100,100
false_end_1,false,end,1,1113437,8128790,padded_control,1,encoder_block_1,0.8999648094177246,28,100,100
false_end_1,false,end,1,1113437,8128790,padded_control,2,encoder_block_2,1.1733455657958984,26,100,100
false_end_1,false,end,1,1113437,8128790,padded_control,3,encoder_block_3,1.0891454219818115,36,100,100
false_end_1,false,end,1,1113437,8128790,padded_control,4,encoder_block_4,0.9806680679321288,54,100,100
false_end_1,false,end,1,1113437,8128790,padded_control,5,encoder_block_5,0.947941780090332,49,100,100
false_end_1,false,end,1,1113437,8128790,padded_control,6,encoder_block_6,0.9480769634246826,50,100,100
false_end_1,false,end,1,1113437,8128790,padded_control,7,encoder_block_7,1.0133006572723389,33,100,100
false_end_1,false,end,1,1113437,8128790,padded_control,8,encoder_block_8,0.916313648223877,49,100,100
false_end_1,false,end,1,1113437,8128790,padded_control,9,encoder_block_9,1.087231159210205,39,100,100
false_end_1,false,end,1,1113437,8128790,padded_control,10,encoder_block_10,1.1271119117736816,28,100,100
false_end_1,false,end,1,1113437,8128790,padded_control,11,encoder_block_11,2.045418500900269,7,100,100
false_end_1,false,end,1,1113437,8128790,padded_control,12,encoder_block_12,3.276110887527466,2,100,100
false_end_1,false,end,1,1113437,8128790,attack,0,embedding,0.4883732795715332,63,100,100
false_end_1,false,end,1,1113437,8128790,attack,1,encoder_block_1,0.7787623405456543,36,100,100
false_end_1,false,end,1,1113437,8128790,attack,2,encoder_block_2,1.0249557495117188,29,100,100
false_end_1,false,end,1,1113437,8128790,attack,3,encoder_block_3,0.8723225593566895,53,100,100
false_end_1,false,end,1,1113437,8128790,attack,4,encoder_block_4,0.7588961124420166,73,100,100
false_end_1,false,end,1,1113437,8128790,attack,5,encoder_block_5,0.7669196128845215,69,100,100
false_end_1,false,end,1,1113437,8128790,attack,6,encoder_block_6,0.7819056510925293,68,100,100
false_end_1,false,end,1,1113437,8128790,attack,7,encoder_block_7,0.8677337169647217,55,100,100
false_end_1,false,end,1,1113437,8128790,attack,8,encoder_block_8,0.8253796100616455,56,100,100
false_end_1,false,end,1,1113437,8128790,attack,9,encoder_block_9,0.9611930847167968,50,100,100
false_end_1,false,end,1,1113437,8128790,attack,10,encoder_block_10,1.0487897396087646,35,100,100
false_end_1,false,end,1,1113437,8128790,attack,11,encoder_block_11,1.996896743774414,7,100,100
false_end_1,false,end,1,1113437,8128790,attack,12,encoder_block_12,3.1414589881896973,2,100,100
false_end_1,false,end,1,1114646,8117087,original,0,embedding,0.4525597095489502,64,100,100
false_end_1,false,end,1,1114646,8117087,original,1,encoder_block_1,0.0941433906555175,55,100,100
false_end_1,false,end,1,1114646,8117087,original,2,encoder_block_2,0.134101390838623,49,100,100
false_end_1,false,end,1,1114646,8117087,original,3,encoder_block_3,-0.0034594535827636,65,100,100
false_end_1,false,end,1,1114646,8117087,original,4,encoder_block_4,-0.2673103809356689,80,100,100
false_end_1,false,end,1,1114646,8117087,original,5,encoder_block_5,-0.4265675544738769,84,100,100
false_end_1,false,end,1,1114646,8117087,original,6,encoder_block_6,-0.6759626865386963,93,100,100
false_end_1,false,end,1,1114646,8117087,original,7,encoder_block_7,-0.6104249954223633,88,100,100
false_end_1,false,end,1,1114646,8117087,original,8,encoder_block_8,-0.6744838953018188,94,100,100
false_end_1,false,end,1,1114646,8117087,original,9,encoder_block_9,-0.239369511604309,75,100,100
false_end_1,false,end,1,1114646,8117087,original,10,encoder_block_10,-0.9897842407226562,69,100,100
false_end_1,false,end,1,1114646,8117087,original,11,encoder_block_11,-1.718577265739441,55,100,100
false_end_1,false,end,1,1114646,8117087,original,12,encoder_block_12,-3.277005195617676,15,100,100
false_end_1,false,end,1,1114646,8117087,padded_control,0,embedding,0.4525606632232666,64,100,100
false_end_1,false,end,1,1114646,8117087,padded_control,1,encoder_block_1,0.0953941345214843,54,100,100
false_end_1,false,end,1,1114646,8117087,padded_control,2,encoder_block_2,0.1348447799682617,49,100,100
false_end_1,false,end,1,1114646,8117087,padded_control,3,encoder_block_3,0.0001306533813476,65,100,100
false_end_1,false,end,1,1114646,8117087,padded_control,4,encoder_block_4,-0.263399600982666,80,100,100
false_end_1,false,end,1,1114646,8117087,padded_control,5,encoder_block_5,-0.4260439872741699,84,100,100
false_end_1,false,end,1,1114646,8117087,padded_control,6,encoder_block_6,-0.6757515668869019,93,100,100
false_end_1,false,end,1,1114646,8117087,padded_control,7,encoder_block_7,-0.6102755069732666,88,100,100
false_end_1,false,end,1,1114646,8117087,padded_control,8,encoder_block_8,-0.6691687107086182,94,100,100
false_end_1,false,end,1,1114646,8117087,padded_control,9,encoder_block_9,-0.2378824949264526,75,100,100
false_end_1,false,end,1,1114646,8117087,padded_control,10,encoder_block_10,-0.9980241060256958,69,100,100
false_end_1,false,end,1,1114646,8117087,padded_control,11,encoder_block_11,-1.737347424030304,55,100,100
false_end_1,false,end,1,1114646,8117087,padded_control,12,encoder_block_12,-3.272079467773437,15,100,100
false_end_1,false,end,1,1114646,8117087,attack,0,embedding,0.3610208034515381,69,100,100
false_end_1,false,end,1,1114646,8117087,attack,1,encoder_block_1,-0.0478296279907226,65,100,100
false_end_1,false,end,1,1114646,8117087,attack,2,encoder_block_2,-0.0323665142059326,65,100,100
false_end_1,false,end,1,1114646,8117087,attack,3,encoder_block_3,-0.2151656150817871,79,100,100
false_end_1,false,end,1,1114646,8117087,attack,4,encoder_block_4,-0.4732539653778076,92,100,100
false_end_1,false,end,1,1114646,8117087,attack,5,encoder_block_5,-0.5759258270263672,91,100,100
false_end_1,false,end,1,1114646,8117087,attack,6,encoder_block_6,-0.7921773195266724,96,100,100
false_end_1,false,end,1,1114646,8117087,attack,7,encoder_block_7,-0.714555025100708,91,100,100
false_end_1,false,end,1,1114646,8117087,attack,8,encoder_block_8,-0.7300362586975098,95,100,100
false_end_1,false,end,1,1114646,8117087,attack,9,encoder_block_9,-0.2955935001373291,79,100,100
false_end_1,false,end,1,1114646,8117087,attack,10,encoder_block_10,-1.0238393545150757,70,100,100
false_end_1,false,end,1,1114646,8117087,attack,11,encoder_block_11,-1.753354251384735,55,100,100
false_end_1,false,end,1,1114646,8117087,attack,12,encoder_block_12,-3.591114997863769,17,100,100
false_end_1,false,end,1,1114819,5521373,original,0,embedding,0.9298124313354492,29,100,100
false_end_1,false,end,1,1114819,5521373,original,1,encoder_block_1,0.8040676116943359,35,100,100
false_end_1,false,end,1,1114819,5521373,original,2,encoder_block_2,0.9285264015197754,36,100,100
false_end_1,false,end,1,1114819,5521373,original,3,encoder_block_3,0.8773107528686523,57,100,100
false_end_1,false,end,1,1114819,5521373,original,4,encoder_block_4,0.6709322929382324,69,100,100
false_end_1,false,end,1,1114819,5521373,original,5,encoder_block_5,0.5512998104095459,56,100,100
false_end_1,false,end,1,1114819,5521373,original,6,encoder_block_6,0.5644142627716064,52,100,100
false_end_1,false,end,1,1114819,5521373,original,7,encoder_block_7,0.5560307502746582,47,100,100
false_end_1,false,end,1,1114819,5521373,original,8,encoder_block_8,0.8099603652954102,33,100,100
false_end_1,false,end,1,1114819,5521373,original,9,encoder_block_9,1.0669748783111572,25,100,100
false_end_1,false,end,1,1114819,5521373,original,10,encoder_block_10,1.0764141082763672,15,100,100
false_end_1,false,end,1,1114819,5521373,original,11,encoder_block_11,2.5245814323425293,15,100,100
false_end_1,false,end,1,1114819,5521373,original,12,encoder_block_12,4.793581008911133,9,100,100
false_end_1,false,end,1,1114819,5521373,padded_control,0,embedding,0.929811954498291,29,100,100
false_end_1,false,end,1,1114819,5521373,padded_control,1,encoder_block_1,0.8127570152282715,34,100,100
false_end_1,false,end,1,1114819,5521373,padded_control,2,encoder_block_2,0.9321527481079102,36,100,100
false_end_1,false,end,1,1114819,5521373,padded_control,3,encoder_block_3,0.8809347152709961,56,100,100
false_end_1,false,end,1,1114819,5521373,padded_control,4,encoder_block_4,0.6704583168029785,69,100,100
false_end_1,false,end,1,1114819,5521373,padded_control,5,encoder_block_5,0.5522451400756836,55,100,100
false_end_1,false,end,1,1114819,5521373,padded_control,6,encoder_block_6,0.5687460899353027,50,100,100
false_end_1,false,end,1,1114819,5521373,padded_control,7,encoder_block_7,0.5618648529052734,47,100,100
false_end_1,false,end,1,1114819,5521373,padded_control,8,encoder_block_8,0.8221015930175781,29,100,100
false_end_1,false,end,1,1114819,5521373,padded_control,9,encoder_block_9,1.0803234577178955,24,100,100
false_end_1,false,end,1,1114819,5521373,padded_control,10,encoder_block_10,1.105015993118286,13,100,100
false_end_1,false,end,1,1114819,5521373,padded_control,11,encoder_block_11,2.5417819023132324,12,100,100
false_end_1,false,end,1,1114819,5521373,padded_control,12,encoder_block_12,4.835339546203613,9,100,100
false_end_1,false,end,1,1114819,5521373,attack,0,embedding,0.7870981693267822,47,100,100
false_end_1,false,end,1,1114819,5521373,attack,1,encoder_block_1,0.5535364151000977,58,100,100
false_end_1,false,end,1,1114819,5521373,attack,2,encoder_block_2,0.5951085090637207,74,100,100
false_end_1,false,end,1,1114819,5521373,attack,3,encoder_block_3,0.5016078948974609,89,100,100
false_end_1,false,end,1,1114819,5521373,attack,4,encoder_block_4,0.2603108882904053,97,100,100
false_end_1,false,end,1,1114819,5521373,attack,5,encoder_block_5,0.2282593250274658,96,100,100
false_end_1,false,end,1,1114819,5521373,attack,6,encoder_block_6,0.3056516647338867,90,100,100
false_end_1,false,end,1,1114819,5521373,attack,7,encoder_block_7,0.3232612609863281,75,100,100
false_end_1,false,end,1,1114819,5521373,attack,8,encoder_block_8,0.601823091506958,58,100,100
false_end_1,false,end,1,1114819,5521373,attack,9,encoder_block_9,0.8558499813079834,47,100,100
false_end_1,false,end,1,1114819,5521373,attack,10,encoder_block_10,0.9653310775756836,20,100,100
false_end_1,false,end,1,1114819,5521373,attack,11,encoder_block_11,2.309939384460449,18,100,100
false_end_1,false,end,1,1114819,5521373,attack,12,encoder_block_12,4.678197860717773,10,100,100
false_end_1,false,end,1,1115776,8106323,original,0,embedding,-0.0940017700195312,86,100,100
false_end_1,false,end,1,1115776,8106323,original,1,encoder_block_1,-0.214996337890625,74,100,100
false_end_1,false,end,1,1115776,8106323,original,2,encoder_block_2,0.263092041015625,47,100,100
false_end_1,false,end,1,1115776,8106323,original,3,encoder_block_3,0.374537706375122,49,100,100
false_end_1,false,end,1,1115776,8106323,original,4,encoder_block_4,0.3625969886779785,47,100,100
false_end_1,false,end,1,1115776,8106323,original,5,encoder_block_5,0.3879518508911133,32,100,100
false_end_1,false,end,1,1115776,8106323,original,6,encoder_block_6,0.3969943523406982,30,100,100
false_end_1,false,end,1,1115776,8106323,original,7,encoder_block_7,0.3084838390350342,38,100,100
false_end_1,false,end,1,1115776,8106323,original,8,encoder_block_8,0.4813952445983886,25,100,100
false_end_1,false,end,1,1115776,8106323,original,9,encoder_block_9,0.520807147026062,21,100,100
false_end_1,false,end,1,1115776,8106323,original,10,encoder_block_10,-0.291603684425354,23,100,100
false_end_1,false,end,1,1115776,8106323,original,11,encoder_block_11,-1.8993338346481323,40,100,100
false_end_1,false,end,1,1115776,8106323,original,12,encoder_block_12,-12.078439712524414,74,100,100
false_end_1,false,end,1,1115776,8106323,padded_control,0,embedding,-0.0940017700195312,86,100,100
false_end_1,false,end,1,1115776,8106323,padded_control,1,encoder_block_1,-0.203803539276123,74,100,100
false_end_1,false,end,1,1115776,8106323,padded_control,2,encoder_block_2,0.2629861831665039,47,100,100
false_end_1,false,end,1,1115776,8106323,padded_control,3,encoder_block_3,0.3772363662719726,49,100,100
false_end_1,false,end,1,1115776,8106323,padded_control,4,encoder_block_4,0.3663876056671142,46,100,100
false_end_1,false,end,1,1115776,8106323,padded_control,5,encoder_block_5,0.3868573904037475,32,100,100
false_end_1,false,end,1,1115776,8106323,padded_control,6,encoder_block_6,0.3983066082000732,30,100,100
false_end_1,false,end,1,1115776,8106323,padded_control,7,encoder_block_7,0.3130133152008056,38,100,100
false_end_1,false,end,1,1115776,8106323,padded_control,8,encoder_block_8,0.4868361949920654,25,100,100
false_end_1,false,end,1,1115776,8106323,padded_control,9,encoder_block_9,0.5263453125953674,21,100,100
false_end_1,false,end,1,1115776,8106323,padded_control,10,encoder_block_10,-0.2780299186706543,23,100,100
false_end_1,false,end,1,1115776,8106323,padded_control,11,encoder_block_11,-1.8853118419647217,39,100,100
false_end_1,false,end,1,1115776,8106323,padded_control,12,encoder_block_12,-12.06041431427002,74,100,100
false_end_1,false,end,1,1115776,8106323,attack,0,embedding,-0.3058395385742187,95,100,100
false_end_1,false,end,1,1115776,8106323,attack,1,encoder_block_1,-0.3672096729278564,80,100,100
false_end_1,false,end,1,1115776,8106323,attack,2,encoder_block_2,0.1006770133972168,62,100,100
false_end_1,false,end,1,1115776,8106323,attack,3,encoder_block_3,0.1506962776184082,64,100,100
false_end_1,false,end,1,1115776,8106323,attack,4,encoder_block_4,0.1331653892993927,57,100,100
false_end_1,false,end,1,1115776,8106323,attack,5,encoder_block_5,0.2017853260040283,46,100,100
false_end_1,false,end,1,1115776,8106323,attack,6,encoder_block_6,0.2316461503505706,42,100,100
false_end_1,false,end,1,1115776,8106323,attack,7,encoder_block_7,0.1676522493362426,42,100,100
false_end_1,false,end,1,1115776,8106323,attack,8,encoder_block_8,0.340543657541275,32,100,100
false_end_1,false,end,1,1115776,8106323,attack,9,encoder_block_9,0.3951998651027679,29,100,100
false_end_1,false,end,1,1115776,8106323,attack,10,encoder_block_10,-0.3269622921943664,27,100,100
false_end_1,false,end,1,1115776,8106323,attack,11,encoder_block_11,-1.9714205265045168,40,100,100
false_end_1,false,end,1,1115776,8106323,attack,12,encoder_block_12,-12.128586769104004,75,100,100
false_end_1,false,end,1,1117099,8093931,original,0,embedding,0.6646270751953125,25,100,100
false_end_1,false,end,1,1117099,8093931,original,1,encoder_block_1,0.2695531845092773,42,100,100
false_end_1,false,end,1,1117099,8093931,original,2,encoder_block_2,0.2809982299804687,42,100,100
false_end_1,false,end,1,1117099,8093931,original,3,encoder_block_3,0.1374320983886718,46,100,100
false_end_1,false,end,1,1117099,8093931,original,4,encoder_block_4,0.0212702751159667,55,100,100
false_end_1,false,end,1,1117099,8093931,original,5,encoder_block_5,0.0369272232055664,54,100,100
false_end_1,false,end,1,1117099,8093931,original,6,encoder_block_6,0.1331763267517089,44,100,100
false_end_1,false,end,1,1117099,8093931,original,7,encoder_block_7,0.1126213073730468,47,100,100
false_end_1,false,end,1,1117099,8093931,original,8,encoder_block_8,0.1447963714599609,52,100,100
false_end_1,false,end,1,1117099,8093931,original,9,encoder_block_9,0.2922570705413818,42,100,100
false_end_1,false,end,1,1117099,8093931,original,10,encoder_block_10,0.3431308269500732,48,100,100
false_end_1,false,end,1,1117099,8093931,original,11,encoder_block_11,1.3816022872924805,27,100,100
false_end_1,false,end,1,1117099,8093931,original,12,encoder_block_12,2.529758632183075,22,100,100
false_end_1,false,end,1,1117099,8093931,padded_control,0,embedding,0.6646261215209961,25,100,100
false_end_1,false,end,1,1117099,8093931,padded_control,1,encoder_block_1,0.2702741622924804,42,100,100
false_end_1,false,end,1,1117099,8093931,padded_control,2,encoder_block_2,0.2781238555908203,42,100,100
false_end_1,false,end,1,1117099,8093931,padded_control,3,encoder_block_3,0.1359570026397705,46,100,100
false_end_1,false,end,1,1117099,8093931,padded_control,4,encoder_block_4,0.0213057994842529,55,100,100
false_end_1,false,end,1,1117099,8093931,padded_control,5,encoder_block_5,0.0363256931304931,54,100,100
false_end_1,false,end,1,1117099,8093931,padded_control,6,encoder_block_6,0.1301422119140625,44,100,100
false_end_1,false,end,1,1117099,8093931,padded_control,7,encoder_block_7,0.1058349609375,47,100,100
false_end_1,false,end,1,1117099,8093931,padded_control,8,encoder_block_8,0.1414990425109863,52,100,100
false_end_1,false,end,1,1117099,8093931,padded_control,9,encoder_block_9,0.297121524810791,42,100,100
false_end_1,false,end,1,1117099,8093931,padded_control,10,encoder_block_10,0.3426516056060791,48,100,100
false_end_1,false,end,1,1117099,8093931,padded_control,11,encoder_block_11,1.389859676361084,27,100,100
false_end_1,false,end,1,1117099,8093931,padded_control,12,encoder_block_12,2.535041034221649,22,100,100
false_end_1,false,end,1,1117099,8093931,attack,0,embedding,0.5724382400512695,29,100,100
false_end_1,false,end,1,1117099,8093931,attack,1,encoder_block_1,0.1045360565185546,53,100,100
false_end_1,false,end,1,1117099,8093931,attack,2,encoder_block_2,0.0372078418731689,58,100,100
false_end_1,false,end,1,1117099,8093931,attack,3,encoder_block_3,-0.1860737800598144,72,100,100
false_end_1,false,end,1,1117099,8093931,attack,4,encoder_block_4,-0.306546688079834,77,100,100
false_end_1,false,end,1,1117099,8093931,attack,5,encoder_block_5,-0.2189610004425048,70,100,100
false_end_1,false,end,1,1117099,8093931,attack,6,encoder_block_6,-0.075383186340332,62,100,100
false_end_1,false,end,1,1117099,8093931,attack,7,encoder_block_7,-0.0606324672698974,62,100,100
false_end_1,false,end,1,1117099,8093931,attack,8,encoder_block_8,0.0838096141815185,54,100,100
false_end_1,false,end,1,1117099,8093931,attack,9,encoder_block_9,0.2347536087036132,47,100,100
false_end_1,false,end,1,1117099,8093931,attack,10,encoder_block_10,0.3080806732177734,48,100,100
false_end_1,false,end,1,1117099,8093931,attack,11,encoder_block_11,1.3863916397094729,27,100,100
false_end_1,false,end,1,1117099,8093931,attack,12,encoder_block_12,2.449487805366516,22,100,100
false_end_1,false,end,1,1121402,8052624,original,0,embedding,0.3495612144470215,80,100,100
false_end_1,false,end,1,1121402,8052624,original,1,encoder_block_1,0.2696928977966308,65,100,100
false_end_1,false,end,1,1121402,8052624,original,2,encoder_block_2,0.4348392486572265,58,100,100
false_end_1,false,end,1,1121402,8052624,original,3,encoder_block_3,0.5248277187347412,51,100,100
false_end_1,false,end,1,1121402,8052624,original,4,encoder_block_4,0.6406412124633789,39,100,100
false_end_1,false,end,1,1121402,8052624,original,5,encoder_block_5,0.7257304191589355,31,100,100
false_end_1,false,end,1,1121402,8052624,original,6,encoder_block_6,0.8011765480041504,22,100,100
false_end_1,false,end,1,1121402,8052624,original,7,encoder_block_7,0.8908953666687012,14,100,100
false_end_1,false,end,1,1121402,8052624,original,8,encoder_block_8,0.9932317733764648,13,100,100
false_end_1,false,end,1,1121402,8052624,original,9,encoder_block_9,0.9872844219207764,11,100,100
false_end_1,false,end,1,1121402,8052624,original,10,encoder_block_10,1.3212480545043943,2,100,100
false_end_1,false,end,1,1121402,8052624,original,11,encoder_block_11,3.356931686401367,1,100,100
false_end_1,false,end,1,1121402,8052624,original,12,encoder_block_12,5.915290832519531,2,100,100
false_end_1,false,end,1,1121402,8052624,padded_control,0,embedding,0.3495612144470215,80,100,100
false_end_1,false,end,1,1121402,8052624,padded_control,1,encoder_block_1,0.2728662490844726,65,100,100
false_end_1,false,end,1,1121402,8052624,padded_control,2,encoder_block_2,0.4367117881774902,58,100,100
false_end_1,false,end,1,1121402,8052624,padded_control,3,encoder_block_3,0.5248515605926514,51,100,100
false_end_1,false,end,1,1121402,8052624,padded_control,4,encoder_block_4,0.6370487213134766,39,100,100
false_end_1,false,end,1,1121402,8052624,padded_control,5,encoder_block_5,0.7230339050292969,31,100,100
false_end_1,false,end,1,1121402,8052624,padded_control,6,encoder_block_6,0.7976908683776855,22,100,100
false_end_1,false,end,1,1121402,8052624,padded_control,7,encoder_block_7,0.8897035121917725,14,100,100
false_end_1,false,end,1,1121402,8052624,padded_control,8,encoder_block_8,0.9973196983337402,13,100,100
false_end_1,false,end,1,1121402,8052624,padded_control,9,encoder_block_9,0.9908583164215088,11,100,100
false_end_1,false,end,1,1121402,8052624,padded_control,10,encoder_block_10,1.318800926208496,2,100,100
false_end_1,false,end,1,1121402,8052624,padded_control,11,encoder_block_11,3.363458633422852,1,100,100
false_end_1,false,end,1,1121402,8052624,padded_control,12,encoder_block_12,5.916662216186523,2,100,100
false_end_1,false,end,1,1121402,8052624,attack,0,embedding,0.2526030540466308,84,100,100
false_end_1,false,end,1,1121402,8052624,attack,1,encoder_block_1,0.1174745559692382,76,100,100
false_end_1,false,end,1,1121402,8052624,attack,2,encoder_block_2,0.2605147361755371,71,100,100
false_end_1,false,end,1,1121402,8052624,attack,3,encoder_block_3,0.2879838943481445,77,100,100
false_end_1,false,end,1,1121402,8052624,attack,4,encoder_block_4,0.3500378131866455,73,100,100
false_end_1,false,end,1,1121402,8052624,attack,5,encoder_block_5,0.4790645837783813,47,100,100
false_end_1,false,end,1,1121402,8052624,attack,6,encoder_block_6,0.5749448537826538,36,100,100
false_end_1,false,end,1,1121402,8052624,attack,7,encoder_block_7,0.6852467060089111,31,100,100
false_end_1,false,end,1,1121402,8052624,attack,8,encoder_block_8,0.8889815807342529,21,100,100
false_end_1,false,end,1,1121402,8052624,attack,9,encoder_block_9,0.8981010913848877,15,100,100
false_end_1,false,end,1,1121402,8052624,attack,10,encoder_block_10,1.2340936660766602,3,100,100
false_end_1,false,end,1,1121402,8052624,attack,11,encoder_block_11,3.3252124786376958,1,100,100
false_end_1,false,end,1,1121402,8052624,attack,12,encoder_block_12,5.90036678314209,2,100,100
false_end_1,false,end,1,1121709,1269175,original,0,embedding,0.3117632865905761,76,100,100
false_end_1,false,end,1,1121709,1269175,original,1,encoder_block_1,0.148996353149414,58,100,100
false_end_1,false,end,1,1121709,1269175,original,2,encoder_block_2,0.6813814640045166,47,100,100
false_end_1,false,end,1,1121709,1269175,original,3,encoder_block_3,0.6404454708099365,47,100,100
false_end_1,false,end,1,1121709,1269175,original,4,encoder_block_4,0.6799132823944092,57,100,100
false_end_1,false,end,1,1121709,1269175,original,5,encoder_block_5,0.5350496768951416,67,100,100
false_end_1,false,end,1,1121709,1269175,original,6,encoder_block_6,0.5691186189651489,65,100,100
false_end_1,false,end,1,1121709,1269175,original,7,encoder_block_7,0.6213798522949219,62,100,100
false_end_1,false,end,1,1121709,1269175,original,8,encoder_block_8,0.6074302196502686,62,100,100
false_end_1,false,end,1,1121709,1269175,original,9,encoder_block_9,0.620168924331665,73,100,100
false_end_1,false,end,1,1121709,1269175,original,10,encoder_block_10,0.2710539698600769,28,100,100
false_end_1,false,end,1,1121709,1269175,original,11,encoder_block_11,-1.3682814836502075,25,100,100
false_end_1,false,end,1,1121709,1269175,original,12,encoder_block_12,-12.051349639892578,34,100,100
false_end_1,false,end,1,1121709,1269175,padded_control,0,embedding,0.311763048171997,76,100,100
false_end_1,false,end,1,1121709,1269175,padded_control,1,encoder_block_1,0.1515359878540039,58,100,100
false_end_1,false,end,1,1121709,1269175,padded_control,2,encoder_block_2,0.6815798282623291,47,100,100
false_end_1,false,end,1,1121709,1269175,padded_control,3,encoder_block_3,0.6427862644195557,47,100,100
false_end_1,false,end,1,1121709,1269175,padded_control,4,encoder_block_4,0.6778113842010498,57,100,100
false_end_1,false,end,1,1121709,1269175,padded_control,5,encoder_block_5,0.5342996120452881,67,100,100
false_end_1,false,end,1,1121709,1269175,padded_control,6,encoder_block_6,0.5666437149047852,65,100,100
false_end_1,false,end,1,1121709,1269175,padded_control,7,encoder_block_7,0.6183720827102661,62,100,100
false_end_1,false,end,1,1121709,1269175,padded_control,8,encoder_block_8,0.6041268110275269,62,100,100
false_end_1,false,end,1,1121709,1269175,padded_control,9,encoder_block_9,0.6203581094741821,73,100,100
false_end_1,false,end,1,1121709,1269175,padded_control,10,encoder_block_10,0.2667067646980285,28,100,100
false_end_1,false,end,1,1121709,1269175,padded_control,11,encoder_block_11,-1.380363941192627,25,100,100
false_end_1,false,end,1,1121709,1269175,padded_control,12,encoder_block_12,-12.06259822845459,34,100,100
false_end_1,false,end,1,1121709,1269175,attack,0,embedding,0.2466514110565185,81,100,100
false_end_1,false,end,1,1121709,1269175,attack,1,encoder_block_1,0.0243852138519287,70,100,100
false_end_1,false,end,1,1121709,1269175,attack,2,encoder_block_2,0.5306627750396729,52,100,100
false_end_1,false,end,1,1121709,1269175,attack,3,encoder_block_3,0.481285810470581,62,100,100
false_end_1,false,end,1,1121709,1269175,attack,4,encoder_block_4,0.5205396413803101,74,100,100
false_end_1,false,end,1,1121709,1269175,attack,5,encoder_block_5,0.3976345062255859,79,100,100
false_end_1,false,end,1,1121709,1269175,attack,6,encoder_block_6,0.4712568521499634,79,100,100
false_end_1,false,end,1,1121709,1269175,attack,7,encoder_block_7,0.5175540447235107,68,100,100
false_end_1,false,end,1,1121709,1269175,attack,8,encoder_block_8,0.5303224325180054,65,100,100
false_end_1,false,end,1,1121709,1269175,attack,9,encoder_block_9,0.5305655002593994,81,100,100
false_end_1,false,end,1,1121709,1269175,attack,10,encoder_block_10,0.1799928545951843,37,100,100
false_end_1,false,end,1,1121709,1269175,attack,11,encoder_block_11,-1.4034056067466736,25,100,100
false_end_1,false,end,1,1121709,1269175,attack,12,encoder_block_12,-12.025883674621582,34,100,100
