attack_name,token,position,repetitions,qid,docid,variant,layer_index,layer_name,score,rank,candidate_top_k,n_candidates_scored
relevancy_random_2,relevancy,random,2,1037798,3641634,original,0,embedding,0.8320577144622803,37,100,100
relevancy_random_2,relevancy,random,2,1037798,3641634,original,1,encoder_block_1,0.5770964622497559,62,100,100
relevancy_random_2,relevancy,random,2,1037798,3641634,original,2,encoder_block_2,0.8005528450012207,52,100,100
relevancy_random_2,relevancy,random,2,1037798,3641634,original,3,encoder_block_3,0.6463022232055664,45,100,100
relevancy_random_2,relevancy,random,2,1037798,3641634,original,4,encoder_block_4,0.5612177848815918,46,100,100
relevancy_random_2,relevancy,random,2,1037798,3641634,original,5,encoder_block_5,0.5341918468475342,35,100,100
relevancy_random_2,relevancy,random,2,1037798,3641634,original,6,encoder_block_6,0.7486610412597656,22,100,100
relevancy_random_2,relevancy,random,2,1037798,3641634,original,7,encoder_block_7,0.5290794372558594,44,100,100
relevancy_random_2,relevancy,random,2,1037798,3641634,original,8,encoder_block_8,0.5495195388793945,56,100,100
relevancy_random_2,relevancy,random,2,1037798,3641634,original,9,encoder_block_9,0.7852129936218262,50,100,100
relevancy_random_2,relevancy,random,2,1037798,3641634,original,10,encoder_block_10,0.8754327297210693,23,100,100
relevancy_random_2,relevancy,random,2,1037798,3641634,original,11,encoder_block_11,1.6852598190307615,9,100,100
relevancy_random_2,relevancy,random,2,1037798,3641634,original,12,encoder_block_12,1.2045688927173617,11,100,100
relevancy_random_2,relevancy,random,2,1037798,3641634,padded_control,0,embedding,0.8320584297180176,37,100,100
relevancy_random_2,relevancy,random,2,1037798,3641634,padded_control,1,encoder_block_1,0.5811357498168945,61,100,100
relevancy_random_2,relevancy,random,2,1037798,3641634,padded_control,2,encoder_block_2,0.8077526092529297,52,100,100
relevancy_random_2,relevancy,random,2,1037798,3641634,padded_control,3,encoder_block_3,0.6507630348205566,44,100,100
relevancy_random_2,relevancy,random,2,1037798,3641634,padded_control,4,encoder_block_4,0.5704178810119629,42,100,100
relevancy_random_2,relevancy,random,2,1037798,3641634,padded_control,5,encoder_block_5,0.5398402214050293,35,100,100
relevancy_random_2,relevancy,random,2,1037798,3641634,padded_control,6,encoder_block_6,0.7535502910614014,22,100,100
relevancy_random_2,relevancy,random,2,1037798,3641634,padded_control,7,encoder_block_7,0.5295135974884033,44,100,100
relevancy_random_2,relevancy,random,2,1037798,3641634,padded_control,8,encoder_block_8,0.5470161437988281,56,100,100
relevancy_random_2,relevancy,random,2,1037798,3641634,padded_control,9,encoder_block_9,0.7757277488708496,51,100,100
relevancy_random_2,relevancy,random,2,1037798,3641634,padded_control,10,encoder_block_10,0.8692111968994141,23,100,100
relevancy_random_2,relevancy,random,2,1037798,3641634,padded_control,11,encoder_block_11,1.676350235939026,9,100,100
relevancy_random_2,relevancy,random,2,1037798,3641634,padded_control,12,encoder_block_12,1.2162516117095947,11,100,100
relevancy_random_2,relevancy,random,2,1037798,3641634,attack,0,embedding,0.8307173252105713,37,100,100
relevancy_random_2,relevancy,random,2,1037798,3641634,attack,1,encoder_block_1,0.7522625923156738,49,100,100
relevancy_random_2,relevancy,random,2,1037798,3641634,attack,2,encoder_block_2,0.9644804000854492,38,100,100
relevancy_random_2,relevancy,random,2,1037798,3641634,attack,3,encoder_block_3,0.8252625465393066,29,100,100
relevancy_random_2,relevancy,random,2,1037798,3641634,attack,4,encoder_block_4,0.6907572746276855,31,100,100
relevancy_random_2,relevancy,random,2,1037798,3641634,attack,5,encoder_block_5,0.6450626850128174,28,100,100
relevancy_random_2,relevancy,random,2,1037798,3641634,attack,6,encoder_block_6,0.8268601894378662,17,100,100
relevancy_random_2,relevancy,random,2,1037798,3641634,attack,7,encoder_block_7,0.6028704643249512,36,100,100
relevancy_random_2,relevancy,random,2,1037798,3641634,attack,8,encoder_block_8,0.6143767833709717,47,100,100
relevancy_random_2,relevancy,random,2,1037798,3641634,attack,9,encoder_block_9,0.8221278190612793,48,100,100
relevancy_random_2,relevancy,random,2,1037798,3641634,attack,10,encoder_block_10,0.9095010757446288,21,100,100
relevancy_random_2,relevancy,random,2,1037798,3641634,attack,11,encoder_block_11,1.6675279140472412,9,100,100
relevancy_random_2,relevancy,random,2,1037798,3641634,attack,12,encoder_block_12,1.1653091311454773,11,100,100
relevancy_random_2,relevancy,random,2,104861,459676,original,0,embedding,0.9635918140411376,45,100,100
relevancy_random_2,relevancy,random,2,104861,459676,original,1,encoder_block_1,1.1753835678100586,32,100,100
relevancy_random_2,relevancy,random,2,104861,459676,original,2,encoder_block_2,1.640017032623291,3,100,100
relevancy_random_2,relevancy,random,2,104861,459676,original,3,encoder_block_3,1.6881709098815918,5,100,100
relevancy_random_2,relevancy,random,2,104861,459676,original,4,encoder_block_4,1.9483013153076167,3,100,100
relevancy_random_2,relevancy,random,2,104861,459676,original,5,encoder_block_5,2.049661874771118,3,100,100
relevancy_random_2,relevancy,random,2,104861,459676,original,6,encoder_block_6,1.990306615829468,3,100,100
relevancy_random_2,relevancy,random,2,104861,459676,original,7,encoder_block_7,2.039266586303711,3,100,100
relevancy_random_2,relevancy,random,2,104861,459676,original,8,encoder_block_8,1.8978996276855469,3,100,100
relevancy_random_2,relevancy,random,2,104861,459676,original,9,encoder_block_9,2.068165779113769,2,100,100
relevancy_random_2,relevancy,random,2,104861,459676,original,10,encoder_block_10,2.228157520294189,1,100,100
relevancy_random_2,relevancy,random,2,104861,459676,original,11,encoder_block_11,2.517533540725708,1,100,100
relevancy_random_2,relevancy,random,2,104861,459676,original,12,encoder_block_12,1.6921783089637756,14,100,100
relevancy_random_2,relevancy,random,2,104861,459676,padded_control,0,embedding,0.9635915756225586,45,100,100
relevancy_random_2,relevancy,random,2,104861,459676,padded_control,1,encoder_block_1,1.176137924194336,32,100,100
relevancy_random_2,relevancy,random,2,104861,459676,padded_control,2,encoder_block_2,1.6420745849609375,3,100,100
relevancy_random_2,relevancy,random,2,104861,459676,padded_control,3,encoder_block_3,1.6883325576782229,5,100,100
relevancy_random_2,relevancy,random,2,104861,459676,padded_control,4,encoder_block_4,1.947209358215332,3,100,100
relevancy_random_2,relevancy,random,2,104861,459676,padded_control,5,encoder_block_5,2.0530269145965576,3,100,100
relevancy_random_2,relevancy,random,2,104861,459676,padded_control,6,encoder_block_6,1.9964423179626465,3,100,100
relevancy_random_2,relevancy,random,2,104861,459676,padded_control,7,encoder_block_7,2.044689178466797,3,100,100
relevancy_random_2,relevancy,random,2,104861,459676,padded_control,8,encoder_block_8,1.905333995819092,3,100,100
relevancy_random_2,relevancy,random,2,104861,459676,padded_control,9,encoder_block_9,2.0712242126464844,2,100,100
relevancy_random_2,relevancy,random,2,104861,459676,padded_control,10,encoder_block_10,2.229181289672852,1,100,100
relevancy_random_2,relevancy,random,2,104861,459676,padded_control,11,encoder_block_11,2.508452653884888,1,100,100
relevancy_random_2,relevancy,random,2,104861,459676,padded_control,12,encoder_block_12,1.6586750149726868,15,100,100
relevancy_random_2,relevancy,random,2,104861,459676,attack,0,embedding,0.977891445159912,42,100,100
relevancy_random_2,relevancy,random,2,104861,459676,attack,1,encoder_block_1,1.206778049468994,28,100,100
relevancy_random_2,relevancy,random,2,104861,459676,attack,2,encoder_block_2,1.6665277481079102,3,100,100
relevancy_random_2,relevancy,random,2,104861,459676,attack,3,encoder_block_3,1.7544934749603271,2,100,100
relevancy_random_2,relevancy,random,2,104861,459676,attack,4,encoder_block_4,2.0301718711853027,3,100,100
relevancy_random_2,relevancy,random,2,104861,459676,attack,5,encoder_block_5,2.111058235168457,3,100,100
relevancy_random_2,relevancy,random,2,104861,459676,attack,6,encoder_block_6,2.057822227478028,2,100,100
relevancy_random_2,relevancy,random,2,104861,459676,attack,7,encoder_block_7,2.082427978515625,3,100,100
relevancy_random_2,relevancy,random,2,104861,459676,attack,8,encoder_block_8,1.938118934631348,3,100,100
relevancy_random_2,relevancy,random,2,104861,459676,attack,9,encoder_block_9,2.0840792655944824,2,100,100
relevancy_random_2,relevancy,random,2,104861,459676,attack,10,encoder_block_10,2.227580308914185,1,100,100
relevancy_random_2,relevancy,random,2,104861,459676,attack,11,encoder_block_11,2.4969208240509038,1,100,100
relevancy_random_2,relevancy,random,2,104861,459676,attack,12,encoder_block_12,1.5955448746681211,15,100,100
relevancy_random_2,relevancy,random,2,1063750,4788295,original,0,embedding,0.7345647811889648,44,100,100
relevancy_random_2,relevancy,random,2,1063750,4788295,original,1,encoder_block_1,0.4743719100952148,50,100,100
relevancy_random_2,relevancy,random,2,1063750,4788295,original,2,encoder_block_2,0.2930629253387451,67,100,100
relevancy_random_2,relevancy,random,2,1063750,4788295,original,3,encoder_block_3,0.1441771984100341,71,100,100
relevancy_random_2,relevancy,random,2,1063750,4788295,original,4,encoder_block_4,0.4063873291015625,42,100,100
relevancy_random_2,relevancy,random,2,1063750,4788295,original,5,encoder_block_5,0.4649672508239746,38,100,100
relevancy_random_2,relevancy,random,2,1063750,4788295,original,6,encoder_block_6,0.5196993350982666,37,100,100
relevancy_random_2,relevancy,random,2,1063750,4788295,original,7,encoder_block_7,0.5396733283996582,34,100,100
relevancy_random_2,relevancy,random,2,1063750,4788295,original,8,encoder_block_8,0.7442870140075684,21,100,100
relevancy_random_2,relevancy,random,2,1063750,4788295,original,9,encoder_block_9,0.8194112777709961,14,100,100
relevancy_random_2,relevancy,random,2,1063750,4788295,original,10,encoder_block_10,0.6462976932525635,9,100,100
relevancy_random_2,relevancy,random,2,1063750,4788295,original,11,encoder_block_11,1.5446739196777344,5,100,100
relevancy_random_2,relevancy,random,2,1063750,4788295,original,12,encoder_block_12,3.5748090744018555,4,100,100
relevancy_random_2,relevancy,random,2,1063750,4788295,padded_control,0,embedding,0.7345647811889648,44,100,100
relevancy_random_2,relevancy,random,2,1063750,4788295,padded_control,1,encoder_block_1,0.4657249450683594,51,100,100
relevancy_random_2,relevancy,random,2,1063750,4788295,padded_control,2,encoder_block_2,0.2594728469848633,68,100,100
relevancy_random_2,relevancy,random,2,1063750,4788295,padded_control,3,encoder_block_3,0.1135311126708984,73,100,100
relevancy_random_2,relevancy,random,2,1063750,4788295,padded_control,4,encoder_block_4,0.3921895027160644,44,100,100
relevancy_random_2,relevancy,random,2,1063750,4788295,padded_control,5,encoder_block_5,0.4543375968933105,38,100,100
relevancy_random_2,relevancy,random,2,1063750,4788295,padded_control,6,encoder_block_6,0.5107979774475098,38,100,100
relevancy_random_2,relevancy,random,2,1063750,4788295,padded_control,7,encoder_block_7,0.542471170425415,34,100,100
relevancy_random_2,relevancy,random,2,1063750,4788295,padded_control,8,encoder_block_8,0.7512779235839844,21,100,100
relevancy_random_2,relevancy,random,2,1063750,4788295,padded_control,9,encoder_block_9,0.825590968132019,14,100,100
relevancy_random_2,relevancy,random,2,1063750,4788295,padded_control,10,encoder_block_10,0.6576876640319824,9,100,100
relevancy_random_2,relevancy,random,2,1063750,4788295,padded_control,11,encoder_block_11,1.5471343994140625,5,100,100
relevancy_random_2,relevancy,random,2,1063750,4788295,padded_control,12,encoder_block_12,3.5643110275268555,4,100,100
relevancy_random_2,relevancy,random,2,1063750,4788295,attack,0,embedding,0.7244033813476562,45,100,100
relevancy_random_2,relevancy,random,2,1063750,4788295,attack,1,encoder_block_1,0.5547647476196289,45,100,100
relevancy_random_2,relevancy,random,2,1063750,4788295,attack,2,encoder_block_2,0.3838310241699219,58,100,100
relevancy_random_2,relevancy,random,2,1063750,4788295,attack,3,encoder_block_3,0.2294931411743164,60,100,100
relevancy_random_2,relevancy,random,2,1063750,4788295,attack,4,encoder_block_4,0.5392313003540039,35,100,100
relevancy_random_2,relevancy,random,2,1063750,4788295,attack,5,encoder_block_5,0.6005587577819824,28,100,100
relevancy_random_2,relevancy,random,2,1063750,4788295,attack,6,encoder_block_6,0.6650552749633789,24,100,100
relevancy_random_2,relevancy,random,2,1063750,4788295,attack,7,encoder_block_7,0.6948127746582031,24,100,100
relevancy_random_2,relevancy,random,2,1063750,4788295,attack,8,encoder_block_8,0.8746827840805054,17,100,100
relevancy_random_2,relevancy,random,2,1063750,4788295,attack,9,encoder_block_9,0.9413774013519288,9,100,100
relevancy_random_2,relevancy,random,2,1063750,4788295,attack,10,encoder_block_10,0.7549159526824951,6,100,100
relevancy_random_2,relevancy,random,2,1063750,4788295,attack,11,encoder_block_11,1.606008768081665,5,100,100
relevancy_random_2,relevancy,random,2,1063750,4788295,attack,12,encoder_block_12,3.656917095184326,4,100,100
relevancy_random_2,relevancy,random,2,1103812,3843267,original,0,embedding,1.1385068893432615,8,100,100
relevancy_random_2,relevancy,random,2,1103812,3843267,original,1,encoder_block_1,0.7724995613098145,23,100,100
relevancy_random_2,relevancy,random,2,1103812,3843267,original,2,encoder_block_2,0.8877558708190918,18,100,100
relevancy_random_2,relevancy,random,2,1103812,3843267,original,3,encoder_block_3,0.6147010326385498,26,100,100
relevancy_random_2,relevancy,random,2,1103812,3843267,original,4,encoder_block_4,0.3889913558959961,38,100,100
relevancy_random_2,relevancy,random,2,1103812,3843267,original,5,encoder_block_5,0.1942498683929443,51,100,100
relevancy_random_2,relevancy,random,2,1103812,3843267,original,6,encoder_block_6,0.1409058570861816,65,100,100
relevancy_random_2,relevancy,random,2,1103812,3843267,original,7,encoder_block_7,0.1842563152313232,61,100,100
relevancy_random_2,relevancy,random,2,1103812,3843267,original,8,encoder_block_8,0.1707890033721923,61,100,100
relevancy_random_2,relevancy,random,2,1103812,3843267,original,9,encoder_block_9,0.3361358642578125,37,100,100
relevancy_random_2,relevancy,random,2,1103812,3843267,original,10,encoder_block_10,0.0934512615203857,30,100,100
relevancy_random_2,relevancy,random,2,1103812,3843267,original,11,encoder_block_11,1.2669405937194824,7,100,100
relevancy_random_2,relevancy,random,2,1103812,3843267,original,12,encoder_block_12,4.076918601989746,3,100,100
relevancy_random_2,relevancy,random,2,1103812,3843267,padded_control,0,embedding,1.1385068893432615,8,100,100
relevancy_random_2,relevancy,random,2,1103812,3843267,padded_control,1,encoder_block_1,0.7761011123657227,23,100,100
relevancy_random_2,relevancy,random,2,1103812,3843267,padded_control,2,encoder_block_2,0.8918709754943848,18,100,100
relevancy_random_2,relevancy,random,2,1103812,3843267,padded_control,3,encoder_block_3,0.6160151958465576,26,100,100
relevancy_random_2,relevancy,random,2,1103812,3843267,padded_control,4,encoder_block_4,0.3939023017883301,37,100,100
relevancy_random_2,relevancy,random,2,1103812,3843267,padded_control,5,encoder_block_5,0.1994223594665527,51,100,100
relevancy_random_2,relevancy,random,2,1103812,3843267,padded_control,6,encoder_block_6,0.1525590419769287,63,100,100
relevancy_random_2,relevancy,random,2,1103812,3843267,padded_control,7,encoder_block_7,0.182647705078125,61,100,100
relevancy_random_2,relevancy,random,2,1103812,3843267,padded_control,8,encoder_block_8,0.1438941955566406,61,100,100
relevancy_random_2,relevancy,random,2,1103812,3843267,padded_control,9,encoder_block_9,0.3140966892242431,39,100,100
relevancy_random_2,relevancy,random,2,1103812,3843267,padded_control,10,encoder_block_10,0.1103479862213134,28,100,100
relevancy_random_2,relevancy,random,2,1103812,3843267,padded_control,11,encoder_block_11,1.3680777549743652,6,100,100
relevancy_random_2,relevancy,random,2,1103812,3843267,padded_control,12,encoder_block_12,4.15880298614502,3,100,100
relevancy_random_2,relevancy,random,2,1103812,3843267,attack,0,embedding,1.1325230598449707,8,100,100
relevancy_random_2,relevancy,random,2,1103812,3843267,attack,1,encoder_block_1,0.8679294586181641,13,100,100
relevancy_random_2,relevancy,random,2,1103812,3843267,attack,2,encoder_block_2,1.0585131645202637,11,100,100
relevancy_random_2,relevancy,random,2,1103812,3843267,attack,3,encoder_block_3,0.7691793441772461,15,100,100
relevancy_random_2,relevancy,random,2,1103812,3843267,attack,4,encoder_block_4,0.5395777225494385,23,100,100
relevancy_random_2,relevancy,random,2,1103812,3843267,attack,5,encoder_block_5,0.3792462348937988,32,100,100
relevancy_random_2,relevancy,random,2,1103812,3843267,attack,6,encoder_block_6,0.3720815181732178,43,100,100
relevancy_random_2,relevancy,random,2,1103812,3843267,attack,7,encoder_block_7,0.3227174282073974,49,100,100
relevancy_random_2,relevancy,random,2,1103812,3843267,attack,8,encoder_block_8,0.2978467941284179,47,100,100
relevancy_random_2,relevancy,random,2,1103812,3843267,attack,9,encoder_block_9,0.407327651977539,28,100,100
relevancy_random_2,relevancy,random,2,1103812,3843267,attack,10,encoder_block_10,0.1498727798461914,27,100,100
relevancy_random_2,relevancy,random,2,1103812,3843267,attack,11,encoder_block_11,1.324225902557373,7,100,100
relevancy_random_2,relevancy,random,2,1103812,3843267,attack,12,encoder_block_12,4.276611328125,2,100,100
relevancy_random_2,relevancy,random,2,1106007,6126194,original,0,embedding,0.9976165294647216,5,100,100
relevancy_random_2,relevancy,random,2,1106007,6126194,original,1,encoder_block_1,1.4154257774353027,2,100,100
relevancy_random_2,relevancy,random,2,1106007,6126194,original,2,encoder_block_2,1.6524105072021484,1,100,100
relevancy_random_2,relevancy,random,2,1106007,6126194,original,3,encoder_block_3,1.462425947189331,1,100,100
relevancy_random_2,relevancy,random,2,1106007,6126194,original,4,encoder_block_4,1.8070693016052248,1,100,100
relevancy_random_2,relevancy,random,2,1106007,6126194,original,5,encoder_block_5,1.7888007164001465,1,100,100
relevancy_random_2,relevancy,random,2,1106007,6126194,original,6,encoder_block_6,1.7590737342834473,1,100,100
relevancy_random_2,relevancy,random,2,1106007,6126194,original,7,encoder_block_7,1.847627878189087,1,100,100
relevancy_random_2,relevancy,random,2,1106007,6126194,original,8,encoder_block_8,1.865367412567139,1,100,100
relevancy_random_2,relevancy,random,2,1106007,6126194,original,9,encoder_block_9,1.8352789878845213,1,100,100
relevancy_random_2,relevancy,random,2,1106007,6126194,original,10,encoder_block_10,1.9322757720947263,2,100,100
relevancy_random_2,relevancy,random,2,1106007,6126194,original,11,encoder_block_11,2.2114975452423096,14,100,100
relevancy_random_2,relevancy,random,2,1106007,6126194,original,12,encoder_block_12,-0.0340566039085388,21,100,100
relevancy_random_2,relevancy,random,2,1106007,6126194,padded_control,0,embedding,0.9976167678833008,5,100,100
relevancy_random_2,relevancy,random,2,1106007,6126194,padded_control,1,encoder_block_1,1.4155826568603516,2,100,100
relevancy_random_2,relevancy,random,2,1106007,6126194,padded_control,2,encoder_block_2,1.6431117057800293,2,100,100
relevancy_random_2,relevancy,random,2,1106007,6126194,padded_control,3,encoder_block_3,1.4655439853668213,1,100,100
relevancy_random_2,relevancy,random,2,1106007,6126194,padded_control,4,encoder_block_4,1.806889533996582,1,100,100
relevancy_random_2,relevancy,random,2,1106007,6126194,padded_control,5,encoder_block_5,1.7840886116027832,1,100,100
relevancy_random_2,relevancy,random,2,1106007,6126194,padded_control,6,encoder_block_6,1.752279281616211,1,100,100
relevancy_random_2,relevancy,random,2,1106007,6126194,padded_control,7,encoder_block_7,1.8413236141204836,1,100,100
relevancy_random_2,relevancy,random,2,1106007,6126194,padded_control,8,encoder_block_8,1.8615646362304688,1,100,100
relevancy_random_2,relevancy,random,2,1106007,6126194,padded_control,9,encoder_block_9,1.8351342678070068,1,100,100
relevancy_random_2,relevancy,random,2,1106007,6126194,padded_control,10,encoder_block_10,1.928150415420532,2,100,100
relevancy_random_2,relevancy,random,2,1106007,6126194,padded_control,11,encoder_block_11,2.2094024419784546,14,100,100
relevancy_random_2,relevancy,random,2,1106007,6126194,padded_control,12,encoder_block_12,-0.0277598202228546,21,100,100
relevancy_random_2,relevancy,random,2,1106007,6126194,attack,0,embedding,0.9923725128173828,5,100,100
relevancy_random_2,relevancy,random,2,1106007,6126194,attack,1,encoder_block_1,1.4857606887817385,2,100,100
relevancy_random_2,relevancy,random,2,1106007,6126194,attack,2,encoder_block_2,1.7320094108581543,1,100,100
relevancy_random_2,relevancy,random,2,1106007,6126194,attack,3,encoder_block_3,1.5613818168640137,1,100,100
relevancy_random_2,relevancy,random,2,1106007,6126194,attack,4,encoder_block_4,1.9195613861083984,1,100,100
relevancy_random_2,relevancy,random,2,1106007,6126194,attack,5,encoder_block_5,1.888955354690552,1,100,100
relevancy_random_2,relevancy,random,2,1106007,6126194,attack,6,encoder_block_6,1.838450908660889,1,100,100
relevancy_random_2,relevancy,random,2,1106007,6126194,attack,7,encoder_block_7,1.91097354888916,1,100,100
relevancy_random_2,relevancy,random,2,1106007,6126194,attack,8,encoder_block_8,1.9607391357421875,1,100,100
relevancy_random_2,relevancy,random,2,1106007,6126194,attack,9,encoder_block_9,1.916728973388672,1,100,100
relevancy_random_2,relevancy,random,2,1106007,6126194,attack,10,encoder_block_10,2.001934051513672,2,100,100
relevancy_random_2,relevancy,random,2,1106007,6126194,attack,11,encoder_block_11,2.256718635559082,14,100,100
relevancy_random_2,relevancy,random,2,1106007,6126194,attack,12,encoder_block_12,0.0896453857421875,21,100,100
relevancy_random_2,relevancy,random,2,1110199,3838645,original,0,embedding,1.0928163528442385,72,100,100
relevancy_random_2,relevancy,random,2,1110199,3838645,original,1,encoder_block_1,0.8770804405212402,94,100,100
relevancy_random_2,relevancy,random,2,1110199,3838645,original,2,encoder_block_2,1.0785207748413086,92,100,100
relevancy_random_2,relevancy,random,2,1110199,3838645,original,3,encoder_block_3,1.0863182544708252,90,100,100
relevancy_random_2,relevancy,random,2,1110199,3838645,original,4,encoder_block_4,1.153496265411377,91,100,100
relevancy_random_2,relevancy,random,2,1110199,3838645,original,5,encoder_block_5,1.1691253185272217,87,100,100
relevancy_random_2,relevancy,random,2,1110199,3838645,original,6,encoder_block_6,1.2261219024658203,77,100,100
relevancy_random_2,relevancy,random,2,1110199,3838645,original,7,encoder_block_7,1.3570709228515625,64,100,100
relevancy_random_2,relevancy,random,2,1110199,3838645,original,8,encoder_block_8,1.4313509464263916,53,100,100
relevancy_random_2,relevancy,random,2,1110199,3838645,original,9,encoder_block_9,1.4866671562194824,31,100,100
relevancy_random_2,relevancy,random,2,1110199,3838645,original,10,encoder_block_10,1.481736660003662,5,100,100
relevancy_random_2,relevancy,random,2,1110199,3838645,original,11,encoder_block_11,1.350864052772522,7,100,100
relevancy_random_2,relevancy,random,2,1110199,3838645,original,12,encoder_block_12,1.8936622440814967,7,100,100
relevancy_random_2,relevancy,random,2,1110199,3838645,padded_control,0,embedding,1.092817306518555,72,100,100
relevancy_random_2,relevancy,random,2,1110199,3838645,padded_control,1,encoder_block_1,0.8837161064147949,94,100,100
relevancy_random_2,relevancy,random,2,1110199,3838645,padded_control,2,encoder_block_2,1.0866484642028809,92,100,100
relevancy_random_2,relevancy,random,2,1110199,3838645,padded_control,3,encoder_block_3,1.0914974212646484,90,100,100
relevancy_random_2,relevancy,random,2,1110199,3838645,padded_control,4,encoder_block_4,1.1685357093811035,91,100,100
relevancy_random_2,relevancy,random,2,1110199,3838645,padded_control,5,encoder_block_5,1.1758744716644287,86,100,100
relevancy_random_2,relevancy,random,2,1110199,3838645,padded_control,6,encoder_block_6,1.2281806468963623,77,100,100
relevancy_random_2,relevancy,random,2,1110199,3838645,padded_control,7,encoder_block_7,1.3510725498199463,65,100,100
relevancy_random_2,relevancy,random,2,1110199,3838645,padded_control,8,encoder_block_8,1.4295105934143066,53,100,100
relevancy_random_2,relevancy,random,2,1110199,3838645,padded_control,9,encoder_block_9,1.5017681121826172,31,100,100
relevancy_random_2,relevancy,random,2,1110199,3838645,padded_control,10,encoder_block_10,1.5290396213531494,5,100,100
relevancy_random_2,relevancy,random,2,1110199,3838645,padded_control,11,encoder_block_11,1.4947584867477417,6,100,100
relevancy_random_2,relevancy,random,2,1110199,3838645,padded_control,12,encoder_block_12,2.085720807313919,7,100,100
relevancy_random_2,relevancy,random,2,1110199,3838645,attack,0,embedding,1.1296286582946775,69,100,100
relevancy_random_2,relevancy,random,2,1110199,3838645,attack,1,encoder_block_1,0.9095592498779296,92,100,100
relevancy_random_2,relevancy,random,2,1110199,3838645,attack,2,encoder_block_2,1.1186769008636477,91,100,100
relevancy_random_2,relevancy,random,2,1110199,3838645,attack,3,encoder_block_3,1.1417555809020996,90,100,100
relevancy_random_2,relevancy,random,2,1110199,3838645,attack,4,encoder_block_4,1.1834383010864258,91,100,100
relevancy_random_2,relevancy,random,2,1110199,3838645,attack,5,encoder_block_5,1.21500825881958,84,100,100
relevancy_random_2,relevancy,random,2,1110199,3838645,attack,6,encoder_block_6,1.3234293460845947,69,100,100
relevancy_random_2,relevancy,random,2,1110199,3838645,attack,7,encoder_block_7,1.4841201305389404,50,100,100
relevancy_random_2,relevancy,random,2,1110199,3838645,attack,8,encoder_block_8,1.574582576751709,38,100,100
relevancy_random_2,relevancy,random,2,1110199,3838645,attack,9,encoder_block_9,1.6405601501464844,17,100,100
relevancy_random_2,relevancy,random,2,1110199,3838645,attack,10,encoder_block_10,1.642193078994751,5,100,100
relevancy_random_2,relevancy,random,2,1110199,3838645,attack,11,encoder_block_11,1.56389057636261,6,100,100
relevancy_random_2,relevancy,random,2,1110199,3838645,attack,12,encoder_block_12,2.0408945083618164,7,100,100
relevancy_random_2,relevancy,random,2,1112341,8139256,original,0,embedding,1.4486327171325684,13,100,100
relevancy_random_2,relevancy,random,2,1112341,8139256,original,1,encoder_block_1,1.6813530921936035,8,100,100
relevancy_random_2,relevancy,random,2,1112341,8139256,original,2,encoder_block_2,1.7492218017578125,9,100,100
relevancy_random_2,relevancy,random,2,1112341,8139256,original,3,encoder_block_3,1.811652660369873,4,100,100
relevancy_random_2,relevancy,random,2,1112341,8139256,original,4,encoder_block_4,1.7302699089050293,9,100,100
relevancy_random_2,relevancy,random,2,1112341,8139256,original,5,encoder_block_5,1.7417261600494385,9,100,100
relevancy_random_2,relevancy,random,2,1112341,8139256,original,6,encoder_block_6,1.6763277053833008,9,100,100
relevancy_random_2,relevancy,random,2,1112341,8139256,original,7,encoder_block_7,1.8838441371917725,6,100,100
relevancy_random_2,relevancy,random,2,1112341,8139256,original,8,encoder_block_8,2.119479179382324,1,100,100
relevancy_random_2,relevancy,random,2,1112341,8139256,original,9,encoder_block_9,2.1432199478149414,1,100,100
relevancy_random_2,relevancy,random,2,1112341,8139256,original,10,encoder_block_10,2.1970181465148926,1,100,100
relevancy_random_2,relevancy,random,2,1112341,8139256,original,11,encoder_block_11,3.5947413444519043,2,100,100
relevancy_random_2,relevancy,random,2,1112341,8139256,original,12,encoder_block_12,6.284547805786133,1,100,100
relevancy_random_2,relevancy,random,2,1112341,8139256,padded_control,0,embedding,1.4486327171325684,13,100,100
relevancy_random_2,relevancy,random,2,1112341,8139256,padded_control,1,encoder_block_1,1.6859593391418457,7,100,100
relevancy_random_2,relevancy,random,2,1112341,8139256,padded_control,2,encoder_block_2,1.749216079711914,9,100,100
relevancy_random_2,relevancy,random,2,1112341,8139256,padded_control,3,encoder_block_3,1.8092005252838133,4,100,100
relevancy_random_2,relevancy,random,2,1112341,8139256,padded_control,4,encoder_block_4,1.728621482849121,9,100,100
relevancy_random_2,relevancy,random,2,1112341,8139256,padded_control,5,encoder_block_5,1.7419490814208984,9,100,100
relevancy_random_2,relevancy,random,2,1112341,8139256,padded_control,6,encoder_block_6,1.6723227500915527,9,100,100
relevancy_random_2,relevancy,random,2,1112341,8139256,padded_control,7,encoder_block_7,1.8810606002807615,6,100,100
relevancy_random_2,relevancy,random,2,1112341,8139256,padded_control,8,encoder_block_8,2.119354724884033,1,100,100
relevancy_random_2,relevancy,random,2,1112341,8139256,padded_control,9,encoder_block_9,2.130438327789306,1,100,100
relevancy_random_2,relevancy,random,2,1112341,8139256,padded_control,10,encoder_block_10,2.187005519866944,1,100,100
relevancy_random_2,relevancy,random,2,1112341,8139256,padded_control,11,encoder_block_11,3.5496091842651367,2,100,100
relevancy_random_2,relevancy,random,2,1112341,8139256,padded_control,12,encoder_block_12,6.219729423522949,2,100,100
relevancy_random_2,relevancy,random,2,1112341,8139256,attack,0,embedding,1.457225322723389,12,100,100
relevancy_random_2,relevancy,random,2,1112341,8139256,attack,1,encoder_block_1,1.7682123184204102,5,100,100
relevancy_random_2,relevancy,random,2,1112341,8139256,attack,2,encoder_block_2,1.8208208084106443,6,100,100
relevancy_random_2,relevancy,random,2,1112341,8139256,attack,3,encoder_block_3,1.8595476150512693,1,100,100
relevancy_random_2,relevancy,random,2,1112341,8139256,attack,4,encoder_block_4,1.7765898704528809,7,100,100
relevancy_random_2,relevancy,random,2,1112341,8139256,attack,5,encoder_block_5,1.8138437271118164,6,100,100
relevancy_random_2,relevancy,random,2,1112341,8139256,attack,6,encoder_block_6,1.7573966979980469,7,100,100
relevancy_random_2,relevancy,random,2,1112341,8139256,attack,7,encoder_block_7,1.9425549507141116,3,100,100
relevancy_random_2,relevancy,random,2,1112341,8139256,attack,8,encoder_block_8,2.169060230255127,1,100,100
relevancy_random_2,relevancy,random,2,1112341,8139256,attack,9,encoder_block_9,2.1622979640960693,1,100,100
relevancy_random_2,relevancy,random,2,1112341,8139256,attack,10,encoder_block_10,2.2665791511535645,1,100,100
relevancy_random_2,relevancy,random,2,1112341,8139256,attack,11,encoder_block_11,3.5629892349243164,2,100,100
relevancy_random_2,relevancy,random,2,1112341,8139256,attack,12,encoder_block_12,6.21730899810791,2,100,100
relevancy_random_2,relevancy,random,2,1113437,4981632,original,0,embedding,0.3180007934570312,80,100,100
relevancy_random_2,relevancy,random,2,1113437,4981632,original,1,encoder_block_1,0.4731388092041015,60,100,100
relevancy_random_2,relevancy,random,2,1113437,4981632,original,2,encoder_block_2,0.6836404800415039,60,100,100
relevancy_random_2,relevancy,random,2,1113437,4981632,original,3,encoder_block_3,0.8600368499755859,55,100,100
relevancy_random_2,relevancy,random,2,1113437,4981632,original,4,encoder_block_4,0.9526767730712892,56,100,100
relevancy_random_2,relevancy,random,2,1113437,4981632,original,5,encoder_block_5,0.9148330688476562,54,100,100
relevancy_random_2,relevancy,random,2,1113437,4981632,original,6,encoder_block_6,1.059793472290039,33,100,100
relevancy_random_2,relevancy,random,2,1113437,4981632,original,7,encoder_block_7,1.1850385665893557,21,100,100
relevancy_random_2,relevancy,random,2,1113437,4981632,original,8,encoder_block_8,1.2380499839782717,22,100,100
relevancy_random_2,relevancy,random,2,1113437,4981632,original,9,encoder_block_9,1.3934805393218994,16,100,100
relevancy_random_2,relevancy,random,2,1113437,4981632,original,10,encoder_block_10,1.3988949060440063,10,100,100
relevancy_random_2,relevancy,random,2,1113437,4981632,original,11,encoder_block_11,1.1189368963241575,40,100,100
relevancy_random_2,relevancy,random,2,1113437,4981632,original,12,encoder_block_12,-1.7963993549346924,37,100,100
relevancy_random_2,relevancy,random,2,1113437,4981632,padded_control,0,embedding,0.3180005550384521,80,100,100
relevancy_random_2,relevancy,random,2,1113437,4981632,padded_control,1,encoder_block_1,0.4744899272918701,60,100,100
relevancy_random_2,relevancy,random,2,1113437,4981632,padded_control,2,encoder_block_2,0.6843609809875488,60,100,100
relevancy_random_2,relevancy,random,2,1113437,4981632,padded_control,3,encoder_block_3,0.8580384254455566,56,100,100
relevancy_random_2,relevancy,random,2,1113437,4981632,padded_control,4,encoder_block_4,0.9481968879699708,56,100,100
relevancy_random_2,relevancy,random,2,1113437,4981632,padded_control,5,encoder_block_5,0.9125380516052246,54,100,100
relevancy_random_2,relevancy,random,2,1113437,4981632,padded_control,6,encoder_block_6,1.0590457916259766,33,100,100
relevancy_random_2,relevancy,random,2,1113437,4981632,padded_control,7,encoder_block_7,1.1819933652877808,21,100,100
relevancy_random_2,relevancy,random,2,1113437,4981632,padded_control,8,encoder_block_8,1.2366700172424316,22,100,100
relevancy_random_2,relevancy,random,2,1113437,4981632,padded_control,9,encoder_block_9,1.3844881057739258,17,100,100
relevancy_random_2,relevancy,random,2,1113437,4981632,padded_control,10,encoder_block_10,1.377692699432373,11,100,100
relevancy_random_2,relevancy,random,2,1113437,4981632,padded_control,11,encoder_block_11,1.0903128385543823,41,100,100
relevancy_random_2,relevancy,random,2,1113437,4981632,padded_control,12,encoder_block_12,-1.899486303329468,39,100,100
relevancy_random_2,relevancy,random,2,1113437,4981632,attack,0,embedding,0.3292901515960693,80,100,100
relevancy_random_2,relevancy,random,2,1113437,4981632,attack,1,encoder_block_1,0.5298619270324707,54,100,100
relevancy_random_2,relevancy,random,2,1113437,4981632,attack,2,encoder_block_2,0.7366201877593994,53,100,100
relevancy_random_2,relevancy,random,2,1113437,4981632,attack,3,encoder_block_3,0.927933931350708,49,100,100
relevancy_random_2,relevancy,random,2,1113437,4981632,attack,4,encoder_block_4,1.0758774280548096,40,100,100
relevancy_random_2,relevancy,random,2,1113437,4981632,attack,5,encoder_block_5,1.0237469673156738,43,100,100
relevancy_random_2,relevancy,random,2,1113437,4981632,attack,6,encoder_block_6,1.1800665855407717,24,100,100
relevancy_random_2,relevancy,random,2,1113437,4981632,attack,7,encoder_block_7,1.314251184463501,15,100,100
relevancy_random_2,relevancy,random,2,1113437,4981632,attack,8,encoder_block_8,1.3562227487564087,15,100,100
relevancy_random_2,relevancy,random,2,1113437,4981632,attack,9,encoder_block_9,1.4995291233062744,11,100,100
relevancy_random_2,relevancy,random,2,1113437,4981632,attack,10,encoder_block_10,1.4586505889892578,8,100,100
relevancy_random_2,relevancy,random,2,1113437,4981632,attack,11,encoder_block_11,1.0774105787277222,41,100,100
relevancy_random_2,relevancy,random,2,1113437,4981632,attack,12,encoder_block_12,-2.1887179613113403,40,100,100
relevancy_random_2,relevancy,random,2,1114646,8117094,original,0,embedding,1.2560265064239502,5,100,100
relevancy_random_2,relevancy,random,2,1114646,8117094,original,1,encoder_block_1,0.8694207668304443,6,100,100
relevancy_random_2,relevancy,random,2,1114646,8117094,original,2,encoder_block_2,0.6403050422668457,12,100,100
relevancy_random_2,relevancy,random,2,1114646,8117094,original,3,encoder_block_3,0.3328970670700073,26,100,100
relevancy_random_2,relevancy,random,2,1114646,8117094,original,4,encoder_block_4,0.2564983367919922,20,100,100
relevancy_random_2,relevancy,random,2,1114646,8117094,original,5,encoder_block_5,0.1512191295623779,21,100,100
relevancy_random_2,relevancy,random,2,1114646,8117094,original,6,encoder_block_6,0.0469527244567871,15,100,100
relevancy_random_2,relevancy,random,2,1114646,8117094,original,7,encoder_block_7,0.1066806316375732,16,100,100
relevancy_random_2,relevancy,random,2,1114646,8117094,original,8,encoder_block_8,0.2619236707687378,11,100,100
relevancy_random_2,relevancy,random,2,1114646,8117094,original,9,encoder_block_9,0.5010157823562622,4,100,100
relevancy_random_2,relevancy,random,2,1114646,8117094,original,10,encoder_block_10,-0.1777694225311279,12,100,100
relevancy_random_2,relevancy,random,2,1114646,8117094,original,11,encoder_block_11,-0.4463258981704712,28,100,100
relevancy_random_2,relevancy,random,2,1114646,8117094,original,12,encoder_block_12,-2.769918441772461,13,100,100
relevancy_random_2,relevancy,random,2,1114646,8117094,padded_control,0,embedding,1.2560276985168457,5,100,100
relevancy_random_2,relevancy,random,2,1114646,8117094,padded_control,1,encoder_block_1,0.8671622276306152,6,100,100
relevancy_random_2,relevancy,random,2,1114646,8117094,padded_control,2,encoder_block_2,0.6361877918243408,12,100,100
relevancy_random_2,relevancy,random,2,1114646,8117094,padded_control,3,encoder_block_3,0.3265742063522339,27,100,100
relevancy_random_2,relevancy,random,2,1114646,8117094,padded_control,4,encoder_block_4,0.2553123235702514,20,100,100
relevancy_random_2,relevancy,random,2,1114646,8117094,padded_control,5,encoder_block_5,0.1509677171707153,21,100,100
relevancy_random_2,relevancy,random,2,1114646,8117094,padded_control,6,encoder_block_6,0.0476599931716918,15,100,100
relevancy_random_2,relevancy,random,2,1114646,8117094,padded_control,7,encoder_block_7,0.1036200523376464,16,100,100
relevancy_random_2,relevancy,random,2,1114646,8117094,padded_control,8,encoder_block_8,0.2533379793167114,13,100,100
relevancy_random_2,relevancy,random,2,1114646,8117094,padded_control,9,encoder_block_9,0.4919917583465576,5,100,100
relevancy_random_2,relevancy,random,2,1114646,8117094,padded_control,10,encoder_block_10,-0.1874499320983886,13,100,100
relevancy_random_2,relevancy,random,2,1114646,8117094,padded_control,11,encoder_block_11,-0.4630635976791382,28,100,100
relevancy_random_2,relevancy,random,2,1114646,8117094,padded_control,12,encoder_block_12,-2.739728331565857,13,100,100
relevancy_random_2,relevancy,random,2,1114646,8117094,attack,0,embedding,1.255861759185791,5,100,100
relevancy_random_2,relevancy,random,2,1114646,8117094,attack,1,encoder_block_1,0.9070103168487548,6,100,100
relevancy_random_2,relevancy,random,2,1114646,8117094,attack,2,encoder_block_2,0.7109191417694092,10,100,100
relevancy_random_2,relevancy,random,2,1114646,8117094,attack,3,encoder_block_3,0.4087698459625244,17,100,100
relevancy_random_2,relevancy,random,2,1114646,8117094,attack,4,encoder_block_4,0.3444145917892456,17,100,100
relevancy_random_2,relevancy,random,2,1114646,8117094,attack,5,encoder_block_5,0.2026857137680053,16,100,100
relevancy_random_2,relevancy,random,2,1114646,8117094,attack,6,encoder_block_6,0.108894944190979,14,100,100
relevancy_random_2,relevancy,random,2,1114646,8117094,attack,7,encoder_block_7,0.1706278324127197,13,100,100
relevancy_random_2,relevancy,random,2,1114646,8117094,attack,8,encoder_block_8,0.3200992345809936,8,100,100
relevancy_random_2,relevancy,random,2,1114646,8117094,attack,9,encoder_block_9,0.5445882081985474,3,100,100
relevancy_random_2,relevancy,random,2,1114646,8117094,attack,10,encoder_block_10,-0.1014667749404907,10,100,100
relevancy_random_2,relevancy,random,2,1114646,8117094,attack,11,encoder_block_11,-0.43465656042099,28,100,100
relevancy_random_2,relevancy,random,2,1114646,8117094,attack,12,encoder_block_12,-2.6243104934692383,13,100,100
relevancy_random_2,relevancy,random,2,1114819,988373,original,0,embedding,0.9550943374633788,26,100,100
relevancy_random_2,relevancy,random,2,1114819,988373,original,1,encoder_block_1,0.733741283416748,43,100,100
relevancy_random_2,relevancy,random,2,1114819,988373,original,2,encoder_block_2,0.9232592582702636,39,100,100
relevancy_random_2,relevancy,random,2,1114819,988373,original,3,encoder_block_3,0.927321434020996,47,100,100
relevancy_random_2,relevancy,random,2,1114819,988373,original,4,encoder_block_4,0.7061219215393066,61,100,100
relevancy_random_2,relevancy,random,2,1114819,988373,original,5,encoder_block_5,0.5340163707733154,59,100,100
relevancy_random_2,relevancy,random,2,1114819,988373,original,6,encoder_block_6,0.5359745025634766,56,100,100
relevancy_random_2,relevancy,random,2,1114819,988373,original,7,encoder_block_7,0.590491771697998,37,100,100
relevancy_random_2,relevancy,random,2,1114819,988373,original,8,encoder_block_8,0.7944145202636719,34,100,100
relevancy_random_2,relevancy,random,2,1114819,988373,original,9,encoder_block_9,0.9916424751281738,31,100,100
relevancy_random_2,relevancy,random,2,1114819,988373,original,10,encoder_block_10,0.9822494983673096,19,100,100
relevancy_random_2,relevancy,random,2,1114819,988373,original,11,encoder_block_11,2.536710262298584,13,100,100
relevancy_random_2,relevancy,random,2,1114819,988373,original,12,encoder_block_12,4.898218154907227,8,100,100
relevancy_random_2,relevancy,random,2,1114819,988373,padded_control,0,embedding,0.9550938606262208,26,100,100
relevancy_random_2,relevancy,random,2,1114819,988373,padded_control,1,encoder_block_1,0.7239389419555664,43,100,100
relevancy_random_2,relevancy,random,2,1114819,988373,padded_control,2,encoder_block_2,0.917452335357666,39,100,100
relevancy_random_2,relevancy,random,2,1114819,988373,padded_control,3,encoder_block_3,0.9146804809570312,49,100,100
relevancy_random_2,relevancy,random,2,1114819,988373,padded_control,4,encoder_block_4,0.6867966651916504,63,100,100
relevancy_random_2,relevancy,random,2,1114819,988373,padded_control,5,encoder_block_5,0.5209059715270996,65,100,100
relevancy_random_2,relevancy,random,2,1114819,988373,padded_control,6,encoder_block_6,0.5270481109619141,58,100,100
relevancy_random_2,relevancy,random,2,1114819,988373,padded_control,7,encoder_block_7,0.5862493515014648,37,100,100
relevancy_random_2,relevancy,random,2,1114819,988373,padded_control,8,encoder_block_8,0.7954995632171631,34,100,100
relevancy_random_2,relevancy,random,2,1114819,988373,padded_control,9,encoder_block_9,0.9985275268554688,31,100,100
relevancy_random_2,relevancy,random,2,1114819,988373,padded_control,10,encoder_block_10,1.0231289863586426,19,100,100
relevancy_random_2,relevancy,random,2,1114819,988373,padded_control,11,encoder_block_11,2.593480110168457,11,100,100
relevancy_random_2,relevancy,random,2,1114819,988373,padded_control,12,encoder_block_12,5.017271041870117,8,100,100
relevancy_random_2,relevancy,random,2,1114819,988373,attack,0,embedding,0.8740959167480469,40,100,100
relevancy_random_2,relevancy,random,2,1114819,988373,attack,1,encoder_block_1,0.8492336273193359,31,100,100
relevancy_random_2,relevancy,random,2,1114819,988373,attack,2,encoder_block_2,1.0255649089813232,29,100,100
relevancy_random_2,relevancy,random,2,1114819,988373,attack,3,encoder_block_3,1.009437084197998,37,100,100
relevancy_random_2,relevancy,random,2,1114819,988373,attack,4,encoder_block_4,0.7748856544494629,52,100,100
relevancy_random_2,relevancy,random,2,1114819,988373,attack,5,encoder_block_5,0.6038317680358887,47,100,100
relevancy_random_2,relevancy,random,2,1114819,988373,attack,6,encoder_block_6,0.6260154247283936,41,100,100
relevancy_random_2,relevancy,random,2,1114819,988373,attack,7,encoder_block_7,0.6795070171356201,20,100,100
relevancy_random_2,relevancy,random,2,1114819,988373,attack,8,encoder_block_8,0.8876688480377197,21,100,100
relevancy_random_2,relevancy,random,2,1114819,988373,attack,9,encoder_block_9,1.0677013397216797,25,100,100
relevancy_random_2,relevancy,random,2,1114819,988373,attack,10,encoder_block_10,1.142268180847168,13,100,100
relevancy_random_2,relevancy,random,2,1114819,988373,attack,11,encoder_block_11,2.5502257347106934,12,100,100
relevancy_random_2,relevancy,random,2,1114819,988373,attack,12,encoder_block_12,4.813043594360352,8,100,100
relevancy_random_2,relevancy,random,2,1115776,8106324,original,0,embedding,0.7555432319641113,25,100,100
relevancy_random_2,relevancy,random,2,1115776,8106324,original,1,encoder_block_1,0.3835937976837158,26,100,100
relevancy_random_2,relevancy,random,2,1115776,8106324,original,2,encoder_block_2,0.3556666374206543,35,100,100
relevancy_random_2,relevancy,random,2,1115776,8106324,original,3,encoder_block_3,0.2799062728881836,55,100,100
relevancy_random_2,relevancy,random,2,1115776,8106324,original,4,encoder_block_4,0.0670588016510009,64,100,100
relevancy_random_2,relevancy,random,2,1115776,8106324,original,5,encoder_block_5,-0.0114327669143676,62,100,100
relevancy_random_2,relevancy,random,2,1115776,8106324,original,6,encoder_block_6,-0.165021002292633,68,100,100
relevancy_random_2,relevancy,random,2,1115776,8106324,original,7,encoder_block_7,-0.1488943099975586,69,100,100
relevancy_random_2,relevancy,random,2,1115776,8106324,original,8,encoder_block_8,-0.1795504093170166,68,100,100
relevancy_random_2,relevancy,random,2,1115776,8106324,original,9,encoder_block_9,-0.1732739210128784,76,100,100
relevancy_random_2,relevancy,random,2,1115776,8106324,original,10,encoder_block_10,-0.2939333915710449,24,100,100
relevancy_random_2,relevancy,random,2,1115776,8106324,original,11,encoder_block_11,0.9586806297302246,6,100,100
relevancy_random_2,relevancy,random,2,1115776,8106324,original,12,encoder_block_12,1.8031470775604248,6,100,100
relevancy_random_2,relevancy,random,2,1115776,8106324,padded_control,0,embedding,0.7555427551269531,25,100,100
relevancy_random_2,relevancy,random,2,1115776,8106324,padded_control,1,encoder_block_1,0.371438980102539,28,100,100
relevancy_random_2,relevancy,random,2,1115776,8106324,padded_control,2,encoder_block_2,0.3388442993164062,37,100,100
relevancy_random_2,relevancy,random,2,1115776,8106324,padded_control,3,encoder_block_3,0.2770493030548095,55,100,100
relevancy_random_2,relevancy,random,2,1115776,8106324,padded_control,4,encoder_block_4,0.0770835876464843,64,100,100
relevancy_random_2,relevancy,random,2,1115776,8106324,padded_control,5,encoder_block_5,-0.0293848514556884,62,100,100
relevancy_random_2,relevancy,random,2,1115776,8106324,padded_control,6,encoder_block_6,-0.1686388254165649,68,100,100
relevancy_random_2,relevancy,random,2,1115776,8106324,padded_control,7,encoder_block_7,-0.1609785556793213,72,100,100
relevancy_random_2,relevancy,random,2,1115776,8106324,padded_control,8,encoder_block_8,-0.2248423099517822,74,100,100
relevancy_random_2,relevancy,random,2,1115776,8106324,padded_control,9,encoder_block_9,-0.1832338571548462,76,100,100
relevancy_random_2,relevancy,random,2,1115776,8106324,padded_control,10,encoder_block_10,-0.3120536804199219,26,100,100
relevancy_random_2,relevancy,random,2,1115776,8106324,padded_control,11,encoder_block_11,0.8705644607543945,7,100,100
relevancy_random_2,relevancy,random,2,1115776,8106324,padded_control,12,encoder_block_12,1.7550029754638672,6,100,100
relevancy_random_2,relevancy,random,2,1115776,8106324,attack,0,embedding,0.897944450378418,18,100,100
relevancy_random_2,relevancy,random,2,1115776,8106324,attack,1,encoder_block_1,0.6176152229309082,20,100,100
relevancy_random_2,relevancy,random,2,1115776,8106324,attack,2,encoder_block_2,0.4628522396087646,32,100,100
relevancy_random_2,relevancy,random,2,1115776,8106324,attack,3,encoder_block_3,0.4025413990020752,45,100,100
relevancy_random_2,relevancy,random,2,1115776,8106324,attack,4,encoder_block_4,0.2438688278198242,55,100,100
relevancy_random_2,relevancy,random,2,1115776,8106324,attack,5,encoder_block_5,0.1578594446182251,51,100,100
relevancy_random_2,relevancy,random,2,1115776,8106324,attack,6,encoder_block_6,0.0071733593940734,58,100,100
relevancy_random_2,relevancy,random,2,1115776,8106324,attack,7,encoder_block_7,0.0413699746131897,55,100,100
relevancy_random_2,relevancy,random,2,1115776,8106324,attack,8,encoder_block_8,0.058406114578247,54,100,100
relevancy_random_2,relevancy,random,2,1115776,8106324,attack,9,encoder_block_9,0.0628508329391479,57,100,100
relevancy_random_2,relevancy,random,2,1115776,8106324,attack,10,encoder_block_10,-0.0753176212310791,13,100,100
relevancy_random_2,relevancy,random,2,1115776,8106324,attack,11,encoder_block_11,1.174305438995361,6,100,100
relevancy_random_2,relevancy,random,2,1115776,8106324,attack,12,encoder_block_12,1.453716516494751,6,100,100
relevancy_random_2,relevancy,random,2,1117099,1798612,original,0,embedding,0.2263922691345214,63,100,100
relevancy_random_2,relevancy,random,2,1117099,1798612,original,1,encoder_block_1,0.0932955741882324,54,100,100
relevancy_random_2,relevancy,random,2,1117099,1798612,original,2,encoder_block_2,0.0653400421142578,56,100,100
relevancy_random_2,relevancy,random,2,1117099,1798612,original,3,encoder_block_3,0.0489606857299804,54,100,100
relevancy_random_2,relevancy,random,2,1117099,1798612,original,4,encoder_block_4,0.231724739074707,39,100,100
relevancy_random_2,relevancy,random,2,1117099,1798612,original,5,encoder_block_5,0.2877826690673828,30,100,100
relevancy_random_2,relevancy,random,2,1117099,1798612,original,6,encoder_block_6,0.3752243518829345,25,100,100
relevancy_random_2,relevancy,random,2,1117099,1798612,original,7,encoder_block_7,0.3444764614105224,26,100,100
relevancy_random_2,relevancy,random,2,1117099,1798612,original,8,encoder_block_8,0.3190245628356933,39,100,100
relevancy_random_2,relevancy,random,2,1117099,1798612,original,9,encoder_block_9,0.4999532699584961,32,100,100
relevancy_random_2,relevancy,random,2,1117099,1798612,original,10,encoder_block_10,0.7663369178771973,18,100,100
relevancy_random_2,relevancy,random,2,1117099,1798612,original,11,encoder_block_11,1.7876355648040771,16,100,100
relevancy_random_2,relevancy,random,2,1117099,1798612,original,12,encoder_block_12,3.184497833251953,18,100,100
relevancy_random_2,relevancy,random,2,1117099,1798612,padded_control,0,embedding,0.2263922691345214,63,100,100
relevancy_random_2,relevancy,random,2,1117099,1798612,padded_control,1,encoder_block_1,0.0974211692810058,54,100,100
relevancy_random_2,relevancy,random,2,1117099,1798612,padded_control,2,encoder_block_2,0.0753779411315918,55,100,100
relevancy_random_2,relevancy,random,2,1117099,1798612,padded_control,3,encoder_block_3,0.064371109008789,53,100,100
relevancy_random_2,relevancy,random,2,1117099,1798612,padded_control,4,encoder_block_4,0.2411565780639648,37,100,100
relevancy_random_2,relevancy,random,2,1117099,1798612,padded_control,5,encoder_block_5,0.2978549003601074,30,100,100
relevancy_random_2,relevancy,random,2,1117099,1798612,padded_control,6,encoder_block_6,0.3842806816101074,25,100,100
relevancy_random_2,relevancy,random,2,1117099,1798612,padded_control,7,encoder_block_7,0.3556723594665527,25,100,100
relevancy_random_2,relevancy,random,2,1117099,1798612,padded_control,8,encoder_block_8,0.320526123046875,39,100,100
relevancy_random_2,relevancy,random,2,1117099,1798612,padded_control,9,encoder_block_9,0.5030474662780762,31,100,100
relevancy_random_2,relevancy,random,2,1117099,1798612,padded_control,10,encoder_block_10,0.7742576599121094,18,100,100
relevancy_random_2,relevancy,random,2,1117099,1798612,padded_control,11,encoder_block_11,1.805971384048462,16,100,100
relevancy_random_2,relevancy,random,2,1117099,1798612,padded_control,12,encoder_block_12,3.2117233276367188,17,100,100
relevancy_random_2,relevancy,random,2,1117099,1798612,attack,0,embedding,0.2336492538452148,63,100,100
relevancy_random_2,relevancy,random,2,1117099,1798612,attack,1,encoder_block_1,0.2056179046630859,47,100,100
relevancy_random_2,relevancy,random,2,1117099,1798612,attack,2,encoder_block_2,0.2041225433349609,46,100,100
relevancy_random_2,relevancy,random,2,1117099,1798612,attack,3,encoder_block_3,0.2203588485717773,41,100,100
relevancy_random_2,relevancy,random,2,1117099,1798612,attack,4,encoder_block_4,0.4036903381347656,27,100,100
relevancy_random_2,relevancy,random,2,1117099,1798612,attack,5,encoder_block_5,0.4236183166503906,21,100,100
relevancy_random_2,relevancy,random,2,1117099,1798612,attack,6,encoder_block_6,0.5001511573791504,18,100,100
relevancy_random_2,relevancy,random,2,1117099,1798612,attack,7,encoder_block_7,0.4406027793884277,22,100,100
relevancy_random_2,relevancy,random,2,1117099,1798612,attack,8,encoder_block_8,0.4312858581542969,27,100,100
relevancy_random_2,relevancy,random,2,1117099,1798612,attack,9,encoder_block_9,0.6192336082458496,22,100,100
relevancy_random_2,relevancy,random,2,1117099,1798612,attack,10,encoder_block_10,0.878685474395752,14,100,100
relevancy_random_2,relevancy,random,2,1117099,1798612,attack,11,encoder_block_11,1.919482469558716,12,100,100
relevancy_random_2,relevancy,random,2,1117099,1798612,attack,12,encoder_block_12,3.3359975814819336,16,100,100
relevancy_random_2,relevancy,random,2,1121402,5189913,original,0,embedding,0.4808263778686523,72,100,100
relevancy_random_2,relevancy,random,2,1121402,5189913,original,1,encoder_block_1,0.1401429176330566,73,100,100
relevancy_random_2,relevancy,random,2,1121402,5189913,original,2,encoder_block_2,0.2945353984832763,69,100,100
relevancy_random_2,relevancy,random,2,1121402,5189913,original,3,encoder_block_3,0.3883287906646728,63,100,100
relevancy_random_2,relevancy,random,2,1121402,5189913,original,4,encoder_block_4,0.4736652374267578,54,100,100
relevancy_random_2,relevancy,random,2,1121402,5189913,original,5,encoder_block_5,0.3962187767028808,59,100,100
relevancy_random_2,relevancy,random,2,1121402,5189913,original,6,encoder_block_6,0.5477299690246582,39,100,100
relevancy_random_2,relevancy,random,2,1121402,5189913,original,7,encoder_block_7,0.5375113487243652,40,100,100
relevancy_random_2,relevancy,random,2,1121402,5189913,original,8,encoder_block_8,0.762603759765625,33,100,100
relevancy_random_2,relevancy,random,2,1121402,5189913,original,9,encoder_block_9,0.7920761108398438,21,100,100
relevancy_random_2,relevancy,random,2,1121402,5189913,original,10,encoder_block_10,1.0483002662658691,6,100,100
relevancy_random_2,relevancy,random,2,1121402,5189913,original,11,encoder_block_11,2.6554441452026367,7,100,100
relevancy_random_2,relevancy,random,2,1121402,5189913,original,12,encoder_block_12,5.802740097045898,5,100,100
relevancy_random_2,relevancy,random,2,1121402,5189913,padded_control,0,embedding,0.4808254241943359,72,100,100
relevancy_random_2,relevancy,random,2,1121402,5189913,padded_control,1,encoder_block_1,0.1529946327209472,73,100,100
relevancy_random_2,relevancy,random,2,1121402,5189913,padded_control,2,encoder_block_2,0.3153567314147949,66,100,100
relevancy_random_2,relevancy,random,2,1121402,5189913,padded_control,3,encoder_block_3,0.403592586517334,61,100,100
relevancy_random_2,relevancy,random,2,1121402,5189913,padded_control,4,encoder_block_4,0.4884195327758789,51,100,100
relevancy_random_2,relevancy,random,2,1121402,5189913,padded_control,5,encoder_block_5,0.4102118015289306,58,100,100
relevancy_random_2,relevancy,random,2,1121402,5189913,padded_control,6,encoder_block_6,0.5618219375610352,38,100,100
relevancy_random_2,relevancy,random,2,1121402,5189913,padded_control,7,encoder_block_7,0.5507020950317383,38,100,100
relevancy_random_2,relevancy,random,2,1121402,5189913,padded_control,8,encoder_block_8,0.7806680202484131,33,100,100
relevancy_random_2,relevancy,random,2,1121402,5189913,padded_control,9,encoder_block_9,0.8207943439483643,21,100,100
relevancy_random_2,relevancy,random,2,1121402,5189913,padded_control,10,encoder_block_10,1.1072747707366943,6,100,100
relevancy_random_2,relevancy,random,2,1121402,5189913,padded_control,11,encoder_block_11,2.740424156188965,5,100,100
relevancy_random_2,relevancy,random,2,1121402,5189913,padded_control,12,encoder_block_12,5.834884643554688,4,100,100
relevancy_random_2,relevancy,random,2,1121402,5189913,attack,0,embedding,0.4339160919189453,75,100,100
relevancy_random_2,relevancy,random,2,1121402,5189913,attack,1,encoder_block_1,0.2491617202758789,68,100,100
relevancy_random_2,relevancy,random,2,1121402,5189913,attack,2,encoder_block_2,0.4243888854980469,59,100,100
relevancy_random_2,relevancy,random,2,1121402,5189913,attack,3,encoder_block_3,0.5371544361114502,50,100,100
relevancy_random_2,relevancy,random,2,1121402,5189913,attack,4,encoder_block_4,0.6186041831970215,41,100,100
relevancy_random_2,relevancy,random,2,1121402,5189913,attack,5,encoder_block_5,0.5497498512268066,42,100,100
relevancy_random_2,relevancy,random,2,1121402,5189913,attack,6,encoder_block_6,0.7107436656951904,29,100,100
relevancy_random_2,relevancy,random,2,1121402,5189913,attack,7,encoder_block_7,0.6724720001220703,32,100,100
relevancy_random_2,relevancy,random,2,1121402,5189913,attack,8,encoder_block_8,0.8926205635070801,22,100,100
relevancy_random_2,relevancy,random,2,1121402,5189913,attack,9,encoder_block_9,0.9457616806030272,14,100,100
relevancy_random_2,relevancy,random,2,1121402,5189913,attack,10,encoder_block_10,1.216440200805664,4,100,100
relevancy_random_2,relevancy,random,2,1121402,5189913,attack,11,encoder_block_11,2.8392210006713867,5,100,100
relevancy_random_2,relevancy,random,2,1121402,5189913,attack,12,encoder_block_12,5.800501823425293,5,100,100
relevancy_random_2,relevancy,random,2,1121709,1389460,original,0,embedding,0.2769992351531982,79,100,100
relevancy_random_2,relevancy,random,2,1121709,1389460,original,1,encoder_block_1,0.4726133346557617,32,100,100
relevancy_random_2,relevancy,random,2,1121709,1389460,original,2,encoder_block_2,0.9142446517944336,25,100,100
relevancy_random_2,relevancy,random,2,1121709,1389460,original,3,encoder_block_3,1.0248775482177734,15,100,100
relevancy_random_2,relevancy,random,2,1121709,1389460,original,4,encoder_block_4,1.09043550491333,21,100,100
relevancy_random_2,relevancy,random,2,1121709,1389460,original,5,encoder_block_5,0.8579416275024414,34,100,100
relevancy_random_2,relevancy,random,2,1121709,1389460,original,6,encoder_block_6,0.916600465774536,28,100,100
relevancy_random_2,relevancy,random,2,1121709,1389460,original,7,encoder_block_7,0.7718093395233154,50,100,100
relevancy_random_2,relevancy,random,2,1121709,1389460,original,8,encoder_block_8,0.7808523178100586,49,100,100
relevancy_random_2,relevancy,random,2,1121709,1389460,original,9,encoder_block_9,0.9260425567626952,41,100,100
relevancy_random_2,relevancy,random,2,1121709,1389460,original,10,encoder_block_10,0.127556562423706,41,100,100
relevancy_random_2,relevancy,random,2,1121709,1389460,original,11,encoder_block_11,-2.043547242879868,44,100,100
relevancy_random_2,relevancy,random,2,1121709,1389460,original,12,encoder_block_12,-11.49356174468994,22,100,100
relevancy_random_2,relevancy,random,2,1121709,1389460,padded_control,0,embedding,0.2769980430603027,79,100,100
relevancy_random_2,relevancy,random,2,1121709,1389460,padded_control,1,encoder_block_1,0.4776053428649902,32,100,100
relevancy_random_2,relevancy,random,2,1121709,1389460,padded_control,2,encoder_block_2,0.918677806854248,23,100,100
relevancy_random_2,relevancy,random,2,1121709,1389460,padded_control,3,encoder_block_3,1.037595272064209,15,100,100
relevancy_random_2,relevancy,random,2,1121709,1389460,padded_control,4,encoder_block_4,1.098405838012695,21,100,100
relevancy_random_2,relevancy,random,2,1121709,1389460,padded_control,5,encoder_block_5,0.8659391403198242,33,100,100
relevancy_random_2,relevancy,random,2,1121709,1389460,padded_control,6,encoder_block_6,0.9167451858520508,28,100,100
relevancy_random_2,relevancy,random,2,1121709,1389460,padded_control,7,encoder_block_7,0.784433126449585,48,100,100
relevancy_random_2,relevancy,random,2,1121709,1389460,padded_control,8,encoder_block_8,0.7825438976287842,49,100,100
relevancy_random_2,relevancy,random,2,1121709,1389460,padded_control,9,encoder_block_9,0.9018021821975708,44,100,100
relevancy_random_2,relevancy,random,2,1121709,1389460,padded_control,10,encoder_block_10,0.1142781972885131,43,100,100
relevancy_random_2,relevancy,random,2,1121709,1389460,padded_control,11,encoder_block_11,-2.264507293701172,49,100,100
relevancy_random_2,relevancy,random,2,1121709,1389460,padded_control,12,encoder_block_12,-11.776897430419922,24,100,100
relevancy_random_2,relevancy,random,2,1121709,1389460,attack,0,embedding,0.2823774814605713,79,100,100
relevancy_random_2,relevancy,random,2,1121709,1389460,attack,1,encoder_block_1,0.5748047828674316,21,100,100
relevancy_random_2,relevancy,random,2,1121709,1389460,attack,2,encoder_block_2,0.9851064682006836,19,100,100
relevancy_random_2,relevancy,random,2,1121709,1389460,attack,3,encoder_block_3,1.113546371459961,12,100,100
relevancy_random_2,relevancy,random,2,1121709,1389460,attack,4,encoder_block_4,1.1459295749664309,17,100,100
relevancy_random_2,relevancy,random,2,1121709,1389460,attack,5,encoder_block_5,0.9061105251312256,25,100,100
relevancy_random_2,relevancy,random,2,1121709,1389460,attack,6,encoder_block_6,0.9892816543579102,22,100,100
relevancy_random_2,relevancy,random,2,1121709,1389460,attack,7,encoder_block_7,0.8683441877365112,41,100,100
relevancy_random_2,relevancy,random,2,1121709,1389460,attack,8,encoder_block_8,0.8581092953681946,42,100,100
relevancy_random_2,relevancy,random,2,1121709,1389460,attack,9,encoder_block_9,0.9894495010375975,36,100,100
relevancy_random_2,relevancy,random,2,1121709,1389460,attack,10,encoder_block_10,0.1755149960517883,38,100,100
relevancy_random_2,relevancy,random,2,1121709,1389460,attack,11,encoder_block_11,-2.216570854187012,48,100,100
relevancy_random_2,relevancy,random,2,1121709,1389460,attack,12,encoder_block_12,-11.671417236328123,23,100,100
relevancy_random_2,relevancy,random,2,1124210,2258597,original,0,embedding,0.5800065994262695,33,100,100
relevancy_random_2,relevancy,random,2,1124210,2258597,original,1,encoder_block_1,-0.1089506149291992,87,100,100
relevancy_random_2,relevancy,random,2,1124210,2258597,original,2,encoder_block_2,0.0147089958190917,81,100,100
relevancy_random_2,relevancy,random,2,1124210,2258597,original,3,encoder_block_3,0.372748851776123,61,100,100
relevancy_random_2,relevancy,random,2,1124210,2258597,original,4,encoder_block_4,0.6658177375793457,35,100,100
relevancy_random_2,relevancy,random,2,1124210,2258597,original,5,encoder_block_5,0.5856533050537109,25,100,100
relevancy_random_2,relevancy,random,2,1124210,2258597,original,6,encoder_block_6,0.5945525169372559,23,100,100
relevancy_random_2,relevancy,random,2,1124210,2258597,original,7,encoder_block_7,0.8320813179016113,15,100,100
relevancy_random_2,relevancy,random,2,1124210,2258597,original,8,encoder_block_8,0.935511589050293,8,100,100
relevancy_random_2,relevancy,random,2,1124210,2258597,original,9,encoder_block_9,1.0379290580749512,6,100,100
relevancy_random_2,relevancy,random,2,1124210,2258597,original,10,encoder_block_10,1.0187492370605469,5,100,100
relevancy_random_2,relevancy,random,2,1124210,2258597,original,11,encoder_block_11,1.260847568511963,3,100,100
relevancy_random_2,relevancy,random,2,1124210,2258597,original,12,encoder_block_12,0.2487647235393524,10,100,100
relevancy_random_2,relevancy,random,2,1124210,2258597,padded_control,0,embedding,0.5800065994262695,33,100,100
relevancy_random_2,relevancy,random,2,1124210,2258597,padded_control,1,encoder_block_1,-0.1143841743469238,88,100,100
relevancy_random_2,relevancy,random,2,1124210,2258597,padded_control,2,encoder_block_2,0.0035581588745117,81,100,100
relevancy_random_2,relevancy,random,2,1124210,2258597,padded_control,3,encoder_block_3,0.3586320877075195,62,100,100
relevancy_random_2,relevancy,random,2,1124210,2258597,padded_control,4,encoder_block_4,0.6647801399230957,35,100,100
relevancy_random_2,relevancy,random,2,1124210,2258597,padded_control,5,encoder_block_5,0.5817794799804688,26,100,100
relevancy_random_2,relevancy,random,2,1124210,2258597,padded_control,6,encoder_block_6,0.5924501419067383,23,100,100
relevancy_random_2,relevancy,random,2,1124210,2258597,padded_control,7,encoder_block_7,0.831812858581543,15,100,100
relevancy_random_2,relevancy,random,2,1124210,2258597,padded_control,8,encoder_block_8,0.9398345947265624,8,100,100
relevancy_random_2,relevancy,random,2,1124210,2258597,padded_control,9,encoder_block_9,1.0337672233581543,6,100,100
relevancy_random_2,relevancy,random,2,1124210,2258597,padded_control,10,encoder_block_10,1.0261085033416748,5,100,100
relevancy_random_2,relevancy,random,2,1124210,2258597,padded_control,11,encoder_block_11,1.2692866325378418,3,100,100
relevancy_random_2,relevancy,random,2,1124210,2258597,padded_control,12,encoder_block_12,0.2733619809150696,10,100,100
relevancy_random_2,relevancy,random,2,1124210,2258597,attack,0,embedding,0.6042819023132324,30,100,100
relevancy_random_2,relevancy,random,2,1124210,2258597,attack,1,encoder_block_1,0.0225312709808349,70,100,100
relevancy_random_2,relevancy,random,2,1124210,2258597,attack,2,encoder_block_2,0.1123971939086914,77,100,100
relevancy_random_2,relevancy,random,2,1124210,2258597,attack,3,encoder_block_3,0.4269936084747314,53,100,100
relevancy_random_2,relevancy,random,2,1124210,2258597,attack,4,encoder_block_4,0.7476167678833008,30,100,100
relevancy_random_2,relevancy,random,2,1124210,2258597,attack,5,encoder_block_5,0.6524958610534668,20,100,100
relevancy_random_2,relevancy,random,2,1124210,2258597,attack,6,encoder_block_6,0.6399707794189453,18,100,100
relevancy_random_2,relevancy,random,2,1124210,2258597,attack,7,encoder_block_7,0.8731403350830078,12,100,100
relevancy_random_2,relevancy,random,2,1124210,2258597,attack,8,encoder_block_8,0.973684787750244,8,100,100
relevancy_random_2,relevancy,random,2,1124210,2258597,attack,9,encoder_block_9,1.08671236038208,6,100,100
relevancy_random_2,relevancy,random,2,1124210,2258597,attack,10,encoder_block_10,1.062772274017334,4,100,100
relevancy_random_2,relevancy,random,2,1124210,2258597,attack,11,encoder_block_11,1.2818443775177002,3,100,100
relevancy_random_2,relevancy,random,2,1124210,2258597,attack,12,encoder_block_12,0.2036024630069732,10,100,100
relevancy_random_2,relevancy,random,2,1129237,2697752,original,0,embedding,-0.2152695655822754,51,100,100
relevancy_random_2,relevancy,random,2,1129237,2697752,original,1,encoder_block_1,-0.829967737197876,90,100,100
relevancy_random_2,relevancy,random,2,1129237,2697752,original,2,encoder_block_2,-0.3859496116638183,79,100,100
relevancy_random_2,relevancy,random,2,1129237,2697752,original,3,encoder_block_3,-0.3067121505737304,77,100,100
relevancy_random_2,relevancy,random,2,1129237,2697752,original,4,encoder_block_4,-0.1617064476013183,71,100,100
relevancy_random_2,relevancy,random,2,1129237,2697752,original,5,encoder_block_5,-0.2752385139465332,64,100,100
relevancy_random_2,relevancy,random,2,1129237,2697752,original,6,encoder_block_6,-0.3856024742126465,72,100,100
relevancy_random_2,relevancy,random,2,1129237,2697752,original,7,encoder_block_7,-0.1996879577636718,51,100,100
relevancy_random_2,relevancy,random,2,1129237,2697752,original,8,encoder_block_8,0.0123867988586425,30,100,100
relevancy_random_2,relevancy,random,2,1129237,2697752,original,9,encoder_block_9,0.3729109764099121,9,100,100
relevancy_random_2,relevancy,random,2,1129237,2697752,original,10,encoder_block_10,0.8976078033447266,3,100,100
relevancy_random_2,relevancy,random,2,1129237,2697752,original,11,encoder_block_11,2.6303515434265137,2,100,100
relevancy_random_2,relevancy,random,2,1129237,2697752,original,12,encoder_block_12,4.295194149017334,2,100,100
relevancy_random_2,relevancy,random,2,1129237,2697752,padded_control,0,embedding,-0.2152695655822754,51,100,100
relevancy_random_2,relevancy,random,2,1129237,2697752,padded_control,1,encoder_block_1,-0.8241114616394043,90,100,100
relevancy_random_2,relevancy,random,2,1129237,2697752,padded_control,2,encoder_block_2,-0.3779363632202148,77,100,100
relevancy_random_2,relevancy,random,2,1129237,2697752,padded_control,3,encoder_block_3,-0.2968549728393554,77,100,100
relevancy_random_2,relevancy,random,2,1129237,2697752,padded_control,4,encoder_block_4,-0.1588144302368164,71,100,100
relevancy_random_2,relevancy,random,2,1129237,2697752,padded_control,5,encoder_block_5,-0.2757492065429687,64,100,100
relevancy_random_2,relevancy,random,2,1129237,2697752,padded_control,6,encoder_block_6,-0.3894267082214355,72,100,100
relevancy_random_2,relevancy,random,2,1129237,2697752,padded_control,7,encoder_block_7,-0.2103056907653808,53,100,100
relevancy_random_2,relevancy,random,2,1129237,2697752,padded_control,8,encoder_block_8,0.0031561851501464,31,100,100
relevancy_random_2,relevancy,random,2,1129237,2697752,padded_control,9,encoder_block_9,0.3648567199707031,9,100,100
relevancy_random_2,relevancy,random,2,1129237,2697752,padded_control,10,encoder_block_10,0.89129638671875,3,100,100
relevancy_random_2,relevancy,random,2,1129237,2697752,padded_control,11,encoder_block_11,2.607528686523437,2,100,100
relevancy_random_2,relevancy,random,2,1129237,2697752,padded_control,12,encoder_block_12,4.26218318939209,2,100,100
relevancy_random_2,relevancy,random,2,1129237,2697752,attack,0,embedding,-0.1926808357238769,49,100,100
relevancy_random_2,relevancy,random,2,1129237,2697752,attack,1,encoder_block_1,-0.7624425888061523,87,100,100
relevancy_random_2,relevancy,random,2,1129237,2697752,attack,2,encoder_block_2,-0.3373823165893554,74,100,100
relevancy_random_2,relevancy,random,2,1129237,2697752,attack,3,encoder_block_3,-0.2278001308441162,70,100,100
relevancy_random_2,relevancy,random,2,1129237,2697752,attack,4,encoder_block_4,-0.0931086540222168,63,100,100
relevancy_random_2,relevancy,random,2,1129237,2697752,attack,5,encoder_block_5,-0.18082857131958,52,100,100
relevancy_random_2,relevancy,random,2,1129237,2697752,attack,6,encoder_block_6,-0.2677078247070312,58,100,100
relevancy_random_2,relevancy,random,2,1129237,2697752,attack,7,encoder_block_7,-0.1140661239624023,46,100,100
relevancy_random_2,relevancy,random,2,1129237,2697752,attack,8,encoder_block_8,0.1006224155426025,22,100,100
relevancy_random_2,relevancy,random,2,1129237,2697752,attack,9,encoder_block_9,0.436082124710083,6,100,100
relevancy_random_2,relevancy,random,2,1129237,2697752,attack,10,encoder_block_10,0.9535143375396729,2,100,100
relevancy_random_2,relevancy,random,2,1129237,2697752,attack,11,encoder_block_11,2.6416468620300293,2,100,100
relevancy_random_2,relevancy,random,2,1129237,2697752,attack,12,encoder_block_12,4.315798759460449,2,100,100
relevancy_random_2,relevancy,random,2,1133167,5674622,original,0,embedding,-0.3599090576171875,51,100,100
relevancy_random_2,relevancy,random,2,1133167,5674622,original,1,encoder_block_1,-0.2238578796386718,37,100,100
relevancy_random_2,relevancy,random,2,1133167,5674622,original,2,encoder_block_2,0.0894651412963867,23,100,100
relevancy_random_2,relevancy,random,2,1133167,5674622,original,3,encoder_block_3,-0.0596203804016113,27,100,100
relevancy_random_2,relevancy,random,2,1133167,5674622,original,4,encoder_block_4,-0.0066719055175781,35,100,100
relevancy_random_2,relevancy,random,2,1133167,5674622,original,5,encoder_block_5,0.0064270496368408,24,100,100
relevancy_random_2,relevancy,random,2,1133167,5674622,original,6,encoder_block_6,0.0849943161010742,23,100,100
relevancy_random_2,relevancy,random,2,1133167,5674622,original,7,encoder_block_7,0.1392304897308349,25,100,100
relevancy_random_2,relevancy,random,2,1133167,5674622,original,8,encoder_block_8,0.3150386810302734,17,100,100
relevancy_random_2,relevancy,random,2,1133167,5674622,original,9,encoder_block_9,0.3377759456634521,26,100,100
relevancy_random_2,relevancy,random,2,1133167,5674622,original,10,encoder_block_10,-0.0226194858551025,41,100,100
relevancy_random_2,relevancy,random,2,1133167,5674622,original,11,encoder_block_11,0.8448319435119629,49,100,100
relevancy_random_2,relevancy,random,2,1133167,5674622,original,12,encoder_block_12,2.4345003366470337,46,100,100
relevancy_random_2,relevancy,random,2,1133167,5674622,padded_control,0,embedding,-0.3599085807800293,51,100,100
relevancy_random_2,relevancy,random,2,1133167,5674622,padded_control,1,encoder_block_1,-0.2273168563842773,37,100,100
relevancy_random_2,relevancy,random,2,1133167,5674622,padded_control,2,encoder_block_2,0.0870671272277832,23,100,100
relevancy_random_2,relevancy,random,2,1133167,5674622,padded_control,3,encoder_block_3,-0.063136339187622,28,100,100
relevancy_random_2,relevancy,random,2,1133167,5674622,padded_control,4,encoder_block_4,-0.0089573860168457,35,100,100
relevancy_random_2,relevancy,random,2,1133167,5674622,padded_control,5,encoder_block_5,0.0074877738952636,24,100,100
relevancy_random_2,relevancy,random,2,1133167,5674622,padded_control,6,encoder_block_6,0.0902771949768066,22,100,100
relevancy_random_2,relevancy,random,2,1133167,5674622,padded_control,7,encoder_block_7,0.1418738365173339,25,100,100
relevancy_random_2,relevancy,random,2,1133167,5674622,padded_control,8,encoder_block_8,0.3260326385498047,16,100,100
relevancy_random_2,relevancy,random,2,1133167,5674622,padded_control,9,encoder_block_9,0.3433442115783691,26,100,100
relevancy_random_2,relevancy,random,2,1133167,5674622,padded_control,10,encoder_block_10,-0.0309534072875976,41,100,100
relevancy_random_2,relevancy,random,2,1133167,5674622,padded_control,11,encoder_block_11,0.7903327941894531,50,100,100
relevancy_random_2,relevancy,random,2,1133167,5674622,padded_control,12,encoder_block_12,2.486335277557373,46,100,100
relevancy_random_2,relevancy,random,2,1133167,5674622,attack,0,embedding,-0.3449048995971679,49,100,100
relevancy_random_2,relevancy,random,2,1133167,5674622,attack,1,encoder_block_1,-0.0854110717773437,31,100,100
relevancy_random_2,relevancy,random,2,1133167,5674622,attack,2,encoder_block_2,0.1895246505737304,20,100,100
relevancy_random_2,relevancy,random,2,1133167,5674622,attack,3,encoder_block_3,0.0956106185913086,17,100,100
relevancy_random_2,relevancy,random,2,1133167,5674622,attack,4,encoder_block_4,0.1574776172637939,20,100,100
relevancy_random_2,relevancy,random,2,1133167,5674622,attack,5,encoder_block_5,0.1447932720184326,14,100,100
relevancy_random_2,relevancy,random,2,1133167,5674622,attack,6,encoder_block_6,0.1973850727081298,16,100,100
relevancy_random_2,relevancy,random,2,1133167,5674622,attack,7,encoder_block_7,0.2822015285491943,16,100,100
relevancy_random_2,relevancy,random,2,1133167,5674622,attack,8,encoder_block_8,0.4027745723724365,16,100,100
relevancy_random_2,relevancy,random,2,1133167,5674622,attack,9,encoder_block_9,0.3937280178070068,19,100,100
relevancy_random_2,relevancy,random,2,1133167,5674622,attack,10,encoder_block_10,-0.01993989944458,41,100,100
relevancy_random_2,relevancy,random,2,1133167,5674622,attack,11,encoder_block_11,0.7661314010620117,50,100,100
relevancy_random_2,relevancy,random,2,1133167,5674622,attack,12,encoder_block_12,2.2679648399353027,46,100,100
relevancy_random_2,relevancy,random,2,130510,1494936,original,0,embedding,0.4145472049713135,47,100,100
relevancy_random_2,relevancy,random,2,130510,1494936,original,1,encoder_block_1,-0.0747127532958984,70,100,100
relevancy_random_2,relevancy,random,2,130510,1494936,original,2,encoder_block_2,0.2577583789825439,57,100,100
relevancy_random_2,relevancy,random,2,130510,1494936,original,3,encoder_block_3,0.0868659019470214,57,100,100
relevancy_random_2,relevancy,random,2,130510,1494936,original,4,encoder_block_4,0.0484974384307861,55,100,100
relevancy_random_2,relevancy,random,2,130510,1494936,original,5,encoder_block_5,0.0590553283691406,55,100,100
relevancy_random_2,relevancy,random,2,130510,1494936,original,6,encoder_block_6,0.061549425125122,50,100,100
relevancy_random_2,relevancy,random,2,130510,1494936,original,7,encoder_block_7,0.1757409572601318,44,100,100
relevancy_random_2,relevancy,random,2,130510,1494936,original,8,encoder_block_8,0.3329865932464599,35,100,100
relevancy_random_2,relevancy,random,2,130510,1494936,original,9,encoder_block_9,0.644644021987915,18,100,100
relevancy_random_2,relevancy,random,2,130510,1494936,original,10,encoder_block_10,1.0942609310150146,3,100,100
relevancy_random_2,relevancy,random,2,130510,1494936,original,11,encoder_block_11,2.1742987632751465,6,100,100
relevancy_random_2,relevancy,random,2,130510,1494936,original,12,encoder_block_12,3.561265468597412,6,100,100
relevancy_random_2,relevancy,random,2,130510,1494936,padded_control,0,embedding,0.4145469665527344,47,100,100
relevancy_random_2,relevancy,random,2,130510,1494936,padded_control,1,encoder_block_1,-0.0831904411315918,71,100,100
relevancy_random_2,relevancy,random,2,130510,1494936,padded_control,2,encoder_block_2,0.2524209022521972,57,100,100
relevancy_random_2,relevancy,random,2,130510,1494936,padded_control,3,encoder_block_3,0.0972428321838378,55,100,100
relevancy_random_2,relevancy,random,2,130510,1494936,padded_control,4,encoder_block_4,0.0596287250518798,52,100,100
relevancy_random_2,relevancy,random,2,130510,1494936,padded_control,5,encoder_block_5,0.0761699676513671,53,100,100
relevancy_random_2,relevancy,random,2,130510,1494936,padded_control,6,encoder_block_6,0.0744516849517822,49,100,100
relevancy_random_2,relevancy,random,2,130510,1494936,padded_control,7,encoder_block_7,0.1804132461547851,44,100,100
relevancy_random_2,relevancy,random,2,130510,1494936,padded_control,8,encoder_block_8,0.371394395828247,30,100,100
relevancy_random_2,relevancy,random,2,130510,1494936,padded_control,9,encoder_block_9,0.6506221294403076,18,100,100
relevancy_random_2,relevancy,random,2,130510,1494936,padded_control,10,encoder_block_10,1.1081671714782717,3,100,100
relevancy_random_2,relevancy,random,2,130510,1494936,padded_control,11,encoder_block_11,2.227256774902344,6,100,100
relevancy_random_2,relevancy,random,2,130510,1494936,padded_control,12,encoder_block_12,3.6561179161071777,6,100,100
relevancy_random_2,relevancy,random,2,130510,1494936,attack,0,embedding,0.4805846214294433,39,100,100
relevancy_random_2,relevancy,random,2,130510,1494936,attack,1,encoder_block_1,0.1835498809814453,36,100,100
relevancy_random_2,relevancy,random,2,130510,1494936,attack,2,encoder_block_2,0.4198977947235107,31,100,100
relevancy_random_2,relevancy,random,2,130510,1494936,attack,3,encoder_block_3,0.271977424621582,33,100,100
relevancy_random_2,relevancy,random,2,130510,1494936,attack,4,encoder_block_4,0.2953770160675049,26,100,100
relevancy_random_2,relevancy,random,2,130510,1494936,attack,5,encoder_block_5,0.3176999092102051,31,100,100
relevancy_random_2,relevancy,random,2,130510,1494936,attack,6,encoder_block_6,0.3445547819137573,20,100,100
relevancy_random_2,relevancy,random,2,130510,1494936,attack,7,encoder_block_7,0.4384300708770752,19,100,100
relevancy_random_2,relevancy,random,2,130510,1494936,attack,8,encoder_block_8,0.6124773025512695,13,100,100
relevancy_random_2,relevancy,random,2,130510,1494936,attack,9,encoder_block_9,0.8452771902084351,10,100,100
relevancy_random_2,relevancy,random,2,130510,1494936,attack,10,encoder_block_10,1.2353322505950928,3,100,100
relevancy_random_2,relevancy,random,2,130510,1494936,attack,11,encoder_block_11,2.2252867221832275,6,100,100
relevancy_random_2,relevancy,random,2,130510,1494936,attack,12,encoder_block_12,3.554625988006592,6,100,100
relevancy_random_2,relevancy,random,2,131843,8305152,original,0,embedding,0.0451273918151855,81,100,100
relevancy_random_2,relevancy,random,2,131843,8305152,original,1,encoder_block_1,-0.4817818403244018,88,100,100
relevancy_random_2,relevancy,random,2,131843,8305152,original,2,encoder_block_2,-0.319859504699707,90,100,100
relevancy_random_2,relevancy,random,2,131843,8305152,original,3,encoder_block_3,-0.3433289527893066,92,100,100
relevancy_random_2,relevancy,random,2,131843,8305152,original,4,encoder_block_4,-0.2720351219177246,91,100,100
relevancy_random_2,relevancy,random,2,131843,8305152,original,5,encoder_block_5,-0.0504491329193115,91,100,100
relevancy_random_2,relevancy,random,2,131843,8305152,original,6,encoder_block_6,0.1368653774261474,84,100,100
relevancy_random_2,relevancy,random,2,131843,8305152,original,7,encoder_block_7,0.0036597251892089,85,100,100
relevancy_random_2,relevancy,random,2,131843,8305152,original,8,encoder_block_8,0.1005210876464843,58,100,100
relevancy_random_2,relevancy,random,2,131843,8305152,original,9,encoder_block_9,0.5894267559051514,22,100,100
relevancy_random_2,relevancy,random,2,131843,8305152,original,10,encoder_block_10,1.3263812065124512,1,100,100
relevancy_random_2,relevancy,random,2,131843,8305152,original,11,encoder_block_11,3.336597442626953,1,100,100
relevancy_random_2,relevancy,random,2,131843,8305152,original,12,encoder_block_12,6.186569213867188,1,100,100
relevancy_random_2,relevancy,random,2,131843,8305152,padded_control,0,embedding,0.0451276302337646,81,100,100
relevancy_random_2,relevancy,random,2,131843,8305152,padded_control,1,encoder_block_1,-0.4753651618957519,88,100,100
relevancy_random_2,relevancy,random,2,131843,8305152,padded_control,2,encoder_block_2,-0.3243038654327392,90,100,100
relevancy_random_2,relevancy,random,2,131843,8305152,padded_control,3,encoder_block_3,-0.347524881362915,92,100,100
relevancy_random_2,relevancy,random,2,131843,8305152,padded_control,4,encoder_block_4,-0.2741365432739258,91,100,100
relevancy_random_2,relevancy,random,2,131843,8305152,padded_control,5,encoder_block_5,-0.0710082054138183,91,100,100
relevancy_random_2,relevancy,random,2,131843,8305152,padded_control,6,encoder_block_6,0.1271758079528808,84,100,100
relevancy_random_2,relevancy,random,2,131843,8305152,padded_control,7,encoder_block_7,-0.0148365497589111,87,100,100
relevancy_random_2,relevancy,random,2,131843,8305152,padded_control,8,encoder_block_8,0.1019051074981689,58,100,100
relevancy_random_2,relevancy,random,2,131843,8305152,padded_control,9,encoder_block_9,0.5843966007232666,22,100,100
relevancy_random_2,relevancy,random,2,131843,8305152,padded_control,10,encoder_block_10,1.3127222061157229,1,100,100
relevancy_random_2,relevancy,random,2,131843,8305152,padded_control,11,encoder_block_11,3.3115129470825195,1,100,100
relevancy_random_2,relevancy,random,2,131843,8305152,padded_control,12,encoder_block_12,6.186887741088867,1,100,100
relevancy_random_2,relevancy,random,2,131843,8305152,attack,0,embedding,0.0766613483428955,79,100,100
relevancy_random_2,relevancy,random,2,131843,8305152,attack,1,encoder_block_1,-0.3055574893951416,88,100,100
relevancy_random_2,relevancy,random,2,131843,8305152,attack,2,encoder_block_2,-0.1428699493408203,87,100,100
relevancy_random_2,relevancy,random,2,131843,8305152,attack,3,encoder_block_3,-0.1562652587890625,88,100,100
relevancy_random_2,relevancy,random,2,131843,8305152,attack,4,encoder_block_4,-0.0346636772155761,87,100,100
relevancy_random_2,relevancy,random,2,131843,8305152,attack,5,encoder_block_5,0.1431047916412353,83,100,100
relevancy_random_2,relevancy,random,2,131843,8305152,attack,6,encoder_block_6,0.3154639005661011,54,100,100
relevancy_random_2,relevancy,random,2,131843,8305152,attack,7,encoder_block_7,0.1318089962005615,70,100,100
relevancy_random_2,relevancy,random,2,131843,8305152,attack,8,encoder_block_8,0.2770683765411377,32,100,100
relevancy_random_2,relevancy,random,2,131843,8305152,attack,9,encoder_block_9,0.7019717693328857,17,100,100
relevancy_random_2,relevancy,random,2,131843,8305152,attack,10,encoder_block_10,1.4278388023376465,1,100,100
relevancy_random_2,relevancy,random,2,131843,8305152,attack,11,encoder_block_11,3.3499293327331543,1,100,100
relevancy_random_2,relevancy,random,2,131843,8305152,attack,12,encoder_block_12,6.224429130554199,1,100,100
relevancy_random_2,relevancy,random,2,146187,8434626,original,0,embedding,0.8186893463134766,34,100,100
relevancy_random_2,relevancy,random,2,146187,8434626,original,1,encoder_block_1,0.8562822341918945,22,100,100
relevancy_random_2,relevancy,random,2,146187,8434626,original,2,encoder_block_2,0.9611597061157228,24,100,100
relevancy_random_2,relevancy,random,2,146187,8434626,original,3,encoder_block_3,1.1117756366729736,21,100,100
relevancy_random_2,relevancy,random,2,146187,8434626,original,4,encoder_block_4,1.28155779838562,17,100,100
relevancy_random_2,relevancy,random,2,146187,8434626,original,5,encoder_block_5,1.2142610549926758,11,100,100
relevancy_random_2,relevancy,random,2,146187,8434626,original,6,encoder_block_6,1.2386045455932615,12,100,100
relevancy_random_2,relevancy,random,2,146187,8434626,original,7,encoder_block_7,1.1996808052062988,15,100,100
relevancy_random_2,relevancy,random,2,146187,8434626,original,8,encoder_block_8,1.1204800605773926,16,100,100
relevancy_random_2,relevancy,random,2,146187,8434626,original,9,encoder_block_9,1.163987159729004,22,100,100
relevancy_random_2,relevancy,random,2,146187,8434626,original,10,encoder_block_10,0.9799554347991944,12,100,100
relevancy_random_2,relevancy,random,2,146187,8434626,original,11,encoder_block_11,1.9088294506073,11,100,100
relevancy_random_2,relevancy,random,2,146187,8434626,original,12,encoder_block_12,2.198522448539734,13,100,100
relevancy_random_2,relevancy,random,2,146187,8434626,padded_control,0,embedding,0.8186869621276855,34,100,100
relevancy_random_2,relevancy,random,2,146187,8434626,padded_control,1,encoder_block_1,0.8562662601470947,22,100,100
relevancy_random_2,relevancy,random,2,146187,8434626,padded_control,2,encoder_block_2,0.9596424102783204,24,100,100
relevancy_random_2,relevancy,random,2,146187,8434626,padded_control,3,encoder_block_3,1.1181893348693848,21,100,100
relevancy_random_2,relevancy,random,2,146187,8434626,padded_control,4,encoder_block_4,1.2897899150848389,15,100,100
relevancy_random_2,relevancy,random,2,146187,8434626,padded_control,5,encoder_block_5,1.2177000045776367,11,100,100
relevancy_random_2,relevancy,random,2,146187,8434626,padded_control,6,encoder_block_6,1.2462973594665527,12,100,100
relevancy_random_2,relevancy,random,2,146187,8434626,padded_control,7,encoder_block_7,1.209622859954834,14,100,100
relevancy_random_2,relevancy,random,2,146187,8434626,padded_control,8,encoder_block_8,1.14351224899292,15,100,100
relevancy_random_2,relevancy,random,2,146187,8434626,padded_control,9,encoder_block_9,1.1773838996887207,21,100,100
relevancy_random_2,relevancy,random,2,146187,8434626,padded_control,10,encoder_block_10,0.980013370513916,12,100,100
relevancy_random_2,relevancy,random,2,146187,8434626,padded_control,11,encoder_block_11,1.89237642288208,11,100,100
relevancy_random_2,relevancy,random,2,146187,8434626,padded_control,12,encoder_block_12,2.2329981327056885,12,100,100
relevancy_random_2,relevancy,random,2,146187,8434626,attack,0,embedding,0.8487575054168701,31,100,100
relevancy_random_2,relevancy,random,2,146187,8434626,attack,1,encoder_block_1,1.0267696380615234,13,100,100
relevancy_random_2,relevancy,random,2,146187,8434626,attack,2,encoder_block_2,1.1000876426696775,13,100,100
relevancy_random_2,relevancy,random,2,146187,8434626,attack,3,encoder_block_3,1.181401252746582,16,100,100
relevancy_random_2,relevancy,random,2,146187,8434626,attack,4,encoder_block_4,1.347322702407837,11,100,100
relevancy_random_2,relevancy,random,2,146187,8434626,attack,5,encoder_block_5,1.2622973918914795,8,100,100
relevancy_random_2,relevancy,random,2,146187,8434626,attack,6,encoder_block_6,1.311743974685669,9,100,100
relevancy_random_2,relevancy,random,2,146187,8434626,attack,7,encoder_block_7,1.2717742919921875,12,100,100
relevancy_random_2,relevancy,random,2,146187,8434626,attack,8,encoder_block_8,1.1982688903808594,10,100,100
relevancy_random_2,relevancy,random,2,146187,8434626,attack,9,encoder_block_9,1.2398409843444824,15,100,100
relevancy_random_2,relevancy,random,2,146187,8434626,attack,10,encoder_block_10,1.0749106407165527,11,100,100
relevancy_random_2,relevancy,random,2,146187,8434626,attack,11,encoder_block_11,1.9517741203308103,11,100,100
relevancy_random_2,relevancy,random,2,146187,8434626,attack,12,encoder_block_12,2.1523598432540894,15,100,100
relevancy_random_2,relevancy,random,2,148538,8181574,original,0,embedding,0.0338578224182128,76,100,100
relevancy_random_2,relevancy,random,2,148538,8181574,original,1,encoder_block_1,0.480750560760498,31,100,100
relevancy_random_2,relevancy,random,2,148538,8181574,original,2,encoder_block_2,0.889561653137207,27,100,100
relevancy_random_2,relevancy,random,2,148538,8181574,original,3,encoder_block_3,1.1115541458129885,17,100,100
relevancy_random_2,relevancy,random,2,148538,8181574,original,4,encoder_block_4,1.146008014678955,23,100,100
relevancy_random_2,relevancy,random,2,148538,8181574,original,5,encoder_block_5,1.0081357955932615,26,100,100
relevancy_random_2,relevancy,random,2,148538,8181574,original,6,encoder_block_6,1.0072407722473145,29,100,100
relevancy_random_2,relevancy,random,2,148538,8181574,original,7,encoder_block_7,1.0733280181884766,19,100,100
relevancy_random_2,relevancy,random,2,148538,8181574,original,8,encoder_block_8,1.1593351364135742,21,100,100
relevancy_random_2,relevancy,random,2,148538,8181574,original,9,encoder_block_9,1.2307915687561035,36,100,100
relevancy_random_2,relevancy,random,2,148538,8181574,original,10,encoder_block_10,0.1248464584350586,80,100,100
relevancy_random_2,relevancy,random,2,148538,8181574,original,11,encoder_block_11,-1.7904731035232544,98,100,100
relevancy_random_2,relevancy,random,2,148538,8181574,original,12,encoder_block_12,-11.936710357666016,98,100,100
relevancy_random_2,relevancy,random,2,148538,8181574,padded_control,0,embedding,0.033858299255371,76,100,100
relevancy_random_2,relevancy,random,2,148538,8181574,padded_control,1,encoder_block_1,0.4846811294555664,31,100,100
relevancy_random_2,relevancy,random,2,148538,8181574,padded_control,2,encoder_block_2,0.8922815322875977,27,100,100
relevancy_random_2,relevancy,random,2,148538,8181574,padded_control,3,encoder_block_3,1.114321231842041,17,100,100
relevancy_random_2,relevancy,random,2,148538,8181574,padded_control,4,encoder_block_4,1.1436123847961426,23,100,100
relevancy_random_2,relevancy,random,2,148538,8181574,padded_control,5,encoder_block_5,1.0043115615844729,27,100,100
relevancy_random_2,relevancy,random,2,148538,8181574,padded_control,6,encoder_block_6,1.005028247833252,29,100,100
relevancy_random_2,relevancy,random,2,148538,8181574,padded_control,7,encoder_block_7,1.0753746032714844,19,100,100
relevancy_random_2,relevancy,random,2,148538,8181574,padded_control,8,encoder_block_8,1.161433219909668,21,100,100
relevancy_random_2,relevancy,random,2,148538,8181574,padded_control,9,encoder_block_9,1.2297594547271729,36,100,100
relevancy_random_2,relevancy,random,2,148538,8181574,padded_control,10,encoder_block_10,0.1280405521392822,80,100,100
relevancy_random_2,relevancy,random,2,148538,8181574,padded_control,11,encoder_block_11,-1.745901584625244,97,100,100
relevancy_random_2,relevancy,random,2,148538,8181574,padded_control,12,encoder_block_12,-11.898767471313477,98,100,100
relevancy_random_2,relevancy,random,2,148538,8181574,attack,0,embedding,0.076916217803955,71,100,100
relevancy_random_2,relevancy,random,2,148538,8181574,attack,1,encoder_block_1,0.6359944343566895,26,100,100
relevancy_random_2,relevancy,random,2,148538,8181574,attack,2,encoder_block_2,1.0244512557983398,17,100,100
relevancy_random_2,relevancy,random,2,148538,8181574,attack,3,encoder_block_3,1.200300216674805,11,100,100
relevancy_random_2,relevancy,random,2,148538,8181574,attack,4,encoder_block_4,1.239979267120361,19,100,100
relevancy_random_2,relevancy,random,2,148538,8181574,attack,5,encoder_block_5,1.0623807907104492,21,100,100
relevancy_random_2,relevancy,random,2,148538,8181574,attack,6,encoder_block_6,1.0825419425964355,23,100,100
relevancy_random_2,relevancy,random,2,148538,8181574,attack,7,encoder_block_7,1.1169281005859375,14,100,100
relevancy_random_2,relevancy,random,2,148538,8181574,attack,8,encoder_block_8,1.223440170288086,13,100,100
relevancy_random_2,relevancy,random,2,148538,8181574,attack,9,encoder_block_9,1.2639784812927246,29,100,100
relevancy_random_2,relevancy,random,2,148538,8181574,attack,10,encoder_block_10,0.1664159297943115,72,100,100
relevancy_random_2,relevancy,random,2,148538,8181574,attack,11,encoder_block_11,-1.9640859365463257,99,100,100
relevancy_random_2,relevancy,random,2,148538,8181574,attack,12,encoder_block_12,-12.104337692260742,99,100,100
relevancy_random_2,relevancy,random,2,156493,2411918,original,0,embedding,0.6322650909423828,94,100,100
relevancy_random_2,relevancy,random,2,156493,2411918,original,1,encoder_block_1,1.3086433410644531,34,100,100
relevancy_random_2,relevancy,random,2,156493,2411918,original,2,encoder_block_2,1.3716647624969482,27,100,100
relevancy_random_2,relevancy,random,2,156493,2411918,original,3,encoder_block_3,1.3721928596496582,31,100,100
relevancy_random_2,relevancy,random,2,156493,2411918,original,4,encoder_block_4,1.5484943389892578,23,100,100
relevancy_random_2,relevancy,random,2,156493,2411918,original,5,encoder_block_5,1.7920410633087158,15,100,100
relevancy_random_2,relevancy,random,2,156493,2411918,original,6,encoder_block_6,1.719512939453125,15,100,100
relevancy_random_2,relevancy,random,2,156493,2411918,original,7,encoder_block_7,1.8959312438964844,12,100,100
relevancy_random_2,relevancy,random,2,156493,2411918,original,8,encoder_block_8,1.911412000656128,8,100,100
relevancy_random_2,relevancy,random,2,156493,2411918,original,9,encoder_block_9,1.913116693496704,11,100,100
relevancy_random_2,relevancy,random,2,156493,2411918,original,10,encoder_block_10,1.790907382965088,8,100,100
relevancy_random_2,relevancy,random,2,156493,2411918,original,11,encoder_block_11,2.6601219177246094,9,100,100
relevancy_random_2,relevancy,random,2,156493,2411918,original,12,encoder_block_12,1.821057140827179,53,100,100
relevancy_random_2,relevancy,random,2,156493,2411918,padded_control,0,embedding,0.6322650909423828,94,100,100
relevancy_random_2,relevancy,random,2,156493,2411918,padded_control,1,encoder_block_1,1.312152862548828,34,100,100
relevancy_random_2,relevancy,random,2,156493,2411918,padded_control,2,encoder_block_2,1.375579833984375,27,100,100
relevancy_random_2,relevancy,random,2,156493,2411918,padded_control,3,encoder_block_3,1.3829984664916992,30,100,100
relevancy_random_2,relevancy,random,2,156493,2411918,padded_control,4,encoder_block_4,1.5596857070922852,21,100,100
relevancy_random_2,relevancy,random,2,156493,2411918,padded_control,5,encoder_block_5,1.796539306640625,15,100,100
relevancy_random_2,relevancy,random,2,156493,2411918,padded_control,6,encoder_block_6,1.7233750820159912,15,100,100
relevancy_random_2,relevancy,random,2,156493,2411918,padded_control,7,encoder_block_7,1.8981819152832031,12,100,100
relevancy_random_2,relevancy,random,2,156493,2411918,padded_control,8,encoder_block_8,1.9005184173583984,10,100,100
relevancy_random_2,relevancy,random,2,156493,2411918,padded_control,9,encoder_block_9,1.8987221717834477,13,100,100
relevancy_random_2,relevancy,random,2,156493,2411918,padded_control,10,encoder_block_10,1.780761480331421,10,100,100
relevancy_random_2,relevancy,random,2,156493,2411918,padded_control,11,encoder_block_11,2.6347415447235107,13,100,100
relevancy_random_2,relevancy,random,2,156493,2411918,padded_control,12,encoder_block_12,1.824927359819412,53,100,100
relevancy_random_2,relevancy,random,2,156493,2411918,attack,0,embedding,0.6564750671386719,94,100,100
relevancy_random_2,relevancy,random,2,156493,2411918,attack,1,encoder_block_1,1.3573131561279297,32,100,100
relevancy_random_2,relevancy,random,2,156493,2411918,attack,2,encoder_block_2,1.442646026611328,24,100,100
relevancy_random_2,relevancy,random,2,156493,2411918,attack,3,encoder_block_3,1.4290075302124023,29,100,100
relevancy_random_2,relevancy,random,2,156493,2411918,attack,4,encoder_block_4,1.6308095455169678,19,100,100
relevancy_random_2,relevancy,random,2,156493,2411918,attack,5,encoder_block_5,1.8203706741333008,15,100,100
relevancy_random_2,relevancy,random,2,156493,2411918,attack,6,encoder_block_6,1.7605195045471191,15,100,100
relevancy_random_2,relevancy,random,2,156493,2411918,attack,7,encoder_block_7,1.931005954742432,9,100,100
relevancy_random_2,relevancy,random,2,156493,2411918,attack,8,encoder_block_8,1.9316444396972656,8,100,100
relevancy_random_2,relevancy,random,2,156493,2411918,attack,9,encoder_block_9,1.9176101684570312,11,100,100
relevancy_random_2,relevancy,random,2,156493,2411918,attack,10,encoder_block_10,1.7967171669006348,8,100,100
relevancy_random_2,relevancy,random,2,156493,2411918,attack,11,encoder_block_11,2.6005300283432007,17,100,100
relevancy_random_2,relevancy,random,2,156493,2411918,attack,12,encoder_block_12,1.6811986565589905,53,100,100
relevancy_random_2,relevancy,random,2,168216,3174840,original,0,embedding,-0.6338040828704834,99,100,100
relevancy_random_2,relevancy,random,2,168216,3174840,original,1,encoder_block_1,-0.3851568698883056,74,100,100
relevancy_random_2,relevancy,random,2,168216,3174840,original,2,encoder_block_2,-0.2682242393493652,75,100,100
relevancy_random_2,relevancy,random,2,168216,3174840,original,3,encoder_block_3,0.0878183841705322,43,100,100
relevancy_random_2,relevancy,random,2,168216,3174840,original,4,encoder_block_4,0.1511220932006836,32,100,100
relevancy_random_2,relevancy,random,2,168216,3174840,original,5,encoder_block_5,0.0719380378723144,36,100,100
relevancy_random_2,relevancy,random,2,168216,3174840,original,6,encoder_block_6,0.048872947692871,36,100,100
relevancy_random_2,relevancy,random,2,168216,3174840,original,7,encoder_block_7,0.1533160209655761,35,100,100
relevancy_random_2,relevancy,random,2,168216,3174840,original,8,encoder_block_8,0.1931724548339843,29,100,100
relevancy_random_2,relevancy,random,2,168216,3174840,original,9,encoder_block_9,0.5074460506439209,15,100,100
relevancy_random_2,relevancy,random,2,168216,3174840,original,10,encoder_block_10,0.6587412357330322,6,100,100
relevancy_random_2,relevancy,random,2,168216,3174840,original,11,encoder_block_11,1.8547282218933103,7,100,100
relevancy_random_2,relevancy,random,2,168216,3174840,original,12,encoder_block_12,3.076498985290528,58,100,100
relevancy_random_2,relevancy,random,2,168216,3174840,padded_control,0,embedding,-0.6338026523590088,99,100,100
relevancy_random_2,relevancy,random,2,168216,3174840,padded_control,1,encoder_block_1,-0.3862867355346679,74,100,100
relevancy_random_2,relevancy,random,2,168216,3174840,padded_control,2,encoder_block_2,-0.2749404907226562,78,100,100
relevancy_random_2,relevancy,random,2,168216,3174840,padded_control,3,encoder_block_3,0.081888198852539,44,100,100
relevancy_random_2,relevancy,random,2,168216,3174840,padded_control,4,encoder_block_4,0.1397175788879394,32,100,100
relevancy_random_2,relevancy,random,2,168216,3174840,padded_control,5,encoder_block_5,0.0588421821594238,37,100,100
relevancy_random_2,relevancy,random,2,168216,3174840,padded_control,6,encoder_block_6,0.039304494857788,37,100,100
relevancy_random_2,relevancy,random,2,168216,3174840,padded_control,7,encoder_block_7,0.1485836505889892,35,100,100
relevancy_random_2,relevancy,random,2,168216,3174840,padded_control,8,encoder_block_8,0.1840517520904541,30,100,100
relevancy_random_2,relevancy,random,2,168216,3174840,padded_control,9,encoder_block_9,0.5178906917572021,13,100,100
relevancy_random_2,relevancy,random,2,168216,3174840,padded_control,10,encoder_block_10,0.6600818634033203,6,100,100
relevancy_random_2,relevancy,random,2,168216,3174840,padded_control,11,encoder_block_11,1.851308822631836,7,100,100
relevancy_random_2,relevancy,random,2,168216,3174840,padded_control,12,encoder_block_12,3.065470695495605,58,100,100
relevancy_random_2,relevancy,random,2,168216,3174840,attack,0,embedding,-0.5883572101593018,99,100,100
relevancy_random_2,relevancy,random,2,168216,3174840,attack,1,encoder_block_1,-0.3329224586486816,66,100,100
relevancy_random_2,relevancy,random,2,168216,3174840,attack,2,encoder_block_2,-0.2482948303222656,71,100,100
relevancy_random_2,relevancy,random,2,168216,3174840,attack,3,encoder_block_3,0.1140501499176025,41,100,100
relevancy_random_2,relevancy,random,2,168216,3174840,attack,4,encoder_block_4,0.2231421470642089,23,100,100
relevancy_random_2,relevancy,random,2,168216,3174840,attack,5,encoder_block_5,0.1499884128570556,25,100,100
relevancy_random_2,relevancy,random,2,168216,3174840,attack,6,encoder_block_6,0.1100056171417236,31,100,100
relevancy_random_2,relevancy,random,2,168216,3174840,attack,7,encoder_block_7,0.2088618278503418,33,100,100
relevancy_random_2,relevancy,random,2,168216,3174840,attack,8,encoder_block_8,0.2437050342559814,25,100,100
relevancy_random_2,relevancy,random,2,168216,3174840,attack,9,encoder_block_9,0.5565383434295654,11,100,100
relevancy_random_2,relevancy,random,2,168216,3174840,attack,10,encoder_block_10,0.7285194396972656,3,100,100
relevancy_random_2,relevancy,random,2,168216,3174840,attack,11,encoder_block_11,1.889943242073059,6,100,100
relevancy_random_2,relevancy,random,2,168216,3174840,attack,12,encoder_block_12,3.0952258110046387,57,100,100
relevancy_random_2,relevancy,random,2,182539,57443,original,0,embedding,0.2522985935211181,55,100,100
relevancy_random_2,relevancy,random,2,182539,57443,original,1,encoder_block_1,-0.1243147850036621,67,100,100
relevancy_random_2,relevancy,random,2,182539,57443,original,2,encoder_block_2,0.010246992111206,69,100,100
relevancy_random_2,relevancy,random,2,182539,57443,original,3,encoder_block_3,0.0935795307159423,50,100,100
relevancy_random_2,relevancy,random,2,182539,57443,original,4,encoder_block_4,0.1608998775482177,51,100,100
relevancy_random_2,relevancy,random,2,182539,57443,original,5,encoder_block_5,0.3986899852752685,38,100,100
relevancy_random_2,relevancy,random,2,182539,57443,original,6,encoder_block_6,0.3436722755432129,37,100,100
relevancy_random_2,relevancy,random,2,182539,57443,original,7,encoder_block_7,0.4343082904815674,29,100,100
relevancy_random_2,relevancy,random,2,182539,57443,original,8,encoder_block_8,0.6768031120300293,15,100,100
relevancy_random_2,relevancy,random,2,182539,57443,original,9,encoder_block_9,0.8573448657989502,10,100,100
relevancy_random_2,relevancy,random,2,182539,57443,original,10,encoder_block_10,1.3166866302490234,2,100,100
relevancy_random_2,relevancy,random,2,182539,57443,original,11,encoder_block_11,2.9638657569885254,1,100,100
relevancy_random_2,relevancy,random,2,182539,57443,original,12,encoder_block_12,5.838619232177734,1,100,100
relevancy_random_2,relevancy,random,2,182539,57443,padded_control,0,embedding,0.2522981166839599,55,100,100
relevancy_random_2,relevancy,random,2,182539,57443,padded_control,1,encoder_block_1,-0.1089181900024414,65,100,100
relevancy_random_2,relevancy,random,2,182539,57443,padded_control,2,encoder_block_2,0.0178971290588378,69,100,100
relevancy_random_2,relevancy,random,2,182539,57443,padded_control,3,encoder_block_3,0.0947582721710205,50,100,100
relevancy_random_2,relevancy,random,2,182539,57443,padded_control,4,encoder_block_4,0.1562187671661377,52,100,100
relevancy_random_2,relevancy,random,2,182539,57443,padded_control,5,encoder_block_5,0.3973417282104492,38,100,100
relevancy_random_2,relevancy,random,2,182539,57443,padded_control,6,encoder_block_6,0.3390121459960937,37,100,100
relevancy_random_2,relevancy,random,2,182539,57443,padded_control,7,encoder_block_7,0.4391673803329468,29,100,100
relevancy_random_2,relevancy,random,2,182539,57443,padded_control,8,encoder_block_8,0.6803257465362549,15,100,100
relevancy_random_2,relevancy,random,2,182539,57443,padded_control,9,encoder_block_9,0.8505126237869263,10,100,100
relevancy_random_2,relevancy,random,2,182539,57443,padded_control,10,encoder_block_10,1.3100955486297607,2,100,100
relevancy_random_2,relevancy,random,2,182539,57443,padded_control,11,encoder_block_11,2.98404312133789,1,100,100
relevancy_random_2,relevancy,random,2,182539,57443,padded_control,12,encoder_block_12,5.848268508911133,1,100,100
relevancy_random_2,relevancy,random,2,182539,57443,attack,0,embedding,0.2473807334899902,58,100,100
relevancy_random_2,relevancy,random,2,182539,57443,attack,1,encoder_block_1,-0.001868724822998,51,100,100
relevancy_random_2,relevancy,random,2,182539,57443,attack,2,encoder_block_2,0.1015658378601074,60,100,100
relevancy_random_2,relevancy,random,2,182539,57443,attack,3,encoder_block_3,0.1958098411560058,41,100,100
relevancy_random_2,relevancy,random,2,182539,57443,attack,4,encoder_block_4,0.2770254611968994,41,100,100
relevancy_random_2,relevancy,random,2,182539,57443,attack,5,encoder_block_5,0.4830114841461181,32,100,100
relevancy_random_2,relevancy,random,2,182539,57443,attack,6,encoder_block_6,0.4597554206848144,28,100,100
relevancy_random_2,relevancy,random,2,182539,57443,attack,7,encoder_block_7,0.527874231338501,24,100,100
relevancy_random_2,relevancy,random,2,182539,57443,attack,8,encoder_block_8,0.7788834571838379,10,100,100
relevancy_random_2,relevancy,random,2,182539,57443,attack,9,encoder_block_9,0.9583308696746826,8,100,100
relevancy_random_2,relevancy,random,2,182539,57443,attack,10,encoder_block_10,1.443270206451416,2,100,100
relevancy_random_2,relevancy,random,2,182539,57443,attack,11,encoder_block_11,3.1650428771972656,1,100,100
relevancy_random_2,relevancy,random,2,182539,57443,attack,12,encoder_block_12,5.926229476928711,1,100,100
relevancy_random_2,relevancy,random,2,183378,5040199,original,0,embedding,-0.0865340232849121,96,100,100
relevancy_random_2,relevancy,random,2,183378,5040199,original,1,encoder_block_1,-0.0381965637207031,91,100,100
relevancy_random_2,relevancy,random,2,183378,5040199,original,2,encoder_block_2,-0.062957763671875,89,100,100
relevancy_random_2,relevancy,random,2,183378,5040199,original,3,encoder_block_3,0.1655235290527343,54,100,100
relevancy_random_2,relevancy,random,2,183378,5040199,original,4,encoder_block_4,0.5493338108062744,24,100,100
relevancy_random_2,relevancy,random,2,183378,5040199,original,5,encoder_block_5,0.523047924041748,24,100,100
relevancy_random_2,relevancy,random,2,183378,5040199,original,6,encoder_block_6,0.4046578407287597,28,100,100
relevancy_random_2,relevancy,random,2,183378,5040199,original,7,encoder_block_7,0.5678186416625977,25,100,100
relevancy_random_2,relevancy,random,2,183378,5040199,original,8,encoder_block_8,0.4849131107330322,32,100,100
relevancy_random_2,relevancy,random,2,183378,5040199,original,9,encoder_block_9,0.664161205291748,29,100,100
relevancy_random_2,relevancy,random,2,183378,5040199,original,10,encoder_block_10,0.4862463474273681,36,100,100
relevancy_random_2,relevancy,random,2,183378,5040199,original,11,encoder_block_11,-1.16389799118042,63,100,100
relevancy_random_2,relevancy,random,2,183378,5040199,original,12,encoder_block_12,-11.67852783203125,73,100,100
relevancy_random_2,relevancy,random,2,183378,5040199,padded_control,0,embedding,-0.0865345001220703,96,100,100
relevancy_random_2,relevancy,random,2,183378,5040199,padded_control,1,encoder_block_1,-0.0407314300537109,91,100,100
relevancy_random_2,relevancy,random,2,183378,5040199,padded_control,2,encoder_block_2,-0.0677428245544433,89,100,100
relevancy_random_2,relevancy,random,2,183378,5040199,padded_control,3,encoder_block_3,0.1607365608215332,54,100,100
relevancy_random_2,relevancy,random,2,183378,5040199,padded_control,4,encoder_block_4,0.5464529991149902,24,100,100
relevancy_random_2,relevancy,random,2,183378,5040199,padded_control,5,encoder_block_5,0.5215363502502441,24,100,100
relevancy_random_2,relevancy,random,2,183378,5040199,padded_control,6,encoder_block_6,0.4072499275207519,28,100,100
relevancy_random_2,relevancy,random,2,183378,5040199,padded_control,7,encoder_block_7,0.5680067539215088,25,100,100
relevancy_random_2,relevancy,random,2,183378,5040199,padded_control,8,encoder_block_8,0.4857122898101806,32,100,100
relevancy_random_2,relevancy,random,2,183378,5040199,padded_control,9,encoder_block_9,0.6634368896484375,29,100,100
relevancy_random_2,relevancy,random,2,183378,5040199,padded_control,10,encoder_block_10,0.4780054092407226,36,100,100
relevancy_random_2,relevancy,random,2,183378,5040199,padded_control,11,encoder_block_11,-1.183793306350708,64,100,100
relevancy_random_2,relevancy,random,2,183378,5040199,padded_control,12,encoder_block_12,-11.693248748779297,73,100,100
relevancy_random_2,relevancy,random,2,183378,5040199,attack,0,embedding,-0.0280075073242187,93,100,100
relevancy_random_2,relevancy,random,2,183378,5040199,attack,1,encoder_block_1,0.0861096382141113,80,100,100
relevancy_random_2,relevancy,random,2,183378,5040199,attack,2,encoder_block_2,0.0647664070129394,81,100,100
relevancy_random_2,relevancy,random,2,183378,5040199,attack,3,encoder_block_3,0.2955446243286133,39,100,100
relevancy_random_2,relevancy,random,2,183378,5040199,attack,4,encoder_block_4,0.6772401332855225,19,100,100
relevancy_random_2,relevancy,random,2,183378,5040199,attack,5,encoder_block_5,0.6241357326507568,20,100,100
relevancy_random_2,relevancy,random,2,183378,5040199,attack,6,encoder_block_6,0.5177216529846191,25,100,100
relevancy_random_2,relevancy,random,2,183378,5040199,attack,7,encoder_block_7,0.6742055416107178,17,100,100
relevancy_random_2,relevancy,random,2,183378,5040199,attack,8,encoder_block_8,0.565192699432373,21,100,100
relevancy_random_2,relevancy,random,2,183378,5040199,attack,9,encoder_block_9,0.7459163665771484,23,100,100
relevancy_random_2,relevancy,random,2,183378,5040199,attack,10,encoder_block_10,0.5684674978256226,28,100,100
relevancy_random_2,relevancy,random,2,183378,5040199,attack,11,encoder_block_11,-1.110898733139038,62,100,100
relevancy_random_2,relevancy,random,2,183378,5040199,attack,12,encoder_block_12,-11.5954008102417,71,100,100
relevancy_random_2,relevancy,random,2,19335,8412684,original,0,embedding,0.4543437957763672,87,100,100
relevancy_random_2,relevancy,random,2,19335,8412684,original,1,encoder_block_1,0.575559139251709,83,100,100
relevancy_random_2,relevancy,random,2,19335,8412684,original,2,encoder_block_2,0.7931208610534668,89,100,100
relevancy_random_2,relevancy,random,2,19335,8412684,original,3,encoder_block_3,0.6508738994598389,94,100,100
relevancy_random_2,relevancy,random,2,19335,8412684,original,4,encoder_block_4,0.728416919708252,89,100,100
relevancy_random_2,relevancy,random,2,19335,8412684,original,5,encoder_block_5,0.7303013801574707,86,100,100
relevancy_random_2,relevancy,random,2,19335,8412684,original,6,encoder_block_6,0.867795467376709,67,100,100
relevancy_random_2,relevancy,random,2,19335,8412684,original,7,encoder_block_7,1.1068263053894043,37,100,100
relevancy_random_2,relevancy,random,2,19335,8412684,original,8,encoder_block_8,1.3754048347473145,17,100,100
relevancy_random_2,relevancy,random,2,19335,8412684,original,9,encoder_block_9,1.2622122764587402,24,100,100
relevancy_random_2,relevancy,random,2,19335,8412684,original,10,encoder_block_10,1.2494158744812012,19,100,100
relevancy_random_2,relevancy,random,2,19335,8412684,original,11,encoder_block_11,1.8081707954406736,9,100,100
relevancy_random_2,relevancy,random,2,19335,8412684,original,12,encoder_block_12,2.0300610661506653,7,100,100
relevancy_random_2,relevancy,random,2,19335,8412684,padded_control,0,embedding,0.4543428421020508,87,100,100
relevancy_random_2,relevancy,random,2,19335,8412684,padded_control,1,encoder_block_1,0.5774707794189453,83,100,100
relevancy_random_2,relevancy,random,2,19335,8412684,padded_control,2,encoder_block_2,0.7894515991210938,89,100,100
relevancy_random_2,relevancy,random,2,19335,8412684,padded_control,3,encoder_block_3,0.6566131114959717,94,100,100
relevancy_random_2,relevancy,random,2,19335,8412684,padded_control,4,encoder_block_4,0.7367844581604004,87,100,100
relevancy_random_2,relevancy,random,2,19335,8412684,padded_control,5,encoder_block_5,0.7338418960571289,86,100,100
relevancy_random_2,relevancy,random,2,19335,8412684,padded_control,6,encoder_block_6,0.8703024387359619,67,100,100
relevancy_random_2,relevancy,random,2,19335,8412684,padded_control,7,encoder_block_7,1.1074039936065674,36,100,100
relevancy_random_2,relevancy,random,2,19335,8412684,padded_control,8,encoder_block_8,1.3823459148406982,17,100,100
relevancy_random_2,relevancy,random,2,19335,8412684,padded_control,9,encoder_block_9,1.290745496749878,24,100,100
relevancy_random_2,relevancy,random,2,19335,8412684,padded_control,10,encoder_block_10,1.270841360092163,19,100,100
relevancy_random_2,relevancy,random,2,19335,8412684,padded_control,11,encoder_block_11,1.825846552848816,9,100,100
relevancy_random_2,relevancy,random,2,19335,8412684,padded_control,12,encoder_block_12,2.1093099117279053,7,100,100
relevancy_random_2,relevancy,random,2,19335,8412684,attack,0,embedding,0.4230976104736328,87,100,100
relevancy_random_2,relevancy,random,2,19335,8412684,attack,1,encoder_block_1,0.7583141326904297,66,100,100
relevancy_random_2,relevancy,random,2,19335,8412684,attack,2,encoder_block_2,0.9488587379455566,73,100,100
relevancy_random_2,relevancy,random,2,19335,8412684,attack,3,encoder_block_3,0.7909936904907227,78,100,100
relevancy_random_2,relevancy,random,2,19335,8412684,attack,4,encoder_block_4,0.8571033477783203,71,100,100
relevancy_random_2,relevancy,random,2,19335,8412684,attack,5,encoder_block_5,0.8374993801116943,76,100,100
relevancy_random_2,relevancy,random,2,19335,8412684,attack,6,encoder_block_6,0.9690277576446532,52,100,100
relevancy_random_2,relevancy,random,2,19335,8412684,attack,7,encoder_block_7,1.242398023605347,22,100,100
relevancy_random_2,relevancy,random,2,19335,8412684,attack,8,encoder_block_8,1.514965534210205,11,100,100
relevancy_random_2,relevancy,random,2,19335,8412684,attack,9,encoder_block_9,1.3971524238586426,16,100,100
relevancy_random_2,relevancy,random,2,19335,8412684,attack,10,encoder_block_10,1.3853576183319092,14,100,100
relevancy_random_2,relevancy,random,2,19335,8412684,attack,11,encoder_block_11,1.7776517868041992,10,100,100
relevancy_random_2,relevancy,random,2,19335,8412684,attack,12,encoder_block_12,1.8952665328979488,8,100,100
relevancy_random_2,relevancy,random,2,207786,2998723,original,0,embedding,0.3694686889648437,74,100,100
relevancy_random_2,relevancy,random,2,207786,2998723,original,1,encoder_block_1,0.0717597007751464,74,100,100
relevancy_random_2,relevancy,random,2,207786,2998723,original,2,encoder_block_2,0.1014332771301269,75,100,100
relevancy_random_2,relevancy,random,2,207786,2998723,original,3,encoder_block_3,0.098642349243164,73,100,100
relevancy_random_2,relevancy,random,2,207786,2998723,original,4,encoder_block_4,0.3614974021911621,50,100,100
relevancy_random_2,relevancy,random,2,207786,2998723,original,5,encoder_block_5,0.3733158111572265,40,100,100
relevancy_random_2,relevancy,random,2,207786,2998723,original,6,encoder_block_6,0.4203805923461914,34,100,100
relevancy_random_2,relevancy,random,2,207786,2998723,original,7,encoder_block_7,0.7421231269836426,22,100,100
relevancy_random_2,relevancy,random,2,207786,2998723,original,8,encoder_block_8,0.6411762237548828,27,100,100
relevancy_random_2,relevancy,random,2,207786,2998723,original,9,encoder_block_9,1.066925048828125,4,100,100
relevancy_random_2,relevancy,random,2,207786,2998723,original,10,encoder_block_10,1.058253288269043,2,100,100
relevancy_random_2,relevancy,random,2,207786,2998723,original,11,encoder_block_11,1.316877841949463,11,100,100
relevancy_random_2,relevancy,random,2,207786,2998723,original,12,encoder_block_12,-4.207484245300293,22,100,100
relevancy_random_2,relevancy,random,2,207786,2998723,padded_control,0,embedding,0.3694691658020019,74,100,100
relevancy_random_2,relevancy,random,2,207786,2998723,padded_control,1,encoder_block_1,0.0689587593078613,74,100,100
relevancy_random_2,relevancy,random,2,207786,2998723,padded_control,2,encoder_block_2,0.0968961715698242,75,100,100
relevancy_random_2,relevancy,random,2,207786,2998723,padded_control,3,encoder_block_3,0.0927414894104003,73,100,100
relevancy_random_2,relevancy,random,2,207786,2998723,padded_control,4,encoder_block_4,0.3592438697814941,50,100,100
relevancy_random_2,relevancy,random,2,207786,2998723,padded_control,5,encoder_block_5,0.368044376373291,40,100,100
relevancy_random_2,relevancy,random,2,207786,2998723,padded_control,6,encoder_block_6,0.4175095558166504,35,100,100
relevancy_random_2,relevancy,random,2,207786,2998723,padded_control,7,encoder_block_7,0.7394065856933594,22,100,100
relevancy_random_2,relevancy,random,2,207786,2998723,padded_control,8,encoder_block_8,0.6354789733886719,28,100,100
relevancy_random_2,relevancy,random,2,207786,2998723,padded_control,9,encoder_block_9,1.061540603637695,4,100,100
relevancy_random_2,relevancy,random,2,207786,2998723,padded_control,10,encoder_block_10,1.0524568557739258,2,100,100
relevancy_random_2,relevancy,random,2,207786,2998723,padded_control,11,encoder_block_11,1.336411476135254,11,100,100
relevancy_random_2,relevancy,random,2,207786,2998723,padded_control,12,encoder_block_12,-4.147391319274902,22,100,100
relevancy_random_2,relevancy,random,2,207786,2998723,attack,0,embedding,0.3799953460693359,74,100,100
relevancy_random_2,relevancy,random,2,207786,2998723,attack,1,encoder_block_1,0.1213583946228027,66,100,100
relevancy_random_2,relevancy,random,2,207786,2998723,attack,2,encoder_block_2,0.1754708290100097,67,100,100
relevancy_random_2,relevancy,random,2,207786,2998723,attack,3,encoder_block_3,0.2590141296386719,54,100,100
relevancy_random_2,relevancy,random,2,207786,2998723,attack,4,encoder_block_4,0.50732421875,35,100,100
relevancy_random_2,relevancy,random,2,207786,2998723,attack,5,encoder_block_5,0.4571189880371094,34,100,100
relevancy_random_2,relevancy,random,2,207786,2998723,attack,6,encoder_block_6,0.5066328048706055,29,100,100
relevancy_random_2,relevancy,random,2,207786,2998723,attack,7,encoder_block_7,0.8142194747924805,18,100,100
relevancy_random_2,relevancy,random,2,207786,2998723,attack,8,encoder_block_8,0.717195987701416,24,100,100
relevancy_random_2,relevancy,random,2,207786,2998723,attack,9,encoder_block_9,1.1360290050506592,3,100,100
relevancy_random_2,relevancy,random,2,207786,2998723,attack,10,encoder_block_10,1.1031289100646973,2,100,100
relevancy_random_2,relevancy,random,2,207786,2998723,attack,11,encoder_block_11,1.3531672954559326,11,100,100
relevancy_random_2,relevancy,random,2,207786,2998723,attack,12,encoder_block_12,-3.9122121334075928,22,100,100
relevancy_random_2,relevancy,random,2,264014,96854,original,0,embedding,0.4960722923278808,56,100,100
relevancy_random_2,relevancy,random,2,264014,96854,original,1,encoder_block_1,0.5599386692047119,48,100,100
relevancy_random_2,relevancy,random,2,264014,96854,original,2,encoder_block_2,0.6240677833557129,38,100,100
relevancy_random_2,relevancy,random,2,264014,96854,original,3,encoder_block_3,0.7548351287841797,25,100,100
relevancy_random_2,relevancy,random,2,264014,96854,original,4,encoder_block_4,1.0591216087341309,8,100,100
relevancy_random_2,relevancy,random,2,264014,96854,original,5,encoder_block_5,0.8237481117248535,15,100,100
relevancy_random_2,relevancy,random,2,264014,96854,original,6,encoder_block_6,0.6433764696121216,21,100,100
relevancy_random_2,relevancy,random,2,264014,96854,original,7,encoder_block_7,0.4834312200546264,42,100,100
relevancy_random_2,relevancy,random,2,264014,96854,original,8,encoder_block_8,0.5262037515640259,44,100,100
relevancy_random_2,relevancy,random,2,264014,96854,original,9,encoder_block_9,0.5817686319351196,42,100,100
relevancy_random_2,relevancy,random,2,264014,96854,original,10,encoder_block_10,0.2077465057373047,52,100,100
relevancy_random_2,relevancy,random,2,264014,96854,original,11,encoder_block_11,0.411893367767334,51,100,100
relevancy_random_2,relevancy,random,2,264014,96854,original,12,encoder_block_12,-0.4071947336196899,49,100,100
relevancy_random_2,relevancy,random,2,264014,96854,padded_control,0,embedding,0.496072769165039,56,100,100
relevancy_random_2,relevancy,random,2,264014,96854,padded_control,1,encoder_block_1,0.5716395378112793,46,100,100
relevancy_random_2,relevancy,random,2,264014,96854,padded_control,2,encoder_block_2,0.6338720321655273,37,100,100
relevancy_random_2,relevancy,random,2,264014,96854,padded_control,3,encoder_block_3,0.7515468597412109,25,100,100
relevancy_random_2,relevancy,random,2,264014,96854,padded_control,4,encoder_block_4,1.0391058921813965,10,100,100
relevancy_random_2,relevancy,random,2,264014,96854,padded_control,5,encoder_block_5,0.840613842010498,15,100,100
relevancy_random_2,relevancy,random,2,264014,96854,padded_control,6,encoder_block_6,0.6641170978546143,20,100,100
relevancy_random_2,relevancy,random,2,264014,96854,padded_control,7,encoder_block_7,0.5064060688018799,41,100,100
relevancy_random_2,relevancy,random,2,264014,96854,padded_control,8,encoder_block_8,0.5254448652267456,44,100,100
relevancy_random_2,relevancy,random,2,264014,96854,padded_control,9,encoder_block_9,0.5817091464996338,42,100,100
relevancy_random_2,relevancy,random,2,264014,96854,padded_control,10,encoder_block_10,0.229851484298706,52,100,100
relevancy_random_2,relevancy,random,2,264014,96854,padded_control,11,encoder_block_11,0.4634103775024414,51,100,100
relevancy_random_2,relevancy,random,2,264014,96854,padded_control,12,encoder_block_12,-0.2640098333358764,49,100,100
relevancy_random_2,relevancy,random,2,264014,96854,attack,0,embedding,0.5282111167907715,51,100,100
relevancy_random_2,relevancy,random,2,264014,96854,attack,1,encoder_block_1,0.7149395942687988,27,100,100
relevancy_random_2,relevancy,random,2,264014,96854,attack,2,encoder_block_2,0.7747156620025635,23,100,100
relevancy_random_2,relevancy,random,2,264014,96854,attack,3,encoder_block_3,0.7909989356994629,20,100,100
relevancy_random_2,relevancy,random,2,264014,96854,attack,4,encoder_block_4,1.1316181421279907,7,100,100
relevancy_random_2,relevancy,random,2,264014,96854,attack,5,encoder_block_5,0.8939065933227539,10,100,100
relevancy_random_2,relevancy,random,2,264014,96854,attack,6,encoder_block_6,0.73028564453125,16,100,100
relevancy_random_2,relevancy,random,2,264014,96854,attack,7,encoder_block_7,0.6301015615463257,32,100,100
relevancy_random_2,relevancy,random,2,264014,96854,attack,8,encoder_block_8,0.635453462600708,37,100,100
relevancy_random_2,relevancy,random,2,264014,96854,attack,9,encoder_block_9,0.6551512479782104,38,100,100
relevancy_random_2,relevancy,random,2,264014,96854,attack,10,encoder_block_10,0.2368273735046386,52,100,100
relevancy_random_2,relevancy,random,2,264014,96854,attack,11,encoder_block_11,0.3273725509643554,51,100,100
relevancy_random_2,relevancy,random,2,264014,96854,attack,12,encoder_block_12,-1.2445731163024902,50,100,100
relevancy_random_2,relevancy,random,2,359349,68647,original,0,embedding,0.9057087898254396,50,100,100
relevancy_random_2,relevancy,random,2,359349,68647,original,1,encoder_block_1,1.212301254272461,26,100,100
relevancy_random_2,relevancy,random,2,359349,68647,original,2,encoder_block_2,1.292618751525879,16,100,100
relevancy_random_2,relevancy,random,2,359349,68647,original,3,encoder_block_3,1.3699212074279783,6,100,100
relevancy_random_2,relevancy,random,2,359349,68647,original,4,encoder_block_4,1.5148863792419434,5,100,100
relevancy_random_2,relevancy,random,2,359349,68647,original,5,encoder_block_5,1.420095443725586,11,100,100
relevancy_random_2,relevancy,random,2,359349,68647,original,6,encoder_block_6,1.35286283493042,9,100,100
relevancy_random_2,relevancy,random,2,359349,68647,original,7,encoder_block_7,1.3684884309768677,7,100,100
relevancy_random_2,relevancy,random,2,359349,68647,original,8,encoder_block_8,1.3052773475646973,3,100,100
relevancy_random_2,relevancy,random,2,359349,68647,original,9,encoder_block_9,1.481522560119629,3,100,100
relevancy_random_2,relevancy,random,2,359349,68647,original,10,encoder_block_10,1.5901272296905518,4,100,100
relevancy_random_2,relevancy,random,2,359349,68647,original,11,encoder_block_11,2.9360296726226807,4,100,100
relevancy_random_2,relevancy,random,2,359349,68647,original,12,encoder_block_12,4.283396720886231,10,100,100
relevancy_random_2,relevancy,random,2,359349,68647,padded_control,0,embedding,0.9057090282440186,50,100,100
relevancy_random_2,relevancy,random,2,359349,68647,padded_control,1,encoder_block_1,1.209969997406006,26,100,100
relevancy_random_2,relevancy,random,2,359349,68647,padded_control,2,encoder_block_2,1.286581039428711,16,100,100
relevancy_random_2,relevancy,random,2,359349,68647,padded_control,3,encoder_block_3,1.3677282333374023,6,100,100
relevancy_random_2,relevancy,random,2,359349,68647,padded_control,4,encoder_block_4,1.5072054862976074,5,100,100
relevancy_random_2,relevancy,random,2,359349,68647,padded_control,5,encoder_block_5,1.4083082675933838,11,100,100
relevancy_random_2,relevancy,random,2,359349,68647,padded_control,6,encoder_block_6,1.34408700466156,10,100,100
relevancy_random_2,relevancy,random,2,359349,68647,padded_control,7,encoder_block_7,1.3615195751190186,7,100,100
relevancy_random_2,relevancy,random,2,359349,68647,padded_control,8,encoder_block_8,1.2904622554779053,4,100,100
relevancy_random_2,relevancy,random,2,359349,68647,padded_control,9,encoder_block_9,1.4790302515029907,3,100,100
relevancy_random_2,relevancy,random,2,359349,68647,padded_control,10,encoder_block_10,1.575972080230713,4,100,100
relevancy_random_2,relevancy,random,2,359349,68647,padded_control,11,encoder_block_11,2.908153772354126,4,100,100
relevancy_random_2,relevancy,random,2,359349,68647,padded_control,12,encoder_block_12,4.253665924072266,10,100,100
relevancy_random_2,relevancy,random,2,359349,68647,attack,0,embedding,0.8752408027648926,54,100,100
relevancy_random_2,relevancy,random,2,359349,68647,attack,1,encoder_block_1,1.1821041107177734,28,100,100
relevancy_random_2,relevancy,random,2,359349,68647,attack,2,encoder_block_2,1.2787556648254397,16,100,100
relevancy_random_2,relevancy,random,2,359349,68647,attack,3,encoder_block_3,1.3581361770629885,6,100,100
relevancy_random_2,relevancy,random,2,359349,68647,attack,4,encoder_block_4,1.5148026943206787,5,100,100
relevancy_random_2,relevancy,random,2,359349,68647,attack,5,encoder_block_5,1.4094586372375488,11,100,100
relevancy_random_2,relevancy,random,2,359349,68647,attack,6,encoder_block_6,1.3764753341674805,8,100,100
relevancy_random_2,relevancy,random,2,359349,68647,attack,7,encoder_block_7,1.4027817249298096,4,100,100
relevancy_random_2,relevancy,random,2,359349,68647,attack,8,encoder_block_8,1.3575724363327026,3,100,100
relevancy_random_2,relevancy,random,2,359349,68647,attack,9,encoder_block_9,1.5442311763763428,1,100,100
relevancy_random_2,relevancy,random,2,359349,68647,attack,10,encoder_block_10,1.6495563983917236,4,100,100
relevancy_random_2,relevancy,random,2,359349,68647,attack,11,encoder_block_11,2.9586567878723145,4,100,100
relevancy_random_2,relevancy,random,2,359349,68647,attack,12,encoder_block_12,4.285272598266602,10,100,100
relevancy_random_2,relevancy,random,2,405717,2365660,original,0,embedding,0.9208202362060548,7,100,100
relevancy_random_2,relevancy,random,2,405717,2365660,original,1,encoder_block_1,0.866145133972168,6,100,100
relevancy_random_2,relevancy,random,2,405717,2365660,original,2,encoder_block_2,0.8222236633300781,14,100,100
relevancy_random_2,relevancy,random,2,405717,2365660,original,3,encoder_block_3,0.6500978469848633,26,100,100
relevancy_random_2,relevancy,random,2,405717,2365660,original,4,encoder_block_4,0.9415326118469238,15,100,100
relevancy_random_2,relevancy,random,2,405717,2365660,original,5,encoder_block_5,1.0206832885742188,9,100,100
relevancy_random_2,relevancy,random,2,405717,2365660,original,6,encoder_block_6,1.075819969177246,6,100,100
relevancy_random_2,relevancy,random,2,405717,2365660,original,7,encoder_block_7,1.0861716270446775,6,100,100
relevancy_random_2,relevancy,random,2,405717,2365660,original,8,encoder_block_8,1.0177483558654783,8,100,100
relevancy_random_2,relevancy,random,2,405717,2365660,original,9,encoder_block_9,1.3243112564086914,6,100,100
relevancy_random_2,relevancy,random,2,405717,2365660,original,10,encoder_block_10,1.381485939025879,5,100,100
relevancy_random_2,relevancy,random,2,405717,2365660,original,11,encoder_block_11,1.6170711517333984,47,100,100
relevancy_random_2,relevancy,random,2,405717,2365660,original,12,encoder_block_12,-0.937993049621582,68,100,100
relevancy_random_2,relevancy,random,2,405717,2365660,padded_control,0,embedding,0.9208207130432128,7,100,100
relevancy_random_2,relevancy,random,2,405717,2365660,padded_control,1,encoder_block_1,0.8679194450378418,6,100,100
relevancy_random_2,relevancy,random,2,405717,2365660,padded_control,2,encoder_block_2,0.8213095664978027,14,100,100
relevancy_random_2,relevancy,random,2,405717,2365660,padded_control,3,encoder_block_3,0.6481127738952637,26,100,100
relevancy_random_2,relevancy,random,2,405717,2365660,padded_control,4,encoder_block_4,0.9395403861999512,15,100,100
relevancy_random_2,relevancy,random,2,405717,2365660,padded_control,5,encoder_block_5,1.019118309020996,9,100,100
relevancy_random_2,relevancy,random,2,405717,2365660,padded_control,6,encoder_block_6,1.077979564666748,6,100,100
relevancy_random_2,relevancy,random,2,405717,2365660,padded_control,7,encoder_block_7,1.0920391082763672,6,100,100
relevancy_random_2,relevancy,random,2,405717,2365660,padded_control,8,encoder_block_8,1.0185508728027344,8,100,100
relevancy_random_2,relevancy,random,2,405717,2365660,padded_control,9,encoder_block_9,1.334643840789795,6,100,100
relevancy_random_2,relevancy,random,2,405717,2365660,padded_control,10,encoder_block_10,1.3937921524047852,5,100,100
relevancy_random_2,relevancy,random,2,405717,2365660,padded_control,11,encoder_block_11,1.6268279552459717,46,100,100
relevancy_random_2,relevancy,random,2,405717,2365660,padded_control,12,encoder_block_12,-1.1792669296264648,70,100,100
relevancy_random_2,relevancy,random,2,405717,2365660,attack,0,embedding,0.9164652824401855,8,100,100
relevancy_random_2,relevancy,random,2,405717,2365660,attack,1,encoder_block_1,0.9681186676025392,4,100,100
relevancy_random_2,relevancy,random,2,405717,2365660,attack,2,encoder_block_2,0.8707971572875977,12,100,100
relevancy_random_2,relevancy,random,2,405717,2365660,attack,3,encoder_block_3,0.7235774993896484,21,100,100
relevancy_random_2,relevancy,random,2,405717,2365660,attack,4,encoder_block_4,0.9960660934448242,11,100,100
relevancy_random_2,relevancy,random,2,405717,2365660,attack,5,encoder_block_5,1.081672191619873,6,100,100
relevancy_random_2,relevancy,random,2,405717,2365660,attack,6,encoder_block_6,1.1411190032958984,4,100,100
relevancy_random_2,relevancy,random,2,405717,2365660,attack,7,encoder_block_7,1.1338005065917969,6,100,100
relevancy_random_2,relevancy,random,2,405717,2365660,attack,8,encoder_block_8,1.057182788848877,8,100,100
relevancy_random_2,relevancy,random,2,405717,2365660,attack,9,encoder_block_9,1.4264249801635742,4,100,100
relevancy_random_2,relevancy,random,2,405717,2365660,attack,10,encoder_block_10,1.477931022644043,2,100,100
relevancy_random_2,relevancy,random,2,405717,2365660,attack,11,encoder_block_11,1.7415966987609863,43,100,100
relevancy_random_2,relevancy,random,2,405717,2365660,attack,12,encoder_block_12,-0.6353416442871094,66,100,100
relevancy_random_2,relevancy,random,2,443396,456708,original,0,embedding,0.7042102813720703,36,100,100
relevancy_random_2,relevancy,random,2,443396,456708,original,1,encoder_block_1,0.6267457008361816,38,100,100
relevancy_random_2,relevancy,random,2,443396,456708,original,2,encoder_block_2,0.7885532379150391,39,100,100
relevancy_random_2,relevancy,random,2,443396,456708,original,3,encoder_block_3,0.6316730976104736,40,100,100
relevancy_random_2,relevancy,random,2,443396,456708,original,4,encoder_block_4,0.686356782913208,35,100,100
relevancy_random_2,relevancy,random,2,443396,456708,original,5,encoder_block_5,0.811579704284668,29,100,100
relevancy_random_2,relevancy,random,2,443396,456708,original,6,encoder_block_6,0.718111515045166,30,100,100
relevancy_random_2,relevancy,random,2,443396,456708,original,7,encoder_block_7,0.8035445213317871,25,100,100
relevancy_random_2,relevancy,random,2,443396,456708,original,8,encoder_block_8,0.6526546478271484,37,100,100
relevancy_random_2,relevancy,random,2,443396,456708,original,9,encoder_block_9,0.8443279266357422,31,100,100
relevancy_random_2,relevancy,random,2,443396,456708,original,10,encoder_block_10,0.6096851825714111,24,100,100
relevancy_random_2,relevancy,random,2,443396,456708,original,11,encoder_block_11,0.889589786529541,27,100,100
relevancy_random_2,relevancy,random,2,443396,456708,original,12,encoder_block_12,-0.3833200335502624,20,100,100
relevancy_random_2,relevancy,random,2,443396,456708,padded_control,0,embedding,0.7042102813720703,36,100,100
relevancy_random_2,relevancy,random,2,443396,456708,padded_control,1,encoder_block_1,0.6282262802124023,38,100,100
relevancy_random_2,relevancy,random,2,443396,456708,padded_control,2,encoder_block_2,0.7876777648925781,39,100,100
relevancy_random_2,relevancy,random,2,443396,456708,padded_control,3,encoder_block_3,0.632601261138916,40,100,100
relevancy_random_2,relevancy,random,2,443396,456708,padded_control,4,encoder_block_4,0.6872744560241699,35,100,100
relevancy_random_2,relevancy,random,2,443396,456708,padded_control,5,encoder_block_5,0.8064961433410645,29,100,100
relevancy_random_2,relevancy,random,2,443396,456708,padded_control,6,encoder_block_6,0.7177948951721191,30,100,100
relevancy_random_2,relevancy,random,2,443396,456708,padded_control,7,encoder_block_7,0.8033814430236816,25,100,100
relevancy_random_2,relevancy,random,2,443396,456708,padded_control,8,encoder_block_8,0.6582090854644775,37,100,100
relevancy_random_2,relevancy,random,2,443396,456708,padded_control,9,encoder_block_9,0.8458459377288818,31,100,100
relevancy_random_2,relevancy,random,2,443396,456708,padded_control,10,encoder_block_10,0.5987489223480225,26,100,100
relevancy_random_2,relevancy,random,2,443396,456708,padded_control,11,encoder_block_11,0.8940423727035522,27,100,100
relevancy_random_2,relevancy,random,2,443396,456708,padded_control,12,encoder_block_12,-0.3249554634094238,20,100,100
relevancy_random_2,relevancy,random,2,443396,456708,attack,0,embedding,0.7191455364227295,36,100,100
relevancy_random_2,relevancy,random,2,443396,456708,attack,1,encoder_block_1,0.7188427448272705,30,100,100
relevancy_random_2,relevancy,random,2,443396,456708,attack,2,encoder_block_2,0.8712959289550781,32,100,100
relevancy_random_2,relevancy,random,2,443396,456708,attack,3,encoder_block_3,0.7298104763031006,34,100,100
relevancy_random_2,relevancy,random,2,443396,456708,attack,4,encoder_block_4,0.8162274360656738,30,100,100
relevancy_random_2,relevancy,random,2,443396,456708,attack,5,encoder_block_5,0.9262614250183104,20,100,100
relevancy_random_2,relevancy,random,2,443396,456708,attack,6,encoder_block_6,0.8548619747161865,20,100,100
relevancy_random_2,relevancy,random,2,443396,456708,attack,7,encoder_block_7,0.9263169765472412,18,100,100
relevancy_random_2,relevancy,random,2,443396,456708,attack,8,encoder_block_8,0.7818284034729004,31,100,100
relevancy_random_2,relevancy,random,2,443396,456708,attack,9,encoder_block_9,0.9976322650909424,21,100,100
relevancy_random_2,relevancy,random,2,443396,456708,attack,10,encoder_block_10,0.7569235563278198,19,100,100
relevancy_random_2,relevancy,random,2,443396,456708,attack,11,encoder_block_11,0.8979793787002563,27,100,100
relevancy_random_2,relevancy,random,2,443396,456708,attack,12,encoder_block_12,-0.3910398483276367,20,100,100
relevancy_random_2,relevancy,random,2,451602,2176453,original,0,embedding,0.3933138847351074,17,100,100
relevancy_random_2,relevancy,random,2,451602,2176453,original,1,encoder_block_1,0.1682777404785156,22,100,100
relevancy_random_2,relevancy,random,2,451602,2176453,original,2,encoder_block_2,0.2290468215942382,24,100,100
relevancy_random_2,relevancy,random,2,451602,2176453,original,3,encoder_block_3,0.1776103973388672,28,100,100
relevancy_random_2,relevancy,random,2,451602,2176453,original,4,encoder_block_4,0.0505352020263671,48,100,100
relevancy_random_2,relevancy,random,2,451602,2176453,original,5,encoder_block_5,0.0806472301483154,41,100,100
relevancy_random_2,relevancy,random,2,451602,2176453,original,6,encoder_block_6,0.1344029903411865,39,100,100
relevancy_random_2,relevancy,random,2,451602,2176453,original,7,encoder_block_7,-0.0522964000701904,46,100,100
relevancy_random_2,relevancy,random,2,451602,2176453,original,8,encoder_block_8,0.0380053520202636,52,100,100
relevancy_random_2,relevancy,random,2,451602,2176453,original,9,encoder_block_9,0.1594388484954834,57,100,100
relevancy_random_2,relevancy,random,2,451602,2176453,original,10,encoder_block_10,0.015010118484497,64,100,100
relevancy_random_2,relevancy,random,2,451602,2176453,original,11,encoder_block_11,0.7900853157043457,34,100,100
relevancy_random_2,relevancy,random,2,451602,2176453,original,12,encoder_block_12,0.6750409603118896,18,100,100
relevancy_random_2,relevancy,random,2,451602,2176453,padded_control,0,embedding,0.3933141231536865,17,100,100
relevancy_random_2,relevancy,random,2,451602,2176453,padded_control,1,encoder_block_1,0.1804718971252441,19,100,100
relevancy_random_2,relevancy,random,2,451602,2176453,padded_control,2,encoder_block_2,0.2382807731628418,24,100,100
relevancy_random_2,relevancy,random,2,451602,2176453,padded_control,3,encoder_block_3,0.167116641998291,28,100,100
relevancy_random_2,relevancy,random,2,451602,2176453,padded_control,4,encoder_block_4,0.0275108814239501,48,100,100
relevancy_random_2,relevancy,random,2,451602,2176453,padded_control,5,encoder_block_5,0.0503088235855102,41,100,100
relevancy_random_2,relevancy,random,2,451602,2176453,padded_control,6,encoder_block_6,0.0976587533950805,41,100,100
relevancy_random_2,relevancy,random,2,451602,2176453,padded_control,7,encoder_block_7,-0.0681289434432983,50,100,100
relevancy_random_2,relevancy,random,2,451602,2176453,padded_control,8,encoder_block_8,0.0200886726379394,53,100,100
relevancy_random_2,relevancy,random,2,451602,2176453,padded_control,9,encoder_block_9,0.1488070487976074,57,100,100
relevancy_random_2,relevancy,random,2,451602,2176453,padded_control,10,encoder_block_10,0.0032708644866943,65,100,100
relevancy_random_2,relevancy,random,2,451602,2176453,padded_control,11,encoder_block_11,0.7859823703765869,34,100,100
relevancy_random_2,relevancy,random,2,451602,2176453,padded_control,12,encoder_block_12,0.7258104085922241,18,100,100
relevancy_random_2,relevancy,random,2,451602,2176453,attack,0,embedding,0.4713892936706543,14,100,100
relevancy_random_2,relevancy,random,2,451602,2176453,attack,1,encoder_block_1,0.3157901763916015,13,100,100
relevancy_random_2,relevancy,random,2,451602,2176453,attack,2,encoder_block_2,0.3175487518310547,20,100,100
relevancy_random_2,relevancy,random,2,451602,2176453,attack,3,encoder_block_3,0.2229838371276855,21,100,100
relevancy_random_2,relevancy,random,2,451602,2176453,attack,4,encoder_block_4,0.118461012840271,42,100,100
relevancy_random_2,relevancy,random,2,451602,2176453,attack,5,encoder_block_5,0.1632894277572631,35,100,100
relevancy_random_2,relevancy,random,2,451602,2176453,attack,6,encoder_block_6,0.2054970264434814,34,100,100
relevancy_random_2,relevancy,random,2,451602,2176453,attack,7,encoder_block_7,0.0691361427307128,40,100,100
relevancy_random_2,relevancy,random,2,451602,2176453,attack,8,encoder_block_8,0.1295444965362548,47,100,100
relevancy_random_2,relevancy,random,2,451602,2176453,attack,9,encoder_block_9,0.1794153451919555,57,100,100
relevancy_random_2,relevancy,random,2,451602,2176453,attack,10,encoder_block_10,0.0321016311645507,64,100,100
relevancy_random_2,relevancy,random,2,451602,2176453,attack,11,encoder_block_11,0.9004738330841064,29,100,100
relevancy_random_2,relevancy,random,2,451602,2176453,attack,12,encoder_block_12,1.0299179553985596,18,100,100
relevancy_random_2,relevancy,random,2,47923,5032362,original,0,embedding,0.5419049263000488,25,100,100
relevancy_random_2,relevancy,random,2,47923,5032362,original,1,encoder_block_1,0.2018756866455078,14,100,100
relevancy_random_2,relevancy,random,2,47923,5032362,original,2,encoder_block_2,0.2032818794250488,8,100,100
relevancy_random_2,relevancy,random,2,47923,5032362,original,3,encoder_block_3,0.1220095157623291,7,100,100
relevancy_random_2,relevancy,random,2,47923,5032362,original,4,encoder_block_4,0.1618798971176147,12,100,100
relevancy_random_2,relevancy,random,2,47923,5032362,original,5,encoder_block_5,0.1285055875778198,27,100,100
relevancy_random_2,relevancy,random,2,47923,5032362,original,6,encoder_block_6,-0.0201958417892456,40,100,100
relevancy_random_2,relevancy,random,2,47923,5032362,original,7,encoder_block_7,-0.1066389083862304,40,100,100
relevancy_random_2,relevancy,random,2,47923,5032362,original,8,encoder_block_8,0.0093111991882324,34,100,100
relevancy_random_2,relevancy,random,2,47923,5032362,original,9,encoder_block_9,0.3868119716644287,19,100,100
relevancy_random_2,relevancy,random,2,47923,5032362,original,10,encoder_block_10,0.47895348072052,29,100,100
relevancy_random_2,relevancy,random,2,47923,5032362,original,11,encoder_block_11,1.6945843696594238,22,100,100
relevancy_random_2,relevancy,random,2,47923,5032362,original,12,encoder_block_12,2.916050910949707,23,100,100
relevancy_random_2,relevancy,random,2,47923,5032362,padded_control,0,embedding,0.5419049263000488,25,100,100
relevancy_random_2,relevancy,random,2,47923,5032362,padded_control,1,encoder_block_1,0.2152655124664306,13,100,100
relevancy_random_2,relevancy,random,2,47923,5032362,padded_control,2,encoder_block_2,0.2093796730041504,7,100,100
relevancy_random_2,relevancy,random,2,47923,5032362,padded_control,3,encoder_block_3,0.1293349266052246,7,100,100
relevancy_random_2,relevancy,random,2,47923,5032362,padded_control,4,encoder_block_4,0.1588139533996582,12,100,100
relevancy_random_2,relevancy,random,2,47923,5032362,padded_control,5,encoder_block_5,0.1328132152557373,27,100,100
relevancy_random_2,relevancy,random,2,47923,5032362,padded_control,6,encoder_block_6,-0.0134204626083374,37,100,100
relevancy_random_2,relevancy,random,2,47923,5032362,padded_control,7,encoder_block_7,-0.0974109172821044,39,100,100
relevancy_random_2,relevancy,random,2,47923,5032362,padded_control,8,encoder_block_8,0.008692979812622,34,100,100
relevancy_random_2,relevancy,random,2,47923,5032362,padded_control,9,encoder_block_9,0.3904972076416015,18,100,100
relevancy_random_2,relevancy,random,2,47923,5032362,padded_control,10,encoder_block_10,0.4964271783828735,28,100,100
relevancy_random_2,relevancy,random,2,47923,5032362,padded_control,11,encoder_block_11,1.6729776859283447,23,100,100
relevancy_random_2,relevancy,random,2,47923,5032362,padded_control,12,encoder_block_12,2.867492914199829,23,100,100
relevancy_random_2,relevancy,random,2,47923,5032362,attack,0,embedding,0.5174932479858398,31,100,100
relevancy_random_2,relevancy,random,2,47923,5032362,attack,1,encoder_block_1,0.2742280960083008,12,100,100
relevancy_random_2,relevancy,random,2,47923,5032362,attack,2,encoder_block_2,0.2956886291503906,7,100,100
relevancy_random_2,relevancy,random,2,47923,5032362,attack,3,encoder_block_3,0.2203083038330078,6,100,100
relevancy_random_2,relevancy,random,2,47923,5032362,attack,4,encoder_block_4,0.3187105655670166,4,100,100
relevancy_random_2,relevancy,random,2,47923,5032362,attack,5,encoder_block_5,0.3109365701675415,8,100,100
relevancy_random_2,relevancy,random,2,47923,5032362,attack,6,encoder_block_6,0.1778795719146728,13,100,100
relevancy_random_2,relevancy,random,2,47923,5032362,attack,7,encoder_block_7,0.0578582286834716,22,100,100
relevancy_random_2,relevancy,random,2,47923,5032362,attack,8,encoder_block_8,0.2257872819900512,14,100,100
relevancy_random_2,relevancy,random,2,47923,5032362,attack,9,encoder_block_9,0.6027626991271973,6,100,100
relevancy_random_2,relevancy,random,2,47923,5032362,attack,10,encoder_block_10,0.6861169338226318,11,100,100
relevancy_random_2,relevancy,random,2,47923,5032362,attack,11,encoder_block_11,1.7799997329711914,18,100,100
relevancy_random_2,relevancy,random,2,47923,5032362,attack,12,encoder_block_12,2.840477228164673,23,100,100
relevancy_random_2,relevancy,random,2,489204,1479542,original,0,embedding,0.9842653274536132,11,100,100
relevancy_random_2,relevancy,random,2,489204,1479542,original,1,encoder_block_1,0.5856249332427979,8,100,100
relevancy_random_2,relevancy,random,2,489204,1479542,original,2,encoder_block_2,0.6975641250610352,6,100,100
relevancy_random_2,relevancy,random,2,489204,1479542,original,3,encoder_block_3,0.7435932159423828,5,100,100
relevancy_random_2,relevancy,random,2,489204,1479542,original,4,encoder_block_4,0.7964556217193604,10,100,100
relevancy_random_2,relevancy,random,2,489204,1479542,original,5,encoder_block_5,0.8611578941345215,10,100,100
relevancy_random_2,relevancy,random,2,489204,1479542,original,6,encoder_block_6,0.7161498069763184,14,100,100
relevancy_random_2,relevancy,random,2,489204,1479542,original,7,encoder_block_7,0.5867900848388672,18,100,100
relevancy_random_2,relevancy,random,2,489204,1479542,original,8,encoder_block_8,0.5838112831115723,9,100,100
relevancy_random_2,relevancy,random,2,489204,1479542,original,9,encoder_block_9,0.6858546733856201,9,100,100
relevancy_random_2,relevancy,random,2,489204,1479542,original,10,encoder_block_10,0.3786165714263916,10,100,100
relevancy_random_2,relevancy,random,2,489204,1479542,original,11,encoder_block_11,0.8341217041015625,25,100,100
relevancy_random_2,relevancy,random,2,489204,1479542,original,12,encoder_block_12,-0.6475513577461243,43,100,100
relevancy_random_2,relevancy,random,2,489204,1479542,padded_control,0,embedding,0.9842655658721924,11,100,100
relevancy_random_2,relevancy,random,2,489204,1479542,padded_control,1,encoder_block_1,0.578685998916626,9,100,100
relevancy_random_2,relevancy,random,2,489204,1479542,padded_control,2,encoder_block_2,0.6818981170654297,8,100,100
relevancy_random_2,relevancy,random,2,489204,1479542,padded_control,3,encoder_block_3,0.7323875427246094,6,100,100
relevancy_random_2,relevancy,random,2,489204,1479542,padded_control,4,encoder_block_4,0.7963595390319824,10,100,100
relevancy_random_2,relevancy,random,2,489204,1479542,padded_control,5,encoder_block_5,0.860471248626709,10,100,100
relevancy_random_2,relevancy,random,2,489204,1479542,padded_control,6,encoder_block_6,0.7204508781433105,12,100,100
relevancy_random_2,relevancy,random,2,489204,1479542,padded_control,7,encoder_block_7,0.5986075401306152,17,100,100
relevancy_random_2,relevancy,random,2,489204,1479542,padded_control,8,encoder_block_8,0.5860180854797363,9,100,100
relevancy_random_2,relevancy,random,2,489204,1479542,padded_control,9,encoder_block_9,0.7066249847412109,9,100,100
relevancy_random_2,relevancy,random,2,489204,1479542,padded_control,10,encoder_block_10,0.4025578498840332,10,100,100
relevancy_random_2,relevancy,random,2,489204,1479542,padded_control,11,encoder_block_11,0.850416898727417,24,100,100
relevancy_random_2,relevancy,random,2,489204,1479542,padded_control,12,encoder_block_12,-0.5567526817321777,41,100,100
relevancy_random_2,relevancy,random,2,489204,1479542,attack,0,embedding,0.9582209587097168,11,100,100
relevancy_random_2,relevancy,random,2,489204,1479542,attack,1,encoder_block_1,0.6161813735961914,8,100,100
relevancy_random_2,relevancy,random,2,489204,1479542,attack,2,encoder_block_2,0.714120626449585,6,100,100
relevancy_random_2,relevancy,random,2,489204,1479542,attack,3,encoder_block_3,0.7818348407745361,3,100,100
relevancy_random_2,relevancy,random,2,489204,1479542,attack,4,encoder_block_4,0.8660058975219727,7,100,100
relevancy_random_2,relevancy,random,2,489204,1479542,attack,5,encoder_block_5,0.948002815246582,5,100,100
relevancy_random_2,relevancy,random,2,489204,1479542,attack,6,encoder_block_6,0.8330907821655273,5,100,100
relevancy_random_2,relevancy,random,2,489204,1479542,attack,7,encoder_block_7,0.6710808277130127,11,100,100
relevancy_random_2,relevancy,random,2,489204,1479542,attack,8,encoder_block_8,0.6526870727539062,6,100,100
relevancy_random_2,relevancy,random,2,489204,1479542,attack,9,encoder_block_9,0.826012134552002,4,100,100
relevancy_random_2,relevancy,random,2,489204,1479542,attack,10,encoder_block_10,0.5850703716278076,4,100,100
relevancy_random_2,relevancy,random,2,489204,1479542,attack,11,encoder_block_11,0.9480013847351074,20,100,100
relevancy_random_2,relevancy,random,2,489204,1479542,attack,12,encoder_block_12,-0.4738125801086426,41,100,100
relevancy_random_2,relevancy,random,2,490595,1929910,original,0,embedding,0.0753979682922363,100,100,100
relevancy_random_2,relevancy,random,2,490595,1929910,original,1,encoder_block_1,0.4816889762878418,81,100,100
relevancy_random_2,relevancy,random,2,490595,1929910,original,2,encoder_block_2,0.4709804058074951,80,100,100
relevancy_random_2,relevancy,random,2,490595,1929910,original,3,encoder_block_3,0.4257154464721679,76,100,100
relevancy_random_2,relevancy,random,2,490595,1929910,original,4,encoder_block_4,0.5509023666381836,73,100,100
relevancy_random_2,relevancy,random,2,490595,1929910,original,5,encoder_block_5,0.6441328525543213,81,100,100
relevancy_random_2,relevancy,random,2,490595,1929910,original,6,encoder_block_6,0.6735286712646484,74,100,100
relevancy_random_2,relevancy,random,2,490595,1929910,original,7,encoder_block_7,0.878772497177124,63,100,100
relevancy_random_2,relevancy,random,2,490595,1929910,original,8,encoder_block_8,0.9514656066894532,59,100,100
relevancy_random_2,relevancy,random,2,490595,1929910,original,9,encoder_block_9,1.1009910106658936,53,100,100
relevancy_random_2,relevancy,random,2,490595,1929910,original,10,encoder_block_10,1.442347288131714,9,100,100
relevancy_random_2,relevancy,random,2,490595,1929910,original,11,encoder_block_11,2.5169999599456787,2,100,100
relevancy_random_2,relevancy,random,2,490595,1929910,original,12,encoder_block_12,3.6747655868530273,7,100,100
relevancy_random_2,relevancy,random,2,490595,1929910,padded_control,0,embedding,0.0753984451293945,100,100,100
relevancy_random_2,relevancy,random,2,490595,1929910,padded_control,1,encoder_block_1,0.4786040782928467,81,100,100
relevancy_random_2,relevancy,random,2,490595,1929910,padded_control,2,encoder_block_2,0.4739015102386474,80,100,100
relevancy_random_2,relevancy,random,2,490595,1929910,padded_control,3,encoder_block_3,0.428419828414917,75,100,100
relevancy_random_2,relevancy,random,2,490595,1929910,padded_control,4,encoder_block_4,0.5474319458007812,73,100,100
relevancy_random_2,relevancy,random,2,490595,1929910,padded_control,5,encoder_block_5,0.6343545913696289,82,100,100
relevancy_random_2,relevancy,random,2,490595,1929910,padded_control,6,encoder_block_6,0.6644241809844971,74,100,100
relevancy_random_2,relevancy,random,2,490595,1929910,padded_control,7,encoder_block_7,0.8640258312225342,64,100,100
relevancy_random_2,relevancy,random,2,490595,1929910,padded_control,8,encoder_block_8,0.9397003650665284,60,100,100
relevancy_random_2,relevancy,random,2,490595,1929910,padded_control,9,encoder_block_9,1.090914011001587,53,100,100
relevancy_random_2,relevancy,random,2,490595,1929910,padded_control,10,encoder_block_10,1.4309613704681396,9,100,100
relevancy_random_2,relevancy,random,2,490595,1929910,padded_control,11,encoder_block_11,2.5107784271240234,2,100,100
relevancy_random_2,relevancy,random,2,490595,1929910,padded_control,12,encoder_block_12,3.659758090972901,7,100,100
relevancy_random_2,relevancy,random,2,490595,1929910,attack,0,embedding,0.0636043548583984,100,100,100
relevancy_random_2,relevancy,random,2,490595,1929910,attack,1,encoder_block_1,0.5272886753082275,77,100,100
relevancy_random_2,relevancy,random,2,490595,1929910,attack,2,encoder_block_2,0.5478246212005615,74,100,100
relevancy_random_2,relevancy,random,2,490595,1929910,attack,3,encoder_block_3,0.5675234794616699,63,100,100
relevancy_random_2,relevancy,random,2,490595,1929910,attack,4,encoder_block_4,0.698195219039917,63,100,100
relevancy_random_2,relevancy,random,2,490595,1929910,attack,5,encoder_block_5,0.7656021118164062,70,100,100
relevancy_random_2,relevancy,random,2,490595,1929910,attack,6,encoder_block_6,0.7855336666107178,62,100,100
relevancy_random_2,relevancy,random,2,490595,1929910,attack,7,encoder_block_7,0.9896368980407716,54,100,100
relevancy_random_2,relevancy,random,2,490595,1929910,attack,8,encoder_block_8,1.0721559524536133,49,100,100
relevancy_random_2,relevancy,random,2,490595,1929910,attack,9,encoder_block_9,1.2078115940093994,37,100,100
relevancy_random_2,relevancy,random,2,490595,1929910,attack,10,encoder_block_10,1.5339078903198242,5,100,100
relevancy_random_2,relevancy,random,2,490595,1929910,attack,11,encoder_block_11,2.53467321395874,2,100,100
relevancy_random_2,relevancy,random,2,490595,1929910,attack,12,encoder_block_12,3.606164932250977,9,100,100
relevancy_random_2,relevancy,random,2,527433,8617271,original,0,embedding,-0.2739782333374023,82,100,100
relevancy_random_2,relevancy,random,2,527433,8617271,original,1,encoder_block_1,-0.7677736282348633,88,100,100
relevancy_random_2,relevancy,random,2,527433,8617271,original,2,encoder_block_2,-0.749413013458252,91,100,100
relevancy_random_2,relevancy,random,2,527433,8617271,original,3,encoder_block_3,-0.4561138153076172,89,100,100
relevancy_random_2,relevancy,random,2,527433,8617271,original,4,encoder_block_4,-0.2903542518615722,70,100,100
relevancy_random_2,relevancy,random,2,527433,8617271,original,5,encoder_block_5,-0.3114089965820312,55,100,100
relevancy_random_2,relevancy,random,2,527433,8617271,original,6,encoder_block_6,-0.3677833080291748,54,100,100
relevancy_random_2,relevancy,random,2,527433,8617271,original,7,encoder_block_7,-0.1703708171844482,31,100,100
relevancy_random_2,relevancy,random,2,527433,8617271,original,8,encoder_block_8,-0.0141446590423583,14,100,100
relevancy_random_2,relevancy,random,2,527433,8617271,original,9,encoder_block_9,0.379223108291626,6,100,100
relevancy_random_2,relevancy,random,2,527433,8617271,original,10,encoder_block_10,1.1977243423461914,1,100,100
relevancy_random_2,relevancy,random,2,527433,8617271,original,11,encoder_block_11,3.5456981658935547,1,100,100
relevancy_random_2,relevancy,random,2,527433,8617271,original,12,encoder_block_12,6.805009841918945,1,100,100
relevancy_random_2,relevancy,random,2,527433,8617271,padded_control,0,embedding,-0.2739777565002441,82,100,100
relevancy_random_2,relevancy,random,2,527433,8617271,padded_control,1,encoder_block_1,-0.7689399719238281,88,100,100
relevancy_random_2,relevancy,random,2,527433,8617271,padded_control,2,encoder_block_2,-0.7640595436096191,92,100,100
relevancy_random_2,relevancy,random,2,527433,8617271,padded_control,3,encoder_block_3,-0.4735078811645508,90,100,100
relevancy_random_2,relevancy,random,2,527433,8617271,padded_control,4,encoder_block_4,-0.3071250915527344,71,100,100
relevancy_random_2,relevancy,random,2,527433,8617271,padded_control,5,encoder_block_5,-0.3295528888702392,58,100,100
relevancy_random_2,relevancy,random,2,527433,8617271,padded_control,6,encoder_block_6,-0.3858954906463623,56,100,100
relevancy_random_2,relevancy,random,2,527433,8617271,padded_control,7,encoder_block_7,-0.1813306808471679,33,100,100
relevancy_random_2,relevancy,random,2,527433,8617271,padded_control,8,encoder_block_8,-0.0260400772094726,14,100,100
relevancy_random_2,relevancy,random,2,527433,8617271,padded_control,9,encoder_block_9,0.3940126895904541,6,100,100
relevancy_random_2,relevancy,random,2,527433,8617271,padded_control,10,encoder_block_10,1.2015390396118164,1,100,100
relevancy_random_2,relevancy,random,2,527433,8617271,padded_control,11,encoder_block_11,3.5211644172668457,1,100,100
relevancy_random_2,relevancy,random,2,527433,8617271,padded_control,12,encoder_block_12,6.774374008178711,1,100,100
relevancy_random_2,relevancy,random,2,527433,8617271,attack,0,embedding,-0.2668585777282715,82,100,100
relevancy_random_2,relevancy,random,2,527433,8617271,attack,1,encoder_block_1,-0.641942024230957,79,100,100
relevancy_random_2,relevancy,random,2,527433,8617271,attack,2,encoder_block_2,-0.6469402313232422,86,100,100
relevancy_random_2,relevancy,random,2,527433,8617271,attack,3,encoder_block_3,-0.3549942970275879,79,100,100
relevancy_random_2,relevancy,random,2,527433,8617271,attack,4,encoder_block_4,-0.1277515888214111,52,100,100
relevancy_random_2,relevancy,random,2,527433,8617271,attack,5,encoder_block_5,-0.1648008823394775,35,100,100
relevancy_random_2,relevancy,random,2,527433,8617271,attack,6,encoder_block_6,-0.2083973884582519,26,100,100
relevancy_random_2,relevancy,random,2,527433,8617271,attack,7,encoder_block_7,-0.0296807289123535,21,100,100
relevancy_random_2,relevancy,random,2,527433,8617271,attack,8,encoder_block_8,0.1097664833068847,6,100,100
relevancy_random_2,relevancy,random,2,527433,8617271,attack,9,encoder_block_9,0.4722678661346435,5,100,100
relevancy_random_2,relevancy,random,2,527433,8617271,attack,10,encoder_block_10,1.2805657386779783,1,100,100
relevancy_random_2,relevancy,random,2,527433,8617271,attack,11,encoder_block_11,3.574563980102539,1,100,100
relevancy_random_2,relevancy,random,2,527433,8617271,attack,12,encoder_block_12,6.833932876586914,1,100,100
relevancy_random_2,relevancy,random,2,573724,2417985,original,0,embedding,0.1086330413818359,78,100,100
relevancy_random_2,relevancy,random,2,573724,2417985,original,1,encoder_block_1,0.5057401657104492,43,100,100
relevancy_random_2,relevancy,random,2,573724,2417985,original,2,encoder_block_2,0.8537561893463135,35,100,100
relevancy_random_2,relevancy,random,2,573724,2417985,original,3,encoder_block_3,0.9013867378234864,31,100,100
relevancy_random_2,relevancy,random,2,573724,2417985,original,4,encoder_block_4,0.7676498889923096,42,100,100
relevancy_random_2,relevancy,random,2,573724,2417985,original,5,encoder_block_5,0.5416269302368164,68,100,100
relevancy_random_2,relevancy,random,2,573724,2417985,original,6,encoder_block_6,0.5052633285522461,67,100,100
relevancy_random_2,relevancy,random,2,573724,2417985,original,7,encoder_block_7,0.3428630828857422,80,100,100
relevancy_random_2,relevancy,random,2,573724,2417985,original,8,encoder_block_8,0.4382421970367431,78,100,100
relevancy_random_2,relevancy,random,2,573724,2417985,original,9,encoder_block_9,0.6834254264831543,58,100,100
relevancy_random_2,relevancy,random,2,573724,2417985,original,10,encoder_block_10,0.3519823551177978,66,100,100
relevancy_random_2,relevancy,random,2,573724,2417985,original,11,encoder_block_11,1.10707426071167,57,100,100
relevancy_random_2,relevancy,random,2,573724,2417985,original,12,encoder_block_12,1.600117266178131,58,100,100
relevancy_random_2,relevancy,random,2,573724,2417985,padded_control,0,embedding,0.1086335182189941,78,100,100
relevancy_random_2,relevancy,random,2,573724,2417985,padded_control,1,encoder_block_1,0.4907417297363281,46,100,100
relevancy_random_2,relevancy,random,2,573724,2417985,padded_control,2,encoder_block_2,0.840259313583374,36,100,100
relevancy_random_2,relevancy,random,2,573724,2417985,padded_control,3,encoder_block_3,0.8869338035583496,32,100,100
relevancy_random_2,relevancy,random,2,573724,2417985,padded_control,4,encoder_block_4,0.7557101249694824,43,100,100
relevancy_random_2,relevancy,random,2,573724,2417985,padded_control,5,encoder_block_5,0.5130915641784668,70,100,100
relevancy_random_2,relevancy,random,2,573724,2417985,padded_control,6,encoder_block_6,0.478787899017334,68,100,100
relevancy_random_2,relevancy,random,2,573724,2417985,padded_control,7,encoder_block_7,0.3178269863128662,82,100,100
relevancy_random_2,relevancy,random,2,573724,2417985,padded_control,8,encoder_block_8,0.3987243175506592,80,100,100
relevancy_random_2,relevancy,random,2,573724,2417985,padded_control,9,encoder_block_9,0.6306653022766113,63,100,100
relevancy_random_2,relevancy,random,2,573724,2417985,padded_control,10,encoder_block_10,0.3417146205902099,66,100,100
relevancy_random_2,relevancy,random,2,573724,2417985,padded_control,11,encoder_block_11,1.1168057918548584,57,100,100
relevancy_random_2,relevancy,random,2,573724,2417985,padded_control,12,encoder_block_12,1.7801052331924438,58,100,100
relevancy_random_2,relevancy,random,2,573724,2417985,attack,0,embedding,0.1414699554443359,74,100,100
relevancy_random_2,relevancy,random,2,573724,2417985,attack,1,encoder_block_1,0.6805896759033203,24,100,100
relevancy_random_2,relevancy,random,2,573724,2417985,attack,2,encoder_block_2,1.0106325149536133,14,100,100
relevancy_random_2,relevancy,random,2,573724,2417985,attack,3,encoder_block_3,0.981147050857544,21,100,100
relevancy_random_2,relevancy,random,2,573724,2417985,attack,4,encoder_block_4,0.8432433605194092,31,100,100
relevancy_random_2,relevancy,random,2,573724,2417985,attack,5,encoder_block_5,0.5774834156036377,62,100,100
relevancy_random_2,relevancy,random,2,573724,2417985,attack,6,encoder_block_6,0.5706465244293213,57,100,100
relevancy_random_2,relevancy,random,2,573724,2417985,attack,7,encoder_block_7,0.4170229434967041,74,100,100
relevancy_random_2,relevancy,random,2,573724,2417985,attack,8,encoder_block_8,0.535858154296875,73,100,100
relevancy_random_2,relevancy,random,2,573724,2417985,attack,9,encoder_block_9,0.7885613441467285,51,100,100
relevancy_random_2,relevancy,random,2,573724,2417985,attack,10,encoder_block_10,0.409581184387207,64,100,100
relevancy_random_2,relevancy,random,2,573724,2417985,attack,11,encoder_block_11,1.1154353618621826,57,100,100
relevancy_random_2,relevancy,random,2,573724,2417985,attack,12,encoder_block_12,1.5970938205718994,58,100,100
relevancy_random_2,relevancy,random,2,833860,3437288,original,0,embedding,0.2832717895507812,36,100,100
relevancy_random_2,relevancy,random,2,833860,3437288,original,1,encoder_block_1,-0.031508445739746,71,100,100
relevancy_random_2,relevancy,random,2,833860,3437288,original,2,encoder_block_2,0.2634127140045166,64,100,100
relevancy_random_2,relevancy,random,2,833860,3437288,original,3,encoder_block_3,0.3253700733184814,52,100,100
relevancy_random_2,relevancy,random,2,833860,3437288,original,4,encoder_block_4,0.3164553642272949,50,100,100
relevancy_random_2,relevancy,random,2,833860,3437288,original,5,encoder_block_5,0.2507596015930176,49,100,100
relevancy_random_2,relevancy,random,2,833860,3437288,original,6,encoder_block_6,0.1544456481933593,47,100,100
relevancy_random_2,relevancy,random,2,833860,3437288,original,7,encoder_block_7,0.1992678642272949,46,100,100
relevancy_random_2,relevancy,random,2,833860,3437288,original,8,encoder_block_8,0.2588486671447754,49,100,100
relevancy_random_2,relevancy,random,2,833860,3437288,original,9,encoder_block_9,0.5385427474975586,22,100,100
relevancy_random_2,relevancy,random,2,833860,3437288,original,10,encoder_block_10,0.8934817314147949,14,100,100
relevancy_random_2,relevancy,random,2,833860,3437288,original,11,encoder_block_11,2.8506088256835938,9,100,100
relevancy_random_2,relevancy,random,2,833860,3437288,original,12,encoder_block_12,6.083935737609863,3,100,100
relevancy_random_2,relevancy,random,2,833860,3437288,padded_control,0,embedding,0.2832717895507812,36,100,100
relevancy_random_2,relevancy,random,2,833860,3437288,padded_control,1,encoder_block_1,-0.0280511379241943,71,100,100
relevancy_random_2,relevancy,random,2,833860,3437288,padded_control,2,encoder_block_2,0.272291898727417,63,100,100
relevancy_random_2,relevancy,random,2,833860,3437288,padded_control,3,encoder_block_3,0.3395276069641113,51,100,100
relevancy_random_2,relevancy,random,2,833860,3437288,padded_control,4,encoder_block_4,0.3276071548461914,50,100,100
relevancy_random_2,relevancy,random,2,833860,3437288,padded_control,5,encoder_block_5,0.2596087455749511,49,100,100
relevancy_random_2,relevancy,random,2,833860,3437288,padded_control,6,encoder_block_6,0.1602134704589843,46,100,100
relevancy_random_2,relevancy,random,2,833860,3437288,padded_control,7,encoder_block_7,0.2077150344848632,46,100,100
relevancy_random_2,relevancy,random,2,833860,3437288,padded_control,8,encoder_block_8,0.2657995223999023,49,100,100
relevancy_random_2,relevancy,random,2,833860,3437288,padded_control,9,encoder_block_9,0.5454895496368408,21,100,100
relevancy_random_2,relevancy,random,2,833860,3437288,padded_control,10,encoder_block_10,0.8995070457458496,14,100,100
relevancy_random_2,relevancy,random,2,833860,3437288,padded_control,11,encoder_block_11,2.828732967376709,10,100,100
relevancy_random_2,relevancy,random,2,833860,3437288,padded_control,12,encoder_block_12,6.012505531311035,3,100,100
relevancy_random_2,relevancy,random,2,833860,3437288,attack,0,embedding,0.3383216857910156,32,100,100
relevancy_random_2,relevancy,random,2,833860,3437288,attack,1,encoder_block_1,0.0933237075805664,57,100,100
relevancy_random_2,relevancy,random,2,833860,3437288,attack,2,encoder_block_2,0.3764195442199707,53,100,100
relevancy_random_2,relevancy,random,2,833860,3437288,attack,3,encoder_block_3,0.4405851364135742,41,100,100
relevancy_random_2,relevancy,random,2,833860,3437288,attack,4,encoder_block_4,0.4013271331787109,43,100,100
relevancy_random_2,relevancy,random,2,833860,3437288,attack,5,encoder_block_5,0.3314921855926513,40,100,100
relevancy_random_2,relevancy,random,2,833860,3437288,attack,6,encoder_block_6,0.2348649501800537,42,100,100
relevancy_random_2,relevancy,random,2,833860,3437288,attack,7,encoder_block_7,0.3026325702667236,38,100,100
relevancy_random_2,relevancy,random,2,833860,3437288,attack,8,encoder_block_8,0.3651878833770752,39,100,100
relevancy_random_2,relevancy,random,2,833860,3437288,attack,9,encoder_block_9,0.6470370292663574,18,100,100
relevancy_random_2,relevancy,random,2,833860,3437288,attack,10,encoder_block_10,1.0101475715637207,12,100,100
relevancy_random_2,relevancy,random,2,833860,3437288,attack,11,encoder_block_11,2.898686408996582,7,100,100
relevancy_random_2,relevancy,random,2,833860,3437288,attack,12,encoder_block_12,5.872931480407715,3,100,100
relevancy_random_2,relevancy,random,2,855410,8651775,original,0,embedding,-0.0004994869232177,5,100,5
relevancy_random_2,relevancy,random,2,855410,8651775,original,1,encoder_block_1,-0.3021802902221679,5,100,5
relevancy_random_2,relevancy,random,2,855410,8651775,original,2,encoder_block_2,-0.2216396331787109,5,100,5
relevancy_random_2,relevancy,random,2,855410,8651775,original,3,encoder_block_3,-0.1444034576416015,5,100,5
relevancy_random_2,relevancy,random,2,855410,8651775,original,4,encoder_block_4,0.0451900959014892,5,100,5
relevancy_random_2,relevancy,random,2,855410,8651775,original,5,encoder_block_5,-0.0349977016448974,3,100,5
relevancy_random_2,relevancy,random,2,855410,8651775,original,6,encoder_block_6,-0.0338470935821533,3,100,5
relevancy_random_2,relevancy,random,2,855410,8651775,original,7,encoder_block_7,-0.0878105163574218,4,100,5
relevancy_random_2,relevancy,random,2,855410,8651775,original,8,encoder_block_8,0.2215876579284668,2,100,5
relevancy_random_2,relevancy,random,2,855410,8651775,original,9,encoder_block_9,0.6039667129516602,2,100,5
relevancy_random_2,relevancy,random,2,855410,8651775,original,10,encoder_block_10,0.946608543395996,2,100,5
relevancy_random_2,relevancy,random,2,855410,8651775,original,11,encoder_block_11,1.71185564994812,1,100,5
relevancy_random_2,relevancy,random,2,855410,8651775,original,12,encoder_block_12,2.128062605857849,3,100,5
relevancy_random_2,relevancy,random,2,855410,8651775,padded_control,0,embedding,-0.0004987716674804,5,100,5
relevancy_random_2,relevancy,random,2,855410,8651775,padded_control,1,encoder_block_1,-0.2844777107238769,5,100,5
relevancy_random_2,relevancy,random,2,855410,8651775,padded_control,2,encoder_block_2,-0.2044923305511474,5,100,5
relevancy_random_2,relevancy,random,2,855410,8651775,padded_control,3,encoder_block_3,-0.1508245468139648,5,100,5
relevancy_random_2,relevancy,random,2,855410,8651775,padded_control,4,encoder_block_4,0.026416540145874,5,100,5
relevancy_random_2,relevancy,random,2,855410,8651775,padded_control,5,encoder_block_5,-0.0504474639892578,3,100,5
relevancy_random_2,relevancy,random,2,855410,8651775,padded_control,6,encoder_block_6,-0.034977912902832,3,100,5
relevancy_random_2,relevancy,random,2,855410,8651775,padded_control,7,encoder_block_7,-0.0788817405700683,4,100,5
relevancy_random_2,relevancy,random,2,855410,8651775,padded_control,8,encoder_block_8,0.2365088462829589,2,100,5
relevancy_random_2,relevancy,random,2,855410,8651775,padded_control,9,encoder_block_9,0.618654727935791,2,100,5
relevancy_random_2,relevancy,random,2,855410,8651775,padded_control,10,encoder_block_10,0.9606420993804932,2,100,5
relevancy_random_2,relevancy,random,2,855410,8651775,padded_control,11,encoder_block_11,1.727182149887085,1,100,5
relevancy_random_2,relevancy,random,2,855410,8651775,padded_control,12,encoder_block_12,2.1288983821868896,3,100,5
relevancy_random_2,relevancy,random,2,855410,8651775,attack,0,embedding,0.0338444709777832,5,100,5
relevancy_random_2,relevancy,random,2,855410,8651775,attack,1,encoder_block_1,-0.0710062980651855,5,100,5
relevancy_random_2,relevancy,random,2,855410,8651775,attack,2,encoder_block_2,-0.033912181854248,5,100,5
relevancy_random_2,relevancy,random,2,855410,8651775,attack,3,encoder_block_3,-0.0631916522979736,5,100,5
relevancy_random_2,relevancy,random,2,855410,8651775,attack,4,encoder_block_4,0.1054220199584961,4,100,5
relevancy_random_2,relevancy,random,2,855410,8651775,attack,5,encoder_block_5,0.0642025470733642,3,100,5
relevancy_random_2,relevancy,random,2,855410,8651775,attack,6,encoder_block_6,0.1205439567565918,2,100,5
relevancy_random_2,relevancy,random,2,855410,8651775,attack,7,encoder_block_7,0.0786659717559814,2,100,5
relevancy_random_2,relevancy,random,2,855410,8651775,attack,8,encoder_block_8,0.3598580360412597,2,100,5
relevancy_random_2,relevancy,random,2,855410,8651775,attack,9,encoder_block_9,0.6915345191955566,2,100,5
relevancy_random_2,relevancy,random,2,855410,8651775,attack,10,encoder_block_10,0.976647138595581,1,100,5
relevancy_random_2,relevancy,random,2,855410,8651775,attack,11,encoder_block_11,1.6765165328979492,3,100,5
relevancy_random_2,relevancy,random,2,855410,8651775,attack,12,encoder_block_12,2.038711249828338,3,100,5
relevancy_random_2,relevancy,random,2,87181,7666831,original,0,embedding,0.8100113868713379,27,100,100
relevancy_random_2,relevancy,random,2,87181,7666831,original,1,encoder_block_1,0.419034481048584,24,100,100
relevancy_random_2,relevancy,random,2,87181,7666831,original,2,encoder_block_2,0.3467845916748047,21,100,100
relevancy_random_2,relevancy,random,2,87181,7666831,original,3,encoder_block_3,0.4255003929138183,7,100,100
relevancy_random_2,relevancy,random,2,87181,7666831,original,4,encoder_block_4,0.4125947952270508,3,100,100
relevancy_random_2,relevancy,random,2,87181,7666831,original,5,encoder_block_5,0.4371976852416992,1,100,100
relevancy_random_2,relevancy,random,2,87181,7666831,original,6,encoder_block_6,0.4695465564727783,1,100,100
relevancy_random_2,relevancy,random,2,87181,7666831,original,7,encoder_block_7,0.3935003280639648,3,100,100
relevancy_random_2,relevancy,random,2,87181,7666831,original,8,encoder_block_8,0.3623545169830322,3,100,100
relevancy_random_2,relevancy,random,2,87181,7666831,original,9,encoder_block_9,0.5190751552581787,4,100,100
relevancy_random_2,relevancy,random,2,87181,7666831,original,10,encoder_block_10,0.0401558876037597,23,100,100
relevancy_random_2,relevancy,random,2,87181,7666831,original,11,encoder_block_11,1.007146954536438,20,100,100
relevancy_random_2,relevancy,random,2,87181,7666831,original,12,encoder_block_12,1.1425405740737915,25,100,100
relevancy_random_2,relevancy,random,2,87181,7666831,padded_control,0,embedding,0.8100123405456543,27,100,100
relevancy_random_2,relevancy,random,2,87181,7666831,padded_control,1,encoder_block_1,0.4241812229156494,23,100,100
relevancy_random_2,relevancy,random,2,87181,7666831,padded_control,2,encoder_block_2,0.3457653522491455,21,100,100
relevancy_random_2,relevancy,random,2,87181,7666831,padded_control,3,encoder_block_3,0.4242823123931885,7,100,100
relevancy_random_2,relevancy,random,2,87181,7666831,padded_control,4,encoder_block_4,0.4203102588653564,3,100,100
relevancy_random_2,relevancy,random,2,87181,7666831,padded_control,5,encoder_block_5,0.446002721786499,1,100,100
relevancy_random_2,relevancy,random,2,87181,7666831,padded_control,6,encoder_block_6,0.4807438850402832,1,100,100
relevancy_random_2,relevancy,random,2,87181,7666831,padded_control,7,encoder_block_7,0.4056174755096435,3,100,100
relevancy_random_2,relevancy,random,2,87181,7666831,padded_control,8,encoder_block_8,0.3602731227874756,3,100,100
relevancy_random_2,relevancy,random,2,87181,7666831,padded_control,9,encoder_block_9,0.5115334987640381,4,100,100
relevancy_random_2,relevancy,random,2,87181,7666831,padded_control,10,encoder_block_10,0.0375826358795166,23,100,100
relevancy_random_2,relevancy,random,2,87181,7666831,padded_control,11,encoder_block_11,0.9897007942199708,20,100,100
relevancy_random_2,relevancy,random,2,87181,7666831,padded_control,12,encoder_block_12,1.1406393349170685,25,100,100
relevancy_random_2,relevancy,random,2,87181,7666831,attack,0,embedding,0.8066272735595703,27,100,100
relevancy_random_2,relevancy,random,2,87181,7666831,attack,1,encoder_block_1,0.5294833183288574,13,100,100
relevancy_random_2,relevancy,random,2,87181,7666831,attack,2,encoder_block_2,0.4431483745574951,14,100,100
relevancy_random_2,relevancy,random,2,87181,7666831,attack,3,encoder_block_3,0.4942102432250976,6,100,100
relevancy_random_2,relevancy,random,2,87181,7666831,attack,4,encoder_block_4,0.4773366451263428,2,100,100
relevancy_random_2,relevancy,random,2,87181,7666831,attack,5,encoder_block_5,0.5114433765411377,1,100,100
relevancy_random_2,relevancy,random,2,87181,7666831,attack,6,encoder_block_6,0.556403398513794,1,100,100
relevancy_random_2,relevancy,random,2,87181,7666831,attack,7,encoder_block_7,0.4565103054046631,2,100,100
relevancy_random_2,relevancy,random,2,87181,7666831,attack,8,encoder_block_8,0.4001741409301758,3,100,100
relevancy_random_2,relevancy,random,2,87181,7666831,attack,9,encoder_block_9,0.5247015953063965,4,100,100
relevancy_random_2,relevancy,random,2,87181,7666831,attack,10,encoder_block_10,0.0066645145416259,25,100,100
relevancy_random_2,relevancy,random,2,87181,7666831,attack,11,encoder_block_11,0.8543555736541748,22,100,100
relevancy_random_2,relevancy,random,2,87181,7666831,attack,12,encoder_block_12,0.8938490152359009,28,100,100
relevancy_random_2,relevancy,random,2,87452,8819111,original,0,embedding,0.1429789066314697,70,100,100
relevancy_random_2,relevancy,random,2,87452,8819111,original,1,encoder_block_1,-0.1309511661529541,87,100,100
relevancy_random_2,relevancy,random,2,87452,8819111,original,2,encoder_block_2,0.1744441986083984,96,100,100
relevancy_random_2,relevancy,random,2,87452,8819111,original,3,encoder_block_3,0.2161939144134521,92,100,100
relevancy_random_2,relevancy,random,2,87452,8819111,original,4,encoder_block_4,0.2382903099060058,94,100,100
relevancy_random_2,relevancy,random,2,87452,8819111,original,5,encoder_block_5,0.3014798164367676,93,100,100
relevancy_random_2,relevancy,random,2,87452,8819111,original,6,encoder_block_6,0.2377674579620361,85,100,100
relevancy_random_2,relevancy,random,2,87452,8819111,original,7,encoder_block_7,0.4219114780426025,61,100,100
relevancy_random_2,relevancy,random,2,87452,8819111,original,8,encoder_block_8,0.5371158123016357,50,100,100
relevancy_random_2,relevancy,random,2,87452,8819111,original,9,encoder_block_9,0.7079669237136841,61,100,100
relevancy_random_2,relevancy,random,2,87452,8819111,original,10,encoder_block_10,0.5587437152862549,28,100,100
relevancy_random_2,relevancy,random,2,87452,8819111,original,11,encoder_block_11,1.7053941488265991,11,100,100
relevancy_random_2,relevancy,random,2,87452,8819111,original,12,encoder_block_12,3.4948244094848637,6,100,100
relevancy_random_2,relevancy,random,2,87452,8819111,padded_control,0,embedding,0.142979621887207,70,100,100
relevancy_random_2,relevancy,random,2,87452,8819111,padded_control,1,encoder_block_1,-0.1157302856445312,86,100,100
relevancy_random_2,relevancy,random,2,87452,8819111,padded_control,2,encoder_block_2,0.1933059692382812,95,100,100
relevancy_random_2,relevancy,random,2,87452,8819111,padded_control,3,encoder_block_3,0.2274549007415771,90,100,100
relevancy_random_2,relevancy,random,2,87452,8819111,padded_control,4,encoder_block_4,0.2496211528778076,92,100,100
relevancy_random_2,relevancy,random,2,87452,8819111,padded_control,5,encoder_block_5,0.3066830635070801,92,100,100
relevancy_random_2,relevancy,random,2,87452,8819111,padded_control,6,encoder_block_6,0.2264337539672851,86,100,100
relevancy_random_2,relevancy,random,2,87452,8819111,padded_control,7,encoder_block_7,0.4078302383422851,63,100,100
relevancy_random_2,relevancy,random,2,87452,8819111,padded_control,8,encoder_block_8,0.5179131031036377,52,100,100
relevancy_random_2,relevancy,random,2,87452,8819111,padded_control,9,encoder_block_9,0.6864020824432373,67,100,100
relevancy_random_2,relevancy,random,2,87452,8819111,padded_control,10,encoder_block_10,0.535332202911377,32,100,100
relevancy_random_2,relevancy,random,2,87452,8819111,padded_control,11,encoder_block_11,1.6600847244262695,11,100,100
relevancy_random_2,relevancy,random,2,87452,8819111,padded_control,12,encoder_block_12,3.4423742294311523,8,100,100
relevancy_random_2,relevancy,random,2,87452,8819111,attack,0,embedding,0.146550178527832,70,100,100
relevancy_random_2,relevancy,random,2,87452,8819111,attack,1,encoder_block_1,0.0277926921844482,74,100,100
relevancy_random_2,relevancy,random,2,87452,8819111,attack,2,encoder_block_2,0.3286552429199219,80,100,100
relevancy_random_2,relevancy,random,2,87452,8819111,attack,3,encoder_block_3,0.3207123279571533,84,100,100
relevancy_random_2,relevancy,random,2,87452,8819111,attack,4,encoder_block_4,0.3399455547332763,89,100,100
relevancy_random_2,relevancy,random,2,87452,8819111,attack,5,encoder_block_5,0.42520272731781,87,100,100
relevancy_random_2,relevancy,random,2,87452,8819111,attack,6,encoder_block_6,0.3430378437042236,68,100,100
relevancy_random_2,relevancy,random,2,87452,8819111,attack,7,encoder_block_7,0.5116524696350098,49,100,100
relevancy_random_2,relevancy,random,2,87452,8819111,attack,8,encoder_block_8,0.6254432201385498,37,100,100
relevancy_random_2,relevancy,random,2,87452,8819111,attack,9,encoder_block_9,0.7665565013885498,54,100,100
relevancy_random_2,relevancy,random,2,87452,8819111,attack,10,encoder_block_10,0.5863282680511475,25,100,100
relevancy_random_2,relevancy,random,2,87452,8819111,attack,11,encoder_block_11,1.6870803833007812,11,100,100
relevancy_random_2,relevancy,random,2,87452,8819111,attack,12,encoder_block_12,3.3231537342071533,8,100,100
relevancy_random_2,relevancy,random,2,915593,8178998,original,0,embedding,0.6703367233276367,51,100,100
relevancy_random_2,relevancy,random,2,915593,8178998,original,1,encoder_block_1,0.7326927185058594,37,100,100
relevancy_random_2,relevancy,random,2,915593,8178998,original,2,encoder_block_2,0.6426405906677246,44,100,100
relevancy_random_2,relevancy,random,2,915593,8178998,original,3,encoder_block_3,0.6695427894592285,40,100,100
relevancy_random_2,relevancy,random,2,915593,8178998,original,4,encoder_block_4,0.7721796035766602,33,100,100
relevancy_random_2,relevancy,random,2,915593,8178998,original,5,encoder_block_5,0.7101783752441406,27,100,100
relevancy_random_2,relevancy,random,2,915593,8178998,original,6,encoder_block_6,0.7242584228515625,20,100,100
relevancy_random_2,relevancy,random,2,915593,8178998,original,7,encoder_block_7,0.7497453689575195,16,100,100
relevancy_random_2,relevancy,random,2,915593,8178998,original,8,encoder_block_8,0.8311061859130859,15,100,100
relevancy_random_2,relevancy,random,2,915593,8178998,original,9,encoder_block_9,0.8523128032684326,18,100,100
relevancy_random_2,relevancy,random,2,915593,8178998,original,10,encoder_block_10,0.6986525058746338,19,100,100
relevancy_random_2,relevancy,random,2,915593,8178998,original,11,encoder_block_11,1.253495216369629,14,100,100
relevancy_random_2,relevancy,random,2,915593,8178998,original,12,encoder_block_12,3.0462746620178223,6,100,100
relevancy_random_2,relevancy,random,2,915593,8178998,padded_control,0,embedding,0.6703367233276367,51,100,100
relevancy_random_2,relevancy,random,2,915593,8178998,padded_control,1,encoder_block_1,0.7274444103240967,37,100,100
relevancy_random_2,relevancy,random,2,915593,8178998,padded_control,2,encoder_block_2,0.6345829963684082,46,100,100
relevancy_random_2,relevancy,random,2,915593,8178998,padded_control,3,encoder_block_3,0.6651992797851562,40,100,100
relevancy_random_2,relevancy,random,2,915593,8178998,padded_control,4,encoder_block_4,0.7715883255004883,33,100,100
relevancy_random_2,relevancy,random,2,915593,8178998,padded_control,5,encoder_block_5,0.7151908874511719,26,100,100
relevancy_random_2,relevancy,random,2,915593,8178998,padded_control,6,encoder_block_6,0.7255468368530273,20,100,100
relevancy_random_2,relevancy,random,2,915593,8178998,padded_control,7,encoder_block_7,0.752730131149292,16,100,100
relevancy_random_2,relevancy,random,2,915593,8178998,padded_control,8,encoder_block_8,0.831404447555542,15,100,100
relevancy_random_2,relevancy,random,2,915593,8178998,padded_control,9,encoder_block_9,0.8522140979766846,18,100,100
relevancy_random_2,relevancy,random,2,915593,8178998,padded_control,10,encoder_block_10,0.70656418800354,19,100,100
relevancy_random_2,relevancy,random,2,915593,8178998,padded_control,11,encoder_block_11,1.27366304397583,14,100,100
relevancy_random_2,relevancy,random,2,915593,8178998,padded_control,12,encoder_block_12,3.0850863456726074,6,100,100
relevancy_random_2,relevancy,random,2,915593,8178998,attack,0,embedding,0.6884667873382568,49,100,100
relevancy_random_2,relevancy,random,2,915593,8178998,attack,1,encoder_block_1,0.7944183349609375,33,100,100
relevancy_random_2,relevancy,random,2,915593,8178998,attack,2,encoder_block_2,0.6741900444030762,38,100,100
relevancy_random_2,relevancy,random,2,915593,8178998,attack,3,encoder_block_3,0.735337495803833,33,100,100
relevancy_random_2,relevancy,random,2,915593,8178998,attack,4,encoder_block_4,0.8620114326477051,24,100,100
relevancy_random_2,relevancy,random,2,915593,8178998,attack,5,encoder_block_5,0.809485912322998,19,100,100
relevancy_random_2,relevancy,random,2,915593,8178998,attack,6,encoder_block_6,0.8396384716033936,12,100,100
relevancy_random_2,relevancy,random,2,915593,8178998,attack,7,encoder_block_7,0.83563232421875,11,100,100
relevancy_random_2,relevancy,random,2,915593,8178998,attack,8,encoder_block_8,0.924717903137207,11,100,100
relevancy_random_2,relevancy,random,2,915593,8178998,attack,9,encoder_block_9,0.9094603061676024,17,100,100
relevancy_random_2,relevancy,random,2,915593,8178998,attack,10,encoder_block_10,0.7431955337524414,17,100,100
relevancy_random_2,relevancy,random,2,915593,8178998,attack,11,encoder_block_11,1.2775321006774902,14,100,100
relevancy_random_2,relevancy,random,2,915593,8178998,attack,12,encoder_block_12,3.035598993301392,6,100,100
relevancy_random_2,relevancy,random,2,962179,8689054,original,0,embedding,0.4924960136413574,73,100,100
relevancy_random_2,relevancy,random,2,962179,8689054,original,1,encoder_block_1,0.9855179786682128,46,100,100
relevancy_random_2,relevancy,random,2,962179,8689054,original,2,encoder_block_2,1.276634693145752,33,100,100
relevancy_random_2,relevancy,random,2,962179,8689054,original,3,encoder_block_3,1.0348172187805176,41,100,100
relevancy_random_2,relevancy,random,2,962179,8689054,original,4,encoder_block_4,1.2358736991882324,19,100,100
relevancy_random_2,relevancy,random,2,962179,8689054,original,5,encoder_block_5,0.8853514194488525,18,100,100
relevancy_random_2,relevancy,random,2,962179,8689054,original,6,encoder_block_6,0.8565187454223633,19,100,100
relevancy_random_2,relevancy,random,2,962179,8689054,original,7,encoder_block_7,0.861830472946167,15,100,100
relevancy_random_2,relevancy,random,2,962179,8689054,original,8,encoder_block_8,0.9117321968078612,12,100,100
relevancy_random_2,relevancy,random,2,962179,8689054,original,9,encoder_block_9,0.6227021217346191,10,100,100
relevancy_random_2,relevancy,random,2,962179,8689054,original,10,encoder_block_10,-1.3784269094467163,56,100,100
relevancy_random_2,relevancy,random,2,962179,8689054,original,11,encoder_block_11,-3.9445338249206543,60,100,100
relevancy_random_2,relevancy,random,2,962179,8689054,original,12,encoder_block_12,-11.904458999633787,56,100,100
relevancy_random_2,relevancy,random,2,962179,8689054,padded_control,0,embedding,0.4924962520599365,73,100,100
relevancy_random_2,relevancy,random,2,962179,8689054,padded_control,1,encoder_block_1,0.9900269508361816,46,100,100
relevancy_random_2,relevancy,random,2,962179,8689054,padded_control,2,encoder_block_2,1.2841553688049316,33,100,100
relevancy_random_2,relevancy,random,2,962179,8689054,padded_control,3,encoder_block_3,1.034151315689087,41,100,100
relevancy_random_2,relevancy,random,2,962179,8689054,padded_control,4,encoder_block_4,1.2330541610717771,19,100,100
relevancy_random_2,relevancy,random,2,962179,8689054,padded_control,5,encoder_block_5,0.877363920211792,20,100,100
relevancy_random_2,relevancy,random,2,962179,8689054,padded_control,6,encoder_block_6,0.8444669246673584,20,100,100
relevancy_random_2,relevancy,random,2,962179,8689054,padded_control,7,encoder_block_7,0.8573942184448242,15,100,100
relevancy_random_2,relevancy,random,2,962179,8689054,padded_control,8,encoder_block_8,0.9179062843322754,12,100,100
relevancy_random_2,relevancy,random,2,962179,8689054,padded_control,9,encoder_block_9,0.655174970626831,9,100,100
relevancy_random_2,relevancy,random,2,962179,8689054,padded_control,10,encoder_block_10,-1.3544843196868896,55,100,100
relevancy_random_2,relevancy,random,2,962179,8689054,padded_control,11,encoder_block_11,-3.837991714477539,56,100,100
relevancy_random_2,relevancy,random,2,962179,8689054,padded_control,12,encoder_block_12,-11.807975769042969,53,100,100
relevancy_random_2,relevancy,random,2,962179,8689054,attack,0,embedding,0.5211575031280518,71,100,100
relevancy_random_2,relevancy,random,2,962179,8689054,attack,1,encoder_block_1,1.190582275390625,31,100,100
relevancy_random_2,relevancy,random,2,962179,8689054,attack,2,encoder_block_2,1.509702205657959,15,100,100
relevancy_random_2,relevancy,random,2,962179,8689054,attack,3,encoder_block_3,1.2147202491760254,26,100,100
relevancy_random_2,relevancy,random,2,962179,8689054,attack,4,encoder_block_4,1.3010249137878418,14,100,100
relevancy_random_2,relevancy,random,2,962179,8689054,attack,5,encoder_block_5,0.9165890216827391,15,100,100
relevancy_random_2,relevancy,random,2,962179,8689054,attack,6,encoder_block_6,0.911285638809204,15,100,100
relevancy_random_2,relevancy,random,2,962179,8689054,attack,7,encoder_block_7,0.9228127002716064,14,100,100
relevancy_random_2,relevancy,random,2,962179,8689054,attack,8,encoder_block_8,0.9043715000152588,12,100,100
relevancy_random_2,relevancy,random,2,962179,8689054,attack,9,encoder_block_9,0.6662230491638184,9,100,100
relevancy_random_2,relevancy,random,2,962179,8689054,attack,10,encoder_block_10,-1.4687721729278564,58,100,100
relevancy_random_2,relevancy,random,2,962179,8689054,attack,11,encoder_block_11,-4.06854248046875,66,100,100
relevancy_random_2,relevancy,random,2,962179,8689054,attack,12,encoder_block_12,-11.857402801513672,55,100,100
relevancy_random_2,relevancy,random,2,1037798,8760867,original,0,embedding,1.0277526378631592,20,100,100
relevancy_random_2,relevancy,random,2,1037798,8760867,original,1,encoder_block_1,0.7746071815490723,44,100,100
relevancy_random_2,relevancy,random,2,1037798,8760867,original,2,encoder_block_2,0.7961463928222656,53,100,100
relevancy_random_2,relevancy,random,2,1037798,8760867,original,3,encoder_block_3,0.5291130542755127,61,100,100
relevancy_random_2,relevancy,random,2,1037798,8760867,original,4,encoder_block_4,0.3393959999084472,73,100,100
relevancy_random_2,relevancy,random,2,1037798,8760867,original,5,encoder_block_5,0.2607414722442627,69,100,100
relevancy_random_2,relevancy,random,2,1037798,8760867,original,6,encoder_block_6,0.4179649353027344,60,100,100
relevancy_random_2,relevancy,random,2,1037798,8760867,original,7,encoder_block_7,0.4152679443359375,58,100,100
relevancy_random_2,relevancy,random,2,1037798,8760867,original,8,encoder_block_8,0.3797390460968017,71,100,100
relevancy_random_2,relevancy,random,2,1037798,8760867,original,9,encoder_block_9,0.6364247798919678,64,100,100
relevancy_random_2,relevancy,random,2,1037798,8760867,original,10,encoder_block_10,1.0374128818511963,11,100,100
relevancy_random_2,relevancy,random,2,1037798,8760867,original,11,encoder_block_11,2.7416677474975586,3,100,100
relevancy_random_2,relevancy,random,2,1037798,8760867,original,12,encoder_block_12,5.58027458190918,2,100,100
relevancy_random_2,relevancy,random,2,1037798,8760867,padded_control,0,embedding,1.0277520418167114,20,100,100
relevancy_random_2,relevancy,random,2,1037798,8760867,padded_control,1,encoder_block_1,0.7751007080078125,44,100,100
relevancy_random_2,relevancy,random,2,1037798,8760867,padded_control,2,encoder_block_2,0.8065659999847412,52,100,100
relevancy_random_2,relevancy,random,2,1037798,8760867,padded_control,3,encoder_block_3,0.5599720478057861,56,100,100
relevancy_random_2,relevancy,random,2,1037798,8760867,padded_control,4,encoder_block_4,0.3733739852905273,70,100,100
relevancy_random_2,relevancy,random,2,1037798,8760867,padded_control,5,encoder_block_5,0.2821705341339111,67,100,100
relevancy_random_2,relevancy,random,2,1037798,8760867,padded_control,6,encoder_block_6,0.4311368465423584,59,100,100
relevancy_random_2,relevancy,random,2,1037798,8760867,padded_control,7,encoder_block_7,0.4180545806884765,58,100,100
relevancy_random_2,relevancy,random,2,1037798,8760867,padded_control,8,encoder_block_8,0.4013621807098388,70,100,100
relevancy_random_2,relevancy,random,2,1037798,8760867,padded_control,9,encoder_block_9,0.6562619209289551,63,100,100
relevancy_random_2,relevancy,random,2,1037798,8760867,padded_control,10,encoder_block_10,1.0607068538665771,10,100,100
relevancy_random_2,relevancy,random,2,1037798,8760867,padded_control,11,encoder_block_11,2.785120010375977,3,100,100
relevancy_random_2,relevancy,random,2,1037798,8760867,padded_control,12,encoder_block_12,5.623395919799805,2,100,100
relevancy_random_2,relevancy,random,2,1037798,8760867,attack,0,embedding,1.0964630842208862,11,100,100
relevancy_random_2,relevancy,random,2,1037798,8760867,attack,1,encoder_block_1,0.972625732421875,25,100,100
relevancy_random_2,relevancy,random,2,1037798,8760867,attack,2,encoder_block_2,0.9665582180023192,38,100,100
relevancy_random_2,relevancy,random,2,1037798,8760867,attack,3,encoder_block_3,0.7377736568450928,35,100,100
relevancy_random_2,relevancy,random,2,1037798,8760867,attack,4,encoder_block_4,0.5525245666503906,49,100,100
relevancy_random_2,relevancy,random,2,1037798,8760867,attack,5,encoder_block_5,0.4326083660125732,48,100,100
relevancy_random_2,relevancy,random,2,1037798,8760867,attack,6,encoder_block_6,0.6387588977813721,37,100,100
relevancy_random_2,relevancy,random,2,1037798,8760867,attack,7,encoder_block_7,0.6523799896240234,32,100,100
relevancy_random_2,relevancy,random,2,1037798,8760867,attack,8,encoder_block_8,0.6406064033508301,46,100,100
relevancy_random_2,relevancy,random,2,1037798,8760867,attack,9,encoder_block_9,0.8403892517089844,47,100,100
relevancy_random_2,relevancy,random,2,1037798,8760867,attack,10,encoder_block_10,1.2255280017852783,7,100,100
relevancy_random_2,relevancy,random,2,1037798,8760867,attack,11,encoder_block_11,2.8472957611083984,3,100,100
relevancy_random_2,relevancy,random,2,1037798,8760867,attack,12,encoder_block_12,5.643444061279297,2,100,100
relevancy_random_2,relevancy,random,2,104861,5864693,original,0,embedding,1.3101580142974854,13,100,100
relevancy_random_2,relevancy,random,2,104861,5864693,original,1,encoder_block_1,1.3646221160888672,11,100,100
relevancy_random_2,relevancy,random,2,104861,5864693,original,2,encoder_block_2,1.5980381965637207,11,100,100
relevancy_random_2,relevancy,random,2,104861,5864693,original,3,encoder_block_3,1.4628987312316897,18,100,100
relevancy_random_2,relevancy,random,2,104861,5864693,original,4,encoder_block_4,1.7519667148590088,7,100,100
relevancy_random_2,relevancy,random,2,104861,5864693,original,5,encoder_block_5,1.778703689575195,6,100,100
relevancy_random_2,relevancy,random,2,104861,5864693,original,6,encoder_block_6,1.5728740692138672,18,100,100
relevancy_random_2,relevancy,random,2,104861,5864693,original,7,encoder_block_7,1.539109706878662,21,100,100
relevancy_random_2,relevancy,random,2,104861,5864693,original,8,encoder_block_8,1.4703872203826904,19,100,100
relevancy_random_2,relevancy,random,2,104861,5864693,original,9,encoder_block_9,1.5695881843566897,26,100,100
relevancy_random_2,relevancy,random,2,104861,5864693,original,10,encoder_block_10,1.575225830078125,23,100,100
relevancy_random_2,relevancy,random,2,104861,5864693,original,11,encoder_block_11,1.169312596321106,31,100,100
relevancy_random_2,relevancy,random,2,104861,5864693,original,12,encoder_block_12,-5.711215972900391,34,100,100
relevancy_random_2,relevancy,random,2,104861,5864693,padded_control,0,embedding,1.3101577758789062,13,100,100
relevancy_random_2,relevancy,random,2,104861,5864693,padded_control,1,encoder_block_1,1.3621575832366943,11,100,100
relevancy_random_2,relevancy,random,2,104861,5864693,padded_control,2,encoder_block_2,1.5941686630249023,11,100,100
relevancy_random_2,relevancy,random,2,104861,5864693,padded_control,3,encoder_block_3,1.453585147857666,18,100,100
relevancy_random_2,relevancy,random,2,104861,5864693,padded_control,4,encoder_block_4,1.7432546615600586,7,100,100
relevancy_random_2,relevancy,random,2,104861,5864693,padded_control,5,encoder_block_5,1.7708492279052734,7,100,100
relevancy_random_2,relevancy,random,2,104861,5864693,padded_control,6,encoder_block_6,1.5699710845947266,18,100,100
relevancy_random_2,relevancy,random,2,104861,5864693,padded_control,7,encoder_block_7,1.5343217849731443,21,100,100
relevancy_random_2,relevancy,random,2,104861,5864693,padded_control,8,encoder_block_8,1.4692378044128418,19,100,100
relevancy_random_2,relevancy,random,2,104861,5864693,padded_control,9,encoder_block_9,1.5766448974609375,26,100,100
relevancy_random_2,relevancy,random,2,104861,5864693,padded_control,10,encoder_block_10,1.5737791061401367,23,100,100
relevancy_random_2,relevancy,random,2,104861,5864693,padded_control,11,encoder_block_11,1.172712326049805,31,100,100
relevancy_random_2,relevancy,random,2,104861,5864693,padded_control,12,encoder_block_12,-5.225072860717773,32,100,100
relevancy_random_2,relevancy,random,2,104861,5864693,attack,0,embedding,1.3178505897521973,13,100,100
relevancy_random_2,relevancy,random,2,104861,5864693,attack,1,encoder_block_1,1.4531898498535156,9,100,100
relevancy_random_2,relevancy,random,2,104861,5864693,attack,2,encoder_block_2,1.675548076629639,3,100,100
relevancy_random_2,relevancy,random,2,104861,5864693,attack,3,encoder_block_3,1.5309123992919922,14,100,100
relevancy_random_2,relevancy,random,2,104861,5864693,attack,4,encoder_block_4,1.7844722270965576,5,100,100
relevancy_random_2,relevancy,random,2,104861,5864693,attack,5,encoder_block_5,1.835782527923584,5,100,100
relevancy_random_2,relevancy,random,2,104861,5864693,attack,6,encoder_block_6,1.6424641609191897,11,100,100
relevancy_random_2,relevancy,random,2,104861,5864693,attack,7,encoder_block_7,1.6036977767944336,17,100,100
relevancy_random_2,relevancy,random,2,104861,5864693,attack,8,encoder_block_8,1.5348548889160156,16,100,100
relevancy_random_2,relevancy,random,2,104861,5864693,attack,9,encoder_block_9,1.629990577697754,23,100,100
relevancy_random_2,relevancy,random,2,104861,5864693,attack,10,encoder_block_10,1.6056370735168457,22,100,100
relevancy_random_2,relevancy,random,2,104861,5864693,attack,11,encoder_block_11,1.1246867179870603,31,100,100
relevancy_random_2,relevancy,random,2,104861,5864693,attack,12,encoder_block_12,-5.675551414489746,34,100,100
relevancy_random_2,relevancy,random,2,1063750,2997653,original,0,embedding,0.2163100242614746,84,100,100
relevancy_random_2,relevancy,random,2,1063750,2997653,original,1,encoder_block_1,0.3163542747497558,63,100,100
relevancy_random_2,relevancy,random,2,1063750,2997653,original,2,encoder_block_2,0.4243702888488769,54,100,100
relevancy_random_2,relevancy,random,2,1063750,2997653,original,3,encoder_block_3,0.3728740215301513,46,100,100
relevancy_random_2,relevancy,random,2,1063750,2997653,original,4,encoder_block_4,0.5634288787841797,33,100,100
relevancy_random_2,relevancy,random,2,1063750,2997653,original,5,encoder_block_5,0.5658025741577148,33,100,100
relevancy_random_2,relevancy,random,2,1063750,2997653,original,6,encoder_block_6,0.4535949230194092,42,100,100
relevancy_random_2,relevancy,random,2,1063750,2997653,original,7,encoder_block_7,0.5761830806732178,33,100,100
relevancy_random_2,relevancy,random,2,1063750,2997653,original,8,encoder_block_8,0.5439143180847168,35,100,100
relevancy_random_2,relevancy,random,2,1063750,2997653,original,9,encoder_block_9,0.5273476839065552,30,100,100
relevancy_random_2,relevancy,random,2,1063750,2997653,original,10,encoder_block_10,0.5664772987365723,11,100,100
relevancy_random_2,relevancy,random,2,1063750,2997653,original,11,encoder_block_11,-0.0346142053604126,27,100,100
relevancy_random_2,relevancy,random,2,1063750,2997653,original,12,encoder_block_12,-9.526568412780762,51,100,100
relevancy_random_2,relevancy,random,2,1063750,2997653,padded_control,0,embedding,0.2163105010986328,84,100,100
relevancy_random_2,relevancy,random,2,1063750,2997653,padded_control,1,encoder_block_1,0.3133063316345215,63,100,100
relevancy_random_2,relevancy,random,2,1063750,2997653,padded_control,2,encoder_block_2,0.4136998653411865,56,100,100
relevancy_random_2,relevancy,random,2,1063750,2997653,padded_control,3,encoder_block_3,0.3686301708221435,47,100,100
relevancy_random_2,relevancy,random,2,1063750,2997653,padded_control,4,encoder_block_4,0.5645945072174072,33,100,100
relevancy_random_2,relevancy,random,2,1063750,2997653,padded_control,5,encoder_block_5,0.5731916427612305,32,100,100
relevancy_random_2,relevancy,random,2,1063750,2997653,padded_control,6,encoder_block_6,0.4585003852844238,42,100,100
relevancy_random_2,relevancy,random,2,1063750,2997653,padded_control,7,encoder_block_7,0.5756187438964844,33,100,100
relevancy_random_2,relevancy,random,2,1063750,2997653,padded_control,8,encoder_block_8,0.5487682819366455,35,100,100
relevancy_random_2,relevancy,random,2,1063750,2997653,padded_control,9,encoder_block_9,0.5238339900970459,30,100,100
relevancy_random_2,relevancy,random,2,1063750,2997653,padded_control,10,encoder_block_10,0.566504716873169,11,100,100
relevancy_random_2,relevancy,random,2,1063750,2997653,padded_control,11,encoder_block_11,-0.0135458707809448,27,100,100
relevancy_random_2,relevancy,random,2,1063750,2997653,padded_control,12,encoder_block_12,-9.437435150146484,50,100,100
relevancy_random_2,relevancy,random,2,1063750,2997653,attack,0,embedding,0.2681698799133301,84,100,100
relevancy_random_2,relevancy,random,2,1063750,2997653,attack,1,encoder_block_1,0.5597615242004395,45,100,100
relevancy_random_2,relevancy,random,2,1063750,2997653,attack,2,encoder_block_2,0.6626613140106201,35,100,100
relevancy_random_2,relevancy,random,2,1063750,2997653,attack,3,encoder_block_3,0.5999007225036621,30,100,100
relevancy_random_2,relevancy,random,2,1063750,2997653,attack,4,encoder_block_4,0.7697575092315674,23,100,100
relevancy_random_2,relevancy,random,2,1063750,2997653,attack,5,encoder_block_5,0.7811036109924316,21,100,100
relevancy_random_2,relevancy,random,2,1063750,2997653,attack,6,encoder_block_6,0.6803784370422363,24,100,100
relevancy_random_2,relevancy,random,2,1063750,2997653,attack,7,encoder_block_7,0.7533259391784668,23,100,100
relevancy_random_2,relevancy,random,2,1063750,2997653,attack,8,encoder_block_8,0.7154637575149536,22,100,100
relevancy_random_2,relevancy,random,2,1063750,2997653,attack,9,encoder_block_9,0.6581909656524658,23,100,100
relevancy_random_2,relevancy,random,2,1063750,2997653,attack,10,encoder_block_10,0.6260271072387695,10,100,100
relevancy_random_2,relevancy,random,2,1063750,2997653,attack,11,encoder_block_11,-0.1012136936187744,27,100,100
relevancy_random_2,relevancy,random,2,1063750,2997653,attack,12,encoder_block_12,-9.465150833129885,51,100,100
relevancy_random_2,relevancy,random,2,1103812,1659850,original,0,embedding,0.4257817268371582,82,100,100
relevancy_random_2,relevancy,random,2,1103812,1659850,original,1,encoder_block_1,0.3321256637573242,75,100,100
relevancy_random_2,relevancy,random,2,1103812,1659850,original,2,encoder_block_2,0.6252179145812988,53,100,100
relevancy_random_2,relevancy,random,2,1103812,1659850,original,3,encoder_block_3,0.5269737243652344,39,100,100
relevancy_random_2,relevancy,random,2,1103812,1659850,original,4,encoder_block_4,0.2543373107910156,57,100,100
relevancy_random_2,relevancy,random,2,1103812,1659850,original,5,encoder_block_5,0.1775403022766113,55,100,100
relevancy_random_2,relevancy,random,2,1103812,1659850,original,6,encoder_block_6,0.2524967193603515,53,100,100
relevancy_random_2,relevancy,random,2,1103812,1659850,original,7,encoder_block_7,0.3296332359313965,46,100,100
relevancy_random_2,relevancy,random,2,1103812,1659850,original,8,encoder_block_8,0.3016543388366699,45,100,100
relevancy_random_2,relevancy,random,2,1103812,1659850,original,9,encoder_block_9,0.5543015003204346,16,100,100
relevancy_random_2,relevancy,random,2,1103812,1659850,original,10,encoder_block_10,0.2654201984405517,18,100,100
relevancy_random_2,relevancy,random,2,1103812,1659850,original,11,encoder_block_11,0.0378303527832031,22,100,100
relevancy_random_2,relevancy,random,2,1103812,1659850,original,12,encoder_block_12,-5.150150299072266,25,100,100
relevancy_random_2,relevancy,random,2,1103812,1659850,padded_control,0,embedding,0.4257814884185791,82,100,100
relevancy_random_2,relevancy,random,2,1103812,1659850,padded_control,1,encoder_block_1,0.3361210823059082,75,100,100
relevancy_random_2,relevancy,random,2,1103812,1659850,padded_control,2,encoder_block_2,0.6307744979858398,53,100,100
relevancy_random_2,relevancy,random,2,1103812,1659850,padded_control,3,encoder_block_3,0.5316791534423828,39,100,100
relevancy_random_2,relevancy,random,2,1103812,1659850,padded_control,4,encoder_block_4,0.2579779624938965,57,100,100
relevancy_random_2,relevancy,random,2,1103812,1659850,padded_control,5,encoder_block_5,0.1780333518981933,55,100,100
relevancy_random_2,relevancy,random,2,1103812,1659850,padded_control,6,encoder_block_6,0.2515301704406738,53,100,100
relevancy_random_2,relevancy,random,2,1103812,1659850,padded_control,7,encoder_block_7,0.3191595077514648,48,100,100
relevancy_random_2,relevancy,random,2,1103812,1659850,padded_control,8,encoder_block_8,0.2961339950561523,47,100,100
relevancy_random_2,relevancy,random,2,1103812,1659850,padded_control,9,encoder_block_9,0.5434126853942871,17,100,100
relevancy_random_2,relevancy,random,2,1103812,1659850,padded_control,10,encoder_block_10,0.2605385780334472,18,100,100
relevancy_random_2,relevancy,random,2,1103812,1659850,padded_control,11,encoder_block_11,0.0218584537506103,22,100,100
relevancy_random_2,relevancy,random,2,1103812,1659850,padded_control,12,encoder_block_12,-5.014556884765625,25,100,100
relevancy_random_2,relevancy,random,2,1103812,1659850,attack,0,embedding,0.4235527515411377,82,100,100
relevancy_random_2,relevancy,random,2,1103812,1659850,attack,1,encoder_block_1,0.5036258697509766,58,100,100
relevancy_random_2,relevancy,random,2,1103812,1659850,attack,2,encoder_block_2,0.7638840675354004,33,100,100
relevancy_random_2,relevancy,random,2,1103812,1659850,attack,3,encoder_block_3,0.657804012298584,25,100,100
relevancy_random_2,relevancy,random,2,1103812,1659850,attack,4,encoder_block_4,0.3641910552978515,42,100,100
relevancy_random_2,relevancy,random,2,1103812,1659850,attack,5,encoder_block_5,0.287515640258789,42,100,100
relevancy_random_2,relevancy,random,2,1103812,1659850,attack,6,encoder_block_6,0.3572063446044922,43,100,100
relevancy_random_2,relevancy,random,2,1103812,1659850,attack,7,encoder_block_7,0.4108943939208984,37,100,100
relevancy_random_2,relevancy,random,2,1103812,1659850,attack,8,encoder_block_8,0.3897805213928222,36,100,100
relevancy_random_2,relevancy,random,2,1103812,1659850,attack,9,encoder_block_9,0.6134858131408691,14,100,100
relevancy_random_2,relevancy,random,2,1103812,1659850,attack,10,encoder_block_10,0.3417208194732666,15,100,100
relevancy_random_2,relevancy,random,2,1103812,1659850,attack,11,encoder_block_11,0.1097803115844726,21,100,100
relevancy_random_2,relevancy,random,2,1103812,1659850,attack,12,encoder_block_12,-4.976442337036133,25,100,100
relevancy_random_2,relevancy,random,2,1106007,1334335,original,0,embedding,0.4630212783813476,32,100,100
relevancy_random_2,relevancy,random,2,1106007,1334335,original,1,encoder_block_1,0.3073601722717285,31,100,100
relevancy_random_2,relevancy,random,2,1106007,1334335,original,2,encoder_block_2,0.327805757522583,40,100,100
relevancy_random_2,relevancy,random,2,1106007,1334335,original,3,encoder_block_3,-0.0557863712310791,69,100,100
relevancy_random_2,relevancy,random,2,1106007,1334335,original,4,encoder_block_4,-0.0956778526306152,82,100,100
relevancy_random_2,relevancy,random,2,1106007,1334335,original,5,encoder_block_5,0.0753834247589111,75,100,100
relevancy_random_2,relevancy,random,2,1106007,1334335,original,6,encoder_block_6,0.253535509109497,60,100,100
relevancy_random_2,relevancy,random,2,1106007,1334335,original,7,encoder_block_7,0.3280551433563232,60,100,100
relevancy_random_2,relevancy,random,2,1106007,1334335,original,8,encoder_block_8,0.4010298252105713,61,100,100
relevancy_random_2,relevancy,random,2,1106007,1334335,original,9,encoder_block_9,0.7389075756072998,46,100,100
relevancy_random_2,relevancy,random,2,1106007,1334335,original,10,encoder_block_10,1.1145381927490234,24,100,100
relevancy_random_2,relevancy,random,2,1106007,1334335,original,11,encoder_block_11,2.861777305603028,5,100,100
relevancy_random_2,relevancy,random,2,1106007,1334335,original,12,encoder_block_12,5.731571197509766,5,100,100
relevancy_random_2,relevancy,random,2,1106007,1334335,padded_control,0,embedding,0.4630212783813476,32,100,100
relevancy_random_2,relevancy,random,2,1106007,1334335,padded_control,1,encoder_block_1,0.3059029579162597,32,100,100
relevancy_random_2,relevancy,random,2,1106007,1334335,padded_control,2,encoder_block_2,0.3389430046081543,40,100,100
relevancy_random_2,relevancy,random,2,1106007,1334335,padded_control,3,encoder_block_3,-0.0350770950317382,67,100,100
relevancy_random_2,relevancy,random,2,1106007,1334335,padded_control,4,encoder_block_4,-0.0843129158020019,82,100,100
relevancy_random_2,relevancy,random,2,1106007,1334335,padded_control,5,encoder_block_5,0.0851788520812988,74,100,100
relevancy_random_2,relevancy,random,2,1106007,1334335,padded_control,6,encoder_block_6,0.2453451156616211,62,100,100
relevancy_random_2,relevancy,random,2,1106007,1334335,padded_control,7,encoder_block_7,0.339543342590332,58,100,100
relevancy_random_2,relevancy,random,2,1106007,1334335,padded_control,8,encoder_block_8,0.4065539836883545,61,100,100
relevancy_random_2,relevancy,random,2,1106007,1334335,padded_control,9,encoder_block_9,0.7418289184570312,46,100,100
relevancy_random_2,relevancy,random,2,1106007,1334335,padded_control,10,encoder_block_10,1.1235666275024414,22,100,100
relevancy_random_2,relevancy,random,2,1106007,1334335,padded_control,11,encoder_block_11,2.9085521697998047,5,100,100
relevancy_random_2,relevancy,random,2,1106007,1334335,padded_control,12,encoder_block_12,5.731822967529297,5,100,100
relevancy_random_2,relevancy,random,2,1106007,1334335,attack,0,embedding,0.4041366577148437,35,100,100
relevancy_random_2,relevancy,random,2,1106007,1334335,attack,1,encoder_block_1,0.5367310047149658,18,100,100
relevancy_random_2,relevancy,random,2,1106007,1334335,attack,2,encoder_block_2,0.4874842166900635,31,100,100
relevancy_random_2,relevancy,random,2,1106007,1334335,attack,3,encoder_block_3,0.1803083419799804,50,100,100
relevancy_random_2,relevancy,random,2,1106007,1334335,attack,4,encoder_block_4,0.1559300422668457,63,100,100
relevancy_random_2,relevancy,random,2,1106007,1334335,attack,5,encoder_block_5,0.2713518142700195,53,100,100
relevancy_random_2,relevancy,random,2,1106007,1334335,attack,6,encoder_block_6,0.3941011428833008,45,100,100
relevancy_random_2,relevancy,random,2,1106007,1334335,attack,7,encoder_block_7,0.5069565773010254,40,100,100
relevancy_random_2,relevancy,random,2,1106007,1334335,attack,8,encoder_block_8,0.6186990737915039,45,100,100
relevancy_random_2,relevancy,random,2,1106007,1334335,attack,9,encoder_block_9,0.9177651405334472,26,100,100
relevancy_random_2,relevancy,random,2,1106007,1334335,attack,10,encoder_block_10,1.2627222537994385,11,100,100
relevancy_random_2,relevancy,random,2,1106007,1334335,attack,11,encoder_block_11,3.002035617828369,5,100,100
relevancy_random_2,relevancy,random,2,1106007,1334335,attack,12,encoder_block_12,5.864472389221191,5,100,100
relevancy_random_2,relevancy,random,2,1110199,554521,original,0,embedding,0.7955269813537598,93,100,100
relevancy_random_2,relevancy,random,2,1110199,554521,original,1,encoder_block_1,1.0513067245483398,87,100,100
relevancy_random_2,relevancy,random,2,1110199,554521,original,2,encoder_block_2,1.4016799926757812,79,100,100
relevancy_random_2,relevancy,random,2,1110199,554521,original,3,encoder_block_3,1.446484088897705,65,100,100
relevancy_random_2,relevancy,random,2,1110199,554521,original,4,encoder_block_4,1.5011777877807615,61,100,100
relevancy_random_2,relevancy,random,2,1110199,554521,original,5,encoder_block_5,1.500760555267334,54,100,100
relevancy_random_2,relevancy,random,2,1110199,554521,original,6,encoder_block_6,1.4579405784606934,56,100,100
relevancy_random_2,relevancy,random,2,1110199,554521,original,7,encoder_block_7,1.479618787765503,52,100,100
relevancy_random_2,relevancy,random,2,1110199,554521,original,8,encoder_block_8,1.280795335769653,68,100,100
relevancy_random_2,relevancy,random,2,1110199,554521,original,9,encoder_block_9,1.0054948329925537,85,100,100
relevancy_random_2,relevancy,random,2,1110199,554521,original,10,encoder_block_10,0.3397445678710937,72,100,100
relevancy_random_2,relevancy,random,2,1110199,554521,original,11,encoder_block_11,-1.484497845172882,64,100,100
relevancy_random_2,relevancy,random,2,1110199,554521,original,12,encoder_block_12,-12.087575912475586,59,100,100
relevancy_random_2,relevancy,random,2,1110199,554521,padded_control,0,embedding,0.7955284118652344,93,100,100
relevancy_random_2,relevancy,random,2,1110199,554521,padded_control,1,encoder_block_1,1.0519776344299316,87,100,100
relevancy_random_2,relevancy,random,2,1110199,554521,padded_control,2,encoder_block_2,1.4002509117126465,79,100,100
relevancy_random_2,relevancy,random,2,1110199,554521,padded_control,3,encoder_block_3,1.4345207214355469,68,100,100
relevancy_random_2,relevancy,random,2,1110199,554521,padded_control,4,encoder_block_4,1.4884469509124756,64,100,100
relevancy_random_2,relevancy,random,2,1110199,554521,padded_control,5,encoder_block_5,1.4857063293457031,56,100,100
relevancy_random_2,relevancy,random,2,1110199,554521,padded_control,6,encoder_block_6,1.4493324756622314,58,100,100
relevancy_random_2,relevancy,random,2,1110199,554521,padded_control,7,encoder_block_7,1.4719021320343018,52,100,100
relevancy_random_2,relevancy,random,2,1110199,554521,padded_control,8,encoder_block_8,1.2800288200378418,68,100,100
relevancy_random_2,relevancy,random,2,1110199,554521,padded_control,9,encoder_block_9,1.0137126445770264,85,100,100
relevancy_random_2,relevancy,random,2,1110199,554521,padded_control,10,encoder_block_10,0.3527202606201172,72,100,100
relevancy_random_2,relevancy,random,2,1110199,554521,padded_control,11,encoder_block_11,-1.4864033460617063,64,100,100
relevancy_random_2,relevancy,random,2,1110199,554521,padded_control,12,encoder_block_12,-12.100377082824709,59,100,100
relevancy_random_2,relevancy,random,2,1110199,554521,attack,0,embedding,0.8082599639892578,93,100,100
relevancy_random_2,relevancy,random,2,1110199,554521,attack,1,encoder_block_1,1.1384854316711426,84,100,100
relevancy_random_2,relevancy,random,2,1110199,554521,attack,2,encoder_block_2,1.473339557647705,76,100,100
relevancy_random_2,relevancy,random,2,1110199,554521,attack,3,encoder_block_3,1.4946706295013428,58,100,100
relevancy_random_2,relevancy,random,2,1110199,554521,attack,4,encoder_block_4,1.5433416366577148,58,100,100
relevancy_random_2,relevancy,random,2,1110199,554521,attack,5,encoder_block_5,1.5304734706878662,51,100,100
relevancy_random_2,relevancy,random,2,1110199,554521,attack,6,encoder_block_6,1.4846210479736328,53,100,100
relevancy_random_2,relevancy,random,2,1110199,554521,attack,7,encoder_block_7,1.5107991695404053,49,100,100
relevancy_random_2,relevancy,random,2,1110199,554521,attack,8,encoder_block_8,1.3216524124145508,62,100,100
relevancy_random_2,relevancy,random,2,1110199,554521,attack,9,encoder_block_9,1.0686482191085815,82,100,100
relevancy_random_2,relevancy,random,2,1110199,554521,attack,10,encoder_block_10,0.4470789432525635,60,100,100
relevancy_random_2,relevancy,random,2,1110199,554521,attack,11,encoder_block_11,-1.5057950019836426,65,100,100
relevancy_random_2,relevancy,random,2,1110199,554521,attack,12,encoder_block_12,-12.099090576171877,59,100,100
relevancy_random_2,relevancy,random,2,1112341,6740558,original,0,embedding,0.8128347396850586,58,100,100
relevancy_random_2,relevancy,random,2,1112341,6740558,original,1,encoder_block_1,1.231400966644287,28,100,100
relevancy_random_2,relevancy,random,2,1112341,6740558,original,2,encoder_block_2,1.3019390106201172,25,100,100
relevancy_random_2,relevancy,random,2,1112341,6740558,original,3,encoder_block_3,1.271320343017578,25,100,100
relevancy_random_2,relevancy,random,2,1112341,6740558,original,4,encoder_block_4,1.3037638664245603,32,100,100
relevancy_random_2,relevancy,random,2,1112341,6740558,original,5,encoder_block_5,1.2275257110595703,44,100,100
relevancy_random_2,relevancy,random,2,1112341,6740558,original,6,encoder_block_6,1.231743335723877,41,100,100
relevancy_random_2,relevancy,random,2,1112341,6740558,original,7,encoder_block_7,1.1494498252868652,54,100,100
relevancy_random_2,relevancy,random,2,1112341,6740558,original,8,encoder_block_8,1.2443883419036863,46,100,100
relevancy_random_2,relevancy,random,2,1112341,6740558,original,9,encoder_block_9,1.2457361221313477,35,100,100
relevancy_random_2,relevancy,random,2,1112341,6740558,original,10,encoder_block_10,-0.5300271511077881,79,100,100
relevancy_random_2,relevancy,random,2,1112341,6740558,original,11,encoder_block_11,-5.415314674377441,96,100,100
relevancy_random_2,relevancy,random,2,1112341,6740558,original,12,encoder_block_12,-13.45517921447754,92,100,100
relevancy_random_2,relevancy,random,2,1112341,6740558,padded_control,0,embedding,0.8128342628479004,58,100,100
relevancy_random_2,relevancy,random,2,1112341,6740558,padded_control,1,encoder_block_1,1.2277207374572754,28,100,100
relevancy_random_2,relevancy,random,2,1112341,6740558,padded_control,2,encoder_block_2,1.2930688858032229,26,100,100
relevancy_random_2,relevancy,random,2,1112341,6740558,padded_control,3,encoder_block_3,1.2594552040100098,25,100,100
relevancy_random_2,relevancy,random,2,1112341,6740558,padded_control,4,encoder_block_4,1.2972350120544434,33,100,100
relevancy_random_2,relevancy,random,2,1112341,6740558,padded_control,5,encoder_block_5,1.2292101383209229,43,100,100
relevancy_random_2,relevancy,random,2,1112341,6740558,padded_control,6,encoder_block_6,1.227466344833374,41,100,100
relevancy_random_2,relevancy,random,2,1112341,6740558,padded_control,7,encoder_block_7,1.145455837249756,54,100,100
relevancy_random_2,relevancy,random,2,1112341,6740558,padded_control,8,encoder_block_8,1.237006425857544,46,100,100
relevancy_random_2,relevancy,random,2,1112341,6740558,padded_control,9,encoder_block_9,1.2504231929779053,35,100,100
relevancy_random_2,relevancy,random,2,1112341,6740558,padded_control,10,encoder_block_10,-0.5075829029083252,78,100,100
relevancy_random_2,relevancy,random,2,1112341,6740558,padded_control,11,encoder_block_11,-5.442829132080078,96,100,100
relevancy_random_2,relevancy,random,2,1112341,6740558,padded_control,12,encoder_block_12,-13.45582675933838,92,100,100
relevancy_random_2,relevancy,random,2,1112341,6740558,attack,0,embedding,0.8317925930023193,56,100,100
relevancy_random_2,relevancy,random,2,1112341,6740558,attack,1,encoder_block_1,1.2856225967407229,25,100,100
relevancy_random_2,relevancy,random,2,1112341,6740558,attack,2,encoder_block_2,1.3492040634155271,23,100,100
relevancy_random_2,relevancy,random,2,1112341,6740558,attack,3,encoder_block_3,1.3047289848327637,23,100,100
relevancy_random_2,relevancy,random,2,1112341,6740558,attack,4,encoder_block_4,1.3547558784484863,26,100,100
relevancy_random_2,relevancy,random,2,1112341,6740558,attack,5,encoder_block_5,1.2945866584777832,36,100,100
relevancy_random_2,relevancy,random,2,1112341,6740558,attack,6,encoder_block_6,1.315819501876831,35,100,100
relevancy_random_2,relevancy,random,2,1112341,6740558,attack,7,encoder_block_7,1.2607715129852295,44,100,100
relevancy_random_2,relevancy,random,2,1112341,6740558,attack,8,encoder_block_8,1.3566709756851196,36,100,100
relevancy_random_2,relevancy,random,2,1112341,6740558,attack,9,encoder_block_9,1.3537774085998535,29,100,100
relevancy_random_2,relevancy,random,2,1112341,6740558,attack,10,encoder_block_10,-0.4968173503875732,76,100,100
relevancy_random_2,relevancy,random,2,1112341,6740558,attack,11,encoder_block_11,-5.514032363891602,96,100,100
relevancy_random_2,relevancy,random,2,1112341,6740558,attack,12,encoder_block_12,-13.465514183044434,92,100,100
relevancy_random_2,relevancy,random,2,1113437,8128798,original,0,embedding,0.7867050170898438,40,100,100
relevancy_random_2,relevancy,random,2,1113437,8128798,original,1,encoder_block_1,1.082113265991211,21,100,100
relevancy_random_2,relevancy,random,2,1113437,8128798,original,2,encoder_block_2,1.517536163330078,6,100,100
relevancy_random_2,relevancy,random,2,1113437,8128798,original,3,encoder_block_3,1.4747655391693115,11,100,100
relevancy_random_2,relevancy,random,2,1113437,8128798,original,4,encoder_block_4,1.2543466091156006,23,100,100
relevancy_random_2,relevancy,random,2,1113437,8128798,original,5,encoder_block_5,1.0670671463012695,35,100,100
relevancy_random_2,relevancy,random,2,1113437,8128798,original,6,encoder_block_6,1.0043258666992188,40,100,100
relevancy_random_2,relevancy,random,2,1113437,8128798,original,7,encoder_block_7,0.9781198501586914,35,100,100
relevancy_random_2,relevancy,random,2,1113437,8128798,original,8,encoder_block_8,0.9105725288391112,51,100,100
relevancy_random_2,relevancy,random,2,1113437,8128798,original,9,encoder_block_9,1.103043556213379,37,100,100
relevancy_random_2,relevancy,random,2,1113437,8128798,original,10,encoder_block_10,1.127180576324463,27,100,100
relevancy_random_2,relevancy,random,2,1113437,8128798,original,11,encoder_block_11,1.8471105098724363,9,100,100
relevancy_random_2,relevancy,random,2,1113437,8128798,original,12,encoder_block_12,2.607305765151977,7,100,100
relevancy_random_2,relevancy,random,2,1113437,8128798,padded_control,0,embedding,0.7867050170898438,40,100,100
relevancy_random_2,relevancy,random,2,1113437,8128798,padded_control,1,encoder_block_1,1.0841431617736816,21,100,100
relevancy_random_2,relevancy,random,2,1113437,8128798,padded_control,2,encoder_block_2,1.5249629020690918,6,100,100
relevancy_random_2,relevancy,random,2,1113437,8128798,padded_control,3,encoder_block_3,1.475240707397461,11,100,100
relevancy_random_2,relevancy,random,2,1113437,8128798,padded_control,4,encoder_block_4,1.2348954677581787,24,100,100
relevancy_random_2,relevancy,random,2,1113437,8128798,padded_control,5,encoder_block_5,1.0455944538116455,38,100,100
relevancy_random_2,relevancy,random,2,1113437,8128798,padded_control,6,encoder_block_6,0.9791550636291504,42,100,100
relevancy_random_2,relevancy,random,2,1113437,8128798,padded_control,7,encoder_block_7,0.9554719924926758,37,100,100
relevancy_random_2,relevancy,random,2,1113437,8128798,padded_control,8,encoder_block_8,0.8974542617797852,54,100,100
relevancy_random_2,relevancy,random,2,1113437,8128798,padded_control,9,encoder_block_9,1.0815956592559814,40,100,100
relevancy_random_2,relevancy,random,2,1113437,8128798,padded_control,10,encoder_block_10,1.0788540840148926,33,100,100
relevancy_random_2,relevancy,random,2,1113437,8128798,padded_control,11,encoder_block_11,1.764533519744873,10,100,100
relevancy_random_2,relevancy,random,2,1113437,8128798,padded_control,12,encoder_block_12,2.499934673309326,8,100,100
relevancy_random_2,relevancy,random,2,1113437,8128798,attack,0,embedding,0.7461967468261719,43,100,100
relevancy_random_2,relevancy,random,2,1113437,8128798,attack,1,encoder_block_1,1.1380400657653809,20,100,100
relevancy_random_2,relevancy,random,2,1113437,8128798,attack,2,encoder_block_2,1.598970890045166,5,100,100
relevancy_random_2,relevancy,random,2,1113437,8128798,attack,3,encoder_block_3,1.5582222938537598,8,100,100
relevancy_random_2,relevancy,random,2,1113437,8128798,attack,4,encoder_block_4,1.355412483215332,23,100,100
relevancy_random_2,relevancy,random,2,1113437,8128798,attack,5,encoder_block_5,1.100590705871582,30,100,100
relevancy_random_2,relevancy,random,2,1113437,8128798,attack,6,encoder_block_6,1.0611329078674316,33,100,100
relevancy_random_2,relevancy,random,2,1113437,8128798,attack,7,encoder_block_7,1.040808916091919,32,100,100
relevancy_random_2,relevancy,random,2,1113437,8128798,attack,8,encoder_block_8,0.9900104999542236,42,100,100
relevancy_random_2,relevancy,random,2,1113437,8128798,attack,9,encoder_block_9,1.1217492818832395,36,100,100
relevancy_random_2,relevancy,random,2,1113437,8128798,attack,10,encoder_block_10,1.0876078605651855,33,100,100
relevancy_random_2,relevancy,random,2,1113437,8128798,attack,11,encoder_block_11,1.5662686824798584,20,100,100
relevancy_random_2,relevancy,random,2,1113437,8128798,attack,12,encoder_block_12,2.087419271469116,10,100,100
relevancy_random_2,relevancy,random,2,1114646,771368,original,0,embedding,0.8991603851318359,25,100,100
relevancy_random_2,relevancy,random,2,1114646,771368,original,1,encoder_block_1,-0.2152731418609619,79,100,100
relevancy_random_2,relevancy,random,2,1114646,771368,original,2,encoder_block_2,-0.3260955810546875,90,100,100
relevancy_random_2,relevancy,random,2,1114646,771368,original,3,encoder_block_3,-0.3272824287414551,90,100,100
relevancy_random_2,relevancy,random,2,1114646,771368,original,4,encoder_block_4,-0.3945298194885254,87,100,100
relevancy_random_2,relevancy,random,2,1114646,771368,original,5,encoder_block_5,-0.3273069858551025,73,100,100
relevancy_random_2,relevancy,random,2,1114646,771368,original,6,encoder_block_6,-0.564227819442749,84,100,100
relevancy_random_2,relevancy,random,2,1114646,771368,original,7,encoder_block_7,-0.4446010589599609,69,100,100
relevancy_random_2,relevancy,random,2,1114646,771368,original,8,encoder_block_8,-0.4270515441894531,74,100,100
relevancy_random_2,relevancy,random,2,1114646,771368,original,9,encoder_block_9,-0.078150987625122,66,100,100
relevancy_random_2,relevancy,random,2,1114646,771368,original,10,encoder_block_10,-0.363248348236084,30,100,100
relevancy_random_2,relevancy,random,2,1114646,771368,original,11,encoder_block_11,0.0972094535827636,11,100,100
relevancy_random_2,relevancy,random,2,1114646,771368,original,12,encoder_block_12,-5.759502410888672,22,100,100
relevancy_random_2,relevancy,random,2,1114646,771368,padded_control,0,embedding,0.8991589546203613,25,100,100
relevancy_random_2,relevancy,random,2,1114646,771368,padded_control,1,encoder_block_1,-0.2168397903442382,79,100,100
relevancy_random_2,relevancy,random,2,1114646,771368,padded_control,2,encoder_block_2,-0.3309416770935058,90,100,100
relevancy_random_2,relevancy,random,2,1114646,771368,padded_control,3,encoder_block_3,-0.3320784568786621,90,100,100
relevancy_random_2,relevancy,random,2,1114646,771368,padded_control,4,encoder_block_4,-0.4007737636566162,88,100,100
relevancy_random_2,relevancy,random,2,1114646,771368,padded_control,5,encoder_block_5,-0.3337278366088867,74,100,100
relevancy_random_2,relevancy,random,2,1114646,771368,padded_control,6,encoder_block_6,-0.5630888938903809,84,100,100
relevancy_random_2,relevancy,random,2,1114646,771368,padded_control,7,encoder_block_7,-0.4351241588592529,68,100,100
relevancy_random_2,relevancy,random,2,1114646,771368,padded_control,8,encoder_block_8,-0.430518627166748,74,100,100
relevancy_random_2,relevancy,random,2,1114646,771368,padded_control,9,encoder_block_9,-0.0907409191131591,66,100,100
relevancy_random_2,relevancy,random,2,1114646,771368,padded_control,10,encoder_block_10,-0.3387935161590576,29,100,100
relevancy_random_2,relevancy,random,2,1114646,771368,padded_control,11,encoder_block_11,0.1221160888671875,10,100,100
relevancy_random_2,relevancy,random,2,1114646,771368,padded_control,12,encoder_block_12,-5.616207122802734,21,100,100
relevancy_random_2,relevancy,random,2,1114646,771368,attack,0,embedding,0.9302725791931152,23,100,100
relevancy_random_2,relevancy,random,2,1114646,771368,attack,1,encoder_block_1,-0.0598242282867431,68,100,100
relevancy_random_2,relevancy,random,2,1114646,771368,attack,2,encoder_block_2,-0.198693037033081,80,100,100
relevancy_random_2,relevancy,random,2,1114646,771368,attack,3,encoder_block_3,-0.1513235569000244,78,100,100
relevancy_random_2,relevancy,random,2,1114646,771368,attack,4,encoder_block_4,-0.2598087787628174,79,100,100
relevancy_random_2,relevancy,random,2,1114646,771368,attack,5,encoder_block_5,-0.2401847839355468,67,100,100
relevancy_random_2,relevancy,random,2,1114646,771368,attack,6,encoder_block_6,-0.4768977165222168,75,100,100
relevancy_random_2,relevancy,random,2,1114646,771368,attack,7,encoder_block_7,-0.3556466102600097,59,100,100
relevancy_random_2,relevancy,random,2,1114646,771368,attack,8,encoder_block_8,-0.2853126525878906,62,100,100
relevancy_random_2,relevancy,random,2,1114646,771368,attack,9,encoder_block_9,0.0540790557861328,53,100,100
relevancy_random_2,relevancy,random,2,1114646,771368,attack,10,encoder_block_10,-0.2158851623535156,16,100,100
relevancy_random_2,relevancy,random,2,1114646,771368,attack,11,encoder_block_11,0.2320832014083862,9,100,100
relevancy_random_2,relevancy,random,2,1114646,771368,attack,12,encoder_block_12,-5.562264442443848,21,100,100
relevancy_random_2,relevancy,random,2,1114819,4890560,original,0,embedding,0.4533338546752929,74,100,100
relevancy_random_2,relevancy,random,2,1114819,4890560,original,1,encoder_block_1,0.5171561241149902,62,100,100
relevancy_random_2,relevancy,random,2,1114819,4890560,original,2,encoder_block_2,0.8233966827392578,50,100,100
relevancy_random_2,relevancy,random,2,1114819,4890560,original,3,encoder_block_3,0.8937191963195801,54,100,100
relevancy_random_2,relevancy,random,2,1114819,4890560,original,4,encoder_block_4,0.6585564613342285,71,100,100
relevancy_random_2,relevancy,random,2,1114819,4890560,original,5,encoder_block_5,0.5514228343963623,55,100,100
relevancy_random_2,relevancy,random,2,1114819,4890560,original,6,encoder_block_6,0.5663638114929199,51,100,100
relevancy_random_2,relevancy,random,2,1114819,4890560,original,7,encoder_block_7,0.6742615699768066,21,100,100
relevancy_random_2,relevancy,random,2,1114819,4890560,original,8,encoder_block_8,0.9947500228881836,15,100,100
relevancy_random_2,relevancy,random,2,1114819,4890560,original,9,encoder_block_9,1.2763137817382812,11,100,100
relevancy_random_2,relevancy,random,2,1114819,4890560,original,10,encoder_block_10,1.5079107284545898,7,100,100
relevancy_random_2,relevancy,random,2,1114819,4890560,original,11,encoder_block_11,3.185642719268799,6,100,100
relevancy_random_2,relevancy,random,2,1114819,4890560,original,12,encoder_block_12,5.389177322387695,5,100,100
relevancy_random_2,relevancy,random,2,1114819,4890560,padded_control,0,embedding,0.4533338546752929,74,100,100
relevancy_random_2,relevancy,random,2,1114819,4890560,padded_control,1,encoder_block_1,0.5039582252502441,63,100,100
relevancy_random_2,relevancy,random,2,1114819,4890560,padded_control,2,encoder_block_2,0.8188509941101074,50,100,100
relevancy_random_2,relevancy,random,2,1114819,4890560,padded_control,3,encoder_block_3,0.8942201137542725,54,100,100
relevancy_random_2,relevancy,random,2,1114819,4890560,padded_control,4,encoder_block_4,0.6583964824676514,72,100,100
relevancy_random_2,relevancy,random,2,1114819,4890560,padded_control,5,encoder_block_5,0.551626443862915,55,100,100
relevancy_random_2,relevancy,random,2,1114819,4890560,padded_control,6,encoder_block_6,0.5727136135101318,50,100,100
relevancy_random_2,relevancy,random,2,1114819,4890560,padded_control,7,encoder_block_7,0.6872284412384033,19,100,100
relevancy_random_2,relevancy,random,2,1114819,4890560,padded_control,8,encoder_block_8,0.9992480278015136,14,100,100
relevancy_random_2,relevancy,random,2,1114819,4890560,padded_control,9,encoder_block_9,1.2810392379760742,11,100,100
relevancy_random_2,relevancy,random,2,1114819,4890560,padded_control,10,encoder_block_10,1.520078182220459,7,100,100
relevancy_random_2,relevancy,random,2,1114819,4890560,padded_control,11,encoder_block_11,3.15622615814209,6,100,100
relevancy_random_2,relevancy,random,2,1114819,4890560,padded_control,12,encoder_block_12,5.3512115478515625,5,100,100
relevancy_random_2,relevancy,random,2,1114819,4890560,attack,0,embedding,0.4258890151977539,76,100,100
relevancy_random_2,relevancy,random,2,1114819,4890560,attack,1,encoder_block_1,0.6261436939239502,51,100,100
relevancy_random_2,relevancy,random,2,1114819,4890560,attack,2,encoder_block_2,0.93135666847229,36,100,100
relevancy_random_2,relevancy,random,2,1114819,4890560,attack,3,encoder_block_3,0.9565529823303224,44,100,100
relevancy_random_2,relevancy,random,2,1114819,4890560,attack,4,encoder_block_4,0.7002179622650146,63,100,100
relevancy_random_2,relevancy,random,2,1114819,4890560,attack,5,encoder_block_5,0.6411283016204834,38,100,100
relevancy_random_2,relevancy,random,2,1114819,4890560,attack,6,encoder_block_6,0.681210994720459,28,100,100
relevancy_random_2,relevancy,random,2,1114819,4890560,attack,7,encoder_block_7,0.814769983291626,11,100,100
relevancy_random_2,relevancy,random,2,1114819,4890560,attack,8,encoder_block_8,1.1345796585083008,10,100,100
relevancy_random_2,relevancy,random,2,1114819,4890560,attack,9,encoder_block_9,1.4430208206176758,7,100,100
relevancy_random_2,relevancy,random,2,1114819,4890560,attack,10,encoder_block_10,1.7729215621948242,6,100,100
relevancy_random_2,relevancy,random,2,1114819,4890560,attack,11,encoder_block_11,3.360116004943848,6,100,100
relevancy_random_2,relevancy,random,2,1114819,4890560,attack,12,encoder_block_12,5.430675506591797,5,100,100
relevancy_random_2,relevancy,random,2,1115776,8106318,original,0,embedding,0.4300417900085449,49,100,100
relevancy_random_2,relevancy,random,2,1115776,8106318,original,1,encoder_block_1,0.502161979675293,23,100,100
relevancy_random_2,relevancy,random,2,1115776,8106318,original,2,encoder_block_2,0.6687197685241699,23,100,100
relevancy_random_2,relevancy,random,2,1115776,8106318,original,3,encoder_block_3,0.8330013751983643,15,100,100
relevancy_random_2,relevancy,random,2,1115776,8106318,original,4,encoder_block_4,0.862576961517334,16,100,100
relevancy_random_2,relevancy,random,2,1115776,8106318,original,5,encoder_block_5,0.6732587814331055,15,100,100
relevancy_random_2,relevancy,random,2,1115776,8106318,original,6,encoder_block_6,0.6080319881439209,17,100,100
relevancy_random_2,relevancy,random,2,1115776,8106318,original,7,encoder_block_7,0.5627334117889404,17,100,100
relevancy_random_2,relevancy,random,2,1115776,8106318,original,8,encoder_block_8,0.5992584228515625,19,100,100
relevancy_random_2,relevancy,random,2,1115776,8106318,original,9,encoder_block_9,0.4895627498626709,24,100,100
relevancy_random_2,relevancy,random,2,1115776,8106318,original,10,encoder_block_10,-0.3291569948196411,28,100,100
relevancy_random_2,relevancy,random,2,1115776,8106318,original,11,encoder_block_11,-0.3736042976379394,19,100,100
relevancy_random_2,relevancy,random,2,1115776,8106318,original,12,encoder_block_12,-3.873445987701416,24,100,100
relevancy_random_2,relevancy,random,2,1115776,8106318,padded_control,0,embedding,0.4300427436828613,49,100,100
relevancy_random_2,relevancy,random,2,1115776,8106318,padded_control,1,encoder_block_1,0.5105257034301758,23,100,100
relevancy_random_2,relevancy,random,2,1115776,8106318,padded_control,2,encoder_block_2,0.6642231941223145,23,100,100
relevancy_random_2,relevancy,random,2,1115776,8106318,padded_control,3,encoder_block_3,0.834113597869873,15,100,100
relevancy_random_2,relevancy,random,2,1115776,8106318,padded_control,4,encoder_block_4,0.8655917644500732,16,100,100
relevancy_random_2,relevancy,random,2,1115776,8106318,padded_control,5,encoder_block_5,0.6767840385437012,15,100,100
relevancy_random_2,relevancy,random,2,1115776,8106318,padded_control,6,encoder_block_6,0.6073281764984131,17,100,100
relevancy_random_2,relevancy,random,2,1115776,8106318,padded_control,7,encoder_block_7,0.5658574104309082,17,100,100
relevancy_random_2,relevancy,random,2,1115776,8106318,padded_control,8,encoder_block_8,0.5982797145843506,19,100,100
relevancy_random_2,relevancy,random,2,1115776,8106318,padded_control,9,encoder_block_9,0.4868016242980957,24,100,100
relevancy_random_2,relevancy,random,2,1115776,8106318,padded_control,10,encoder_block_10,-0.3293101787567138,28,100,100
relevancy_random_2,relevancy,random,2,1115776,8106318,padded_control,11,encoder_block_11,-0.3633862733840942,18,100,100
relevancy_random_2,relevancy,random,2,1115776,8106318,padded_control,12,encoder_block_12,-4.2147979736328125,24,100,100
relevancy_random_2,relevancy,random,2,1115776,8106318,attack,0,embedding,0.4829750061035156,46,100,100
relevancy_random_2,relevancy,random,2,1115776,8106318,attack,1,encoder_block_1,0.6436057090759277,20,100,100
relevancy_random_2,relevancy,random,2,1115776,8106318,attack,2,encoder_block_2,0.7397551536560059,19,100,100
relevancy_random_2,relevancy,random,2,1115776,8106318,attack,3,encoder_block_3,0.908045768737793,11,100,100
relevancy_random_2,relevancy,random,2,1115776,8106318,attack,4,encoder_block_4,0.9278969764709472,12,100,100
relevancy_random_2,relevancy,random,2,1115776,8106318,attack,5,encoder_block_5,0.7906262874603271,15,100,100
relevancy_random_2,relevancy,random,2,1115776,8106318,attack,6,encoder_block_6,0.744624137878418,13,100,100
relevancy_random_2,relevancy,random,2,1115776,8106318,attack,7,encoder_block_7,0.7070467472076416,11,100,100
relevancy_random_2,relevancy,random,2,1115776,8106318,attack,8,encoder_block_8,0.7512590885162354,13,100,100
relevancy_random_2,relevancy,random,2,1115776,8106318,attack,9,encoder_block_9,0.6294569969177246,16,100,100
relevancy_random_2,relevancy,random,2,1115776,8106318,attack,10,encoder_block_10,-0.1388005018234253,15,100,100
relevancy_random_2,relevancy,random,2,1115776,8106318,attack,11,encoder_block_11,-0.3401347398757934,18,100,100
relevancy_random_2,relevancy,random,2,1115776,8106318,attack,12,encoder_block_12,-5.115703582763672,25,100,100
relevancy_random_2,relevancy,random,2,1117099,1798620,original,0,embedding,-0.1211490631103515,89,100,100
relevancy_random_2,relevancy,random,2,1117099,1798620,original,1,encoder_block_1,-0.0816750526428222,69,100,100
relevancy_random_2,relevancy,random,2,1117099,1798620,original,2,encoder_block_2,0.1976561546325683,46,100,100
relevancy_random_2,relevancy,random,2,1117099,1798620,original,3,encoder_block_3,0.3560729026794433,32,100,100
relevancy_random_2,relevancy,random,2,1117099,1798620,original,4,encoder_block_4,0.4609498977661133,22,100,100
relevancy_random_2,relevancy,random,2,1117099,1798620,original,5,encoder_block_5,0.4454104900360107,20,100,100
relevancy_random_2,relevancy,random,2,1117099,1798620,original,6,encoder_block_6,0.2973945140838623,36,100,100
relevancy_random_2,relevancy,random,2,1117099,1798620,original,7,encoder_block_7,0.1617908477783203,43,100,100
relevancy_random_2,relevancy,random,2,1117099,1798620,original,8,encoder_block_8,0.1823940277099609,48,100,100
relevancy_random_2,relevancy,random,2,1117099,1798620,original,9,encoder_block_9,0.4112563133239746,37,100,100
relevancy_random_2,relevancy,random,2,1117099,1798620,original,10,encoder_block_10,0.5146245956420898,41,100,100
relevancy_random_2,relevancy,random,2,1117099,1798620,original,11,encoder_block_11,1.436370611190796,24,100,100
relevancy_random_2,relevancy,random,2,1117099,1798620,original,12,encoder_block_12,1.5566261410713196,27,100,100
relevancy_random_2,relevancy,random,2,1117099,1798620,padded_control,0,embedding,-0.1211500167846679,89,100,100
relevancy_random_2,relevancy,random,2,1117099,1798620,padded_control,1,encoder_block_1,-0.080873966217041,69,100,100
relevancy_random_2,relevancy,random,2,1117099,1798620,padded_control,2,encoder_block_2,0.2020196914672851,46,100,100
relevancy_random_2,relevancy,random,2,1117099,1798620,padded_control,3,encoder_block_3,0.3764533996582031,31,100,100
relevancy_random_2,relevancy,random,2,1117099,1798620,padded_control,4,encoder_block_4,0.4854683876037597,22,100,100
relevancy_random_2,relevancy,random,2,1117099,1798620,padded_control,5,encoder_block_5,0.4548702239990234,20,100,100
relevancy_random_2,relevancy,random,2,1117099,1798620,padded_control,6,encoder_block_6,0.2986829280853271,36,100,100
relevancy_random_2,relevancy,random,2,1117099,1798620,padded_control,7,encoder_block_7,0.1698405742645263,43,100,100
relevancy_random_2,relevancy,random,2,1117099,1798620,padded_control,8,encoder_block_8,0.193791389465332,48,100,100
relevancy_random_2,relevancy,random,2,1117099,1798620,padded_control,9,encoder_block_9,0.4117724895477295,37,100,100
relevancy_random_2,relevancy,random,2,1117099,1798620,padded_control,10,encoder_block_10,0.5184755325317383,40,100,100
relevancy_random_2,relevancy,random,2,1117099,1798620,padded_control,11,encoder_block_11,1.4792273044586182,21,100,100
relevancy_random_2,relevancy,random,2,1117099,1798620,padded_control,12,encoder_block_12,1.5335371494293213,27,100,100
relevancy_random_2,relevancy,random,2,1117099,1798620,attack,0,embedding,-0.0948195457458496,88,100,100
relevancy_random_2,relevancy,random,2,1117099,1798620,attack,1,encoder_block_1,-0.0077943801879882,63,100,100
relevancy_random_2,relevancy,random,2,1117099,1798620,attack,2,encoder_block_2,0.2550792694091797,44,100,100
relevancy_random_2,relevancy,random,2,1117099,1798620,attack,3,encoder_block_3,0.4017949104309082,29,100,100
relevancy_random_2,relevancy,random,2,1117099,1798620,attack,4,encoder_block_4,0.5787477493286133,20,100,100
relevancy_random_2,relevancy,random,2,1117099,1798620,attack,5,encoder_block_5,0.5464522838592529,16,100,100
relevancy_random_2,relevancy,random,2,1117099,1798620,attack,6,encoder_block_6,0.3962452411651611,24,100,100
relevancy_random_2,relevancy,random,2,1117099,1798620,attack,7,encoder_block_7,0.3053348064422607,32,100,100
relevancy_random_2,relevancy,random,2,1117099,1798620,attack,8,encoder_block_8,0.3610379695892334,39,100,100
relevancy_random_2,relevancy,random,2,1117099,1798620,attack,9,encoder_block_9,0.6259009838104248,21,100,100
relevancy_random_2,relevancy,random,2,1117099,1798620,attack,10,encoder_block_10,0.7656636238098145,19,100,100
relevancy_random_2,relevancy,random,2,1117099,1798620,attack,11,encoder_block_11,1.6182408332824707,17,100,100
relevancy_random_2,relevancy,random,2,1117099,1798620,attack,12,encoder_block_12,1.6860372126102448,27,100,100
relevancy_random_2,relevancy,random,2,1121402,188213,original,0,embedding,0.8888998031616211,35,100,100
relevancy_random_2,relevancy,random,2,1121402,188213,original,1,encoder_block_1,0.5044467449188232,49,100,100
relevancy_random_2,relevancy,random,2,1121402,188213,original,2,encoder_block_2,0.639972448348999,37,100,100
relevancy_random_2,relevancy,random,2,1121402,188213,original,3,encoder_block_3,0.7044320106506348,34,100,100
relevancy_random_2,relevancy,random,2,1121402,188213,original,4,encoder_block_4,0.7869665622711182,29,100,100
relevancy_random_2,relevancy,random,2,1121402,188213,original,5,encoder_block_5,0.8197591304779053,25,100,100
relevancy_random_2,relevancy,random,2,1121402,188213,original,6,encoder_block_6,0.8877537250518799,13,100,100
relevancy_random_2,relevancy,random,2,1121402,188213,original,7,encoder_block_7,0.9868974685668944,11,100,100
relevancy_random_2,relevancy,random,2,1121402,188213,original,8,encoder_block_8,1.233314037322998,7,100,100
relevancy_random_2,relevancy,random,2,1121402,188213,original,9,encoder_block_9,1.2798562049865725,4,100,100
relevancy_random_2,relevancy,random,2,1121402,188213,original,10,encoder_block_10,1.5612616539001465,1,100,100
relevancy_random_2,relevancy,random,2,1121402,188213,original,11,encoder_block_11,3.2060556411743164,2,100,100
relevancy_random_2,relevancy,random,2,1121402,188213,original,12,encoder_block_12,5.673476219177246,7,100,100
relevancy_random_2,relevancy,random,2,1121402,188213,padded_control,0,embedding,0.8889002799987793,35,100,100
relevancy_random_2,relevancy,random,2,1121402,188213,padded_control,1,encoder_block_1,0.5055766105651855,49,100,100
relevancy_random_2,relevancy,random,2,1121402,188213,padded_control,2,encoder_block_2,0.6395936012268066,37,100,100
relevancy_random_2,relevancy,random,2,1121402,188213,padded_control,3,encoder_block_3,0.6961913108825684,34,100,100
relevancy_random_2,relevancy,random,2,1121402,188213,padded_control,4,encoder_block_4,0.7679972648620605,30,100,100
relevancy_random_2,relevancy,random,2,1121402,188213,padded_control,5,encoder_block_5,0.8062641620635986,25,100,100
relevancy_random_2,relevancy,random,2,1121402,188213,padded_control,6,encoder_block_6,0.8762612342834473,14,100,100
relevancy_random_2,relevancy,random,2,1121402,188213,padded_control,7,encoder_block_7,0.9715824127197266,12,100,100
relevancy_random_2,relevancy,random,2,1121402,188213,padded_control,8,encoder_block_8,1.221116304397583,7,100,100
relevancy_random_2,relevancy,random,2,1121402,188213,padded_control,9,encoder_block_9,1.2727718353271484,4,100,100
relevancy_random_2,relevancy,random,2,1121402,188213,padded_control,10,encoder_block_10,1.564976692199707,1,100,100
relevancy_random_2,relevancy,random,2,1121402,188213,padded_control,11,encoder_block_11,3.195155143737793,2,100,100
relevancy_random_2,relevancy,random,2,1121402,188213,padded_control,12,encoder_block_12,5.646435737609863,7,100,100
relevancy_random_2,relevancy,random,2,1121402,188213,attack,0,embedding,0.8451471328735352,38,100,100
relevancy_random_2,relevancy,random,2,1121402,188213,attack,1,encoder_block_1,0.5863375663757324,42,100,100
relevancy_random_2,relevancy,random,2,1121402,188213,attack,2,encoder_block_2,0.7384600639343262,31,100,100
relevancy_random_2,relevancy,random,2,1121402,188213,attack,3,encoder_block_3,0.7840960025787354,26,100,100
relevancy_random_2,relevancy,random,2,1121402,188213,attack,4,encoder_block_4,0.8614504337310791,24,100,100
relevancy_random_2,relevancy,random,2,1121402,188213,attack,5,encoder_block_5,0.8677244186401367,20,100,100
relevancy_random_2,relevancy,random,2,1121402,188213,attack,6,encoder_block_6,0.9208929538726808,12,100,100
relevancy_random_2,relevancy,random,2,1121402,188213,attack,7,encoder_block_7,0.9831151962280272,12,100,100
relevancy_random_2,relevancy,random,2,1121402,188213,attack,8,encoder_block_8,1.2489755153656006,7,100,100
relevancy_random_2,relevancy,random,2,1121402,188213,attack,9,encoder_block_9,1.290680170059204,4,100,100
relevancy_random_2,relevancy,random,2,1121402,188213,attack,10,encoder_block_10,1.572998046875,1,100,100
relevancy_random_2,relevancy,random,2,1121402,188213,attack,11,encoder_block_11,3.213517189025879,2,100,100
relevancy_random_2,relevancy,random,2,1121402,188213,attack,12,encoder_block_12,5.6883087158203125,7,100,100
relevancy_random_2,relevancy,random,2,1121709,4965913,original,0,embedding,0.8041567802429199,23,100,100
relevancy_random_2,relevancy,random,2,1121709,4965913,original,1,encoder_block_1,0.7356715202331543,12,100,100
relevancy_random_2,relevancy,random,2,1121709,4965913,original,2,encoder_block_2,0.9515345096588136,21,100,100
relevancy_random_2,relevancy,random,2,1121709,4965913,original,3,encoder_block_3,0.9222359657287598,20,100,100
relevancy_random_2,relevancy,random,2,1121709,4965913,original,4,encoder_block_4,1.121793270111084,19,100,100
relevancy_random_2,relevancy,random,2,1121709,4965913,original,5,encoder_block_5,0.9158687591552734,24,100,100
relevancy_random_2,relevancy,random,2,1121709,4965913,original,6,encoder_block_6,0.9815237522125244,22,100,100
relevancy_random_2,relevancy,random,2,1121709,4965913,original,7,encoder_block_7,0.7581958770751953,54,100,100
relevancy_random_2,relevancy,random,2,1121709,4965913,original,8,encoder_block_8,0.6804499626159668,57,100,100
relevancy_random_2,relevancy,random,2,1121709,4965913,original,9,encoder_block_9,0.7687574625015259,60,100,100
relevancy_random_2,relevancy,random,2,1121709,4965913,original,10,encoder_block_10,-0.2624013423919678,86,100,100
relevancy_random_2,relevancy,random,2,1121709,4965913,original,11,encoder_block_11,-3.231502056121826,72,100,100
relevancy_random_2,relevancy,random,2,1121709,4965913,original,12,encoder_block_12,-13.548770904541016,86,100,100
relevancy_random_2,relevancy,random,2,1121709,4965913,padded_control,0,embedding,0.8041565418243408,23,100,100
relevancy_random_2,relevancy,random,2,1121709,4965913,padded_control,1,encoder_block_1,0.7299203872680664,13,100,100
relevancy_random_2,relevancy,random,2,1121709,4965913,padded_control,2,encoder_block_2,0.9489700794219972,21,100,100
relevancy_random_2,relevancy,random,2,1121709,4965913,padded_control,3,encoder_block_3,0.9258832931518556,20,100,100
relevancy_random_2,relevancy,random,2,1121709,4965913,padded_control,4,encoder_block_4,1.1232922077178955,19,100,100
relevancy_random_2,relevancy,random,2,1121709,4965913,padded_control,5,encoder_block_5,0.9111242294311525,24,100,100
relevancy_random_2,relevancy,random,2,1121709,4965913,padded_control,6,encoder_block_6,0.9785574674606324,22,100,100
relevancy_random_2,relevancy,random,2,1121709,4965913,padded_control,7,encoder_block_7,0.750810980796814,54,100,100
relevancy_random_2,relevancy,random,2,1121709,4965913,padded_control,8,encoder_block_8,0.6836504936218262,56,100,100
relevancy_random_2,relevancy,random,2,1121709,4965913,padded_control,9,encoder_block_9,0.7853986024856567,60,100,100
relevancy_random_2,relevancy,random,2,1121709,4965913,padded_control,10,encoder_block_10,-0.2618156969547272,86,100,100
relevancy_random_2,relevancy,random,2,1121709,4965913,padded_control,11,encoder_block_11,-3.265877485275269,73,100,100
relevancy_random_2,relevancy,random,2,1121709,4965913,padded_control,12,encoder_block_12,-13.52512550354004,85,100,100
relevancy_random_2,relevancy,random,2,1121709,4965913,attack,0,embedding,0.841160774230957,20,100,100
relevancy_random_2,relevancy,random,2,1121709,4965913,attack,1,encoder_block_1,0.8366167545318604,9,100,100
relevancy_random_2,relevancy,random,2,1121709,4965913,attack,2,encoder_block_2,1.0754938125610352,13,100,100
relevancy_random_2,relevancy,random,2,1121709,4965913,attack,3,encoder_block_3,1.0360379219055176,15,100,100
relevancy_random_2,relevancy,random,2,1121709,4965913,attack,4,encoder_block_4,1.223585605621338,15,100,100
relevancy_random_2,relevancy,random,2,1121709,4965913,attack,5,encoder_block_5,0.9859230518341064,20,100,100
relevancy_random_2,relevancy,random,2,1121709,4965913,attack,6,encoder_block_6,1.0596463680267334,21,100,100
relevancy_random_2,relevancy,random,2,1121709,4965913,attack,7,encoder_block_7,0.8304948806762695,46,100,100
relevancy_random_2,relevancy,random,2,1121709,4965913,attack,8,encoder_block_8,0.78410804271698,49,100,100
relevancy_random_2,relevancy,random,2,1121709,4965913,attack,9,encoder_block_9,0.8964526653289795,45,100,100
relevancy_random_2,relevancy,random,2,1121709,4965913,attack,10,encoder_block_10,-0.1178134679794311,72,100,100
relevancy_random_2,relevancy,random,2,1121709,4965913,attack,11,encoder_block_11,-3.363336563110352,73,100,100
relevancy_random_2,relevancy,random,2,1121709,4965913,attack,12,encoder_block_12,-13.475318908691406,82,100,100
relevancy_random_2,relevancy,random,2,1124210,8026740,original,0,embedding,0.7269232273101807,17,100,100
relevancy_random_2,relevancy,random,2,1124210,8026740,original,1,encoder_block_1,0.4585821628570556,30,100,100
relevancy_random_2,relevancy,random,2,1124210,8026740,original,2,encoder_block_2,0.5466594696044922,33,100,100
relevancy_random_2,relevancy,random,2,1124210,8026740,original,3,encoder_block_3,0.7159969806671143,25,100,100
relevancy_random_2,relevancy,random,2,1124210,8026740,original,4,encoder_block_4,0.8464562892913818,19,100,100
relevancy_random_2,relevancy,random,2,1124210,8026740,original,5,encoder_block_5,0.8713822364807129,11,100,100
relevancy_random_2,relevancy,random,2,1124210,8026740,original,6,encoder_block_6,0.7868921756744385,11,100,100
relevancy_random_2,relevancy,random,2,1124210,8026740,original,7,encoder_block_7,0.9112682342529296,10,100,100
relevancy_random_2,relevancy,random,2,1124210,8026740,original,8,encoder_block_8,0.8616187572479248,13,100,100
relevancy_random_2,relevancy,random,2,1124210,8026740,original,9,encoder_block_9,0.9398579597473145,9,100,100
relevancy_random_2,relevancy,random,2,1124210,8026740,original,10,encoder_block_10,0.7700507640838623,8,100,100
relevancy_random_2,relevancy,random,2,1124210,8026740,original,11,encoder_block_11,0.5469598770141602,18,100,100
relevancy_random_2,relevancy,random,2,1124210,8026740,original,12,encoder_block_12,-1.4280482530593872,20,100,100
relevancy_random_2,relevancy,random,2,1124210,8026740,padded_control,0,embedding,0.7269234657287598,17,100,100
relevancy_random_2,relevancy,random,2,1124210,8026740,padded_control,1,encoder_block_1,0.4608988761901855,30,100,100
relevancy_random_2,relevancy,random,2,1124210,8026740,padded_control,2,encoder_block_2,0.5469374656677246,33,100,100
relevancy_random_2,relevancy,random,2,1124210,8026740,padded_control,3,encoder_block_3,0.7223658561706543,23,100,100
relevancy_random_2,relevancy,random,2,1124210,8026740,padded_control,4,encoder_block_4,0.8563461303710938,19,100,100
relevancy_random_2,relevancy,random,2,1124210,8026740,padded_control,5,encoder_block_5,0.8796663284301758,11,100,100
relevancy_random_2,relevancy,random,2,1124210,8026740,padded_control,6,encoder_block_6,0.7984344959259033,11,100,100
relevancy_random_2,relevancy,random,2,1124210,8026740,padded_control,7,encoder_block_7,0.9328973293304444,8,100,100
relevancy_random_2,relevancy,random,2,1124210,8026740,padded_control,8,encoder_block_8,0.8764779567718506,12,100,100
relevancy_random_2,relevancy,random,2,1124210,8026740,padded_control,9,encoder_block_9,0.9566586017608644,9,100,100
relevancy_random_2,relevancy,random,2,1124210,8026740,padded_control,10,encoder_block_10,0.7858400344848633,8,100,100
relevancy_random_2,relevancy,random,2,1124210,8026740,padded_control,11,encoder_block_11,0.5545220375061035,18,100,100
relevancy_random_2,relevancy,random,2,1124210,8026740,padded_control,12,encoder_block_12,-1.371986210346222,20,100,100
relevancy_random_2,relevancy,random,2,1124210,8026740,attack,0,embedding,0.7153456211090088,18,100,100
relevancy_random_2,relevancy,random,2,1124210,8026740,attack,1,encoder_block_1,0.5374922752380371,21,100,100
relevancy_random_2,relevancy,random,2,1124210,8026740,attack,2,encoder_block_2,0.6224851608276367,27,100,100
relevancy_random_2,relevancy,random,2,1124210,8026740,attack,3,encoder_block_3,0.8453357219696045,14,100,100
relevancy_random_2,relevancy,random,2,1124210,8026740,attack,4,encoder_block_4,0.9810962677001952,11,100,100
relevancy_random_2,relevancy,random,2,1124210,8026740,attack,5,encoder_block_5,1.0272564888000488,4,100,100
relevancy_random_2,relevancy,random,2,1124210,8026740,attack,6,encoder_block_6,0.9391429424285888,5,100,100
relevancy_random_2,relevancy,random,2,1124210,8026740,attack,7,encoder_block_7,1.0583500862121582,7,100,100
relevancy_random_2,relevancy,random,2,1124210,8026740,attack,8,encoder_block_8,1.0251154899597168,6,100,100
relevancy_random_2,relevancy,random,2,1124210,8026740,attack,9,encoder_block_9,1.1137008666992188,6,100,100
relevancy_random_2,relevancy,random,2,1124210,8026740,attack,10,encoder_block_10,0.9389772415161132,6,100,100
relevancy_random_2,relevancy,random,2,1124210,8026740,attack,11,encoder_block_11,0.6312301158905029,15,100,100
relevancy_random_2,relevancy,random,2,1124210,8026740,attack,12,encoder_block_12,-1.4119638204574585,20,100,100
relevancy_random_2,relevancy,random,2,1129237,128984,original,0,embedding,-0.4268803596496582,76,100,100
relevancy_random_2,relevancy,random,2,1129237,128984,original,1,encoder_block_1,-0.4387106895446777,60,100,100
relevancy_random_2,relevancy,random,2,1129237,128984,original,2,encoder_block_2,-0.1150264739990234,58,100,100
relevancy_random_2,relevancy,random,2,1129237,128984,original,3,encoder_block_3,0.0110878944396972,48,100,100
relevancy_random_2,relevancy,random,2,1129237,128984,original,4,encoder_block_4,-0.0581402778625488,57,100,100
relevancy_random_2,relevancy,random,2,1129237,128984,original,5,encoder_block_5,-0.2186312675476074,57,100,100
relevancy_random_2,relevancy,random,2,1129237,128984,original,6,encoder_block_6,-0.3394663333892822,68,100,100
relevancy_random_2,relevancy,random,2,1129237,128984,original,7,encoder_block_7,-0.3060479164123535,58,100,100
relevancy_random_2,relevancy,random,2,1129237,128984,original,8,encoder_block_8,-0.2279157638549804,53,100,100
relevancy_random_2,relevancy,random,2,1129237,128984,original,9,encoder_block_9,0.054624319076538,30,100,100
relevancy_random_2,relevancy,random,2,1129237,128984,original,10,encoder_block_10,0.5939323902130127,8,100,100
relevancy_random_2,relevancy,random,2,1129237,128984,original,11,encoder_block_11,2.355377674102783,3,100,100
relevancy_random_2,relevancy,random,2,1129237,128984,original,12,encoder_block_12,3.980635643005371,3,100,100
relevancy_random_2,relevancy,random,2,1129237,128984,padded_control,0,embedding,-0.4268808364868164,76,100,100
relevancy_random_2,relevancy,random,2,1129237,128984,padded_control,1,encoder_block_1,-0.4399785995483398,60,100,100
relevancy_random_2,relevancy,random,2,1129237,128984,padded_control,2,encoder_block_2,-0.1129250526428222,58,100,100
relevancy_random_2,relevancy,random,2,1129237,128984,padded_control,3,encoder_block_3,0.0075807571411132,48,100,100
relevancy_random_2,relevancy,random,2,1129237,128984,padded_control,4,encoder_block_4,-0.0635657310485839,57,100,100
relevancy_random_2,relevancy,random,2,1129237,128984,padded_control,5,encoder_block_5,-0.2201671600341797,57,100,100
relevancy_random_2,relevancy,random,2,1129237,128984,padded_control,6,encoder_block_6,-0.3432455062866211,68,100,100
relevancy_random_2,relevancy,random,2,1129237,128984,padded_control,7,encoder_block_7,-0.310068130493164,59,100,100
relevancy_random_2,relevancy,random,2,1129237,128984,padded_control,8,encoder_block_8,-0.2305908203125,53,100,100
relevancy_random_2,relevancy,random,2,1129237,128984,padded_control,9,encoder_block_9,0.0516362190246582,30,100,100
relevancy_random_2,relevancy,random,2,1129237,128984,padded_control,10,encoder_block_10,0.581989049911499,8,100,100
relevancy_random_2,relevancy,random,2,1129237,128984,padded_control,11,encoder_block_11,2.3274474143981934,3,100,100
relevancy_random_2,relevancy,random,2,1129237,128984,padded_control,12,encoder_block_12,3.9621214866638175,3,100,100
relevancy_random_2,relevancy,random,2,1129237,128984,attack,0,embedding,-0.4072728157043457,75,100,100
relevancy_random_2,relevancy,random,2,1129237,128984,attack,1,encoder_block_1,-0.2682023048400879,46,100,100
relevancy_random_2,relevancy,random,2,1129237,128984,attack,2,encoder_block_2,0.028576374053955,45,100,100
relevancy_random_2,relevancy,random,2,1129237,128984,attack,3,encoder_block_3,0.1228857040405273,36,100,100
relevancy_random_2,relevancy,random,2,1129237,128984,attack,4,encoder_block_4,0.0941267013549804,35,100,100
relevancy_random_2,relevancy,random,2,1129237,128984,attack,5,encoder_block_5,-0.0756330490112304,38,100,100
relevancy_random_2,relevancy,random,2,1129237,128984,attack,6,encoder_block_6,-0.2074048519134521,51,100,100
relevancy_random_2,relevancy,random,2,1129237,128984,attack,7,encoder_block_7,-0.2085309028625488,54,100,100
relevancy_random_2,relevancy,random,2,1129237,128984,attack,8,encoder_block_8,-0.1080670356750488,45,100,100
relevancy_random_2,relevancy,random,2,1129237,128984,attack,9,encoder_block_9,0.1604797840118408,21,100,100
relevancy_random_2,relevancy,random,2,1129237,128984,attack,10,encoder_block_10,0.6177976131439209,7,100,100
relevancy_random_2,relevancy,random,2,1129237,128984,attack,11,encoder_block_11,2.33996844291687,3,100,100
relevancy_random_2,relevancy,random,2,1129237,128984,attack,12,encoder_block_12,3.865581512451172,3,100,100
relevancy_random_2,relevancy,random,2,1133167,6467522,original,0,embedding,-0.6135129928588867,76,100,100
relevancy_random_2,relevancy,random,2,1133167,6467522,original,1,encoder_block_1,-0.2902951240539551,45,100,100
relevancy_random_2,relevancy,random,2,1133167,6467522,original,2,encoder_block_2,-0.3189535140991211,63,100,100
relevancy_random_2,relevancy,random,2,1133167,6467522,original,3,encoder_block_3,-0.3630611896514892,62,100,100
relevancy_random_2,relevancy,random,2,1133167,6467522,original,4,encoder_block_4,-0.0748136043548584,49,100,100
relevancy_random_2,relevancy,random,2,1133167,6467522,original,5,encoder_block_5,-0.0454061031341552,29,100,100
relevancy_random_2,relevancy,random,2,1133167,6467522,original,6,encoder_block_6,-0.0803050994873046,41,100,100
relevancy_random_2,relevancy,random,2,1133167,6467522,original,7,encoder_block_7,-0.1687588691711425,61,100,100
relevancy_random_2,relevancy,random,2,1133167,6467522,original,8,encoder_block_8,-0.0124731063842773,53,100,100
relevancy_random_2,relevancy,random,2,1133167,6467522,original,9,encoder_block_9,0.0904874801635742,52,100,100
relevancy_random_2,relevancy,random,2,1133167,6467522,original,10,encoder_block_10,-0.5169878005981445,63,100,100
relevancy_random_2,relevancy,random,2,1133167,6467522,original,11,encoder_block_11,-0.0270392894744873,60,100,100
relevancy_random_2,relevancy,random,2,1133167,6467522,original,12,encoder_block_12,-0.1112823486328125,67,100,100
relevancy_random_2,relevancy,random,2,1133167,6467522,padded_control,0,embedding,-0.6135144233703613,76,100,100
relevancy_random_2,relevancy,random,2,1133167,6467522,padded_control,1,encoder_block_1,-0.2852354049682617,45,100,100
relevancy_random_2,relevancy,random,2,1133167,6467522,padded_control,2,encoder_block_2,-0.3161401748657226,63,100,100
relevancy_random_2,relevancy,random,2,1133167,6467522,padded_control,3,encoder_block_3,-0.3710732460021972,63,100,100
relevancy_random_2,relevancy,random,2,1133167,6467522,padded_control,4,encoder_block_4,-0.0906043052673339,49,100,100
relevancy_random_2,relevancy,random,2,1133167,6467522,padded_control,5,encoder_block_5,-0.0537340641021728,29,100,100
relevancy_random_2,relevancy,random,2,1133167,6467522,padded_control,6,encoder_block_6,-0.0899586677551269,41,100,100
relevancy_random_2,relevancy,random,2,1133167,6467522,padded_control,7,encoder_block_7,-0.1724205017089843,61,100,100
relevancy_random_2,relevancy,random,2,1133167,6467522,padded_control,8,encoder_block_8,-0.0204062461853027,53,100,100
relevancy_random_2,relevancy,random,2,1133167,6467522,padded_control,9,encoder_block_9,0.0882387161254882,53,100,100
relevancy_random_2,relevancy,random,2,1133167,6467522,padded_control,10,encoder_block_10,-0.5436019897460938,63,100,100
relevancy_random_2,relevancy,random,2,1133167,6467522,padded_control,11,encoder_block_11,-0.0785822868347168,63,100,100
relevancy_random_2,relevancy,random,2,1133167,6467522,padded_control,12,encoder_block_12,-0.1921733617782592,67,100,100
relevancy_random_2,relevancy,random,2,1133167,6467522,attack,0,embedding,-0.587958812713623,75,100,100
relevancy_random_2,relevancy,random,2,1133167,6467522,attack,1,encoder_block_1,-0.2013101577758789,36,100,100
relevancy_random_2,relevancy,random,2,1133167,6467522,attack,2,encoder_block_2,-0.2295618057250976,54,100,100
relevancy_random_2,relevancy,random,2,1133167,6467522,attack,3,encoder_block_3,-0.2422003746032714,48,100,100
relevancy_random_2,relevancy,random,2,1133167,6467522,attack,4,encoder_block_4,0.0660047531127929,27,100,100
relevancy_random_2,relevancy,random,2,1133167,6467522,attack,5,encoder_block_5,0.0997166633605957,18,100,100
relevancy_random_2,relevancy,random,2,1133167,6467522,attack,6,encoder_block_6,0.0688366889953613,25,100,100
relevancy_random_2,relevancy,random,2,1133167,6467522,attack,7,encoder_block_7,-0.0530178546905517,50,100,100
relevancy_random_2,relevancy,random,2,1133167,6467522,attack,8,encoder_block_8,0.0747487545013427,49,100,100
relevancy_random_2,relevancy,random,2,1133167,6467522,attack,9,encoder_block_9,0.1647319793701172,42,100,100
relevancy_random_2,relevancy,random,2,1133167,6467522,attack,10,encoder_block_10,-0.5115828514099121,63,100,100
relevancy_random_2,relevancy,random,2,1133167,6467522,attack,11,encoder_block_11,-0.1504726409912109,64,100,100
relevancy_random_2,relevancy,random,2,1133167,6467522,attack,12,encoder_block_12,-0.9107259511947632,70,100,100
relevancy_random_2,relevancy,random,2,130510,7501563,original,0,embedding,0.2935273647308349,62,100,100
relevancy_random_2,relevancy,random,2,130510,7501563,original,1,encoder_block_1,-0.0269794464111328,63,100,100
relevancy_random_2,relevancy,random,2,130510,7501563,original,2,encoder_block_2,0.2684071063995361,54,100,100
relevancy_random_2,relevancy,random,2,130510,7501563,original,3,encoder_block_3,0.1043019294738769,54,100,100
relevancy_random_2,relevancy,random,2,130510,7501563,original,4,encoder_block_4,0.1415843963623047,43,100,100
relevancy_random_2,relevancy,random,2,130510,7501563,original,5,encoder_block_5,0.3153901100158691,31,100,100
relevancy_random_2,relevancy,random,2,130510,7501563,original,6,encoder_block_6,0.3311595916748047,22,100,100
relevancy_random_2,relevancy,random,2,130510,7501563,original,7,encoder_block_7,0.3659005165100097,25,100,100
relevancy_random_2,relevancy,random,2,130510,7501563,original,8,encoder_block_8,0.2777400016784668,38,100,100
relevancy_random_2,relevancy,random,2,130510,7501563,original,9,encoder_block_9,0.5110898017883301,26,100,100
relevancy_random_2,relevancy,random,2,130510,7501563,original,10,encoder_block_10,0.0353047847747802,47,100,100
relevancy_random_2,relevancy,random,2,130510,7501563,original,11,encoder_block_11,0.0545588731765747,20,100,100
relevancy_random_2,relevancy,random,2,130510,7501563,original,12,encoder_block_12,-6.9109601974487305,22,100,100
relevancy_random_2,relevancy,random,2,130510,7501563,padded_control,0,embedding,0.2935273647308349,62,100,100
relevancy_random_2,relevancy,random,2,130510,7501563,padded_control,1,encoder_block_1,-0.0316767692565918,63,100,100
relevancy_random_2,relevancy,random,2,130510,7501563,padded_control,2,encoder_block_2,0.2672028541564941,54,100,100
relevancy_random_2,relevancy,random,2,130510,7501563,padded_control,3,encoder_block_3,0.1026792526245117,54,100,100
relevancy_random_2,relevancy,random,2,130510,7501563,padded_control,4,encoder_block_4,0.1414566040039062,43,100,100
relevancy_random_2,relevancy,random,2,130510,7501563,padded_control,5,encoder_block_5,0.3133730888366699,33,100,100
relevancy_random_2,relevancy,random,2,130510,7501563,padded_control,6,encoder_block_6,0.3210175037384033,22,100,100
relevancy_random_2,relevancy,random,2,130510,7501563,padded_control,7,encoder_block_7,0.3596174716949463,26,100,100
relevancy_random_2,relevancy,random,2,130510,7501563,padded_control,8,encoder_block_8,0.2846474647521972,38,100,100
relevancy_random_2,relevancy,random,2,130510,7501563,padded_control,9,encoder_block_9,0.5147151947021484,25,100,100
relevancy_random_2,relevancy,random,2,130510,7501563,padded_control,10,encoder_block_10,0.0669213533401489,44,100,100
relevancy_random_2,relevancy,random,2,130510,7501563,padded_control,11,encoder_block_11,0.1425183415412902,20,100,100
relevancy_random_2,relevancy,random,2,130510,7501563,padded_control,12,encoder_block_12,-6.541427612304688,22,100,100
relevancy_random_2,relevancy,random,2,130510,7501563,attack,0,embedding,0.3327353000640869,58,100,100
relevancy_random_2,relevancy,random,2,130510,7501563,attack,1,encoder_block_1,0.0821669101715087,46,100,100
relevancy_random_2,relevancy,random,2,130510,7501563,attack,2,encoder_block_2,0.3695242404937744,39,100,100
relevancy_random_2,relevancy,random,2,130510,7501563,attack,3,encoder_block_3,0.2204329967498779,42,100,100
relevancy_random_2,relevancy,random,2,130510,7501563,attack,4,encoder_block_4,0.2674376964569092,28,100,100
relevancy_random_2,relevancy,random,2,130510,7501563,attack,5,encoder_block_5,0.4468967914581299,16,100,100
relevancy_random_2,relevancy,random,2,130510,7501563,attack,6,encoder_block_6,0.4720664024353027,11,100,100
relevancy_random_2,relevancy,random,2,130510,7501563,attack,7,encoder_block_7,0.5219404697418213,13,100,100
relevancy_random_2,relevancy,random,2,130510,7501563,attack,8,encoder_block_8,0.4611682891845703,20,100,100
relevancy_random_2,relevancy,random,2,130510,7501563,attack,9,encoder_block_9,0.7061291933059692,16,100,100
relevancy_random_2,relevancy,random,2,130510,7501563,attack,10,encoder_block_10,0.2951028347015381,28,100,100
relevancy_random_2,relevancy,random,2,130510,7501563,attack,11,encoder_block_11,0.2895488142967224,20,100,100
relevancy_random_2,relevancy,random,2,130510,7501563,attack,12,encoder_block_12,-6.745713233947754,22,100,100
relevancy_random_2,relevancy,random,2,131843,985994,original,0,embedding,-0.4775824546813965,95,100,100
relevancy_random_2,relevancy,random,2,131843,985994,original,1,encoder_block_1,-0.5464203357696533,89,100,100
relevancy_random_2,relevancy,random,2,131843,985994,original,2,encoder_block_2,-0.438441514968872,95,100,100
relevancy_random_2,relevancy,random,2,131843,985994,original,3,encoder_block_3,-0.2846963405609131,91,100,100
relevancy_random_2,relevancy,random,2,131843,985994,original,4,encoder_block_4,-0.3300440311431885,95,100,100
relevancy_random_2,relevancy,random,2,131843,985994,original,5,encoder_block_5,-0.3477847576141357,96,100,100
relevancy_random_2,relevancy,random,2,131843,985994,original,6,encoder_block_6,-0.3066892623901367,98,100,100
relevancy_random_2,relevancy,random,2,131843,985994,original,7,encoder_block_7,-0.0828922986984252,91,100,100
relevancy_random_2,relevancy,random,2,131843,985994,original,8,encoder_block_8,0.124746561050415,52,100,100
relevancy_random_2,relevancy,random,2,131843,985994,original,9,encoder_block_9,0.4970574378967285,27,100,100
relevancy_random_2,relevancy,random,2,131843,985994,original,10,encoder_block_10,0.8721580505371094,5,100,100
relevancy_random_2,relevancy,random,2,131843,985994,original,11,encoder_block_11,2.727198600769043,3,100,100
relevancy_random_2,relevancy,random,2,131843,985994,original,12,encoder_block_12,4.251490592956543,3,100,100
relevancy_random_2,relevancy,random,2,131843,985994,padded_control,0,embedding,-0.4775829315185547,95,100,100
relevancy_random_2,relevancy,random,2,131843,985994,padded_control,1,encoder_block_1,-0.5401468276977539,89,100,100
relevancy_random_2,relevancy,random,2,131843,985994,padded_control,2,encoder_block_2,-0.4433197975158691,95,100,100
relevancy_random_2,relevancy,random,2,131843,985994,padded_control,3,encoder_block_3,-0.3091654777526855,91,100,100
relevancy_random_2,relevancy,random,2,131843,985994,padded_control,4,encoder_block_4,-0.3526382446289062,95,100,100
relevancy_random_2,relevancy,random,2,131843,985994,padded_control,5,encoder_block_5,-0.3762550354003906,97,100,100
relevancy_random_2,relevancy,random,2,131843,985994,padded_control,6,encoder_block_6,-0.3118683099746704,98,100,100
relevancy_random_2,relevancy,random,2,131843,985994,padded_control,7,encoder_block_7,-0.0781137943267822,91,100,100
relevancy_random_2,relevancy,random,2,131843,985994,padded_control,8,encoder_block_8,0.1247472763061523,52,100,100
relevancy_random_2,relevancy,random,2,131843,985994,padded_control,9,encoder_block_9,0.5075192451477051,27,100,100
relevancy_random_2,relevancy,random,2,131843,985994,padded_control,10,encoder_block_10,0.8877151012420654,5,100,100
relevancy_random_2,relevancy,random,2,131843,985994,padded_control,11,encoder_block_11,2.75553035736084,2,100,100
relevancy_random_2,relevancy,random,2,131843,985994,padded_control,12,encoder_block_12,4.215099811553955,3,100,100
relevancy_random_2,relevancy,random,2,131843,985994,attack,0,embedding,-0.4999196529388428,95,100,100
relevancy_random_2,relevancy,random,2,131843,985994,attack,1,encoder_block_1,-0.2760260105133056,88,100,100
relevancy_random_2,relevancy,random,2,131843,985994,attack,2,encoder_block_2,-0.2121803760528564,89,100,100
relevancy_random_2,relevancy,random,2,131843,985994,attack,3,encoder_block_3,-0.1501340866088867,88,100,100
relevancy_random_2,relevancy,random,2,131843,985994,attack,4,encoder_block_4,-0.1984144449234008,91,100,100
relevancy_random_2,relevancy,random,2,131843,985994,attack,5,encoder_block_5,-0.1943310499191284,94,100,100
relevancy_random_2,relevancy,random,2,131843,985994,attack,6,encoder_block_6,-0.0639313459396362,93,100,100
relevancy_random_2,relevancy,random,2,131843,985994,attack,7,encoder_block_7,0.1407853364944458,69,100,100
relevancy_random_2,relevancy,random,2,131843,985994,attack,8,encoder_block_8,0.3712798357009887,24,100,100
relevancy_random_2,relevancy,random,2,131843,985994,attack,9,encoder_block_9,0.7528795003890991,13,100,100
relevancy_random_2,relevancy,random,2,131843,985994,attack,10,encoder_block_10,1.067889928817749,4,100,100
relevancy_random_2,relevancy,random,2,131843,985994,attack,11,encoder_block_11,2.7551755905151367,2,100,100
relevancy_random_2,relevancy,random,2,131843,985994,attack,12,encoder_block_12,4.059841156005859,3,100,100
relevancy_random_2,relevancy,random,2,146187,8434623,original,0,embedding,0.839080810546875,31,100,100
relevancy_random_2,relevancy,random,2,146187,8434623,original,1,encoder_block_1,0.5430335998535156,55,100,100
relevancy_random_2,relevancy,random,2,146187,8434623,original,2,encoder_block_2,0.6665821075439453,51,100,100
relevancy_random_2,relevancy,random,2,146187,8434623,original,3,encoder_block_3,0.8036625385284424,55,100,100
relevancy_random_2,relevancy,random,2,146187,8434623,original,4,encoder_block_4,1.0283384323120115,35,100,100
relevancy_random_2,relevancy,random,2,146187,8434623,original,5,encoder_block_5,0.9702348709106444,31,100,100
relevancy_random_2,relevancy,random,2,146187,8434623,original,6,encoder_block_6,1.1109793186187744,26,100,100
relevancy_random_2,relevancy,random,2,146187,8434623,original,7,encoder_block_7,1.2179179191589355,13,100,100
relevancy_random_2,relevancy,random,2,146187,8434623,original,8,encoder_block_8,1.15509033203125,12,100,100
relevancy_random_2,relevancy,random,2,146187,8434623,original,9,encoder_block_9,1.5319747924804688,3,100,100
relevancy_random_2,relevancy,random,2,146187,8434623,original,10,encoder_block_10,1.9369175434112549,2,100,100
relevancy_random_2,relevancy,random,2,146187,8434623,original,11,encoder_block_11,3.685793876647949,1,100,100
relevancy_random_2,relevancy,random,2,146187,8434623,original,12,encoder_block_12,6.538471221923828,1,100,100
relevancy_random_2,relevancy,random,2,146187,8434623,padded_control,0,embedding,0.839080810546875,31,100,100
relevancy_random_2,relevancy,random,2,146187,8434623,padded_control,1,encoder_block_1,0.536189079284668,56,100,100
relevancy_random_2,relevancy,random,2,146187,8434623,padded_control,2,encoder_block_2,0.6700325012207031,50,100,100
relevancy_random_2,relevancy,random,2,146187,8434623,padded_control,3,encoder_block_3,0.8076698780059814,54,100,100
relevancy_random_2,relevancy,random,2,146187,8434623,padded_control,4,encoder_block_4,1.0326764583587646,35,100,100
relevancy_random_2,relevancy,random,2,146187,8434623,padded_control,5,encoder_block_5,0.9787259101867676,31,100,100
relevancy_random_2,relevancy,random,2,146187,8434623,padded_control,6,encoder_block_6,1.1096959114074707,26,100,100
relevancy_random_2,relevancy,random,2,146187,8434623,padded_control,7,encoder_block_7,1.2219302654266355,12,100,100
relevancy_random_2,relevancy,random,2,146187,8434623,padded_control,8,encoder_block_8,1.1570377349853516,11,100,100
relevancy_random_2,relevancy,random,2,146187,8434623,padded_control,9,encoder_block_9,1.537585973739624,3,100,100
relevancy_random_2,relevancy,random,2,146187,8434623,padded_control,10,encoder_block_10,1.9479684829711916,2,100,100
relevancy_random_2,relevancy,random,2,146187,8434623,padded_control,11,encoder_block_11,3.682318687438965,1,100,100
relevancy_random_2,relevancy,random,2,146187,8434623,padded_control,12,encoder_block_12,6.543571472167969,1,100,100
relevancy_random_2,relevancy,random,2,146187,8434623,attack,0,embedding,0.8337526321411133,31,100,100
relevancy_random_2,relevancy,random,2,146187,8434623,attack,1,encoder_block_1,0.6257390975952148,48,100,100
relevancy_random_2,relevancy,random,2,146187,8434623,attack,2,encoder_block_2,0.765998363494873,41,100,100
relevancy_random_2,relevancy,random,2,146187,8434623,attack,3,encoder_block_3,0.8959474563598633,40,100,100
relevancy_random_2,relevancy,random,2,146187,8434623,attack,4,encoder_block_4,1.1109588146209717,28,100,100
relevancy_random_2,relevancy,random,2,146187,8434623,attack,5,encoder_block_5,1.0361390113830566,24,100,100
relevancy_random_2,relevancy,random,2,146187,8434623,attack,6,encoder_block_6,1.1740469932556152,20,100,100
relevancy_random_2,relevancy,random,2,146187,8434623,attack,7,encoder_block_7,1.27535080909729,11,100,100
relevancy_random_2,relevancy,random,2,146187,8434623,attack,8,encoder_block_8,1.2388160228729248,8,100,100
relevancy_random_2,relevancy,random,2,146187,8434623,attack,9,encoder_block_9,1.5791012048721311,3,100,100
relevancy_random_2,relevancy,random,2,146187,8434623,attack,10,encoder_block_10,1.9798884391784668,2,100,100
relevancy_random_2,relevancy,random,2,146187,8434623,attack,11,encoder_block_11,3.582291603088379,1,100,100
relevancy_random_2,relevancy,random,2,146187,8434623,attack,12,encoder_block_12,6.410930633544922,1,100,100
relevancy_random_2,relevancy,random,2,148538,615405,original,0,embedding,0.111785888671875,66,100,100
relevancy_random_2,relevancy,random,2,148538,615405,original,1,encoder_block_1,-0.0039806365966796,75,100,100
relevancy_random_2,relevancy,random,2,148538,615405,original,2,encoder_block_2,0.5535988807678223,58,100,100
relevancy_random_2,relevancy,random,2,148538,615405,original,3,encoder_block_3,0.7505226135253906,52,100,100
relevancy_random_2,relevancy,random,2,148538,615405,original,4,encoder_block_4,1.003244400024414,34,100,100
relevancy_random_2,relevancy,random,2,148538,615405,original,5,encoder_block_5,0.9754810333251952,30,100,100
relevancy_random_2,relevancy,random,2,148538,615405,original,6,encoder_block_6,0.9559774398803712,37,100,100
relevancy_random_2,relevancy,random,2,148538,615405,original,7,encoder_block_7,0.980443239212036,31,100,100
relevancy_random_2,relevancy,random,2,148538,615405,original,8,encoder_block_8,1.031313419342041,34,100,100
relevancy_random_2,relevancy,random,2,148538,615405,original,9,encoder_block_9,1.559706449508667,4,100,100
relevancy_random_2,relevancy,random,2,148538,615405,original,10,encoder_block_10,0.731834888458252,21,100,100
relevancy_random_2,relevancy,random,2,148538,615405,original,11,encoder_block_11,0.4549601078033447,38,100,100
relevancy_random_2,relevancy,random,2,148538,615405,original,12,encoder_block_12,-8.18265151977539,66,100,100
relevancy_random_2,relevancy,random,2,148538,615405,padded_control,0,embedding,0.111785888671875,66,100,100
relevancy_random_2,relevancy,random,2,148538,615405,padded_control,1,encoder_block_1,0.0022611618041992,75,100,100
relevancy_random_2,relevancy,random,2,148538,615405,padded_control,2,encoder_block_2,0.5580215454101562,58,100,100
relevancy_random_2,relevancy,random,2,148538,615405,padded_control,3,encoder_block_3,0.7522735595703125,52,100,100
relevancy_random_2,relevancy,random,2,148538,615405,padded_control,4,encoder_block_4,1.0063786506652832,34,100,100
relevancy_random_2,relevancy,random,2,148538,615405,padded_control,5,encoder_block_5,0.9756927490234376,30,100,100
relevancy_random_2,relevancy,random,2,148538,615405,padded_control,6,encoder_block_6,0.953953742980957,37,100,100
relevancy_random_2,relevancy,random,2,148538,615405,padded_control,7,encoder_block_7,0.972357988357544,32,100,100
relevancy_random_2,relevancy,random,2,148538,615405,padded_control,8,encoder_block_8,1.0174295902252195,37,100,100
relevancy_random_2,relevancy,random,2,148538,615405,padded_control,9,encoder_block_9,1.5441365242004397,5,100,100
relevancy_random_2,relevancy,random,2,148538,615405,padded_control,10,encoder_block_10,0.7207143306732178,21,100,100
relevancy_random_2,relevancy,random,2,148538,615405,padded_control,11,encoder_block_11,0.4098631143569946,44,100,100
relevancy_random_2,relevancy,random,2,148538,615405,padded_control,12,encoder_block_12,-8.33027172088623,68,100,100
relevancy_random_2,relevancy,random,2,148538,615405,attack,0,embedding,0.1627728939056396,62,100,100
relevancy_random_2,relevancy,random,2,148538,615405,attack,1,encoder_block_1,0.1214523315429687,65,100,100
relevancy_random_2,relevancy,random,2,148538,615405,attack,2,encoder_block_2,0.6494536399841309,48,100,100
relevancy_random_2,relevancy,random,2,148538,615405,attack,3,encoder_block_3,0.8393559455871582,40,100,100
relevancy_random_2,relevancy,random,2,148538,615405,attack,4,encoder_block_4,1.1036007404327393,28,100,100
relevancy_random_2,relevancy,random,2,148538,615405,attack,5,encoder_block_5,1.0752956867218018,21,100,100
relevancy_random_2,relevancy,random,2,148538,615405,attack,6,encoder_block_6,1.056999683380127,25,100,100
relevancy_random_2,relevancy,random,2,148538,615405,attack,7,encoder_block_7,1.0832338333129885,18,100,100
relevancy_random_2,relevancy,random,2,148538,615405,attack,8,encoder_block_8,1.1389658451080322,24,100,100
relevancy_random_2,relevancy,random,2,148538,615405,attack,9,encoder_block_9,1.6425235271453855,4,100,100
relevancy_random_2,relevancy,random,2,148538,615405,attack,10,encoder_block_10,0.738980770111084,21,100,100
relevancy_random_2,relevancy,random,2,148538,615405,attack,11,encoder_block_11,0.0683385133743286,62,100,100
relevancy_random_2,relevancy,random,2,148538,615405,attack,12,encoder_block_12,-10.19810962677002,83,100,100
relevancy_random_2,relevancy,random,2,156493,6139386,original,0,embedding,0.7899231910705566,82,100,100
relevancy_random_2,relevancy,random,2,156493,6139386,original,1,encoder_block_1,1.0343692302703855,59,100,100
relevancy_random_2,relevancy,random,2,156493,6139386,original,2,encoder_block_2,1.1008341312408447,51,100,100
relevancy_random_2,relevancy,random,2,156493,6139386,original,3,encoder_block_3,1.147251844406128,57,100,100
relevancy_random_2,relevancy,random,2,156493,6139386,original,4,encoder_block_4,1.2023391723632812,49,100,100
relevancy_random_2,relevancy,random,2,156493,6139386,original,5,encoder_block_5,1.384761095046997,37,100,100
relevancy_random_2,relevancy,random,2,156493,6139386,original,6,encoder_block_6,1.4009933471679688,37,100,100
relevancy_random_2,relevancy,random,2,156493,6139386,original,7,encoder_block_7,1.5144667625427246,29,100,100
relevancy_random_2,relevancy,random,2,156493,6139386,original,8,encoder_block_8,1.6598200798034668,21,100,100
relevancy_random_2,relevancy,random,2,156493,6139386,original,9,encoder_block_9,1.9056568145751955,12,100,100
relevancy_random_2,relevancy,random,2,156493,6139386,original,10,encoder_block_10,1.9924802780151367,3,100,100
relevancy_random_2,relevancy,random,2,156493,6139386,original,11,encoder_block_11,2.9495105743408203,3,100,100
relevancy_random_2,relevancy,random,2,156493,6139386,original,12,encoder_block_12,3.959214687347412,11,100,100
relevancy_random_2,relevancy,random,2,156493,6139386,padded_control,0,embedding,0.7899231910705566,82,100,100
relevancy_random_2,relevancy,random,2,156493,6139386,padded_control,1,encoder_block_1,1.0275254249572754,59,100,100
relevancy_random_2,relevancy,random,2,156493,6139386,padded_control,2,encoder_block_2,1.097649335861206,53,100,100
relevancy_random_2,relevancy,random,2,156493,6139386,padded_control,3,encoder_block_3,1.143796443939209,57,100,100
relevancy_random_2,relevancy,random,2,156493,6139386,padded_control,4,encoder_block_4,1.195741891860962,49,100,100
relevancy_random_2,relevancy,random,2,156493,6139386,padded_control,5,encoder_block_5,1.3835749626159668,37,100,100
relevancy_random_2,relevancy,random,2,156493,6139386,padded_control,6,encoder_block_6,1.3959131240844729,37,100,100
relevancy_random_2,relevancy,random,2,156493,6139386,padded_control,7,encoder_block_7,1.510089874267578,30,100,100
relevancy_random_2,relevancy,random,2,156493,6139386,padded_control,8,encoder_block_8,1.659057378768921,21,100,100
relevancy_random_2,relevancy,random,2,156493,6139386,padded_control,9,encoder_block_9,1.9098074436187744,12,100,100
relevancy_random_2,relevancy,random,2,156493,6139386,padded_control,10,encoder_block_10,1.974802017211914,3,100,100
relevancy_random_2,relevancy,random,2,156493,6139386,padded_control,11,encoder_block_11,2.933004379272461,3,100,100
relevancy_random_2,relevancy,random,2,156493,6139386,padded_control,12,encoder_block_12,3.952507972717285,11,100,100
relevancy_random_2,relevancy,random,2,156493,6139386,attack,0,embedding,0.7803990840911865,84,100,100
relevancy_random_2,relevancy,random,2,156493,6139386,attack,1,encoder_block_1,1.0892033576965332,57,100,100
relevancy_random_2,relevancy,random,2,156493,6139386,attack,2,encoder_block_2,1.1841247081756592,44,100,100
relevancy_random_2,relevancy,random,2,156493,6139386,attack,3,encoder_block_3,1.2417397499084473,43,100,100
relevancy_random_2,relevancy,random,2,156493,6139386,attack,4,encoder_block_4,1.3098087310791016,43,100,100
relevancy_random_2,relevancy,random,2,156493,6139386,attack,5,encoder_block_5,1.4927520751953125,32,100,100
relevancy_random_2,relevancy,random,2,156493,6139386,attack,6,encoder_block_6,1.479722499847412,27,100,100
relevancy_random_2,relevancy,random,2,156493,6139386,attack,7,encoder_block_7,1.5557212829589844,27,100,100
relevancy_random_2,relevancy,random,2,156493,6139386,attack,8,encoder_block_8,1.715717315673828,18,100,100
relevancy_random_2,relevancy,random,2,156493,6139386,attack,9,encoder_block_9,1.9413769245147705,9,100,100
relevancy_random_2,relevancy,random,2,156493,6139386,attack,10,encoder_block_10,2.0458693504333496,3,100,100
relevancy_random_2,relevancy,random,2,156493,6139386,attack,11,encoder_block_11,2.939439535140991,3,100,100
relevancy_random_2,relevancy,random,2,156493,6139386,attack,12,encoder_block_12,3.616001129150391,15,100,100
relevancy_random_2,relevancy,random,2,168216,1381477,original,0,embedding,-0.1993305683135986,62,100,100
relevancy_random_2,relevancy,random,2,168216,1381477,original,1,encoder_block_1,-0.4686052799224853,83,100,100
relevancy_random_2,relevancy,random,2,168216,1381477,original,2,encoder_block_2,-0.2530303001403808,73,100,100
relevancy_random_2,relevancy,random,2,168216,1381477,original,3,encoder_block_3,-0.0723252296447753,72,100,100
relevancy_random_2,relevancy,random,2,168216,1381477,original,4,encoder_block_4,-0.1228163242340087,71,100,100
relevancy_random_2,relevancy,random,2,168216,1381477,original,5,encoder_block_5,-0.1751852035522461,74,100,100
relevancy_random_2,relevancy,random,2,168216,1381477,original,6,encoder_block_6,-0.204951524734497,75,100,100
relevancy_random_2,relevancy,random,2,168216,1381477,original,7,encoder_block_7,-0.1471688747406005,65,100,100
relevancy_random_2,relevancy,random,2,168216,1381477,original,8,encoder_block_8,-0.076911449432373,56,100,100
relevancy_random_2,relevancy,random,2,168216,1381477,original,9,encoder_block_9,0.2282617092132568,47,100,100
relevancy_random_2,relevancy,random,2,168216,1381477,original,10,encoder_block_10,0.375180721282959,33,100,100
relevancy_random_2,relevancy,random,2,168216,1381477,original,11,encoder_block_11,1.7038626670837402,14,100,100
relevancy_random_2,relevancy,random,2,168216,1381477,original,12,encoder_block_12,4.799738883972168,7,100,100
relevancy_random_2,relevancy,random,2,168216,1381477,padded_control,0,embedding,-0.1993317604064941,62,100,100
relevancy_random_2,relevancy,random,2,168216,1381477,padded_control,1,encoder_block_1,-0.4616551399230957,81,100,100
relevancy_random_2,relevancy,random,2,168216,1381477,padded_control,2,encoder_block_2,-0.253373384475708,73,100,100
relevancy_random_2,relevancy,random,2,168216,1381477,padded_control,3,encoder_block_3,-0.0712616443634033,72,100,100
relevancy_random_2,relevancy,random,2,168216,1381477,padded_control,4,encoder_block_4,-0.1140689849853515,70,100,100
relevancy_random_2,relevancy,random,2,168216,1381477,padded_control,5,encoder_block_5,-0.1707310676574707,73,100,100
relevancy_random_2,relevancy,random,2,168216,1381477,padded_control,6,encoder_block_6,-0.2047071456909179,75,100,100
relevancy_random_2,relevancy,random,2,168216,1381477,padded_control,7,encoder_block_7,-0.1462118625640869,65,100,100
relevancy_random_2,relevancy,random,2,168216,1381477,padded_control,8,encoder_block_8,-0.075113296508789,55,100,100
relevancy_random_2,relevancy,random,2,168216,1381477,padded_control,9,encoder_block_9,0.2289988994598388,47,100,100
relevancy_random_2,relevancy,random,2,168216,1381477,padded_control,10,encoder_block_10,0.377899169921875,32,100,100
relevancy_random_2,relevancy,random,2,168216,1381477,padded_control,11,encoder_block_11,1.6975834369659424,14,100,100
relevancy_random_2,relevancy,random,2,168216,1381477,padded_control,12,encoder_block_12,4.761514663696289,7,100,100
relevancy_random_2,relevancy,random,2,168216,1381477,attack,0,embedding,-0.1547050476074218,57,100,100
relevancy_random_2,relevancy,random,2,168216,1381477,attack,1,encoder_block_1,-0.3378891944885254,67,100,100
relevancy_random_2,relevancy,random,2,168216,1381477,attack,2,encoder_block_2,-0.2129971981048584,70,100,100
relevancy_random_2,relevancy,random,2,168216,1381477,attack,3,encoder_block_3,-0.0387325286865234,63,100,100
relevancy_random_2,relevancy,random,2,168216,1381477,attack,4,encoder_block_4,-0.0586600303649902,61,100,100
relevancy_random_2,relevancy,random,2,168216,1381477,attack,5,encoder_block_5,-0.078359842300415,58,100,100
relevancy_random_2,relevancy,random,2,168216,1381477,attack,6,encoder_block_6,-0.0942437648773193,57,100,100
relevancy_random_2,relevancy,random,2,168216,1381477,attack,7,encoder_block_7,-0.0565009117126464,53,100,100
relevancy_random_2,relevancy,random,2,168216,1381477,attack,8,encoder_block_8,0.0031466484069824,43,100,100
relevancy_random_2,relevancy,random,2,168216,1381477,attack,9,encoder_block_9,0.2570947408676147,44,100,100
relevancy_random_2,relevancy,random,2,168216,1381477,attack,10,encoder_block_10,0.4235786199569702,27,100,100
relevancy_random_2,relevancy,random,2,168216,1381477,attack,11,encoder_block_11,1.7575430870056152,10,100,100
relevancy_random_2,relevancy,random,2,168216,1381477,attack,12,encoder_block_12,4.6582746505737305,8,100,100
relevancy_random_2,relevancy,random,2,182539,57444,original,0,embedding,0.8517675399780273,10,100,100
relevancy_random_2,relevancy,random,2,182539,57444,original,1,encoder_block_1,0.1863665580749511,37,100,100
relevancy_random_2,relevancy,random,2,182539,57444,original,2,encoder_block_2,0.4431185722351074,29,100,100
relevancy_random_2,relevancy,random,2,182539,57444,original,3,encoder_block_3,0.3264658451080322,28,100,100
relevancy_random_2,relevancy,random,2,182539,57444,original,4,encoder_block_4,0.3077521324157715,39,100,100
relevancy_random_2,relevancy,random,2,182539,57444,original,5,encoder_block_5,0.1655957698822021,58,100,100
relevancy_random_2,relevancy,random,2,182539,57444,original,6,encoder_block_6,-0.0259002447128295,68,100,100
relevancy_random_2,relevancy,random,2,182539,57444,original,7,encoder_block_7,-0.0079948902130126,70,100,100
relevancy_random_2,relevancy,random,2,182539,57444,original,8,encoder_block_8,0.1178991794586181,57,100,100
relevancy_random_2,relevancy,random,2,182539,57444,original,9,encoder_block_9,0.20027756690979,63,100,100
relevancy_random_2,relevancy,random,2,182539,57444,original,10,encoder_block_10,0.4054923057556152,36,100,100
relevancy_random_2,relevancy,random,2,182539,57444,original,11,encoder_block_11,1.2528843879699707,18,100,100
relevancy_random_2,relevancy,random,2,182539,57444,original,12,encoder_block_12,3.517923355102539,3,100,100
relevancy_random_2,relevancy,random,2,182539,57444,padded_control,0,embedding,0.8517673015594482,10,100,100
relevancy_random_2,relevancy,random,2,182539,57444,padded_control,1,encoder_block_1,0.1965770721435547,36,100,100
relevancy_random_2,relevancy,random,2,182539,57444,padded_control,2,encoder_block_2,0.4458229541778564,29,100,100
relevancy_random_2,relevancy,random,2,182539,57444,padded_control,3,encoder_block_3,0.329052209854126,28,100,100
relevancy_random_2,relevancy,random,2,182539,57444,padded_control,4,encoder_block_4,0.3083713054656982,39,100,100
relevancy_random_2,relevancy,random,2,182539,57444,padded_control,5,encoder_block_5,0.1637682914733886,58,100,100
relevancy_random_2,relevancy,random,2,182539,57444,padded_control,6,encoder_block_6,-0.0284675359725952,68,100,100
relevancy_random_2,relevancy,random,2,182539,57444,padded_control,7,encoder_block_7,-0.0147323608398437,70,100,100
relevancy_random_2,relevancy,random,2,182539,57444,padded_control,8,encoder_block_8,0.1141633987426757,58,100,100
relevancy_random_2,relevancy,random,2,182539,57444,padded_control,9,encoder_block_9,0.2021234035491943,63,100,100
relevancy_random_2,relevancy,random,2,182539,57444,padded_control,10,encoder_block_10,0.4012315273284912,37,100,100
relevancy_random_2,relevancy,random,2,182539,57444,padded_control,11,encoder_block_11,1.2874493598937988,16,100,100
relevancy_random_2,relevancy,random,2,182539,57444,padded_control,12,encoder_block_12,3.483316421508789,3,100,100
relevancy_random_2,relevancy,random,2,182539,57444,attack,0,embedding,0.8403415679931641,10,100,100
relevancy_random_2,relevancy,random,2,182539,57444,attack,1,encoder_block_1,0.3068158626556396,29,100,100
relevancy_random_2,relevancy,random,2,182539,57444,attack,2,encoder_block_2,0.5421621799468994,23,100,100
relevancy_random_2,relevancy,random,2,182539,57444,attack,3,encoder_block_3,0.4045932292938232,24,100,100
relevancy_random_2,relevancy,random,2,182539,57444,attack,4,encoder_block_4,0.368668794631958,33,100,100
relevancy_random_2,relevancy,random,2,182539,57444,attack,5,encoder_block_5,0.2407212257385254,54,100,100
relevancy_random_2,relevancy,random,2,182539,57444,attack,6,encoder_block_6,0.0880049467086792,60,100,100
relevancy_random_2,relevancy,random,2,182539,57444,attack,7,encoder_block_7,0.1443686485290527,55,100,100
relevancy_random_2,relevancy,random,2,182539,57444,attack,8,encoder_block_8,0.2845349311828613,44,100,100
relevancy_random_2,relevancy,random,2,182539,57444,attack,9,encoder_block_9,0.3302654027938843,43,100,100
relevancy_random_2,relevancy,random,2,182539,57444,attack,10,encoder_block_10,0.564195990562439,24,100,100
relevancy_random_2,relevancy,random,2,182539,57444,attack,11,encoder_block_11,1.3669449090957642,15,100,100
relevancy_random_2,relevancy,random,2,182539,57444,attack,12,encoder_block_12,3.315763473510742,3,100,100
relevancy_random_2,relevancy,random,2,183378,2533260,original,0,embedding,0.6351041793823242,52,100,100
relevancy_random_2,relevancy,random,2,183378,2533260,original,1,encoder_block_1,0.2898142337799072,61,100,100
relevancy_random_2,relevancy,random,2,183378,2533260,original,2,encoder_block_2,0.1717860698699951,72,100,100
relevancy_random_2,relevancy,random,2,183378,2533260,original,3,encoder_block_3,0.0534839630126953,68,100,100
relevancy_random_2,relevancy,random,2,183378,2533260,original,4,encoder_block_4,0.0302550792694091,77,100,100
relevancy_random_2,relevancy,random,2,183378,2533260,original,5,encoder_block_5,0.0528678894042968,71,100,100
relevancy_random_2,relevancy,random,2,183378,2533260,original,6,encoder_block_6,0.098095417022705,64,100,100
relevancy_random_2,relevancy,random,2,183378,2533260,original,7,encoder_block_7,0.0211415290832519,72,100,100
relevancy_random_2,relevancy,random,2,183378,2533260,original,8,encoder_block_8,-0.0266127586364746,73,100,100
relevancy_random_2,relevancy,random,2,183378,2533260,original,9,encoder_block_9,0.2380626201629638,72,100,100
relevancy_random_2,relevancy,random,2,183378,2533260,original,10,encoder_block_10,0.3554348945617676,47,100,100
relevancy_random_2,relevancy,random,2,183378,2533260,original,11,encoder_block_11,-0.0725822448730468,42,100,100
relevancy_random_2,relevancy,random,2,183378,2533260,original,12,encoder_block_12,-7.711319923400879,41,100,100
relevancy_random_2,relevancy,random,2,183378,2533260,padded_control,0,embedding,0.6351032257080078,52,100,100
relevancy_random_2,relevancy,random,2,183378,2533260,padded_control,1,encoder_block_1,0.2914328575134277,59,100,100
relevancy_random_2,relevancy,random,2,183378,2533260,padded_control,2,encoder_block_2,0.171396255493164,72,100,100
relevancy_random_2,relevancy,random,2,183378,2533260,padded_control,3,encoder_block_3,0.0472736358642578,68,100,100
relevancy_random_2,relevancy,random,2,183378,2533260,padded_control,4,encoder_block_4,0.0203163623809814,81,100,100
relevancy_random_2,relevancy,random,2,183378,2533260,padded_control,5,encoder_block_5,0.0454950332641601,73,100,100
relevancy_random_2,relevancy,random,2,183378,2533260,padded_control,6,encoder_block_6,0.0930652618408203,65,100,100
relevancy_random_2,relevancy,random,2,183378,2533260,padded_control,7,encoder_block_7,0.0150330066680908,74,100,100
relevancy_random_2,relevancy,random,2,183378,2533260,padded_control,8,encoder_block_8,-0.0278365612030029,75,100,100
relevancy_random_2,relevancy,random,2,183378,2533260,padded_control,9,encoder_block_9,0.2385764122009277,72,100,100
relevancy_random_2,relevancy,random,2,183378,2533260,padded_control,10,encoder_block_10,0.3516747951507568,48,100,100
relevancy_random_2,relevancy,random,2,183378,2533260,padded_control,11,encoder_block_11,-0.0722012519836425,42,100,100
relevancy_random_2,relevancy,random,2,183378,2533260,padded_control,12,encoder_block_12,-7.709941864013672,41,100,100
relevancy_random_2,relevancy,random,2,183378,2533260,attack,0,embedding,0.6782817840576172,48,100,100
relevancy_random_2,relevancy,random,2,183378,2533260,attack,1,encoder_block_1,0.4921555519104004,39,100,100
relevancy_random_2,relevancy,random,2,183378,2533260,attack,2,encoder_block_2,0.3630642890930176,44,100,100
relevancy_random_2,relevancy,random,2,183378,2533260,attack,3,encoder_block_3,0.2383525371551513,45,100,100
relevancy_random_2,relevancy,random,2,183378,2533260,attack,4,encoder_block_4,0.2247679233551025,58,100,100
relevancy_random_2,relevancy,random,2,183378,2533260,attack,5,encoder_block_5,0.2410798072814941,52,100,100
relevancy_random_2,relevancy,random,2,183378,2533260,attack,6,encoder_block_6,0.2949321269989013,45,100,100
relevancy_random_2,relevancy,random,2,183378,2533260,attack,7,encoder_block_7,0.189950942993164,57,100,100
relevancy_random_2,relevancy,random,2,183378,2533260,attack,8,encoder_block_8,0.1566324234008789,54,100,100
relevancy_random_2,relevancy,random,2,183378,2533260,attack,9,encoder_block_9,0.3986463546752929,55,100,100
relevancy_random_2,relevancy,random,2,183378,2533260,attack,10,encoder_block_10,0.5254054069519043,32,100,100
relevancy_random_2,relevancy,random,2,183378,2533260,attack,11,encoder_block_11,-0.0070798397064208,42,100,100
relevancy_random_2,relevancy,random,2,183378,2533260,attack,12,encoder_block_12,-8.408588409423828,44,100,100
relevancy_random_2,relevancy,random,2,19335,8412687,original,0,embedding,1.1026735305786133,12,100,100
relevancy_random_2,relevancy,random,2,19335,8412687,original,1,encoder_block_1,1.1886119842529297,20,100,100
relevancy_random_2,relevancy,random,2,19335,8412687,original,2,encoder_block_2,1.3699102401733398,19,100,100
relevancy_random_2,relevancy,random,2,19335,8412687,original,3,encoder_block_3,1.4117770195007324,9,100,100
relevancy_random_2,relevancy,random,2,19335,8412687,original,4,encoder_block_4,1.5114059448242188,4,100,100
relevancy_random_2,relevancy,random,2,19335,8412687,original,5,encoder_block_5,1.4916033744812012,4,100,100
relevancy_random_2,relevancy,random,2,19335,8412687,original,6,encoder_block_6,1.4870867729187012,5,100,100
relevancy_random_2,relevancy,random,2,19335,8412687,original,7,encoder_block_7,1.6385631561279297,4,100,100
relevancy_random_2,relevancy,random,2,19335,8412687,original,8,encoder_block_8,1.6945128440856934,3,100,100
relevancy_random_2,relevancy,random,2,19335,8412687,original,9,encoder_block_9,1.507643699645996,8,100,100
relevancy_random_2,relevancy,random,2,19335,8412687,original,10,encoder_block_10,1.340137004852295,15,100,100
relevancy_random_2,relevancy,random,2,19335,8412687,original,11,encoder_block_11,0.8486737012863159,34,100,100
relevancy_random_2,relevancy,random,2,19335,8412687,original,12,encoder_block_12,-5.226619720458984,34,100,100
relevancy_random_2,relevancy,random,2,19335,8412687,padded_control,0,embedding,1.1026735305786133,12,100,100
relevancy_random_2,relevancy,random,2,19335,8412687,padded_control,1,encoder_block_1,1.189894676208496,20,100,100
relevancy_random_2,relevancy,random,2,19335,8412687,padded_control,2,encoder_block_2,1.370805740356445,19,100,100
relevancy_random_2,relevancy,random,2,19335,8412687,padded_control,3,encoder_block_3,1.4140682220458984,9,100,100
relevancy_random_2,relevancy,random,2,19335,8412687,padded_control,4,encoder_block_4,1.514129638671875,4,100,100
relevancy_random_2,relevancy,random,2,19335,8412687,padded_control,5,encoder_block_5,1.4931507110595703,4,100,100
relevancy_random_2,relevancy,random,2,19335,8412687,padded_control,6,encoder_block_6,1.486361026763916,5,100,100
relevancy_random_2,relevancy,random,2,19335,8412687,padded_control,7,encoder_block_7,1.641165256500244,4,100,100
relevancy_random_2,relevancy,random,2,19335,8412687,padded_control,8,encoder_block_8,1.695732593536377,3,100,100
relevancy_random_2,relevancy,random,2,19335,8412687,padded_control,9,encoder_block_9,1.512965440750122,8,100,100
relevancy_random_2,relevancy,random,2,19335,8412687,padded_control,10,encoder_block_10,1.342296838760376,15,100,100
relevancy_random_2,relevancy,random,2,19335,8412687,padded_control,11,encoder_block_11,0.8375989198684692,35,100,100
relevancy_random_2,relevancy,random,2,19335,8412687,padded_control,12,encoder_block_12,-5.226994514465332,34,100,100
relevancy_random_2,relevancy,random,2,19335,8412687,attack,0,embedding,1.1042213439941406,11,100,100
relevancy_random_2,relevancy,random,2,19335,8412687,attack,1,encoder_block_1,1.306650161743164,7,100,100
relevancy_random_2,relevancy,random,2,19335,8412687,attack,2,encoder_block_2,1.462421417236328,11,100,100
relevancy_random_2,relevancy,random,2,19335,8412687,attack,3,encoder_block_3,1.4881749153137207,4,100,100
relevancy_random_2,relevancy,random,2,19335,8412687,attack,4,encoder_block_4,1.577392578125,4,100,100
relevancy_random_2,relevancy,random,2,19335,8412687,attack,5,encoder_block_5,1.5376577377319336,4,100,100
relevancy_random_2,relevancy,random,2,19335,8412687,attack,6,encoder_block_6,1.5449156761169434,3,100,100
relevancy_random_2,relevancy,random,2,19335,8412687,attack,7,encoder_block_7,1.6649770736694336,2,100,100
relevancy_random_2,relevancy,random,2,19335,8412687,attack,8,encoder_block_8,1.7422118186950684,3,100,100
relevancy_random_2,relevancy,random,2,19335,8412687,attack,9,encoder_block_9,1.5643525123596191,5,100,100
relevancy_random_2,relevancy,random,2,19335,8412687,attack,10,encoder_block_10,1.3803091049194336,14,100,100
relevancy_random_2,relevancy,random,2,19335,8412687,attack,11,encoder_block_11,0.8133143186569214,35,100,100
relevancy_random_2,relevancy,random,2,19335,8412687,attack,12,encoder_block_12,-5.498270034790039,35,100,100
relevancy_random_2,relevancy,random,2,207786,8273763,original,0,embedding,0.9972248077392578,18,100,100
relevancy_random_2,relevancy,random,2,207786,8273763,original,1,encoder_block_1,0.6329596042633057,17,100,100
relevancy_random_2,relevancy,random,2,207786,8273763,original,2,encoder_block_2,0.5760855674743652,22,100,100
relevancy_random_2,relevancy,random,2,207786,8273763,original,3,encoder_block_3,0.6168131828308105,17,100,100
relevancy_random_2,relevancy,random,2,207786,8273763,original,4,encoder_block_4,0.6877720355987549,17,100,100
relevancy_random_2,relevancy,random,2,207786,8273763,original,5,encoder_block_5,0.7267248630523682,9,100,100
relevancy_random_2,relevancy,random,2,207786,8273763,original,6,encoder_block_6,0.6738314628601074,13,100,100
relevancy_random_2,relevancy,random,2,207786,8273763,original,7,encoder_block_7,0.7699854373931885,19,100,100
relevancy_random_2,relevancy,random,2,207786,8273763,original,8,encoder_block_8,0.8054978847503662,21,100,100
relevancy_random_2,relevancy,random,2,207786,8273763,original,9,encoder_block_9,0.9049434661865234,14,100,100
relevancy_random_2,relevancy,random,2,207786,8273763,original,10,encoder_block_10,0.8308079242706299,5,100,100
relevancy_random_2,relevancy,random,2,207786,8273763,original,11,encoder_block_11,2.136302709579468,1,100,100
relevancy_random_2,relevancy,random,2,207786,8273763,original,12,encoder_block_12,4.530658721923828,3,100,100
relevancy_random_2,relevancy,random,2,207786,8273763,padded_control,0,embedding,0.9972257614135742,18,100,100
relevancy_random_2,relevancy,random,2,207786,8273763,padded_control,1,encoder_block_1,0.6304323673248291,17,100,100
relevancy_random_2,relevancy,random,2,207786,8273763,padded_control,2,encoder_block_2,0.5718803405761719,22,100,100
relevancy_random_2,relevancy,random,2,207786,8273763,padded_control,3,encoder_block_3,0.6118581295013428,17,100,100
relevancy_random_2,relevancy,random,2,207786,8273763,padded_control,4,encoder_block_4,0.6922473907470703,16,100,100
relevancy_random_2,relevancy,random,2,207786,8273763,padded_control,5,encoder_block_5,0.7367475032806396,9,100,100
relevancy_random_2,relevancy,random,2,207786,8273763,padded_control,6,encoder_block_6,0.686079740524292,12,100,100
relevancy_random_2,relevancy,random,2,207786,8273763,padded_control,7,encoder_block_7,0.7865598201751709,19,100,100
relevancy_random_2,relevancy,random,2,207786,8273763,padded_control,8,encoder_block_8,0.8200254440307617,20,100,100
relevancy_random_2,relevancy,random,2,207786,8273763,padded_control,9,encoder_block_9,0.9118986129760742,13,100,100
relevancy_random_2,relevancy,random,2,207786,8273763,padded_control,10,encoder_block_10,0.832493782043457,4,100,100
relevancy_random_2,relevancy,random,2,207786,8273763,padded_control,11,encoder_block_11,2.1277012825012207,1,100,100
relevancy_random_2,relevancy,random,2,207786,8273763,padded_control,12,encoder_block_12,4.512889862060547,3,100,100
relevancy_random_2,relevancy,random,2,207786,8273763,attack,0,embedding,0.9841761589050292,20,100,100
relevancy_random_2,relevancy,random,2,207786,8273763,attack,1,encoder_block_1,0.687180757522583,14,100,100
relevancy_random_2,relevancy,random,2,207786,8273763,attack,2,encoder_block_2,0.6366386413574219,16,100,100
relevancy_random_2,relevancy,random,2,207786,8273763,attack,3,encoder_block_3,0.6784703731536865,12,100,100
relevancy_random_2,relevancy,random,2,207786,8273763,attack,4,encoder_block_4,0.7822394371032715,11,100,100
relevancy_random_2,relevancy,random,2,207786,8273763,attack,5,encoder_block_5,0.8530807495117188,7,100,100
relevancy_random_2,relevancy,random,2,207786,8273763,attack,6,encoder_block_6,0.8272740840911865,7,100,100
relevancy_random_2,relevancy,random,2,207786,8273763,attack,7,encoder_block_7,0.9475247859954834,11,100,100
relevancy_random_2,relevancy,random,2,207786,8273763,attack,8,encoder_block_8,0.9996891021728516,10,100,100
relevancy_random_2,relevancy,random,2,207786,8273763,attack,9,encoder_block_9,1.107652187347412,4,100,100
relevancy_random_2,relevancy,random,2,207786,8273763,attack,10,encoder_block_10,1.054792881011963,3,100,100
relevancy_random_2,relevancy,random,2,207786,8273763,attack,11,encoder_block_11,2.3523623943328857,1,100,100
relevancy_random_2,relevancy,random,2,207786,8273763,attack,12,encoder_block_12,4.598167419433594,2,100,100
relevancy_random_2,relevancy,random,2,264014,5611210,original,0,embedding,0.2072415351867675,87,100,100
relevancy_random_2,relevancy,random,2,264014,5611210,original,1,encoder_block_1,0.2824430465698242,69,100,100
relevancy_random_2,relevancy,random,2,264014,5611210,original,2,encoder_block_2,0.5391459465026855,52,100,100
relevancy_random_2,relevancy,random,2,264014,5611210,original,3,encoder_block_3,0.8037543296813965,17,100,100
relevancy_random_2,relevancy,random,2,264014,5611210,original,4,encoder_block_4,1.1867985725402832,5,100,100
relevancy_random_2,relevancy,random,2,264014,5611210,original,5,encoder_block_5,1.0937206745147705,6,100,100
relevancy_random_2,relevancy,random,2,264014,5611210,original,6,encoder_block_6,0.9023098945617676,7,100,100
relevancy_random_2,relevancy,random,2,264014,5611210,original,7,encoder_block_7,0.9688704013824464,8,100,100
relevancy_random_2,relevancy,random,2,264014,5611210,original,8,encoder_block_8,0.9752986431121826,8,100,100
relevancy_random_2,relevancy,random,2,264014,5611210,original,9,encoder_block_9,0.8644800186157227,27,100,100
relevancy_random_2,relevancy,random,2,264014,5611210,original,10,encoder_block_10,0.8236327171325684,34,100,100
relevancy_random_2,relevancy,random,2,264014,5611210,original,11,encoder_block_11,1.599168300628662,35,100,100
relevancy_random_2,relevancy,random,2,264014,5611210,original,12,encoder_block_12,2.977891683578491,32,100,100
relevancy_random_2,relevancy,random,2,264014,5611210,padded_control,0,embedding,0.2072420120239257,87,100,100
relevancy_random_2,relevancy,random,2,264014,5611210,padded_control,1,encoder_block_1,0.2824406623840332,69,100,100
relevancy_random_2,relevancy,random,2,264014,5611210,padded_control,2,encoder_block_2,0.5386857986450195,52,100,100
relevancy_random_2,relevancy,random,2,264014,5611210,padded_control,3,encoder_block_3,0.803825855255127,16,100,100
relevancy_random_2,relevancy,random,2,264014,5611210,padded_control,4,encoder_block_4,1.1797966957092283,5,100,100
relevancy_random_2,relevancy,random,2,264014,5611210,padded_control,5,encoder_block_5,1.092721939086914,6,100,100
relevancy_random_2,relevancy,random,2,264014,5611210,padded_control,6,encoder_block_6,0.9051756858825684,7,100,100
relevancy_random_2,relevancy,random,2,264014,5611210,padded_control,7,encoder_block_7,0.972160816192627,8,100,100
relevancy_random_2,relevancy,random,2,264014,5611210,padded_control,8,encoder_block_8,0.9766578674316406,8,100,100
relevancy_random_2,relevancy,random,2,264014,5611210,padded_control,9,encoder_block_9,0.8606686592102051,28,100,100
relevancy_random_2,relevancy,random,2,264014,5611210,padded_control,10,encoder_block_10,0.8141744136810303,34,100,100
relevancy_random_2,relevancy,random,2,264014,5611210,padded_control,11,encoder_block_11,1.5864198207855225,35,100,100
relevancy_random_2,relevancy,random,2,264014,5611210,padded_control,12,encoder_block_12,2.9615225791931152,33,100,100
relevancy_random_2,relevancy,random,2,264014,5611210,attack,0,embedding,0.2434501647949218,86,100,100
relevancy_random_2,relevancy,random,2,264014,5611210,attack,1,encoder_block_1,0.359292984008789,62,100,100
relevancy_random_2,relevancy,random,2,264014,5611210,attack,2,encoder_block_2,0.583676815032959,46,100,100
relevancy_random_2,relevancy,random,2,264014,5611210,attack,3,encoder_block_3,0.8319323062896729,12,100,100
relevancy_random_2,relevancy,random,2,264014,5611210,attack,4,encoder_block_4,1.2003636360168457,5,100,100
relevancy_random_2,relevancy,random,2,264014,5611210,attack,5,encoder_block_5,1.089348554611206,6,100,100
relevancy_random_2,relevancy,random,2,264014,5611210,attack,6,encoder_block_6,0.9403409957885742,7,100,100
relevancy_random_2,relevancy,random,2,264014,5611210,attack,7,encoder_block_7,1.00824236869812,8,100,100
relevancy_random_2,relevancy,random,2,264014,5611210,attack,8,encoder_block_8,1.0292599201202393,8,100,100
relevancy_random_2,relevancy,random,2,264014,5611210,attack,9,encoder_block_9,0.9056739807128906,20,100,100
relevancy_random_2,relevancy,random,2,264014,5611210,attack,10,encoder_block_10,0.85013747215271,34,100,100
relevancy_random_2,relevancy,random,2,264014,5611210,attack,11,encoder_block_11,1.6221144199371338,35,100,100
relevancy_random_2,relevancy,random,2,264014,5611210,attack,12,encoder_block_12,2.9690632820129395,32,100,100
relevancy_random_2,relevancy,random,2,359349,68649,original,0,embedding,0.7303218841552734,65,100,100
relevancy_random_2,relevancy,random,2,359349,68649,original,1,encoder_block_1,0.7686491012573242,75,100,100
relevancy_random_2,relevancy,random,2,359349,68649,original,2,encoder_block_2,0.7787563800811768,74,100,100
relevancy_random_2,relevancy,random,2,359349,68649,original,3,encoder_block_3,0.6439268589019775,76,100,100
relevancy_random_2,relevancy,random,2,359349,68649,original,4,encoder_block_4,0.824590802192688,62,100,100
relevancy_random_2,relevancy,random,2,359349,68649,original,5,encoder_block_5,1.004551887512207,46,100,100
relevancy_random_2,relevancy,random,2,359349,68649,original,6,encoder_block_6,0.9628387689590454,43,100,100
relevancy_random_2,relevancy,random,2,359349,68649,original,7,encoder_block_7,0.8723124265670776,48,100,100
relevancy_random_2,relevancy,random,2,359349,68649,original,8,encoder_block_8,0.8471852540969849,43,100,100
relevancy_random_2,relevancy,random,2,359349,68649,original,9,encoder_block_9,1.0588047504425049,25,100,100
relevancy_random_2,relevancy,random,2,359349,68649,original,10,encoder_block_10,1.3809943199157717,8,100,100
relevancy_random_2,relevancy,random,2,359349,68649,original,11,encoder_block_11,2.5883140563964844,7,100,100
relevancy_random_2,relevancy,random,2,359349,68649,original,12,encoder_block_12,5.095371246337891,5,100,100
relevancy_random_2,relevancy,random,2,359349,68649,padded_control,0,embedding,0.7303221225738525,65,100,100
relevancy_random_2,relevancy,random,2,359349,68649,padded_control,1,encoder_block_1,0.7694621086120605,75,100,100
relevancy_random_2,relevancy,random,2,359349,68649,padded_control,2,encoder_block_2,0.7841897010803223,73,100,100
relevancy_random_2,relevancy,random,2,359349,68649,padded_control,3,encoder_block_3,0.6525590419769287,75,100,100
relevancy_random_2,relevancy,random,2,359349,68649,padded_control,4,encoder_block_4,0.8307721614837646,62,100,100
relevancy_random_2,relevancy,random,2,359349,68649,padded_control,5,encoder_block_5,1.0128328800201416,45,100,100
relevancy_random_2,relevancy,random,2,359349,68649,padded_control,6,encoder_block_6,0.9754185676574708,42,100,100
relevancy_random_2,relevancy,random,2,359349,68649,padded_control,7,encoder_block_7,0.8853205442428589,48,100,100
relevancy_random_2,relevancy,random,2,359349,68649,padded_control,8,encoder_block_8,0.8506293296813965,42,100,100
relevancy_random_2,relevancy,random,2,359349,68649,padded_control,9,encoder_block_9,1.0558247566223145,25,100,100
relevancy_random_2,relevancy,random,2,359349,68649,padded_control,10,encoder_block_10,1.3840703964233398,8,100,100
relevancy_random_2,relevancy,random,2,359349,68649,padded_control,11,encoder_block_11,2.6215147972106934,7,100,100
relevancy_random_2,relevancy,random,2,359349,68649,padded_control,12,encoder_block_12,5.080596923828125,5,100,100
relevancy_random_2,relevancy,random,2,359349,68649,attack,0,embedding,0.6914236545562744,70,100,100
relevancy_random_2,relevancy,random,2,359349,68649,attack,1,encoder_block_1,0.7492036819458008,78,100,100
relevancy_random_2,relevancy,random,2,359349,68649,attack,2,encoder_block_2,0.8164968490600586,68,100,100
relevancy_random_2,relevancy,random,2,359349,68649,attack,3,encoder_block_3,0.6928248405456543,68,100,100
relevancy_random_2,relevancy,random,2,359349,68649,attack,4,encoder_block_4,0.8571770191192627,59,100,100
relevancy_random_2,relevancy,random,2,359349,68649,attack,5,encoder_block_5,1.0412325859069824,42,100,100
relevancy_random_2,relevancy,random,2,359349,68649,attack,6,encoder_block_6,1.0436466932296753,36,100,100
relevancy_random_2,relevancy,random,2,359349,68649,attack,7,encoder_block_7,0.9867637157440186,37,100,100
relevancy_random_2,relevancy,random,2,359349,68649,attack,8,encoder_block_8,1.0019891262054443,31,100,100
relevancy_random_2,relevancy,random,2,359349,68649,attack,9,encoder_block_9,1.1911826133728027,14,100,100
relevancy_random_2,relevancy,random,2,359349,68649,attack,10,encoder_block_10,1.5618855953216553,5,100,100
relevancy_random_2,relevancy,random,2,359349,68649,attack,11,encoder_block_11,2.701589584350586,7,100,100
relevancy_random_2,relevancy,random,2,359349,68649,attack,12,encoder_block_12,5.067820549011231,5,100,100
relevancy_random_2,relevancy,random,2,405717,6654655,original,0,embedding,0.7446041107177734,17,100,100
relevancy_random_2,relevancy,random,2,405717,6654655,original,1,encoder_block_1,0.6280612945556641,17,100,100
relevancy_random_2,relevancy,random,2,405717,6654655,original,2,encoder_block_2,0.7108936309814453,21,100,100
relevancy_random_2,relevancy,random,2,405717,6654655,original,3,encoder_block_3,0.7757525444030762,15,100,100
relevancy_random_2,relevancy,random,2,405717,6654655,original,4,encoder_block_4,0.8865890502929688,21,100,100
relevancy_random_2,relevancy,random,2,405717,6654655,original,5,encoder_block_5,0.8675875663757324,17,100,100
relevancy_random_2,relevancy,random,2,405717,6654655,original,6,encoder_block_6,0.9123425483703612,19,100,100
relevancy_random_2,relevancy,random,2,405717,6654655,original,7,encoder_block_7,0.9837636947631836,11,100,100
relevancy_random_2,relevancy,random,2,405717,6654655,original,8,encoder_block_8,0.9005260467529297,21,100,100
relevancy_random_2,relevancy,random,2,405717,6654655,original,9,encoder_block_9,0.8590638637542725,37,100,100
relevancy_random_2,relevancy,random,2,405717,6654655,original,10,encoder_block_10,0.8508551120758057,33,100,100
relevancy_random_2,relevancy,random,2,405717,6654655,original,11,encoder_block_11,2.6759753227233887,11,100,100
relevancy_random_2,relevancy,random,2,405717,6654655,original,12,encoder_block_12,3.670531749725342,19,100,100
relevancy_random_2,relevancy,random,2,405717,6654655,padded_control,0,embedding,0.7446036338806152,17,100,100
relevancy_random_2,relevancy,random,2,405717,6654655,padded_control,1,encoder_block_1,0.629150390625,17,100,100
relevancy_random_2,relevancy,random,2,405717,6654655,padded_control,2,encoder_block_2,0.7189788818359375,21,100,100
relevancy_random_2,relevancy,random,2,405717,6654655,padded_control,3,encoder_block_3,0.7816982269287109,15,100,100
relevancy_random_2,relevancy,random,2,405717,6654655,padded_control,4,encoder_block_4,0.8863897323608398,21,100,100
relevancy_random_2,relevancy,random,2,405717,6654655,padded_control,5,encoder_block_5,0.8621463775634766,17,100,100
relevancy_random_2,relevancy,random,2,405717,6654655,padded_control,6,encoder_block_6,0.9063658714294434,19,100,100
relevancy_random_2,relevancy,random,2,405717,6654655,padded_control,7,encoder_block_7,0.9741382598876952,12,100,100
relevancy_random_2,relevancy,random,2,405717,6654655,padded_control,8,encoder_block_8,0.8819832801818848,21,100,100
relevancy_random_2,relevancy,random,2,405717,6654655,padded_control,9,encoder_block_9,0.8311986923217773,42,100,100
relevancy_random_2,relevancy,random,2,405717,6654655,padded_control,10,encoder_block_10,0.8344244956970215,35,100,100
relevancy_random_2,relevancy,random,2,405717,6654655,padded_control,11,encoder_block_11,2.6408028602600098,12,100,100
relevancy_random_2,relevancy,random,2,405717,6654655,padded_control,12,encoder_block_12,3.54612398147583,21,100,100
relevancy_random_2,relevancy,random,2,405717,6654655,attack,0,embedding,0.7597661018371582,15,100,100
relevancy_random_2,relevancy,random,2,405717,6654655,attack,1,encoder_block_1,0.8155231475830078,9,100,100
relevancy_random_2,relevancy,random,2,405717,6654655,attack,2,encoder_block_2,0.9241905212402344,11,100,100
relevancy_random_2,relevancy,random,2,405717,6654655,attack,3,encoder_block_3,0.9617793560028076,9,100,100
relevancy_random_2,relevancy,random,2,405717,6654655,attack,4,encoder_block_4,1.0055418014526367,11,100,100
relevancy_random_2,relevancy,random,2,405717,6654655,attack,5,encoder_block_5,1.0007591247558594,10,100,100
relevancy_random_2,relevancy,random,2,405717,6654655,attack,6,encoder_block_6,1.0370068550109863,10,100,100
relevancy_random_2,relevancy,random,2,405717,6654655,attack,7,encoder_block_7,1.111069917678833,6,100,100
relevancy_random_2,relevancy,random,2,405717,6654655,attack,8,encoder_block_8,1.009660720825195,9,100,100
relevancy_random_2,relevancy,random,2,405717,6654655,attack,9,encoder_block_9,0.9537413120269777,30,100,100
relevancy_random_2,relevancy,random,2,405717,6654655,attack,10,encoder_block_10,0.9337835311889648,29,100,100
relevancy_random_2,relevancy,random,2,405717,6654655,attack,11,encoder_block_11,2.649886131286621,11,100,100
relevancy_random_2,relevancy,random,2,405717,6654655,attack,12,encoder_block_12,3.561420440673828,21,100,100
relevancy_random_2,relevancy,random,2,443396,8079046,original,0,embedding,0.6588740348815918,40,100,100
relevancy_random_2,relevancy,random,2,443396,8079046,original,1,encoder_block_1,0.7148251533508301,31,100,100
relevancy_random_2,relevancy,random,2,443396,8079046,original,2,encoder_block_2,0.988499402999878,25,100,100
relevancy_random_2,relevancy,random,2,443396,8079046,original,3,encoder_block_3,0.7311801910400391,33,100,100
relevancy_random_2,relevancy,random,2,443396,8079046,original,4,encoder_block_4,0.6251169443130493,41,100,100
relevancy_random_2,relevancy,random,2,443396,8079046,original,5,encoder_block_5,0.4184043407440185,51,100,100
relevancy_random_2,relevancy,random,2,443396,8079046,original,6,encoder_block_6,0.2967457771301269,53,100,100
relevancy_random_2,relevancy,random,2,443396,8079046,original,7,encoder_block_7,0.1829071044921875,61,100,100
relevancy_random_2,relevancy,random,2,443396,8079046,original,8,encoder_block_8,0.0144815444946289,69,100,100
relevancy_random_2,relevancy,random,2,443396,8079046,original,9,encoder_block_9,0.1297974586486816,70,100,100
relevancy_random_2,relevancy,random,2,443396,8079046,original,10,encoder_block_10,-0.9048601388931274,97,100,100
relevancy_random_2,relevancy,random,2,443396,8079046,original,11,encoder_block_11,-1.5065739154815674,76,100,100
relevancy_random_2,relevancy,random,2,443396,8079046,original,12,encoder_block_12,-8.705865859985352,63,100,100
relevancy_random_2,relevancy,random,2,443396,8079046,padded_control,0,embedding,0.6588735580444336,40,100,100
relevancy_random_2,relevancy,random,2,443396,8079046,padded_control,1,encoder_block_1,0.7053279876708984,31,100,100
relevancy_random_2,relevancy,random,2,443396,8079046,padded_control,2,encoder_block_2,0.9866037368774414,25,100,100
relevancy_random_2,relevancy,random,2,443396,8079046,padded_control,3,encoder_block_3,0.7085294723510742,34,100,100
relevancy_random_2,relevancy,random,2,443396,8079046,padded_control,4,encoder_block_4,0.5919557809829712,42,100,100
relevancy_random_2,relevancy,random,2,443396,8079046,padded_control,5,encoder_block_5,0.4024810791015625,51,100,100
relevancy_random_2,relevancy,random,2,443396,8079046,padded_control,6,encoder_block_6,0.2785940170288086,54,100,100
relevancy_random_2,relevancy,random,2,443396,8079046,padded_control,7,encoder_block_7,0.1605453491210937,62,100,100
relevancy_random_2,relevancy,random,2,443396,8079046,padded_control,8,encoder_block_8,-0.0052130222320556,69,100,100
relevancy_random_2,relevancy,random,2,443396,8079046,padded_control,9,encoder_block_9,0.1173949241638183,70,100,100
relevancy_random_2,relevancy,random,2,443396,8079046,padded_control,10,encoder_block_10,-0.8943227529525757,97,100,100
relevancy_random_2,relevancy,random,2,443396,8079046,padded_control,11,encoder_block_11,-1.4279038906097412,75,100,100
relevancy_random_2,relevancy,random,2,443396,8079046,padded_control,12,encoder_block_12,-8.42101764678955,60,100,100
relevancy_random_2,relevancy,random,2,443396,8079046,attack,0,embedding,0.698249340057373,37,100,100
relevancy_random_2,relevancy,random,2,443396,8079046,attack,1,encoder_block_1,0.7358541488647461,29,100,100
relevancy_random_2,relevancy,random,2,443396,8079046,attack,2,encoder_block_2,0.9449326992034912,27,100,100
relevancy_random_2,relevancy,random,2,443396,8079046,attack,3,encoder_block_3,0.7376260757446289,33,100,100
relevancy_random_2,relevancy,random,2,443396,8079046,attack,4,encoder_block_4,0.6376035213470459,40,100,100
relevancy_random_2,relevancy,random,2,443396,8079046,attack,5,encoder_block_5,0.4903938770294189,46,100,100
relevancy_random_2,relevancy,random,2,443396,8079046,attack,6,encoder_block_6,0.3821220397949219,50,100,100
relevancy_random_2,relevancy,random,2,443396,8079046,attack,7,encoder_block_7,0.2994365692138672,57,100,100
relevancy_random_2,relevancy,random,2,443396,8079046,attack,8,encoder_block_8,0.1229288578033447,64,100,100
relevancy_random_2,relevancy,random,2,443396,8079046,attack,9,encoder_block_9,0.2626622915267944,67,100,100
relevancy_random_2,relevancy,random,2,443396,8079046,attack,10,encoder_block_10,-0.6066200733184814,91,100,100
relevancy_random_2,relevancy,random,2,443396,8079046,attack,11,encoder_block_11,-1.169929027557373,71,100,100
relevancy_random_2,relevancy,random,2,443396,8079046,attack,12,encoder_block_12,-8.286617279052734,59,100,100
relevancy_random_2,relevancy,random,2,451602,2176450,original,0,embedding,0.4722132682800293,13,100,100
relevancy_random_2,relevancy,random,2,451602,2176450,original,1,encoder_block_1,0.4772052764892578,9,100,100
relevancy_random_2,relevancy,random,2,451602,2176450,original,2,encoder_block_2,0.5013558864593506,11,100,100
relevancy_random_2,relevancy,random,2,451602,2176450,original,3,encoder_block_3,0.3855893611907959,13,100,100
relevancy_random_2,relevancy,random,2,451602,2176450,original,4,encoder_block_4,0.345423936843872,23,100,100
relevancy_random_2,relevancy,random,2,451602,2176450,original,5,encoder_block_5,0.3924899101257324,16,100,100
relevancy_random_2,relevancy,random,2,451602,2176450,original,6,encoder_block_6,0.4647102355957031,14,100,100
relevancy_random_2,relevancy,random,2,451602,2176450,original,7,encoder_block_7,0.2012975215911865,29,100,100
relevancy_random_2,relevancy,random,2,451602,2176450,original,8,encoder_block_8,0.3021860122680664,33,100,100
relevancy_random_2,relevancy,random,2,451602,2176450,original,9,encoder_block_9,0.3362596035003662,44,100,100
relevancy_random_2,relevancy,random,2,451602,2176450,original,10,encoder_block_10,0.1903594732284546,48,100,100
relevancy_random_2,relevancy,random,2,451602,2176450,original,11,encoder_block_11,0.9156909584999084,28,100,100
relevancy_random_2,relevancy,random,2,451602,2176450,original,12,encoder_block_12,0.5305600166320801,20,100,100
relevancy_random_2,relevancy,random,2,451602,2176450,padded_control,0,embedding,0.4722142219543457,13,100,100
relevancy_random_2,relevancy,random,2,451602,2176450,padded_control,1,encoder_block_1,0.4716663360595703,9,100,100
relevancy_random_2,relevancy,random,2,451602,2176450,padded_control,2,encoder_block_2,0.4923408031463623,11,100,100
relevancy_random_2,relevancy,random,2,451602,2176450,padded_control,3,encoder_block_3,0.3751823902130127,13,100,100
relevancy_random_2,relevancy,random,2,451602,2176450,padded_control,4,encoder_block_4,0.3458480834960937,23,100,100
relevancy_random_2,relevancy,random,2,451602,2176450,padded_control,5,encoder_block_5,0.4039442539215088,16,100,100
relevancy_random_2,relevancy,random,2,451602,2176450,padded_control,6,encoder_block_6,0.4783234596252441,13,100,100
relevancy_random_2,relevancy,random,2,451602,2176450,padded_control,7,encoder_block_7,0.2326593399047851,28,100,100
relevancy_random_2,relevancy,random,2,451602,2176450,padded_control,8,encoder_block_8,0.3208073377609253,31,100,100
relevancy_random_2,relevancy,random,2,451602,2176450,padded_control,9,encoder_block_9,0.3624153137207031,42,100,100
relevancy_random_2,relevancy,random,2,451602,2176450,padded_control,10,encoder_block_10,0.2410458326339721,46,100,100
relevancy_random_2,relevancy,random,2,451602,2176450,padded_control,11,encoder_block_11,1.053189754486084,25,100,100
relevancy_random_2,relevancy,random,2,451602,2176450,padded_control,12,encoder_block_12,0.7716033458709717,18,100,100
relevancy_random_2,relevancy,random,2,451602,2176450,attack,0,embedding,0.5216569900512695,12,100,100
relevancy_random_2,relevancy,random,2,451602,2176450,attack,1,encoder_block_1,0.5545763969421387,7,100,100
relevancy_random_2,relevancy,random,2,451602,2176450,attack,2,encoder_block_2,0.5622327327728271,9,100,100
relevancy_random_2,relevancy,random,2,451602,2176450,attack,3,encoder_block_3,0.4483377933502197,9,100,100
relevancy_random_2,relevancy,random,2,451602,2176450,attack,4,encoder_block_4,0.409578800201416,15,100,100
relevancy_random_2,relevancy,random,2,451602,2176450,attack,5,encoder_block_5,0.4721207618713379,8,100,100
relevancy_random_2,relevancy,random,2,451602,2176450,attack,6,encoder_block_6,0.5284625291824341,11,100,100
relevancy_random_2,relevancy,random,2,451602,2176450,attack,7,encoder_block_7,0.3215621709823608,21,100,100
relevancy_random_2,relevancy,random,2,451602,2176450,attack,8,encoder_block_8,0.4363960027694702,23,100,100
relevancy_random_2,relevancy,random,2,451602,2176450,attack,9,encoder_block_9,0.4609652757644653,28,100,100
relevancy_random_2,relevancy,random,2,451602,2176450,attack,10,encoder_block_10,0.274887204170227,43,100,100
relevancy_random_2,relevancy,random,2,451602,2176450,attack,11,encoder_block_11,0.9558944702148438,28,100,100
relevancy_random_2,relevancy,random,2,451602,2176450,attack,12,encoder_block_12,0.2365322113037109,21,100,100
relevancy_random_2,relevancy,random,2,47923,1681334,original,0,embedding,0.4043662548065185,48,100,100
relevancy_random_2,relevancy,random,2,47923,1681334,original,1,encoder_block_1,0.0395421981811523,26,100,100
relevancy_random_2,relevancy,random,2,47923,1681334,original,2,encoder_block_2,-0.0696754455566406,38,100,100
relevancy_random_2,relevancy,random,2,47923,1681334,original,3,encoder_block_3,0.0279543399810791,19,100,100
relevancy_random_2,relevancy,random,2,47923,1681334,original,4,encoder_block_4,0.0471925735473632,24,100,100
relevancy_random_2,relevancy,random,2,47923,1681334,original,5,encoder_block_5,0.1422414779663086,24,100,100
relevancy_random_2,relevancy,random,2,47923,1681334,original,6,encoder_block_6,0.1042013168334961,19,100,100
relevancy_random_2,relevancy,random,2,47923,1681334,original,7,encoder_block_7,-0.0750753879547119,36,100,100
relevancy_random_2,relevancy,random,2,47923,1681334,original,8,encoder_block_8,-0.0072896480560302,36,100,100
relevancy_random_2,relevancy,random,2,47923,1681334,original,9,encoder_block_9,0.4003338813781738,16,100,100
relevancy_random_2,relevancy,random,2,47923,1681334,original,10,encoder_block_10,0.8675813674926758,6,100,100
relevancy_random_2,relevancy,random,2,47923,1681334,original,11,encoder_block_11,2.107748031616211,9,100,100
relevancy_random_2,relevancy,random,2,47923,1681334,original,12,encoder_block_12,4.144590377807617,12,100,100
relevancy_random_2,relevancy,random,2,47923,1681334,padded_control,0,embedding,0.4043667316436767,48,100,100
relevancy_random_2,relevancy,random,2,47923,1681334,padded_control,1,encoder_block_1,0.0573587417602539,25,100,100
relevancy_random_2,relevancy,random,2,47923,1681334,padded_control,2,encoder_block_2,-0.0691280364990234,38,100,100
relevancy_random_2,relevancy,random,2,47923,1681334,padded_control,3,encoder_block_3,0.0338211059570312,19,100,100
relevancy_random_2,relevancy,random,2,47923,1681334,padded_control,4,encoder_block_4,0.0489351749420166,24,100,100
relevancy_random_2,relevancy,random,2,47923,1681334,padded_control,5,encoder_block_5,0.1500511169433593,24,100,100
relevancy_random_2,relevancy,random,2,47923,1681334,padded_control,6,encoder_block_6,0.1056041717529296,19,100,100
relevancy_random_2,relevancy,random,2,47923,1681334,padded_control,7,encoder_block_7,-0.0706157684326171,36,100,100
relevancy_random_2,relevancy,random,2,47923,1681334,padded_control,8,encoder_block_8,-0.0063731670379638,36,100,100
relevancy_random_2,relevancy,random,2,47923,1681334,padded_control,9,encoder_block_9,0.3936128616333008,17,100,100
relevancy_random_2,relevancy,random,2,47923,1681334,padded_control,10,encoder_block_10,0.8624787330627441,6,100,100
relevancy_random_2,relevancy,random,2,47923,1681334,padded_control,11,encoder_block_11,2.116504907608032,9,100,100
relevancy_random_2,relevancy,random,2,47923,1681334,padded_control,12,encoder_block_12,4.166431427001953,12,100,100
relevancy_random_2,relevancy,random,2,47923,1681334,attack,0,embedding,0.4598848819732666,39,100,100
relevancy_random_2,relevancy,random,2,47923,1681334,attack,1,encoder_block_1,0.18668794631958,16,100,100
relevancy_random_2,relevancy,random,2,47923,1681334,attack,2,encoder_block_2,0.0451545715332031,21,100,100
relevancy_random_2,relevancy,random,2,47923,1681334,attack,3,encoder_block_3,0.1651363372802734,6,100,100
relevancy_random_2,relevancy,random,2,47923,1681334,attack,4,encoder_block_4,0.2027170658111572,8,100,100
relevancy_random_2,relevancy,random,2,47923,1681334,attack,5,encoder_block_5,0.3337972164154053,6,100,100
relevancy_random_2,relevancy,random,2,47923,1681334,attack,6,encoder_block_6,0.2543745040893554,5,100,100
relevancy_random_2,relevancy,random,2,47923,1681334,attack,7,encoder_block_7,0.0568478107452392,22,100,100
relevancy_random_2,relevancy,random,2,47923,1681334,attack,8,encoder_block_8,0.1277639865875244,21,100,100
relevancy_random_2,relevancy,random,2,47923,1681334,attack,9,encoder_block_9,0.5186619758605957,8,100,100
relevancy_random_2,relevancy,random,2,47923,1681334,attack,10,encoder_block_10,0.9718430042266846,5,100,100
relevancy_random_2,relevancy,random,2,47923,1681334,attack,11,encoder_block_11,2.202789306640625,8,100,100
relevancy_random_2,relevancy,random,2,47923,1681334,attack,12,encoder_block_12,4.281803131103516,10,100,100
relevancy_random_2,relevancy,random,2,489204,1051498,original,0,embedding,1.1050267219543457,7,100,100
relevancy_random_2,relevancy,random,2,489204,1051498,original,1,encoder_block_1,0.5670552253723145,10,100,100
relevancy_random_2,relevancy,random,2,489204,1051498,original,2,encoder_block_2,0.6947755813598633,7,100,100
relevancy_random_2,relevancy,random,2,489204,1051498,original,3,encoder_block_3,0.6954247951507568,7,100,100
relevancy_random_2,relevancy,random,2,489204,1051498,original,4,encoder_block_4,0.7063589096069336,13,100,100
relevancy_random_2,relevancy,random,2,489204,1051498,original,5,encoder_block_5,0.8089845180511475,12,100,100
relevancy_random_2,relevancy,random,2,489204,1051498,original,6,encoder_block_6,0.7066187858581543,15,100,100
relevancy_random_2,relevancy,random,2,489204,1051498,original,7,encoder_block_7,0.5458054542541504,25,100,100
relevancy_random_2,relevancy,random,2,489204,1051498,original,8,encoder_block_8,0.5038812160491943,19,100,100
relevancy_random_2,relevancy,random,2,489204,1051498,original,9,encoder_block_9,0.5962824821472168,17,100,100
relevancy_random_2,relevancy,random,2,489204,1051498,original,10,encoder_block_10,0.243504524230957,22,100,100
relevancy_random_2,relevancy,random,2,489204,1051498,original,11,encoder_block_11,0.8234102725982666,28,100,100
relevancy_random_2,relevancy,random,2,489204,1051498,original,12,encoder_block_12,1.1466436982154846,23,100,100
relevancy_random_2,relevancy,random,2,489204,1051498,padded_control,0,embedding,1.1050260066986084,7,100,100
relevancy_random_2,relevancy,random,2,489204,1051498,padded_control,1,encoder_block_1,0.5739288330078125,10,100,100
relevancy_random_2,relevancy,random,2,489204,1051498,padded_control,2,encoder_block_2,0.6984357833862305,6,100,100
relevancy_random_2,relevancy,random,2,489204,1051498,padded_control,3,encoder_block_3,0.6892800331115723,7,100,100
relevancy_random_2,relevancy,random,2,489204,1051498,padded_control,4,encoder_block_4,0.6882781982421875,15,100,100
relevancy_random_2,relevancy,random,2,489204,1051498,padded_control,5,encoder_block_5,0.7958769798278809,12,100,100
relevancy_random_2,relevancy,random,2,489204,1051498,padded_control,6,encoder_block_6,0.6800408363342285,16,100,100
relevancy_random_2,relevancy,random,2,489204,1051498,padded_control,7,encoder_block_7,0.5281574726104736,28,100,100
relevancy_random_2,relevancy,random,2,489204,1051498,padded_control,8,encoder_block_8,0.4670054912567138,25,100,100
relevancy_random_2,relevancy,random,2,489204,1051498,padded_control,9,encoder_block_9,0.5748112201690674,22,100,100
relevancy_random_2,relevancy,random,2,489204,1051498,padded_control,10,encoder_block_10,0.275414228439331,19,100,100
relevancy_random_2,relevancy,random,2,489204,1051498,padded_control,11,encoder_block_11,0.8420699834823608,25,100,100
relevancy_random_2,relevancy,random,2,489204,1051498,padded_control,12,encoder_block_12,1.0909420251846311,24,100,100
relevancy_random_2,relevancy,random,2,489204,1051498,attack,0,embedding,1.0482945442199707,7,100,100
relevancy_random_2,relevancy,random,2,489204,1051498,attack,1,encoder_block_1,0.7130012512207031,4,100,100
relevancy_random_2,relevancy,random,2,489204,1051498,attack,2,encoder_block_2,0.7931833267211914,2,100,100
relevancy_random_2,relevancy,random,2,489204,1051498,attack,3,encoder_block_3,0.7988076210021973,2,100,100
relevancy_random_2,relevancy,random,2,489204,1051498,attack,4,encoder_block_4,0.8268194198608398,9,100,100
relevancy_random_2,relevancy,random,2,489204,1051498,attack,5,encoder_block_5,0.9334628582000732,6,100,100
relevancy_random_2,relevancy,random,2,489204,1051498,attack,6,encoder_block_6,0.8756692409515381,3,100,100
relevancy_random_2,relevancy,random,2,489204,1051498,attack,7,encoder_block_7,0.7082805633544922,8,100,100
relevancy_random_2,relevancy,random,2,489204,1051498,attack,8,encoder_block_8,0.6354789733886719,7,100,100
relevancy_random_2,relevancy,random,2,489204,1051498,attack,9,encoder_block_9,0.7258038520812988,9,100,100
relevancy_random_2,relevancy,random,2,489204,1051498,attack,10,encoder_block_10,0.4153895378112793,10,100,100
relevancy_random_2,relevancy,random,2,489204,1051498,attack,11,encoder_block_11,0.905951738357544,22,100,100
relevancy_random_2,relevancy,random,2,489204,1051498,attack,12,encoder_block_12,0.975877732038498,24,100,100
relevancy_random_2,relevancy,random,2,490595,7839904,original,0,embedding,0.743114709854126,49,100,100
relevancy_random_2,relevancy,random,2,490595,7839904,original,1,encoder_block_1,0.2408144474029541,90,100,100
relevancy_random_2,relevancy,random,2,490595,7839904,original,2,encoder_block_2,0.2686305046081543,93,100,100
relevancy_random_2,relevancy,random,2,490595,7839904,original,3,encoder_block_3,0.2997734546661377,87,100,100
relevancy_random_2,relevancy,random,2,490595,7839904,original,4,encoder_block_4,0.6087636947631836,71,100,100
relevancy_random_2,relevancy,random,2,490595,7839904,original,5,encoder_block_5,0.8757696151733398,57,100,100
relevancy_random_2,relevancy,random,2,490595,7839904,original,6,encoder_block_6,0.8896998167037964,57,100,100
relevancy_random_2,relevancy,random,2,490595,7839904,original,7,encoder_block_7,1.0411710739135742,53,100,100
relevancy_random_2,relevancy,random,2,490595,7839904,original,8,encoder_block_8,1.0582380294799805,52,100,100
relevancy_random_2,relevancy,random,2,490595,7839904,original,9,encoder_block_9,1.0870909690856934,54,100,100
relevancy_random_2,relevancy,random,2,490595,7839904,original,10,encoder_block_10,0.5982840061187744,83,100,100
relevancy_random_2,relevancy,random,2,490595,7839904,original,11,encoder_block_11,0.3663021922111511,72,100,100
relevancy_random_2,relevancy,random,2,490595,7839904,original,12,encoder_block_12,-6.449821472167969,74,100,100
relevancy_random_2,relevancy,random,2,490595,7839904,padded_control,0,embedding,0.7431142330169678,49,100,100
relevancy_random_2,relevancy,random,2,490595,7839904,padded_control,1,encoder_block_1,0.2433438301086425,90,100,100
relevancy_random_2,relevancy,random,2,490595,7839904,padded_control,2,encoder_block_2,0.2740912437438965,92,100,100
relevancy_random_2,relevancy,random,2,490595,7839904,padded_control,3,encoder_block_3,0.296614408493042,88,100,100
relevancy_random_2,relevancy,random,2,490595,7839904,padded_control,4,encoder_block_4,0.6091973781585693,71,100,100
relevancy_random_2,relevancy,random,2,490595,7839904,padded_control,5,encoder_block_5,0.8802999258041382,57,100,100
relevancy_random_2,relevancy,random,2,490595,7839904,padded_control,6,encoder_block_6,0.8956170082092285,57,100,100
relevancy_random_2,relevancy,random,2,490595,7839904,padded_control,7,encoder_block_7,1.0380733013153076,53,100,100
relevancy_random_2,relevancy,random,2,490595,7839904,padded_control,8,encoder_block_8,1.0549018383026123,52,100,100
relevancy_random_2,relevancy,random,2,490595,7839904,padded_control,9,encoder_block_9,1.0805872678756714,54,100,100
relevancy_random_2,relevancy,random,2,490595,7839904,padded_control,10,encoder_block_10,0.5930831432342529,83,100,100
relevancy_random_2,relevancy,random,2,490595,7839904,padded_control,11,encoder_block_11,0.3671319484710693,72,100,100
relevancy_random_2,relevancy,random,2,490595,7839904,padded_control,12,encoder_block_12,-6.48634147644043,74,100,100
relevancy_random_2,relevancy,random,2,490595,7839904,attack,0,embedding,0.7701938152313232,46,100,100
relevancy_random_2,relevancy,random,2,490595,7839904,attack,1,encoder_block_1,0.3792493343353271,85,100,100
relevancy_random_2,relevancy,random,2,490595,7839904,attack,2,encoder_block_2,0.4490149021148681,82,100,100
relevancy_random_2,relevancy,random,2,490595,7839904,attack,3,encoder_block_3,0.4869349002838135,69,100,100
relevancy_random_2,relevancy,random,2,490595,7839904,attack,4,encoder_block_4,0.796177864074707,52,100,100
relevancy_random_2,relevancy,random,2,490595,7839904,attack,5,encoder_block_5,1.0670030117034912,39,100,100
relevancy_random_2,relevancy,random,2,490595,7839904,attack,6,encoder_block_6,1.085590124130249,35,100,100
relevancy_random_2,relevancy,random,2,490595,7839904,attack,7,encoder_block_7,1.206478238105774,32,100,100
relevancy_random_2,relevancy,random,2,490595,7839904,attack,8,encoder_block_8,1.192581295967102,34,100,100
relevancy_random_2,relevancy,random,2,490595,7839904,attack,9,encoder_block_9,1.2318068742752075,35,100,100
relevancy_random_2,relevancy,random,2,490595,7839904,attack,10,encoder_block_10,0.8012923002243042,65,100,100
relevancy_random_2,relevancy,random,2,490595,7839904,attack,11,encoder_block_11,0.4960094690322876,70,100,100
relevancy_random_2,relevancy,random,2,490595,7839904,attack,12,encoder_block_12,-5.851469993591309,71,100,100
relevancy_random_2,relevancy,random,2,527433,6186391,original,0,embedding,-0.5706920623779297,99,100,100
relevancy_random_2,relevancy,random,2,527433,6186391,original,1,encoder_block_1,-0.8049893379211426,91,100,100
relevancy_random_2,relevancy,random,2,527433,6186391,original,2,encoder_block_2,-0.6781020164489746,88,100,100
relevancy_random_2,relevancy,random,2,527433,6186391,original,3,encoder_block_3,-0.2104153633117675,58,100,100
relevancy_random_2,relevancy,random,2,527433,6186391,original,4,encoder_block_4,0.0249910354614257,36,100,100
relevancy_random_2,relevancy,random,2,527433,6186391,original,5,encoder_block_5,0.0053474903106689,19,100,100
relevancy_random_2,relevancy,random,2,527433,6186391,original,6,encoder_block_6,-0.0756361484527587,19,100,100
relevancy_random_2,relevancy,random,2,527433,6186391,original,7,encoder_block_7,-0.0155584812164306,19,100,100
relevancy_random_2,relevancy,random,2,527433,6186391,original,8,encoder_block_8,-0.1562321186065673,22,100,100
relevancy_random_2,relevancy,random,2,527433,6186391,original,9,encoder_block_9,0.1609573364257812,14,100,100
relevancy_random_2,relevancy,random,2,527433,6186391,original,10,encoder_block_10,0.2740828990936279,8,100,100
relevancy_random_2,relevancy,random,2,527433,6186391,original,11,encoder_block_11,1.410413384437561,5,100,100
relevancy_random_2,relevancy,random,2,527433,6186391,original,12,encoder_block_12,2.474163770675659,5,100,100
relevancy_random_2,relevancy,random,2,527433,6186391,padded_control,0,embedding,-0.5706939697265625,99,100,100
relevancy_random_2,relevancy,random,2,527433,6186391,padded_control,1,encoder_block_1,-0.8117794990539551,91,100,100
relevancy_random_2,relevancy,random,2,527433,6186391,padded_control,2,encoder_block_2,-0.6908316612243652,88,100,100
relevancy_random_2,relevancy,random,2,527433,6186391,padded_control,3,encoder_block_3,-0.2154722213745117,59,100,100
relevancy_random_2,relevancy,random,2,527433,6186391,padded_control,4,encoder_block_4,0.0104880332946777,36,100,100
relevancy_random_2,relevancy,random,2,527433,6186391,padded_control,5,encoder_block_5,0.0023798942565917,19,100,100
relevancy_random_2,relevancy,random,2,527433,6186391,padded_control,6,encoder_block_6,-0.0817093849182128,19,100,100
relevancy_random_2,relevancy,random,2,527433,6186391,padded_control,7,encoder_block_7,-0.0270893573760986,20,100,100
relevancy_random_2,relevancy,random,2,527433,6186391,padded_control,8,encoder_block_8,-0.1616501808166504,25,100,100
relevancy_random_2,relevancy,random,2,527433,6186391,padded_control,9,encoder_block_9,0.1558899879455566,14,100,100
relevancy_random_2,relevancy,random,2,527433,6186391,padded_control,10,encoder_block_10,0.2767539024353027,8,100,100
relevancy_random_2,relevancy,random,2,527433,6186391,padded_control,11,encoder_block_11,1.4159387350082395,5,100,100
relevancy_random_2,relevancy,random,2,527433,6186391,padded_control,12,encoder_block_12,2.47285532951355,5,100,100
relevancy_random_2,relevancy,random,2,527433,6186391,attack,0,embedding,-0.5589957237243652,99,100,100
relevancy_random_2,relevancy,random,2,527433,6186391,attack,1,encoder_block_1,-0.7584929466247559,87,100,100
relevancy_random_2,relevancy,random,2,527433,6186391,attack,2,encoder_block_2,-0.6027007102966309,85,100,100
relevancy_random_2,relevancy,random,2,527433,6186391,attack,3,encoder_block_3,-0.1123495101928711,45,100,100
relevancy_random_2,relevancy,random,2,527433,6186391,attack,4,encoder_block_4,0.1595566272735595,20,100,100
relevancy_random_2,relevancy,random,2,527433,6186391,attack,5,encoder_block_5,0.1425509452819824,11,100,100
relevancy_random_2,relevancy,random,2,527433,6186391,attack,6,encoder_block_6,0.0654940605163574,9,100,100
relevancy_random_2,relevancy,random,2,527433,6186391,attack,7,encoder_block_7,0.1244072914123535,10,100,100
relevancy_random_2,relevancy,random,2,527433,6186391,attack,8,encoder_block_8,-0.0258662700653076,15,100,100
relevancy_random_2,relevancy,random,2,527433,6186391,attack,9,encoder_block_9,0.3015925884246826,9,100,100
relevancy_random_2,relevancy,random,2,527433,6186391,attack,10,encoder_block_10,0.3949594497680664,7,100,100
relevancy_random_2,relevancy,random,2,527433,6186391,attack,11,encoder_block_11,1.4951690435409546,2,100,100
relevancy_random_2,relevancy,random,2,527433,6186391,attack,12,encoder_block_12,2.43962836265564,5,100,100
relevancy_random_2,relevancy,random,2,573724,3365633,original,0,embedding,0.5385451316833496,36,100,100
relevancy_random_2,relevancy,random,2,573724,3365633,original,1,encoder_block_1,0.4097919464111328,55,100,100
relevancy_random_2,relevancy,random,2,573724,3365633,original,2,encoder_block_2,0.6967830657958984,55,100,100
relevancy_random_2,relevancy,random,2,573724,3365633,original,3,encoder_block_3,0.7205619812011719,57,100,100
relevancy_random_2,relevancy,random,2,573724,3365633,original,4,encoder_block_4,0.6689319610595703,57,100,100
relevancy_random_2,relevancy,random,2,573724,3365633,original,5,encoder_block_5,0.6640961170196533,43,100,100
relevancy_random_2,relevancy,random,2,573724,3365633,original,6,encoder_block_6,0.636467456817627,44,100,100
relevancy_random_2,relevancy,random,2,573724,3365633,original,7,encoder_block_7,0.8578405380249023,23,100,100
relevancy_random_2,relevancy,random,2,573724,3365633,original,8,encoder_block_8,1.016554832458496,17,100,100
relevancy_random_2,relevancy,random,2,573724,3365633,original,9,encoder_block_9,1.0867230892181396,18,100,100
relevancy_random_2,relevancy,random,2,573724,3365633,original,10,encoder_block_10,1.3101067543029783,18,100,100
relevancy_random_2,relevancy,random,2,573724,3365633,original,11,encoder_block_11,2.012021541595459,31,100,100
relevancy_random_2,relevancy,random,2,573724,3365633,original,12,encoder_block_12,3.365236520767212,32,100,100
relevancy_random_2,relevancy,random,2,573724,3365633,padded_control,0,embedding,0.5385446548461914,36,100,100
relevancy_random_2,relevancy,random,2,573724,3365633,padded_control,1,encoder_block_1,0.4075508117675781,55,100,100
relevancy_random_2,relevancy,random,2,573724,3365633,padded_control,2,encoder_block_2,0.6961669921875,55,100,100
relevancy_random_2,relevancy,random,2,573724,3365633,padded_control,3,encoder_block_3,0.7323246002197266,53,100,100
relevancy_random_2,relevancy,random,2,573724,3365633,padded_control,4,encoder_block_4,0.6790146827697754,55,100,100
relevancy_random_2,relevancy,random,2,573724,3365633,padded_control,5,encoder_block_5,0.6718301773071289,41,100,100
relevancy_random_2,relevancy,random,2,573724,3365633,padded_control,6,encoder_block_6,0.6471335887908936,41,100,100
relevancy_random_2,relevancy,random,2,573724,3365633,padded_control,7,encoder_block_7,0.8660831451416016,22,100,100
relevancy_random_2,relevancy,random,2,573724,3365633,padded_control,8,encoder_block_8,1.016803741455078,17,100,100
relevancy_random_2,relevancy,random,2,573724,3365633,padded_control,9,encoder_block_9,1.071627140045166,20,100,100
relevancy_random_2,relevancy,random,2,573724,3365633,padded_control,10,encoder_block_10,1.2700505256652832,19,100,100
relevancy_random_2,relevancy,random,2,573724,3365633,padded_control,11,encoder_block_11,1.977090120315552,31,100,100
relevancy_random_2,relevancy,random,2,573724,3365633,padded_control,12,encoder_block_12,3.3336870670318604,32,100,100
relevancy_random_2,relevancy,random,2,573724,3365633,attack,0,embedding,0.5640459060668945,33,100,100
relevancy_random_2,relevancy,random,2,573724,3365633,attack,1,encoder_block_1,0.4917917251586914,46,100,100
relevancy_random_2,relevancy,random,2,573724,3365633,attack,2,encoder_block_2,0.7824959754943848,42,100,100
relevancy_random_2,relevancy,random,2,573724,3365633,attack,3,encoder_block_3,0.8115706443786621,40,100,100
relevancy_random_2,relevancy,random,2,573724,3365633,attack,4,encoder_block_4,0.7623157501220703,43,100,100
relevancy_random_2,relevancy,random,2,573724,3365633,attack,5,encoder_block_5,0.766456127166748,30,100,100
relevancy_random_2,relevancy,random,2,573724,3365633,attack,6,encoder_block_6,0.7303156852722168,28,100,100
relevancy_random_2,relevancy,random,2,573724,3365633,attack,7,encoder_block_7,0.9535393714904784,15,100,100
relevancy_random_2,relevancy,random,2,573724,3365633,attack,8,encoder_block_8,1.07908034324646,13,100,100
relevancy_random_2,relevancy,random,2,573724,3365633,attack,9,encoder_block_9,1.15980863571167,16,100,100
relevancy_random_2,relevancy,random,2,573724,3365633,attack,10,encoder_block_10,1.3094666004180908,18,100,100
relevancy_random_2,relevancy,random,2,573724,3365633,attack,11,encoder_block_11,1.974353313446045,31,100,100
relevancy_random_2,relevancy,random,2,573724,3365633,attack,12,encoder_block_12,3.4124832153320312,31,100,100
relevancy_random_2,relevancy,random,2,833860,6230226,original,0,embedding,0.1813712120056152,47,100,100
relevancy_random_2,relevancy,random,2,833860,6230226,original,1,encoder_block_1,0.003852367401123,68,100,100
relevancy_random_2,relevancy,random,2,833860,6230226,original,2,encoder_block_2,0.2235174179077148,68,100,100
relevancy_random_2,relevancy,random,2,833860,6230226,original,3,encoder_block_3,0.5636570453643799,29,100,100
relevancy_random_2,relevancy,random,2,833860,6230226,original,4,encoder_block_4,0.662346363067627,20,100,100
relevancy_random_2,relevancy,random,2,833860,6230226,original,5,encoder_block_5,0.7447495460510254,9,100,100
relevancy_random_2,relevancy,random,2,833860,6230226,original,6,encoder_block_6,0.733391284942627,9,100,100
relevancy_random_2,relevancy,random,2,833860,6230226,original,7,encoder_block_7,0.8366022109985352,7,100,100
relevancy_random_2,relevancy,random,2,833860,6230226,original,8,encoder_block_8,0.889418363571167,7,100,100
relevancy_random_2,relevancy,random,2,833860,6230226,original,9,encoder_block_9,1.210526466369629,2,100,100
relevancy_random_2,relevancy,random,2,833860,6230226,original,10,encoder_block_10,1.6339516639709473,1,100,100
relevancy_random_2,relevancy,random,2,833860,6230226,original,11,encoder_block_11,3.701798439025879,1,100,100
relevancy_random_2,relevancy,random,2,833860,6230226,original,12,encoder_block_12,6.444667816162109,1,100,100
relevancy_random_2,relevancy,random,2,833860,6230226,padded_control,0,embedding,0.1813716888427734,47,100,100
relevancy_random_2,relevancy,random,2,833860,6230226,padded_control,1,encoder_block_1,-0.001533031463623,68,100,100
relevancy_random_2,relevancy,random,2,833860,6230226,padded_control,2,encoder_block_2,0.2133574485778808,68,100,100
relevancy_random_2,relevancy,random,2,833860,6230226,padded_control,3,encoder_block_3,0.5571928024291992,30,100,100
relevancy_random_2,relevancy,random,2,833860,6230226,padded_control,4,encoder_block_4,0.6567974090576172,20,100,100
relevancy_random_2,relevancy,random,2,833860,6230226,padded_control,5,encoder_block_5,0.7363426685333252,10,100,100
relevancy_random_2,relevancy,random,2,833860,6230226,padded_control,6,encoder_block_6,0.7224392890930176,9,100,100
relevancy_random_2,relevancy,random,2,833860,6230226,padded_control,7,encoder_block_7,0.8298921585083008,7,100,100
relevancy_random_2,relevancy,random,2,833860,6230226,padded_control,8,encoder_block_8,0.8781473636627197,8,100,100
relevancy_random_2,relevancy,random,2,833860,6230226,padded_control,9,encoder_block_9,1.2043983936309814,2,100,100
relevancy_random_2,relevancy,random,2,833860,6230226,padded_control,10,encoder_block_10,1.6232728958129885,1,100,100
relevancy_random_2,relevancy,random,2,833860,6230226,padded_control,11,encoder_block_11,3.695101737976074,1,100,100
relevancy_random_2,relevancy,random,2,833860,6230226,padded_control,12,encoder_block_12,6.453384399414063,1,100,100
relevancy_random_2,relevancy,random,2,833860,6230226,attack,0,embedding,0.2155914306640625,44,100,100
relevancy_random_2,relevancy,random,2,833860,6230226,attack,1,encoder_block_1,0.0689473152160644,65,100,100
relevancy_random_2,relevancy,random,2,833860,6230226,attack,2,encoder_block_2,0.2920312881469726,62,100,100
relevancy_random_2,relevancy,random,2,833860,6230226,attack,3,encoder_block_3,0.6338303089141846,22,100,100
relevancy_random_2,relevancy,random,2,833860,6230226,attack,4,encoder_block_4,0.7288873195648193,16,100,100
relevancy_random_2,relevancy,random,2,833860,6230226,attack,5,encoder_block_5,0.7984869480133057,8,100,100
relevancy_random_2,relevancy,random,2,833860,6230226,attack,6,encoder_block_6,0.7705707550048828,6,100,100
relevancy_random_2,relevancy,random,2,833860,6230226,attack,7,encoder_block_7,0.8503532409667969,7,100,100
relevancy_random_2,relevancy,random,2,833860,6230226,attack,8,encoder_block_8,0.9273221492767334,7,100,100
relevancy_random_2,relevancy,random,2,833860,6230226,attack,9,encoder_block_9,1.2509386539459229,2,100,100
relevancy_random_2,relevancy,random,2,833860,6230226,attack,10,encoder_block_10,1.639174222946167,1,100,100
relevancy_random_2,relevancy,random,2,833860,6230226,attack,11,encoder_block_11,3.648004531860352,1,100,100
relevancy_random_2,relevancy,random,2,833860,6230226,attack,12,encoder_block_12,6.431999206542969,1,100,100
relevancy_random_2,relevancy,random,2,855410,8651772,original,0,embedding,0.5264654159545898,3,100,5
relevancy_random_2,relevancy,random,2,855410,8651772,original,1,encoder_block_1,0.4964876174926758,3,100,5
relevancy_random_2,relevancy,random,2,855410,8651772,original,2,encoder_block_2,0.4185943603515625,3,100,5
relevancy_random_2,relevancy,random,2,855410,8651772,original,3,encoder_block_3,0.4122314453125,3,100,5
relevancy_random_2,relevancy,random,2,855410,8651772,original,4,encoder_block_4,0.3530209064483642,2,100,5
relevancy_random_2,relevancy,random,2,855410,8651772,original,5,encoder_block_5,0.1483740806579589,2,100,5
relevancy_random_2,relevancy,random,2,855410,8651772,original,6,encoder_block_6,0.0892930030822753,2,100,5
relevancy_random_2,relevancy,random,2,855410,8651772,original,7,encoder_block_7,-0.0656623840332031,3,100,5
relevancy_random_2,relevancy,random,2,855410,8651772,original,8,encoder_block_8,0.1337442398071289,4,100,5
relevancy_random_2,relevancy,random,2,855410,8651772,original,9,encoder_block_9,0.2155776023864746,5,100,5
relevancy_random_2,relevancy,random,2,855410,8651772,original,10,encoder_block_10,0.0266947746276855,4,100,5
relevancy_random_2,relevancy,random,2,855410,8651772,original,11,encoder_block_11,0.5747649669647217,4,100,5
relevancy_random_2,relevancy,random,2,855410,8651772,original,12,encoder_block_12,0.2199397087097168,4,100,5
relevancy_random_2,relevancy,random,2,855410,8651772,padded_control,0,embedding,0.526465892791748,3,100,5
relevancy_random_2,relevancy,random,2,855410,8651772,padded_control,1,encoder_block_1,0.5048065185546875,3,100,5
relevancy_random_2,relevancy,random,2,855410,8651772,padded_control,2,encoder_block_2,0.4155964851379394,3,100,5
relevancy_random_2,relevancy,random,2,855410,8651772,padded_control,3,encoder_block_3,0.4030361175537109,3,100,5
relevancy_random_2,relevancy,random,2,855410,8651772,padded_control,4,encoder_block_4,0.3420562744140625,2,100,5
relevancy_random_2,relevancy,random,2,855410,8651772,padded_control,5,encoder_block_5,0.1416492462158203,2,100,5
relevancy_random_2,relevancy,random,2,855410,8651772,padded_control,6,encoder_block_6,0.0808925628662109,2,100,5
relevancy_random_2,relevancy,random,2,855410,8651772,padded_control,7,encoder_block_7,-0.0681707859039306,3,100,5
relevancy_random_2,relevancy,random,2,855410,8651772,padded_control,8,encoder_block_8,0.1391072273254394,4,100,5
relevancy_random_2,relevancy,random,2,855410,8651772,padded_control,9,encoder_block_9,0.2254965305328369,5,100,5
relevancy_random_2,relevancy,random,2,855410,8651772,padded_control,10,encoder_block_10,0.0409201383590698,4,100,5
relevancy_random_2,relevancy,random,2,855410,8651772,padded_control,11,encoder_block_11,0.5746123790740967,4,100,5
relevancy_random_2,relevancy,random,2,855410,8651772,padded_control,12,encoder_block_12,0.1854732930660247,4,100,5
relevancy_random_2,relevancy,random,2,855410,8651772,attack,0,embedding,0.5811734199523926,3,100,5
relevancy_random_2,relevancy,random,2,855410,8651772,attack,1,encoder_block_1,0.685704231262207,3,100,5
relevancy_random_2,relevancy,random,2,855410,8651772,attack,2,encoder_block_2,0.5555815696716309,3,100,5
relevancy_random_2,relevancy,random,2,855410,8651772,attack,3,encoder_block_3,0.5425124168395996,3,100,5
relevancy_random_2,relevancy,random,2,855410,8651772,attack,4,encoder_block_4,0.5080225467681885,2,100,5
relevancy_random_2,relevancy,random,2,855410,8651772,attack,5,encoder_block_5,0.3137524127960205,2,100,5
relevancy_random_2,relevancy,random,2,855410,8651772,attack,6,encoder_block_6,0.2945983409881592,2,100,5
relevancy_random_2,relevancy,random,2,855410,8651772,attack,7,encoder_block_7,0.1571407318115234,2,100,5
relevancy_random_2,relevancy,random,2,855410,8651772,attack,8,encoder_block_8,0.3458681106567383,2,100,5
relevancy_random_2,relevancy,random,2,855410,8651772,attack,9,encoder_block_9,0.4042606353759765,3,100,5
relevancy_random_2,relevancy,random,2,855410,8651772,attack,10,encoder_block_10,0.2356345653533935,4,100,5
relevancy_random_2,relevancy,random,2,855410,8651772,attack,11,encoder_block_11,0.778449535369873,4,100,5
relevancy_random_2,relevancy,random,2,855410,8651772,attack,12,encoder_block_12,0.3309520483016968,4,100,5
relevancy_random_2,relevancy,random,2,87181,2986227,original,0,embedding,0.427579402923584,59,100,100
relevancy_random_2,relevancy,random,2,87181,2986227,original,1,encoder_block_1,0.066629409790039,63,100,100
relevancy_random_2,relevancy,random,2,87181,2986227,original,2,encoder_block_2,0.1126074790954589,40,100,100
relevancy_random_2,relevancy,random,2,87181,2986227,original,3,encoder_block_3,0.0347876548767089,47,100,100
relevancy_random_2,relevancy,random,2,87181,2986227,original,4,encoder_block_4,-0.2236852645874023,59,100,100
relevancy_random_2,relevancy,random,2,87181,2986227,original,5,encoder_block_5,-0.2539844512939453,52,100,100
relevancy_random_2,relevancy,random,2,87181,2986227,original,6,encoder_block_6,-0.298931360244751,55,100,100
relevancy_random_2,relevancy,random,2,87181,2986227,original,7,encoder_block_7,-0.1024222373962402,31,100,100
relevancy_random_2,relevancy,random,2,87181,2986227,original,8,encoder_block_8,-0.0140490531921386,21,100,100
relevancy_random_2,relevancy,random,2,87181,2986227,original,9,encoder_block_9,0.435795783996582,8,100,100
relevancy_random_2,relevancy,random,2,87181,2986227,original,10,encoder_block_10,0.8540353775024414,1,100,100
relevancy_random_2,relevancy,random,2,87181,2986227,original,11,encoder_block_11,2.348917961120605,1,100,100
relevancy_random_2,relevancy,random,2,87181,2986227,original,12,encoder_block_12,3.095364809036255,12,100,100
relevancy_random_2,relevancy,random,2,87181,2986227,padded_control,0,embedding,0.4275798797607422,59,100,100
relevancy_random_2,relevancy,random,2,87181,2986227,padded_control,1,encoder_block_1,0.069495677947998,62,100,100
relevancy_random_2,relevancy,random,2,87181,2986227,padded_control,2,encoder_block_2,0.1168560981750488,40,100,100
relevancy_random_2,relevancy,random,2,87181,2986227,padded_control,3,encoder_block_3,0.0380077362060546,47,100,100
relevancy_random_2,relevancy,random,2,87181,2986227,padded_control,4,encoder_block_4,-0.2229275703430175,59,100,100
relevancy_random_2,relevancy,random,2,87181,2986227,padded_control,5,encoder_block_5,-0.2539153099060058,52,100,100
relevancy_random_2,relevancy,random,2,87181,2986227,padded_control,6,encoder_block_6,-0.2999236583709717,55,100,100
relevancy_random_2,relevancy,random,2,87181,2986227,padded_control,7,encoder_block_7,-0.1064720153808593,32,100,100
relevancy_random_2,relevancy,random,2,87181,2986227,padded_control,8,encoder_block_8,-0.0244526863098144,22,100,100
relevancy_random_2,relevancy,random,2,87181,2986227,padded_control,9,encoder_block_9,0.4272656440734863,8,100,100
relevancy_random_2,relevancy,random,2,87181,2986227,padded_control,10,encoder_block_10,0.8528800010681152,1,100,100
relevancy_random_2,relevancy,random,2,87181,2986227,padded_control,11,encoder_block_11,2.354265689849853,1,100,100
relevancy_random_2,relevancy,random,2,87181,2986227,padded_control,12,encoder_block_12,3.105920553207397,12,100,100
relevancy_random_2,relevancy,random,2,87181,2986227,attack,0,embedding,0.4429769515991211,58,100,100
relevancy_random_2,relevancy,random,2,87181,2986227,attack,1,encoder_block_1,0.1289741992950439,57,100,100
relevancy_random_2,relevancy,random,2,87181,2986227,attack,2,encoder_block_2,0.1805591583251953,32,100,100
relevancy_random_2,relevancy,random,2,87181,2986227,attack,3,encoder_block_3,0.1469435691833496,36,100,100
relevancy_random_2,relevancy,random,2,87181,2986227,attack,4,encoder_block_4,-0.1100263595581054,45,100,100
relevancy_random_2,relevancy,random,2,87181,2986227,attack,5,encoder_block_5,-0.1639597415924072,38,100,100
relevancy_random_2,relevancy,random,2,87181,2986227,attack,6,encoder_block_6,-0.2065095901489257,41,100,100
relevancy_random_2,relevancy,random,2,87181,2986227,attack,7,encoder_block_7,-0.0436480045318603,25,100,100
relevancy_random_2,relevancy,random,2,87181,2986227,attack,8,encoder_block_8,0.079897403717041,14,100,100
relevancy_random_2,relevancy,random,2,87181,2986227,attack,9,encoder_block_9,0.5250921249389648,4,100,100
relevancy_random_2,relevancy,random,2,87181,2986227,attack,10,encoder_block_10,0.9305214881896972,1,100,100
relevancy_random_2,relevancy,random,2,87181,2986227,attack,11,encoder_block_11,2.392991065979004,1,100,100
relevancy_random_2,relevancy,random,2,87181,2986227,attack,12,encoder_block_12,3.146651268005371,11,100,100
relevancy_random_2,relevancy,random,2,87452,186939,original,0,embedding,-0.131176471710205,89,100,100
relevancy_random_2,relevancy,random,2,87452,186939,original,1,encoder_block_1,0.0700085163116455,69,100,100
relevancy_random_2,relevancy,random,2,87452,186939,original,2,encoder_block_2,0.5808210372924805,60,100,100
relevancy_random_2,relevancy,random,2,87452,186939,original,3,encoder_block_3,0.5310637950897217,58,100,100
relevancy_random_2,relevancy,random,2,87452,186939,original,4,encoder_block_4,0.5410923957824707,65,100,100
relevancy_random_2,relevancy,random,2,87452,186939,original,5,encoder_block_5,0.4766809940338135,82,100,100
relevancy_random_2,relevancy,random,2,87452,186939,original,6,encoder_block_6,0.4033131599426269,62,100,100
relevancy_random_2,relevancy,random,2,87452,186939,original,7,encoder_block_7,0.4157111644744873,62,100,100
relevancy_random_2,relevancy,random,2,87452,186939,original,8,encoder_block_8,0.5054173469543457,55,100,100
relevancy_random_2,relevancy,random,2,87452,186939,original,9,encoder_block_9,0.892852783203125,40,100,100
relevancy_random_2,relevancy,random,2,87452,186939,original,10,encoder_block_10,0.9098341464996338,10,100,100
relevancy_random_2,relevancy,random,2,87452,186939,original,11,encoder_block_11,2.610426425933838,3,100,100
relevancy_random_2,relevancy,random,2,87452,186939,original,12,encoder_block_12,4.912345886230469,2,100,100
relevancy_random_2,relevancy,random,2,87452,186939,padded_control,0,embedding,-0.1311759948730468,89,100,100
relevancy_random_2,relevancy,random,2,87452,186939,padded_control,1,encoder_block_1,0.0712835788726806,69,100,100
relevancy_random_2,relevancy,random,2,87452,186939,padded_control,2,encoder_block_2,0.5847773551940918,60,100,100
relevancy_random_2,relevancy,random,2,87452,186939,padded_control,3,encoder_block_3,0.5255897045135498,60,100,100
relevancy_random_2,relevancy,random,2,87452,186939,padded_control,4,encoder_block_4,0.5324313640594482,67,100,100
relevancy_random_2,relevancy,random,2,87452,186939,padded_control,5,encoder_block_5,0.4734807014465332,83,100,100
relevancy_random_2,relevancy,random,2,87452,186939,padded_control,6,encoder_block_6,0.4076182842254638,62,100,100
relevancy_random_2,relevancy,random,2,87452,186939,padded_control,7,encoder_block_7,0.4140288829803467,63,100,100
relevancy_random_2,relevancy,random,2,87452,186939,padded_control,8,encoder_block_8,0.50966477394104,54,100,100
relevancy_random_2,relevancy,random,2,87452,186939,padded_control,9,encoder_block_9,0.9053125381469728,39,100,100
relevancy_random_2,relevancy,random,2,87452,186939,padded_control,10,encoder_block_10,0.9161522388458252,9,100,100
relevancy_random_2,relevancy,random,2,87452,186939,padded_control,11,encoder_block_11,2.5946645736694336,3,100,100
relevancy_random_2,relevancy,random,2,87452,186939,padded_control,12,encoder_block_12,4.9333600997924805,2,100,100
relevancy_random_2,relevancy,random,2,87452,186939,attack,0,embedding,-0.1181540489196777,88,100,100
relevancy_random_2,relevancy,random,2,87452,186939,attack,1,encoder_block_1,0.1496462821960449,63,100,100
relevancy_random_2,relevancy,random,2,87452,186939,attack,2,encoder_block_2,0.6816892623901367,53,100,100
relevancy_random_2,relevancy,random,2,87452,186939,attack,3,encoder_block_3,0.5564415454864502,55,100,100
relevancy_random_2,relevancy,random,2,87452,186939,attack,4,encoder_block_4,0.58803391456604,59,100,100
relevancy_random_2,relevancy,random,2,87452,186939,attack,5,encoder_block_5,0.5726526975631714,69,100,100
relevancy_random_2,relevancy,random,2,87452,186939,attack,6,encoder_block_6,0.4827413558959961,50,100,100
relevancy_random_2,relevancy,random,2,87452,186939,attack,7,encoder_block_7,0.4912304878234863,51,100,100
relevancy_random_2,relevancy,random,2,87452,186939,attack,8,encoder_block_8,0.546910285949707,49,100,100
relevancy_random_2,relevancy,random,2,87452,186939,attack,9,encoder_block_9,0.9213299751281738,39,100,100
relevancy_random_2,relevancy,random,2,87452,186939,attack,10,encoder_block_10,0.9012887477874756,10,100,100
relevancy_random_2,relevancy,random,2,87452,186939,attack,11,encoder_block_11,2.518300771713257,3,100,100
relevancy_random_2,relevancy,random,2,87452,186939,attack,12,encoder_block_12,4.743072509765625,2,100,100
relevancy_random_2,relevancy,random,2,915593,4566816,original,0,embedding,-0.1649837493896484,95,100,100
relevancy_random_2,relevancy,random,2,915593,4566816,original,1,encoder_block_1,-0.13824462890625,95,100,100
relevancy_random_2,relevancy,random,2,915593,4566816,original,2,encoder_block_2,0.2396275997161865,87,100,100
relevancy_random_2,relevancy,random,2,915593,4566816,original,3,encoder_block_3,0.2713072299957275,85,100,100
relevancy_random_2,relevancy,random,2,915593,4566816,original,4,encoder_block_4,0.366396427154541,71,100,100
relevancy_random_2,relevancy,random,2,915593,4566816,original,5,encoder_block_5,0.4460828304290771,52,100,100
relevancy_random_2,relevancy,random,2,915593,4566816,original,6,encoder_block_6,0.3744106292724609,58,100,100
relevancy_random_2,relevancy,random,2,915593,4566816,original,7,encoder_block_7,0.4818277359008789,41,100,100
relevancy_random_2,relevancy,random,2,915593,4566816,original,8,encoder_block_8,0.6857666969299316,29,100,100
relevancy_random_2,relevancy,random,2,915593,4566816,original,9,encoder_block_9,1.0470024347305298,9,100,100
relevancy_random_2,relevancy,random,2,915593,4566816,original,10,encoder_block_10,0.4930312633514404,25,100,100
relevancy_random_2,relevancy,random,2,915593,4566816,original,11,encoder_block_11,0.7250698804855347,30,100,100
relevancy_random_2,relevancy,random,2,915593,4566816,original,12,encoder_block_12,0.4450546503067016,34,100,100
relevancy_random_2,relevancy,random,2,915593,4566816,padded_control,0,embedding,-0.1649832725524902,95,100,100
relevancy_random_2,relevancy,random,2,915593,4566816,padded_control,1,encoder_block_1,-0.1372480392456054,95,100,100
relevancy_random_2,relevancy,random,2,915593,4566816,padded_control,2,encoder_block_2,0.2438628673553466,87,100,100
relevancy_random_2,relevancy,random,2,915593,4566816,padded_control,3,encoder_block_3,0.2747700214385986,84,100,100
relevancy_random_2,relevancy,random,2,915593,4566816,padded_control,4,encoder_block_4,0.3693253993988037,71,100,100
relevancy_random_2,relevancy,random,2,915593,4566816,padded_control,5,encoder_block_5,0.4437663555145263,53,100,100
relevancy_random_2,relevancy,random,2,915593,4566816,padded_control,6,encoder_block_6,0.3643994331359863,59,100,100
relevancy_random_2,relevancy,random,2,915593,4566816,padded_control,7,encoder_block_7,0.4752707481384277,41,100,100
relevancy_random_2,relevancy,random,2,915593,4566816,padded_control,8,encoder_block_8,0.681544303894043,29,100,100
relevancy_random_2,relevancy,random,2,915593,4566816,padded_control,9,encoder_block_9,1.0457355976104736,9,100,100
relevancy_random_2,relevancy,random,2,915593,4566816,padded_control,10,encoder_block_10,0.5152304172515869,24,100,100
relevancy_random_2,relevancy,random,2,915593,4566816,padded_control,11,encoder_block_11,0.7528276443481445,30,100,100
relevancy_random_2,relevancy,random,2,915593,4566816,padded_control,12,encoder_block_12,0.471406877040863,34,100,100
relevancy_random_2,relevancy,random,2,915593,4566816,attack,0,embedding,-0.1546659469604492,95,100,100
relevancy_random_2,relevancy,random,2,915593,4566816,attack,1,encoder_block_1,-0.0777990818023681,95,100,100
relevancy_random_2,relevancy,random,2,915593,4566816,attack,2,encoder_block_2,0.3336541652679443,84,100,100
relevancy_random_2,relevancy,random,2,915593,4566816,attack,3,encoder_block_3,0.4048805236816406,75,100,100
relevancy_random_2,relevancy,random,2,915593,4566816,attack,4,encoder_block_4,0.4684233665466308,64,100,100
relevancy_random_2,relevancy,random,2,915593,4566816,attack,5,encoder_block_5,0.5483827590942383,40,100,100
relevancy_random_2,relevancy,random,2,915593,4566816,attack,6,encoder_block_6,0.4720144271850586,45,100,100
relevancy_random_2,relevancy,random,2,915593,4566816,attack,7,encoder_block_7,0.5797321796417236,28,100,100
relevancy_random_2,relevancy,random,2,915593,4566816,attack,8,encoder_block_8,0.7862731218338013,19,100,100
relevancy_random_2,relevancy,random,2,915593,4566816,attack,9,encoder_block_9,1.125429391860962,4,100,100
relevancy_random_2,relevancy,random,2,915593,4566816,attack,10,encoder_block_10,0.5501111745834351,23,100,100
relevancy_random_2,relevancy,random,2,915593,4566816,attack,11,encoder_block_11,0.7074930667877197,30,100,100
relevancy_random_2,relevancy,random,2,915593,4566816,attack,12,encoder_block_12,-0.1041396260261535,38,100,100
relevancy_random_2,relevancy,random,2,962179,4511501,original,0,embedding,0.9851646423339844,27,100,100
relevancy_random_2,relevancy,random,2,962179,4511501,original,1,encoder_block_1,1.0368893146514893,42,100,100
relevancy_random_2,relevancy,random,2,962179,4511501,original,2,encoder_block_2,1.1725363731384275,46,100,100
relevancy_random_2,relevancy,random,2,962179,4511501,original,3,encoder_block_3,0.9585633277893066,51,100,100
relevancy_random_2,relevancy,random,2,962179,4511501,original,4,encoder_block_4,0.7313004732131958,57,100,100
relevancy_random_2,relevancy,random,2,962179,4511501,original,5,encoder_block_5,0.4647676944732666,45,100,100
relevancy_random_2,relevancy,random,2,962179,4511501,original,6,encoder_block_6,0.4876143932342529,47,100,100
relevancy_random_2,relevancy,random,2,962179,4511501,original,7,encoder_block_7,0.4738295078277588,41,100,100
relevancy_random_2,relevancy,random,2,962179,4511501,original,8,encoder_block_8,0.4282701015472412,38,100,100
relevancy_random_2,relevancy,random,2,962179,4511501,original,9,encoder_block_9,0.1025848388671875,41,100,100
relevancy_random_2,relevancy,random,2,962179,4511501,original,10,encoder_block_10,-1.2267677783966064,41,100,100
relevancy_random_2,relevancy,random,2,962179,4511501,original,11,encoder_block_11,-4.054971694946289,65,100,100
relevancy_random_2,relevancy,random,2,962179,4511501,original,12,encoder_block_12,-12.218341827392578,71,100,100
relevancy_random_2,relevancy,random,2,962179,4511501,padded_control,0,embedding,0.9851646423339844,27,100,100
relevancy_random_2,relevancy,random,2,962179,4511501,padded_control,1,encoder_block_1,1.044004201889038,42,100,100
relevancy_random_2,relevancy,random,2,962179,4511501,padded_control,2,encoder_block_2,1.190857172012329,44,100,100
relevancy_random_2,relevancy,random,2,962179,4511501,padded_control,3,encoder_block_3,0.9650976657867432,50,100,100
relevancy_random_2,relevancy,random,2,962179,4511501,padded_control,4,encoder_block_4,0.7281813621520996,58,100,100
relevancy_random_2,relevancy,random,2,962179,4511501,padded_control,5,encoder_block_5,0.4565978050231933,45,100,100
relevancy_random_2,relevancy,random,2,962179,4511501,padded_control,6,encoder_block_6,0.4807121753692627,47,100,100
relevancy_random_2,relevancy,random,2,962179,4511501,padded_control,7,encoder_block_7,0.460120677947998,42,100,100
relevancy_random_2,relevancy,random,2,962179,4511501,padded_control,8,encoder_block_8,0.4160161018371582,44,100,100
relevancy_random_2,relevancy,random,2,962179,4511501,padded_control,9,encoder_block_9,0.0928635597229003,42,100,100
relevancy_random_2,relevancy,random,2,962179,4511501,padded_control,10,encoder_block_10,-1.2482404708862305,44,100,100
relevancy_random_2,relevancy,random,2,962179,4511501,padded_control,11,encoder_block_11,-4.076475143432617,66,100,100
relevancy_random_2,relevancy,random,2,962179,4511501,padded_control,12,encoder_block_12,-12.205606460571287,70,100,100
relevancy_random_2,relevancy,random,2,962179,4511501,attack,0,embedding,0.9755761623382568,27,100,100
relevancy_random_2,relevancy,random,2,962179,4511501,attack,1,encoder_block_1,1.0683512687683103,38,100,100
relevancy_random_2,relevancy,random,2,962179,4511501,attack,2,encoder_block_2,1.2343220710754397,37,100,100
relevancy_random_2,relevancy,random,2,962179,4511501,attack,3,encoder_block_3,0.9774200916290284,50,100,100
relevancy_random_2,relevancy,random,2,962179,4511501,attack,4,encoder_block_4,0.7592645883560181,55,100,100
relevancy_random_2,relevancy,random,2,962179,4511501,attack,5,encoder_block_5,0.528354287147522,40,100,100
relevancy_random_2,relevancy,random,2,962179,4511501,attack,6,encoder_block_6,0.5861518383026123,38,100,100
relevancy_random_2,relevancy,random,2,962179,4511501,attack,7,encoder_block_7,0.5428711175918579,32,100,100
relevancy_random_2,relevancy,random,2,962179,4511501,attack,8,encoder_block_8,0.4913949966430664,32,100,100
relevancy_random_2,relevancy,random,2,962179,4511501,attack,9,encoder_block_9,0.1398873329162597,38,100,100
relevancy_random_2,relevancy,random,2,962179,4511501,attack,10,encoder_block_10,-1.2370326519012451,43,100,100
relevancy_random_2,relevancy,random,2,962179,4511501,attack,11,encoder_block_11,-4.185426712036133,70,100,100
relevancy_random_2,relevancy,random,2,962179,4511501,attack,12,encoder_block_12,-12.261624336242676,71,100,100
relevancy_random_2,relevancy,random,2,1037798,8760864,original,0,embedding,0.7303557395935059,53,100,100
relevancy_random_2,relevancy,random,2,1037798,8760864,original,1,encoder_block_1,0.9469332695007324,26,100,100
relevancy_random_2,relevancy,random,2,1037798,8760864,original,2,encoder_block_2,0.938840627670288,44,100,100
relevancy_random_2,relevancy,random,2,1037798,8760864,original,3,encoder_block_3,0.7089104652404785,37,100,100
relevancy_random_2,relevancy,random,2,1037798,8760864,original,4,encoder_block_4,0.5630388259887695,45,100,100
relevancy_random_2,relevancy,random,2,1037798,8760864,original,5,encoder_block_5,0.5692088603973389,33,100,100
relevancy_random_2,relevancy,random,2,1037798,8760864,original,6,encoder_block_6,0.6406629085540771,36,100,100
relevancy_random_2,relevancy,random,2,1037798,8760864,original,7,encoder_block_7,0.7611713409423828,20,100,100
relevancy_random_2,relevancy,random,2,1037798,8760864,original,8,encoder_block_8,0.871514081954956,19,100,100
relevancy_random_2,relevancy,random,2,1037798,8760864,original,9,encoder_block_9,1.0296305418014526,24,100,100
relevancy_random_2,relevancy,random,2,1037798,8760864,original,10,encoder_block_10,0.950800895690918,17,100,100
relevancy_random_2,relevancy,random,2,1037798,8760864,original,11,encoder_block_11,1.704943060874939,8,100,100
relevancy_random_2,relevancy,random,2,1037798,8760864,original,12,encoder_block_12,2.394439935684204,8,100,100
relevancy_random_2,relevancy,random,2,1037798,8760864,padded_control,0,embedding,0.7303558588027954,53,100,100
relevancy_random_2,relevancy,random,2,1037798,8760864,padded_control,1,encoder_block_1,0.9387383460998536,27,100,100
relevancy_random_2,relevancy,random,2,1037798,8760864,padded_control,2,encoder_block_2,0.928612470626831,44,100,100
relevancy_random_2,relevancy,random,2,1037798,8760864,padded_control,3,encoder_block_3,0.6944077014923096,39,100,100
relevancy_random_2,relevancy,random,2,1037798,8760864,padded_control,4,encoder_block_4,0.5474481582641602,48,100,100
relevancy_random_2,relevancy,random,2,1037798,8760864,padded_control,5,encoder_block_5,0.5547370910644531,33,100,100
relevancy_random_2,relevancy,random,2,1037798,8760864,padded_control,6,encoder_block_6,0.6261097192764282,38,100,100
relevancy_random_2,relevancy,random,2,1037798,8760864,padded_control,7,encoder_block_7,0.7435812950134277,21,100,100
relevancy_random_2,relevancy,random,2,1037798,8760864,padded_control,8,encoder_block_8,0.851494312286377,19,100,100
relevancy_random_2,relevancy,random,2,1037798,8760864,padded_control,9,encoder_block_9,1.0179455280303955,24,100,100
relevancy_random_2,relevancy,random,2,1037798,8760864,padded_control,10,encoder_block_10,0.9371365308761596,18,100,100
relevancy_random_2,relevancy,random,2,1037798,8760864,padded_control,11,encoder_block_11,1.7168833017349243,8,100,100
relevancy_random_2,relevancy,random,2,1037798,8760864,padded_control,12,encoder_block_12,2.50134539604187,8,100,100
relevancy_random_2,relevancy,random,2,1037798,8760864,attack,0,embedding,0.7282100915908813,53,100,100
relevancy_random_2,relevancy,random,2,1037798,8760864,attack,1,encoder_block_1,1.0418753623962402,19,100,100
relevancy_random_2,relevancy,random,2,1037798,8760864,attack,2,encoder_block_2,1.0072941780090332,32,100,100
relevancy_random_2,relevancy,random,2,1037798,8760864,attack,3,encoder_block_3,0.7948923110961914,31,100,100
relevancy_random_2,relevancy,random,2,1037798,8760864,attack,4,encoder_block_4,0.6884136199951172,31,100,100
relevancy_random_2,relevancy,random,2,1037798,8760864,attack,5,encoder_block_5,0.6886799335479736,25,100,100
relevancy_random_2,relevancy,random,2,1037798,8760864,attack,6,encoder_block_6,0.7850385904312134,19,100,100
relevancy_random_2,relevancy,random,2,1037798,8760864,attack,7,encoder_block_7,0.9012928009033204,13,100,100
relevancy_random_2,relevancy,random,2,1037798,8760864,attack,8,encoder_block_8,1.017258644104004,10,100,100
relevancy_random_2,relevancy,random,2,1037798,8760864,attack,9,encoder_block_9,1.0999152660369873,19,100,100
relevancy_random_2,relevancy,random,2,1037798,8760864,attack,10,encoder_block_10,0.961379051208496,15,100,100
relevancy_random_2,relevancy,random,2,1037798,8760864,attack,11,encoder_block_11,1.6478575468063354,9,100,100
relevancy_random_2,relevancy,random,2,1037798,8760864,attack,12,encoder_block_12,2.3949626088142395,8,100,100
relevancy_random_2,relevancy,random,2,104861,409268,original,0,embedding,0.5991559028625488,78,100,100
relevancy_random_2,relevancy,random,2,104861,409268,original,1,encoder_block_1,0.8868560791015625,61,100,100
relevancy_random_2,relevancy,random,2,104861,409268,original,2,encoder_block_2,0.9116034507751464,79,100,100
relevancy_random_2,relevancy,random,2,104861,409268,original,3,encoder_block_3,0.8460087776184082,82,100,100
relevancy_random_2,relevancy,random,2,104861,409268,original,4,encoder_block_4,0.7598123550415039,93,100,100
relevancy_random_2,relevancy,random,2,104861,409268,original,5,encoder_block_5,0.8122644424438477,86,100,100
relevancy_random_2,relevancy,random,2,104861,409268,original,6,encoder_block_6,0.7597167491912842,86,100,100
relevancy_random_2,relevancy,random,2,104861,409268,original,7,encoder_block_7,0.6356039047241211,85,100,100
relevancy_random_2,relevancy,random,2,104861,409268,original,8,encoder_block_8,0.5618946552276611,84,100,100
relevancy_random_2,relevancy,random,2,104861,409268,original,9,encoder_block_9,0.4007747173309326,90,100,100
relevancy_random_2,relevancy,random,2,104861,409268,original,10,encoder_block_10,-1.1306967735290527,90,100,100
relevancy_random_2,relevancy,random,2,104861,409268,original,11,encoder_block_11,-2.110466480255127,67,100,100
relevancy_random_2,relevancy,random,2,104861,409268,original,12,encoder_block_12,-9.888593673706056,42,100,100
relevancy_random_2,relevancy,random,2,104861,409268,padded_control,0,embedding,0.5991573333740234,78,100,100
relevancy_random_2,relevancy,random,2,104861,409268,padded_control,1,encoder_block_1,0.8904953002929688,61,100,100
relevancy_random_2,relevancy,random,2,104861,409268,padded_control,2,encoder_block_2,0.9208617210388184,78,100,100
relevancy_random_2,relevancy,random,2,104861,409268,padded_control,3,encoder_block_3,0.8485617637634277,81,100,100
relevancy_random_2,relevancy,random,2,104861,409268,padded_control,4,encoder_block_4,0.7680816650390625,93,100,100
relevancy_random_2,relevancy,random,2,104861,409268,padded_control,5,encoder_block_5,0.8166611194610596,86,100,100
relevancy_random_2,relevancy,random,2,104861,409268,padded_control,6,encoder_block_6,0.7666120529174805,86,100,100
relevancy_random_2,relevancy,random,2,104861,409268,padded_control,7,encoder_block_7,0.6431088447570801,84,100,100
relevancy_random_2,relevancy,random,2,104861,409268,padded_control,8,encoder_block_8,0.5815639495849609,83,100,100
relevancy_random_2,relevancy,random,2,104861,409268,padded_control,9,encoder_block_9,0.4313597679138183,89,100,100
relevancy_random_2,relevancy,random,2,104861,409268,padded_control,10,encoder_block_10,-1.07108473777771,89,100,100
relevancy_random_2,relevancy,random,2,104861,409268,padded_control,11,encoder_block_11,-2.035282611846924,67,100,100
relevancy_random_2,relevancy,random,2,104861,409268,padded_control,12,encoder_block_12,-9.741050720214844,41,100,100
relevancy_random_2,relevancy,random,2,104861,409268,attack,0,embedding,0.6160459518432617,78,100,100
relevancy_random_2,relevancy,random,2,104861,409268,attack,1,encoder_block_1,0.8862624168395996,61,100,100
relevancy_random_2,relevancy,random,2,104861,409268,attack,2,encoder_block_2,0.9342904090881348,76,100,100
relevancy_random_2,relevancy,random,2,104861,409268,attack,3,encoder_block_3,0.9060173034667968,76,100,100
relevancy_random_2,relevancy,random,2,104861,409268,attack,4,encoder_block_4,0.8736064434051514,82,100,100
relevancy_random_2,relevancy,random,2,104861,409268,attack,5,encoder_block_5,0.9112939834594728,80,100,100
relevancy_random_2,relevancy,random,2,104861,409268,attack,6,encoder_block_6,0.8854999542236328,74,100,100
relevancy_random_2,relevancy,random,2,104861,409268,attack,7,encoder_block_7,0.7741684913635254,81,100,100
relevancy_random_2,relevancy,random,2,104861,409268,attack,8,encoder_block_8,0.6954703330993652,78,100,100
relevancy_random_2,relevancy,random,2,104861,409268,attack,9,encoder_block_9,0.5333714485168457,83,100,100
relevancy_random_2,relevancy,random,2,104861,409268,attack,10,encoder_block_10,-0.9969615936279296,89,100,100
relevancy_random_2,relevancy,random,2,104861,409268,attack,11,encoder_block_11,-2.0745949745178223,67,100,100
relevancy_random_2,relevancy,random,2,104861,409268,attack,12,encoder_block_12,-9.750409126281738,41,100,100
relevancy_random_2,relevancy,random,2,1063750,6093907,original,0,embedding,0.4097535610198974,68,100,100
relevancy_random_2,relevancy,random,2,1063750,6093907,original,1,encoder_block_1,-0.0390677452087402,83,100,100
relevancy_random_2,relevancy,random,2,1063750,6093907,original,2,encoder_block_2,0.1466982364654541,77,100,100
relevancy_random_2,relevancy,random,2,1063750,6093907,original,3,encoder_block_3,0.3093795776367187,50,100,100
relevancy_random_2,relevancy,random,2,1063750,6093907,original,4,encoder_block_4,0.4017417430877685,43,100,100
relevancy_random_2,relevancy,random,2,1063750,6093907,original,5,encoder_block_5,0.5072712898254395,36,100,100
relevancy_random_2,relevancy,random,2,1063750,6093907,original,6,encoder_block_6,0.5528913736343384,33,100,100
relevancy_random_2,relevancy,random,2,1063750,6093907,original,7,encoder_block_7,0.6627411842346191,26,100,100
relevancy_random_2,relevancy,random,2,1063750,6093907,original,8,encoder_block_8,0.5001193284988403,39,100,100
relevancy_random_2,relevancy,random,2,1063750,6093907,original,9,encoder_block_9,0.400435209274292,44,100,100
relevancy_random_2,relevancy,random,2,1063750,6093907,original,10,encoder_block_10,0.4318147897720337,21,100,100
relevancy_random_2,relevancy,random,2,1063750,6093907,original,11,encoder_block_11,0.8387397527694702,12,100,100
relevancy_random_2,relevancy,random,2,1063750,6093907,original,12,encoder_block_12,0.0963659286499023,14,100,100
relevancy_random_2,relevancy,random,2,1063750,6093907,padded_control,0,embedding,0.4097523689270019,68,100,100
relevancy_random_2,relevancy,random,2,1063750,6093907,padded_control,1,encoder_block_1,-0.0297820568084716,82,100,100
relevancy_random_2,relevancy,random,2,1063750,6093907,padded_control,2,encoder_block_2,0.1500077247619629,77,100,100
relevancy_random_2,relevancy,random,2,1063750,6093907,padded_control,3,encoder_block_3,0.3072900772094726,50,100,100
relevancy_random_2,relevancy,random,2,1063750,6093907,padded_control,4,encoder_block_4,0.3930795192718506,44,100,100
relevancy_random_2,relevancy,random,2,1063750,6093907,padded_control,5,encoder_block_5,0.4955747127532959,36,100,100
relevancy_random_2,relevancy,random,2,1063750,6093907,padded_control,6,encoder_block_6,0.5363368988037109,34,100,100
relevancy_random_2,relevancy,random,2,1063750,6093907,padded_control,7,encoder_block_7,0.6493517160415649,27,100,100
relevancy_random_2,relevancy,random,2,1063750,6093907,padded_control,8,encoder_block_8,0.4882633686065674,39,100,100
relevancy_random_2,relevancy,random,2,1063750,6093907,padded_control,9,encoder_block_9,0.3826955556869507,46,100,100
relevancy_random_2,relevancy,random,2,1063750,6093907,padded_control,10,encoder_block_10,0.4165410995483398,21,100,100
relevancy_random_2,relevancy,random,2,1063750,6093907,padded_control,11,encoder_block_11,0.8320105075836182,12,100,100
relevancy_random_2,relevancy,random,2,1063750,6093907,padded_control,12,encoder_block_12,0.1751660108566284,14,100,100
relevancy_random_2,relevancy,random,2,1063750,6093907,attack,0,embedding,0.3833498954772949,70,100,100
relevancy_random_2,relevancy,random,2,1063750,6093907,attack,1,encoder_block_1,0.2173247337341308,71,100,100
relevancy_random_2,relevancy,random,2,1063750,6093907,attack,2,encoder_block_2,0.3348400592803955,61,100,100
relevancy_random_2,relevancy,random,2,1063750,6093907,attack,3,encoder_block_3,0.5012578964233398,35,100,100
relevancy_random_2,relevancy,random,2,1063750,6093907,attack,4,encoder_block_4,0.5941991806030273,31,100,100
relevancy_random_2,relevancy,random,2,1063750,6093907,attack,5,encoder_block_5,0.6287882328033447,26,100,100
relevancy_random_2,relevancy,random,2,1063750,6093907,attack,6,encoder_block_6,0.6958091259002686,24,100,100
relevancy_random_2,relevancy,random,2,1063750,6093907,attack,7,encoder_block_7,0.7832043170928955,22,100,100
relevancy_random_2,relevancy,random,2,1063750,6093907,attack,8,encoder_block_8,0.6500193476676941,27,100,100
relevancy_random_2,relevancy,random,2,1063750,6093907,attack,9,encoder_block_9,0.5286800861358643,30,100,100
relevancy_random_2,relevancy,random,2,1063750,6093907,attack,10,encoder_block_10,0.563147783279419,13,100,100
relevancy_random_2,relevancy,random,2,1063750,6093907,attack,11,encoder_block_11,0.8736625909805298,12,100,100
relevancy_random_2,relevancy,random,2,1063750,6093907,attack,12,encoder_block_12,-0.1891816854476928,15,100,100
relevancy_random_2,relevancy,random,2,1103812,8220085,original,0,embedding,0.9230751991271972,36,100,100
relevancy_random_2,relevancy,random,2,1103812,8220085,original,1,encoder_block_1,0.7247791290283203,27,100,100
relevancy_random_2,relevancy,random,2,1103812,8220085,original,2,encoder_block_2,0.7561402320861816,33,100,100
relevancy_random_2,relevancy,random,2,1103812,8220085,original,3,encoder_block_3,0.5901646614074707,30,100,100
relevancy_random_2,relevancy,random,2,1103812,8220085,original,4,encoder_block_4,0.504183292388916,27,100,100
relevancy_random_2,relevancy,random,2,1103812,8220085,original,5,encoder_block_5,0.4698984622955322,22,100,100
relevancy_random_2,relevancy,random,2,1103812,8220085,original,6,encoder_block_6,0.4955623149871826,29,100,100
relevancy_random_2,relevancy,random,2,1103812,8220085,original,7,encoder_block_7,0.5572690963745117,27,100,100
relevancy_random_2,relevancy,random,2,1103812,8220085,original,8,encoder_block_8,0.6289103031158447,21,100,100
relevancy_random_2,relevancy,random,2,1103812,8220085,original,9,encoder_block_9,0.7252311706542969,6,100,100
relevancy_random_2,relevancy,random,2,1103812,8220085,original,10,encoder_block_10,0.917356014251709,1,100,100
relevancy_random_2,relevancy,random,2,1103812,8220085,original,11,encoder_block_11,2.2196249961853027,1,100,100
relevancy_random_2,relevancy,random,2,1103812,8220085,original,12,encoder_block_12,4.186270713806152,2,100,100
relevancy_random_2,relevancy,random,2,1103812,8220085,padded_control,0,embedding,0.9230749607086182,36,100,100
relevancy_random_2,relevancy,random,2,1103812,8220085,padded_control,1,encoder_block_1,0.724193811416626,27,100,100
relevancy_random_2,relevancy,random,2,1103812,8220085,padded_control,2,encoder_block_2,0.7590632438659668,33,100,100
relevancy_random_2,relevancy,random,2,1103812,8220085,padded_control,3,encoder_block_3,0.5937361717224121,30,100,100
relevancy_random_2,relevancy,random,2,1103812,8220085,padded_control,4,encoder_block_4,0.4973659515380859,27,100,100
relevancy_random_2,relevancy,random,2,1103812,8220085,padded_control,5,encoder_block_5,0.4698102474212646,22,100,100
relevancy_random_2,relevancy,random,2,1103812,8220085,padded_control,6,encoder_block_6,0.4948213100433349,29,100,100
relevancy_random_2,relevancy,random,2,1103812,8220085,padded_control,7,encoder_block_7,0.5450053215026855,28,100,100
relevancy_random_2,relevancy,random,2,1103812,8220085,padded_control,8,encoder_block_8,0.6136875152587891,22,100,100
relevancy_random_2,relevancy,random,2,1103812,8220085,padded_control,9,encoder_block_9,0.7154366970062256,6,100,100
relevancy_random_2,relevancy,random,2,1103812,8220085,padded_control,10,encoder_block_10,0.893218994140625,2,100,100
relevancy_random_2,relevancy,random,2,1103812,8220085,padded_control,11,encoder_block_11,2.169950008392334,1,100,100
relevancy_random_2,relevancy,random,2,1103812,8220085,padded_control,12,encoder_block_12,4.1851348876953125,2,100,100
relevancy_random_2,relevancy,random,2,1103812,8220085,attack,0,embedding,0.9330081939697266,35,100,100
relevancy_random_2,relevancy,random,2,1103812,8220085,attack,1,encoder_block_1,0.812950611114502,16,100,100
relevancy_random_2,relevancy,random,2,1103812,8220085,attack,2,encoder_block_2,0.8842382431030273,19,100,100
relevancy_random_2,relevancy,random,2,1103812,8220085,attack,3,encoder_block_3,0.7003469467163086,20,100,100
relevancy_random_2,relevancy,random,2,1103812,8220085,attack,4,encoder_block_4,0.6052384376525879,18,100,100
relevancy_random_2,relevancy,random,2,1103812,8220085,attack,5,encoder_block_5,0.5667333602905273,18,100,100
relevancy_random_2,relevancy,random,2,1103812,8220085,attack,6,encoder_block_6,0.6181986331939697,15,100,100
relevancy_random_2,relevancy,random,2,1103812,8220085,attack,7,encoder_block_7,0.6528358459472656,17,100,100
relevancy_random_2,relevancy,random,2,1103812,8220085,attack,8,encoder_block_8,0.7347970008850098,15,100,100
relevancy_random_2,relevancy,random,2,1103812,8220085,attack,9,encoder_block_9,0.7901144027709961,3,100,100
relevancy_random_2,relevancy,random,2,1103812,8220085,attack,10,encoder_block_10,0.9615588188171388,1,100,100
relevancy_random_2,relevancy,random,2,1103812,8220085,attack,11,encoder_block_11,2.234901428222656,1,100,100
relevancy_random_2,relevancy,random,2,1103812,8220085,attack,12,encoder_block_12,4.109900951385498,2,100,100
relevancy_random_2,relevancy,random,2,1106007,5836920,original,0,embedding,0.3232474327087402,44,100,100
relevancy_random_2,relevancy,random,2,1106007,5836920,original,1,encoder_block_1,-0.0496785640716552,65,100,100
relevancy_random_2,relevancy,random,2,1106007,5836920,original,2,encoder_block_2,0.1526193618774414,55,100,100
relevancy_random_2,relevancy,random,2,1106007,5836920,original,3,encoder_block_3,0.1941337585449218,48,100,100
relevancy_random_2,relevancy,random,2,1106007,5836920,original,4,encoder_block_4,0.3286387920379638,53,100,100
relevancy_random_2,relevancy,random,2,1106007,5836920,original,5,encoder_block_5,0.230604887008667,59,100,100
relevancy_random_2,relevancy,random,2,1106007,5836920,original,6,encoder_block_6,0.279259443283081,56,100,100
relevancy_random_2,relevancy,random,2,1106007,5836920,original,7,encoder_block_7,0.2790360450744629,62,100,100
relevancy_random_2,relevancy,random,2,1106007,5836920,original,8,encoder_block_8,0.3525052070617676,67,100,100
relevancy_random_2,relevancy,random,2,1106007,5836920,original,9,encoder_block_9,0.6893398761749268,51,100,100
relevancy_random_2,relevancy,random,2,1106007,5836920,original,10,encoder_block_10,0.8899359703063965,35,100,100
relevancy_random_2,relevancy,random,2,1106007,5836920,original,11,encoder_block_11,1.0787949562072754,28,100,100
relevancy_random_2,relevancy,random,2,1106007,5836920,original,12,encoder_block_12,-2.906157732009888,29,100,100
relevancy_random_2,relevancy,random,2,1106007,5836920,padded_control,0,embedding,0.3232471942901611,44,100,100
relevancy_random_2,relevancy,random,2,1106007,5836920,padded_control,1,encoder_block_1,-0.0465228557586669,64,100,100
relevancy_random_2,relevancy,random,2,1106007,5836920,padded_control,2,encoder_block_2,0.1471166610717773,56,100,100
relevancy_random_2,relevancy,random,2,1106007,5836920,padded_control,3,encoder_block_3,0.1873643398284912,48,100,100
relevancy_random_2,relevancy,random,2,1106007,5836920,padded_control,4,encoder_block_4,0.3238649368286133,53,100,100
relevancy_random_2,relevancy,random,2,1106007,5836920,padded_control,5,encoder_block_5,0.2233598232269287,61,100,100
relevancy_random_2,relevancy,random,2,1106007,5836920,padded_control,6,encoder_block_6,0.2684187889099121,56,100,100
relevancy_random_2,relevancy,random,2,1106007,5836920,padded_control,7,encoder_block_7,0.2743773460388183,62,100,100
relevancy_random_2,relevancy,random,2,1106007,5836920,padded_control,8,encoder_block_8,0.352731704711914,67,100,100
relevancy_random_2,relevancy,random,2,1106007,5836920,padded_control,9,encoder_block_9,0.6833751201629639,51,100,100
relevancy_random_2,relevancy,random,2,1106007,5836920,padded_control,10,encoder_block_10,0.8954098224639893,34,100,100
relevancy_random_2,relevancy,random,2,1106007,5836920,padded_control,11,encoder_block_11,1.0755045413970947,28,100,100
relevancy_random_2,relevancy,random,2,1106007,5836920,padded_control,12,encoder_block_12,-2.81948471069336,29,100,100
relevancy_random_2,relevancy,random,2,1106007,5836920,attack,0,embedding,0.2905700206756592,45,100,100
relevancy_random_2,relevancy,random,2,1106007,5836920,attack,1,encoder_block_1,0.1681089401245117,42,100,100
relevancy_random_2,relevancy,random,2,1106007,5836920,attack,2,encoder_block_2,0.403019905090332,37,100,100
relevancy_random_2,relevancy,random,2,1106007,5836920,attack,3,encoder_block_3,0.4320447444915771,30,100,100
relevancy_random_2,relevancy,random,2,1106007,5836920,attack,4,encoder_block_4,0.565946102142334,31,100,100
relevancy_random_2,relevancy,random,2,1106007,5836920,attack,5,encoder_block_5,0.4691166877746582,42,100,100
relevancy_random_2,relevancy,random,2,1106007,5836920,attack,6,encoder_block_6,0.5432589054107666,37,100,100
relevancy_random_2,relevancy,random,2,1106007,5836920,attack,7,encoder_block_7,0.500338077545166,40,100,100
relevancy_random_2,relevancy,random,2,1106007,5836920,attack,8,encoder_block_8,0.59781813621521,47,100,100
relevancy_random_2,relevancy,random,2,1106007,5836920,attack,9,encoder_block_9,0.8938469886779785,29,100,100
relevancy_random_2,relevancy,random,2,1106007,5836920,attack,10,encoder_block_10,1.0290117263793943,27,100,100
relevancy_random_2,relevancy,random,2,1106007,5836920,attack,11,encoder_block_11,1.0386732816696167,29,100,100
relevancy_random_2,relevancy,random,2,1106007,5836920,attack,12,encoder_block_12,-3.4603962898254395,31,100,100
relevancy_random_2,relevancy,random,2,1110199,398442,original,0,embedding,1.9492440223693848,12,100,100
relevancy_random_2,relevancy,random,2,1110199,398442,original,1,encoder_block_1,1.669599533081055,36,100,100
relevancy_random_2,relevancy,random,2,1110199,398442,original,2,encoder_block_2,1.6492743492126465,51,100,100
relevancy_random_2,relevancy,random,2,1110199,398442,original,3,encoder_block_3,1.6156578063964844,39,100,100
relevancy_random_2,relevancy,random,2,1110199,398442,original,4,encoder_block_4,1.5761513710021973,51,100,100
relevancy_random_2,relevancy,random,2,1110199,398442,original,5,encoder_block_5,1.2734811305999756,79,100,100
relevancy_random_2,relevancy,random,2,1110199,398442,original,6,encoder_block_6,1.183363437652588,83,100,100
relevancy_random_2,relevancy,random,2,1110199,398442,original,7,encoder_block_7,1.0405066013336182,90,100,100
relevancy_random_2,relevancy,random,2,1110199,398442,original,8,encoder_block_8,0.8472667932510376,99,100,100
relevancy_random_2,relevancy,random,2,1110199,398442,original,9,encoder_block_9,0.7435391545295715,100,100,100
relevancy_random_2,relevancy,random,2,1110199,398442,original,10,encoder_block_10,0.0885074734687805,87,100,100
relevancy_random_2,relevancy,random,2,1110199,398442,original,11,encoder_block_11,-1.476323127746582,63,100,100
relevancy_random_2,relevancy,random,2,1110199,398442,original,12,encoder_block_12,-11.19942569732666,43,100,100
relevancy_random_2,relevancy,random,2,1110199,398442,padded_control,0,embedding,1.9492449760437007,12,100,100
relevancy_random_2,relevancy,random,2,1110199,398442,padded_control,1,encoder_block_1,1.6686062812805176,36,100,100
relevancy_random_2,relevancy,random,2,1110199,398442,padded_control,2,encoder_block_2,1.6458044052124023,51,100,100
relevancy_random_2,relevancy,random,2,1110199,398442,padded_control,3,encoder_block_3,1.617405891418457,39,100,100
relevancy_random_2,relevancy,random,2,1110199,398442,padded_control,4,encoder_block_4,1.581103801727295,51,100,100
relevancy_random_2,relevancy,random,2,1110199,398442,padded_control,5,encoder_block_5,1.2770206928253174,79,100,100
relevancy_random_2,relevancy,random,2,1110199,398442,padded_control,6,encoder_block_6,1.1897363662719729,82,100,100
relevancy_random_2,relevancy,random,2,1110199,398442,padded_control,7,encoder_block_7,1.040842056274414,90,100,100
relevancy_random_2,relevancy,random,2,1110199,398442,padded_control,8,encoder_block_8,0.8517452478408813,99,100,100
relevancy_random_2,relevancy,random,2,1110199,398442,padded_control,9,encoder_block_9,0.7487440705299377,100,100,100
relevancy_random_2,relevancy,random,2,1110199,398442,padded_control,10,encoder_block_10,0.1414142251014709,85,100,100
relevancy_random_2,relevancy,random,2,1110199,398442,padded_control,11,encoder_block_11,-1.2318911850452423,59,100,100
relevancy_random_2,relevancy,random,2,1110199,398442,padded_control,12,encoder_block_12,-10.642946243286133,33,100,100
relevancy_random_2,relevancy,random,2,1110199,398442,attack,0,embedding,2.0720701217651367,5,100,100
relevancy_random_2,relevancy,random,2,1110199,398442,attack,1,encoder_block_1,1.7605748176574707,31,100,100
relevancy_random_2,relevancy,random,2,1110199,398442,attack,2,encoder_block_2,1.6925241947174072,45,100,100
relevancy_random_2,relevancy,random,2,1110199,398442,attack,3,encoder_block_3,1.618567943572998,39,100,100
relevancy_random_2,relevancy,random,2,1110199,398442,attack,4,encoder_block_4,1.5915461778640747,48,100,100
relevancy_random_2,relevancy,random,2,1110199,398442,attack,5,encoder_block_5,1.3022968769073486,76,100,100
relevancy_random_2,relevancy,random,2,1110199,398442,attack,6,encoder_block_6,1.232356071472168,77,100,100
relevancy_random_2,relevancy,random,2,1110199,398442,attack,7,encoder_block_7,1.113046407699585,89,100,100
relevancy_random_2,relevancy,random,2,1110199,398442,attack,8,encoder_block_8,0.9696000218391418,92,100,100
relevancy_random_2,relevancy,random,2,1110199,398442,attack,9,encoder_block_9,0.8499706983566284,99,100,100
relevancy_random_2,relevancy,random,2,1110199,398442,attack,10,encoder_block_10,0.3034651577472687,73,100,100
relevancy_random_2,relevancy,random,2,1110199,398442,attack,11,encoder_block_11,-1.3905733823776243,61,100,100
relevancy_random_2,relevancy,random,2,1110199,398442,attack,12,encoder_block_12,-11.7139892578125,50,100,100
relevancy_random_2,relevancy,random,2,1112341,2096429,original,0,embedding,0.7273681163787842,66,100,100
relevancy_random_2,relevancy,random,2,1112341,2096429,original,1,encoder_block_1,0.996849775314331,49,100,100
relevancy_random_2,relevancy,random,2,1112341,2096429,original,2,encoder_block_2,1.047372341156006,56,100,100
relevancy_random_2,relevancy,random,2,1112341,2096429,original,3,encoder_block_3,1.038649559020996,52,100,100
relevancy_random_2,relevancy,random,2,1112341,2096429,original,4,encoder_block_4,1.1595208644866943,48,100,100
relevancy_random_2,relevancy,random,2,1112341,2096429,original,5,encoder_block_5,1.0893104076385498,58,100,100
relevancy_random_2,relevancy,random,2,1112341,2096429,original,6,encoder_block_6,1.1442320346832275,49,100,100
relevancy_random_2,relevancy,random,2,1112341,2096429,original,7,encoder_block_7,1.063668727874756,59,100,100
relevancy_random_2,relevancy,random,2,1112341,2096429,original,8,encoder_block_8,1.1163320541381836,57,100,100
relevancy_random_2,relevancy,random,2,1112341,2096429,original,9,encoder_block_9,1.117256760597229,46,100,100
relevancy_random_2,relevancy,random,2,1112341,2096429,original,10,encoder_block_10,-0.4381673336029053,73,100,100
relevancy_random_2,relevancy,random,2,1112341,2096429,original,11,encoder_block_11,-3.6580777168273926,74,100,100
relevancy_random_2,relevancy,random,2,1112341,2096429,original,12,encoder_block_12,-12.837587356567385,72,100,100
relevancy_random_2,relevancy,random,2,1112341,2096429,padded_control,0,embedding,0.7273688316345215,66,100,100
relevancy_random_2,relevancy,random,2,1112341,2096429,padded_control,1,encoder_block_1,0.98911714553833,49,100,100
relevancy_random_2,relevancy,random,2,1112341,2096429,padded_control,2,encoder_block_2,1.0411901473999023,56,100,100
relevancy_random_2,relevancy,random,2,1112341,2096429,padded_control,3,encoder_block_3,1.0401227474212646,52,100,100
relevancy_random_2,relevancy,random,2,1112341,2096429,padded_control,4,encoder_block_4,1.1685190200805664,48,100,100
relevancy_random_2,relevancy,random,2,1112341,2096429,padded_control,5,encoder_block_5,1.0924320220947266,56,100,100
relevancy_random_2,relevancy,random,2,1112341,2096429,padded_control,6,encoder_block_6,1.141764521598816,49,100,100
relevancy_random_2,relevancy,random,2,1112341,2096429,padded_control,7,encoder_block_7,1.057995080947876,60,100,100
relevancy_random_2,relevancy,random,2,1112341,2096429,padded_control,8,encoder_block_8,1.122225999832153,56,100,100
relevancy_random_2,relevancy,random,2,1112341,2096429,padded_control,9,encoder_block_9,1.1317769289016724,46,100,100
relevancy_random_2,relevancy,random,2,1112341,2096429,padded_control,10,encoder_block_10,-0.460824966430664,73,100,100
relevancy_random_2,relevancy,random,2,1112341,2096429,padded_control,11,encoder_block_11,-3.8518028259277344,74,100,100
relevancy_random_2,relevancy,random,2,1112341,2096429,padded_control,12,encoder_block_12,-12.823485374450684,72,100,100
relevancy_random_2,relevancy,random,2,1112341,2096429,attack,0,embedding,0.772526741027832,60,100,100
relevancy_random_2,relevancy,random,2,1112341,2096429,attack,1,encoder_block_1,1.0012445449829102,47,100,100
relevancy_random_2,relevancy,random,2,1112341,2096429,attack,2,encoder_block_2,1.0709600448608398,55,100,100
relevancy_random_2,relevancy,random,2,1112341,2096429,attack,3,encoder_block_3,1.1207990646362305,42,100,100
relevancy_random_2,relevancy,random,2,1112341,2096429,attack,4,encoder_block_4,1.2516701221466064,37,100,100
relevancy_random_2,relevancy,random,2,1112341,2096429,attack,5,encoder_block_5,1.1454436779022217,49,100,100
relevancy_random_2,relevancy,random,2,1112341,2096429,attack,6,encoder_block_6,1.166752815246582,48,100,100
relevancy_random_2,relevancy,random,2,1112341,2096429,attack,7,encoder_block_7,1.1341010332107544,56,100,100
relevancy_random_2,relevancy,random,2,1112341,2096429,attack,8,encoder_block_8,1.1952295303344729,51,100,100
relevancy_random_2,relevancy,random,2,1112341,2096429,attack,9,encoder_block_9,1.2054611444473269,38,100,100
relevancy_random_2,relevancy,random,2,1112341,2096429,attack,10,encoder_block_10,-0.3956639766693115,72,100,100
relevancy_random_2,relevancy,random,2,1112341,2096429,attack,11,encoder_block_11,-3.919444084167481,74,100,100
relevancy_random_2,relevancy,random,2,1112341,2096429,attack,12,encoder_block_12,-12.546876907348633,66,100,100
relevancy_random_2,relevancy,random,2,1113437,8128790,original,0,embedding,0.5658645629882812,56,100,100
relevancy_random_2,relevancy,random,2,1113437,8128790,original,1,encoder_block_1,0.8959074020385742,28,100,100
relevancy_random_2,relevancy,random,2,1113437,8128790,original,2,encoder_block_2,1.1732230186462402,26,100,100
relevancy_random_2,relevancy,random,2,1113437,8128790,original,3,encoder_block_3,1.088050127029419,36,100,100
relevancy_random_2,relevancy,random,2,1113437,8128790,original,4,encoder_block_4,0.9776401519775392,54,100,100
relevancy_random_2,relevancy,random,2,1113437,8128790,original,5,encoder_block_5,0.9457435607910156,50,100,100
relevancy_random_2,relevancy,random,2,1113437,8128790,original,6,encoder_block_6,0.9479632377624512,50,100,100
relevancy_random_2,relevancy,random,2,1113437,8128790,original,7,encoder_block_7,1.0149266719818115,33,100,100
relevancy_random_2,relevancy,random,2,1113437,8128790,original,8,encoder_block_8,0.9171240329742432,49,100,100
relevancy_random_2,relevancy,random,2,1113437,8128790,original,9,encoder_block_9,1.0854408740997314,39,100,100
relevancy_random_2,relevancy,random,2,1113437,8128790,original,10,encoder_block_10,1.1270759105682373,28,100,100
relevancy_random_2,relevancy,random,2,1113437,8128790,original,11,encoder_block_11,2.0376570224761963,7,100,100
relevancy_random_2,relevancy,random,2,1113437,8128790,original,12,encoder_block_12,3.245300531387329,2,100,100
relevancy_random_2,relevancy,random,2,1113437,8128790,padded_control,0,embedding,0.5658655166625977,56,100,100
relevancy_random_2,relevancy,random,2,1113437,8128790,padded_control,1,encoder_block_1,0.8923602104187012,28,100,100
relevancy_random_2,relevancy,random,2,1113437,8128790,padded_control,2,encoder_block_2,1.1754961013793943,26,100,100
relevancy_random_2,relevancy,random,2,1113437,8128790,padded_control,3,encoder_block_3,1.090010166168213,36,100,100
relevancy_random_2,relevancy,random,2,1113437,8128790,padded_control,4,encoder_block_4,0.9785032272338868,54,100,100
relevancy_random_2,relevancy,random,2,1113437,8128790,padded_control,5,encoder_block_5,0.9431471824645996,50,100,100
relevancy_random_2,relevancy,random,2,1113437,8128790,padded_control,6,encoder_block_6,0.944404125213623,51,100,100
relevancy_random_2,relevancy,random,2,1113437,8128790,padded_control,7,encoder_block_7,1.0129616260528564,33,100,100
relevancy_random_2,relevancy,random,2,1113437,8128790,padded_control,8,encoder_block_8,0.921311378479004,48,100,100
relevancy_random_2,relevancy,random,2,1113437,8128790,padded_control,9,encoder_block_9,1.0988454818725586,39,100,100
relevancy_random_2,relevancy,random,2,1113437,8128790,padded_control,10,encoder_block_10,1.1344449520111084,27,100,100
relevancy_random_2,relevancy,random,2,1113437,8128790,padded_control,11,encoder_block_11,2.0332794189453125,7,100,100
relevancy_random_2,relevancy,random,2,1113437,8128790,padded_control,12,encoder_block_12,3.263305902481079,2,100,100
relevancy_random_2,relevancy,random,2,1113437,8128790,attack,0,embedding,0.5380616188049316,58,100,100
relevancy_random_2,relevancy,random,2,1113437,8128790,attack,1,encoder_block_1,0.9655253887176514,24,100,100
relevancy_random_2,relevancy,random,2,1113437,8128790,attack,2,encoder_block_2,1.263857364654541,23,100,100
relevancy_random_2,relevancy,random,2,1113437,8128790,attack,3,encoder_block_3,1.2435579299926758,27,100,100
relevancy_random_2,relevancy,random,2,1113437,8128790,attack,4,encoder_block_4,1.1402852535247805,33,100,100
relevancy_random_2,relevancy,random,2,1113437,8128790,attack,5,encoder_block_5,1.0521275997161863,38,100,100
relevancy_random_2,relevancy,random,2,1113437,8128790,attack,6,encoder_block_6,1.0974266529083252,31,100,100
relevancy_random_2,relevancy,random,2,1113437,8128790,attack,7,encoder_block_7,1.124783277511597,27,100,100
relevancy_random_2,relevancy,random,2,1113437,8128790,attack,8,encoder_block_8,1.022890329360962,39,100,100
relevancy_random_2,relevancy,random,2,1113437,8128790,attack,9,encoder_block_9,1.167133331298828,31,100,100
relevancy_random_2,relevancy,random,2,1113437,8128790,attack,10,encoder_block_10,1.1519134044647217,25,100,100
relevancy_random_2,relevancy,random,2,1113437,8128790,attack,11,encoder_block_11,1.936146259307861,7,100,100
relevancy_random_2,relevancy,random,2,1113437,8128790,attack,12,encoder_block_12,3.0155961513519287,4,100,100
relevancy_random_2,relevancy,random,2,1114646,8117087,original,0,embedding,0.4525597095489502,64,100,100
relevancy_random_2,relevancy,random,2,1114646,8117087,original,1,encoder_block_1,0.0941433906555175,55,100,100
relevancy_random_2,relevancy,random,2,1114646,8117087,original,2,encoder_block_2,0.134101390838623,49,100,100
relevancy_random_2,relevancy,random,2,1114646,8117087,original,3,encoder_block_3,-0.0034594535827636,65,100,100
relevancy_random_2,relevancy,random,2,1114646,8117087,original,4,encoder_block_4,-0.2673103809356689,80,100,100
relevancy_random_2,relevancy,random,2,1114646,8117087,original,5,encoder_block_5,-0.4265675544738769,84,100,100
relevancy_random_2,relevancy,random,2,1114646,8117087,original,6,encoder_block_6,-0.6759626865386963,93,100,100
relevancy_random_2,relevancy,random,2,1114646,8117087,original,7,encoder_block_7,-0.6104249954223633,88,100,100
relevancy_random_2,relevancy,random,2,1114646,8117087,original,8,encoder_block_8,-0.6744838953018188,94,100,100
relevancy_random_2,relevancy,random,2,1114646,8117087,original,9,encoder_block_9,-0.239369511604309,75,100,100
relevancy_random_2,relevancy,random,2,1114646,8117087,original,10,encoder_block_10,-0.9897842407226562,69,100,100
relevancy_random_2,relevancy,random,2,1114646,8117087,original,11,encoder_block_11,-1.718577265739441,55,100,100
relevancy_random_2,relevancy,random,2,1114646,8117087,original,12,encoder_block_12,-3.277005195617676,15,100,100
relevancy_random_2,relevancy,random,2,1114646,8117087,padded_control,0,embedding,0.4525597095489502,64,100,100
relevancy_random_2,relevancy,random,2,1114646,8117087,padded_control,1,encoder_block_1,0.0749778747558593,55,100,100
relevancy_random_2,relevancy,random,2,1114646,8117087,padded_control,2,encoder_block_2,0.0989699363708496,52,100,100
relevancy_random_2,relevancy,random,2,1114646,8117087,padded_control,3,encoder_block_3,-0.0251286029815673,68,100,100
relevancy_random_2,relevancy,random,2,1114646,8117087,padded_control,4,encoder_block_4,-0.2733125686645508,80,100,100
relevancy_random_2,relevancy,random,2,1114646,8117087,padded_control,5,encoder_block_5,-0.4347426891326904,84,100,100
relevancy_random_2,relevancy,random,2,1114646,8117087,padded_control,6,encoder_block_6,-0.6732394695281982,93,100,100
relevancy_random_2,relevancy,random,2,1114646,8117087,padded_control,7,encoder_block_7,-0.6101632118225098,88,100,100
relevancy_random_2,relevancy,random,2,1114646,8117087,padded_control,8,encoder_block_8,-0.6792690753936768,94,100,100
relevancy_random_2,relevancy,random,2,1114646,8117087,padded_control,9,encoder_block_9,-0.2368813753128051,75,100,100
relevancy_random_2,relevancy,random,2,1114646,8117087,padded_control,10,encoder_block_10,-1.015572190284729,70,100,100
relevancy_random_2,relevancy,random,2,1114646,8117087,padded_control,11,encoder_block_11,-1.783423662185669,56,100,100
relevancy_random_2,relevancy,random,2,1114646,8117087,padded_control,12,encoder_block_12,-3.5356149673461914,17,100,100
relevancy_random_2,relevancy,random,2,1114646,8117087,attack,0,embedding,0.4224143028259277,64,100,100
relevancy_random_2,relevancy,random,2,1114646,8117087,attack,1,encoder_block_1,0.0978362560272216,54,100,100
relevancy_random_2,relevancy,random,2,1114646,8117087,attack,2,encoder_block_2,0.1448042392730713,48,100,100
relevancy_random_2,relevancy,random,2,1114646,8117087,attack,3,encoder_block_3,0.0736918449401855,54,100,100
relevancy_random_2,relevancy,random,2,1114646,8117087,attack,4,encoder_block_4,-0.1386477947235107,70,100,100
relevancy_random_2,relevancy,random,2,1114646,8117087,attack,5,encoder_block_5,-0.271094799041748,69,100,100
relevancy_random_2,relevancy,random,2,1114646,8117087,attack,6,encoder_block_6,-0.5267257690429688,81,100,100
relevancy_random_2,relevancy,random,2,1114646,8117087,attack,7,encoder_block_7,-0.4520174264907837,71,100,100
relevancy_random_2,relevancy,random,2,1114646,8117087,attack,8,encoder_block_8,-0.5507199764251709,90,100,100
relevancy_random_2,relevancy,random,2,1114646,8117087,attack,9,encoder_block_9,-0.1656841039657592,70,100,100
relevancy_random_2,relevancy,random,2,1114646,8117087,attack,10,encoder_block_10,-0.9098336696624756,66,100,100
relevancy_random_2,relevancy,random,2,1114646,8117087,attack,11,encoder_block_11,-1.6660765409469604,54,100,100
relevancy_random_2,relevancy,random,2,1114646,8117087,attack,12,encoder_block_12,-3.66066837310791,17,100,100
relevancy_random_2,relevancy,random,2,1114819,5521373,original,0,embedding,0.9298124313354492,29,100,100
relevancy_random_2,relevancy,random,2,1114819,5521373,original,1,encoder_block_1,0.8040676116943359,35,100,100
relevancy_random_2,relevancy,random,2,1114819,5521373,original,2,encoder_block_2,0.9285264015197754,36,100,100
relevancy_random_2,relevancy,random,2,1114819,5521373,original,3,encoder_block_3,0.8773107528686523,57,100,100
relevancy_random_2,relevancy,random,2,1114819,5521373,original,4,encoder_block_4,0.6709322929382324,69,100,100
relevancy_random_2,relevancy,random,2,1114819,5521373,original,5,encoder_block_5,0.5512998104095459,56,100,100
relevancy_random_2,relevancy,random,2,1114819,5521373,original,6,encoder_block_6,0.5644142627716064,52,100,100
relevancy_random_2,relevancy,random,2,1114819,5521373,original,7,encoder_block_7,0.5560307502746582,47,100,100
relevancy_random_2,relevancy,random,2,1114819,5521373,original,8,encoder_block_8,0.8099603652954102,33,100,100
relevancy_random_2,relevancy,random,2,1114819,5521373,original,9,encoder_block_9,1.0669748783111572,25,100,100
relevancy_random_2,relevancy,random,2,1114819,5521373,original,10,encoder_block_10,1.0764141082763672,15,100,100
relevancy_random_2,relevancy,random,2,1114819,5521373,original,11,encoder_block_11,2.5245814323425293,15,100,100
relevancy_random_2,relevancy,random,2,1114819,5521373,original,12,encoder_block_12,4.793581008911133,9,100,100
relevancy_random_2,relevancy,random,2,1114819,5521373,padded_control,0,embedding,0.929811954498291,29,100,100
relevancy_random_2,relevancy,random,2,1114819,5521373,padded_control,1,encoder_block_1,0.8050322532653809,35,100,100
relevancy_random_2,relevancy,random,2,1114819,5521373,padded_control,2,encoder_block_2,0.922166347503662,39,100,100
relevancy_random_2,relevancy,random,2,1114819,5521373,padded_control,3,encoder_block_3,0.8535802364349365,62,100,100
relevancy_random_2,relevancy,random,2,1114819,5521373,padded_control,4,encoder_block_4,0.6454429626464844,73,100,100
relevancy_random_2,relevancy,random,2,1114819,5521373,padded_control,5,encoder_block_5,0.5357115268707275,58,100,100
relevancy_random_2,relevancy,random,2,1114819,5521373,padded_control,6,encoder_block_6,0.5505194664001465,53,100,100
relevancy_random_2,relevancy,random,2,1114819,5521373,padded_control,7,encoder_block_7,0.538764476776123,48,100,100
relevancy_random_2,relevancy,random,2,1114819,5521373,padded_control,8,encoder_block_8,0.7815120220184326,34,100,100
relevancy_random_2,relevancy,random,2,1114819,5521373,padded_control,9,encoder_block_9,1.0262603759765625,30,100,100
relevancy_random_2,relevancy,random,2,1114819,5521373,padded_control,10,encoder_block_10,1.0416624546051023,18,100,100
relevancy_random_2,relevancy,random,2,1114819,5521373,padded_control,11,encoder_block_11,2.533565044403076,14,100,100
relevancy_random_2,relevancy,random,2,1114819,5521373,padded_control,12,encoder_block_12,4.833010673522949,9,100,100
relevancy_random_2,relevancy,random,2,1114819,5521373,attack,0,embedding,0.8775615692138672,39,100,100
relevancy_random_2,relevancy,random,2,1114819,5521373,attack,1,encoder_block_1,0.8692765235900879,29,100,100
relevancy_random_2,relevancy,random,2,1114819,5521373,attack,2,encoder_block_2,0.9885244369506836,30,100,100
relevancy_random_2,relevancy,random,2,1114819,5521373,attack,3,encoder_block_3,0.905580997467041,53,100,100
relevancy_random_2,relevancy,random,2,1114819,5521373,attack,4,encoder_block_4,0.7048449516296387,63,100,100
relevancy_random_2,relevancy,random,2,1114819,5521373,attack,5,encoder_block_5,0.5855209827423096,50,100,100
relevancy_random_2,relevancy,random,2,1114819,5521373,attack,6,encoder_block_6,0.6324203014373779,40,100,100
relevancy_random_2,relevancy,random,2,1114819,5521373,attack,7,encoder_block_7,0.6253423690795898,32,100,100
relevancy_random_2,relevancy,random,2,1114819,5521373,attack,8,encoder_block_8,0.8645954132080078,21,100,100
relevancy_random_2,relevancy,random,2,1114819,5521373,attack,9,encoder_block_9,1.1163101196289062,18,100,100
relevancy_random_2,relevancy,random,2,1114819,5521373,attack,10,encoder_block_10,1.1691570281982422,13,100,100
relevancy_random_2,relevancy,random,2,1114819,5521373,attack,11,encoder_block_11,2.608022689819336,11,100,100
relevancy_random_2,relevancy,random,2,1114819,5521373,attack,12,encoder_block_12,4.779820442199707,9,100,100
relevancy_random_2,relevancy,random,2,1115776,8106323,original,0,embedding,-0.0940017700195312,86,100,100
relevancy_random_2,relevancy,random,2,1115776,8106323,original,1,encoder_block_1,-0.214996337890625,74,100,100
relevancy_random_2,relevancy,random,2,1115776,8106323,original,2,encoder_block_2,0.263092041015625,47,100,100
relevancy_random_2,relevancy,random,2,1115776,8106323,original,3,encoder_block_3,0.374537706375122,49,100,100
relevancy_random_2,relevancy,random,2,1115776,8106323,original,4,encoder_block_4,0.3625969886779785,47,100,100
relevancy_random_2,relevancy,random,2,1115776,8106323,original,5,encoder_block_5,0.3879518508911133,32,100,100
relevancy_random_2,relevancy,random,2,1115776,8106323,original,6,encoder_block_6,0.3969943523406982,30,100,100
relevancy_random_2,relevancy,random,2,1115776,8106323,original,7,encoder_block_7,0.3084838390350342,38,100,100
relevancy_random_2,relevancy,random,2,1115776,8106323,original,8,encoder_block_8,0.4813952445983886,25,100,100
relevancy_random_2,relevancy,random,2,1115776,8106323,original,9,encoder_block_9,0.520807147026062,21,100,100
relevancy_random_2,relevancy,random,2,1115776,8106323,original,10,encoder_block_10,-0.291603684425354,23,100,100
relevancy_random_2,relevancy,random,2,1115776,8106323,original,11,encoder_block_11,-1.8993338346481323,40,100,100
relevancy_random_2,relevancy,random,2,1115776,8106323,original,12,encoder_block_12,-12.078439712524414,74,100,100
relevancy_random_2,relevancy,random,2,1115776,8106323,padded_control,0,embedding,-0.0940017700195312,86,100,100
relevancy_random_2,relevancy,random,2,1115776,8106323,padded_control,1,encoder_block_1,-0.2083272933959961,74,100,100
relevancy_random_2,relevancy,random,2,1115776,8106323,padded_control,2,encoder_block_2,0.2634110450744629,47,100,100
relevancy_random_2,relevancy,random,2,1115776,8106323,padded_control,3,encoder_block_3,0.3707501888275146,50,100,100
relevancy_random_2,relevancy,random,2,1115776,8106323,padded_control,4,encoder_block_4,0.3576856851577759,48,100,100
relevancy_random_2,relevancy,random,2,1115776,8106323,padded_control,5,encoder_block_5,0.3821432590484619,32,100,100
relevancy_random_2,relevancy,random,2,1115776,8106323,padded_control,6,encoder_block_6,0.3939796090126037,31,100,100
relevancy_random_2,relevancy,random,2,1115776,8106323,padded_control,7,encoder_block_7,0.3149429559707641,38,100,100
relevancy_random_2,relevancy,random,2,1115776,8106323,padded_control,8,encoder_block_8,0.4955919981002807,25,100,100
relevancy_random_2,relevancy,random,2,1115776,8106323,padded_control,9,encoder_block_9,0.5416643619537354,21,100,100
relevancy_random_2,relevancy,random,2,1115776,8106323,padded_control,10,encoder_block_10,-0.3115186095237732,26,100,100
relevancy_random_2,relevancy,random,2,1115776,8106323,padded_control,11,encoder_block_11,-1.9481192827224727,40,100,100
relevancy_random_2,relevancy,random,2,1115776,8106323,padded_control,12,encoder_block_12,-12.264801025390623,79,100,100
relevancy_random_2,relevancy,random,2,1115776,8106323,attack,0,embedding,0.1699481010437011,76,100,100
relevancy_random_2,relevancy,random,2,1115776,8106323,attack,1,encoder_block_1,0.0658726692199707,58,100,100
relevancy_random_2,relevancy,random,2,1115776,8106323,attack,2,encoder_block_2,0.4942092895507812,32,100,100
relevancy_random_2,relevancy,random,2,1115776,8106323,attack,3,encoder_block_3,0.5875461101531982,30,100,100
relevancy_random_2,relevancy,random,2,1115776,8106323,attack,4,encoder_block_4,0.5563289523124695,37,100,100
relevancy_random_2,relevancy,random,2,1115776,8106323,attack,5,encoder_block_5,0.5595773458480835,22,100,100
relevancy_random_2,relevancy,random,2,1115776,8106323,attack,6,encoder_block_6,0.5625835657119751,18,100,100
relevancy_random_2,relevancy,random,2,1115776,8106323,attack,7,encoder_block_7,0.4876493215560913,27,100,100
relevancy_random_2,relevancy,random,2,1115776,8106323,attack,8,encoder_block_8,0.6272443532943726,19,100,100
relevancy_random_2,relevancy,random,2,1115776,8106323,attack,9,encoder_block_9,0.6404525637626648,15,100,100
relevancy_random_2,relevancy,random,2,1115776,8106323,attack,10,encoder_block_10,-0.1670036315917968,17,100,100
relevancy_random_2,relevancy,random,2,1115776,8106323,attack,11,encoder_block_11,-2.1425185203552246,44,100,100
relevancy_random_2,relevancy,random,2,1115776,8106323,attack,12,encoder_block_12,-12.472023010253906,87,100,100
relevancy_random_2,relevancy,random,2,1117099,8093931,original,0,embedding,0.6646270751953125,25,100,100
relevancy_random_2,relevancy,random,2,1117099,8093931,original,1,encoder_block_1,0.2695531845092773,42,100,100
relevancy_random_2,relevancy,random,2,1117099,8093931,original,2,encoder_block_2,0.2809982299804687,42,100,100
relevancy_random_2,relevancy,random,2,1117099,8093931,original,3,encoder_block_3,0.1374320983886718,46,100,100
relevancy_random_2,relevancy,random,2,1117099,8093931,original,4,encoder_block_4,0.0212702751159667,55,100,100
relevancy_random_2,relevancy,random,2,1117099,8093931,original,5,encoder_block_5,0.0369272232055664,54,100,100
relevancy_random_2,relevancy,random,2,1117099,8093931,original,6,encoder_block_6,0.1331763267517089,44,100,100
relevancy_random_2,relevancy,random,2,1117099,8093931,original,7,encoder_block_7,0.1126213073730468,47,100,100
relevancy_random_2,relevancy,random,2,1117099,8093931,original,8,encoder_block_8,0.1447963714599609,52,100,100
relevancy_random_2,relevancy,random,2,1117099,8093931,original,9,encoder_block_9,0.2922570705413818,42,100,100
relevancy_random_2,relevancy,random,2,1117099,8093931,original,10,encoder_block_10,0.3431308269500732,48,100,100
relevancy_random_2,relevancy,random,2,1117099,8093931,original,11,encoder_block_11,1.3816022872924805,27,100,100
relevancy_random_2,relevancy,random,2,1117099,8093931,original,12,encoder_block_12,2.529758632183075,22,100,100
relevancy_random_2,relevancy,random,2,1117099,8093931,padded_control,0,embedding,0.6646265983581543,25,100,100
relevancy_random_2,relevancy,random,2,1117099,8093931,padded_control,1,encoder_block_1,0.2647004127502441,42,100,100
relevancy_random_2,relevancy,random,2,1117099,8093931,padded_control,2,encoder_block_2,0.2522516250610351,43,100,100
relevancy_random_2,relevancy,random,2,1117099,8093931,padded_control,3,encoder_block_3,0.1144707202911377,47,100,100
relevancy_random_2,relevancy,random,2,1117099,8093931,padded_control,4,encoder_block_4,0.0142688751220703,56,100,100
relevancy_random_2,relevancy,random,2,1117099,8093931,padded_control,5,encoder_block_5,0.0246229171752929,56,100,100
relevancy_random_2,relevancy,random,2,1117099,8093931,padded_control,6,encoder_block_6,0.1143543720245361,48,100,100
relevancy_random_2,relevancy,random,2,1117099,8093931,padded_control,7,encoder_block_7,0.09063720703125,47,100,100
relevancy_random_2,relevancy,random,2,1117099,8093931,padded_control,8,encoder_block_8,0.1229925155639648,52,100,100
relevancy_random_2,relevancy,random,2,1117099,8093931,padded_control,9,encoder_block_9,0.2745256423950195,43,100,100
relevancy_random_2,relevancy,random,2,1117099,8093931,padded_control,10,encoder_block_10,0.3328852653503418,48,100,100
relevancy_random_2,relevancy,random,2,1117099,8093931,padded_control,11,encoder_block_11,1.4041264057159424,26,100,100
relevancy_random_2,relevancy,random,2,1117099,8093931,padded_control,12,encoder_block_12,2.555359363555908,22,100,100
relevancy_random_2,relevancy,random,2,1117099,8093931,attack,0,embedding,0.6388430595397949,27,100,100
relevancy_random_2,relevancy,random,2,1117099,8093931,attack,1,encoder_block_1,0.3807780742645263,33,100,100
relevancy_random_2,relevancy,random,2,1117099,8093931,attack,2,encoder_block_2,0.4019012451171875,33,100,100
relevancy_random_2,relevancy,random,2,1117099,8093931,attack,3,encoder_block_3,0.266165018081665,38,100,100
relevancy_random_2,relevancy,random,2,1117099,8093931,attack,4,encoder_block_4,0.2262558937072754,41,100,100
relevancy_random_2,relevancy,random,2,1117099,8093931,attack,5,encoder_block_5,0.2298424243927002,36,100,100
relevancy_random_2,relevancy,random,2,1117099,8093931,attack,6,encoder_block_6,0.294471263885498,37,100,100
relevancy_random_2,relevancy,random,2,1117099,8093931,attack,7,encoder_block_7,0.2889840602874756,33,100,100
relevancy_random_2,relevancy,random,2,1117099,8093931,attack,8,encoder_block_8,0.3086731433868408,42,100,100
relevancy_random_2,relevancy,random,2,1117099,8093931,attack,9,encoder_block_9,0.443152904510498,36,100,100
relevancy_random_2,relevancy,random,2,1117099,8093931,attack,10,encoder_block_10,0.4971909523010254,43,100,100
relevancy_random_2,relevancy,random,2,1117099,8093931,attack,11,encoder_block_11,1.5135481357574463,19,100,100
relevancy_random_2,relevancy,random,2,1117099,8093931,attack,12,encoder_block_12,2.621433019638061,21,100,100
relevancy_random_2,relevancy,random,2,1121402,8052624,original,0,embedding,0.3495612144470215,80,100,100
relevancy_random_2,relevancy,random,2,1121402,8052624,original,1,encoder_block_1,0.2696928977966308,65,100,100
relevancy_random_2,relevancy,random,2,1121402,8052624,original,2,encoder_block_2,0.4348392486572265,58,100,100
relevancy_random_2,relevancy,random,2,1121402,8052624,original,3,encoder_block_3,0.5248277187347412,51,100,100
relevancy_random_2,relevancy,random,2,1121402,8052624,original,4,encoder_block_4,0.6406412124633789,39,100,100
relevancy_random_2,relevancy,random,2,1121402,8052624,original,5,encoder_block_5,0.7257304191589355,31,100,100
relevancy_random_2,relevancy,random,2,1121402,8052624,original,6,encoder_block_6,0.8011765480041504,22,100,100
relevancy_random_2,relevancy,random,2,1121402,8052624,original,7,encoder_block_7,0.8908953666687012,14,100,100
relevancy_random_2,relevancy,random,2,1121402,8052624,original,8,encoder_block_8,0.9932317733764648,13,100,100
relevancy_random_2,relevancy,random,2,1121402,8052624,original,9,encoder_block_9,0.9872844219207764,11,100,100
relevancy_random_2,relevancy,random,2,1121402,8052624,original,10,encoder_block_10,1.3212480545043943,2,100,100
relevancy_random_2,relevancy,random,2,1121402,8052624,original,11,encoder_block_11,3.356931686401367,1,100,100
relevancy_random_2,relevancy,random,2,1121402,8052624,original,12,encoder_block_12,5.915290832519531,2,100,100
relevancy_random_2,relevancy,random,2,1121402,8052624,padded_control,0,embedding,0.3495602607727051,80,100,100
relevancy_random_2,relevancy,random,2,1121402,8052624,padded_control,1,encoder_block_1,0.2720093727111816,65,100,100
relevancy_random_2,relevancy,random,2,1121402,8052624,padded_control,2,encoder_block_2,0.4257755279541015,58,100,100
relevancy_random_2,relevancy,random,2,1121402,8052624,padded_control,3,encoder_block_3,0.5073819160461426,52,100,100
relevancy_random_2,relevancy,random,2,1121402,8052624,padded_control,4,encoder_block_4,0.6258125305175781,39,100,100
relevancy_random_2,relevancy,random,2,1121402,8052624,padded_control,5,encoder_block_5,0.7256062030792236,31,100,100
relevancy_random_2,relevancy,random,2,1121402,8052624,padded_control,6,encoder_block_6,0.7952427864074707,23,100,100
relevancy_random_2,relevancy,random,2,1121402,8052624,padded_control,7,encoder_block_7,0.8806636333465576,14,100,100
relevancy_random_2,relevancy,random,2,1121402,8052624,padded_control,8,encoder_block_8,0.9694852828979492,16,100,100
relevancy_random_2,relevancy,random,2,1121402,8052624,padded_control,9,encoder_block_9,0.9574663639068604,12,100,100
relevancy_random_2,relevancy,random,2,1121402,8052624,padded_control,10,encoder_block_10,1.3271732330322266,2,100,100
relevancy_random_2,relevancy,random,2,1121402,8052624,padded_control,11,encoder_block_11,3.3291263580322266,1,100,100
relevancy_random_2,relevancy,random,2,1121402,8052624,padded_control,12,encoder_block_12,5.88206672668457,2,100,100
relevancy_random_2,relevancy,random,2,1121402,8052624,attack,0,embedding,0.3058152198791504,83,100,100
relevancy_random_2,relevancy,random,2,1121402,8052624,attack,1,encoder_block_1,0.3857121467590332,57,100,100
relevancy_random_2,relevancy,random,2,1121402,8052624,attack,2,encoder_block_2,0.5200934410095215,48,100,100
relevancy_random_2,relevancy,random,2,1121402,8052624,attack,3,encoder_block_3,0.6423740386962891,38,100,100
relevancy_random_2,relevancy,random,2,1121402,8052624,attack,4,encoder_block_4,0.7651486396789551,31,100,100
relevancy_random_2,relevancy,random,2,1121402,8052624,attack,5,encoder_block_5,0.8069734573364258,26,100,100
relevancy_random_2,relevancy,random,2,1121402,8052624,attack,6,encoder_block_6,0.8491902351379395,17,100,100
relevancy_random_2,relevancy,random,2,1121402,8052624,attack,7,encoder_block_7,0.9385604858398438,13,100,100
relevancy_random_2,relevancy,random,2,1121402,8052624,attack,8,encoder_block_8,1.0426421165466309,11,100,100
relevancy_random_2,relevancy,random,2,1121402,8052624,attack,9,encoder_block_9,1.0271201133728027,10,100,100
relevancy_random_2,relevancy,random,2,1121402,8052624,attack,10,encoder_block_10,1.3620984554290771,2,100,100
relevancy_random_2,relevancy,random,2,1121402,8052624,attack,11,encoder_block_11,3.302119255065918,1,100,100
relevancy_random_2,relevancy,random,2,1121402,8052624,attack,12,encoder_block_12,5.835115432739258,3,100,100
relevancy_random_2,relevancy,random,2,1121709,1269175,original,0,embedding,0.3117632865905761,76,100,100
relevancy_random_2,relevancy,random,2,1121709,1269175,original,1,encoder_block_1,0.148996353149414,58,100,100
relevancy_random_2,relevancy,random,2,1121709,1269175,original,2,encoder_block_2,0.6813814640045166,47,100,100
relevancy_random_2,relevancy,random,2,1121709,1269175,original,3,encoder_block_3,0.6404454708099365,47,100,100
relevancy_random_2,relevancy,random,2,1121709,1269175,original,4,encoder_block_4,0.6799132823944092,57,100,100
relevancy_random_2,relevancy,random,2,1121709,1269175,original,5,encoder_block_5,0.5350496768951416,67,100,100
relevancy_random_2,relevancy,random,2,1121709,1269175,original,6,encoder_block_6,0.5691186189651489,65,100,100
relevancy_random_2,relevancy,random,2,1121709,1269175,original,7,encoder_block_7,0.6213798522949219,62,100,100
relevancy_random_2,relevancy,random,2,1121709,1269175,original,8,encoder_block_8,0.6074302196502686,62,100,100
relevancy_random_2,relevancy,random,2,1121709,1269175,original,9,encoder_block_9,0.620168924331665,73,100,100
relevancy_random_2,relevancy,random,2,1121709,1269175,original,10,encoder_block_10,0.2710539698600769,28,100,100
relevancy_random_2,relevancy,random,2,1121709,1269175,original,11,encoder_block_11,-1.3682814836502075,25,100,100
relevancy_random_2,relevancy,random,2,1121709,1269175,original,12,encoder_block_12,-12.051349639892578,34,100,100
relevancy_random_2,relevancy,random,2,1121709,1269175,padded_control,0,embedding,0.3117632865905761,76,100,100
relevancy_random_2,relevancy,random,2,1121709,1269175,padded_control,1,encoder_block_1,0.1499218940734863,58,100,100
relevancy_random_2,relevancy,random,2,1121709,1269175,padded_control,2,encoder_block_2,0.6814455986022949,47,100,100
relevancy_random_2,relevancy,random,2,1121709,1269175,padded_control,3,encoder_block_3,0.633887767791748,48,100,100
relevancy_random_2,relevancy,random,2,1121709,1269175,padded_control,4,encoder_block_4,0.670569658279419,58,100,100
relevancy_random_2,relevancy,random,2,1121709,1269175,padded_control,5,encoder_block_5,0.526850700378418,67,100,100
relevancy_random_2,relevancy,random,2,1121709,1269175,padded_control,6,encoder_block_6,0.5603716373443604,66,100,100
relevancy_random_2,relevancy,random,2,1121709,1269175,padded_control,7,encoder_block_7,0.6158335208892822,62,100,100
relevancy_random_2,relevancy,random,2,1121709,1269175,padded_control,8,encoder_block_8,0.6039782762527466,62,100,100
relevancy_random_2,relevancy,random,2,1121709,1269175,padded_control,9,encoder_block_9,0.6214807033538818,73,100,100
relevancy_random_2,relevancy,random,2,1121709,1269175,padded_control,10,encoder_block_10,0.2536122798919678,30,100,100
relevancy_random_2,relevancy,random,2,1121709,1269175,padded_control,11,encoder_block_11,-1.449769675731659,25,100,100
relevancy_random_2,relevancy,random,2,1121709,1269175,padded_control,12,encoder_block_12,-12.216089248657228,37,100,100
relevancy_random_2,relevancy,random,2,1121709,1269175,attack,0,embedding,0.3481616973876953,72,100,100
relevancy_random_2,relevancy,random,2,1121709,1269175,attack,1,encoder_block_1,0.3659539222717285,41,100,100
relevancy_random_2,relevancy,random,2,1121709,1269175,attack,2,encoder_block_2,0.8179373741149902,30,100,100
relevancy_random_2,relevancy,random,2,1121709,1269175,attack,3,encoder_block_3,0.7690532207489014,34,100,100
relevancy_random_2,relevancy,random,2,1121709,1269175,attack,4,encoder_block_4,0.79288649559021,46,100,100
relevancy_random_2,relevancy,random,2,1121709,1269175,attack,5,encoder_block_5,0.633225679397583,58,100,100
relevancy_random_2,relevancy,random,2,1121709,1269175,attack,6,encoder_block_6,0.6605281829833984,55,100,100
relevancy_random_2,relevancy,random,2,1121709,1269175,attack,7,encoder_block_7,0.71242356300354,57,100,100
relevancy_random_2,relevancy,random,2,1121709,1269175,attack,8,encoder_block_8,0.6877717971801758,56,100,100
relevancy_random_2,relevancy,random,2,1121709,1269175,attack,9,encoder_block_9,0.7199825048446655,67,100,100
relevancy_random_2,relevancy,random,2,1121709,1269175,attack,10,encoder_block_10,0.3876031637191772,20,100,100
relevancy_random_2,relevancy,random,2,1121709,1269175,attack,11,encoder_block_11,-1.354475021362305,25,100,100
relevancy_random_2,relevancy,random,2,1121709,1269175,attack,12,encoder_block_12,-12.096521377563477,34,100,100
