attack_name,token,position,repetitions,qid,docid,variant,layer_index,layer_name,score,rank,candidate_top_k,n_candidates_scored
irrelevant_random_2,irrelevant,random,2,1037798,3641634,original,0,embedding,0.8320577144622803,37,100,100
irrelevant_random_2,irrelevant,random,2,1037798,3641634,original,1,encoder_block_1,0.5770964622497559,62,100,100
irrelevant_random_2,irrelevant,random,2,1037798,3641634,original,2,encoder_block_2,0.8005528450012207,52,100,100
irrelevant_random_2,irrelevant,random,2,1037798,3641634,original,3,encoder_block_3,0.6463022232055664,45,100,100
irrelevant_random_2,irrelevant,random,2,1037798,3641634,original,4,encoder_block_4,0.5612177848815918,46,100,100
irrelevant_random_2,irrelevant,random,2,1037798,3641634,original,5,encoder_block_5,0.5341918468475342,35,100,100
irrelevant_random_2,irrelevant,random,2,1037798,3641634,original,6,encoder_block_6,0.7486610412597656,22,100,100
irrelevant_random_2,irrelevant,random,2,1037798,3641634,original,7,encoder_block_7,0.5290794372558594,44,100,100
irrelevant_random_2,irrelevant,random,2,1037798,3641634,original,8,encoder_block_8,0.5495195388793945,56,100,100
irrelevant_random_2,irrelevant,random,2,1037798,3641634,original,9,encoder_block_9,0.7852129936218262,50,100,100
irrelevant_random_2,irrelevant,random,2,1037798,3641634,original,10,encoder_block_10,0.8754327297210693,23,100,100
irrelevant_random_2,irrelevant,random,2,1037798,3641634,original,11,encoder_block_11,1.6852598190307615,9,100,100
irrelevant_random_2,irrelevant,random,2,1037798,3641634,original,12,encoder_block_12,1.2045688927173617,11,100,100
irrelevant_random_2,irrelevant,random,2,1037798,3641634,padded_control,0,embedding,0.8320584297180176,37,100,100
irrelevant_random_2,irrelevant,random,2,1037798,3641634,padded_control,1,encoder_block_1,0.5771737098693848,62,100,100
irrelevant_random_2,irrelevant,random,2,1037798,3641634,padded_control,2,encoder_block_2,0.8018217086791992,52,100,100
irrelevant_random_2,irrelevant,random,2,1037798,3641634,padded_control,3,encoder_block_3,0.647921085357666,45,100,100
irrelevant_random_2,irrelevant,random,2,1037798,3641634,padded_control,4,encoder_block_4,0.5605688095092773,47,100,100
irrelevant_random_2,irrelevant,random,2,1037798,3641634,padded_control,5,encoder_block_5,0.5314183235168457,36,100,100
irrelevant_random_2,irrelevant,random,2,1037798,3641634,padded_control,6,encoder_block_6,0.745229959487915,22,100,100
irrelevant_random_2,irrelevant,random,2,1037798,3641634,padded_control,7,encoder_block_7,0.5204217433929443,47,100,100
irrelevant_random_2,irrelevant,random,2,1037798,3641634,padded_control,8,encoder_block_8,0.544440507888794,56,100,100
irrelevant_random_2,irrelevant,random,2,1037798,3641634,padded_control,9,encoder_block_9,0.7787132263183594,51,100,100
irrelevant_random_2,irrelevant,random,2,1037798,3641634,padded_control,10,encoder_block_10,0.864631175994873,23,100,100
irrelevant_random_2,irrelevant,random,2,1037798,3641634,padded_control,11,encoder_block_11,1.670279026031494,9,100,100
irrelevant_random_2,irrelevant,random,2,1037798,3641634,padded_control,12,encoder_block_12,1.2375146746635437,11,100,100
irrelevant_random_2,irrelevant,random,2,1037798,3641634,attack,0,embedding,0.6856317520141602,55,100,100
irrelevant_random_2,irrelevant,random,2,1037798,3641634,attack,1,encoder_block_1,0.2498679161071777,82,100,100
irrelevant_random_2,irrelevant,random,2,1037798,3641634,attack,2,encoder_block_2,0.4811530113220215,82,100,100
irrelevant_random_2,irrelevant,random,2,1037798,3641634,attack,3,encoder_block_3,0.3170416355133056,82,100,100
irrelevant_random_2,irrelevant,random,2,1037798,3641634,attack,4,encoder_block_4,0.2253398895263672,84,100,100
irrelevant_random_2,irrelevant,random,2,1037798,3641634,attack,5,encoder_block_5,0.2478728294372558,70,100,100
irrelevant_random_2,irrelevant,random,2,1037798,3641634,attack,6,encoder_block_6,0.5040578842163086,48,100,100
irrelevant_random_2,irrelevant,random,2,1037798,3641634,attack,7,encoder_block_7,0.3116517066955566,72,100,100
irrelevant_random_2,irrelevant,random,2,1037798,3641634,attack,8,encoder_block_8,0.3760590553283691,71,100,100
irrelevant_random_2,irrelevant,random,2,1037798,3641634,attack,9,encoder_block_9,0.5956375598907471,68,100,100
irrelevant_random_2,irrelevant,random,2,1037798,3641634,attack,10,encoder_block_10,0.7554433345794678,27,100,100
irrelevant_random_2,irrelevant,random,2,1037798,3641634,attack,11,encoder_block_11,1.5979893207550049,10,100,100
irrelevant_random_2,irrelevant,random,2,1037798,3641634,attack,12,encoder_block_12,1.387785643339157,11,100,100
irrelevant_random_2,irrelevant,random,2,104861,459676,original,0,embedding,0.9635918140411376,45,100,100
irrelevant_random_2,irrelevant,random,2,104861,459676,original,1,encoder_block_1,1.1753835678100586,32,100,100
irrelevant_random_2,irrelevant,random,2,104861,459676,original,2,encoder_block_2,1.640017032623291,3,100,100
irrelevant_random_2,irrelevant,random,2,104861,459676,original,3,encoder_block_3,1.6881709098815918,5,100,100
irrelevant_random_2,irrelevant,random,2,104861,459676,original,4,encoder_block_4,1.9483013153076167,3,100,100
irrelevant_random_2,irrelevant,random,2,104861,459676,original,5,encoder_block_5,2.049661874771118,3,100,100
irrelevant_random_2,irrelevant,random,2,104861,459676,original,6,encoder_block_6,1.990306615829468,3,100,100
irrelevant_random_2,irrelevant,random,2,104861,459676,original,7,encoder_block_7,2.039266586303711,3,100,100
irrelevant_random_2,irrelevant,random,2,104861,459676,original,8,encoder_block_8,1.8978996276855469,3,100,100
irrelevant_random_2,irrelevant,random,2,104861,459676,original,9,encoder_block_9,2.068165779113769,2,100,100
irrelevant_random_2,irrelevant,random,2,104861,459676,original,10,encoder_block_10,2.228157520294189,1,100,100
irrelevant_random_2,irrelevant,random,2,104861,459676,original,11,encoder_block_11,2.517533540725708,1,100,100
irrelevant_random_2,irrelevant,random,2,104861,459676,original,12,encoder_block_12,1.6921783089637756,14,100,100
irrelevant_random_2,irrelevant,random,2,104861,459676,padded_control,0,embedding,0.9635913372039796,45,100,100
irrelevant_random_2,irrelevant,random,2,104861,459676,padded_control,1,encoder_block_1,1.1834139823913574,32,100,100
irrelevant_random_2,irrelevant,random,2,104861,459676,padded_control,2,encoder_block_2,1.6486778259277344,3,100,100
irrelevant_random_2,irrelevant,random,2,104861,459676,padded_control,3,encoder_block_3,1.692805290222168,5,100,100
irrelevant_random_2,irrelevant,random,2,104861,459676,padded_control,4,encoder_block_4,1.949246406555176,3,100,100
irrelevant_random_2,irrelevant,random,2,104861,459676,padded_control,5,encoder_block_5,2.0520389080047607,3,100,100
irrelevant_random_2,irrelevant,random,2,104861,459676,padded_control,6,encoder_block_6,1.99037504196167,3,100,100
irrelevant_random_2,irrelevant,random,2,104861,459676,padded_control,7,encoder_block_7,2.04130220413208,3,100,100
irrelevant_random_2,irrelevant,random,2,104861,459676,padded_control,8,encoder_block_8,1.9016871452331543,3,100,100
irrelevant_random_2,irrelevant,random,2,104861,459676,padded_control,9,encoder_block_9,2.066598892211914,2,100,100
irrelevant_random_2,irrelevant,random,2,104861,459676,padded_control,10,encoder_block_10,2.2282962799072266,1,100,100
irrelevant_random_2,irrelevant,random,2,104861,459676,padded_control,11,encoder_block_11,2.499379396438598,1,100,100
irrelevant_random_2,irrelevant,random,2,104861,459676,padded_control,12,encoder_block_12,1.7056595087051392,14,100,100
irrelevant_random_2,irrelevant,random,2,104861,459676,attack,0,embedding,0.9199895858764648,50,100,100
irrelevant_random_2,irrelevant,random,2,104861,459676,attack,1,encoder_block_1,1.0141966342926023,49,100,100
irrelevant_random_2,irrelevant,random,2,104861,459676,attack,2,encoder_block_2,1.364946365356445,33,100,100
irrelevant_random_2,irrelevant,random,2,104861,459676,attack,3,encoder_block_3,1.3962442874908447,22,100,100
irrelevant_random_2,irrelevant,random,2,104861,459676,attack,4,encoder_block_4,1.697383165359497,11,100,100
irrelevant_random_2,irrelevant,random,2,104861,459676,attack,5,encoder_block_5,1.8043479919433596,5,100,100
irrelevant_random_2,irrelevant,random,2,104861,459676,attack,6,encoder_block_6,1.7860710620880127,5,100,100
irrelevant_random_2,irrelevant,random,2,104861,459676,attack,7,encoder_block_7,1.860769748687744,3,100,100
irrelevant_random_2,irrelevant,random,2,104861,459676,attack,8,encoder_block_8,1.7955718040466309,3,100,100
irrelevant_random_2,irrelevant,random,2,104861,459676,attack,9,encoder_block_9,1.998735427856445,2,100,100
irrelevant_random_2,irrelevant,random,2,104861,459676,attack,10,encoder_block_10,2.209514617919922,1,100,100
irrelevant_random_2,irrelevant,random,2,104861,459676,attack,11,encoder_block_11,2.421972274780273,1,100,100
irrelevant_random_2,irrelevant,random,2,104861,459676,attack,12,encoder_block_12,1.44093120098114,15,100,100
irrelevant_random_2,irrelevant,random,2,1063750,4788295,original,0,embedding,0.7345647811889648,44,100,100
irrelevant_random_2,irrelevant,random,2,1063750,4788295,original,1,encoder_block_1,0.4743719100952148,50,100,100
irrelevant_random_2,irrelevant,random,2,1063750,4788295,original,2,encoder_block_2,0.2930629253387451,67,100,100
irrelevant_random_2,irrelevant,random,2,1063750,4788295,original,3,encoder_block_3,0.1441771984100341,71,100,100
irrelevant_random_2,irrelevant,random,2,1063750,4788295,original,4,encoder_block_4,0.4063873291015625,42,100,100
irrelevant_random_2,irrelevant,random,2,1063750,4788295,original,5,encoder_block_5,0.4649672508239746,38,100,100
irrelevant_random_2,irrelevant,random,2,1063750,4788295,original,6,encoder_block_6,0.5196993350982666,37,100,100
irrelevant_random_2,irrelevant,random,2,1063750,4788295,original,7,encoder_block_7,0.5396733283996582,34,100,100
irrelevant_random_2,irrelevant,random,2,1063750,4788295,original,8,encoder_block_8,0.7442870140075684,21,100,100
irrelevant_random_2,irrelevant,random,2,1063750,4788295,original,9,encoder_block_9,0.8194112777709961,14,100,100
irrelevant_random_2,irrelevant,random,2,1063750,4788295,original,10,encoder_block_10,0.6462976932525635,9,100,100
irrelevant_random_2,irrelevant,random,2,1063750,4788295,original,11,encoder_block_11,1.5446739196777344,5,100,100
irrelevant_random_2,irrelevant,random,2,1063750,4788295,original,12,encoder_block_12,3.5748090744018555,4,100,100
irrelevant_random_2,irrelevant,random,2,1063750,4788295,padded_control,0,embedding,0.7345647811889648,44,100,100
irrelevant_random_2,irrelevant,random,2,1063750,4788295,padded_control,1,encoder_block_1,0.4777364730834961,50,100,100
irrelevant_random_2,irrelevant,random,2,1063750,4788295,padded_control,2,encoder_block_2,0.2980279922485351,67,100,100
irrelevant_random_2,irrelevant,random,2,1063750,4788295,padded_control,3,encoder_block_3,0.1556007862091064,70,100,100
irrelevant_random_2,irrelevant,random,2,1063750,4788295,padded_control,4,encoder_block_4,0.4199070930480957,40,100,100
irrelevant_random_2,irrelevant,random,2,1063750,4788295,padded_control,5,encoder_block_5,0.4808731079101562,37,100,100
irrelevant_random_2,irrelevant,random,2,1063750,4788295,padded_control,6,encoder_block_6,0.5353822708129883,35,100,100
irrelevant_random_2,irrelevant,random,2,1063750,4788295,padded_control,7,encoder_block_7,0.5563497543334961,34,100,100
irrelevant_random_2,irrelevant,random,2,1063750,4788295,padded_control,8,encoder_block_8,0.7513771057128906,21,100,100
irrelevant_random_2,irrelevant,random,2,1063750,4788295,padded_control,9,encoder_block_9,0.8295665979385376,14,100,100
irrelevant_random_2,irrelevant,random,2,1063750,4788295,padded_control,10,encoder_block_10,0.6550734043121338,9,100,100
irrelevant_random_2,irrelevant,random,2,1063750,4788295,padded_control,11,encoder_block_11,1.554175853729248,5,100,100
irrelevant_random_2,irrelevant,random,2,1063750,4788295,padded_control,12,encoder_block_12,3.583155632019043,4,100,100
irrelevant_random_2,irrelevant,random,2,1063750,4788295,attack,0,embedding,0.620675802230835,53,100,100
irrelevant_random_2,irrelevant,random,2,1063750,4788295,attack,1,encoder_block_1,0.214062213897705,70,100,100
irrelevant_random_2,irrelevant,random,2,1063750,4788295,attack,2,encoder_block_2,0.08860445022583,81,100,100
irrelevant_random_2,irrelevant,random,2,1063750,4788295,attack,3,encoder_block_3,0.0019397735595703,81,100,100
irrelevant_random_2,irrelevant,random,2,1063750,4788295,attack,4,encoder_block_4,0.2685434818267822,56,100,100
irrelevant_random_2,irrelevant,random,2,1063750,4788295,attack,5,encoder_block_5,0.3690493106842041,45,100,100
irrelevant_random_2,irrelevant,random,2,1063750,4788295,attack,6,encoder_block_6,0.462782621383667,41,100,100
irrelevant_random_2,irrelevant,random,2,1063750,4788295,attack,7,encoder_block_7,0.5164141654968262,40,100,100
irrelevant_random_2,irrelevant,random,2,1063750,4788295,attack,8,encoder_block_8,0.7219092845916748,21,100,100
irrelevant_random_2,irrelevant,random,2,1063750,4788295,attack,9,encoder_block_9,0.7957659959793091,19,100,100
irrelevant_random_2,irrelevant,random,2,1063750,4788295,attack,10,encoder_block_10,0.6506929397583008,9,100,100
irrelevant_random_2,irrelevant,random,2,1063750,4788295,attack,11,encoder_block_11,1.577068567276001,5,100,100
irrelevant_random_2,irrelevant,random,2,1063750,4788295,attack,12,encoder_block_12,3.696877479553223,4,100,100
irrelevant_random_2,irrelevant,random,2,1103812,3843267,original,0,embedding,1.1385068893432615,8,100,100
irrelevant_random_2,irrelevant,random,2,1103812,3843267,original,1,encoder_block_1,0.7724995613098145,23,100,100
irrelevant_random_2,irrelevant,random,2,1103812,3843267,original,2,encoder_block_2,0.8877558708190918,18,100,100
irrelevant_random_2,irrelevant,random,2,1103812,3843267,original,3,encoder_block_3,0.6147010326385498,26,100,100
irrelevant_random_2,irrelevant,random,2,1103812,3843267,original,4,encoder_block_4,0.3889913558959961,38,100,100
irrelevant_random_2,irrelevant,random,2,1103812,3843267,original,5,encoder_block_5,0.1942498683929443,51,100,100
irrelevant_random_2,irrelevant,random,2,1103812,3843267,original,6,encoder_block_6,0.1409058570861816,65,100,100
irrelevant_random_2,irrelevant,random,2,1103812,3843267,original,7,encoder_block_7,0.1842563152313232,61,100,100
irrelevant_random_2,irrelevant,random,2,1103812,3843267,original,8,encoder_block_8,0.1707890033721923,61,100,100
irrelevant_random_2,irrelevant,random,2,1103812,3843267,original,9,encoder_block_9,0.3361358642578125,37,100,100
irrelevant_random_2,irrelevant,random,2,1103812,3843267,original,10,encoder_block_10,0.0934512615203857,30,100,100
irrelevant_random_2,irrelevant,random,2,1103812,3843267,original,11,encoder_block_11,1.2669405937194824,7,100,100
irrelevant_random_2,irrelevant,random,2,1103812,3843267,original,12,encoder_block_12,4.076918601989746,3,100,100
irrelevant_random_2,irrelevant,random,2,1103812,3843267,padded_control,0,embedding,1.1385068893432615,8,100,100
irrelevant_random_2,irrelevant,random,2,1103812,3843267,padded_control,1,encoder_block_1,0.7709949016571045,23,100,100
irrelevant_random_2,irrelevant,random,2,1103812,3843267,padded_control,2,encoder_block_2,0.889707088470459,18,100,100
irrelevant_random_2,irrelevant,random,2,1103812,3843267,padded_control,3,encoder_block_3,0.615401029586792,26,100,100
irrelevant_random_2,irrelevant,random,2,1103812,3843267,padded_control,4,encoder_block_4,0.3902981281280517,37,100,100
irrelevant_random_2,irrelevant,random,2,1103812,3843267,padded_control,5,encoder_block_5,0.1966710090637207,51,100,100
irrelevant_random_2,irrelevant,random,2,1103812,3843267,padded_control,6,encoder_block_6,0.1423656940460205,64,100,100
irrelevant_random_2,irrelevant,random,2,1103812,3843267,padded_control,7,encoder_block_7,0.1835544109344482,61,100,100
irrelevant_random_2,irrelevant,random,2,1103812,3843267,padded_control,8,encoder_block_8,0.1728737354278564,61,100,100
irrelevant_random_2,irrelevant,random,2,1103812,3843267,padded_control,9,encoder_block_9,0.337099552154541,37,100,100
irrelevant_random_2,irrelevant,random,2,1103812,3843267,padded_control,10,encoder_block_10,0.1087415218353271,28,100,100
irrelevant_random_2,irrelevant,random,2,1103812,3843267,padded_control,11,encoder_block_11,1.2938203811645508,7,100,100
irrelevant_random_2,irrelevant,random,2,1103812,3843267,padded_control,12,encoder_block_12,4.075813293457031,3,100,100
irrelevant_random_2,irrelevant,random,2,1103812,3843267,attack,0,embedding,1.0091519355773926,20,100,100
irrelevant_random_2,irrelevant,random,2,1103812,3843267,attack,1,encoder_block_1,0.5573320388793945,49,100,100
irrelevant_random_2,irrelevant,random,2,1103812,3843267,attack,2,encoder_block_2,0.6325621604919434,52,100,100
irrelevant_random_2,irrelevant,random,2,1103812,3843267,attack,3,encoder_block_3,0.3729746341705322,64,100,100
irrelevant_random_2,irrelevant,random,2,1103812,3843267,attack,4,encoder_block_4,0.1054093837738037,77,100,100
irrelevant_random_2,irrelevant,random,2,1103812,3843267,attack,5,encoder_block_5,-0.0315456390380859,79,100,100
irrelevant_random_2,irrelevant,random,2,1103812,3843267,attack,6,encoder_block_6,-0.0239300727844238,81,100,100
irrelevant_random_2,irrelevant,random,2,1103812,3843267,attack,7,encoder_block_7,0.0026071071624755,78,100,100
irrelevant_random_2,irrelevant,random,2,1103812,3843267,attack,8,encoder_block_8,0.080521821975708,71,100,100
irrelevant_random_2,irrelevant,random,2,1103812,3843267,attack,9,encoder_block_9,0.2459096908569336,49,100,100
irrelevant_random_2,irrelevant,random,2,1103812,3843267,attack,10,encoder_block_10,0.0297431945800781,34,100,100
irrelevant_random_2,irrelevant,random,2,1103812,3843267,attack,11,encoder_block_11,1.301851749420166,7,100,100
irrelevant_random_2,irrelevant,random,2,1103812,3843267,attack,12,encoder_block_12,4.1475138664245605,3,100,100
irrelevant_random_2,irrelevant,random,2,1106007,6126194,original,0,embedding,0.9976165294647216,5,100,100
irrelevant_random_2,irrelevant,random,2,1106007,6126194,original,1,encoder_block_1,1.4154257774353027,2,100,100
irrelevant_random_2,irrelevant,random,2,1106007,6126194,original,2,encoder_block_2,1.6524105072021484,1,100,100
irrelevant_random_2,irrelevant,random,2,1106007,6126194,original,3,encoder_block_3,1.462425947189331,1,100,100
irrelevant_random_2,irrelevant,random,2,1106007,6126194,original,4,encoder_block_4,1.8070693016052248,1,100,100
irrelevant_random_2,irrelevant,random,2,1106007,6126194,original,5,encoder_block_5,1.7888007164001465,1,100,100
irrelevant_random_2,irrelevant,random,2,1106007,6126194,original,6,encoder_block_6,1.7590737342834473,1,100,100
irrelevant_random_2,irrelevant,random,2,1106007,6126194,original,7,encoder_block_7,1.847627878189087,1,100,100
irrelevant_random_2,irrelevant,random,2,1106007,6126194,original,8,encoder_block_8,1.865367412567139,1,100,100
irrelevant_random_2,irrelevant,random,2,1106007,6126194,original,9,encoder_block_9,1.8352789878845213,1,100,100
irrelevant_random_2,irrelevant,random,2,1106007,6126194,original,10,encoder_block_10,1.9322757720947263,2,100,100
irrelevant_random_2,irrelevant,random,2,1106007,6126194,original,11,encoder_block_11,2.2114975452423096,14,100,100
irrelevant_random_2,irrelevant,random,2,1106007,6126194,original,12,encoder_block_12,-0.0340566039085388,21,100,100
irrelevant_random_2,irrelevant,random,2,1106007,6126194,padded_control,0,embedding,0.9976165294647216,5,100,100
irrelevant_random_2,irrelevant,random,2,1106007,6126194,padded_control,1,encoder_block_1,1.4112396240234375,2,100,100
irrelevant_random_2,irrelevant,random,2,1106007,6126194,padded_control,2,encoder_block_2,1.6476426124572754,1,100,100
irrelevant_random_2,irrelevant,random,2,1106007,6126194,padded_control,3,encoder_block_3,1.4591736793518066,1,100,100
irrelevant_random_2,irrelevant,random,2,1106007,6126194,padded_control,4,encoder_block_4,1.8076035976409912,1,100,100
irrelevant_random_2,irrelevant,random,2,1106007,6126194,padded_control,5,encoder_block_5,1.791229248046875,1,100,100
irrelevant_random_2,irrelevant,random,2,1106007,6126194,padded_control,6,encoder_block_6,1.7625539302825928,1,100,100
irrelevant_random_2,irrelevant,random,2,1106007,6126194,padded_control,7,encoder_block_7,1.8517329692840576,1,100,100
irrelevant_random_2,irrelevant,random,2,1106007,6126194,padded_control,8,encoder_block_8,1.8752236366271973,1,100,100
irrelevant_random_2,irrelevant,random,2,1106007,6126194,padded_control,9,encoder_block_9,1.8431968688964844,1,100,100
irrelevant_random_2,irrelevant,random,2,1106007,6126194,padded_control,10,encoder_block_10,1.935685157775879,2,100,100
irrelevant_random_2,irrelevant,random,2,1106007,6126194,padded_control,11,encoder_block_11,2.2039531469345093,14,100,100
irrelevant_random_2,irrelevant,random,2,1106007,6126194,padded_control,12,encoder_block_12,-0.0971189439296722,21,100,100
irrelevant_random_2,irrelevant,random,2,1106007,6126194,attack,0,embedding,0.9138977527618408,6,100,100
irrelevant_random_2,irrelevant,random,2,1106007,6126194,attack,1,encoder_block_1,1.2343811988830566,2,100,100
irrelevant_random_2,irrelevant,random,2,1106007,6126194,attack,2,encoder_block_2,1.3872857093811035,2,100,100
irrelevant_random_2,irrelevant,random,2,1106007,6126194,attack,3,encoder_block_3,1.1635918617248535,2,100,100
irrelevant_random_2,irrelevant,random,2,1106007,6126194,attack,4,encoder_block_4,1.5012214183807373,1,100,100
irrelevant_random_2,irrelevant,random,2,1106007,6126194,attack,5,encoder_block_5,1.527498722076416,1,100,100
irrelevant_random_2,irrelevant,random,2,1106007,6126194,attack,6,encoder_block_6,1.532088279724121,1,100,100
irrelevant_random_2,irrelevant,random,2,1106007,6126194,attack,7,encoder_block_7,1.6252641677856443,1,100,100
irrelevant_random_2,irrelevant,random,2,1106007,6126194,attack,8,encoder_block_8,1.758300542831421,1,100,100
irrelevant_random_2,irrelevant,random,2,1106007,6126194,attack,9,encoder_block_9,1.718113899230957,2,100,100
irrelevant_random_2,irrelevant,random,2,1106007,6126194,attack,10,encoder_block_10,1.8899400234222408,2,100,100
irrelevant_random_2,irrelevant,random,2,1106007,6126194,attack,11,encoder_block_11,2.2243728637695312,14,100,100
irrelevant_random_2,irrelevant,random,2,1106007,6126194,attack,12,encoder_block_12,0.0465782284736633,21,100,100
irrelevant_random_2,irrelevant,random,2,1110199,3838645,original,0,embedding,1.0928163528442385,72,100,100
irrelevant_random_2,irrelevant,random,2,1110199,3838645,original,1,encoder_block_1,0.8770804405212402,94,100,100
irrelevant_random_2,irrelevant,random,2,1110199,3838645,original,2,encoder_block_2,1.0785207748413086,92,100,100
irrelevant_random_2,irrelevant,random,2,1110199,3838645,original,3,encoder_block_3,1.0863182544708252,90,100,100
irrelevant_random_2,irrelevant,random,2,1110199,3838645,original,4,encoder_block_4,1.153496265411377,91,100,100
irrelevant_random_2,irrelevant,random,2,1110199,3838645,original,5,encoder_block_5,1.1691253185272217,87,100,100
irrelevant_random_2,irrelevant,random,2,1110199,3838645,original,6,encoder_block_6,1.2261219024658203,77,100,100
irrelevant_random_2,irrelevant,random,2,1110199,3838645,original,7,encoder_block_7,1.3570709228515625,64,100,100
irrelevant_random_2,irrelevant,random,2,1110199,3838645,original,8,encoder_block_8,1.4313509464263916,53,100,100
irrelevant_random_2,irrelevant,random,2,1110199,3838645,original,9,encoder_block_9,1.4866671562194824,31,100,100
irrelevant_random_2,irrelevant,random,2,1110199,3838645,original,10,encoder_block_10,1.481736660003662,5,100,100
irrelevant_random_2,irrelevant,random,2,1110199,3838645,original,11,encoder_block_11,1.350864052772522,7,100,100
irrelevant_random_2,irrelevant,random,2,1110199,3838645,original,12,encoder_block_12,1.8936622440814967,7,100,100
irrelevant_random_2,irrelevant,random,2,1110199,3838645,padded_control,0,embedding,1.092817306518555,72,100,100
irrelevant_random_2,irrelevant,random,2,1110199,3838645,padded_control,1,encoder_block_1,0.874969482421875,94,100,100
irrelevant_random_2,irrelevant,random,2,1110199,3838645,padded_control,2,encoder_block_2,1.074422836303711,92,100,100
irrelevant_random_2,irrelevant,random,2,1110199,3838645,padded_control,3,encoder_block_3,1.0818819999694824,91,100,100
irrelevant_random_2,irrelevant,random,2,1110199,3838645,padded_control,4,encoder_block_4,1.1517486572265625,91,100,100
irrelevant_random_2,irrelevant,random,2,1110199,3838645,padded_control,5,encoder_block_5,1.165905237197876,87,100,100
irrelevant_random_2,irrelevant,random,2,1110199,3838645,padded_control,6,encoder_block_6,1.2222769260406494,77,100,100
irrelevant_random_2,irrelevant,random,2,1110199,3838645,padded_control,7,encoder_block_7,1.3464593887329102,65,100,100
irrelevant_random_2,irrelevant,random,2,1110199,3838645,padded_control,8,encoder_block_8,1.416527509689331,53,100,100
irrelevant_random_2,irrelevant,random,2,1110199,3838645,padded_control,9,encoder_block_9,1.4686002731323242,34,100,100
irrelevant_random_2,irrelevant,random,2,1110199,3838645,padded_control,10,encoder_block_10,1.4675660133361816,5,100,100
irrelevant_random_2,irrelevant,random,2,1110199,3838645,padded_control,11,encoder_block_11,1.3482931852340698,8,100,100
irrelevant_random_2,irrelevant,random,2,1110199,3838645,padded_control,12,encoder_block_12,1.8293130099773407,7,100,100
irrelevant_random_2,irrelevant,random,2,1110199,3838645,attack,0,embedding,0.9809536933898926,82,100,100
irrelevant_random_2,irrelevant,random,2,1110199,3838645,attack,1,encoder_block_1,0.5832991600036621,97,100,100
irrelevant_random_2,irrelevant,random,2,1110199,3838645,attack,2,encoder_block_2,0.7860913276672363,97,100,100
irrelevant_random_2,irrelevant,random,2,1110199,3838645,attack,3,encoder_block_3,0.7898225784301758,95,100,100
irrelevant_random_2,irrelevant,random,2,1110199,3838645,attack,4,encoder_block_4,0.8912506103515625,97,100,100
irrelevant_random_2,irrelevant,random,2,1110199,3838645,attack,5,encoder_block_5,0.8902292251586914,95,100,100
irrelevant_random_2,irrelevant,random,2,1110199,3838645,attack,6,encoder_block_6,1.030834436416626,92,100,100
irrelevant_random_2,irrelevant,random,2,1110199,3838645,attack,7,encoder_block_7,1.1560211181640625,84,100,100
irrelevant_random_2,irrelevant,random,2,1110199,3838645,attack,8,encoder_block_8,1.306959629058838,66,100,100
irrelevant_random_2,irrelevant,random,2,1110199,3838645,attack,9,encoder_block_9,1.3894035816192627,48,100,100
irrelevant_random_2,irrelevant,random,2,1110199,3838645,attack,10,encoder_block_10,1.4412758350372314,5,100,100
irrelevant_random_2,irrelevant,random,2,1110199,3838645,attack,11,encoder_block_11,1.4225801229476929,6,100,100
irrelevant_random_2,irrelevant,random,2,1110199,3838645,attack,12,encoder_block_12,1.880531668663025,7,100,100
irrelevant_random_2,irrelevant,random,2,1112341,8139256,original,0,embedding,1.4486327171325684,13,100,100
irrelevant_random_2,irrelevant,random,2,1112341,8139256,original,1,encoder_block_1,1.6813530921936035,8,100,100
irrelevant_random_2,irrelevant,random,2,1112341,8139256,original,2,encoder_block_2,1.7492218017578125,9,100,100
irrelevant_random_2,irrelevant,random,2,1112341,8139256,original,3,encoder_block_3,1.811652660369873,4,100,100
irrelevant_random_2,irrelevant,random,2,1112341,8139256,original,4,encoder_block_4,1.7302699089050293,9,100,100
irrelevant_random_2,irrelevant,random,2,1112341,8139256,original,5,encoder_block_5,1.7417261600494385,9,100,100
irrelevant_random_2,irrelevant,random,2,1112341,8139256,original,6,encoder_block_6,1.6763277053833008,9,100,100
irrelevant_random_2,irrelevant,random,2,1112341,8139256,original,7,encoder_block_7,1.8838441371917725,6,100,100
irrelevant_random_2,irrelevant,random,2,1112341,8139256,original,8,encoder_block_8,2.119479179382324,1,100,100
irrelevant_random_2,irrelevant,random,2,1112341,8139256,original,9,encoder_block_9,2.1432199478149414,1,100,100
irrelevant_random_2,irrelevant,random,2,1112341,8139256,original,10,encoder_block_10,2.1970181465148926,1,100,100
irrelevant_random_2,irrelevant,random,2,1112341,8139256,original,11,encoder_block_11,3.5947413444519043,2,100,100
irrelevant_random_2,irrelevant,random,2,1112341,8139256,original,12,encoder_block_12,6.284547805786133,1,100,100
irrelevant_random_2,irrelevant,random,2,1112341,8139256,padded_control,0,embedding,1.4486329555511477,13,100,100
irrelevant_random_2,irrelevant,random,2,1112341,8139256,padded_control,1,encoder_block_1,1.686300277709961,7,100,100
irrelevant_random_2,irrelevant,random,2,1112341,8139256,padded_control,2,encoder_block_2,1.7567167282104492,9,100,100
irrelevant_random_2,irrelevant,random,2,1112341,8139256,padded_control,3,encoder_block_3,1.819603443145752,3,100,100
irrelevant_random_2,irrelevant,random,2,1112341,8139256,padded_control,4,encoder_block_4,1.7358174324035645,8,100,100
irrelevant_random_2,irrelevant,random,2,1112341,8139256,padded_control,5,encoder_block_5,1.7442831993103027,9,100,100
irrelevant_random_2,irrelevant,random,2,1112341,8139256,padded_control,6,encoder_block_6,1.6749215126037598,9,100,100
irrelevant_random_2,irrelevant,random,2,1112341,8139256,padded_control,7,encoder_block_7,1.88201904296875,6,100,100
irrelevant_random_2,irrelevant,random,2,1112341,8139256,padded_control,8,encoder_block_8,2.109216928482056,1,100,100
irrelevant_random_2,irrelevant,random,2,1112341,8139256,padded_control,9,encoder_block_9,2.145139694213867,1,100,100
irrelevant_random_2,irrelevant,random,2,1112341,8139256,padded_control,10,encoder_block_10,2.196740865707397,1,100,100
irrelevant_random_2,irrelevant,random,2,1112341,8139256,padded_control,11,encoder_block_11,3.578395366668701,2,100,100
irrelevant_random_2,irrelevant,random,2,1112341,8139256,padded_control,12,encoder_block_12,6.2738189697265625,1,100,100
irrelevant_random_2,irrelevant,random,2,1112341,8139256,attack,0,embedding,1.2875142097473145,20,100,100
irrelevant_random_2,irrelevant,random,2,1112341,8139256,attack,1,encoder_block_1,1.4056522846221924,17,100,100
irrelevant_random_2,irrelevant,random,2,1112341,8139256,attack,2,encoder_block_2,1.415389060974121,19,100,100
irrelevant_random_2,irrelevant,random,2,1112341,8139256,attack,3,encoder_block_3,1.4656813144683838,19,100,100
irrelevant_random_2,irrelevant,random,2,1112341,8139256,attack,4,encoder_block_4,1.3819713592529297,23,100,100
irrelevant_random_2,irrelevant,random,2,1112341,8139256,attack,5,encoder_block_5,1.376969337463379,28,100,100
irrelevant_random_2,irrelevant,random,2,1112341,8139256,attack,6,encoder_block_6,1.3529706001281738,30,100,100
irrelevant_random_2,irrelevant,random,2,1112341,8139256,attack,7,encoder_block_7,1.5997390747070312,17,100,100
irrelevant_random_2,irrelevant,random,2,1112341,8139256,attack,8,encoder_block_8,1.8825364112854004,6,100,100
irrelevant_random_2,irrelevant,random,2,1112341,8139256,attack,9,encoder_block_9,1.9500904083251955,3,100,100
irrelevant_random_2,irrelevant,random,2,1112341,8139256,attack,10,encoder_block_10,2.152509927749634,1,100,100
irrelevant_random_2,irrelevant,random,2,1112341,8139256,attack,11,encoder_block_11,3.558701038360596,2,100,100
irrelevant_random_2,irrelevant,random,2,1112341,8139256,attack,12,encoder_block_12,6.377824783325195,1,100,100
irrelevant_random_2,irrelevant,random,2,1113437,4981632,original,0,embedding,0.3180007934570312,80,100,100
irrelevant_random_2,irrelevant,random,2,1113437,4981632,original,1,encoder_block_1,0.4731388092041015,60,100,100
irrelevant_random_2,irrelevant,random,2,1113437,4981632,original,2,encoder_block_2,0.6836404800415039,60,100,100
irrelevant_random_2,irrelevant,random,2,1113437,4981632,original,3,encoder_block_3,0.8600368499755859,55,100,100
irrelevant_random_2,irrelevant,random,2,1113437,4981632,original,4,encoder_block_4,0.9526767730712892,56,100,100
irrelevant_random_2,irrelevant,random,2,1113437,4981632,original,5,encoder_block_5,0.9148330688476562,54,100,100
irrelevant_random_2,irrelevant,random,2,1113437,4981632,original,6,encoder_block_6,1.059793472290039,33,100,100
irrelevant_random_2,irrelevant,random,2,1113437,4981632,original,7,encoder_block_7,1.1850385665893557,21,100,100
irrelevant_random_2,irrelevant,random,2,1113437,4981632,original,8,encoder_block_8,1.2380499839782717,22,100,100
irrelevant_random_2,irrelevant,random,2,1113437,4981632,original,9,encoder_block_9,1.3934805393218994,16,100,100
irrelevant_random_2,irrelevant,random,2,1113437,4981632,original,10,encoder_block_10,1.3988949060440063,10,100,100
irrelevant_random_2,irrelevant,random,2,1113437,4981632,original,11,encoder_block_11,1.1189368963241575,40,100,100
irrelevant_random_2,irrelevant,random,2,1113437,4981632,original,12,encoder_block_12,-1.7963993549346924,37,100,100
irrelevant_random_2,irrelevant,random,2,1113437,4981632,padded_control,0,embedding,0.3180007934570312,80,100,100
irrelevant_random_2,irrelevant,random,2,1113437,4981632,padded_control,1,encoder_block_1,0.4763529300689697,60,100,100
irrelevant_random_2,irrelevant,random,2,1113437,4981632,padded_control,2,encoder_block_2,0.6855595111846924,60,100,100
irrelevant_random_2,irrelevant,random,2,1113437,4981632,padded_control,3,encoder_block_3,0.8646688461303711,55,100,100
irrelevant_random_2,irrelevant,random,2,1113437,4981632,padded_control,4,encoder_block_4,0.9587156772613524,56,100,100
irrelevant_random_2,irrelevant,random,2,1113437,4981632,padded_control,5,encoder_block_5,0.9211113452911376,52,100,100
irrelevant_random_2,irrelevant,random,2,1113437,4981632,padded_control,6,encoder_block_6,1.0615785121917725,33,100,100
irrelevant_random_2,irrelevant,random,2,1113437,4981632,padded_control,7,encoder_block_7,1.185370922088623,21,100,100
irrelevant_random_2,irrelevant,random,2,1113437,4981632,padded_control,8,encoder_block_8,1.2357077598571775,22,100,100
irrelevant_random_2,irrelevant,random,2,1113437,4981632,padded_control,9,encoder_block_9,1.3911993503570557,16,100,100
irrelevant_random_2,irrelevant,random,2,1113437,4981632,padded_control,10,encoder_block_10,1.3982579708099363,10,100,100
irrelevant_random_2,irrelevant,random,2,1113437,4981632,padded_control,11,encoder_block_11,1.120405197143555,40,100,100
irrelevant_random_2,irrelevant,random,2,1113437,4981632,padded_control,12,encoder_block_12,-1.796789050102234,37,100,100
irrelevant_random_2,irrelevant,random,2,1113437,4981632,attack,0,embedding,0.2356810569763183,91,100,100
irrelevant_random_2,irrelevant,random,2,1113437,4981632,attack,1,encoder_block_1,0.3045697212219238,73,100,100
irrelevant_random_2,irrelevant,random,2,1113437,4981632,attack,2,encoder_block_2,0.518496036529541,70,100,100
irrelevant_random_2,irrelevant,random,2,1113437,4981632,attack,3,encoder_block_3,0.7033295631408691,73,100,100
irrelevant_random_2,irrelevant,random,2,1113437,4981632,attack,4,encoder_block_4,0.806293249130249,71,100,100
irrelevant_random_2,irrelevant,random,2,1113437,4981632,attack,5,encoder_block_5,0.7751315832138062,69,100,100
irrelevant_random_2,irrelevant,random,2,1113437,4981632,attack,6,encoder_block_6,0.9417166709899902,51,100,100
irrelevant_random_2,irrelevant,random,2,1113437,4981632,attack,7,encoder_block_7,1.0850229263305664,27,100,100
irrelevant_random_2,irrelevant,random,2,1113437,4981632,attack,8,encoder_block_8,1.149158954620361,27,100,100
irrelevant_random_2,irrelevant,random,2,1113437,4981632,attack,9,encoder_block_9,1.3228614330291748,20,100,100
irrelevant_random_2,irrelevant,random,2,1113437,4981632,attack,10,encoder_block_10,1.3800300359725952,11,100,100
irrelevant_random_2,irrelevant,random,2,1113437,4981632,attack,11,encoder_block_11,1.1366087198257446,39,100,100
irrelevant_random_2,irrelevant,random,2,1113437,4981632,attack,12,encoder_block_12,-1.6639543771743774,37,100,100
irrelevant_random_2,irrelevant,random,2,1114646,8117094,original,0,embedding,1.2560265064239502,5,100,100
irrelevant_random_2,irrelevant,random,2,1114646,8117094,original,1,encoder_block_1,0.8694207668304443,6,100,100
irrelevant_random_2,irrelevant,random,2,1114646,8117094,original,2,encoder_block_2,0.6403050422668457,12,100,100
irrelevant_random_2,irrelevant,random,2,1114646,8117094,original,3,encoder_block_3,0.3328970670700073,26,100,100
irrelevant_random_2,irrelevant,random,2,1114646,8117094,original,4,encoder_block_4,0.2564983367919922,20,100,100
irrelevant_random_2,irrelevant,random,2,1114646,8117094,original,5,encoder_block_5,0.1512191295623779,21,100,100
irrelevant_random_2,irrelevant,random,2,1114646,8117094,original,6,encoder_block_6,0.0469527244567871,15,100,100
irrelevant_random_2,irrelevant,random,2,1114646,8117094,original,7,encoder_block_7,0.1066806316375732,16,100,100
irrelevant_random_2,irrelevant,random,2,1114646,8117094,original,8,encoder_block_8,0.2619236707687378,11,100,100
irrelevant_random_2,irrelevant,random,2,1114646,8117094,original,9,encoder_block_9,0.5010157823562622,4,100,100
irrelevant_random_2,irrelevant,random,2,1114646,8117094,original,10,encoder_block_10,-0.1777694225311279,12,100,100
irrelevant_random_2,irrelevant,random,2,1114646,8117094,original,11,encoder_block_11,-0.4463258981704712,28,100,100
irrelevant_random_2,irrelevant,random,2,1114646,8117094,original,12,encoder_block_12,-2.769918441772461,13,100,100
irrelevant_random_2,irrelevant,random,2,1114646,8117094,padded_control,0,embedding,1.2560265064239502,5,100,100
irrelevant_random_2,irrelevant,random,2,1114646,8117094,padded_control,1,encoder_block_1,0.8677043914794922,6,100,100
irrelevant_random_2,irrelevant,random,2,1114646,8117094,padded_control,2,encoder_block_2,0.6396341323852539,12,100,100
irrelevant_random_2,irrelevant,random,2,1114646,8117094,padded_control,3,encoder_block_3,0.3334465026855469,26,100,100
irrelevant_random_2,irrelevant,random,2,1114646,8117094,padded_control,4,encoder_block_4,0.2593393325805664,19,100,100
irrelevant_random_2,irrelevant,random,2,1114646,8117094,padded_control,5,encoder_block_5,0.1536371707916259,21,100,100
irrelevant_random_2,irrelevant,random,2,1114646,8117094,padded_control,6,encoder_block_6,0.0498418807983398,15,100,100
irrelevant_random_2,irrelevant,random,2,1114646,8117094,padded_control,7,encoder_block_7,0.1059337854385376,16,100,100
irrelevant_random_2,irrelevant,random,2,1114646,8117094,padded_control,8,encoder_block_8,0.2639906406402588,11,100,100
irrelevant_random_2,irrelevant,random,2,1114646,8117094,padded_control,9,encoder_block_9,0.5042496919631958,4,100,100
irrelevant_random_2,irrelevant,random,2,1114646,8117094,padded_control,10,encoder_block_10,-0.1746220588684082,12,100,100
irrelevant_random_2,irrelevant,random,2,1114646,8117094,padded_control,11,encoder_block_11,-0.4377720355987549,28,100,100
irrelevant_random_2,irrelevant,random,2,1114646,8117094,padded_control,12,encoder_block_12,-2.75024950504303,13,100,100
irrelevant_random_2,irrelevant,random,2,1114646,8117094,attack,0,embedding,1.1547918319702148,10,100,100
irrelevant_random_2,irrelevant,random,2,1114646,8117094,attack,1,encoder_block_1,0.6455085277557373,13,100,100
irrelevant_random_2,irrelevant,random,2,1114646,8117094,attack,2,encoder_block_2,0.4430009126663208,22,100,100
irrelevant_random_2,irrelevant,random,2,1114646,8117094,attack,3,encoder_block_3,0.1749625205993652,41,100,100
irrelevant_random_2,irrelevant,random,2,1114646,8117094,attack,4,encoder_block_4,0.109334111213684,41,100,100
irrelevant_random_2,irrelevant,random,2,1114646,8117094,attack,5,encoder_block_5,-0.0006802082061767,39,100,100
irrelevant_random_2,irrelevant,random,2,1114646,8117094,attack,6,encoder_block_6,-0.0629607439041137,28,100,100
irrelevant_random_2,irrelevant,random,2,1114646,8117094,attack,7,encoder_block_7,-0.016214370727539,25,100,100
irrelevant_random_2,irrelevant,random,2,1114646,8117094,attack,8,encoder_block_8,0.1712005138397216,17,100,100
irrelevant_random_2,irrelevant,random,2,1114646,8117094,attack,9,encoder_block_9,0.4391202926635742,10,100,100
irrelevant_random_2,irrelevant,random,2,1114646,8117094,attack,10,encoder_block_10,-0.1931827068328857,14,100,100
irrelevant_random_2,irrelevant,random,2,1114646,8117094,attack,11,encoder_block_11,-0.4284353256225586,28,100,100
irrelevant_random_2,irrelevant,random,2,1114646,8117094,attack,12,encoder_block_12,-2.247987031936645,13,100,100
irrelevant_random_2,irrelevant,random,2,1114819,988373,original,0,embedding,0.9550943374633788,26,100,100
irrelevant_random_2,irrelevant,random,2,1114819,988373,original,1,encoder_block_1,0.733741283416748,43,100,100
irrelevant_random_2,irrelevant,random,2,1114819,988373,original,2,encoder_block_2,0.9232592582702636,39,100,100
irrelevant_random_2,irrelevant,random,2,1114819,988373,original,3,encoder_block_3,0.927321434020996,47,100,100
irrelevant_random_2,irrelevant,random,2,1114819,988373,original,4,encoder_block_4,0.7061219215393066,61,100,100
irrelevant_random_2,irrelevant,random,2,1114819,988373,original,5,encoder_block_5,0.5340163707733154,59,100,100
irrelevant_random_2,irrelevant,random,2,1114819,988373,original,6,encoder_block_6,0.5359745025634766,56,100,100
irrelevant_random_2,irrelevant,random,2,1114819,988373,original,7,encoder_block_7,0.590491771697998,37,100,100
irrelevant_random_2,irrelevant,random,2,1114819,988373,original,8,encoder_block_8,0.7944145202636719,34,100,100
irrelevant_random_2,irrelevant,random,2,1114819,988373,original,9,encoder_block_9,0.9916424751281738,31,100,100
irrelevant_random_2,irrelevant,random,2,1114819,988373,original,10,encoder_block_10,0.9822494983673096,19,100,100
irrelevant_random_2,irrelevant,random,2,1114819,988373,original,11,encoder_block_11,2.536710262298584,13,100,100
irrelevant_random_2,irrelevant,random,2,1114819,988373,original,12,encoder_block_12,4.898218154907227,8,100,100
irrelevant_random_2,irrelevant,random,2,1114819,988373,padded_control,0,embedding,0.9550943374633788,26,100,100
irrelevant_random_2,irrelevant,random,2,1114819,988373,padded_control,1,encoder_block_1,0.7314634323120117,43,100,100
irrelevant_random_2,irrelevant,random,2,1114819,988373,padded_control,2,encoder_block_2,0.9241456985473632,39,100,100
irrelevant_random_2,irrelevant,random,2,1114819,988373,padded_control,3,encoder_block_3,0.9226126670837402,48,100,100
irrelevant_random_2,irrelevant,random,2,1114819,988373,padded_control,4,encoder_block_4,0.7027037143707275,62,100,100
irrelevant_random_2,irrelevant,random,2,1114819,988373,padded_control,5,encoder_block_5,0.5335659980773926,59,100,100
irrelevant_random_2,irrelevant,random,2,1114819,988373,padded_control,6,encoder_block_6,0.5406413078308105,55,100,100
irrelevant_random_2,irrelevant,random,2,1114819,988373,padded_control,7,encoder_block_7,0.6084699630737305,33,100,100
irrelevant_random_2,irrelevant,random,2,1114819,988373,padded_control,8,encoder_block_8,0.8093979358673096,34,100,100
irrelevant_random_2,irrelevant,random,2,1114819,988373,padded_control,9,encoder_block_9,1.0212798118591309,31,100,100
irrelevant_random_2,irrelevant,random,2,1114819,988373,padded_control,10,encoder_block_10,1.022712230682373,19,100,100
irrelevant_random_2,irrelevant,random,2,1114819,988373,padded_control,11,encoder_block_11,2.553147315979004,12,100,100
irrelevant_random_2,irrelevant,random,2,1114819,988373,padded_control,12,encoder_block_12,4.898001670837402,8,100,100
irrelevant_random_2,irrelevant,random,2,1114819,988373,attack,0,embedding,0.7048039436340332,53,100,100
irrelevant_random_2,irrelevant,random,2,1114819,988373,attack,1,encoder_block_1,0.4031076431274414,76,100,100
irrelevant_random_2,irrelevant,random,2,1114819,988373,attack,2,encoder_block_2,0.460125207901001,84,100,100
irrelevant_random_2,irrelevant,random,2,1114819,988373,attack,3,encoder_block_3,0.5947685241699219,82,100,100
irrelevant_random_2,irrelevant,random,2,1114819,988373,attack,4,encoder_block_4,0.3831300735473633,92,100,100
irrelevant_random_2,irrelevant,random,2,1114819,988373,attack,5,encoder_block_5,0.27504563331604,94,100,100
irrelevant_random_2,irrelevant,random,2,1114819,988373,attack,6,encoder_block_6,0.3094408512115478,90,100,100
irrelevant_random_2,irrelevant,random,2,1114819,988373,attack,7,encoder_block_7,0.3783669471740722,73,100,100
irrelevant_random_2,irrelevant,random,2,1114819,988373,attack,8,encoder_block_8,0.551398754119873,70,100,100
irrelevant_random_2,irrelevant,random,2,1114819,988373,attack,9,encoder_block_9,0.7743151187896729,58,100,100
irrelevant_random_2,irrelevant,random,2,1114819,988373,attack,10,encoder_block_10,0.8225197792053223,30,100,100
irrelevant_random_2,irrelevant,random,2,1114819,988373,attack,11,encoder_block_11,2.0634636878967285,24,100,100
irrelevant_random_2,irrelevant,random,2,1114819,988373,attack,12,encoder_block_12,4.344405174255371,13,100,100
irrelevant_random_2,irrelevant,random,2,1115776,8106324,original,0,embedding,0.7555432319641113,25,100,100
irrelevant_random_2,irrelevant,random,2,1115776,8106324,original,1,encoder_block_1,0.3835937976837158,26,100,100
irrelevant_random_2,irrelevant,random,2,1115776,8106324,original,2,encoder_block_2,0.3556666374206543,35,100,100
irrelevant_random_2,irrelevant,random,2,1115776,8106324,original,3,encoder_block_3,0.2799062728881836,55,100,100
irrelevant_random_2,irrelevant,random,2,1115776,8106324,original,4,encoder_block_4,0.0670588016510009,64,100,100
irrelevant_random_2,irrelevant,random,2,1115776,8106324,original,5,encoder_block_5,-0.0114327669143676,62,100,100
irrelevant_random_2,irrelevant,random,2,1115776,8106324,original,6,encoder_block_6,-0.165021002292633,68,100,100
irrelevant_random_2,irrelevant,random,2,1115776,8106324,original,7,encoder_block_7,-0.1488943099975586,69,100,100
irrelevant_random_2,irrelevant,random,2,1115776,8106324,original,8,encoder_block_8,-0.1795504093170166,68,100,100
irrelevant_random_2,irrelevant,random,2,1115776,8106324,original,9,encoder_block_9,-0.1732739210128784,76,100,100
irrelevant_random_2,irrelevant,random,2,1115776,8106324,original,10,encoder_block_10,-0.2939333915710449,24,100,100
irrelevant_random_2,irrelevant,random,2,1115776,8106324,original,11,encoder_block_11,0.9586806297302246,6,100,100
irrelevant_random_2,irrelevant,random,2,1115776,8106324,original,12,encoder_block_12,1.8031470775604248,6,100,100
irrelevant_random_2,irrelevant,random,2,1115776,8106324,padded_control,0,embedding,0.7555437088012695,25,100,100
irrelevant_random_2,irrelevant,random,2,1115776,8106324,padded_control,1,encoder_block_1,0.388235330581665,26,100,100
irrelevant_random_2,irrelevant,random,2,1115776,8106324,padded_control,2,encoder_block_2,0.3463478088378906,37,100,100
irrelevant_random_2,irrelevant,random,2,1115776,8106324,padded_control,3,encoder_block_3,0.2578094005584717,58,100,100
irrelevant_random_2,irrelevant,random,2,1115776,8106324,padded_control,4,encoder_block_4,0.0458928346633911,66,100,100
irrelevant_random_2,irrelevant,random,2,1115776,8106324,padded_control,5,encoder_block_5,-0.0525896549224853,62,100,100
irrelevant_random_2,irrelevant,random,2,1115776,8106324,padded_control,6,encoder_block_6,-0.1958892345428466,69,100,100
irrelevant_random_2,irrelevant,random,2,1115776,8106324,padded_control,7,encoder_block_7,-0.1727226972579956,72,100,100
irrelevant_random_2,irrelevant,random,2,1115776,8106324,padded_control,8,encoder_block_8,-0.2176812887191772,72,100,100
irrelevant_random_2,irrelevant,random,2,1115776,8106324,padded_control,9,encoder_block_9,-0.1810303926467895,76,100,100
irrelevant_random_2,irrelevant,random,2,1115776,8106324,padded_control,10,encoder_block_10,-0.2957851886749267,25,100,100
irrelevant_random_2,irrelevant,random,2,1115776,8106324,padded_control,11,encoder_block_11,0.97112774848938,6,100,100
irrelevant_random_2,irrelevant,random,2,1115776,8106324,padded_control,12,encoder_block_12,1.8658018112182615,6,100,100
irrelevant_random_2,irrelevant,random,2,1115776,8106324,attack,0,embedding,0.4879302978515625,45,100,100
irrelevant_random_2,irrelevant,random,2,1115776,8106324,attack,1,encoder_block_1,-0.0570683479309082,65,100,100
irrelevant_random_2,irrelevant,random,2,1115776,8106324,attack,2,encoder_block_2,-0.1554188728332519,73,100,100
irrelevant_random_2,irrelevant,random,2,1115776,8106324,attack,3,encoder_block_3,-0.1848504543304443,83,100,100
irrelevant_random_2,irrelevant,random,2,1115776,8106324,attack,4,encoder_block_4,-0.3264325857162475,90,100,100
irrelevant_random_2,irrelevant,random,2,1115776,8106324,attack,5,encoder_block_5,-0.4069548845291137,87,100,100
irrelevant_random_2,irrelevant,random,2,1115776,8106324,attack,6,encoder_block_6,-0.5826220512390137,98,100,100
irrelevant_random_2,irrelevant,random,2,1115776,8106324,attack,7,encoder_block_7,-0.5328863263130188,97,100,100
irrelevant_random_2,irrelevant,random,2,1115776,8106324,attack,8,encoder_block_8,-0.4568296670913696,92,100,100
irrelevant_random_2,irrelevant,random,2,1115776,8106324,attack,9,encoder_block_9,-0.3674398064613342,92,100,100
irrelevant_random_2,irrelevant,random,2,1115776,8106324,attack,10,encoder_block_10,-0.34450364112854,29,100,100
irrelevant_random_2,irrelevant,random,2,1115776,8106324,attack,11,encoder_block_11,0.8971128463745117,7,100,100
irrelevant_random_2,irrelevant,random,2,1115776,8106324,attack,12,encoder_block_12,1.6809258460998535,6,100,100
irrelevant_random_2,irrelevant,random,2,1117099,1798612,original,0,embedding,0.2263922691345214,63,100,100
irrelevant_random_2,irrelevant,random,2,1117099,1798612,original,1,encoder_block_1,0.0932955741882324,54,100,100
irrelevant_random_2,irrelevant,random,2,1117099,1798612,original,2,encoder_block_2,0.0653400421142578,56,100,100
irrelevant_random_2,irrelevant,random,2,1117099,1798612,original,3,encoder_block_3,0.0489606857299804,54,100,100
irrelevant_random_2,irrelevant,random,2,1117099,1798612,original,4,encoder_block_4,0.231724739074707,39,100,100
irrelevant_random_2,irrelevant,random,2,1117099,1798612,original,5,encoder_block_5,0.2877826690673828,30,100,100
irrelevant_random_2,irrelevant,random,2,1117099,1798612,original,6,encoder_block_6,0.3752243518829345,25,100,100
irrelevant_random_2,irrelevant,random,2,1117099,1798612,original,7,encoder_block_7,0.3444764614105224,26,100,100
irrelevant_random_2,irrelevant,random,2,1117099,1798612,original,8,encoder_block_8,0.3190245628356933,39,100,100
irrelevant_random_2,irrelevant,random,2,1117099,1798612,original,9,encoder_block_9,0.4999532699584961,32,100,100
irrelevant_random_2,irrelevant,random,2,1117099,1798612,original,10,encoder_block_10,0.7663369178771973,18,100,100
irrelevant_random_2,irrelevant,random,2,1117099,1798612,original,11,encoder_block_11,1.7876355648040771,16,100,100
irrelevant_random_2,irrelevant,random,2,1117099,1798612,original,12,encoder_block_12,3.184497833251953,18,100,100
irrelevant_random_2,irrelevant,random,2,1117099,1798612,padded_control,0,embedding,0.2263917922973632,63,100,100
irrelevant_random_2,irrelevant,random,2,1117099,1798612,padded_control,1,encoder_block_1,0.0945367813110351,54,100,100
irrelevant_random_2,irrelevant,random,2,1117099,1798612,padded_control,2,encoder_block_2,0.0660047531127929,56,100,100
irrelevant_random_2,irrelevant,random,2,1117099,1798612,padded_control,3,encoder_block_3,0.0495996475219726,54,100,100
irrelevant_random_2,irrelevant,random,2,1117099,1798612,padded_control,4,encoder_block_4,0.2307281494140625,39,100,100
irrelevant_random_2,irrelevant,random,2,1117099,1798612,padded_control,5,encoder_block_5,0.2857007980346679,31,100,100
irrelevant_random_2,irrelevant,random,2,1117099,1798612,padded_control,6,encoder_block_6,0.3732473850250244,25,100,100
irrelevant_random_2,irrelevant,random,2,1117099,1798612,padded_control,7,encoder_block_7,0.3416411876678467,26,100,100
irrelevant_random_2,irrelevant,random,2,1117099,1798612,padded_control,8,encoder_block_8,0.3165268898010254,40,100,100
irrelevant_random_2,irrelevant,random,2,1117099,1798612,padded_control,9,encoder_block_9,0.4930458068847656,33,100,100
irrelevant_random_2,irrelevant,random,2,1117099,1798612,padded_control,10,encoder_block_10,0.775477409362793,18,100,100
irrelevant_random_2,irrelevant,random,2,1117099,1798612,padded_control,11,encoder_block_11,1.809821605682373,16,100,100
irrelevant_random_2,irrelevant,random,2,1117099,1798612,padded_control,12,encoder_block_12,3.2277097702026367,17,100,100
irrelevant_random_2,irrelevant,random,2,1117099,1798612,attack,0,embedding,0.1387062072753906,71,100,100
irrelevant_random_2,irrelevant,random,2,1117099,1798612,attack,1,encoder_block_1,-0.093332290649414,71,100,100
irrelevant_random_2,irrelevant,random,2,1117099,1798612,attack,2,encoder_block_2,-0.1995148658752441,78,100,100
irrelevant_random_2,irrelevant,random,2,1117099,1798612,attack,3,encoder_block_3,-0.1987223625183105,73,100,100
irrelevant_random_2,irrelevant,random,2,1117099,1798612,attack,4,encoder_block_4,0.0140771865844726,56,100,100
irrelevant_random_2,irrelevant,random,2,1117099,1798612,attack,5,encoder_block_5,0.0798091888427734,48,100,100
irrelevant_random_2,irrelevant,random,2,1117099,1798612,attack,6,encoder_block_6,0.2142133712768554,39,100,100
irrelevant_random_2,irrelevant,random,2,1117099,1798612,attack,7,encoder_block_7,0.1674554347991943,42,100,100
irrelevant_random_2,irrelevant,random,2,1117099,1798612,attack,8,encoder_block_8,0.1729359626770019,48,100,100
irrelevant_random_2,irrelevant,random,2,1117099,1798612,attack,9,encoder_block_9,0.3609213829040527,39,100,100
irrelevant_random_2,irrelevant,random,2,1117099,1798612,attack,10,encoder_block_10,0.6715102195739746,22,100,100
irrelevant_random_2,irrelevant,random,2,1117099,1798612,attack,11,encoder_block_11,1.7754993438720703,16,100,100
irrelevant_random_2,irrelevant,random,2,1117099,1798612,attack,12,encoder_block_12,3.3361246585845947,16,100,100
irrelevant_random_2,irrelevant,random,2,1121402,5189913,original,0,embedding,0.4808263778686523,72,100,100
irrelevant_random_2,irrelevant,random,2,1121402,5189913,original,1,encoder_block_1,0.1401429176330566,73,100,100
irrelevant_random_2,irrelevant,random,2,1121402,5189913,original,2,encoder_block_2,0.2945353984832763,69,100,100
irrelevant_random_2,irrelevant,random,2,1121402,5189913,original,3,encoder_block_3,0.3883287906646728,63,100,100
irrelevant_random_2,irrelevant,random,2,1121402,5189913,original,4,encoder_block_4,0.4736652374267578,54,100,100
irrelevant_random_2,irrelevant,random,2,1121402,5189913,original,5,encoder_block_5,0.3962187767028808,59,100,100
irrelevant_random_2,irrelevant,random,2,1121402,5189913,original,6,encoder_block_6,0.5477299690246582,39,100,100
irrelevant_random_2,irrelevant,random,2,1121402,5189913,original,7,encoder_block_7,0.5375113487243652,40,100,100
irrelevant_random_2,irrelevant,random,2,1121402,5189913,original,8,encoder_block_8,0.762603759765625,33,100,100
irrelevant_random_2,irrelevant,random,2,1121402,5189913,original,9,encoder_block_9,0.7920761108398438,21,100,100
irrelevant_random_2,irrelevant,random,2,1121402,5189913,original,10,encoder_block_10,1.0483002662658691,6,100,100
irrelevant_random_2,irrelevant,random,2,1121402,5189913,original,11,encoder_block_11,2.6554441452026367,7,100,100
irrelevant_random_2,irrelevant,random,2,1121402,5189913,original,12,encoder_block_12,5.802740097045898,5,100,100
irrelevant_random_2,irrelevant,random,2,1121402,5189913,padded_control,0,embedding,0.4808263778686523,72,100,100
irrelevant_random_2,irrelevant,random,2,1121402,5189913,padded_control,1,encoder_block_1,0.1375727653503418,75,100,100
irrelevant_random_2,irrelevant,random,2,1121402,5189913,padded_control,2,encoder_block_2,0.2883317470550537,69,100,100
irrelevant_random_2,irrelevant,random,2,1121402,5189913,padded_control,3,encoder_block_3,0.3838124275207519,66,100,100
irrelevant_random_2,irrelevant,random,2,1121402,5189913,padded_control,4,encoder_block_4,0.4684653282165527,56,100,100
irrelevant_random_2,irrelevant,random,2,1121402,5189913,padded_control,5,encoder_block_5,0.3933193683624267,59,100,100
irrelevant_random_2,irrelevant,random,2,1121402,5189913,padded_control,6,encoder_block_6,0.5470230579376221,39,100,100
irrelevant_random_2,irrelevant,random,2,1121402,5189913,padded_control,7,encoder_block_7,0.5377688407897949,40,100,100
irrelevant_random_2,irrelevant,random,2,1121402,5189913,padded_control,8,encoder_block_8,0.7693519592285156,33,100,100
irrelevant_random_2,irrelevant,random,2,1121402,5189913,padded_control,9,encoder_block_9,0.7945437431335449,21,100,100
irrelevant_random_2,irrelevant,random,2,1121402,5189913,padded_control,10,encoder_block_10,1.0412468910217283,6,100,100
irrelevant_random_2,irrelevant,random,2,1121402,5189913,padded_control,11,encoder_block_11,2.646249771118164,7,100,100
irrelevant_random_2,irrelevant,random,2,1121402,5189913,padded_control,12,encoder_block_12,5.806601524353027,5,100,100
irrelevant_random_2,irrelevant,random,2,1121402,5189913,attack,0,embedding,0.339517593383789,82,100,100
irrelevant_random_2,irrelevant,random,2,1121402,5189913,attack,1,encoder_block_1,-0.0972485542297363,87,100,100
irrelevant_random_2,irrelevant,random,2,1121402,5189913,attack,2,encoder_block_2,-0.0026915073394775,90,100,100
irrelevant_random_2,irrelevant,random,2,1121402,5189913,attack,3,encoder_block_3,0.1362097263336181,85,100,100
irrelevant_random_2,irrelevant,random,2,1121402,5189913,attack,4,encoder_block_4,0.2344748973846435,80,100,100
irrelevant_random_2,irrelevant,random,2,1121402,5189913,attack,5,encoder_block_5,0.2012546062469482,82,100,100
irrelevant_random_2,irrelevant,random,2,1121402,5189913,attack,6,encoder_block_6,0.3395521640777588,65,100,100
irrelevant_random_2,irrelevant,random,2,1121402,5189913,attack,7,encoder_block_7,0.3090968132019043,53,100,100
irrelevant_random_2,irrelevant,random,2,1121402,5189913,attack,8,encoder_block_8,0.5428919792175293,44,100,100
irrelevant_random_2,irrelevant,random,2,1121402,5189913,attack,9,encoder_block_9,0.6340835094451904,34,100,100
irrelevant_random_2,irrelevant,random,2,1121402,5189913,attack,10,encoder_block_10,0.985332489013672,6,100,100
irrelevant_random_2,irrelevant,random,2,1121402,5189913,attack,11,encoder_block_11,2.666567802429199,7,100,100
irrelevant_random_2,irrelevant,random,2,1121402,5189913,attack,12,encoder_block_12,5.772495269775391,5,100,100
irrelevant_random_2,irrelevant,random,2,1121709,1389460,original,0,embedding,0.2769992351531982,79,100,100
irrelevant_random_2,irrelevant,random,2,1121709,1389460,original,1,encoder_block_1,0.4726133346557617,32,100,100
irrelevant_random_2,irrelevant,random,2,1121709,1389460,original,2,encoder_block_2,0.9142446517944336,25,100,100
irrelevant_random_2,irrelevant,random,2,1121709,1389460,original,3,encoder_block_3,1.0248775482177734,15,100,100
irrelevant_random_2,irrelevant,random,2,1121709,1389460,original,4,encoder_block_4,1.09043550491333,21,100,100
irrelevant_random_2,irrelevant,random,2,1121709,1389460,original,5,encoder_block_5,0.8579416275024414,34,100,100
irrelevant_random_2,irrelevant,random,2,1121709,1389460,original,6,encoder_block_6,0.916600465774536,28,100,100
irrelevant_random_2,irrelevant,random,2,1121709,1389460,original,7,encoder_block_7,0.7718093395233154,50,100,100
irrelevant_random_2,irrelevant,random,2,1121709,1389460,original,8,encoder_block_8,0.7808523178100586,49,100,100
irrelevant_random_2,irrelevant,random,2,1121709,1389460,original,9,encoder_block_9,0.9260425567626952,41,100,100
irrelevant_random_2,irrelevant,random,2,1121709,1389460,original,10,encoder_block_10,0.127556562423706,41,100,100
irrelevant_random_2,irrelevant,random,2,1121709,1389460,original,11,encoder_block_11,-2.043547242879868,44,100,100
irrelevant_random_2,irrelevant,random,2,1121709,1389460,original,12,encoder_block_12,-11.49356174468994,22,100,100
irrelevant_random_2,irrelevant,random,2,1121709,1389460,padded_control,0,embedding,0.2769994735717773,79,100,100
irrelevant_random_2,irrelevant,random,2,1121709,1389460,padded_control,1,encoder_block_1,0.477971076965332,32,100,100
irrelevant_random_2,irrelevant,random,2,1121709,1389460,padded_control,2,encoder_block_2,0.9180464744567872,23,100,100
irrelevant_random_2,irrelevant,random,2,1121709,1389460,padded_control,3,encoder_block_3,1.025963306427002,15,100,100
irrelevant_random_2,irrelevant,random,2,1121709,1389460,padded_control,4,encoder_block_4,1.087785243988037,21,100,100
irrelevant_random_2,irrelevant,random,2,1121709,1389460,padded_control,5,encoder_block_5,0.8564770221710205,34,100,100
irrelevant_random_2,irrelevant,random,2,1121709,1389460,padded_control,6,encoder_block_6,0.9113222360610962,29,100,100
irrelevant_random_2,irrelevant,random,2,1121709,1389460,padded_control,7,encoder_block_7,0.7708516120910645,50,100,100
irrelevant_random_2,irrelevant,random,2,1121709,1389460,padded_control,8,encoder_block_8,0.7831881046295166,49,100,100
irrelevant_random_2,irrelevant,random,2,1121709,1389460,padded_control,9,encoder_block_9,0.9266535043716432,41,100,100
irrelevant_random_2,irrelevant,random,2,1121709,1389460,padded_control,10,encoder_block_10,0.1124126315116882,43,100,100
irrelevant_random_2,irrelevant,random,2,1121709,1389460,padded_control,11,encoder_block_11,-2.108046650886536,46,100,100
irrelevant_random_2,irrelevant,random,2,1121709,1389460,padded_control,12,encoder_block_12,-11.635080337524414,23,100,100
irrelevant_random_2,irrelevant,random,2,1121709,1389460,attack,0,embedding,0.2138822078704834,83,100,100
irrelevant_random_2,irrelevant,random,2,1121709,1389460,attack,1,encoder_block_1,0.3383588790893554,43,100,100
irrelevant_random_2,irrelevant,random,2,1121709,1389460,attack,2,encoder_block_2,0.699554443359375,43,100,100
irrelevant_random_2,irrelevant,random,2,1121709,1389460,attack,3,encoder_block_3,0.7914819717407227,28,100,100
irrelevant_random_2,irrelevant,random,2,1121709,1389460,attack,4,encoder_block_4,0.8256959915161133,44,100,100
irrelevant_random_2,irrelevant,random,2,1121709,1389460,attack,5,encoder_block_5,0.6645534038543701,55,100,100
irrelevant_random_2,irrelevant,random,2,1121709,1389460,attack,6,encoder_block_6,0.7613773345947266,45,100,100
irrelevant_random_2,irrelevant,random,2,1121709,1389460,attack,7,encoder_block_7,0.6415300369262695,60,100,100
irrelevant_random_2,irrelevant,random,2,1121709,1389460,attack,8,encoder_block_8,0.6831686496734619,56,100,100
irrelevant_random_2,irrelevant,random,2,1121709,1389460,attack,9,encoder_block_9,0.8359847068786621,49,100,100
irrelevant_random_2,irrelevant,random,2,1121709,1389460,attack,10,encoder_block_10,0.0979519784450531,44,100,100
irrelevant_random_2,irrelevant,random,2,1121709,1389460,attack,11,encoder_block_11,-2.1070254743099213,46,100,100
irrelevant_random_2,irrelevant,random,2,1121709,1389460,attack,12,encoder_block_12,-11.455865859985352,21,100,100
irrelevant_random_2,irrelevant,random,2,1124210,2258597,original,0,embedding,0.5800065994262695,33,100,100
irrelevant_random_2,irrelevant,random,2,1124210,2258597,original,1,encoder_block_1,-0.1089506149291992,87,100,100
irrelevant_random_2,irrelevant,random,2,1124210,2258597,original,2,encoder_block_2,0.0147089958190917,81,100,100
irrelevant_random_2,irrelevant,random,2,1124210,2258597,original,3,encoder_block_3,0.372748851776123,61,100,100
irrelevant_random_2,irrelevant,random,2,1124210,2258597,original,4,encoder_block_4,0.6658177375793457,35,100,100
irrelevant_random_2,irrelevant,random,2,1124210,2258597,original,5,encoder_block_5,0.5856533050537109,25,100,100
irrelevant_random_2,irrelevant,random,2,1124210,2258597,original,6,encoder_block_6,0.5945525169372559,23,100,100
irrelevant_random_2,irrelevant,random,2,1124210,2258597,original,7,encoder_block_7,0.8320813179016113,15,100,100
irrelevant_random_2,irrelevant,random,2,1124210,2258597,original,8,encoder_block_8,0.935511589050293,8,100,100
irrelevant_random_2,irrelevant,random,2,1124210,2258597,original,9,encoder_block_9,1.0379290580749512,6,100,100
irrelevant_random_2,irrelevant,random,2,1124210,2258597,original,10,encoder_block_10,1.0187492370605469,5,100,100
irrelevant_random_2,irrelevant,random,2,1124210,2258597,original,11,encoder_block_11,1.260847568511963,3,100,100
irrelevant_random_2,irrelevant,random,2,1124210,2258597,original,12,encoder_block_12,0.2487647235393524,10,100,100
irrelevant_random_2,irrelevant,random,2,1124210,2258597,padded_control,0,embedding,0.5800070762634277,33,100,100
irrelevant_random_2,irrelevant,random,2,1124210,2258597,padded_control,1,encoder_block_1,-0.1088781356811523,87,100,100
irrelevant_random_2,irrelevant,random,2,1124210,2258597,padded_control,2,encoder_block_2,0.0132741928100585,81,100,100
irrelevant_random_2,irrelevant,random,2,1124210,2258597,padded_control,3,encoder_block_3,0.3688850402832031,61,100,100
irrelevant_random_2,irrelevant,random,2,1124210,2258597,padded_control,4,encoder_block_4,0.6598410606384277,35,100,100
irrelevant_random_2,irrelevant,random,2,1124210,2258597,padded_control,5,encoder_block_5,0.5813641548156738,26,100,100
irrelevant_random_2,irrelevant,random,2,1124210,2258597,padded_control,6,encoder_block_6,0.588259220123291,23,100,100
irrelevant_random_2,irrelevant,random,2,1124210,2258597,padded_control,7,encoder_block_7,0.8308477401733398,15,100,100
irrelevant_random_2,irrelevant,random,2,1124210,2258597,padded_control,8,encoder_block_8,0.9325494766235352,8,100,100
irrelevant_random_2,irrelevant,random,2,1124210,2258597,padded_control,9,encoder_block_9,1.028022050857544,6,100,100
irrelevant_random_2,irrelevant,random,2,1124210,2258597,padded_control,10,encoder_block_10,1.0106425285339355,5,100,100
irrelevant_random_2,irrelevant,random,2,1124210,2258597,padded_control,11,encoder_block_11,1.2503347396850586,3,100,100
irrelevant_random_2,irrelevant,random,2,1124210,2258597,padded_control,12,encoder_block_12,0.2234693765640258,10,100,100
irrelevant_random_2,irrelevant,random,2,1124210,2258597,attack,0,embedding,0.4929342269897461,46,100,100
irrelevant_random_2,irrelevant,random,2,1124210,2258597,attack,1,encoder_block_1,-0.2480411529541015,90,100,100
irrelevant_random_2,irrelevant,random,2,1124210,2258597,attack,2,encoder_block_2,-0.1834230422973632,91,100,100
irrelevant_random_2,irrelevant,random,2,1124210,2258597,attack,3,encoder_block_3,0.1368451118469238,79,100,100
irrelevant_random_2,irrelevant,random,2,1124210,2258597,attack,4,encoder_block_4,0.461139440536499,60,100,100
irrelevant_random_2,irrelevant,random,2,1124210,2258597,attack,5,encoder_block_5,0.3555257320404053,52,100,100
irrelevant_random_2,irrelevant,random,2,1124210,2258597,attack,6,encoder_block_6,0.3986597061157226,46,100,100
irrelevant_random_2,irrelevant,random,2,1124210,2258597,attack,7,encoder_block_7,0.6273212432861328,29,100,100
irrelevant_random_2,irrelevant,random,2,1124210,2258597,attack,8,encoder_block_8,0.7860851287841797,14,100,100
irrelevant_random_2,irrelevant,random,2,1124210,2258597,attack,9,encoder_block_9,0.9455280303955078,8,100,100
irrelevant_random_2,irrelevant,random,2,1124210,2258597,attack,10,encoder_block_10,0.9591617584228516,5,100,100
irrelevant_random_2,irrelevant,random,2,1124210,2258597,attack,11,encoder_block_11,1.2403101921081543,3,100,100
irrelevant_random_2,irrelevant,random,2,1124210,2258597,attack,12,encoder_block_12,0.3694314658641815,9,100,100
irrelevant_random_2,irrelevant,random,2,1129237,2697752,original,0,embedding,-0.2152695655822754,51,100,100
irrelevant_random_2,irrelevant,random,2,1129237,2697752,original,1,encoder_block_1,-0.829967737197876,90,100,100
irrelevant_random_2,irrelevant,random,2,1129237,2697752,original,2,encoder_block_2,-0.3859496116638183,79,100,100
irrelevant_random_2,irrelevant,random,2,1129237,2697752,original,3,encoder_block_3,-0.3067121505737304,77,100,100
irrelevant_random_2,irrelevant,random,2,1129237,2697752,original,4,encoder_block_4,-0.1617064476013183,71,100,100
irrelevant_random_2,irrelevant,random,2,1129237,2697752,original,5,encoder_block_5,-0.2752385139465332,64,100,100
irrelevant_random_2,irrelevant,random,2,1129237,2697752,original,6,encoder_block_6,-0.3856024742126465,72,100,100
irrelevant_random_2,irrelevant,random,2,1129237,2697752,original,7,encoder_block_7,-0.1996879577636718,51,100,100
irrelevant_random_2,irrelevant,random,2,1129237,2697752,original,8,encoder_block_8,0.0123867988586425,30,100,100
irrelevant_random_2,irrelevant,random,2,1129237,2697752,original,9,encoder_block_9,0.3729109764099121,9,100,100
irrelevant_random_2,irrelevant,random,2,1129237,2697752,original,10,encoder_block_10,0.8976078033447266,3,100,100
irrelevant_random_2,irrelevant,random,2,1129237,2697752,original,11,encoder_block_11,2.6303515434265137,2,100,100
irrelevant_random_2,irrelevant,random,2,1129237,2697752,original,12,encoder_block_12,4.295194149017334,2,100,100
irrelevant_random_2,irrelevant,random,2,1129237,2697752,padded_control,0,embedding,-0.2152700424194336,51,100,100
irrelevant_random_2,irrelevant,random,2,1129237,2697752,padded_control,1,encoder_block_1,-0.827822208404541,90,100,100
irrelevant_random_2,irrelevant,random,2,1129237,2697752,padded_control,2,encoder_block_2,-0.3865971565246582,79,100,100
irrelevant_random_2,irrelevant,random,2,1129237,2697752,padded_control,3,encoder_block_3,-0.3111257553100586,78,100,100
irrelevant_random_2,irrelevant,random,2,1129237,2697752,padded_control,4,encoder_block_4,-0.1614332199096679,71,100,100
irrelevant_random_2,irrelevant,random,2,1129237,2697752,padded_control,5,encoder_block_5,-0.2716569900512695,64,100,100
irrelevant_random_2,irrelevant,random,2,1129237,2697752,padded_control,6,encoder_block_6,-0.3815741539001465,71,100,100
irrelevant_random_2,irrelevant,random,2,1129237,2697752,padded_control,7,encoder_block_7,-0.1954970359802246,51,100,100
irrelevant_random_2,irrelevant,random,2,1129237,2697752,padded_control,8,encoder_block_8,0.0113935470581054,30,100,100
irrelevant_random_2,irrelevant,random,2,1129237,2697752,padded_control,9,encoder_block_9,0.3705768585205078,9,100,100
irrelevant_random_2,irrelevant,random,2,1129237,2697752,padded_control,10,encoder_block_10,0.9021198749542236,3,100,100
irrelevant_random_2,irrelevant,random,2,1129237,2697752,padded_control,11,encoder_block_11,2.641517400741577,2,100,100
irrelevant_random_2,irrelevant,random,2,1129237,2697752,padded_control,12,encoder_block_12,4.2919745445251465,2,100,100
irrelevant_random_2,irrelevant,random,2,1129237,2697752,attack,0,embedding,-0.2529516220092773,53,100,100
irrelevant_random_2,irrelevant,random,2,1129237,2697752,attack,1,encoder_block_1,-0.971923828125,92,100,100
irrelevant_random_2,irrelevant,random,2,1129237,2697752,attack,2,encoder_block_2,-0.5917139053344727,90,100,100
irrelevant_random_2,irrelevant,random,2,1129237,2697752,attack,3,encoder_block_3,-0.4759790897369385,87,100,100
irrelevant_random_2,irrelevant,random,2,1129237,2697752,attack,4,encoder_block_4,-0.3442869186401367,80,100,100
irrelevant_random_2,irrelevant,random,2,1129237,2697752,attack,5,encoder_block_5,-0.4201655387878418,79,100,100
irrelevant_random_2,irrelevant,random,2,1129237,2697752,attack,6,encoder_block_6,-0.5002467632293701,79,100,100
irrelevant_random_2,irrelevant,random,2,1129237,2697752,attack,7,encoder_block_7,-0.3023364543914795,57,100,100
irrelevant_random_2,irrelevant,random,2,1129237,2697752,attack,8,encoder_block_8,-0.060413122177124,39,100,100
irrelevant_random_2,irrelevant,random,2,1129237,2697752,attack,9,encoder_block_9,0.2874631881713867,15,100,100
irrelevant_random_2,irrelevant,random,2,1129237,2697752,attack,10,encoder_block_10,0.8874449729919434,3,100,100
irrelevant_random_2,irrelevant,random,2,1129237,2697752,attack,11,encoder_block_11,2.6855363845825195,2,100,100
irrelevant_random_2,irrelevant,random,2,1129237,2697752,attack,12,encoder_block_12,4.442000389099121,2,100,100
irrelevant_random_2,irrelevant,random,2,1133167,5674622,original,0,embedding,-0.3599090576171875,51,100,100
irrelevant_random_2,irrelevant,random,2,1133167,5674622,original,1,encoder_block_1,-0.2238578796386718,37,100,100
irrelevant_random_2,irrelevant,random,2,1133167,5674622,original,2,encoder_block_2,0.0894651412963867,23,100,100
irrelevant_random_2,irrelevant,random,2,1133167,5674622,original,3,encoder_block_3,-0.0596203804016113,27,100,100
irrelevant_random_2,irrelevant,random,2,1133167,5674622,original,4,encoder_block_4,-0.0066719055175781,35,100,100
irrelevant_random_2,irrelevant,random,2,1133167,5674622,original,5,encoder_block_5,0.0064270496368408,24,100,100
irrelevant_random_2,irrelevant,random,2,1133167,5674622,original,6,encoder_block_6,0.0849943161010742,23,100,100
irrelevant_random_2,irrelevant,random,2,1133167,5674622,original,7,encoder_block_7,0.1392304897308349,25,100,100
irrelevant_random_2,irrelevant,random,2,1133167,5674622,original,8,encoder_block_8,0.3150386810302734,17,100,100
irrelevant_random_2,irrelevant,random,2,1133167,5674622,original,9,encoder_block_9,0.3377759456634521,26,100,100
irrelevant_random_2,irrelevant,random,2,1133167,5674622,original,10,encoder_block_10,-0.0226194858551025,41,100,100
irrelevant_random_2,irrelevant,random,2,1133167,5674622,original,11,encoder_block_11,0.8448319435119629,49,100,100
irrelevant_random_2,irrelevant,random,2,1133167,5674622,original,12,encoder_block_12,2.4345003366470337,46,100,100
irrelevant_random_2,irrelevant,random,2,1133167,5674622,padded_control,0,embedding,-0.3599085807800293,51,100,100
irrelevant_random_2,irrelevant,random,2,1133167,5674622,padded_control,1,encoder_block_1,-0.2162966728210449,37,100,100
irrelevant_random_2,irrelevant,random,2,1133167,5674622,padded_control,2,encoder_block_2,0.0945205688476562,23,100,100
irrelevant_random_2,irrelevant,random,2,1133167,5674622,padded_control,3,encoder_block_3,-0.0443911552429199,26,100,100
irrelevant_random_2,irrelevant,random,2,1133167,5674622,padded_control,4,encoder_block_4,0.0106475353240966,33,100,100
irrelevant_random_2,irrelevant,random,2,1133167,5674622,padded_control,5,encoder_block_5,0.0142276287078857,23,100,100
irrelevant_random_2,irrelevant,random,2,1133167,5674622,padded_control,6,encoder_block_6,0.0952112674713134,22,100,100
irrelevant_random_2,irrelevant,random,2,1133167,5674622,padded_control,7,encoder_block_7,0.1477739810943603,24,100,100
irrelevant_random_2,irrelevant,random,2,1133167,5674622,padded_control,8,encoder_block_8,0.3197078704833984,17,100,100
irrelevant_random_2,irrelevant,random,2,1133167,5674622,padded_control,9,encoder_block_9,0.3372840881347656,26,100,100
irrelevant_random_2,irrelevant,random,2,1133167,5674622,padded_control,10,encoder_block_10,-0.024259328842163,41,100,100
irrelevant_random_2,irrelevant,random,2,1133167,5674622,padded_control,11,encoder_block_11,0.8695111274719238,49,100,100
irrelevant_random_2,irrelevant,random,2,1133167,5674622,padded_control,12,encoder_block_12,2.5261733531951904,46,100,100
irrelevant_random_2,irrelevant,random,2,1133167,5674622,attack,0,embedding,-0.4126167297363281,59,100,100
irrelevant_random_2,irrelevant,random,2,1133167,5674622,attack,1,encoder_block_1,-0.4093632698059082,63,100,100
irrelevant_random_2,irrelevant,random,2,1133167,5674622,attack,2,encoder_block_2,-0.2098798751831054,53,100,100
irrelevant_random_2,irrelevant,random,2,1133167,5674622,attack,3,encoder_block_3,-0.2748949527740478,53,100,100
irrelevant_random_2,irrelevant,random,2,1133167,5674622,attack,4,encoder_block_4,-0.2320375442504882,68,100,100
irrelevant_random_2,irrelevant,random,2,1133167,5674622,attack,5,encoder_block_5,-0.2157125473022461,49,100,100
irrelevant_random_2,irrelevant,random,2,1133167,5674622,attack,6,encoder_block_6,-0.0836195945739746,41,100,100
irrelevant_random_2,irrelevant,random,2,1133167,5674622,attack,7,encoder_block_7,-0.065234899520874,51,100,100
irrelevant_random_2,irrelevant,random,2,1133167,5674622,attack,8,encoder_block_8,0.1602444648742675,34,100,100
irrelevant_random_2,irrelevant,random,2,1133167,5674622,attack,9,encoder_block_9,0.1788101196289062,40,100,100
irrelevant_random_2,irrelevant,random,2,1133167,5674622,attack,10,encoder_block_10,-0.0898275375366211,42,100,100
irrelevant_random_2,irrelevant,random,2,1133167,5674622,attack,11,encoder_block_11,0.8531384468078613,49,100,100
irrelevant_random_2,irrelevant,random,2,1133167,5674622,attack,12,encoder_block_12,2.3940396308898926,46,100,100
irrelevant_random_2,irrelevant,random,2,130510,1494936,original,0,embedding,0.4145472049713135,47,100,100
irrelevant_random_2,irrelevant,random,2,130510,1494936,original,1,encoder_block_1,-0.0747127532958984,70,100,100
irrelevant_random_2,irrelevant,random,2,130510,1494936,original,2,encoder_block_2,0.2577583789825439,57,100,100
irrelevant_random_2,irrelevant,random,2,130510,1494936,original,3,encoder_block_3,0.0868659019470214,57,100,100
irrelevant_random_2,irrelevant,random,2,130510,1494936,original,4,encoder_block_4,0.0484974384307861,55,100,100
irrelevant_random_2,irrelevant,random,2,130510,1494936,original,5,encoder_block_5,0.0590553283691406,55,100,100
irrelevant_random_2,irrelevant,random,2,130510,1494936,original,6,encoder_block_6,0.061549425125122,50,100,100
irrelevant_random_2,irrelevant,random,2,130510,1494936,original,7,encoder_block_7,0.1757409572601318,44,100,100
irrelevant_random_2,irrelevant,random,2,130510,1494936,original,8,encoder_block_8,0.3329865932464599,35,100,100
irrelevant_random_2,irrelevant,random,2,130510,1494936,original,9,encoder_block_9,0.644644021987915,18,100,100
irrelevant_random_2,irrelevant,random,2,130510,1494936,original,10,encoder_block_10,1.0942609310150146,3,100,100
irrelevant_random_2,irrelevant,random,2,130510,1494936,original,11,encoder_block_11,2.1742987632751465,6,100,100
irrelevant_random_2,irrelevant,random,2,130510,1494936,original,12,encoder_block_12,3.561265468597412,6,100,100
irrelevant_random_2,irrelevant,random,2,130510,1494936,padded_control,0,embedding,0.4145470857620239,47,100,100
irrelevant_random_2,irrelevant,random,2,130510,1494936,padded_control,1,encoder_block_1,-0.0771553516387939,71,100,100
irrelevant_random_2,irrelevant,random,2,130510,1494936,padded_control,2,encoder_block_2,0.2549836635589599,57,100,100
irrelevant_random_2,irrelevant,random,2,130510,1494936,padded_control,3,encoder_block_3,0.0918281078338623,57,100,100
irrelevant_random_2,irrelevant,random,2,130510,1494936,padded_control,4,encoder_block_4,0.0474998950958251,55,100,100
irrelevant_random_2,irrelevant,random,2,130510,1494936,padded_control,5,encoder_block_5,0.0641884803771972,54,100,100
irrelevant_random_2,irrelevant,random,2,130510,1494936,padded_control,6,encoder_block_6,0.064188003540039,50,100,100
irrelevant_random_2,irrelevant,random,2,130510,1494936,padded_control,7,encoder_block_7,0.1870787143707275,44,100,100
irrelevant_random_2,irrelevant,random,2,130510,1494936,padded_control,8,encoder_block_8,0.3454570770263672,32,100,100
irrelevant_random_2,irrelevant,random,2,130510,1494936,padded_control,9,encoder_block_9,0.6645486354827881,18,100,100
irrelevant_random_2,irrelevant,random,2,130510,1494936,padded_control,10,encoder_block_10,1.111039161682129,3,100,100
irrelevant_random_2,irrelevant,random,2,130510,1494936,padded_control,11,encoder_block_11,2.1895055770874023,6,100,100
irrelevant_random_2,irrelevant,random,2,130510,1494936,padded_control,12,encoder_block_12,3.5829105377197266,6,100,100
irrelevant_random_2,irrelevant,random,2,130510,1494936,attack,0,embedding,0.3026025295257568,60,100,100
irrelevant_random_2,irrelevant,random,2,130510,1494936,attack,1,encoder_block_1,-0.1393027305603027,73,100,100
irrelevant_random_2,irrelevant,random,2,130510,1494936,attack,2,encoder_block_2,0.1249792575836181,70,100,100
irrelevant_random_2,irrelevant,random,2,130510,1494936,attack,3,encoder_block_3,-0.0279669761657714,71,100,100
irrelevant_random_2,irrelevant,random,2,130510,1494936,attack,4,encoder_block_4,-0.0688879489898681,76,100,100
irrelevant_random_2,irrelevant,random,2,130510,1494936,attack,5,encoder_block_5,-0.0250353813171386,68,100,100
irrelevant_random_2,irrelevant,random,2,130510,1494936,attack,6,encoder_block_6,0.0125477313995361,59,100,100
irrelevant_random_2,irrelevant,random,2,130510,1494936,attack,7,encoder_block_7,0.1496102809906005,45,100,100
irrelevant_random_2,irrelevant,random,2,130510,1494936,attack,8,encoder_block_8,0.3334002494812011,35,100,100
irrelevant_random_2,irrelevant,random,2,130510,1494936,attack,9,encoder_block_9,0.6371583938598633,18,100,100
irrelevant_random_2,irrelevant,random,2,130510,1494936,attack,10,encoder_block_10,1.0980570316314695,3,100,100
irrelevant_random_2,irrelevant,random,2,130510,1494936,attack,11,encoder_block_11,2.2001523971557617,6,100,100
irrelevant_random_2,irrelevant,random,2,130510,1494936,attack,12,encoder_block_12,3.615506172180176,6,100,100
irrelevant_random_2,irrelevant,random,2,131843,8305152,original,0,embedding,0.0451273918151855,81,100,100
irrelevant_random_2,irrelevant,random,2,131843,8305152,original,1,encoder_block_1,-0.4817818403244018,88,100,100
irrelevant_random_2,irrelevant,random,2,131843,8305152,original,2,encoder_block_2,-0.319859504699707,90,100,100
irrelevant_random_2,irrelevant,random,2,131843,8305152,original,3,encoder_block_3,-0.3433289527893066,92,100,100
irrelevant_random_2,irrelevant,random,2,131843,8305152,original,4,encoder_block_4,-0.2720351219177246,91,100,100
irrelevant_random_2,irrelevant,random,2,131843,8305152,original,5,encoder_block_5,-0.0504491329193115,91,100,100
irrelevant_random_2,irrelevant,random,2,131843,8305152,original,6,encoder_block_6,0.1368653774261474,84,100,100
irrelevant_random_2,irrelevant,random,2,131843,8305152,original,7,encoder_block_7,0.0036597251892089,85,100,100
irrelevant_random_2,irrelevant,random,2,131843,8305152,original,8,encoder_block_8,0.1005210876464843,58,100,100
irrelevant_random_2,irrelevant,random,2,131843,8305152,original,9,encoder_block_9,0.5894267559051514,22,100,100
irrelevant_random_2,irrelevant,random,2,131843,8305152,original,10,encoder_block_10,1.3263812065124512,1,100,100
irrelevant_random_2,irrelevant,random,2,131843,8305152,original,11,encoder_block_11,3.336597442626953,1,100,100
irrelevant_random_2,irrelevant,random,2,131843,8305152,original,12,encoder_block_12,6.186569213867188,1,100,100
irrelevant_random_2,irrelevant,random,2,131843,8305152,padded_control,0,embedding,0.0451281070709228,81,100,100
irrelevant_random_2,irrelevant,random,2,131843,8305152,padded_control,1,encoder_block_1,-0.4761149883270263,88,100,100
irrelevant_random_2,irrelevant,random,2,131843,8305152,padded_control,2,encoder_block_2,-0.3324739933013916,90,100,100
irrelevant_random_2,irrelevant,random,2,131843,8305152,padded_control,3,encoder_block_3,-0.3491678237915039,92,100,100
irrelevant_random_2,irrelevant,random,2,131843,8305152,padded_control,4,encoder_block_4,-0.2795276641845703,91,100,100
irrelevant_random_2,irrelevant,random,2,131843,8305152,padded_control,5,encoder_block_5,-0.0590162277221679,91,100,100
irrelevant_random_2,irrelevant,random,2,131843,8305152,padded_control,6,encoder_block_6,0.1344803571701049,84,100,100
irrelevant_random_2,irrelevant,random,2,131843,8305152,padded_control,7,encoder_block_7,0.0011677742004394,85,100,100
irrelevant_random_2,irrelevant,random,2,131843,8305152,padded_control,8,encoder_block_8,0.1030750274658203,58,100,100
irrelevant_random_2,irrelevant,random,2,131843,8305152,padded_control,9,encoder_block_9,0.5960345268249512,22,100,100
irrelevant_random_2,irrelevant,random,2,131843,8305152,padded_control,10,encoder_block_10,1.3180131912231443,1,100,100
irrelevant_random_2,irrelevant,random,2,131843,8305152,padded_control,11,encoder_block_11,3.3279104232788086,1,100,100
irrelevant_random_2,irrelevant,random,2,131843,8305152,padded_control,12,encoder_block_12,6.187984466552734,1,100,100
irrelevant_random_2,irrelevant,random,2,131843,8305152,attack,0,embedding,-0.0495855808258056,86,100,100
irrelevant_random_2,irrelevant,random,2,131843,8305152,attack,1,encoder_block_1,-0.6877650022506714,92,100,100
irrelevant_random_2,irrelevant,random,2,131843,8305152,attack,2,encoder_block_2,-0.6072075366973877,100,100,100
irrelevant_random_2,irrelevant,random,2,131843,8305152,attack,3,encoder_block_3,-0.5732922554016113,99,100,100
irrelevant_random_2,irrelevant,random,2,131843,8305152,attack,4,encoder_block_4,-0.4809873104095459,100,100,100
irrelevant_random_2,irrelevant,random,2,131843,8305152,attack,5,encoder_block_5,-0.2468447685241699,93,100,100
irrelevant_random_2,irrelevant,random,2,131843,8305152,attack,6,encoder_block_6,0.0007596015930175,91,100,100
irrelevant_random_2,irrelevant,random,2,131843,8305152,attack,7,encoder_block_7,-0.1043794155120849,93,100,100
irrelevant_random_2,irrelevant,random,2,131843,8305152,attack,8,encoder_block_8,0.0261194705963134,74,100,100
irrelevant_random_2,irrelevant,random,2,131843,8305152,attack,9,encoder_block_9,0.4835948944091797,27,100,100
irrelevant_random_2,irrelevant,random,2,131843,8305152,attack,10,encoder_block_10,1.231682062149048,2,100,100
irrelevant_random_2,irrelevant,random,2,131843,8305152,attack,11,encoder_block_11,3.265902519226074,1,100,100
irrelevant_random_2,irrelevant,random,2,131843,8305152,attack,12,encoder_block_12,6.223223686218262,1,100,100
irrelevant_random_2,irrelevant,random,2,146187,8434626,original,0,embedding,0.8186893463134766,34,100,100
irrelevant_random_2,irrelevant,random,2,146187,8434626,original,1,encoder_block_1,0.8562822341918945,22,100,100
irrelevant_random_2,irrelevant,random,2,146187,8434626,original,2,encoder_block_2,0.9611597061157228,24,100,100
irrelevant_random_2,irrelevant,random,2,146187,8434626,original,3,encoder_block_3,1.1117756366729736,21,100,100
irrelevant_random_2,irrelevant,random,2,146187,8434626,original,4,encoder_block_4,1.28155779838562,17,100,100
irrelevant_random_2,irrelevant,random,2,146187,8434626,original,5,encoder_block_5,1.2142610549926758,11,100,100
irrelevant_random_2,irrelevant,random,2,146187,8434626,original,6,encoder_block_6,1.2386045455932615,12,100,100
irrelevant_random_2,irrelevant,random,2,146187,8434626,original,7,encoder_block_7,1.1996808052062988,15,100,100
irrelevant_random_2,irrelevant,random,2,146187,8434626,original,8,encoder_block_8,1.1204800605773926,16,100,100
irrelevant_random_2,irrelevant,random,2,146187,8434626,original,9,encoder_block_9,1.163987159729004,22,100,100
irrelevant_random_2,irrelevant,random,2,146187,8434626,original,10,encoder_block_10,0.9799554347991944,12,100,100
irrelevant_random_2,irrelevant,random,2,146187,8434626,original,11,encoder_block_11,1.9088294506073,11,100,100
irrelevant_random_2,irrelevant,random,2,146187,8434626,original,12,encoder_block_12,2.198522448539734,13,100,100
irrelevant_random_2,irrelevant,random,2,146187,8434626,padded_control,0,embedding,0.8186886310577393,34,100,100
irrelevant_random_2,irrelevant,random,2,146187,8434626,padded_control,1,encoder_block_1,0.8568181991577148,22,100,100
irrelevant_random_2,irrelevant,random,2,146187,8434626,padded_control,2,encoder_block_2,0.9562873840332032,24,100,100
irrelevant_random_2,irrelevant,random,2,146187,8434626,padded_control,3,encoder_block_3,1.1024177074432373,21,100,100
irrelevant_random_2,irrelevant,random,2,146187,8434626,padded_control,4,encoder_block_4,1.2714135646820068,17,100,100
irrelevant_random_2,irrelevant,random,2,146187,8434626,padded_control,5,encoder_block_5,1.2031922340393066,12,100,100
irrelevant_random_2,irrelevant,random,2,146187,8434626,padded_control,6,encoder_block_6,1.2327113151550293,13,100,100
irrelevant_random_2,irrelevant,random,2,146187,8434626,padded_control,7,encoder_block_7,1.1935644149780271,15,100,100
irrelevant_random_2,irrelevant,random,2,146187,8434626,padded_control,8,encoder_block_8,1.1153244972229004,16,100,100
irrelevant_random_2,irrelevant,random,2,146187,8434626,padded_control,9,encoder_block_9,1.155135154724121,22,100,100
irrelevant_random_2,irrelevant,random,2,146187,8434626,padded_control,10,encoder_block_10,0.9811818599700928,12,100,100
irrelevant_random_2,irrelevant,random,2,146187,8434626,padded_control,11,encoder_block_11,1.915417194366455,11,100,100
irrelevant_random_2,irrelevant,random,2,146187,8434626,padded_control,12,encoder_block_12,2.264718532562256,12,100,100
irrelevant_random_2,irrelevant,random,2,146187,8434626,attack,0,embedding,0.6413290500640869,57,100,100
irrelevant_random_2,irrelevant,random,2,146187,8434626,attack,1,encoder_block_1,0.5637505054473877,51,100,100
irrelevant_random_2,irrelevant,random,2,146187,8434626,attack,2,encoder_block_2,0.6950292587280273,47,100,100
irrelevant_random_2,irrelevant,random,2,146187,8434626,attack,3,encoder_block_3,0.920842170715332,38,100,100
irrelevant_random_2,irrelevant,random,2,146187,8434626,attack,4,encoder_block_4,1.1370396614074707,26,100,100
irrelevant_random_2,irrelevant,random,2,146187,8434626,attack,5,encoder_block_5,1.100412368774414,19,100,100
irrelevant_random_2,irrelevant,random,2,146187,8434626,attack,6,encoder_block_6,1.1338276863098145,23,100,100
irrelevant_random_2,irrelevant,random,2,146187,8434626,attack,7,encoder_block_7,1.1119999885559082,24,100,100
irrelevant_random_2,irrelevant,random,2,146187,8434626,attack,8,encoder_block_8,1.024217128753662,25,100,100
irrelevant_random_2,irrelevant,random,2,146187,8434626,attack,9,encoder_block_9,1.070758581161499,29,100,100
irrelevant_random_2,irrelevant,random,2,146187,8434626,attack,10,encoder_block_10,0.9493029117584229,14,100,100
irrelevant_random_2,irrelevant,random,2,146187,8434626,attack,11,encoder_block_11,1.7616968154907229,11,100,100
irrelevant_random_2,irrelevant,random,2,146187,8434626,attack,12,encoder_block_12,2.114715695381165,15,100,100
irrelevant_random_2,irrelevant,random,2,148538,8181574,original,0,embedding,0.0338578224182128,76,100,100
irrelevant_random_2,irrelevant,random,2,148538,8181574,original,1,encoder_block_1,0.480750560760498,31,100,100
irrelevant_random_2,irrelevant,random,2,148538,8181574,original,2,encoder_block_2,0.889561653137207,27,100,100
irrelevant_random_2,irrelevant,random,2,148538,8181574,original,3,encoder_block_3,1.1115541458129885,17,100,100
irrelevant_random_2,irrelevant,random,2,148538,8181574,original,4,encoder_block_4,1.146008014678955,23,100,100
irrelevant_random_2,irrelevant,random,2,148538,8181574,original,5,encoder_block_5,1.0081357955932615,26,100,100
irrelevant_random_2,irrelevant,random,2,148538,8181574,original,6,encoder_block_6,1.0072407722473145,29,100,100
irrelevant_random_2,irrelevant,random,2,148538,8181574,original,7,encoder_block_7,1.0733280181884766,19,100,100
irrelevant_random_2,irrelevant,random,2,148538,8181574,original,8,encoder_block_8,1.1593351364135742,21,100,100
irrelevant_random_2,irrelevant,random,2,148538,8181574,original,9,encoder_block_9,1.2307915687561035,36,100,100
irrelevant_random_2,irrelevant,random,2,148538,8181574,original,10,encoder_block_10,0.1248464584350586,80,100,100
irrelevant_random_2,irrelevant,random,2,148538,8181574,original,11,encoder_block_11,-1.7904731035232544,98,100,100
irrelevant_random_2,irrelevant,random,2,148538,8181574,original,12,encoder_block_12,-11.936710357666016,98,100,100
irrelevant_random_2,irrelevant,random,2,148538,8181574,padded_control,0,embedding,0.0338578224182128,76,100,100
irrelevant_random_2,irrelevant,random,2,148538,8181574,padded_control,1,encoder_block_1,0.4800405502319336,31,100,100
irrelevant_random_2,irrelevant,random,2,148538,8181574,padded_control,2,encoder_block_2,0.8890800476074219,27,100,100
irrelevant_random_2,irrelevant,random,2,148538,8181574,padded_control,3,encoder_block_3,1.111917495727539,17,100,100
irrelevant_random_2,irrelevant,random,2,148538,8181574,padded_control,4,encoder_block_4,1.1468019485473633,23,100,100
irrelevant_random_2,irrelevant,random,2,148538,8181574,padded_control,5,encoder_block_5,1.0040640830993652,27,100,100
irrelevant_random_2,irrelevant,random,2,148538,8181574,padded_control,6,encoder_block_6,1.0035605430603027,29,100,100
irrelevant_random_2,irrelevant,random,2,148538,8181574,padded_control,7,encoder_block_7,1.0748224258422852,19,100,100
irrelevant_random_2,irrelevant,random,2,148538,8181574,padded_control,8,encoder_block_8,1.156755447387695,21,100,100
irrelevant_random_2,irrelevant,random,2,148538,8181574,padded_control,9,encoder_block_9,1.238689661026001,33,100,100
irrelevant_random_2,irrelevant,random,2,148538,8181574,padded_control,10,encoder_block_10,0.1359543800354004,77,100,100
irrelevant_random_2,irrelevant,random,2,148538,8181574,padded_control,11,encoder_block_11,-1.7514270544052124,98,100,100
irrelevant_random_2,irrelevant,random,2,148538,8181574,padded_control,12,encoder_block_12,-11.910322189331056,98,100,100
irrelevant_random_2,irrelevant,random,2,148538,8181574,attack,0,embedding,-0.1426572799682617,95,100,100
irrelevant_random_2,irrelevant,random,2,148538,8181574,attack,1,encoder_block_1,0.0764522552490234,67,100,100
irrelevant_random_2,irrelevant,random,2,148538,8181574,attack,2,encoder_block_2,0.5263452529907227,61,100,100
irrelevant_random_2,irrelevant,random,2,148538,8181574,attack,3,encoder_block_3,0.6635937690734863,57,100,100
irrelevant_random_2,irrelevant,random,2,148538,8181574,attack,4,encoder_block_4,0.7640180587768555,66,100,100
irrelevant_random_2,irrelevant,random,2,148538,8181574,attack,5,encoder_block_5,0.6489739418029785,79,100,100
irrelevant_random_2,irrelevant,random,2,148538,8181574,attack,6,encoder_block_6,0.7737255096435547,68,100,100
irrelevant_random_2,irrelevant,random,2,148538,8181574,attack,7,encoder_block_7,0.8539471626281738,49,100,100
irrelevant_random_2,irrelevant,random,2,148538,8181574,attack,8,encoder_block_8,1.0490999221801758,32,100,100
irrelevant_random_2,irrelevant,random,2,148538,8181574,attack,9,encoder_block_9,1.1687946319580078,45,100,100
irrelevant_random_2,irrelevant,random,2,148538,8181574,attack,10,encoder_block_10,0.1785297393798828,71,100,100
irrelevant_random_2,irrelevant,random,2,148538,8181574,attack,11,encoder_block_11,-1.6342565417289734,96,100,100
irrelevant_random_2,irrelevant,random,2,148538,8181574,attack,12,encoder_block_12,-11.910873413085938,98,100,100
irrelevant_random_2,irrelevant,random,2,156493,2411918,original,0,embedding,0.6322650909423828,94,100,100
irrelevant_random_2,irrelevant,random,2,156493,2411918,original,1,encoder_block_1,1.3086433410644531,34,100,100
irrelevant_random_2,irrelevant,random,2,156493,2411918,original,2,encoder_block_2,1.3716647624969482,27,100,100
irrelevant_random_2,irrelevant,random,2,156493,2411918,original,3,encoder_block_3,1.3721928596496582,31,100,100
irrelevant_random_2,irrelevant,random,2,156493,2411918,original,4,encoder_block_4,1.5484943389892578,23,100,100
irrelevant_random_2,irrelevant,random,2,156493,2411918,original,5,encoder_block_5,1.7920410633087158,15,100,100
irrelevant_random_2,irrelevant,random,2,156493,2411918,original,6,encoder_block_6,1.719512939453125,15,100,100
irrelevant_random_2,irrelevant,random,2,156493,2411918,original,7,encoder_block_7,1.8959312438964844,12,100,100
irrelevant_random_2,irrelevant,random,2,156493,2411918,original,8,encoder_block_8,1.911412000656128,8,100,100
irrelevant_random_2,irrelevant,random,2,156493,2411918,original,9,encoder_block_9,1.913116693496704,11,100,100
irrelevant_random_2,irrelevant,random,2,156493,2411918,original,10,encoder_block_10,1.790907382965088,8,100,100
irrelevant_random_2,irrelevant,random,2,156493,2411918,original,11,encoder_block_11,2.6601219177246094,9,100,100
irrelevant_random_2,irrelevant,random,2,156493,2411918,original,12,encoder_block_12,1.821057140827179,53,100,100
irrelevant_random_2,irrelevant,random,2,156493,2411918,padded_control,0,embedding,0.6322646141052246,94,100,100
irrelevant_random_2,irrelevant,random,2,156493,2411918,padded_control,1,encoder_block_1,1.3168301582336426,34,100,100
irrelevant_random_2,irrelevant,random,2,156493,2411918,padded_control,2,encoder_block_2,1.3808889389038086,27,100,100
irrelevant_random_2,irrelevant,random,2,156493,2411918,padded_control,3,encoder_block_3,1.3849177360534668,30,100,100
irrelevant_random_2,irrelevant,random,2,156493,2411918,padded_control,4,encoder_block_4,1.5592830181121826,21,100,100
irrelevant_random_2,irrelevant,random,2,156493,2411918,padded_control,5,encoder_block_5,1.7963643074035645,15,100,100
irrelevant_random_2,irrelevant,random,2,156493,2411918,padded_control,6,encoder_block_6,1.7245512008666992,15,100,100
irrelevant_random_2,irrelevant,random,2,156493,2411918,padded_control,7,encoder_block_7,1.897592544555664,12,100,100
irrelevant_random_2,irrelevant,random,2,156493,2411918,padded_control,8,encoder_block_8,1.9154276847839355,8,100,100
irrelevant_random_2,irrelevant,random,2,156493,2411918,padded_control,9,encoder_block_9,1.923612356185913,10,100,100
irrelevant_random_2,irrelevant,random,2,156493,2411918,padded_control,10,encoder_block_10,1.8215832710266116,6,100,100
irrelevant_random_2,irrelevant,random,2,156493,2411918,padded_control,11,encoder_block_11,2.705138087272644,8,100,100
irrelevant_random_2,irrelevant,random,2,156493,2411918,padded_control,12,encoder_block_12,1.9073251485824585,52,100,100
irrelevant_random_2,irrelevant,random,2,156493,2411918,attack,0,embedding,0.5728135108947754,95,100,100
irrelevant_random_2,irrelevant,random,2,156493,2411918,attack,1,encoder_block_1,1.0410864353179932,58,100,100
irrelevant_random_2,irrelevant,random,2,156493,2411918,attack,2,encoder_block_2,1.0347976684570312,56,100,100
irrelevant_random_2,irrelevant,random,2,156493,2411918,attack,3,encoder_block_3,1.0258102416992188,63,100,100
irrelevant_random_2,irrelevant,random,2,156493,2411918,attack,4,encoder_block_4,1.2381858825683594,45,100,100
irrelevant_random_2,irrelevant,random,2,156493,2411918,attack,5,encoder_block_5,1.5012545585632324,30,100,100
irrelevant_random_2,irrelevant,random,2,156493,2411918,attack,6,encoder_block_6,1.4705567359924316,27,100,100
irrelevant_random_2,irrelevant,random,2,156493,2411918,attack,7,encoder_block_7,1.721569538116455,16,100,100
irrelevant_random_2,irrelevant,random,2,156493,2411918,attack,8,encoder_block_8,1.758239507675171,14,100,100
irrelevant_random_2,irrelevant,random,2,156493,2411918,attack,9,encoder_block_9,1.7429721355438232,23,100,100
irrelevant_random_2,irrelevant,random,2,156493,2411918,attack,10,encoder_block_10,1.7388367652893066,14,100,100
irrelevant_random_2,irrelevant,random,2,156493,2411918,attack,11,encoder_block_11,2.5621352195739746,17,100,100
irrelevant_random_2,irrelevant,random,2,156493,2411918,attack,12,encoder_block_12,1.7095705270767212,53,100,100
irrelevant_random_2,irrelevant,random,2,168216,3174840,original,0,embedding,-0.6338040828704834,99,100,100
irrelevant_random_2,irrelevant,random,2,168216,3174840,original,1,encoder_block_1,-0.3851568698883056,74,100,100
irrelevant_random_2,irrelevant,random,2,168216,3174840,original,2,encoder_block_2,-0.2682242393493652,75,100,100
irrelevant_random_2,irrelevant,random,2,168216,3174840,original,3,encoder_block_3,0.0878183841705322,43,100,100
irrelevant_random_2,irrelevant,random,2,168216,3174840,original,4,encoder_block_4,0.1511220932006836,32,100,100
irrelevant_random_2,irrelevant,random,2,168216,3174840,original,5,encoder_block_5,0.0719380378723144,36,100,100
irrelevant_random_2,irrelevant,random,2,168216,3174840,original,6,encoder_block_6,0.048872947692871,36,100,100
irrelevant_random_2,irrelevant,random,2,168216,3174840,original,7,encoder_block_7,0.1533160209655761,35,100,100
irrelevant_random_2,irrelevant,random,2,168216,3174840,original,8,encoder_block_8,0.1931724548339843,29,100,100
irrelevant_random_2,irrelevant,random,2,168216,3174840,original,9,encoder_block_9,0.5074460506439209,15,100,100
irrelevant_random_2,irrelevant,random,2,168216,3174840,original,10,encoder_block_10,0.6587412357330322,6,100,100
irrelevant_random_2,irrelevant,random,2,168216,3174840,original,11,encoder_block_11,1.8547282218933103,7,100,100
irrelevant_random_2,irrelevant,random,2,168216,3174840,original,12,encoder_block_12,3.076498985290528,58,100,100
irrelevant_random_2,irrelevant,random,2,168216,3174840,padded_control,0,embedding,-0.6338036060333252,99,100,100
irrelevant_random_2,irrelevant,random,2,168216,3174840,padded_control,1,encoder_block_1,-0.3875963687896728,74,100,100
irrelevant_random_2,irrelevant,random,2,168216,3174840,padded_control,2,encoder_block_2,-0.2697358131408691,77,100,100
irrelevant_random_2,irrelevant,random,2,168216,3174840,padded_control,3,encoder_block_3,0.0848870277404785,44,100,100
irrelevant_random_2,irrelevant,random,2,168216,3174840,padded_control,4,encoder_block_4,0.1475586891174316,32,100,100
irrelevant_random_2,irrelevant,random,2,168216,3174840,padded_control,5,encoder_block_5,0.0711891651153564,36,100,100
irrelevant_random_2,irrelevant,random,2,168216,3174840,padded_control,6,encoder_block_6,0.0522387027740478,36,100,100
irrelevant_random_2,irrelevant,random,2,168216,3174840,padded_control,7,encoder_block_7,0.1618447303771972,35,100,100
irrelevant_random_2,irrelevant,random,2,168216,3174840,padded_control,8,encoder_block_8,0.1908826828002929,29,100,100
irrelevant_random_2,irrelevant,random,2,168216,3174840,padded_control,9,encoder_block_9,0.5121243000030518,15,100,100
irrelevant_random_2,irrelevant,random,2,168216,3174840,padded_control,10,encoder_block_10,0.6661369800567627,6,100,100
irrelevant_random_2,irrelevant,random,2,168216,3174840,padded_control,11,encoder_block_11,1.8519103527069087,7,100,100
irrelevant_random_2,irrelevant,random,2,168216,3174840,padded_control,12,encoder_block_12,3.088444709777832,57,100,100
irrelevant_random_2,irrelevant,random,2,168216,3174840,attack,0,embedding,-0.6564204692840576,99,100,100
irrelevant_random_2,irrelevant,random,2,168216,3174840,attack,1,encoder_block_1,-0.5533936023712158,92,100,100
irrelevant_random_2,irrelevant,random,2,168216,3174840,attack,2,encoder_block_2,-0.4671220779418945,96,100,100
irrelevant_random_2,irrelevant,random,2,168216,3174840,attack,3,encoder_block_3,-0.106086254119873,77,100,100
irrelevant_random_2,irrelevant,random,2,168216,3174840,attack,4,encoder_block_4,-0.0013008117675781,47,100,100
irrelevant_random_2,irrelevant,random,2,168216,3174840,attack,5,encoder_block_5,-0.048713207244873,51,100,100
irrelevant_random_2,irrelevant,random,2,168216,3174840,attack,6,encoder_block_6,-0.0132899284362792,46,100,100
irrelevant_random_2,irrelevant,random,2,168216,3174840,attack,7,encoder_block_7,0.0864548683166503,38,100,100
irrelevant_random_2,irrelevant,random,2,168216,3174840,attack,8,encoder_block_8,0.1632643938064575,32,100,100
irrelevant_random_2,irrelevant,random,2,168216,3174840,attack,9,encoder_block_9,0.4775930643081665,19,100,100
irrelevant_random_2,irrelevant,random,2,168216,3174840,attack,10,encoder_block_10,0.6873950958251953,5,100,100
irrelevant_random_2,irrelevant,random,2,168216,3174840,attack,11,encoder_block_11,1.874476671218872,6,100,100
irrelevant_random_2,irrelevant,random,2,168216,3174840,attack,12,encoder_block_12,3.1294808387756348,55,100,100
irrelevant_random_2,irrelevant,random,2,182539,57443,original,0,embedding,0.2522985935211181,55,100,100
irrelevant_random_2,irrelevant,random,2,182539,57443,original,1,encoder_block_1,-0.1243147850036621,67,100,100
irrelevant_random_2,irrelevant,random,2,182539,57443,original,2,encoder_block_2,0.010246992111206,69,100,100
irrelevant_random_2,irrelevant,random,2,182539,57443,original,3,encoder_block_3,0.0935795307159423,50,100,100
irrelevant_random_2,irrelevant,random,2,182539,57443,original,4,encoder_block_4,0.1608998775482177,51,100,100
irrelevant_random_2,irrelevant,random,2,182539,57443,original,5,encoder_block_5,0.3986899852752685,38,100,100
irrelevant_random_2,irrelevant,random,2,182539,57443,original,6,encoder_block_6,0.3436722755432129,37,100,100
irrelevant_random_2,irrelevant,random,2,182539,57443,original,7,encoder_block_7,0.4343082904815674,29,100,100
irrelevant_random_2,irrelevant,random,2,182539,57443,original,8,encoder_block_8,0.6768031120300293,15,100,100
irrelevant_random_2,irrelevant,random,2,182539,57443,original,9,encoder_block_9,0.8573448657989502,10,100,100
irrelevant_random_2,irrelevant,random,2,182539,57443,original,10,encoder_block_10,1.3166866302490234,2,100,100
irrelevant_random_2,irrelevant,random,2,182539,57443,original,11,encoder_block_11,2.9638657569885254,1,100,100
irrelevant_random_2,irrelevant,random,2,182539,57443,original,12,encoder_block_12,5.838619232177734,1,100,100
irrelevant_random_2,irrelevant,random,2,182539,57443,padded_control,0,embedding,0.2522985935211181,55,100,100
irrelevant_random_2,irrelevant,random,2,182539,57443,padded_control,1,encoder_block_1,-0.1238577365875244,67,100,100
irrelevant_random_2,irrelevant,random,2,182539,57443,padded_control,2,encoder_block_2,0.0072050094604492,69,100,100
irrelevant_random_2,irrelevant,random,2,182539,57443,padded_control,3,encoder_block_3,0.0866732597351074,50,100,100
irrelevant_random_2,irrelevant,random,2,182539,57443,padded_control,4,encoder_block_4,0.1571335792541504,52,100,100
irrelevant_random_2,irrelevant,random,2,182539,57443,padded_control,5,encoder_block_5,0.396050214767456,38,100,100
irrelevant_random_2,irrelevant,random,2,182539,57443,padded_control,6,encoder_block_6,0.3417918682098388,37,100,100
irrelevant_random_2,irrelevant,random,2,182539,57443,padded_control,7,encoder_block_7,0.4358121156692505,29,100,100
irrelevant_random_2,irrelevant,random,2,182539,57443,padded_control,8,encoder_block_8,0.6755001544952393,15,100,100
irrelevant_random_2,irrelevant,random,2,182539,57443,padded_control,9,encoder_block_9,0.851128101348877,10,100,100
irrelevant_random_2,irrelevant,random,2,182539,57443,padded_control,10,encoder_block_10,1.3242487907409668,2,100,100
irrelevant_random_2,irrelevant,random,2,182539,57443,padded_control,11,encoder_block_11,2.9861397743225098,1,100,100
irrelevant_random_2,irrelevant,random,2,182539,57443,padded_control,12,encoder_block_12,5.843400001525879,1,100,100
irrelevant_random_2,irrelevant,random,2,182539,57443,attack,0,embedding,0.1686131954193115,66,100,100
irrelevant_random_2,irrelevant,random,2,182539,57443,attack,1,encoder_block_1,-0.2718520164489746,78,100,100
irrelevant_random_2,irrelevant,random,2,182539,57443,attack,2,encoder_block_2,-0.1793620586395263,84,100,100
irrelevant_random_2,irrelevant,random,2,182539,57443,attack,3,encoder_block_3,-0.1032860279083252,67,100,100
irrelevant_random_2,irrelevant,random,2,182539,57443,attack,4,encoder_block_4,-0.0463533401489257,65,100,100
irrelevant_random_2,irrelevant,random,2,182539,57443,attack,5,encoder_block_5,0.1781257390975952,57,100,100
irrelevant_random_2,irrelevant,random,2,182539,57443,attack,6,encoder_block_6,0.1793924570083618,50,100,100
irrelevant_random_2,irrelevant,random,2,182539,57443,attack,7,encoder_block_7,0.3056420087814331,41,100,100
irrelevant_random_2,irrelevant,random,2,182539,57443,attack,8,encoder_block_8,0.5582225322723389,24,100,100
irrelevant_random_2,irrelevant,random,2,182539,57443,attack,9,encoder_block_9,0.804962158203125,12,100,100
irrelevant_random_2,irrelevant,random,2,182539,57443,attack,10,encoder_block_10,1.2988512516021729,3,100,100
irrelevant_random_2,irrelevant,random,2,182539,57443,attack,11,encoder_block_11,3.0081167221069336,1,100,100
irrelevant_random_2,irrelevant,random,2,182539,57443,attack,12,encoder_block_12,5.891290664672852,1,100,100
irrelevant_random_2,irrelevant,random,2,183378,5040199,original,0,embedding,-0.0865340232849121,96,100,100
irrelevant_random_2,irrelevant,random,2,183378,5040199,original,1,encoder_block_1,-0.0381965637207031,91,100,100
irrelevant_random_2,irrelevant,random,2,183378,5040199,original,2,encoder_block_2,-0.062957763671875,89,100,100
irrelevant_random_2,irrelevant,random,2,183378,5040199,original,3,encoder_block_3,0.1655235290527343,54,100,100
irrelevant_random_2,irrelevant,random,2,183378,5040199,original,4,encoder_block_4,0.5493338108062744,24,100,100
irrelevant_random_2,irrelevant,random,2,183378,5040199,original,5,encoder_block_5,0.523047924041748,24,100,100
irrelevant_random_2,irrelevant,random,2,183378,5040199,original,6,encoder_block_6,0.4046578407287597,28,100,100
irrelevant_random_2,irrelevant,random,2,183378,5040199,original,7,encoder_block_7,0.5678186416625977,25,100,100
irrelevant_random_2,irrelevant,random,2,183378,5040199,original,8,encoder_block_8,0.4849131107330322,32,100,100
irrelevant_random_2,irrelevant,random,2,183378,5040199,original,9,encoder_block_9,0.664161205291748,29,100,100
irrelevant_random_2,irrelevant,random,2,183378,5040199,original,10,encoder_block_10,0.4862463474273681,36,100,100
irrelevant_random_2,irrelevant,random,2,183378,5040199,original,11,encoder_block_11,-1.16389799118042,63,100,100
irrelevant_random_2,irrelevant,random,2,183378,5040199,original,12,encoder_block_12,-11.67852783203125,73,100,100
irrelevant_random_2,irrelevant,random,2,183378,5040199,padded_control,0,embedding,-0.0865349769592285,96,100,100
irrelevant_random_2,irrelevant,random,2,183378,5040199,padded_control,1,encoder_block_1,-0.0389251708984375,91,100,100
irrelevant_random_2,irrelevant,random,2,183378,5040199,padded_control,2,encoder_block_2,-0.063086986541748,89,100,100
irrelevant_random_2,irrelevant,random,2,183378,5040199,padded_control,3,encoder_block_3,0.1628742218017578,54,100,100
irrelevant_random_2,irrelevant,random,2,183378,5040199,padded_control,4,encoder_block_4,0.5462985038757324,24,100,100
irrelevant_random_2,irrelevant,random,2,183378,5040199,padded_control,5,encoder_block_5,0.5187027454376221,24,100,100
irrelevant_random_2,irrelevant,random,2,183378,5040199,padded_control,6,encoder_block_6,0.4000914096832275,28,100,100
irrelevant_random_2,irrelevant,random,2,183378,5040199,padded_control,7,encoder_block_7,0.5645239353179932,25,100,100
irrelevant_random_2,irrelevant,random,2,183378,5040199,padded_control,8,encoder_block_8,0.4841039180755615,32,100,100
irrelevant_random_2,irrelevant,random,2,183378,5040199,padded_control,9,encoder_block_9,0.6605815887451172,29,100,100
irrelevant_random_2,irrelevant,random,2,183378,5040199,padded_control,10,encoder_block_10,0.4776763916015625,36,100,100
irrelevant_random_2,irrelevant,random,2,183378,5040199,padded_control,11,encoder_block_11,-1.2001103162765503,64,100,100
irrelevant_random_2,irrelevant,random,2,183378,5040199,padded_control,12,encoder_block_12,-11.706504821777344,74,100,100
irrelevant_random_2,irrelevant,random,2,183378,5040199,attack,0,embedding,-0.1763100624084472,98,100,100
irrelevant_random_2,irrelevant,random,2,183378,5040199,attack,1,encoder_block_1,-0.1355543136596679,97,100,100
irrelevant_random_2,irrelevant,random,2,183378,5040199,attack,2,encoder_block_2,-0.177530288696289,97,100,100
irrelevant_random_2,irrelevant,random,2,183378,5040199,attack,3,encoder_block_3,0.0525660514831543,68,100,100
irrelevant_random_2,irrelevant,random,2,183378,5040199,attack,4,encoder_block_4,0.4380099773406982,34,100,100
irrelevant_random_2,irrelevant,random,2,183378,5040199,attack,5,encoder_block_5,0.4061412811279297,35,100,100
irrelevant_random_2,irrelevant,random,2,183378,5040199,attack,6,encoder_block_6,0.3100442886352539,41,100,100
irrelevant_random_2,irrelevant,random,2,183378,5040199,attack,7,encoder_block_7,0.50649094581604,28,100,100
irrelevant_random_2,irrelevant,random,2,183378,5040199,attack,8,encoder_block_8,0.4099729061126709,37,100,100
irrelevant_random_2,irrelevant,random,2,183378,5040199,attack,9,encoder_block_9,0.5879251956939697,35,100,100
irrelevant_random_2,irrelevant,random,2,183378,5040199,attack,10,encoder_block_10,0.4594730138778686,37,100,100
irrelevant_random_2,irrelevant,random,2,183378,5040199,attack,11,encoder_block_11,-1.1785677671432495,64,100,100
irrelevant_random_2,irrelevant,random,2,183378,5040199,attack,12,encoder_block_12,-11.665249824523926,72,100,100
irrelevant_random_2,irrelevant,random,2,19335,8412684,original,0,embedding,0.4543437957763672,87,100,100
irrelevant_random_2,irrelevant,random,2,19335,8412684,original,1,encoder_block_1,0.575559139251709,83,100,100
irrelevant_random_2,irrelevant,random,2,19335,8412684,original,2,encoder_block_2,0.7931208610534668,89,100,100
irrelevant_random_2,irrelevant,random,2,19335,8412684,original,3,encoder_block_3,0.6508738994598389,94,100,100
irrelevant_random_2,irrelevant,random,2,19335,8412684,original,4,encoder_block_4,0.728416919708252,89,100,100
irrelevant_random_2,irrelevant,random,2,19335,8412684,original,5,encoder_block_5,0.7303013801574707,86,100,100
irrelevant_random_2,irrelevant,random,2,19335,8412684,original,6,encoder_block_6,0.867795467376709,67,100,100
irrelevant_random_2,irrelevant,random,2,19335,8412684,original,7,encoder_block_7,1.1068263053894043,37,100,100
irrelevant_random_2,irrelevant,random,2,19335,8412684,original,8,encoder_block_8,1.3754048347473145,17,100,100
irrelevant_random_2,irrelevant,random,2,19335,8412684,original,9,encoder_block_9,1.2622122764587402,24,100,100
irrelevant_random_2,irrelevant,random,2,19335,8412684,original,10,encoder_block_10,1.2494158744812012,19,100,100
irrelevant_random_2,irrelevant,random,2,19335,8412684,original,11,encoder_block_11,1.8081707954406736,9,100,100
irrelevant_random_2,irrelevant,random,2,19335,8412684,original,12,encoder_block_12,2.0300610661506653,7,100,100
irrelevant_random_2,irrelevant,random,2,19335,8412684,padded_control,0,embedding,0.4543428421020508,87,100,100
irrelevant_random_2,irrelevant,random,2,19335,8412684,padded_control,1,encoder_block_1,0.5741033554077148,83,100,100
irrelevant_random_2,irrelevant,random,2,19335,8412684,padded_control,2,encoder_block_2,0.7897977828979492,89,100,100
irrelevant_random_2,irrelevant,random,2,19335,8412684,padded_control,3,encoder_block_3,0.6499993801116943,94,100,100
irrelevant_random_2,irrelevant,random,2,19335,8412684,padded_control,4,encoder_block_4,0.7346396446228027,87,100,100
irrelevant_random_2,irrelevant,random,2,19335,8412684,padded_control,5,encoder_block_5,0.7341327667236328,86,100,100
irrelevant_random_2,irrelevant,random,2,19335,8412684,padded_control,6,encoder_block_6,0.8651652336120605,67,100,100
irrelevant_random_2,irrelevant,random,2,19335,8412684,padded_control,7,encoder_block_7,1.1011204719543457,37,100,100
irrelevant_random_2,irrelevant,random,2,19335,8412684,padded_control,8,encoder_block_8,1.3696374893188477,17,100,100
irrelevant_random_2,irrelevant,random,2,19335,8412684,padded_control,9,encoder_block_9,1.2820918560028076,24,100,100
irrelevant_random_2,irrelevant,random,2,19335,8412684,padded_control,10,encoder_block_10,1.2628965377807615,19,100,100
irrelevant_random_2,irrelevant,random,2,19335,8412684,padded_control,11,encoder_block_11,1.8127050399780276,9,100,100
irrelevant_random_2,irrelevant,random,2,19335,8412684,padded_control,12,encoder_block_12,2.05988872051239,7,100,100
irrelevant_random_2,irrelevant,random,2,19335,8412684,attack,0,embedding,0.2824249267578125,90,100,100
irrelevant_random_2,irrelevant,random,2,19335,8412684,attack,1,encoder_block_1,0.3223066329956054,96,100,100
irrelevant_random_2,irrelevant,random,2,19335,8412684,attack,2,encoder_block_2,0.498504638671875,100,100,100
irrelevant_random_2,irrelevant,random,2,19335,8412684,attack,3,encoder_block_3,0.3424241542816162,99,100,100
irrelevant_random_2,irrelevant,random,2,19335,8412684,attack,4,encoder_block_4,0.4254233837127685,98,100,100
irrelevant_random_2,irrelevant,random,2,19335,8412684,attack,5,encoder_block_5,0.4636154174804687,99,100,100
irrelevant_random_2,irrelevant,random,2,19335,8412684,attack,6,encoder_block_6,0.6336574554443359,96,100,100
irrelevant_random_2,irrelevant,random,2,19335,8412684,attack,7,encoder_block_7,0.8966708183288574,69,100,100
irrelevant_random_2,irrelevant,random,2,19335,8412684,attack,8,encoder_block_8,1.1523005962371826,34,100,100
irrelevant_random_2,irrelevant,random,2,19335,8412684,attack,9,encoder_block_9,1.095590114593506,42,100,100
irrelevant_random_2,irrelevant,random,2,19335,8412684,attack,10,encoder_block_10,1.0848722457885742,29,100,100
irrelevant_random_2,irrelevant,random,2,19335,8412684,attack,11,encoder_block_11,1.5866751074790957,14,100,100
irrelevant_random_2,irrelevant,random,2,19335,8412684,attack,12,encoder_block_12,1.8169650435447693,8,100,100
irrelevant_random_2,irrelevant,random,2,207786,2998723,original,0,embedding,0.3694686889648437,74,100,100
irrelevant_random_2,irrelevant,random,2,207786,2998723,original,1,encoder_block_1,0.0717597007751464,74,100,100
irrelevant_random_2,irrelevant,random,2,207786,2998723,original,2,encoder_block_2,0.1014332771301269,75,100,100
irrelevant_random_2,irrelevant,random,2,207786,2998723,original,3,encoder_block_3,0.098642349243164,73,100,100
irrelevant_random_2,irrelevant,random,2,207786,2998723,original,4,encoder_block_4,0.3614974021911621,50,100,100
irrelevant_random_2,irrelevant,random,2,207786,2998723,original,5,encoder_block_5,0.3733158111572265,40,100,100
irrelevant_random_2,irrelevant,random,2,207786,2998723,original,6,encoder_block_6,0.4203805923461914,34,100,100
irrelevant_random_2,irrelevant,random,2,207786,2998723,original,7,encoder_block_7,0.7421231269836426,22,100,100
irrelevant_random_2,irrelevant,random,2,207786,2998723,original,8,encoder_block_8,0.6411762237548828,27,100,100
irrelevant_random_2,irrelevant,random,2,207786,2998723,original,9,encoder_block_9,1.066925048828125,4,100,100
irrelevant_random_2,irrelevant,random,2,207786,2998723,original,10,encoder_block_10,1.058253288269043,2,100,100
irrelevant_random_2,irrelevant,random,2,207786,2998723,original,11,encoder_block_11,1.316877841949463,11,100,100
irrelevant_random_2,irrelevant,random,2,207786,2998723,original,12,encoder_block_12,-4.207484245300293,22,100,100
irrelevant_random_2,irrelevant,random,2,207786,2998723,padded_control,0,embedding,0.3694691658020019,74,100,100
irrelevant_random_2,irrelevant,random,2,207786,2998723,padded_control,1,encoder_block_1,0.0716924667358398,74,100,100
irrelevant_random_2,irrelevant,random,2,207786,2998723,padded_control,2,encoder_block_2,0.1035547256469726,75,100,100
irrelevant_random_2,irrelevant,random,2,207786,2998723,padded_control,3,encoder_block_3,0.0986733436584472,73,100,100
irrelevant_random_2,irrelevant,random,2,207786,2998723,padded_control,4,encoder_block_4,0.3605718612670898,50,100,100
irrelevant_random_2,irrelevant,random,2,207786,2998723,padded_control,5,encoder_block_5,0.3701124191284179,40,100,100
irrelevant_random_2,irrelevant,random,2,207786,2998723,padded_control,6,encoder_block_6,0.4191341400146484,34,100,100
irrelevant_random_2,irrelevant,random,2,207786,2998723,padded_control,7,encoder_block_7,0.738945484161377,22,100,100
irrelevant_random_2,irrelevant,random,2,207786,2998723,padded_control,8,encoder_block_8,0.6406140327453613,27,100,100
irrelevant_random_2,irrelevant,random,2,207786,2998723,padded_control,9,encoder_block_9,1.063404560089111,4,100,100
irrelevant_random_2,irrelevant,random,2,207786,2998723,padded_control,10,encoder_block_10,1.052666187286377,2,100,100
irrelevant_random_2,irrelevant,random,2,207786,2998723,padded_control,11,encoder_block_11,1.2916243076324463,11,100,100
irrelevant_random_2,irrelevant,random,2,207786,2998723,padded_control,12,encoder_block_12,-4.336346626281738,22,100,100
irrelevant_random_2,irrelevant,random,2,207786,2998723,attack,0,embedding,0.3278532028198242,82,100,100
irrelevant_random_2,irrelevant,random,2,207786,2998723,attack,1,encoder_block_1,-0.0578913688659668,84,100,100
irrelevant_random_2,irrelevant,random,2,207786,2998723,attack,2,encoder_block_2,-0.0329809188842773,89,100,100
irrelevant_random_2,irrelevant,random,2,207786,2998723,attack,3,encoder_block_3,-0.0314373970031738,87,100,100
irrelevant_random_2,irrelevant,random,2,207786,2998723,attack,4,encoder_block_4,0.246403694152832,60,100,100
irrelevant_random_2,irrelevant,random,2,207786,2998723,attack,5,encoder_block_5,0.2552289962768554,52,100,100
irrelevant_random_2,irrelevant,random,2,207786,2998723,attack,6,encoder_block_6,0.3436970710754394,40,100,100
irrelevant_random_2,irrelevant,random,2,207786,2998723,attack,7,encoder_block_7,0.6741437911987305,26,100,100
irrelevant_random_2,irrelevant,random,2,207786,2998723,attack,8,encoder_block_8,0.6199154853820801,28,100,100
irrelevant_random_2,irrelevant,random,2,207786,2998723,attack,9,encoder_block_9,1.0443010330200195,5,100,100
irrelevant_random_2,irrelevant,random,2,207786,2998723,attack,10,encoder_block_10,0.9993631839752196,2,100,100
irrelevant_random_2,irrelevant,random,2,207786,2998723,attack,11,encoder_block_11,1.183741569519043,13,100,100
irrelevant_random_2,irrelevant,random,2,207786,2998723,attack,12,encoder_block_12,-4.748176574707031,22,100,100
irrelevant_random_2,irrelevant,random,2,264014,96854,original,0,embedding,0.4960722923278808,56,100,100
irrelevant_random_2,irrelevant,random,2,264014,96854,original,1,encoder_block_1,0.5599386692047119,48,100,100
irrelevant_random_2,irrelevant,random,2,264014,96854,original,2,encoder_block_2,0.6240677833557129,38,100,100
irrelevant_random_2,irrelevant,random,2,264014,96854,original,3,encoder_block_3,0.7548351287841797,25,100,100
irrelevant_random_2,irrelevant,random,2,264014,96854,original,4,encoder_block_4,1.0591216087341309,8,100,100
irrelevant_random_2,irrelevant,random,2,264014,96854,original,5,encoder_block_5,0.8237481117248535,15,100,100
irrelevant_random_2,irrelevant,random,2,264014,96854,original,6,encoder_block_6,0.6433764696121216,21,100,100
irrelevant_random_2,irrelevant,random,2,264014,96854,original,7,encoder_block_7,0.4834312200546264,42,100,100
irrelevant_random_2,irrelevant,random,2,264014,96854,original,8,encoder_block_8,0.5262037515640259,44,100,100
irrelevant_random_2,irrelevant,random,2,264014,96854,original,9,encoder_block_9,0.5817686319351196,42,100,100
irrelevant_random_2,irrelevant,random,2,264014,96854,original,10,encoder_block_10,0.2077465057373047,52,100,100
irrelevant_random_2,irrelevant,random,2,264014,96854,original,11,encoder_block_11,0.411893367767334,51,100,100
irrelevant_random_2,irrelevant,random,2,264014,96854,original,12,encoder_block_12,-0.4071947336196899,49,100,100
irrelevant_random_2,irrelevant,random,2,264014,96854,padded_control,0,embedding,0.4960713386535644,56,100,100
irrelevant_random_2,irrelevant,random,2,264014,96854,padded_control,1,encoder_block_1,0.5587501525878906,48,100,100
irrelevant_random_2,irrelevant,random,2,264014,96854,padded_control,2,encoder_block_2,0.6193580627441406,39,100,100
irrelevant_random_2,irrelevant,random,2,264014,96854,padded_control,3,encoder_block_3,0.7513637542724609,25,100,100
irrelevant_random_2,irrelevant,random,2,264014,96854,padded_control,4,encoder_block_4,1.0559675693511963,8,100,100
irrelevant_random_2,irrelevant,random,2,264014,96854,padded_control,5,encoder_block_5,0.8230781555175781,15,100,100
irrelevant_random_2,irrelevant,random,2,264014,96854,padded_control,6,encoder_block_6,0.6425491571426392,21,100,100
irrelevant_random_2,irrelevant,random,2,264014,96854,padded_control,7,encoder_block_7,0.4813985824584961,42,100,100
irrelevant_random_2,irrelevant,random,2,264014,96854,padded_control,8,encoder_block_8,0.5210146903991699,44,100,100
irrelevant_random_2,irrelevant,random,2,264014,96854,padded_control,9,encoder_block_9,0.5747600793838501,43,100,100
irrelevant_random_2,irrelevant,random,2,264014,96854,padded_control,10,encoder_block_10,0.1977767944335937,54,100,100
irrelevant_random_2,irrelevant,random,2,264014,96854,padded_control,11,encoder_block_11,0.4131717681884765,51,100,100
irrelevant_random_2,irrelevant,random,2,264014,96854,padded_control,12,encoder_block_12,-0.3954843282699585,49,100,100
irrelevant_random_2,irrelevant,random,2,264014,96854,attack,0,embedding,0.3736040592193603,71,100,100
irrelevant_random_2,irrelevant,random,2,264014,96854,attack,1,encoder_block_1,0.1476645469665527,84,100,100
irrelevant_random_2,irrelevant,random,2,264014,96854,attack,2,encoder_block_2,0.1686387062072754,85,100,100
irrelevant_random_2,irrelevant,random,2,264014,96854,attack,3,encoder_block_3,0.3136138916015625,73,100,100
irrelevant_random_2,irrelevant,random,2,264014,96854,attack,4,encoder_block_4,0.6813609600067139,48,100,100
irrelevant_random_2,irrelevant,random,2,264014,96854,attack,5,encoder_block_5,0.5356589555740356,48,100,100
irrelevant_random_2,irrelevant,random,2,264014,96854,attack,6,encoder_block_6,0.411297082901001,47,100,100
irrelevant_random_2,irrelevant,random,2,264014,96854,attack,7,encoder_block_7,0.2889598608016968,68,100,100
irrelevant_random_2,irrelevant,random,2,264014,96854,attack,8,encoder_block_8,0.3834422826766968,58,100,100
irrelevant_random_2,irrelevant,random,2,264014,96854,attack,9,encoder_block_9,0.4198553562164306,50,100,100
irrelevant_random_2,irrelevant,random,2,264014,96854,attack,10,encoder_block_10,0.0213332176208496,59,100,100
irrelevant_random_2,irrelevant,random,2,264014,96854,attack,11,encoder_block_11,0.0102882385253906,55,100,100
irrelevant_random_2,irrelevant,random,2,264014,96854,attack,12,encoder_block_12,-1.5975370407104492,50,100,100
irrelevant_random_2,irrelevant,random,2,359349,68647,original,0,embedding,0.9057087898254396,50,100,100
irrelevant_random_2,irrelevant,random,2,359349,68647,original,1,encoder_block_1,1.212301254272461,26,100,100
irrelevant_random_2,irrelevant,random,2,359349,68647,original,2,encoder_block_2,1.292618751525879,16,100,100
irrelevant_random_2,irrelevant,random,2,359349,68647,original,3,encoder_block_3,1.3699212074279783,6,100,100
irrelevant_random_2,irrelevant,random,2,359349,68647,original,4,encoder_block_4,1.5148863792419434,5,100,100
irrelevant_random_2,irrelevant,random,2,359349,68647,original,5,encoder_block_5,1.420095443725586,11,100,100
irrelevant_random_2,irrelevant,random,2,359349,68647,original,6,encoder_block_6,1.35286283493042,9,100,100
irrelevant_random_2,irrelevant,random,2,359349,68647,original,7,encoder_block_7,1.3684884309768677,7,100,100
irrelevant_random_2,irrelevant,random,2,359349,68647,original,8,encoder_block_8,1.3052773475646973,3,100,100
irrelevant_random_2,irrelevant,random,2,359349,68647,original,9,encoder_block_9,1.481522560119629,3,100,100
irrelevant_random_2,irrelevant,random,2,359349,68647,original,10,encoder_block_10,1.5901272296905518,4,100,100
irrelevant_random_2,irrelevant,random,2,359349,68647,original,11,encoder_block_11,2.9360296726226807,4,100,100
irrelevant_random_2,irrelevant,random,2,359349,68647,original,12,encoder_block_12,4.283396720886231,10,100,100
irrelevant_random_2,irrelevant,random,2,359349,68647,padded_control,0,embedding,0.9057087898254396,50,100,100
irrelevant_random_2,irrelevant,random,2,359349,68647,padded_control,1,encoder_block_1,1.210655689239502,26,100,100
irrelevant_random_2,irrelevant,random,2,359349,68647,padded_control,2,encoder_block_2,1.288304328918457,16,100,100
irrelevant_random_2,irrelevant,random,2,359349,68647,padded_control,3,encoder_block_3,1.364107370376587,6,100,100
irrelevant_random_2,irrelevant,random,2,359349,68647,padded_control,4,encoder_block_4,1.5125689506530762,5,100,100
irrelevant_random_2,irrelevant,random,2,359349,68647,padded_control,5,encoder_block_5,1.4149574041366575,11,100,100
irrelevant_random_2,irrelevant,random,2,359349,68647,padded_control,6,encoder_block_6,1.3477153778076172,9,100,100
irrelevant_random_2,irrelevant,random,2,359349,68647,padded_control,7,encoder_block_7,1.3695738315582275,7,100,100
irrelevant_random_2,irrelevant,random,2,359349,68647,padded_control,8,encoder_block_8,1.308444619178772,3,100,100
irrelevant_random_2,irrelevant,random,2,359349,68647,padded_control,9,encoder_block_9,1.4874722957611084,3,100,100
irrelevant_random_2,irrelevant,random,2,359349,68647,padded_control,10,encoder_block_10,1.5931007862091064,4,100,100
irrelevant_random_2,irrelevant,random,2,359349,68647,padded_control,11,encoder_block_11,2.931356430053711,4,100,100
irrelevant_random_2,irrelevant,random,2,359349,68647,padded_control,12,encoder_block_12,4.289792060852051,10,100,100
irrelevant_random_2,irrelevant,random,2,359349,68647,attack,0,embedding,0.8156023025512695,61,100,100
irrelevant_random_2,irrelevant,random,2,359349,68647,attack,1,encoder_block_1,0.9683828353881836,54,100,100
irrelevant_random_2,irrelevant,random,2,359349,68647,attack,2,encoder_block_2,1.0314102172851562,39,100,100
irrelevant_random_2,irrelevant,random,2,359349,68647,attack,3,encoder_block_3,1.1423888206481934,16,100,100
irrelevant_random_2,irrelevant,random,2,359349,68647,attack,4,encoder_block_4,1.3115594387054443,14,100,100
irrelevant_random_2,irrelevant,random,2,359349,68647,attack,5,encoder_block_5,1.2357350587844849,18,100,100
irrelevant_random_2,irrelevant,random,2,359349,68647,attack,6,encoder_block_6,1.2320646047592163,14,100,100
irrelevant_random_2,irrelevant,random,2,359349,68647,attack,7,encoder_block_7,1.2749505043029783,11,100,100
irrelevant_random_2,irrelevant,random,2,359349,68647,attack,8,encoder_block_8,1.248477339744568,6,100,100
irrelevant_random_2,irrelevant,random,2,359349,68647,attack,9,encoder_block_9,1.4550176858901978,3,100,100
irrelevant_random_2,irrelevant,random,2,359349,68647,attack,10,encoder_block_10,1.5824947357177734,4,100,100
irrelevant_random_2,irrelevant,random,2,359349,68647,attack,11,encoder_block_11,2.951822280883789,4,100,100
irrelevant_random_2,irrelevant,random,2,359349,68647,attack,12,encoder_block_12,4.406656265258789,9,100,100
irrelevant_random_2,irrelevant,random,2,405717,2365660,original,0,embedding,0.9208202362060548,7,100,100
irrelevant_random_2,irrelevant,random,2,405717,2365660,original,1,encoder_block_1,0.866145133972168,6,100,100
irrelevant_random_2,irrelevant,random,2,405717,2365660,original,2,encoder_block_2,0.8222236633300781,14,100,100
irrelevant_random_2,irrelevant,random,2,405717,2365660,original,3,encoder_block_3,0.6500978469848633,26,100,100
irrelevant_random_2,irrelevant,random,2,405717,2365660,original,4,encoder_block_4,0.9415326118469238,15,100,100
irrelevant_random_2,irrelevant,random,2,405717,2365660,original,5,encoder_block_5,1.0206832885742188,9,100,100
irrelevant_random_2,irrelevant,random,2,405717,2365660,original,6,encoder_block_6,1.075819969177246,6,100,100
irrelevant_random_2,irrelevant,random,2,405717,2365660,original,7,encoder_block_7,1.0861716270446775,6,100,100
irrelevant_random_2,irrelevant,random,2,405717,2365660,original,8,encoder_block_8,1.0177483558654783,8,100,100
irrelevant_random_2,irrelevant,random,2,405717,2365660,original,9,encoder_block_9,1.3243112564086914,6,100,100
irrelevant_random_2,irrelevant,random,2,405717,2365660,original,10,encoder_block_10,1.381485939025879,5,100,100
irrelevant_random_2,irrelevant,random,2,405717,2365660,original,11,encoder_block_11,1.6170711517333984,47,100,100
irrelevant_random_2,irrelevant,random,2,405717,2365660,original,12,encoder_block_12,-0.937993049621582,68,100,100
irrelevant_random_2,irrelevant,random,2,405717,2365660,padded_control,0,embedding,0.9208207130432128,7,100,100
irrelevant_random_2,irrelevant,random,2,405717,2365660,padded_control,1,encoder_block_1,0.8657546043395996,6,100,100
irrelevant_random_2,irrelevant,random,2,405717,2365660,padded_control,2,encoder_block_2,0.8217520713806152,14,100,100
irrelevant_random_2,irrelevant,random,2,405717,2365660,padded_control,3,encoder_block_3,0.6510601043701172,26,100,100
irrelevant_random_2,irrelevant,random,2,405717,2365660,padded_control,4,encoder_block_4,0.9446802139282228,14,100,100
irrelevant_random_2,irrelevant,random,2,405717,2365660,padded_control,5,encoder_block_5,1.024911880493164,9,100,100
irrelevant_random_2,irrelevant,random,2,405717,2365660,padded_control,6,encoder_block_6,1.078625202178955,6,100,100
irrelevant_random_2,irrelevant,random,2,405717,2365660,padded_control,7,encoder_block_7,1.088609218597412,6,100,100
irrelevant_random_2,irrelevant,random,2,405717,2365660,padded_control,8,encoder_block_8,1.0233879089355469,8,100,100
irrelevant_random_2,irrelevant,random,2,405717,2365660,padded_control,9,encoder_block_9,1.329354763031006,6,100,100
irrelevant_random_2,irrelevant,random,2,405717,2365660,padded_control,10,encoder_block_10,1.382435321807861,5,100,100
irrelevant_random_2,irrelevant,random,2,405717,2365660,padded_control,11,encoder_block_11,1.608717918395996,47,100,100
irrelevant_random_2,irrelevant,random,2,405717,2365660,padded_control,12,encoder_block_12,-0.9959869384765624,69,100,100
irrelevant_random_2,irrelevant,random,2,405717,2365660,attack,0,embedding,0.8170170783996582,10,100,100
irrelevant_random_2,irrelevant,random,2,405717,2365660,attack,1,encoder_block_1,0.6799898147583008,14,100,100
irrelevant_random_2,irrelevant,random,2,405717,2365660,attack,2,encoder_block_2,0.5540904998779297,32,100,100
irrelevant_random_2,irrelevant,random,2,405717,2365660,attack,3,encoder_block_3,0.3395838737487793,69,100,100
irrelevant_random_2,irrelevant,random,2,405717,2365660,attack,4,encoder_block_4,0.6653108596801758,52,100,100
irrelevant_random_2,irrelevant,random,2,405717,2365660,attack,5,encoder_block_5,0.7837042808532715,26,100,100
irrelevant_random_2,irrelevant,random,2,405717,2365660,attack,6,encoder_block_6,0.8752851486206055,22,100,100
irrelevant_random_2,irrelevant,random,2,405717,2365660,attack,7,encoder_block_7,0.8810734748840332,20,100,100
irrelevant_random_2,irrelevant,random,2,405717,2365660,attack,8,encoder_block_8,0.8436245918273926,23,100,100
irrelevant_random_2,irrelevant,random,2,405717,2365660,attack,9,encoder_block_9,1.1228506565093994,14,100,100
irrelevant_random_2,irrelevant,random,2,405717,2365660,attack,10,encoder_block_10,1.3289599418640137,8,100,100
irrelevant_random_2,irrelevant,random,2,405717,2365660,attack,11,encoder_block_11,1.620243787765503,47,100,100
irrelevant_random_2,irrelevant,random,2,405717,2365660,attack,12,encoder_block_12,-0.8576865196228027,68,100,100
irrelevant_random_2,irrelevant,random,2,443396,456708,original,0,embedding,0.7042102813720703,36,100,100
irrelevant_random_2,irrelevant,random,2,443396,456708,original,1,encoder_block_1,0.6267457008361816,38,100,100
irrelevant_random_2,irrelevant,random,2,443396,456708,original,2,encoder_block_2,0.7885532379150391,39,100,100
irrelevant_random_2,irrelevant,random,2,443396,456708,original,3,encoder_block_3,0.6316730976104736,40,100,100
irrelevant_random_2,irrelevant,random,2,443396,456708,original,4,encoder_block_4,0.686356782913208,35,100,100
irrelevant_random_2,irrelevant,random,2,443396,456708,original,5,encoder_block_5,0.811579704284668,29,100,100
irrelevant_random_2,irrelevant,random,2,443396,456708,original,6,encoder_block_6,0.718111515045166,30,100,100
irrelevant_random_2,irrelevant,random,2,443396,456708,original,7,encoder_block_7,0.8035445213317871,25,100,100
irrelevant_random_2,irrelevant,random,2,443396,456708,original,8,encoder_block_8,0.6526546478271484,37,100,100
irrelevant_random_2,irrelevant,random,2,443396,456708,original,9,encoder_block_9,0.8443279266357422,31,100,100
irrelevant_random_2,irrelevant,random,2,443396,456708,original,10,encoder_block_10,0.6096851825714111,24,100,100
irrelevant_random_2,irrelevant,random,2,443396,456708,original,11,encoder_block_11,0.889589786529541,27,100,100
irrelevant_random_2,irrelevant,random,2,443396,456708,original,12,encoder_block_12,-0.3833200335502624,20,100,100
irrelevant_random_2,irrelevant,random,2,443396,456708,padded_control,0,embedding,0.7042107582092285,36,100,100
irrelevant_random_2,irrelevant,random,2,443396,456708,padded_control,1,encoder_block_1,0.6239314079284668,38,100,100
irrelevant_random_2,irrelevant,random,2,443396,456708,padded_control,2,encoder_block_2,0.7871980667114258,39,100,100
irrelevant_random_2,irrelevant,random,2,443396,456708,padded_control,3,encoder_block_3,0.6327798366546631,40,100,100
irrelevant_random_2,irrelevant,random,2,443396,456708,padded_control,4,encoder_block_4,0.684229850769043,35,100,100
irrelevant_random_2,irrelevant,random,2,443396,456708,padded_control,5,encoder_block_5,0.8089826107025146,29,100,100
irrelevant_random_2,irrelevant,random,2,443396,456708,padded_control,6,encoder_block_6,0.7196481227874756,30,100,100
irrelevant_random_2,irrelevant,random,2,443396,456708,padded_control,7,encoder_block_7,0.809626579284668,25,100,100
irrelevant_random_2,irrelevant,random,2,443396,456708,padded_control,8,encoder_block_8,0.6681442260742188,36,100,100
irrelevant_random_2,irrelevant,random,2,443396,456708,padded_control,9,encoder_block_9,0.8601617813110352,31,100,100
irrelevant_random_2,irrelevant,random,2,443396,456708,padded_control,10,encoder_block_10,0.614670991897583,24,100,100
irrelevant_random_2,irrelevant,random,2,443396,456708,padded_control,11,encoder_block_11,0.891779899597168,27,100,100
irrelevant_random_2,irrelevant,random,2,443396,456708,padded_control,12,encoder_block_12,-0.3651852011680603,20,100,100
irrelevant_random_2,irrelevant,random,2,443396,456708,attack,0,embedding,0.5700397491455078,47,100,100
irrelevant_random_2,irrelevant,random,2,443396,456708,attack,1,encoder_block_1,0.2815308570861816,54,100,100
irrelevant_random_2,irrelevant,random,2,443396,456708,attack,2,encoder_block_2,0.4675121307373047,52,100,100
irrelevant_random_2,irrelevant,random,2,443396,456708,attack,3,encoder_block_3,0.3501269817352295,50,100,100
irrelevant_random_2,irrelevant,random,2,443396,456708,attack,4,encoder_block_4,0.3900773525238037,52,100,100
irrelevant_random_2,irrelevant,random,2,443396,456708,attack,5,encoder_block_5,0.5273160934448242,43,100,100
irrelevant_random_2,irrelevant,random,2,443396,456708,attack,6,encoder_block_6,0.5054826736450195,41,100,100
irrelevant_random_2,irrelevant,random,2,443396,456708,attack,7,encoder_block_7,0.6136200428009033,36,100,100
irrelevant_random_2,irrelevant,random,2,443396,456708,attack,8,encoder_block_8,0.5197255611419678,43,100,100
irrelevant_random_2,irrelevant,random,2,443396,456708,attack,9,encoder_block_9,0.7535624504089355,36,100,100
irrelevant_random_2,irrelevant,random,2,443396,456708,attack,10,encoder_block_10,0.5601377487182617,29,100,100
irrelevant_random_2,irrelevant,random,2,443396,456708,attack,11,encoder_block_11,0.862136960029602,29,100,100
irrelevant_random_2,irrelevant,random,2,443396,456708,attack,12,encoder_block_12,-0.4059466123580932,20,100,100
irrelevant_random_2,irrelevant,random,2,451602,2176453,original,0,embedding,0.3933138847351074,17,100,100
irrelevant_random_2,irrelevant,random,2,451602,2176453,original,1,encoder_block_1,0.1682777404785156,22,100,100
irrelevant_random_2,irrelevant,random,2,451602,2176453,original,2,encoder_block_2,0.2290468215942382,24,100,100
irrelevant_random_2,irrelevant,random,2,451602,2176453,original,3,encoder_block_3,0.1776103973388672,28,100,100
irrelevant_random_2,irrelevant,random,2,451602,2176453,original,4,encoder_block_4,0.0505352020263671,48,100,100
irrelevant_random_2,irrelevant,random,2,451602,2176453,original,5,encoder_block_5,0.0806472301483154,41,100,100
irrelevant_random_2,irrelevant,random,2,451602,2176453,original,6,encoder_block_6,0.1344029903411865,39,100,100
irrelevant_random_2,irrelevant,random,2,451602,2176453,original,7,encoder_block_7,-0.0522964000701904,46,100,100
irrelevant_random_2,irrelevant,random,2,451602,2176453,original,8,encoder_block_8,0.0380053520202636,52,100,100
irrelevant_random_2,irrelevant,random,2,451602,2176453,original,9,encoder_block_9,0.1594388484954834,57,100,100
irrelevant_random_2,irrelevant,random,2,451602,2176453,original,10,encoder_block_10,0.015010118484497,64,100,100
irrelevant_random_2,irrelevant,random,2,451602,2176453,original,11,encoder_block_11,0.7900853157043457,34,100,100
irrelevant_random_2,irrelevant,random,2,451602,2176453,original,12,encoder_block_12,0.6750409603118896,18,100,100
irrelevant_random_2,irrelevant,random,2,451602,2176453,padded_control,0,embedding,0.3933143615722656,17,100,100
irrelevant_random_2,irrelevant,random,2,451602,2176453,padded_control,1,encoder_block_1,0.1779801845550537,20,100,100
irrelevant_random_2,irrelevant,random,2,451602,2176453,padded_control,2,encoder_block_2,0.2368574142456054,24,100,100
irrelevant_random_2,irrelevant,random,2,451602,2176453,padded_control,3,encoder_block_3,0.1771693229675293,28,100,100
irrelevant_random_2,irrelevant,random,2,451602,2176453,padded_control,4,encoder_block_4,0.0424480438232421,48,100,100
irrelevant_random_2,irrelevant,random,2,451602,2176453,padded_control,5,encoder_block_5,0.0674469470977783,41,100,100
irrelevant_random_2,irrelevant,random,2,451602,2176453,padded_control,6,encoder_block_6,0.1206222772598266,39,100,100
irrelevant_random_2,irrelevant,random,2,451602,2176453,padded_control,7,encoder_block_7,-0.0584867000579834,47,100,100
irrelevant_random_2,irrelevant,random,2,451602,2176453,padded_control,8,encoder_block_8,0.0355949401855468,52,100,100
irrelevant_random_2,irrelevant,random,2,451602,2176453,padded_control,9,encoder_block_9,0.1646895408630371,57,100,100
irrelevant_random_2,irrelevant,random,2,451602,2176453,padded_control,10,encoder_block_10,0.0241264104843139,64,100,100
irrelevant_random_2,irrelevant,random,2,451602,2176453,padded_control,11,encoder_block_11,0.8145538568496704,33,100,100
irrelevant_random_2,irrelevant,random,2,451602,2176453,padded_control,12,encoder_block_12,0.7463629245758057,18,100,100
irrelevant_random_2,irrelevant,random,2,451602,2176453,attack,0,embedding,0.3047342300415039,22,100,100
irrelevant_random_2,irrelevant,random,2,451602,2176453,attack,1,encoder_block_1,-0.1138205528259277,44,100,100
irrelevant_random_2,irrelevant,random,2,451602,2176453,attack,2,encoder_block_2,-0.1796269416809082,55,100,100
irrelevant_random_2,irrelevant,random,2,451602,2176453,attack,3,encoder_block_3,-0.1497933864593505,56,100,100
irrelevant_random_2,irrelevant,random,2,451602,2176453,attack,4,encoder_block_4,-0.2661268711090088,68,100,100
irrelevant_random_2,irrelevant,random,2,451602,2176453,attack,5,encoder_block_5,-0.1717313528060913,65,100,100
irrelevant_random_2,irrelevant,random,2,451602,2176453,attack,6,encoder_block_6,-0.1127402782440185,63,100,100
irrelevant_random_2,irrelevant,random,2,451602,2176453,attack,7,encoder_block_7,-0.2569431066513061,64,100,100
irrelevant_random_2,irrelevant,random,2,451602,2176453,attack,8,encoder_block_8,-0.1243823766708374,70,100,100
irrelevant_random_2,irrelevant,random,2,451602,2176453,attack,9,encoder_block_9,-0.0295444130897521,76,100,100
irrelevant_random_2,irrelevant,random,2,451602,2176453,attack,10,encoder_block_10,-0.0425927639007568,71,100,100
irrelevant_random_2,irrelevant,random,2,451602,2176453,attack,11,encoder_block_11,0.8890002965927124,30,100,100
irrelevant_random_2,irrelevant,random,2,451602,2176453,attack,12,encoder_block_12,1.0316989421844482,18,100,100
irrelevant_random_2,irrelevant,random,2,47923,5032362,original,0,embedding,0.5419049263000488,25,100,100
irrelevant_random_2,irrelevant,random,2,47923,5032362,original,1,encoder_block_1,0.2018756866455078,14,100,100
irrelevant_random_2,irrelevant,random,2,47923,5032362,original,2,encoder_block_2,0.2032818794250488,8,100,100
irrelevant_random_2,irrelevant,random,2,47923,5032362,original,3,encoder_block_3,0.1220095157623291,7,100,100
irrelevant_random_2,irrelevant,random,2,47923,5032362,original,4,encoder_block_4,0.1618798971176147,12,100,100
irrelevant_random_2,irrelevant,random,2,47923,5032362,original,5,encoder_block_5,0.1285055875778198,27,100,100
irrelevant_random_2,irrelevant,random,2,47923,5032362,original,6,encoder_block_6,-0.0201958417892456,40,100,100
irrelevant_random_2,irrelevant,random,2,47923,5032362,original,7,encoder_block_7,-0.1066389083862304,40,100,100
irrelevant_random_2,irrelevant,random,2,47923,5032362,original,8,encoder_block_8,0.0093111991882324,34,100,100
irrelevant_random_2,irrelevant,random,2,47923,5032362,original,9,encoder_block_9,0.3868119716644287,19,100,100
irrelevant_random_2,irrelevant,random,2,47923,5032362,original,10,encoder_block_10,0.47895348072052,29,100,100
irrelevant_random_2,irrelevant,random,2,47923,5032362,original,11,encoder_block_11,1.6945843696594238,22,100,100
irrelevant_random_2,irrelevant,random,2,47923,5032362,original,12,encoder_block_12,2.916050910949707,23,100,100
irrelevant_random_2,irrelevant,random,2,47923,5032362,padded_control,0,embedding,0.5419051647186279,25,100,100
irrelevant_random_2,irrelevant,random,2,47923,5032362,padded_control,1,encoder_block_1,0.2041733264923095,14,100,100
irrelevant_random_2,irrelevant,random,2,47923,5032362,padded_control,2,encoder_block_2,0.1920738220214843,8,100,100
irrelevant_random_2,irrelevant,random,2,47923,5032362,padded_control,3,encoder_block_3,0.1077933311462402,8,100,100
irrelevant_random_2,irrelevant,random,2,47923,5032362,padded_control,4,encoder_block_4,0.1528373956680297,13,100,100
irrelevant_random_2,irrelevant,random,2,47923,5032362,padded_control,5,encoder_block_5,0.1227637529373169,28,100,100
irrelevant_random_2,irrelevant,random,2,47923,5032362,padded_control,6,encoder_block_6,-0.0238456726074218,40,100,100
irrelevant_random_2,irrelevant,random,2,47923,5032362,padded_control,7,encoder_block_7,-0.106494665145874,40,100,100
irrelevant_random_2,irrelevant,random,2,47923,5032362,padded_control,8,encoder_block_8,0.0175011157989501,31,100,100
irrelevant_random_2,irrelevant,random,2,47923,5032362,padded_control,9,encoder_block_9,0.3886101245880127,19,100,100
irrelevant_random_2,irrelevant,random,2,47923,5032362,padded_control,10,encoder_block_10,0.4916524887084961,28,100,100
irrelevant_random_2,irrelevant,random,2,47923,5032362,padded_control,11,encoder_block_11,1.7406141757965088,19,100,100
irrelevant_random_2,irrelevant,random,2,47923,5032362,padded_control,12,encoder_block_12,2.98150634765625,23,100,100
irrelevant_random_2,irrelevant,random,2,47923,5032362,attack,0,embedding,0.4210326671600342,47,100,100
irrelevant_random_2,irrelevant,random,2,47923,5032362,attack,1,encoder_block_1,-0.1241199970245361,50,100,100
irrelevant_random_2,irrelevant,random,2,47923,5032362,attack,2,encoder_block_2,-0.1880719661712646,49,100,100
irrelevant_random_2,irrelevant,random,2,47923,5032362,attack,3,encoder_block_3,-0.2269991636276245,55,100,100
irrelevant_random_2,irrelevant,random,2,47923,5032362,attack,4,encoder_block_4,-0.1824554204940796,53,100,100
irrelevant_random_2,irrelevant,random,2,47923,5032362,attack,5,encoder_block_5,-0.1501830816268921,63,100,100
irrelevant_random_2,irrelevant,random,2,47923,5032362,attack,6,encoder_block_6,-0.2124981880187988,68,100,100
irrelevant_random_2,irrelevant,random,2,47923,5032362,attack,7,encoder_block_7,-0.3312196731567383,75,100,100
irrelevant_random_2,irrelevant,random,2,47923,5032362,attack,8,encoder_block_8,-0.1502653360366821,59,100,100
irrelevant_random_2,irrelevant,random,2,47923,5032362,attack,9,encoder_block_9,0.1957300901412964,47,100,100
irrelevant_random_2,irrelevant,random,2,47923,5032362,attack,10,encoder_block_10,0.338691234588623,36,100,100
irrelevant_random_2,irrelevant,random,2,47923,5032362,attack,11,encoder_block_11,1.6954398155212402,22,100,100
irrelevant_random_2,irrelevant,random,2,47923,5032362,attack,12,encoder_block_12,3.1001012325286865,22,100,100
irrelevant_random_2,irrelevant,random,2,489204,1479542,original,0,embedding,0.9842653274536132,11,100,100
irrelevant_random_2,irrelevant,random,2,489204,1479542,original,1,encoder_block_1,0.5856249332427979,8,100,100
irrelevant_random_2,irrelevant,random,2,489204,1479542,original,2,encoder_block_2,0.6975641250610352,6,100,100
irrelevant_random_2,irrelevant,random,2,489204,1479542,original,3,encoder_block_3,0.7435932159423828,5,100,100
irrelevant_random_2,irrelevant,random,2,489204,1479542,original,4,encoder_block_4,0.7964556217193604,10,100,100
irrelevant_random_2,irrelevant,random,2,489204,1479542,original,5,encoder_block_5,0.8611578941345215,10,100,100
irrelevant_random_2,irrelevant,random,2,489204,1479542,original,6,encoder_block_6,0.7161498069763184,14,100,100
irrelevant_random_2,irrelevant,random,2,489204,1479542,original,7,encoder_block_7,0.5867900848388672,18,100,100
irrelevant_random_2,irrelevant,random,2,489204,1479542,original,8,encoder_block_8,0.5838112831115723,9,100,100
irrelevant_random_2,irrelevant,random,2,489204,1479542,original,9,encoder_block_9,0.6858546733856201,9,100,100
irrelevant_random_2,irrelevant,random,2,489204,1479542,original,10,encoder_block_10,0.3786165714263916,10,100,100
irrelevant_random_2,irrelevant,random,2,489204,1479542,original,11,encoder_block_11,0.8341217041015625,25,100,100
irrelevant_random_2,irrelevant,random,2,489204,1479542,original,12,encoder_block_12,-0.6475513577461243,43,100,100
irrelevant_random_2,irrelevant,random,2,489204,1479542,padded_control,0,embedding,0.9842655658721924,11,100,100
irrelevant_random_2,irrelevant,random,2,489204,1479542,padded_control,1,encoder_block_1,0.5788497924804688,9,100,100
irrelevant_random_2,irrelevant,random,2,489204,1479542,padded_control,2,encoder_block_2,0.6931605339050293,7,100,100
irrelevant_random_2,irrelevant,random,2,489204,1479542,padded_control,3,encoder_block_3,0.7315793037414551,6,100,100
irrelevant_random_2,irrelevant,random,2,489204,1479542,padded_control,4,encoder_block_4,0.7925853729248047,11,100,100
irrelevant_random_2,irrelevant,random,2,489204,1479542,padded_control,5,encoder_block_5,0.8601086139678955,10,100,100
irrelevant_random_2,irrelevant,random,2,489204,1479542,padded_control,6,encoder_block_6,0.7203149795532227,12,100,100
irrelevant_random_2,irrelevant,random,2,489204,1479542,padded_control,7,encoder_block_7,0.5979692935943604,17,100,100
irrelevant_random_2,irrelevant,random,2,489204,1479542,padded_control,8,encoder_block_8,0.5900256633758545,9,100,100
irrelevant_random_2,irrelevant,random,2,489204,1479542,padded_control,9,encoder_block_9,0.7052938938140869,9,100,100
irrelevant_random_2,irrelevant,random,2,489204,1479542,padded_control,10,encoder_block_10,0.4005601406097412,10,100,100
irrelevant_random_2,irrelevant,random,2,489204,1479542,padded_control,11,encoder_block_11,0.8638365268707275,24,100,100
irrelevant_random_2,irrelevant,random,2,489204,1479542,padded_control,12,encoder_block_12,-0.3407914340496063,39,100,100
irrelevant_random_2,irrelevant,random,2,489204,1479542,attack,0,embedding,0.8553586006164551,14,100,100
irrelevant_random_2,irrelevant,random,2,489204,1479542,attack,1,encoder_block_1,0.3616156578063965,17,100,100
irrelevant_random_2,irrelevant,random,2,489204,1479542,attack,2,encoder_block_2,0.4870858192443847,20,100,100
irrelevant_random_2,irrelevant,random,2,489204,1479542,attack,3,encoder_block_3,0.503502368927002,22,100,100
irrelevant_random_2,irrelevant,random,2,489204,1479542,attack,4,encoder_block_4,0.5591118335723877,24,100,100
irrelevant_random_2,irrelevant,random,2,489204,1479542,attack,5,encoder_block_5,0.6469213962554932,26,100,100
irrelevant_random_2,irrelevant,random,2,489204,1479542,attack,6,encoder_block_6,0.537672758102417,36,100,100
irrelevant_random_2,irrelevant,random,2,489204,1479542,attack,7,encoder_block_7,0.4258649349212646,42,100,100
irrelevant_random_2,irrelevant,random,2,489204,1479542,attack,8,encoder_block_8,0.4708237648010254,24,100,100
irrelevant_random_2,irrelevant,random,2,489204,1479542,attack,9,encoder_block_9,0.6104364395141602,14,100,100
irrelevant_random_2,irrelevant,random,2,489204,1479542,attack,10,encoder_block_10,0.4649486541748047,6,100,100
irrelevant_random_2,irrelevant,random,2,489204,1479542,attack,11,encoder_block_11,0.9577566385269164,20,100,100
irrelevant_random_2,irrelevant,random,2,489204,1479542,attack,12,encoder_block_12,0.3410248756408691,32,100,100
irrelevant_random_2,irrelevant,random,2,490595,1929910,original,0,embedding,0.0753979682922363,100,100,100
irrelevant_random_2,irrelevant,random,2,490595,1929910,original,1,encoder_block_1,0.4816889762878418,81,100,100
irrelevant_random_2,irrelevant,random,2,490595,1929910,original,2,encoder_block_2,0.4709804058074951,80,100,100
irrelevant_random_2,irrelevant,random,2,490595,1929910,original,3,encoder_block_3,0.4257154464721679,76,100,100
irrelevant_random_2,irrelevant,random,2,490595,1929910,original,4,encoder_block_4,0.5509023666381836,73,100,100
irrelevant_random_2,irrelevant,random,2,490595,1929910,original,5,encoder_block_5,0.6441328525543213,81,100,100
irrelevant_random_2,irrelevant,random,2,490595,1929910,original,6,encoder_block_6,0.6735286712646484,74,100,100
irrelevant_random_2,irrelevant,random,2,490595,1929910,original,7,encoder_block_7,0.878772497177124,63,100,100
irrelevant_random_2,irrelevant,random,2,490595,1929910,original,8,encoder_block_8,0.9514656066894532,59,100,100
irrelevant_random_2,irrelevant,random,2,490595,1929910,original,9,encoder_block_9,1.1009910106658936,53,100,100
irrelevant_random_2,irrelevant,random,2,490595,1929910,original,10,encoder_block_10,1.442347288131714,9,100,100
irrelevant_random_2,irrelevant,random,2,490595,1929910,original,11,encoder_block_11,2.5169999599456787,2,100,100
irrelevant_random_2,irrelevant,random,2,490595,1929910,original,12,encoder_block_12,3.6747655868530273,7,100,100
irrelevant_random_2,irrelevant,random,2,490595,1929910,padded_control,0,embedding,0.0753979682922363,100,100,100
irrelevant_random_2,irrelevant,random,2,490595,1929910,padded_control,1,encoder_block_1,0.4802470207214355,81,100,100
irrelevant_random_2,irrelevant,random,2,490595,1929910,padded_control,2,encoder_block_2,0.4742023944854736,79,100,100
irrelevant_random_2,irrelevant,random,2,490595,1929910,padded_control,3,encoder_block_3,0.4201290607452392,76,100,100
irrelevant_random_2,irrelevant,random,2,490595,1929910,padded_control,4,encoder_block_4,0.5434398651123047,73,100,100
irrelevant_random_2,irrelevant,random,2,490595,1929910,padded_control,5,encoder_block_5,0.63671875,82,100,100
irrelevant_random_2,irrelevant,random,2,490595,1929910,padded_control,6,encoder_block_6,0.6690492630004883,74,100,100
irrelevant_random_2,irrelevant,random,2,490595,1929910,padded_control,7,encoder_block_7,0.8721652030944824,63,100,100
irrelevant_random_2,irrelevant,random,2,490595,1929910,padded_control,8,encoder_block_8,0.9485912322998048,59,100,100
irrelevant_random_2,irrelevant,random,2,490595,1929910,padded_control,9,encoder_block_9,1.1047356128692627,53,100,100
irrelevant_random_2,irrelevant,random,2,490595,1929910,padded_control,10,encoder_block_10,1.4483888149261477,8,100,100
irrelevant_random_2,irrelevant,random,2,490595,1929910,padded_control,11,encoder_block_11,2.520441770553589,2,100,100
irrelevant_random_2,irrelevant,random,2,490595,1929910,padded_control,12,encoder_block_12,3.6697511672973633,7,100,100
irrelevant_random_2,irrelevant,random,2,490595,1929910,attack,0,embedding,0.0133490562438964,100,100,100
irrelevant_random_2,irrelevant,random,2,490595,1929910,attack,1,encoder_block_1,0.2879006862640381,88,100,100
irrelevant_random_2,irrelevant,random,2,490595,1929910,attack,2,encoder_block_2,0.2805542945861816,90,100,100
irrelevant_random_2,irrelevant,random,2,490595,1929910,attack,3,encoder_block_3,0.2092995643615722,94,100,100
irrelevant_random_2,irrelevant,random,2,490595,1929910,attack,4,encoder_block_4,0.2806448936462402,95,100,100
irrelevant_random_2,irrelevant,random,2,490595,1929910,attack,5,encoder_block_5,0.4410328865051269,92,100,100
irrelevant_random_2,irrelevant,random,2,490595,1929910,attack,6,encoder_block_6,0.5223820209503174,88,100,100
irrelevant_random_2,irrelevant,random,2,490595,1929910,attack,7,encoder_block_7,0.7239272594451904,78,100,100
irrelevant_random_2,irrelevant,random,2,490595,1929910,attack,8,encoder_block_8,0.8754315376281738,68,100,100
irrelevant_random_2,irrelevant,random,2,490595,1929910,attack,9,encoder_block_9,1.0335466861724854,60,100,100
irrelevant_random_2,irrelevant,random,2,490595,1929910,attack,10,encoder_block_10,1.4098153114318848,10,100,100
irrelevant_random_2,irrelevant,random,2,490595,1929910,attack,11,encoder_block_11,2.542163372039795,2,100,100
irrelevant_random_2,irrelevant,random,2,490595,1929910,attack,12,encoder_block_12,3.760847568511963,5,100,100
irrelevant_random_2,irrelevant,random,2,527433,8617271,original,0,embedding,-0.2739782333374023,82,100,100
irrelevant_random_2,irrelevant,random,2,527433,8617271,original,1,encoder_block_1,-0.7677736282348633,88,100,100
irrelevant_random_2,irrelevant,random,2,527433,8617271,original,2,encoder_block_2,-0.749413013458252,91,100,100
irrelevant_random_2,irrelevant,random,2,527433,8617271,original,3,encoder_block_3,-0.4561138153076172,89,100,100
irrelevant_random_2,irrelevant,random,2,527433,8617271,original,4,encoder_block_4,-0.2903542518615722,70,100,100
irrelevant_random_2,irrelevant,random,2,527433,8617271,original,5,encoder_block_5,-0.3114089965820312,55,100,100
irrelevant_random_2,irrelevant,random,2,527433,8617271,original,6,encoder_block_6,-0.3677833080291748,54,100,100
irrelevant_random_2,irrelevant,random,2,527433,8617271,original,7,encoder_block_7,-0.1703708171844482,31,100,100
irrelevant_random_2,irrelevant,random,2,527433,8617271,original,8,encoder_block_8,-0.0141446590423583,14,100,100
irrelevant_random_2,irrelevant,random,2,527433,8617271,original,9,encoder_block_9,0.379223108291626,6,100,100
irrelevant_random_2,irrelevant,random,2,527433,8617271,original,10,encoder_block_10,1.1977243423461914,1,100,100
irrelevant_random_2,irrelevant,random,2,527433,8617271,original,11,encoder_block_11,3.5456981658935547,1,100,100
irrelevant_random_2,irrelevant,random,2,527433,8617271,original,12,encoder_block_12,6.805009841918945,1,100,100
irrelevant_random_2,irrelevant,random,2,527433,8617271,padded_control,0,embedding,-0.2739777565002441,82,100,100
irrelevant_random_2,irrelevant,random,2,527433,8617271,padded_control,1,encoder_block_1,-0.7747602462768555,88,100,100
irrelevant_random_2,irrelevant,random,2,527433,8617271,padded_control,2,encoder_block_2,-0.7578201293945312,91,100,100
irrelevant_random_2,irrelevant,random,2,527433,8617271,padded_control,3,encoder_block_3,-0.4688715934753418,90,100,100
irrelevant_random_2,irrelevant,random,2,527433,8617271,padded_control,4,encoder_block_4,-0.3032188415527344,71,100,100
irrelevant_random_2,irrelevant,random,2,527433,8617271,padded_control,5,encoder_block_5,-0.3214423656463623,57,100,100
irrelevant_random_2,irrelevant,random,2,527433,8617271,padded_control,6,encoder_block_6,-0.3864734172821045,57,100,100
irrelevant_random_2,irrelevant,random,2,527433,8617271,padded_control,7,encoder_block_7,-0.1819155216217041,33,100,100
irrelevant_random_2,irrelevant,random,2,527433,8617271,padded_control,8,encoder_block_8,-0.0196409225463867,14,100,100
irrelevant_random_2,irrelevant,random,2,527433,8617271,padded_control,9,encoder_block_9,0.3709375858306885,6,100,100
irrelevant_random_2,irrelevant,random,2,527433,8617271,padded_control,10,encoder_block_10,1.1973299980163574,1,100,100
irrelevant_random_2,irrelevant,random,2,527433,8617271,padded_control,11,encoder_block_11,3.514859199523926,1,100,100
irrelevant_random_2,irrelevant,random,2,527433,8617271,padded_control,12,encoder_block_12,6.775310516357422,1,100,100
irrelevant_random_2,irrelevant,random,2,527433,8617271,attack,0,embedding,-0.3992376327514648,88,100,100
irrelevant_random_2,irrelevant,random,2,527433,8617271,attack,1,encoder_block_1,-1.0149869918823242,97,100,100
irrelevant_random_2,irrelevant,random,2,527433,8617271,attack,2,encoder_block_2,-1.1167631149291992,100,100,100
irrelevant_random_2,irrelevant,random,2,527433,8617271,attack,3,encoder_block_3,-0.7708032131195068,100,100,100
irrelevant_random_2,irrelevant,random,2,527433,8617271,attack,4,encoder_block_4,-0.5705595016479492,94,100,100
irrelevant_random_2,irrelevant,random,2,527433,8617271,attack,5,encoder_block_5,-0.543071985244751,81,100,100
irrelevant_random_2,irrelevant,random,2,527433,8617271,attack,6,encoder_block_6,-0.5472428798675537,71,100,100
irrelevant_random_2,irrelevant,random,2,527433,8617271,attack,7,encoder_block_7,-0.366309642791748,61,100,100
irrelevant_random_2,irrelevant,random,2,527433,8617271,attack,8,encoder_block_8,-0.1283235549926757,19,100,100
irrelevant_random_2,irrelevant,random,2,527433,8617271,attack,9,encoder_block_9,0.2409451007843017,10,100,100
irrelevant_random_2,irrelevant,random,2,527433,8617271,attack,10,encoder_block_10,1.1362333297729492,1,100,100
irrelevant_random_2,irrelevant,random,2,527433,8617271,attack,11,encoder_block_11,3.594869613647461,1,100,100
irrelevant_random_2,irrelevant,random,2,527433,8617271,attack,12,encoder_block_12,6.847139358520508,1,100,100
irrelevant_random_2,irrelevant,random,2,573724,2417985,original,0,embedding,0.1086330413818359,78,100,100
irrelevant_random_2,irrelevant,random,2,573724,2417985,original,1,encoder_block_1,0.5057401657104492,43,100,100
irrelevant_random_2,irrelevant,random,2,573724,2417985,original,2,encoder_block_2,0.8537561893463135,35,100,100
irrelevant_random_2,irrelevant,random,2,573724,2417985,original,3,encoder_block_3,0.9013867378234864,31,100,100
irrelevant_random_2,irrelevant,random,2,573724,2417985,original,4,encoder_block_4,0.7676498889923096,42,100,100
irrelevant_random_2,irrelevant,random,2,573724,2417985,original,5,encoder_block_5,0.5416269302368164,68,100,100
irrelevant_random_2,irrelevant,random,2,573724,2417985,original,6,encoder_block_6,0.5052633285522461,67,100,100
irrelevant_random_2,irrelevant,random,2,573724,2417985,original,7,encoder_block_7,0.3428630828857422,80,100,100
irrelevant_random_2,irrelevant,random,2,573724,2417985,original,8,encoder_block_8,0.4382421970367431,78,100,100
irrelevant_random_2,irrelevant,random,2,573724,2417985,original,9,encoder_block_9,0.6834254264831543,58,100,100
irrelevant_random_2,irrelevant,random,2,573724,2417985,original,10,encoder_block_10,0.3519823551177978,66,100,100
irrelevant_random_2,irrelevant,random,2,573724,2417985,original,11,encoder_block_11,1.10707426071167,57,100,100
irrelevant_random_2,irrelevant,random,2,573724,2417985,original,12,encoder_block_12,1.600117266178131,58,100,100
irrelevant_random_2,irrelevant,random,2,573724,2417985,padded_control,0,embedding,0.1086320877075195,78,100,100
irrelevant_random_2,irrelevant,random,2,573724,2417985,padded_control,1,encoder_block_1,0.5067815780639648,43,100,100
irrelevant_random_2,irrelevant,random,2,573724,2417985,padded_control,2,encoder_block_2,0.8618640899658203,33,100,100
irrelevant_random_2,irrelevant,random,2,573724,2417985,padded_control,3,encoder_block_3,0.9016933441162108,31,100,100
irrelevant_random_2,irrelevant,random,2,573724,2417985,padded_control,4,encoder_block_4,0.7631235122680664,42,100,100
irrelevant_random_2,irrelevant,random,2,573724,2417985,padded_control,5,encoder_block_5,0.537416934967041,68,100,100
irrelevant_random_2,irrelevant,random,2,573724,2417985,padded_control,6,encoder_block_6,0.5058841705322266,67,100,100
irrelevant_random_2,irrelevant,random,2,573724,2417985,padded_control,7,encoder_block_7,0.3471956253051758,80,100,100
irrelevant_random_2,irrelevant,random,2,573724,2417985,padded_control,8,encoder_block_8,0.4370338916778564,78,100,100
irrelevant_random_2,irrelevant,random,2,573724,2417985,padded_control,9,encoder_block_9,0.667259931564331,61,100,100
irrelevant_random_2,irrelevant,random,2,573724,2417985,padded_control,10,encoder_block_10,0.3344852924346924,67,100,100
irrelevant_random_2,irrelevant,random,2,573724,2417985,padded_control,11,encoder_block_11,1.081294298171997,58,100,100
irrelevant_random_2,irrelevant,random,2,573724,2417985,padded_control,12,encoder_block_12,1.3686243891716003,59,100,100
irrelevant_random_2,irrelevant,random,2,573724,2417985,attack,0,embedding,-0.1348485946655273,97,100,100
irrelevant_random_2,irrelevant,random,2,573724,2417985,attack,1,encoder_block_1,0.0897116661071777,77,100,100
irrelevant_random_2,irrelevant,random,2,573724,2417985,attack,2,encoder_block_2,0.4182591438293457,80,100,100
irrelevant_random_2,irrelevant,random,2,573724,2417985,attack,3,encoder_block_3,0.4049444198608398,87,100,100
irrelevant_random_2,irrelevant,random,2,573724,2417985,attack,4,encoder_block_4,0.3138782978057861,90,100,100
irrelevant_random_2,irrelevant,random,2,573724,2417985,attack,5,encoder_block_5,0.1139547824859619,96,100,100
irrelevant_random_2,irrelevant,random,2,573724,2417985,attack,6,encoder_block_6,0.1462907791137695,92,100,100
irrelevant_random_2,irrelevant,random,2,573724,2417985,attack,7,encoder_block_7,-0.0092356204986572,95,100,100
irrelevant_random_2,irrelevant,random,2,573724,2417985,attack,8,encoder_block_8,0.1849100589752197,90,100,100
irrelevant_random_2,irrelevant,random,2,573724,2417985,attack,9,encoder_block_9,0.4317255020141601,76,100,100
irrelevant_random_2,irrelevant,random,2,573724,2417985,attack,10,encoder_block_10,0.2303166389465332,71,100,100
irrelevant_random_2,irrelevant,random,2,573724,2417985,attack,11,encoder_block_11,1.0900001525878906,58,100,100
irrelevant_random_2,irrelevant,random,2,573724,2417985,attack,12,encoder_block_12,1.5936740636825562,58,100,100
irrelevant_random_2,irrelevant,random,2,833860,3437288,original,0,embedding,0.2832717895507812,36,100,100
irrelevant_random_2,irrelevant,random,2,833860,3437288,original,1,encoder_block_1,-0.031508445739746,71,100,100
irrelevant_random_2,irrelevant,random,2,833860,3437288,original,2,encoder_block_2,0.2634127140045166,64,100,100
irrelevant_random_2,irrelevant,random,2,833860,3437288,original,3,encoder_block_3,0.3253700733184814,52,100,100
irrelevant_random_2,irrelevant,random,2,833860,3437288,original,4,encoder_block_4,0.3164553642272949,50,100,100
irrelevant_random_2,irrelevant,random,2,833860,3437288,original,5,encoder_block_5,0.2507596015930176,49,100,100
irrelevant_random_2,irrelevant,random,2,833860,3437288,original,6,encoder_block_6,0.1544456481933593,47,100,100
irrelevant_random_2,irrelevant,random,2,833860,3437288,original,7,encoder_block_7,0.1992678642272949,46,100,100
irrelevant_random_2,irrelevant,random,2,833860,3437288,original,8,encoder_block_8,0.2588486671447754,49,100,100
irrelevant_random_2,irrelevant,random,2,833860,3437288,original,9,encoder_block_9,0.5385427474975586,22,100,100
irrelevant_random_2,irrelevant,random,2,833860,3437288,original,10,encoder_block_10,0.8934817314147949,14,100,100
irrelevant_random_2,irrelevant,random,2,833860,3437288,original,11,encoder_block_11,2.8506088256835938,9,100,100
irrelevant_random_2,irrelevant,random,2,833860,3437288,original,12,encoder_block_12,6.083935737609863,3,100,100
irrelevant_random_2,irrelevant,random,2,833860,3437288,padded_control,0,embedding,0.2832722663879394,36,100,100
irrelevant_random_2,irrelevant,random,2,833860,3437288,padded_control,1,encoder_block_1,-0.0291576385498046,71,100,100
irrelevant_random_2,irrelevant,random,2,833860,3437288,padded_control,2,encoder_block_2,0.2671365737915039,64,100,100
irrelevant_random_2,irrelevant,random,2,833860,3437288,padded_control,3,encoder_block_3,0.3341760635375976,51,100,100
irrelevant_random_2,irrelevant,random,2,833860,3437288,padded_control,4,encoder_block_4,0.3289613723754883,49,100,100
irrelevant_random_2,irrelevant,random,2,833860,3437288,padded_control,5,encoder_block_5,0.2601466178894043,49,100,100
irrelevant_random_2,irrelevant,random,2,833860,3437288,padded_control,6,encoder_block_6,0.1628684997558593,46,100,100
irrelevant_random_2,irrelevant,random,2,833860,3437288,padded_control,7,encoder_block_7,0.2052299976348877,46,100,100
irrelevant_random_2,irrelevant,random,2,833860,3437288,padded_control,8,encoder_block_8,0.2662248611450195,49,100,100
irrelevant_random_2,irrelevant,random,2,833860,3437288,padded_control,9,encoder_block_9,0.5317873954772949,22,100,100
irrelevant_random_2,irrelevant,random,2,833860,3437288,padded_control,10,encoder_block_10,0.8852393627166748,14,100,100
irrelevant_random_2,irrelevant,random,2,833860,3437288,padded_control,11,encoder_block_11,2.846604347229004,9,100,100
irrelevant_random_2,irrelevant,random,2,833860,3437288,padded_control,12,encoder_block_12,6.08311939239502,3,100,100
irrelevant_random_2,irrelevant,random,2,833860,3437288,attack,0,embedding,0.1380605697631836,55,100,100
irrelevant_random_2,irrelevant,random,2,833860,3437288,attack,1,encoder_block_1,-0.1976361274719238,83,100,100
irrelevant_random_2,irrelevant,random,2,833860,3437288,attack,2,encoder_block_2,0.0074577331542968,82,100,100
irrelevant_random_2,irrelevant,random,2,833860,3437288,attack,3,encoder_block_3,0.0688889026641845,77,100,100
irrelevant_random_2,irrelevant,random,2,833860,3437288,attack,4,encoder_block_4,0.0472111701965332,70,100,100
irrelevant_random_2,irrelevant,random,2,833860,3437288,attack,5,encoder_block_5,-0.0376162528991699,75,100,100
irrelevant_random_2,irrelevant,random,2,833860,3437288,attack,6,encoder_block_6,-0.1041910648345947,73,100,100
irrelevant_random_2,irrelevant,random,2,833860,3437288,attack,7,encoder_block_7,-0.0197455883026123,66,100,100
irrelevant_random_2,irrelevant,random,2,833860,3437288,attack,8,encoder_block_8,0.0266985893249511,69,100,100
irrelevant_random_2,irrelevant,random,2,833860,3437288,attack,9,encoder_block_9,0.3720371723175049,27,100,100
irrelevant_random_2,irrelevant,random,2,833860,3437288,attack,10,encoder_block_10,0.8067805767059326,15,100,100
irrelevant_random_2,irrelevant,random,2,833860,3437288,attack,11,encoder_block_11,2.8335561752319336,10,100,100
irrelevant_random_2,irrelevant,random,2,833860,3437288,attack,12,encoder_block_12,6.099029541015625,3,100,100
irrelevant_random_2,irrelevant,random,2,855410,8651775,original,0,embedding,-0.0004994869232177,5,100,5
irrelevant_random_2,irrelevant,random,2,855410,8651775,original,1,encoder_block_1,-0.3021802902221679,5,100,5
irrelevant_random_2,irrelevant,random,2,855410,8651775,original,2,encoder_block_2,-0.2216396331787109,5,100,5
irrelevant_random_2,irrelevant,random,2,855410,8651775,original,3,encoder_block_3,-0.1444034576416015,5,100,5
irrelevant_random_2,irrelevant,random,2,855410,8651775,original,4,encoder_block_4,0.0451900959014892,5,100,5
irrelevant_random_2,irrelevant,random,2,855410,8651775,original,5,encoder_block_5,-0.0349977016448974,3,100,5
irrelevant_random_2,irrelevant,random,2,855410,8651775,original,6,encoder_block_6,-0.0338470935821533,3,100,5
irrelevant_random_2,irrelevant,random,2,855410,8651775,original,7,encoder_block_7,-0.0878105163574218,4,100,5
irrelevant_random_2,irrelevant,random,2,855410,8651775,original,8,encoder_block_8,0.2215876579284668,2,100,5
irrelevant_random_2,irrelevant,random,2,855410,8651775,original,9,encoder_block_9,0.6039667129516602,2,100,5
irrelevant_random_2,irrelevant,random,2,855410,8651775,original,10,encoder_block_10,0.946608543395996,2,100,5
irrelevant_random_2,irrelevant,random,2,855410,8651775,original,11,encoder_block_11,1.71185564994812,1,100,5
irrelevant_random_2,irrelevant,random,2,855410,8651775,original,12,encoder_block_12,2.128062605857849,3,100,5
irrelevant_random_2,irrelevant,random,2,855410,8651775,padded_control,0,embedding,-0.0004992485046386,5,100,5
irrelevant_random_2,irrelevant,random,2,855410,8651775,padded_control,1,encoder_block_1,-0.2989039421081543,5,100,5
irrelevant_random_2,irrelevant,random,2,855410,8651775,padded_control,2,encoder_block_2,-0.2051558494567871,5,100,5
irrelevant_random_2,irrelevant,random,2,855410,8651775,padded_control,3,encoder_block_3,-0.1379981040954589,5,100,5
irrelevant_random_2,irrelevant,random,2,855410,8651775,padded_control,4,encoder_block_4,0.0461006164550781,5,100,5
irrelevant_random_2,irrelevant,random,2,855410,8651775,padded_control,5,encoder_block_5,-0.0261049270629882,3,100,5
irrelevant_random_2,irrelevant,random,2,855410,8651775,padded_control,6,encoder_block_6,-0.0285279750823974,3,100,5
irrelevant_random_2,irrelevant,random,2,855410,8651775,padded_control,7,encoder_block_7,-0.0800216197967529,4,100,5
irrelevant_random_2,irrelevant,random,2,855410,8651775,padded_control,8,encoder_block_8,0.2291169166564941,2,100,5
irrelevant_random_2,irrelevant,random,2,855410,8651775,padded_control,9,encoder_block_9,0.6111347675323486,2,100,5
irrelevant_random_2,irrelevant,random,2,855410,8651775,padded_control,10,encoder_block_10,0.9566495418548584,2,100,5
irrelevant_random_2,irrelevant,random,2,855410,8651775,padded_control,11,encoder_block_11,1.708648681640625,1,100,5
irrelevant_random_2,irrelevant,random,2,855410,8651775,padded_control,12,encoder_block_12,2.0763192176818848,3,100,5
irrelevant_random_2,irrelevant,random,2,855410,8651775,attack,0,embedding,-0.110936164855957,5,100,5
irrelevant_random_2,irrelevant,random,2,855410,8651775,attack,1,encoder_block_1,-0.5415732860565186,5,100,5
irrelevant_random_2,irrelevant,random,2,855410,8651775,attack,2,encoder_block_2,-0.4832994937896728,5,100,5
irrelevant_random_2,irrelevant,random,2,855410,8651775,attack,3,encoder_block_3,-0.4022145271301269,5,100,5
irrelevant_random_2,irrelevant,random,2,855410,8651775,attack,4,encoder_block_4,-0.1714174747467041,5,100,5
irrelevant_random_2,irrelevant,random,2,855410,8651775,attack,5,encoder_block_5,-0.2666386365890503,5,100,5
irrelevant_random_2,irrelevant,random,2,855410,8651775,attack,6,encoder_block_6,-0.2558712959289551,5,100,5
irrelevant_random_2,irrelevant,random,2,855410,8651775,attack,7,encoder_block_7,-0.2928904294967651,5,100,5
irrelevant_random_2,irrelevant,random,2,855410,8651775,attack,8,encoder_block_8,0.0821089744567871,5,100,5
irrelevant_random_2,irrelevant,random,2,855410,8651775,attack,9,encoder_block_9,0.5101792812347412,2,100,5
irrelevant_random_2,irrelevant,random,2,855410,8651775,attack,10,encoder_block_10,0.8846042156219482,2,100,5
irrelevant_random_2,irrelevant,random,2,855410,8651775,attack,11,encoder_block_11,1.565715789794922,3,100,5
irrelevant_random_2,irrelevant,random,2,855410,8651775,attack,12,encoder_block_12,1.8458298444747925,3,100,5
irrelevant_random_2,irrelevant,random,2,87181,7666831,original,0,embedding,0.8100113868713379,27,100,100
irrelevant_random_2,irrelevant,random,2,87181,7666831,original,1,encoder_block_1,0.419034481048584,24,100,100
irrelevant_random_2,irrelevant,random,2,87181,7666831,original,2,encoder_block_2,0.3467845916748047,21,100,100
irrelevant_random_2,irrelevant,random,2,87181,7666831,original,3,encoder_block_3,0.4255003929138183,7,100,100
irrelevant_random_2,irrelevant,random,2,87181,7666831,original,4,encoder_block_4,0.4125947952270508,3,100,100
irrelevant_random_2,irrelevant,random,2,87181,7666831,original,5,encoder_block_5,0.4371976852416992,1,100,100
irrelevant_random_2,irrelevant,random,2,87181,7666831,original,6,encoder_block_6,0.4695465564727783,1,100,100
irrelevant_random_2,irrelevant,random,2,87181,7666831,original,7,encoder_block_7,0.3935003280639648,3,100,100
irrelevant_random_2,irrelevant,random,2,87181,7666831,original,8,encoder_block_8,0.3623545169830322,3,100,100
irrelevant_random_2,irrelevant,random,2,87181,7666831,original,9,encoder_block_9,0.5190751552581787,4,100,100
irrelevant_random_2,irrelevant,random,2,87181,7666831,original,10,encoder_block_10,0.0401558876037597,23,100,100
irrelevant_random_2,irrelevant,random,2,87181,7666831,original,11,encoder_block_11,1.007146954536438,20,100,100
irrelevant_random_2,irrelevant,random,2,87181,7666831,original,12,encoder_block_12,1.1425405740737915,25,100,100
irrelevant_random_2,irrelevant,random,2,87181,7666831,padded_control,0,embedding,0.8100128173828125,27,100,100
irrelevant_random_2,irrelevant,random,2,87181,7666831,padded_control,1,encoder_block_1,0.4187626838684082,24,100,100
irrelevant_random_2,irrelevant,random,2,87181,7666831,padded_control,2,encoder_block_2,0.3516643047332763,21,100,100
irrelevant_random_2,irrelevant,random,2,87181,7666831,padded_control,3,encoder_block_3,0.4301924705505371,7,100,100
irrelevant_random_2,irrelevant,random,2,87181,7666831,padded_control,4,encoder_block_4,0.4119219779968261,3,100,100
irrelevant_random_2,irrelevant,random,2,87181,7666831,padded_control,5,encoder_block_5,0.436708927154541,1,100,100
irrelevant_random_2,irrelevant,random,2,87181,7666831,padded_control,6,encoder_block_6,0.4713873863220215,1,100,100
irrelevant_random_2,irrelevant,random,2,87181,7666831,padded_control,7,encoder_block_7,0.3967378139495849,3,100,100
irrelevant_random_2,irrelevant,random,2,87181,7666831,padded_control,8,encoder_block_8,0.3611516952514648,3,100,100
irrelevant_random_2,irrelevant,random,2,87181,7666831,padded_control,9,encoder_block_9,0.508352518081665,4,100,100
irrelevant_random_2,irrelevant,random,2,87181,7666831,padded_control,10,encoder_block_10,0.0347816944122314,23,100,100
irrelevant_random_2,irrelevant,random,2,87181,7666831,padded_control,11,encoder_block_11,0.9812827110290528,20,100,100
irrelevant_random_2,irrelevant,random,2,87181,7666831,padded_control,12,encoder_block_12,1.0487987995147705,27,100,100
irrelevant_random_2,irrelevant,random,2,87181,7666831,attack,0,embedding,0.6374244689941406,40,100,100
irrelevant_random_2,irrelevant,random,2,87181,7666831,attack,1,encoder_block_1,0.1319799423217773,56,100,100
irrelevant_random_2,irrelevant,random,2,87181,7666831,attack,2,encoder_block_2,0.0682780742645263,41,100,100
irrelevant_random_2,irrelevant,random,2,87181,7666831,attack,3,encoder_block_3,0.1762905120849609,32,100,100
irrelevant_random_2,irrelevant,random,2,87181,7666831,attack,4,encoder_block_4,0.1904883384704589,10,100,100
irrelevant_random_2,irrelevant,random,2,87181,7666831,attack,5,encoder_block_5,0.2238211631774902,6,100,100
irrelevant_random_2,irrelevant,random,2,87181,7666831,attack,6,encoder_block_6,0.2613825798034668,4,100,100
irrelevant_random_2,irrelevant,random,2,87181,7666831,attack,7,encoder_block_7,0.203683853149414,9,100,100
irrelevant_random_2,irrelevant,random,2,87181,7666831,attack,8,encoder_block_8,0.2383079528808593,8,100,100
irrelevant_random_2,irrelevant,random,2,87181,7666831,attack,9,encoder_block_9,0.3829648494720459,10,100,100
irrelevant_random_2,irrelevant,random,2,87181,7666831,attack,10,encoder_block_10,-0.0311017036437988,26,100,100
irrelevant_random_2,irrelevant,random,2,87181,7666831,attack,11,encoder_block_11,0.9090406894683838,22,100,100
irrelevant_random_2,irrelevant,random,2,87181,7666831,attack,12,encoder_block_12,0.6523637175559998,28,100,100
irrelevant_random_2,irrelevant,random,2,87452,8819111,original,0,embedding,0.1429789066314697,70,100,100
irrelevant_random_2,irrelevant,random,2,87452,8819111,original,1,encoder_block_1,-0.1309511661529541,87,100,100
irrelevant_random_2,irrelevant,random,2,87452,8819111,original,2,encoder_block_2,0.1744441986083984,96,100,100
irrelevant_random_2,irrelevant,random,2,87452,8819111,original,3,encoder_block_3,0.2161939144134521,92,100,100
irrelevant_random_2,irrelevant,random,2,87452,8819111,original,4,encoder_block_4,0.2382903099060058,94,100,100
irrelevant_random_2,irrelevant,random,2,87452,8819111,original,5,encoder_block_5,0.3014798164367676,93,100,100
irrelevant_random_2,irrelevant,random,2,87452,8819111,original,6,encoder_block_6,0.2377674579620361,85,100,100
irrelevant_random_2,irrelevant,random,2,87452,8819111,original,7,encoder_block_7,0.4219114780426025,61,100,100
irrelevant_random_2,irrelevant,random,2,87452,8819111,original,8,encoder_block_8,0.5371158123016357,50,100,100
irrelevant_random_2,irrelevant,random,2,87452,8819111,original,9,encoder_block_9,0.7079669237136841,61,100,100
irrelevant_random_2,irrelevant,random,2,87452,8819111,original,10,encoder_block_10,0.5587437152862549,28,100,100
irrelevant_random_2,irrelevant,random,2,87452,8819111,original,11,encoder_block_11,1.7053941488265991,11,100,100
irrelevant_random_2,irrelevant,random,2,87452,8819111,original,12,encoder_block_12,3.4948244094848637,6,100,100
irrelevant_random_2,irrelevant,random,2,87452,8819111,padded_control,0,embedding,0.1429791450500488,70,100,100
irrelevant_random_2,irrelevant,random,2,87452,8819111,padded_control,1,encoder_block_1,-0.1267082691192627,86,100,100
irrelevant_random_2,irrelevant,random,2,87452,8819111,padded_control,2,encoder_block_2,0.1816456317901611,95,100,100
irrelevant_random_2,irrelevant,random,2,87452,8819111,padded_control,3,encoder_block_3,0.2190198898315429,92,100,100
irrelevant_random_2,irrelevant,random,2,87452,8819111,padded_control,4,encoder_block_4,0.2424554824829101,94,100,100
irrelevant_random_2,irrelevant,random,2,87452,8819111,padded_control,5,encoder_block_5,0.3030142784118652,93,100,100
irrelevant_random_2,irrelevant,random,2,87452,8819111,padded_control,6,encoder_block_6,0.2366509437561035,85,100,100
irrelevant_random_2,irrelevant,random,2,87452,8819111,padded_control,7,encoder_block_7,0.4175729751586914,61,100,100
irrelevant_random_2,irrelevant,random,2,87452,8819111,padded_control,8,encoder_block_8,0.544313907623291,50,100,100
irrelevant_random_2,irrelevant,random,2,87452,8819111,padded_control,9,encoder_block_9,0.7134342193603516,60,100,100
irrelevant_random_2,irrelevant,random,2,87452,8819111,padded_control,10,encoder_block_10,0.5685234069824219,27,100,100
irrelevant_random_2,irrelevant,random,2,87452,8819111,padded_control,11,encoder_block_11,1.739103078842163,11,100,100
irrelevant_random_2,irrelevant,random,2,87452,8819111,padded_control,12,encoder_block_12,3.5394535064697266,6,100,100
irrelevant_random_2,irrelevant,random,2,87452,8819111,attack,0,embedding,-0.0187015533447265,82,100,100
irrelevant_random_2,irrelevant,random,2,87452,8819111,attack,1,encoder_block_1,-0.4649660587310791,100,100,100
irrelevant_random_2,irrelevant,random,2,87452,8819111,attack,2,encoder_block_2,-0.1960799694061279,100,100,100
irrelevant_random_2,irrelevant,random,2,87452,8819111,attack,3,encoder_block_3,-0.0653822422027587,100,100,100
irrelevant_random_2,irrelevant,random,2,87452,8819111,attack,4,encoder_block_4,-0.0434591770172119,100,100,100
irrelevant_random_2,irrelevant,random,2,87452,8819111,attack,5,encoder_block_5,0.0521521568298339,100,100,100
irrelevant_random_2,irrelevant,random,2,87452,8819111,attack,6,encoder_block_6,0.0499134063720703,96,100,100
irrelevant_random_2,irrelevant,random,2,87452,8819111,attack,7,encoder_block_7,0.2611324787139892,82,100,100
irrelevant_random_2,irrelevant,random,2,87452,8819111,attack,8,encoder_block_8,0.4745492935180664,61,100,100
irrelevant_random_2,irrelevant,random,2,87452,8819111,attack,9,encoder_block_9,0.6145248413085938,75,100,100
irrelevant_random_2,irrelevant,random,2,87452,8819111,attack,10,encoder_block_10,0.546698808670044,31,100,100
irrelevant_random_2,irrelevant,random,2,87452,8819111,attack,11,encoder_block_11,1.8356930017471316,8,100,100
irrelevant_random_2,irrelevant,random,2,87452,8819111,attack,12,encoder_block_12,3.7126617431640634,6,100,100
irrelevant_random_2,irrelevant,random,2,915593,8178998,original,0,embedding,0.6703367233276367,51,100,100
irrelevant_random_2,irrelevant,random,2,915593,8178998,original,1,encoder_block_1,0.7326927185058594,37,100,100
irrelevant_random_2,irrelevant,random,2,915593,8178998,original,2,encoder_block_2,0.6426405906677246,44,100,100
irrelevant_random_2,irrelevant,random,2,915593,8178998,original,3,encoder_block_3,0.6695427894592285,40,100,100
irrelevant_random_2,irrelevant,random,2,915593,8178998,original,4,encoder_block_4,0.7721796035766602,33,100,100
irrelevant_random_2,irrelevant,random,2,915593,8178998,original,5,encoder_block_5,0.7101783752441406,27,100,100
irrelevant_random_2,irrelevant,random,2,915593,8178998,original,6,encoder_block_6,0.7242584228515625,20,100,100
irrelevant_random_2,irrelevant,random,2,915593,8178998,original,7,encoder_block_7,0.7497453689575195,16,100,100
irrelevant_random_2,irrelevant,random,2,915593,8178998,original,8,encoder_block_8,0.8311061859130859,15,100,100
irrelevant_random_2,irrelevant,random,2,915593,8178998,original,9,encoder_block_9,0.8523128032684326,18,100,100
irrelevant_random_2,irrelevant,random,2,915593,8178998,original,10,encoder_block_10,0.6986525058746338,19,100,100
irrelevant_random_2,irrelevant,random,2,915593,8178998,original,11,encoder_block_11,1.253495216369629,14,100,100
irrelevant_random_2,irrelevant,random,2,915593,8178998,original,12,encoder_block_12,3.0462746620178223,6,100,100
irrelevant_random_2,irrelevant,random,2,915593,8178998,padded_control,0,embedding,0.6703367233276367,51,100,100
irrelevant_random_2,irrelevant,random,2,915593,8178998,padded_control,1,encoder_block_1,0.7368512153625488,37,100,100
irrelevant_random_2,irrelevant,random,2,915593,8178998,padded_control,2,encoder_block_2,0.6398739814758301,45,100,100
irrelevant_random_2,irrelevant,random,2,915593,8178998,padded_control,3,encoder_block_3,0.6657052040100098,40,100,100
irrelevant_random_2,irrelevant,random,2,915593,8178998,padded_control,4,encoder_block_4,0.7711601257324219,33,100,100
irrelevant_random_2,irrelevant,random,2,915593,8178998,padded_control,5,encoder_block_5,0.706902265548706,27,100,100
irrelevant_random_2,irrelevant,random,2,915593,8178998,padded_control,6,encoder_block_6,0.7256121635437012,20,100,100
irrelevant_random_2,irrelevant,random,2,915593,8178998,padded_control,7,encoder_block_7,0.753732442855835,16,100,100
irrelevant_random_2,irrelevant,random,2,915593,8178998,padded_control,8,encoder_block_8,0.8335189819335938,15,100,100
irrelevant_random_2,irrelevant,random,2,915593,8178998,padded_control,9,encoder_block_9,0.8526036739349365,18,100,100
irrelevant_random_2,irrelevant,random,2,915593,8178998,padded_control,10,encoder_block_10,0.7112503051757812,19,100,100
irrelevant_random_2,irrelevant,random,2,915593,8178998,padded_control,11,encoder_block_11,1.2729318141937256,14,100,100
irrelevant_random_2,irrelevant,random,2,915593,8178998,padded_control,12,encoder_block_12,3.056887626647949,6,100,100
irrelevant_random_2,irrelevant,random,2,915593,8178998,attack,0,embedding,0.5625762939453125,57,100,100
irrelevant_random_2,irrelevant,random,2,915593,8178998,attack,1,encoder_block_1,0.5168437957763672,54,100,100
irrelevant_random_2,irrelevant,random,2,915593,8178998,attack,2,encoder_block_2,0.375882625579834,78,100,100
irrelevant_random_2,irrelevant,random,2,915593,8178998,attack,3,encoder_block_3,0.4261727333068847,71,100,100
irrelevant_random_2,irrelevant,random,2,915593,8178998,attack,4,encoder_block_4,0.4947137832641601,60,100,100
irrelevant_random_2,irrelevant,random,2,915593,8178998,attack,5,encoder_block_5,0.4812297821044922,48,100,100
irrelevant_random_2,irrelevant,random,2,915593,8178998,attack,6,encoder_block_6,0.5242071151733398,37,100,100
irrelevant_random_2,irrelevant,random,2,915593,8178998,attack,7,encoder_block_7,0.6103863716125488,25,100,100
irrelevant_random_2,irrelevant,random,2,915593,8178998,attack,8,encoder_block_8,0.7416868209838867,25,100,100
irrelevant_random_2,irrelevant,random,2,915593,8178998,attack,9,encoder_block_9,0.756335973739624,21,100,100
irrelevant_random_2,irrelevant,random,2,915593,8178998,attack,10,encoder_block_10,0.6253914833068848,21,100,100
irrelevant_random_2,irrelevant,random,2,915593,8178998,attack,11,encoder_block_11,1.1617610454559326,17,100,100
irrelevant_random_2,irrelevant,random,2,915593,8178998,attack,12,encoder_block_12,2.927886486053467,6,100,100
irrelevant_random_2,irrelevant,random,2,962179,8689054,original,0,embedding,0.4924960136413574,73,100,100
irrelevant_random_2,irrelevant,random,2,962179,8689054,original,1,encoder_block_1,0.9855179786682128,46,100,100
irrelevant_random_2,irrelevant,random,2,962179,8689054,original,2,encoder_block_2,1.276634693145752,33,100,100
irrelevant_random_2,irrelevant,random,2,962179,8689054,original,3,encoder_block_3,1.0348172187805176,41,100,100
irrelevant_random_2,irrelevant,random,2,962179,8689054,original,4,encoder_block_4,1.2358736991882324,19,100,100
irrelevant_random_2,irrelevant,random,2,962179,8689054,original,5,encoder_block_5,0.8853514194488525,18,100,100
irrelevant_random_2,irrelevant,random,2,962179,8689054,original,6,encoder_block_6,0.8565187454223633,19,100,100
irrelevant_random_2,irrelevant,random,2,962179,8689054,original,7,encoder_block_7,0.861830472946167,15,100,100
irrelevant_random_2,irrelevant,random,2,962179,8689054,original,8,encoder_block_8,0.9117321968078612,12,100,100
irrelevant_random_2,irrelevant,random,2,962179,8689054,original,9,encoder_block_9,0.6227021217346191,10,100,100
irrelevant_random_2,irrelevant,random,2,962179,8689054,original,10,encoder_block_10,-1.3784269094467163,56,100,100
irrelevant_random_2,irrelevant,random,2,962179,8689054,original,11,encoder_block_11,-3.9445338249206543,60,100,100
irrelevant_random_2,irrelevant,random,2,962179,8689054,original,12,encoder_block_12,-11.904458999633787,56,100,100
irrelevant_random_2,irrelevant,random,2,962179,8689054,padded_control,0,embedding,0.4924960136413574,73,100,100
irrelevant_random_2,irrelevant,random,2,962179,8689054,padded_control,1,encoder_block_1,0.9853124618530272,46,100,100
irrelevant_random_2,irrelevant,random,2,962179,8689054,padded_control,2,encoder_block_2,1.270793914794922,33,100,100
irrelevant_random_2,irrelevant,random,2,962179,8689054,padded_control,3,encoder_block_3,1.0330677032470703,41,100,100
irrelevant_random_2,irrelevant,random,2,962179,8689054,padded_control,4,encoder_block_4,1.2352046966552734,19,100,100
irrelevant_random_2,irrelevant,random,2,962179,8689054,padded_control,5,encoder_block_5,0.8811860084533691,20,100,100
irrelevant_random_2,irrelevant,random,2,962179,8689054,padded_control,6,encoder_block_6,0.8527369499206543,19,100,100
irrelevant_random_2,irrelevant,random,2,962179,8689054,padded_control,7,encoder_block_7,0.8576462268829346,15,100,100
irrelevant_random_2,irrelevant,random,2,962179,8689054,padded_control,8,encoder_block_8,0.9112942218780518,12,100,100
irrelevant_random_2,irrelevant,random,2,962179,8689054,padded_control,9,encoder_block_9,0.6303892135620117,10,100,100
irrelevant_random_2,irrelevant,random,2,962179,8689054,padded_control,10,encoder_block_10,-1.3630236387252808,55,100,100
irrelevant_random_2,irrelevant,random,2,962179,8689054,padded_control,11,encoder_block_11,-3.932490825653076,60,100,100
irrelevant_random_2,irrelevant,random,2,962179,8689054,padded_control,12,encoder_block_12,-11.914185523986816,57,100,100
irrelevant_random_2,irrelevant,random,2,962179,8689054,attack,0,embedding,0.2976784706115722,83,100,100
irrelevant_random_2,irrelevant,random,2,962179,8689054,attack,1,encoder_block_1,0.3090133666992187,85,100,100
irrelevant_random_2,irrelevant,random,2,962179,8689054,attack,2,encoder_block_2,0.6074051856994629,81,100,100
irrelevant_random_2,irrelevant,random,2,962179,8689054,attack,3,encoder_block_3,0.5065381526947021,76,100,100
irrelevant_random_2,irrelevant,random,2,962179,8689054,attack,4,encoder_block_4,0.7626523971557617,54,100,100
irrelevant_random_2,irrelevant,random,2,962179,8689054,attack,5,encoder_block_5,0.5147714614868164,41,100,100
irrelevant_random_2,irrelevant,random,2,962179,8689054,attack,6,encoder_block_6,0.5718057155609131,39,100,100
irrelevant_random_2,irrelevant,random,2,962179,8689054,attack,7,encoder_block_7,0.623157262802124,26,100,100
irrelevant_random_2,irrelevant,random,2,962179,8689054,attack,8,encoder_block_8,0.7342004776000977,18,100,100
irrelevant_random_2,irrelevant,random,2,962179,8689054,attack,9,encoder_block_9,0.5112786293029785,14,100,100
irrelevant_random_2,irrelevant,random,2,962179,8689054,attack,10,encoder_block_10,-1.4326101541519165,58,100,100
irrelevant_random_2,irrelevant,random,2,962179,8689054,attack,11,encoder_block_11,-4.031931877136231,62,100,100
irrelevant_random_2,irrelevant,random,2,962179,8689054,attack,12,encoder_block_12,-11.995487213134766,60,100,100
irrelevant_random_2,irrelevant,random,2,1037798,8760867,original,0,embedding,1.0277526378631592,20,100,100
irrelevant_random_2,irrelevant,random,2,1037798,8760867,original,1,encoder_block_1,0.7746071815490723,44,100,100
irrelevant_random_2,irrelevant,random,2,1037798,8760867,original,2,encoder_block_2,0.7961463928222656,53,100,100
irrelevant_random_2,irrelevant,random,2,1037798,8760867,original,3,encoder_block_3,0.5291130542755127,61,100,100
irrelevant_random_2,irrelevant,random,2,1037798,8760867,original,4,encoder_block_4,0.3393959999084472,73,100,100
irrelevant_random_2,irrelevant,random,2,1037798,8760867,original,5,encoder_block_5,0.2607414722442627,69,100,100
irrelevant_random_2,irrelevant,random,2,1037798,8760867,original,6,encoder_block_6,0.4179649353027344,60,100,100
irrelevant_random_2,irrelevant,random,2,1037798,8760867,original,7,encoder_block_7,0.4152679443359375,58,100,100
irrelevant_random_2,irrelevant,random,2,1037798,8760867,original,8,encoder_block_8,0.3797390460968017,71,100,100
irrelevant_random_2,irrelevant,random,2,1037798,8760867,original,9,encoder_block_9,0.6364247798919678,64,100,100
irrelevant_random_2,irrelevant,random,2,1037798,8760867,original,10,encoder_block_10,1.0374128818511963,11,100,100
irrelevant_random_2,irrelevant,random,2,1037798,8760867,original,11,encoder_block_11,2.7416677474975586,3,100,100
irrelevant_random_2,irrelevant,random,2,1037798,8760867,original,12,encoder_block_12,5.58027458190918,2,100,100
irrelevant_random_2,irrelevant,random,2,1037798,8760867,padded_control,0,embedding,1.02775239944458,20,100,100
irrelevant_random_2,irrelevant,random,2,1037798,8760867,padded_control,1,encoder_block_1,0.7826652526855469,43,100,100
irrelevant_random_2,irrelevant,random,2,1037798,8760867,padded_control,2,encoder_block_2,0.7975599765777588,53,100,100
irrelevant_random_2,irrelevant,random,2,1037798,8760867,padded_control,3,encoder_block_3,0.5181760787963867,61,100,100
irrelevant_random_2,irrelevant,random,2,1037798,8760867,padded_control,4,encoder_block_4,0.329066514968872,75,100,100
irrelevant_random_2,irrelevant,random,2,1037798,8760867,padded_control,5,encoder_block_5,0.2621102333068847,69,100,100
irrelevant_random_2,irrelevant,random,2,1037798,8760867,padded_control,6,encoder_block_6,0.4212887287139892,60,100,100
irrelevant_random_2,irrelevant,random,2,1037798,8760867,padded_control,7,encoder_block_7,0.4233136177062988,58,100,100
irrelevant_random_2,irrelevant,random,2,1037798,8760867,padded_control,8,encoder_block_8,0.386423110961914,71,100,100
irrelevant_random_2,irrelevant,random,2,1037798,8760867,padded_control,9,encoder_block_9,0.6500195264816284,63,100,100
irrelevant_random_2,irrelevant,random,2,1037798,8760867,padded_control,10,encoder_block_10,1.0532898902893066,10,100,100
irrelevant_random_2,irrelevant,random,2,1037798,8760867,padded_control,11,encoder_block_11,2.772179126739502,3,100,100
irrelevant_random_2,irrelevant,random,2,1037798,8760867,padded_control,12,encoder_block_12,5.634565353393555,2,100,100
irrelevant_random_2,irrelevant,random,2,1037798,8760867,attack,0,embedding,0.8773185014724731,33,100,100
irrelevant_random_2,irrelevant,random,2,1037798,8760867,attack,1,encoder_block_1,0.4824662208557129,65,100,100
irrelevant_random_2,irrelevant,random,2,1037798,8760867,attack,2,encoder_block_2,0.4796257019042969,82,100,100
irrelevant_random_2,irrelevant,random,2,1037798,8760867,attack,3,encoder_block_3,0.2559776306152344,87,100,100
irrelevant_random_2,irrelevant,random,2,1037798,8760867,attack,4,encoder_block_4,0.063849925994873,90,100,100
irrelevant_random_2,irrelevant,random,2,1037798,8760867,attack,5,encoder_block_5,0.0332927703857421,89,100,100
irrelevant_random_2,irrelevant,random,2,1037798,8760867,attack,6,encoder_block_6,0.2611701488494873,82,100,100
irrelevant_random_2,irrelevant,random,2,1037798,8760867,attack,7,encoder_block_7,0.2039551734924316,83,100,100
irrelevant_random_2,irrelevant,random,2,1037798,8760867,attack,8,encoder_block_8,0.2390778064727783,80,100,100
irrelevant_random_2,irrelevant,random,2,1037798,8760867,attack,9,encoder_block_9,0.5324714183807373,78,100,100
irrelevant_random_2,irrelevant,random,2,1037798,8760867,attack,10,encoder_block_10,0.9687024354934692,13,100,100
irrelevant_random_2,irrelevant,random,2,1037798,8760867,attack,11,encoder_block_11,2.62788987159729,3,100,100
irrelevant_random_2,irrelevant,random,2,1037798,8760867,attack,12,encoder_block_12,5.467379570007324,2,100,100
irrelevant_random_2,irrelevant,random,2,104861,5864693,original,0,embedding,1.3101580142974854,13,100,100
irrelevant_random_2,irrelevant,random,2,104861,5864693,original,1,encoder_block_1,1.3646221160888672,11,100,100
irrelevant_random_2,irrelevant,random,2,104861,5864693,original,2,encoder_block_2,1.5980381965637207,11,100,100
irrelevant_random_2,irrelevant,random,2,104861,5864693,original,3,encoder_block_3,1.4628987312316897,18,100,100
irrelevant_random_2,irrelevant,random,2,104861,5864693,original,4,encoder_block_4,1.7519667148590088,7,100,100
irrelevant_random_2,irrelevant,random,2,104861,5864693,original,5,encoder_block_5,1.778703689575195,6,100,100
irrelevant_random_2,irrelevant,random,2,104861,5864693,original,6,encoder_block_6,1.5728740692138672,18,100,100
irrelevant_random_2,irrelevant,random,2,104861,5864693,original,7,encoder_block_7,1.539109706878662,21,100,100
irrelevant_random_2,irrelevant,random,2,104861,5864693,original,8,encoder_block_8,1.4703872203826904,19,100,100
irrelevant_random_2,irrelevant,random,2,104861,5864693,original,9,encoder_block_9,1.5695881843566897,26,100,100
irrelevant_random_2,irrelevant,random,2,104861,5864693,original,10,encoder_block_10,1.575225830078125,23,100,100
irrelevant_random_2,irrelevant,random,2,104861,5864693,original,11,encoder_block_11,1.169312596321106,31,100,100
irrelevant_random_2,irrelevant,random,2,104861,5864693,original,12,encoder_block_12,-5.711215972900391,34,100,100
irrelevant_random_2,irrelevant,random,2,104861,5864693,padded_control,0,embedding,1.3101577758789062,13,100,100
irrelevant_random_2,irrelevant,random,2,104861,5864693,padded_control,1,encoder_block_1,1.3684160709381104,11,100,100
irrelevant_random_2,irrelevant,random,2,104861,5864693,padded_control,2,encoder_block_2,1.6021184921264648,11,100,100
irrelevant_random_2,irrelevant,random,2,104861,5864693,padded_control,3,encoder_block_3,1.4645707607269287,18,100,100
irrelevant_random_2,irrelevant,random,2,104861,5864693,padded_control,4,encoder_block_4,1.753161907196045,7,100,100
irrelevant_random_2,irrelevant,random,2,104861,5864693,padded_control,5,encoder_block_5,1.776404857635498,6,100,100
irrelevant_random_2,irrelevant,random,2,104861,5864693,padded_control,6,encoder_block_6,1.574427604675293,18,100,100
irrelevant_random_2,irrelevant,random,2,104861,5864693,padded_control,7,encoder_block_7,1.540968894958496,20,100,100
irrelevant_random_2,irrelevant,random,2,104861,5864693,padded_control,8,encoder_block_8,1.4787986278533936,19,100,100
irrelevant_random_2,irrelevant,random,2,104861,5864693,padded_control,9,encoder_block_9,1.579969882965088,26,100,100
irrelevant_random_2,irrelevant,random,2,104861,5864693,padded_control,10,encoder_block_10,1.5899195671081543,22,100,100
irrelevant_random_2,irrelevant,random,2,104861,5864693,padded_control,11,encoder_block_11,1.2125014662742617,31,100,100
irrelevant_random_2,irrelevant,random,2,104861,5864693,padded_control,12,encoder_block_12,-5.0809173583984375,32,100,100
irrelevant_random_2,irrelevant,random,2,104861,5864693,attack,0,embedding,1.2364516258239746,17,100,100
irrelevant_random_2,irrelevant,random,2,104861,5864693,attack,1,encoder_block_1,1.0902986526489258,38,100,100
irrelevant_random_2,irrelevant,random,2,104861,5864693,attack,2,encoder_block_2,1.3002667427062988,40,100,100
irrelevant_random_2,irrelevant,random,2,104861,5864693,attack,3,encoder_block_3,1.177689790725708,44,100,100
irrelevant_random_2,irrelevant,random,2,104861,5864693,attack,4,encoder_block_4,1.4441869258880615,32,100,100
irrelevant_random_2,irrelevant,random,2,104861,5864693,attack,5,encoder_block_5,1.6114187240600586,21,100,100
irrelevant_random_2,irrelevant,random,2,104861,5864693,attack,6,encoder_block_6,1.4918532371520996,24,100,100
irrelevant_random_2,irrelevant,random,2,104861,5864693,attack,7,encoder_block_7,1.4851534366607666,25,100,100
irrelevant_random_2,irrelevant,random,2,104861,5864693,attack,8,encoder_block_8,1.446078538894653,21,100,100
irrelevant_random_2,irrelevant,random,2,104861,5864693,attack,9,encoder_block_9,1.5813486576080322,25,100,100
irrelevant_random_2,irrelevant,random,2,104861,5864693,attack,10,encoder_block_10,1.608186960220337,22,100,100
irrelevant_random_2,irrelevant,random,2,104861,5864693,attack,11,encoder_block_11,1.19133198261261,31,100,100
irrelevant_random_2,irrelevant,random,2,104861,5864693,attack,12,encoder_block_12,-5.565925598144531,34,100,100
irrelevant_random_2,irrelevant,random,2,1063750,2997653,original,0,embedding,0.2163100242614746,84,100,100
irrelevant_random_2,irrelevant,random,2,1063750,2997653,original,1,encoder_block_1,0.3163542747497558,63,100,100
irrelevant_random_2,irrelevant,random,2,1063750,2997653,original,2,encoder_block_2,0.4243702888488769,54,100,100
irrelevant_random_2,irrelevant,random,2,1063750,2997653,original,3,encoder_block_3,0.3728740215301513,46,100,100
irrelevant_random_2,irrelevant,random,2,1063750,2997653,original,4,encoder_block_4,0.5634288787841797,33,100,100
irrelevant_random_2,irrelevant,random,2,1063750,2997653,original,5,encoder_block_5,0.5658025741577148,33,100,100
irrelevant_random_2,irrelevant,random,2,1063750,2997653,original,6,encoder_block_6,0.4535949230194092,42,100,100
irrelevant_random_2,irrelevant,random,2,1063750,2997653,original,7,encoder_block_7,0.5761830806732178,33,100,100
irrelevant_random_2,irrelevant,random,2,1063750,2997653,original,8,encoder_block_8,0.5439143180847168,35,100,100
irrelevant_random_2,irrelevant,random,2,1063750,2997653,original,9,encoder_block_9,0.5273476839065552,30,100,100
irrelevant_random_2,irrelevant,random,2,1063750,2997653,original,10,encoder_block_10,0.5664772987365723,11,100,100
irrelevant_random_2,irrelevant,random,2,1063750,2997653,original,11,encoder_block_11,-0.0346142053604126,27,100,100
irrelevant_random_2,irrelevant,random,2,1063750,2997653,original,12,encoder_block_12,-9.526568412780762,51,100,100
irrelevant_random_2,irrelevant,random,2,1063750,2997653,padded_control,0,embedding,0.2163105010986328,84,100,100
irrelevant_random_2,irrelevant,random,2,1063750,2997653,padded_control,1,encoder_block_1,0.3166706562042236,63,100,100
irrelevant_random_2,irrelevant,random,2,1063750,2997653,padded_control,2,encoder_block_2,0.4223437309265136,54,100,100
irrelevant_random_2,irrelevant,random,2,1063750,2997653,padded_control,3,encoder_block_3,0.3716716766357422,46,100,100
irrelevant_random_2,irrelevant,random,2,1063750,2997653,padded_control,4,encoder_block_4,0.5627188682556152,33,100,100
irrelevant_random_2,irrelevant,random,2,1063750,2997653,padded_control,5,encoder_block_5,0.5692281723022461,33,100,100
irrelevant_random_2,irrelevant,random,2,1063750,2997653,padded_control,6,encoder_block_6,0.4633409976959228,42,100,100
irrelevant_random_2,irrelevant,random,2,1063750,2997653,padded_control,7,encoder_block_7,0.5853216648101807,33,100,100
irrelevant_random_2,irrelevant,random,2,1063750,2997653,padded_control,8,encoder_block_8,0.5506134033203125,35,100,100
irrelevant_random_2,irrelevant,random,2,1063750,2997653,padded_control,9,encoder_block_9,0.5311779975891113,30,100,100
irrelevant_random_2,irrelevant,random,2,1063750,2997653,padded_control,10,encoder_block_10,0.5765957832336426,11,100,100
irrelevant_random_2,irrelevant,random,2,1063750,2997653,padded_control,11,encoder_block_11,-0.0645688772201538,27,100,100
irrelevant_random_2,irrelevant,random,2,1063750,2997653,padded_control,12,encoder_block_12,-9.638223648071287,54,100,100
irrelevant_random_2,irrelevant,random,2,1063750,2997653,attack,0,embedding,0.1356716156005859,89,100,100
irrelevant_random_2,irrelevant,random,2,1063750,2997653,attack,1,encoder_block_1,0.0924746990203857,74,100,100
irrelevant_random_2,irrelevant,random,2,1063750,2997653,attack,2,encoder_block_2,0.1430807113647461,78,100,100
irrelevant_random_2,irrelevant,random,2,1063750,2997653,attack,3,encoder_block_3,0.1153676509857177,72,100,100
irrelevant_random_2,irrelevant,random,2,1063750,2997653,attack,4,encoder_block_4,0.3480987548828125,49,100,100
irrelevant_random_2,irrelevant,random,2,1063750,2997653,attack,5,encoder_block_5,0.4221293926239013,41,100,100
irrelevant_random_2,irrelevant,random,2,1063750,2997653,attack,6,encoder_block_6,0.3402571678161621,53,100,100
irrelevant_random_2,irrelevant,random,2,1063750,2997653,attack,7,encoder_block_7,0.4564955234527588,42,100,100
irrelevant_random_2,irrelevant,random,2,1063750,2997653,attack,8,encoder_block_8,0.4546766281127929,40,100,100
irrelevant_random_2,irrelevant,random,2,1063750,2997653,attack,9,encoder_block_9,0.4468053579330444,40,100,100
irrelevant_random_2,irrelevant,random,2,1063750,2997653,attack,10,encoder_block_10,0.514988899230957,15,100,100
irrelevant_random_2,irrelevant,random,2,1063750,2997653,attack,11,encoder_block_11,-0.0303242206573486,27,100,100
irrelevant_random_2,irrelevant,random,2,1063750,2997653,attack,12,encoder_block_12,-9.237650871276855,49,100,100
irrelevant_random_2,irrelevant,random,2,1103812,1659850,original,0,embedding,0.4257817268371582,82,100,100
irrelevant_random_2,irrelevant,random,2,1103812,1659850,original,1,encoder_block_1,0.3321256637573242,75,100,100
irrelevant_random_2,irrelevant,random,2,1103812,1659850,original,2,encoder_block_2,0.6252179145812988,53,100,100
irrelevant_random_2,irrelevant,random,2,1103812,1659850,original,3,encoder_block_3,0.5269737243652344,39,100,100
irrelevant_random_2,irrelevant,random,2,1103812,1659850,original,4,encoder_block_4,0.2543373107910156,57,100,100
irrelevant_random_2,irrelevant,random,2,1103812,1659850,original,5,encoder_block_5,0.1775403022766113,55,100,100
irrelevant_random_2,irrelevant,random,2,1103812,1659850,original,6,encoder_block_6,0.2524967193603515,53,100,100
irrelevant_random_2,irrelevant,random,2,1103812,1659850,original,7,encoder_block_7,0.3296332359313965,46,100,100
irrelevant_random_2,irrelevant,random,2,1103812,1659850,original,8,encoder_block_8,0.3016543388366699,45,100,100
irrelevant_random_2,irrelevant,random,2,1103812,1659850,original,9,encoder_block_9,0.5543015003204346,16,100,100
irrelevant_random_2,irrelevant,random,2,1103812,1659850,original,10,encoder_block_10,0.2654201984405517,18,100,100
irrelevant_random_2,irrelevant,random,2,1103812,1659850,original,11,encoder_block_11,0.0378303527832031,22,100,100
irrelevant_random_2,irrelevant,random,2,1103812,1659850,original,12,encoder_block_12,-5.150150299072266,25,100,100
irrelevant_random_2,irrelevant,random,2,1103812,1659850,padded_control,0,embedding,0.4257817268371582,82,100,100
irrelevant_random_2,irrelevant,random,2,1103812,1659850,padded_control,1,encoder_block_1,0.3294501304626465,75,100,100
irrelevant_random_2,irrelevant,random,2,1103812,1659850,padded_control,2,encoder_block_2,0.6226234436035156,54,100,100
irrelevant_random_2,irrelevant,random,2,1103812,1659850,padded_control,3,encoder_block_3,0.5225858688354492,39,100,100
irrelevant_random_2,irrelevant,random,2,1103812,1659850,padded_control,4,encoder_block_4,0.2535758018493652,57,100,100
irrelevant_random_2,irrelevant,random,2,1103812,1659850,padded_control,5,encoder_block_5,0.1782369613647461,55,100,100
irrelevant_random_2,irrelevant,random,2,1103812,1659850,padded_control,6,encoder_block_6,0.2474381923675537,53,100,100
irrelevant_random_2,irrelevant,random,2,1103812,1659850,padded_control,7,encoder_block_7,0.321195125579834,48,100,100
irrelevant_random_2,irrelevant,random,2,1103812,1659850,padded_control,8,encoder_block_8,0.2893624305725097,49,100,100
irrelevant_random_2,irrelevant,random,2,1103812,1659850,padded_control,9,encoder_block_9,0.5334539413452148,17,100,100
irrelevant_random_2,irrelevant,random,2,1103812,1659850,padded_control,10,encoder_block_10,0.2608883380889892,18,100,100
irrelevant_random_2,irrelevant,random,2,1103812,1659850,padded_control,11,encoder_block_11,0.0136291980743408,22,100,100
irrelevant_random_2,irrelevant,random,2,1103812,1659850,padded_control,12,encoder_block_12,-5.116954803466797,25,100,100
irrelevant_random_2,irrelevant,random,2,1103812,1659850,attack,0,embedding,0.2998418807983398,88,100,100
irrelevant_random_2,irrelevant,random,2,1103812,1659850,attack,1,encoder_block_1,0.1808958053588867,85,100,100
irrelevant_random_2,irrelevant,random,2,1103812,1659850,attack,2,encoder_block_2,0.4149751663208008,75,100,100
irrelevant_random_2,irrelevant,random,2,1103812,1659850,attack,3,encoder_block_3,0.3525657653808594,65,100,100
irrelevant_random_2,irrelevant,random,2,1103812,1659850,attack,4,encoder_block_4,0.0614490509033203,79,100,100
irrelevant_random_2,irrelevant,random,2,1103812,1659850,attack,5,encoder_block_5,0.03941011428833,66,100,100
irrelevant_random_2,irrelevant,random,2,1103812,1659850,attack,6,encoder_block_6,0.1150453090667724,68,100,100
irrelevant_random_2,irrelevant,random,2,1103812,1659850,attack,7,encoder_block_7,0.1923749446868896,59,100,100
irrelevant_random_2,irrelevant,random,2,1103812,1659850,attack,8,encoder_block_8,0.220123291015625,57,100,100
irrelevant_random_2,irrelevant,random,2,1103812,1659850,attack,9,encoder_block_9,0.4569747447967529,25,100,100
irrelevant_random_2,irrelevant,random,2,1103812,1659850,attack,10,encoder_block_10,0.1959180831909179,23,100,100
irrelevant_random_2,irrelevant,random,2,1103812,1659850,attack,11,encoder_block_11,-0.057403564453125,22,100,100
irrelevant_random_2,irrelevant,random,2,1103812,1659850,attack,12,encoder_block_12,-4.616413116455078,24,100,100
irrelevant_random_2,irrelevant,random,2,1106007,1334335,original,0,embedding,0.4630212783813476,32,100,100
irrelevant_random_2,irrelevant,random,2,1106007,1334335,original,1,encoder_block_1,0.3073601722717285,31,100,100
irrelevant_random_2,irrelevant,random,2,1106007,1334335,original,2,encoder_block_2,0.327805757522583,40,100,100
irrelevant_random_2,irrelevant,random,2,1106007,1334335,original,3,encoder_block_3,-0.0557863712310791,69,100,100
irrelevant_random_2,irrelevant,random,2,1106007,1334335,original,4,encoder_block_4,-0.0956778526306152,82,100,100
irrelevant_random_2,irrelevant,random,2,1106007,1334335,original,5,encoder_block_5,0.0753834247589111,75,100,100
irrelevant_random_2,irrelevant,random,2,1106007,1334335,original,6,encoder_block_6,0.253535509109497,60,100,100
irrelevant_random_2,irrelevant,random,2,1106007,1334335,original,7,encoder_block_7,0.3280551433563232,60,100,100
irrelevant_random_2,irrelevant,random,2,1106007,1334335,original,8,encoder_block_8,0.4010298252105713,61,100,100
irrelevant_random_2,irrelevant,random,2,1106007,1334335,original,9,encoder_block_9,0.7389075756072998,46,100,100
irrelevant_random_2,irrelevant,random,2,1106007,1334335,original,10,encoder_block_10,1.1145381927490234,24,100,100
irrelevant_random_2,irrelevant,random,2,1106007,1334335,original,11,encoder_block_11,2.861777305603028,5,100,100
irrelevant_random_2,irrelevant,random,2,1106007,1334335,original,12,encoder_block_12,5.731571197509766,5,100,100
irrelevant_random_2,irrelevant,random,2,1106007,1334335,padded_control,0,embedding,0.4630217552185058,32,100,100
irrelevant_random_2,irrelevant,random,2,1106007,1334335,padded_control,1,encoder_block_1,0.3165526390075683,31,100,100
irrelevant_random_2,irrelevant,random,2,1106007,1334335,padded_control,2,encoder_block_2,0.336500883102417,40,100,100
irrelevant_random_2,irrelevant,random,2,1106007,1334335,padded_control,3,encoder_block_3,-0.0511984825134277,69,100,100
irrelevant_random_2,irrelevant,random,2,1106007,1334335,padded_control,4,encoder_block_4,-0.089768648147583,82,100,100
irrelevant_random_2,irrelevant,random,2,1106007,1334335,padded_control,5,encoder_block_5,0.0758721828460693,75,100,100
irrelevant_random_2,irrelevant,random,2,1106007,1334335,padded_control,6,encoder_block_6,0.2500391006469726,62,100,100
irrelevant_random_2,irrelevant,random,2,1106007,1334335,padded_control,7,encoder_block_7,0.3235526084899902,60,100,100
irrelevant_random_2,irrelevant,random,2,1106007,1334335,padded_control,8,encoder_block_8,0.3882961273193359,61,100,100
irrelevant_random_2,irrelevant,random,2,1106007,1334335,padded_control,9,encoder_block_9,0.733154296875,47,100,100
irrelevant_random_2,irrelevant,random,2,1106007,1334335,padded_control,10,encoder_block_10,1.1144766807556152,24,100,100
irrelevant_random_2,irrelevant,random,2,1106007,1334335,padded_control,11,encoder_block_11,2.8470687866210938,5,100,100
irrelevant_random_2,irrelevant,random,2,1106007,1334335,padded_control,12,encoder_block_12,5.7472991943359375,5,100,100
irrelevant_random_2,irrelevant,random,2,1106007,1334335,attack,0,embedding,0.1339998245239257,63,100,100
irrelevant_random_2,irrelevant,random,2,1106007,1334335,attack,1,encoder_block_1,-0.0932800769805908,68,100,100
irrelevant_random_2,irrelevant,random,2,1106007,1334335,attack,2,encoder_block_2,0.0094640254974365,66,100,100
irrelevant_random_2,irrelevant,random,2,1106007,1334335,attack,3,encoder_block_3,-0.2060225009918213,81,100,100
irrelevant_random_2,irrelevant,random,2,1106007,1334335,attack,4,encoder_block_4,-0.2981753349304199,96,100,100
irrelevant_random_2,irrelevant,random,2,1106007,1334335,attack,5,encoder_block_5,-0.1215066909790039,84,100,100
irrelevant_random_2,irrelevant,random,2,1106007,1334335,attack,6,encoder_block_6,0.0939431190490722,78,100,100
irrelevant_random_2,irrelevant,random,2,1106007,1334335,attack,7,encoder_block_7,0.1624317169189453,70,100,100
irrelevant_random_2,irrelevant,random,2,1106007,1334335,attack,8,encoder_block_8,0.2790727615356445,71,100,100
irrelevant_random_2,irrelevant,random,2,1106007,1334335,attack,9,encoder_block_9,0.6525473594665527,54,100,100
irrelevant_random_2,irrelevant,random,2,1106007,1334335,attack,10,encoder_block_10,1.0411946773529053,26,100,100
irrelevant_random_2,irrelevant,random,2,1106007,1334335,attack,11,encoder_block_11,2.822829246520996,5,100,100
irrelevant_random_2,irrelevant,random,2,1106007,1334335,attack,12,encoder_block_12,5.777265548706055,5,100,100
irrelevant_random_2,irrelevant,random,2,1110199,554521,original,0,embedding,0.7955269813537598,93,100,100
irrelevant_random_2,irrelevant,random,2,1110199,554521,original,1,encoder_block_1,1.0513067245483398,87,100,100
irrelevant_random_2,irrelevant,random,2,1110199,554521,original,2,encoder_block_2,1.4016799926757812,79,100,100
irrelevant_random_2,irrelevant,random,2,1110199,554521,original,3,encoder_block_3,1.446484088897705,65,100,100
irrelevant_random_2,irrelevant,random,2,1110199,554521,original,4,encoder_block_4,1.5011777877807615,61,100,100
irrelevant_random_2,irrelevant,random,2,1110199,554521,original,5,encoder_block_5,1.500760555267334,54,100,100
irrelevant_random_2,irrelevant,random,2,1110199,554521,original,6,encoder_block_6,1.4579405784606934,56,100,100
irrelevant_random_2,irrelevant,random,2,1110199,554521,original,7,encoder_block_7,1.479618787765503,52,100,100
irrelevant_random_2,irrelevant,random,2,1110199,554521,original,8,encoder_block_8,1.280795335769653,68,100,100
irrelevant_random_2,irrelevant,random,2,1110199,554521,original,9,encoder_block_9,1.0054948329925537,85,100,100
irrelevant_random_2,irrelevant,random,2,1110199,554521,original,10,encoder_block_10,0.3397445678710937,72,100,100
irrelevant_random_2,irrelevant,random,2,1110199,554521,original,11,encoder_block_11,-1.484497845172882,64,100,100
irrelevant_random_2,irrelevant,random,2,1110199,554521,original,12,encoder_block_12,-12.087575912475586,59,100,100
irrelevant_random_2,irrelevant,random,2,1110199,554521,padded_control,0,embedding,0.7955279350280762,93,100,100
irrelevant_random_2,irrelevant,random,2,1110199,554521,padded_control,1,encoder_block_1,1.0544443130493164,87,100,100
irrelevant_random_2,irrelevant,random,2,1110199,554521,padded_control,2,encoder_block_2,1.397355556488037,80,100,100
irrelevant_random_2,irrelevant,random,2,1110199,554521,padded_control,3,encoder_block_3,1.448272705078125,64,100,100
irrelevant_random_2,irrelevant,random,2,1110199,554521,padded_control,4,encoder_block_4,1.5045790672302246,61,100,100
irrelevant_random_2,irrelevant,random,2,1110199,554521,padded_control,5,encoder_block_5,1.503255844116211,54,100,100
irrelevant_random_2,irrelevant,random,2,1110199,554521,padded_control,6,encoder_block_6,1.458848476409912,55,100,100
irrelevant_random_2,irrelevant,random,2,1110199,554521,padded_control,7,encoder_block_7,1.4843497276306152,50,100,100
irrelevant_random_2,irrelevant,random,2,1110199,554521,padded_control,8,encoder_block_8,1.2905189990997314,67,100,100
irrelevant_random_2,irrelevant,random,2,1110199,554521,padded_control,9,encoder_block_9,1.0119707584381104,85,100,100
irrelevant_random_2,irrelevant,random,2,1110199,554521,padded_control,10,encoder_block_10,0.3443841934204101,72,100,100
irrelevant_random_2,irrelevant,random,2,1110199,554521,padded_control,11,encoder_block_11,-1.4946210384368896,65,100,100
irrelevant_random_2,irrelevant,random,2,1110199,554521,padded_control,12,encoder_block_12,-12.068487167358398,59,100,100
irrelevant_random_2,irrelevant,random,2,1110199,554521,attack,0,embedding,0.6701712608337402,95,100,100
irrelevant_random_2,irrelevant,random,2,1110199,554521,attack,1,encoder_block_1,0.8183012008666992,95,100,100
irrelevant_random_2,irrelevant,random,2,1110199,554521,attack,2,encoder_block_2,1.0936307907104492,91,100,100
irrelevant_random_2,irrelevant,random,2,1110199,554521,attack,3,encoder_block_3,1.1435914039611816,89,100,100
irrelevant_random_2,irrelevant,random,2,1110199,554521,attack,4,encoder_block_4,1.2156553268432615,89,100,100
irrelevant_random_2,irrelevant,random,2,1110199,554521,attack,5,encoder_block_5,1.2098665237426758,84,100,100
irrelevant_random_2,irrelevant,random,2,1110199,554521,attack,6,encoder_block_6,1.2195782661437988,77,100,100
irrelevant_random_2,irrelevant,random,2,1110199,554521,attack,7,encoder_block_7,1.231088399887085,79,100,100
irrelevant_random_2,irrelevant,random,2,1110199,554521,attack,8,encoder_block_8,1.0452733039855957,86,100,100
irrelevant_random_2,irrelevant,random,2,1110199,554521,attack,9,encoder_block_9,0.8693416118621826,97,100,100
irrelevant_random_2,irrelevant,random,2,1110199,554521,attack,10,encoder_block_10,0.3271970748901367,72,100,100
irrelevant_random_2,irrelevant,random,2,1110199,554521,attack,11,encoder_block_11,-1.4395166039466858,62,100,100
irrelevant_random_2,irrelevant,random,2,1110199,554521,attack,12,encoder_block_12,-12.201562881469728,60,100,100
irrelevant_random_2,irrelevant,random,2,1112341,6740558,original,0,embedding,0.8128347396850586,58,100,100
irrelevant_random_2,irrelevant,random,2,1112341,6740558,original,1,encoder_block_1,1.231400966644287,28,100,100
irrelevant_random_2,irrelevant,random,2,1112341,6740558,original,2,encoder_block_2,1.3019390106201172,25,100,100
irrelevant_random_2,irrelevant,random,2,1112341,6740558,original,3,encoder_block_3,1.271320343017578,25,100,100
irrelevant_random_2,irrelevant,random,2,1112341,6740558,original,4,encoder_block_4,1.3037638664245603,32,100,100
irrelevant_random_2,irrelevant,random,2,1112341,6740558,original,5,encoder_block_5,1.2275257110595703,44,100,100
irrelevant_random_2,irrelevant,random,2,1112341,6740558,original,6,encoder_block_6,1.231743335723877,41,100,100
irrelevant_random_2,irrelevant,random,2,1112341,6740558,original,7,encoder_block_7,1.1494498252868652,54,100,100
irrelevant_random_2,irrelevant,random,2,1112341,6740558,original,8,encoder_block_8,1.2443883419036863,46,100,100
irrelevant_random_2,irrelevant,random,2,1112341,6740558,original,9,encoder_block_9,1.2457361221313477,35,100,100
irrelevant_random_2,irrelevant,random,2,1112341,6740558,original,10,encoder_block_10,-0.5300271511077881,79,100,100
irrelevant_random_2,irrelevant,random,2,1112341,6740558,original,11,encoder_block_11,-5.415314674377441,96,100,100
irrelevant_random_2,irrelevant,random,2,1112341,6740558,original,12,encoder_block_12,-13.45517921447754,92,100,100
irrelevant_random_2,irrelevant,random,2,1112341,6740558,padded_control,0,embedding,0.8128342628479004,58,100,100
irrelevant_random_2,irrelevant,random,2,1112341,6740558,padded_control,1,encoder_block_1,1.218043327331543,28,100,100
irrelevant_random_2,irrelevant,random,2,1112341,6740558,padded_control,2,encoder_block_2,1.2826290130615234,27,100,100
irrelevant_random_2,irrelevant,random,2,1112341,6740558,padded_control,3,encoder_block_3,1.2611150741577148,25,100,100
irrelevant_random_2,irrelevant,random,2,1112341,6740558,padded_control,4,encoder_block_4,1.291844367980957,33,100,100
irrelevant_random_2,irrelevant,random,2,1112341,6740558,padded_control,5,encoder_block_5,1.2191386222839355,44,100,100
irrelevant_random_2,irrelevant,random,2,1112341,6740558,padded_control,6,encoder_block_6,1.2259454727172852,41,100,100
irrelevant_random_2,irrelevant,random,2,1112341,6740558,padded_control,7,encoder_block_7,1.1390767097473145,54,100,100
irrelevant_random_2,irrelevant,random,2,1112341,6740558,padded_control,8,encoder_block_8,1.2361016273498535,46,100,100
irrelevant_random_2,irrelevant,random,2,1112341,6740558,padded_control,9,encoder_block_9,1.2350753545761108,36,100,100
irrelevant_random_2,irrelevant,random,2,1112341,6740558,padded_control,10,encoder_block_10,-0.5335233211517334,79,100,100
irrelevant_random_2,irrelevant,random,2,1112341,6740558,padded_control,11,encoder_block_11,-5.447687149047852,96,100,100
irrelevant_random_2,irrelevant,random,2,1112341,6740558,padded_control,12,encoder_block_12,-13.473355293273926,92,100,100
irrelevant_random_2,irrelevant,random,2,1112341,6740558,attack,0,embedding,0.7283720970153809,65,100,100
irrelevant_random_2,irrelevant,random,2,1112341,6740558,attack,1,encoder_block_1,1.005126953125,46,100,100
irrelevant_random_2,irrelevant,random,2,1112341,6740558,attack,2,encoder_block_2,1.0515284538269043,54,100,100
irrelevant_random_2,irrelevant,random,2,1112341,6740558,attack,3,encoder_block_3,1.0127568244934082,57,100,100
irrelevant_random_2,irrelevant,random,2,1112341,6740558,attack,4,encoder_block_4,1.0478415489196775,66,100,100
irrelevant_random_2,irrelevant,random,2,1112341,6740558,attack,5,encoder_block_5,1.016881227493286,64,100,100
irrelevant_random_2,irrelevant,random,2,1112341,6740558,attack,6,encoder_block_6,1.0475482940673828,57,100,100
irrelevant_random_2,irrelevant,random,2,1112341,6740558,attack,7,encoder_block_7,1.0122698545455933,62,100,100
irrelevant_random_2,irrelevant,random,2,1112341,6740558,attack,8,encoder_block_8,1.1263710260391235,54,100,100
irrelevant_random_2,irrelevant,random,2,1112341,6740558,attack,9,encoder_block_9,1.18483304977417,38,100,100
irrelevant_random_2,irrelevant,random,2,1112341,6740558,attack,10,encoder_block_10,-0.5602095127105713,80,100,100
irrelevant_random_2,irrelevant,random,2,1112341,6740558,attack,11,encoder_block_11,-5.530435562133789,96,100,100
irrelevant_random_2,irrelevant,random,2,1112341,6740558,attack,12,encoder_block_12,-13.45441436767578,92,100,100
irrelevant_random_2,irrelevant,random,2,1113437,8128798,original,0,embedding,0.7867050170898438,40,100,100
irrelevant_random_2,irrelevant,random,2,1113437,8128798,original,1,encoder_block_1,1.082113265991211,21,100,100
irrelevant_random_2,irrelevant,random,2,1113437,8128798,original,2,encoder_block_2,1.517536163330078,6,100,100
irrelevant_random_2,irrelevant,random,2,1113437,8128798,original,3,encoder_block_3,1.4747655391693115,11,100,100
irrelevant_random_2,irrelevant,random,2,1113437,8128798,original,4,encoder_block_4,1.2543466091156006,23,100,100
irrelevant_random_2,irrelevant,random,2,1113437,8128798,original,5,encoder_block_5,1.0670671463012695,35,100,100
irrelevant_random_2,irrelevant,random,2,1113437,8128798,original,6,encoder_block_6,1.0043258666992188,40,100,100
irrelevant_random_2,irrelevant,random,2,1113437,8128798,original,7,encoder_block_7,0.9781198501586914,35,100,100
irrelevant_random_2,irrelevant,random,2,1113437,8128798,original,8,encoder_block_8,0.9105725288391112,51,100,100
irrelevant_random_2,irrelevant,random,2,1113437,8128798,original,9,encoder_block_9,1.103043556213379,37,100,100
irrelevant_random_2,irrelevant,random,2,1113437,8128798,original,10,encoder_block_10,1.127180576324463,27,100,100
irrelevant_random_2,irrelevant,random,2,1113437,8128798,original,11,encoder_block_11,1.8471105098724363,9,100,100
irrelevant_random_2,irrelevant,random,2,1113437,8128798,original,12,encoder_block_12,2.607305765151977,7,100,100
irrelevant_random_2,irrelevant,random,2,1113437,8128798,padded_control,0,embedding,0.7867050170898438,40,100,100
irrelevant_random_2,irrelevant,random,2,1113437,8128798,padded_control,1,encoder_block_1,1.074927806854248,21,100,100
irrelevant_random_2,irrelevant,random,2,1113437,8128798,padded_control,2,encoder_block_2,1.5195550918579102,6,100,100
irrelevant_random_2,irrelevant,random,2,1113437,8128798,padded_control,3,encoder_block_3,1.4778966903686523,11,100,100
irrelevant_random_2,irrelevant,random,2,1113437,8128798,padded_control,4,encoder_block_4,1.255868434906006,23,100,100
irrelevant_random_2,irrelevant,random,2,1113437,8128798,padded_control,5,encoder_block_5,1.0692286491394043,35,100,100
irrelevant_random_2,irrelevant,random,2,1113437,8128798,padded_control,6,encoder_block_6,1.002875804901123,40,100,100
irrelevant_random_2,irrelevant,random,2,1113437,8128798,padded_control,7,encoder_block_7,0.9717600345611572,35,100,100
irrelevant_random_2,irrelevant,random,2,1113437,8128798,padded_control,8,encoder_block_8,0.9086554050445556,51,100,100
irrelevant_random_2,irrelevant,random,2,1113437,8128798,padded_control,9,encoder_block_9,1.0965445041656494,38,100,100
irrelevant_random_2,irrelevant,random,2,1113437,8128798,padded_control,10,encoder_block_10,1.1186742782592771,29,100,100
irrelevant_random_2,irrelevant,random,2,1113437,8128798,padded_control,11,encoder_block_11,1.8250811100006104,9,100,100
irrelevant_random_2,irrelevant,random,2,1113437,8128798,padded_control,12,encoder_block_12,2.5960813760757446,7,100,100
irrelevant_random_2,irrelevant,random,2,1113437,8128798,attack,0,embedding,0.6123194694519043,53,100,100
irrelevant_random_2,irrelevant,random,2,1113437,8128798,attack,1,encoder_block_1,0.6250910758972168,47,100,100
irrelevant_random_2,irrelevant,random,2,1113437,8128798,attack,2,encoder_block_2,1.0988502502441406,28,100,100
irrelevant_random_2,irrelevant,random,2,1113437,8128798,attack,3,encoder_block_3,1.0738906860351562,36,100,100
irrelevant_random_2,irrelevant,random,2,1113437,8128798,attack,4,encoder_block_4,0.8306641578674316,68,100,100
irrelevant_random_2,irrelevant,random,2,1113437,8128798,attack,5,encoder_block_5,0.6734368801116943,74,100,100
irrelevant_random_2,irrelevant,random,2,1113437,8128798,attack,6,encoder_block_6,0.7140040397644043,74,100,100
irrelevant_random_2,irrelevant,random,2,1113437,8128798,attack,7,encoder_block_7,0.8003275394439697,61,100,100
irrelevant_random_2,irrelevant,random,2,1113437,8128798,attack,8,encoder_block_8,0.7699651718139648,60,100,100
irrelevant_random_2,irrelevant,random,2,1113437,8128798,attack,9,encoder_block_9,1.0018706321716309,49,100,100
irrelevant_random_2,irrelevant,random,2,1113437,8128798,attack,10,encoder_block_10,1.0794858932495115,33,100,100
irrelevant_random_2,irrelevant,random,2,1113437,8128798,attack,11,encoder_block_11,1.8066136837005613,9,100,100
irrelevant_random_2,irrelevant,random,2,1113437,8128798,attack,12,encoder_block_12,2.4186248779296875,8,100,100
irrelevant_random_2,irrelevant,random,2,1114646,771368,original,0,embedding,0.8991603851318359,25,100,100
irrelevant_random_2,irrelevant,random,2,1114646,771368,original,1,encoder_block_1,-0.2152731418609619,79,100,100
irrelevant_random_2,irrelevant,random,2,1114646,771368,original,2,encoder_block_2,-0.3260955810546875,90,100,100
irrelevant_random_2,irrelevant,random,2,1114646,771368,original,3,encoder_block_3,-0.3272824287414551,90,100,100
irrelevant_random_2,irrelevant,random,2,1114646,771368,original,4,encoder_block_4,-0.3945298194885254,87,100,100
irrelevant_random_2,irrelevant,random,2,1114646,771368,original,5,encoder_block_5,-0.3273069858551025,73,100,100
irrelevant_random_2,irrelevant,random,2,1114646,771368,original,6,encoder_block_6,-0.564227819442749,84,100,100
irrelevant_random_2,irrelevant,random,2,1114646,771368,original,7,encoder_block_7,-0.4446010589599609,69,100,100
irrelevant_random_2,irrelevant,random,2,1114646,771368,original,8,encoder_block_8,-0.4270515441894531,74,100,100
irrelevant_random_2,irrelevant,random,2,1114646,771368,original,9,encoder_block_9,-0.078150987625122,66,100,100
irrelevant_random_2,irrelevant,random,2,1114646,771368,original,10,encoder_block_10,-0.363248348236084,30,100,100
irrelevant_random_2,irrelevant,random,2,1114646,771368,original,11,encoder_block_11,0.0972094535827636,11,100,100
irrelevant_random_2,irrelevant,random,2,1114646,771368,original,12,encoder_block_12,-5.759502410888672,22,100,100
irrelevant_random_2,irrelevant,random,2,1114646,771368,padded_control,0,embedding,0.8991603851318359,25,100,100
irrelevant_random_2,irrelevant,random,2,1114646,771368,padded_control,1,encoder_block_1,-0.2170798778533935,79,100,100
irrelevant_random_2,irrelevant,random,2,1114646,771368,padded_control,2,encoder_block_2,-0.3259482383728027,89,100,100
irrelevant_random_2,irrelevant,random,2,1114646,771368,padded_control,3,encoder_block_3,-0.3260586261749267,89,100,100
irrelevant_random_2,irrelevant,random,2,1114646,771368,padded_control,4,encoder_block_4,-0.3863704204559326,87,100,100
irrelevant_random_2,irrelevant,random,2,1114646,771368,padded_control,5,encoder_block_5,-0.3198704719543457,73,100,100
irrelevant_random_2,irrelevant,random,2,1114646,771368,padded_control,6,encoder_block_6,-0.5583586692810059,84,100,100
irrelevant_random_2,irrelevant,random,2,1114646,771368,padded_control,7,encoder_block_7,-0.4361929893493652,68,100,100
irrelevant_random_2,irrelevant,random,2,1114646,771368,padded_control,8,encoder_block_8,-0.4162671566009521,74,100,100
irrelevant_random_2,irrelevant,random,2,1114646,771368,padded_control,9,encoder_block_9,-0.0649027824401855,64,100,100
irrelevant_random_2,irrelevant,random,2,1114646,771368,padded_control,10,encoder_block_10,-0.3404150009155273,29,100,100
irrelevant_random_2,irrelevant,random,2,1114646,771368,padded_control,11,encoder_block_11,0.1169478893280029,10,100,100
irrelevant_random_2,irrelevant,random,2,1114646,771368,padded_control,12,encoder_block_12,-5.635107040405273,21,100,100
irrelevant_random_2,irrelevant,random,2,1114646,771368,attack,0,embedding,0.7383556365966797,40,100,100
irrelevant_random_2,irrelevant,random,2,1114646,771368,attack,1,encoder_block_1,-0.4599318504333496,92,100,100
irrelevant_random_2,irrelevant,random,2,1114646,771368,attack,2,encoder_block_2,-0.5850503444671631,98,100,100
irrelevant_random_2,irrelevant,random,2,1114646,771368,attack,3,encoder_block_3,-0.5008268356323242,98,100,100
irrelevant_random_2,irrelevant,random,2,1114646,771368,attack,4,encoder_block_4,-0.5688033103942871,97,100,100
irrelevant_random_2,irrelevant,random,2,1114646,771368,attack,5,encoder_block_5,-0.5333552360534668,88,100,100
irrelevant_random_2,irrelevant,random,2,1114646,771368,attack,6,encoder_block_6,-0.7559170722961426,95,100,100
irrelevant_random_2,irrelevant,random,2,1114646,771368,attack,7,encoder_block_7,-0.638317346572876,88,100,100
irrelevant_random_2,irrelevant,random,2,1114646,771368,attack,8,encoder_block_8,-0.5495357513427734,89,100,100
irrelevant_random_2,irrelevant,random,2,1114646,771368,attack,9,encoder_block_9,-0.17124605178833,69,100,100
irrelevant_random_2,irrelevant,random,2,1114646,771368,attack,10,encoder_block_10,-0.4238624572753906,35,100,100
irrelevant_random_2,irrelevant,random,2,1114646,771368,attack,11,encoder_block_11,0.0512764453887939,12,100,100
irrelevant_random_2,irrelevant,random,2,1114646,771368,attack,12,encoder_block_12,-5.862668991088867,23,100,100
irrelevant_random_2,irrelevant,random,2,1114819,4890560,original,0,embedding,0.4533338546752929,74,100,100
irrelevant_random_2,irrelevant,random,2,1114819,4890560,original,1,encoder_block_1,0.5171561241149902,62,100,100
irrelevant_random_2,irrelevant,random,2,1114819,4890560,original,2,encoder_block_2,0.8233966827392578,50,100,100
irrelevant_random_2,irrelevant,random,2,1114819,4890560,original,3,encoder_block_3,0.8937191963195801,54,100,100
irrelevant_random_2,irrelevant,random,2,1114819,4890560,original,4,encoder_block_4,0.6585564613342285,71,100,100
irrelevant_random_2,irrelevant,random,2,1114819,4890560,original,5,encoder_block_5,0.5514228343963623,55,100,100
irrelevant_random_2,irrelevant,random,2,1114819,4890560,original,6,encoder_block_6,0.5663638114929199,51,100,100
irrelevant_random_2,irrelevant,random,2,1114819,4890560,original,7,encoder_block_7,0.6742615699768066,21,100,100
irrelevant_random_2,irrelevant,random,2,1114819,4890560,original,8,encoder_block_8,0.9947500228881836,15,100,100
irrelevant_random_2,irrelevant,random,2,1114819,4890560,original,9,encoder_block_9,1.2763137817382812,11,100,100
irrelevant_random_2,irrelevant,random,2,1114819,4890560,original,10,encoder_block_10,1.5079107284545898,7,100,100
irrelevant_random_2,irrelevant,random,2,1114819,4890560,original,11,encoder_block_11,3.185642719268799,6,100,100
irrelevant_random_2,irrelevant,random,2,1114819,4890560,original,12,encoder_block_12,5.389177322387695,5,100,100
irrelevant_random_2,irrelevant,random,2,1114819,4890560,padded_control,0,embedding,0.4533329010009765,74,100,100
irrelevant_random_2,irrelevant,random,2,1114819,4890560,padded_control,1,encoder_block_1,0.5210165977478027,62,100,100
irrelevant_random_2,irrelevant,random,2,1114819,4890560,padded_control,2,encoder_block_2,0.8241171836853027,50,100,100
irrelevant_random_2,irrelevant,random,2,1114819,4890560,padded_control,3,encoder_block_3,0.8987784385681152,53,100,100
irrelevant_random_2,irrelevant,random,2,1114819,4890560,padded_control,4,encoder_block_4,0.66656494140625,70,100,100
irrelevant_random_2,irrelevant,random,2,1114819,4890560,padded_control,5,encoder_block_5,0.5596117973327637,53,100,100
irrelevant_random_2,irrelevant,random,2,1114819,4890560,padded_control,6,encoder_block_6,0.5762014389038086,50,100,100
irrelevant_random_2,irrelevant,random,2,1114819,4890560,padded_control,7,encoder_block_7,0.6847629547119141,19,100,100
irrelevant_random_2,irrelevant,random,2,1114819,4890560,padded_control,8,encoder_block_8,0.9979796409606934,14,100,100
irrelevant_random_2,irrelevant,random,2,1114819,4890560,padded_control,9,encoder_block_9,1.284851312637329,11,100,100
irrelevant_random_2,irrelevant,random,2,1114819,4890560,padded_control,10,encoder_block_10,1.5173163414001465,7,100,100
irrelevant_random_2,irrelevant,random,2,1114819,4890560,padded_control,11,encoder_block_11,3.164690971374512,6,100,100
irrelevant_random_2,irrelevant,random,2,1114819,4890560,padded_control,12,encoder_block_12,5.359116554260254,5,100,100
irrelevant_random_2,irrelevant,random,2,1114819,4890560,attack,0,embedding,0.2949461936950683,84,100,100
irrelevant_random_2,irrelevant,random,2,1114819,4890560,attack,1,encoder_block_1,0.2210326194763183,89,100,100
irrelevant_random_2,irrelevant,random,2,1114819,4890560,attack,2,encoder_block_2,0.4491691589355469,85,100,100
irrelevant_random_2,irrelevant,random,2,1114819,4890560,attack,3,encoder_block_3,0.6051619052886963,81,100,100
irrelevant_random_2,irrelevant,random,2,1114819,4890560,attack,4,encoder_block_4,0.3633139133453369,93,100,100
irrelevant_random_2,irrelevant,random,2,1114819,4890560,attack,5,encoder_block_5,0.2992348670959472,91,100,100
irrelevant_random_2,irrelevant,random,2,1114819,4890560,attack,6,encoder_block_6,0.3422200679779053,88,100,100
irrelevant_random_2,irrelevant,random,2,1114819,4890560,attack,7,encoder_block_7,0.5030789375305176,51,100,100
irrelevant_random_2,irrelevant,random,2,1114819,4890560,attack,8,encoder_block_8,0.7984175682067871,33,100,100
irrelevant_random_2,irrelevant,random,2,1114819,4890560,attack,9,encoder_block_9,1.1076655387878418,18,100,100
irrelevant_random_2,irrelevant,random,2,1114819,4890560,attack,10,encoder_block_10,1.4240834712982178,7,100,100
irrelevant_random_2,irrelevant,random,2,1114819,4890560,attack,11,encoder_block_11,3.1264429092407227,6,100,100
irrelevant_random_2,irrelevant,random,2,1114819,4890560,attack,12,encoder_block_12,5.415946960449219,5,100,100
irrelevant_random_2,irrelevant,random,2,1115776,8106318,original,0,embedding,0.4300417900085449,49,100,100
irrelevant_random_2,irrelevant,random,2,1115776,8106318,original,1,encoder_block_1,0.502161979675293,23,100,100
irrelevant_random_2,irrelevant,random,2,1115776,8106318,original,2,encoder_block_2,0.6687197685241699,23,100,100
irrelevant_random_2,irrelevant,random,2,1115776,8106318,original,3,encoder_block_3,0.8330013751983643,15,100,100
irrelevant_random_2,irrelevant,random,2,1115776,8106318,original,4,encoder_block_4,0.862576961517334,16,100,100
irrelevant_random_2,irrelevant,random,2,1115776,8106318,original,5,encoder_block_5,0.6732587814331055,15,100,100
irrelevant_random_2,irrelevant,random,2,1115776,8106318,original,6,encoder_block_6,0.6080319881439209,17,100,100
irrelevant_random_2,irrelevant,random,2,1115776,8106318,original,7,encoder_block_7,0.5627334117889404,17,100,100
irrelevant_random_2,irrelevant,random,2,1115776,8106318,original,8,encoder_block_8,0.5992584228515625,19,100,100
irrelevant_random_2,irrelevant,random,2,1115776,8106318,original,9,encoder_block_9,0.4895627498626709,24,100,100
irrelevant_random_2,irrelevant,random,2,1115776,8106318,original,10,encoder_block_10,-0.3291569948196411,28,100,100
irrelevant_random_2,irrelevant,random,2,1115776,8106318,original,11,encoder_block_11,-0.3736042976379394,19,100,100
irrelevant_random_2,irrelevant,random,2,1115776,8106318,original,12,encoder_block_12,-3.873445987701416,24,100,100
irrelevant_random_2,irrelevant,random,2,1115776,8106318,padded_control,0,embedding,0.4300427436828613,49,100,100
irrelevant_random_2,irrelevant,random,2,1115776,8106318,padded_control,1,encoder_block_1,0.512300968170166,23,100,100
irrelevant_random_2,irrelevant,random,2,1115776,8106318,padded_control,2,encoder_block_2,0.6707572937011719,23,100,100
irrelevant_random_2,irrelevant,random,2,1115776,8106318,padded_control,3,encoder_block_3,0.8397269248962402,14,100,100
irrelevant_random_2,irrelevant,random,2,1115776,8106318,padded_control,4,encoder_block_4,0.8737804889678955,16,100,100
irrelevant_random_2,irrelevant,random,2,1115776,8106318,padded_control,5,encoder_block_5,0.687441349029541,15,100,100
irrelevant_random_2,irrelevant,random,2,1115776,8106318,padded_control,6,encoder_block_6,0.621354341506958,16,100,100
irrelevant_random_2,irrelevant,random,2,1115776,8106318,padded_control,7,encoder_block_7,0.5720303058624268,17,100,100
irrelevant_random_2,irrelevant,random,2,1115776,8106318,padded_control,8,encoder_block_8,0.6136815547943115,19,100,100
irrelevant_random_2,irrelevant,random,2,1115776,8106318,padded_control,9,encoder_block_9,0.5047636032104492,23,100,100
irrelevant_random_2,irrelevant,random,2,1115776,8106318,padded_control,10,encoder_block_10,-0.3240669965744018,28,100,100
irrelevant_random_2,irrelevant,random,2,1115776,8106318,padded_control,11,encoder_block_11,-0.3797923326492309,19,100,100
irrelevant_random_2,irrelevant,random,2,1115776,8106318,padded_control,12,encoder_block_12,-3.95457124710083,24,100,100
irrelevant_random_2,irrelevant,random,2,1115776,8106318,attack,0,embedding,0.2712650299072265,68,100,100
irrelevant_random_2,irrelevant,random,2,1115776,8106318,attack,1,encoder_block_1,0.2779860496520996,36,100,100
irrelevant_random_2,irrelevant,random,2,1115776,8106318,attack,2,encoder_block_2,0.4240908622741699,33,100,100
irrelevant_random_2,irrelevant,random,2,1115776,8106318,attack,3,encoder_block_3,0.5809597969055176,29,100,100
irrelevant_random_2,irrelevant,random,2,1115776,8106318,attack,4,encoder_block_4,0.5915570259094238,32,100,100
irrelevant_random_2,irrelevant,random,2,1115776,8106318,attack,5,encoder_block_5,0.3992342948913574,31,100,100
irrelevant_random_2,irrelevant,random,2,1115776,8106318,attack,6,encoder_block_6,0.3717179298400879,33,100,100
irrelevant_random_2,irrelevant,random,2,1115776,8106318,attack,7,encoder_block_7,0.3158392906188965,37,100,100
irrelevant_random_2,irrelevant,random,2,1115776,8106318,attack,8,encoder_block_8,0.4255902767181396,26,100,100
irrelevant_random_2,irrelevant,random,2,1115776,8106318,attack,9,encoder_block_9,0.3744692802429199,34,100,100
irrelevant_random_2,irrelevant,random,2,1115776,8106318,attack,10,encoder_block_10,-0.3636817932128906,30,100,100
irrelevant_random_2,irrelevant,random,2,1115776,8106318,attack,11,encoder_block_11,-0.5329023599624634,20,100,100
irrelevant_random_2,irrelevant,random,2,1115776,8106318,attack,12,encoder_block_12,-4.755970001220703,24,100,100
irrelevant_random_2,irrelevant,random,2,1117099,1798620,original,0,embedding,-0.1211490631103515,89,100,100
irrelevant_random_2,irrelevant,random,2,1117099,1798620,original,1,encoder_block_1,-0.0816750526428222,69,100,100
irrelevant_random_2,irrelevant,random,2,1117099,1798620,original,2,encoder_block_2,0.1976561546325683,46,100,100
irrelevant_random_2,irrelevant,random,2,1117099,1798620,original,3,encoder_block_3,0.3560729026794433,32,100,100
irrelevant_random_2,irrelevant,random,2,1117099,1798620,original,4,encoder_block_4,0.4609498977661133,22,100,100
irrelevant_random_2,irrelevant,random,2,1117099,1798620,original,5,encoder_block_5,0.4454104900360107,20,100,100
irrelevant_random_2,irrelevant,random,2,1117099,1798620,original,6,encoder_block_6,0.2973945140838623,36,100,100
irrelevant_random_2,irrelevant,random,2,1117099,1798620,original,7,encoder_block_7,0.1617908477783203,43,100,100
irrelevant_random_2,irrelevant,random,2,1117099,1798620,original,8,encoder_block_8,0.1823940277099609,48,100,100
irrelevant_random_2,irrelevant,random,2,1117099,1798620,original,9,encoder_block_9,0.4112563133239746,37,100,100
irrelevant_random_2,irrelevant,random,2,1117099,1798620,original,10,encoder_block_10,0.5146245956420898,41,100,100
irrelevant_random_2,irrelevant,random,2,1117099,1798620,original,11,encoder_block_11,1.436370611190796,24,100,100
irrelevant_random_2,irrelevant,random,2,1117099,1798620,original,12,encoder_block_12,1.5566261410713196,27,100,100
irrelevant_random_2,irrelevant,random,2,1117099,1798620,padded_control,0,embedding,-0.1211495399475097,89,100,100
irrelevant_random_2,irrelevant,random,2,1117099,1798620,padded_control,1,encoder_block_1,-0.0843534469604492,69,100,100
irrelevant_random_2,irrelevant,random,2,1117099,1798620,padded_control,2,encoder_block_2,0.1987013816833496,46,100,100
irrelevant_random_2,irrelevant,random,2,1117099,1798620,padded_control,3,encoder_block_3,0.3533811569213867,32,100,100
irrelevant_random_2,irrelevant,random,2,1117099,1798620,padded_control,4,encoder_block_4,0.4603652954101562,22,100,100
irrelevant_random_2,irrelevant,random,2,1117099,1798620,padded_control,5,encoder_block_5,0.4420962333679199,20,100,100
irrelevant_random_2,irrelevant,random,2,1117099,1798620,padded_control,6,encoder_block_6,0.2973029613494873,36,100,100
irrelevant_random_2,irrelevant,random,2,1117099,1798620,padded_control,7,encoder_block_7,0.1599817276000976,43,100,100
irrelevant_random_2,irrelevant,random,2,1117099,1798620,padded_control,8,encoder_block_8,0.1830453872680664,48,100,100
irrelevant_random_2,irrelevant,random,2,1117099,1798620,padded_control,9,encoder_block_9,0.4083077907562256,37,100,100
irrelevant_random_2,irrelevant,random,2,1117099,1798620,padded_control,10,encoder_block_10,0.5115303993225098,41,100,100
irrelevant_random_2,irrelevant,random,2,1117099,1798620,padded_control,11,encoder_block_11,1.4481747150421145,23,100,100
irrelevant_random_2,irrelevant,random,2,1117099,1798620,padded_control,12,encoder_block_12,1.6018721461296082,27,100,100
irrelevant_random_2,irrelevant,random,2,1117099,1798620,attack,0,embedding,-0.2382254600524902,91,100,100
irrelevant_random_2,irrelevant,random,2,1117099,1798620,attack,1,encoder_block_1,-0.3168225288391113,90,100,100
irrelevant_random_2,irrelevant,random,2,1117099,1798620,attack,2,encoder_block_2,-0.127044677734375,74,100,100
irrelevant_random_2,irrelevant,random,2,1117099,1798620,attack,3,encoder_block_3,0.0675668716430664,51,100,100
irrelevant_random_2,irrelevant,random,2,1117099,1798620,attack,4,encoder_block_4,0.1725845336914062,42,100,100
irrelevant_random_2,irrelevant,random,2,1117099,1798620,attack,5,encoder_block_5,0.2075846195220947,37,100,100
irrelevant_random_2,irrelevant,random,2,1117099,1798620,attack,6,encoder_block_6,0.1156544685363769,48,100,100
irrelevant_random_2,irrelevant,random,2,1117099,1798620,attack,7,encoder_block_7,0.0127909183502197,57,100,100
irrelevant_random_2,irrelevant,random,2,1117099,1798620,attack,8,encoder_block_8,0.0643620491027832,55,100,100
irrelevant_random_2,irrelevant,random,2,1117099,1798620,attack,9,encoder_block_9,0.295433759689331,41,100,100
irrelevant_random_2,irrelevant,random,2,1117099,1798620,attack,10,encoder_block_10,0.4316325187683105,43,100,100
irrelevant_random_2,irrelevant,random,2,1117099,1798620,attack,11,encoder_block_11,1.433756947517395,24,100,100
irrelevant_random_2,irrelevant,random,2,1117099,1798620,attack,12,encoder_block_12,1.6591778695583344,27,100,100
irrelevant_random_2,irrelevant,random,2,1121402,188213,original,0,embedding,0.8888998031616211,35,100,100
irrelevant_random_2,irrelevant,random,2,1121402,188213,original,1,encoder_block_1,0.5044467449188232,49,100,100
irrelevant_random_2,irrelevant,random,2,1121402,188213,original,2,encoder_block_2,0.639972448348999,37,100,100
irrelevant_random_2,irrelevant,random,2,1121402,188213,original,3,encoder_block_3,0.7044320106506348,34,100,100
irrelevant_random_2,irrelevant,random,2,1121402,188213,original,4,encoder_block_4,0.7869665622711182,29,100,100
irrelevant_random_2,irrelevant,random,2,1121402,188213,original,5,encoder_block_5,0.8197591304779053,25,100,100
irrelevant_random_2,irrelevant,random,2,1121402,188213,original,6,encoder_block_6,0.8877537250518799,13,100,100
irrelevant_random_2,irrelevant,random,2,1121402,188213,original,7,encoder_block_7,0.9868974685668944,11,100,100
irrelevant_random_2,irrelevant,random,2,1121402,188213,original,8,encoder_block_8,1.233314037322998,7,100,100
irrelevant_random_2,irrelevant,random,2,1121402,188213,original,9,encoder_block_9,1.2798562049865725,4,100,100
irrelevant_random_2,irrelevant,random,2,1121402,188213,original,10,encoder_block_10,1.5612616539001465,1,100,100
irrelevant_random_2,irrelevant,random,2,1121402,188213,original,11,encoder_block_11,3.2060556411743164,2,100,100
irrelevant_random_2,irrelevant,random,2,1121402,188213,original,12,encoder_block_12,5.673476219177246,7,100,100
irrelevant_random_2,irrelevant,random,2,1121402,188213,padded_control,0,embedding,0.8889002799987793,35,100,100
irrelevant_random_2,irrelevant,random,2,1121402,188213,padded_control,1,encoder_block_1,0.509080171585083,49,100,100
irrelevant_random_2,irrelevant,random,2,1121402,188213,padded_control,2,encoder_block_2,0.6397604942321777,37,100,100
irrelevant_random_2,irrelevant,random,2,1121402,188213,padded_control,3,encoder_block_3,0.7044429779052734,34,100,100
irrelevant_random_2,irrelevant,random,2,1121402,188213,padded_control,4,encoder_block_4,0.7860393524169922,29,100,100
irrelevant_random_2,irrelevant,random,2,1121402,188213,padded_control,5,encoder_block_5,0.8214631080627441,24,100,100
irrelevant_random_2,irrelevant,random,2,1121402,188213,padded_control,6,encoder_block_6,0.8858163356781006,14,100,100
irrelevant_random_2,irrelevant,random,2,1121402,188213,padded_control,7,encoder_block_7,0.9831359386444092,12,100,100
irrelevant_random_2,irrelevant,random,2,1121402,188213,padded_control,8,encoder_block_8,1.2324495315551758,7,100,100
irrelevant_random_2,irrelevant,random,2,1121402,188213,padded_control,9,encoder_block_9,1.2728981971740725,4,100,100
irrelevant_random_2,irrelevant,random,2,1121402,188213,padded_control,10,encoder_block_10,1.5580196380615234,1,100,100
irrelevant_random_2,irrelevant,random,2,1121402,188213,padded_control,11,encoder_block_11,3.215939521789551,2,100,100
irrelevant_random_2,irrelevant,random,2,1121402,188213,padded_control,12,encoder_block_12,5.64893913269043,7,100,100
irrelevant_random_2,irrelevant,random,2,1121402,188213,attack,0,embedding,0.7440352439880371,49,100,100
irrelevant_random_2,irrelevant,random,2,1121402,188213,attack,1,encoder_block_1,0.2119941711425781,69,100,100
irrelevant_random_2,irrelevant,random,2,1121402,188213,attack,2,encoder_block_2,0.2603192329406738,71,100,100
irrelevant_random_2,irrelevant,random,2,1121402,188213,attack,3,encoder_block_3,0.364835262298584,66,100,100
irrelevant_random_2,irrelevant,random,2,1121402,188213,attack,4,encoder_block_4,0.4557490348815918,58,100,100
irrelevant_random_2,irrelevant,random,2,1121402,188213,attack,5,encoder_block_5,0.5270674228668213,43,100,100
irrelevant_random_2,irrelevant,random,2,1121402,188213,attack,6,encoder_block_6,0.5815622806549072,36,100,100
irrelevant_random_2,irrelevant,random,2,1121402,188213,attack,7,encoder_block_7,0.6749305725097656,31,100,100
irrelevant_random_2,irrelevant,random,2,1121402,188213,attack,8,encoder_block_8,0.9944429397583008,12,100,100
irrelevant_random_2,irrelevant,random,2,1121402,188213,attack,9,encoder_block_9,1.1251001358032229,7,100,100
irrelevant_random_2,irrelevant,random,2,1121402,188213,attack,10,encoder_block_10,1.44040846824646,1,100,100
irrelevant_random_2,irrelevant,random,2,1121402,188213,attack,11,encoder_block_11,3.200773239135742,2,100,100
irrelevant_random_2,irrelevant,random,2,1121402,188213,attack,12,encoder_block_12,5.691526412963867,7,100,100
irrelevant_random_2,irrelevant,random,2,1121709,4965913,original,0,embedding,0.8041567802429199,23,100,100
irrelevant_random_2,irrelevant,random,2,1121709,4965913,original,1,encoder_block_1,0.7356715202331543,12,100,100
irrelevant_random_2,irrelevant,random,2,1121709,4965913,original,2,encoder_block_2,0.9515345096588136,21,100,100
irrelevant_random_2,irrelevant,random,2,1121709,4965913,original,3,encoder_block_3,0.9222359657287598,20,100,100
irrelevant_random_2,irrelevant,random,2,1121709,4965913,original,4,encoder_block_4,1.121793270111084,19,100,100
irrelevant_random_2,irrelevant,random,2,1121709,4965913,original,5,encoder_block_5,0.9158687591552734,24,100,100
irrelevant_random_2,irrelevant,random,2,1121709,4965913,original,6,encoder_block_6,0.9815237522125244,22,100,100
irrelevant_random_2,irrelevant,random,2,1121709,4965913,original,7,encoder_block_7,0.7581958770751953,54,100,100
irrelevant_random_2,irrelevant,random,2,1121709,4965913,original,8,encoder_block_8,0.6804499626159668,57,100,100
irrelevant_random_2,irrelevant,random,2,1121709,4965913,original,9,encoder_block_9,0.7687574625015259,60,100,100
irrelevant_random_2,irrelevant,random,2,1121709,4965913,original,10,encoder_block_10,-0.2624013423919678,86,100,100
irrelevant_random_2,irrelevant,random,2,1121709,4965913,original,11,encoder_block_11,-3.231502056121826,72,100,100
irrelevant_random_2,irrelevant,random,2,1121709,4965913,original,12,encoder_block_12,-13.548770904541016,86,100,100
irrelevant_random_2,irrelevant,random,2,1121709,4965913,padded_control,0,embedding,0.8041560649871826,23,100,100
irrelevant_random_2,irrelevant,random,2,1121709,4965913,padded_control,1,encoder_block_1,0.730593204498291,13,100,100
irrelevant_random_2,irrelevant,random,2,1121709,4965913,padded_control,2,encoder_block_2,0.9417414665222168,21,100,100
irrelevant_random_2,irrelevant,random,2,1121709,4965913,padded_control,3,encoder_block_3,0.9111700057983398,20,100,100
irrelevant_random_2,irrelevant,random,2,1121709,4965913,padded_control,4,encoder_block_4,1.115774631500244,20,100,100
irrelevant_random_2,irrelevant,random,2,1121709,4965913,padded_control,5,encoder_block_5,0.9102005958557128,24,100,100
irrelevant_random_2,irrelevant,random,2,1121709,4965913,padded_control,6,encoder_block_6,0.9790669679641724,22,100,100
irrelevant_random_2,irrelevant,random,2,1121709,4965913,padded_control,7,encoder_block_7,0.7556836605072021,54,100,100
irrelevant_random_2,irrelevant,random,2,1121709,4965913,padded_control,8,encoder_block_8,0.6823077201843262,57,100,100
irrelevant_random_2,irrelevant,random,2,1121709,4965913,padded_control,9,encoder_block_9,0.7787041664123535,60,100,100
irrelevant_random_2,irrelevant,random,2,1121709,4965913,padded_control,10,encoder_block_10,-0.2633301019668579,86,100,100
irrelevant_random_2,irrelevant,random,2,1121709,4965913,padded_control,11,encoder_block_11,-3.2617743015289307,73,100,100
irrelevant_random_2,irrelevant,random,2,1121709,4965913,padded_control,12,encoder_block_12,-13.558815956115724,87,100,100
irrelevant_random_2,irrelevant,random,2,1121709,4965913,attack,0,embedding,0.717703104019165,26,100,100
irrelevant_random_2,irrelevant,random,2,1121709,4965913,attack,1,encoder_block_1,0.5448622703552246,27,100,100
irrelevant_random_2,irrelevant,random,2,1121709,4965913,attack,2,encoder_block_2,0.7030246257781982,43,100,100
irrelevant_random_2,irrelevant,random,2,1121709,4965913,attack,3,encoder_block_3,0.6636815071105957,45,100,100
irrelevant_random_2,irrelevant,random,2,1121709,4965913,attack,4,encoder_block_4,0.8484737873077393,41,100,100
irrelevant_random_2,irrelevant,random,2,1121709,4965913,attack,5,encoder_block_5,0.6673717498779297,52,100,100
irrelevant_random_2,irrelevant,random,2,1121709,4965913,attack,6,encoder_block_6,0.8110976219177246,39,100,100
irrelevant_random_2,irrelevant,random,2,1121709,4965913,attack,7,encoder_block_7,0.6286795139312744,61,100,100
irrelevant_random_2,irrelevant,random,2,1121709,4965913,attack,8,encoder_block_8,0.5558110475540161,64,100,100
irrelevant_random_2,irrelevant,random,2,1121709,4965913,attack,9,encoder_block_9,0.7360678315162659,63,100,100
irrelevant_random_2,irrelevant,random,2,1121709,4965913,attack,10,encoder_block_10,-0.1637265086174011,76,100,100
irrelevant_random_2,irrelevant,random,2,1121709,4965913,attack,11,encoder_block_11,-3.085518956184387,71,100,100
irrelevant_random_2,irrelevant,random,2,1121709,4965913,attack,12,encoder_block_12,-13.408376693725586,80,100,100
irrelevant_random_2,irrelevant,random,2,1124210,8026740,original,0,embedding,0.7269232273101807,17,100,100
irrelevant_random_2,irrelevant,random,2,1124210,8026740,original,1,encoder_block_1,0.4585821628570556,30,100,100
irrelevant_random_2,irrelevant,random,2,1124210,8026740,original,2,encoder_block_2,0.5466594696044922,33,100,100
irrelevant_random_2,irrelevant,random,2,1124210,8026740,original,3,encoder_block_3,0.7159969806671143,25,100,100
irrelevant_random_2,irrelevant,random,2,1124210,8026740,original,4,encoder_block_4,0.8464562892913818,19,100,100
irrelevant_random_2,irrelevant,random,2,1124210,8026740,original,5,encoder_block_5,0.8713822364807129,11,100,100
irrelevant_random_2,irrelevant,random,2,1124210,8026740,original,6,encoder_block_6,0.7868921756744385,11,100,100
irrelevant_random_2,irrelevant,random,2,1124210,8026740,original,7,encoder_block_7,0.9112682342529296,10,100,100
irrelevant_random_2,irrelevant,random,2,1124210,8026740,original,8,encoder_block_8,0.8616187572479248,13,100,100
irrelevant_random_2,irrelevant,random,2,1124210,8026740,original,9,encoder_block_9,0.9398579597473145,9,100,100
irrelevant_random_2,irrelevant,random,2,1124210,8026740,original,10,encoder_block_10,0.7700507640838623,8,100,100
irrelevant_random_2,irrelevant,random,2,1124210,8026740,original,11,encoder_block_11,0.5469598770141602,18,100,100
irrelevant_random_2,irrelevant,random,2,1124210,8026740,original,12,encoder_block_12,-1.4280482530593872,20,100,100
irrelevant_random_2,irrelevant,random,2,1124210,8026740,padded_control,0,embedding,0.726923942565918,17,100,100
irrelevant_random_2,irrelevant,random,2,1124210,8026740,padded_control,1,encoder_block_1,0.4599385261535644,30,100,100
irrelevant_random_2,irrelevant,random,2,1124210,8026740,padded_control,2,encoder_block_2,0.551929235458374,33,100,100
irrelevant_random_2,irrelevant,random,2,1124210,8026740,padded_control,3,encoder_block_3,0.721397876739502,24,100,100
irrelevant_random_2,irrelevant,random,2,1124210,8026740,padded_control,4,encoder_block_4,0.846909761428833,19,100,100
irrelevant_random_2,irrelevant,random,2,1124210,8026740,padded_control,5,encoder_block_5,0.8738405704498291,11,100,100
irrelevant_random_2,irrelevant,random,2,1124210,8026740,padded_control,6,encoder_block_6,0.7866487503051758,11,100,100
irrelevant_random_2,irrelevant,random,2,1124210,8026740,padded_control,7,encoder_block_7,0.9090032577514648,10,100,100
irrelevant_random_2,irrelevant,random,2,1124210,8026740,padded_control,8,encoder_block_8,0.8577408790588379,13,100,100
irrelevant_random_2,irrelevant,random,2,1124210,8026740,padded_control,9,encoder_block_9,0.9400923252105712,9,100,100
irrelevant_random_2,irrelevant,random,2,1124210,8026740,padded_control,10,encoder_block_10,0.7687044143676758,8,100,100
irrelevant_random_2,irrelevant,random,2,1124210,8026740,padded_control,11,encoder_block_11,0.5558998584747314,18,100,100
irrelevant_random_2,irrelevant,random,2,1124210,8026740,padded_control,12,encoder_block_12,-1.330731987953186,20,100,100
irrelevant_random_2,irrelevant,random,2,1124210,8026740,attack,0,embedding,0.5982699394226074,30,100,100
irrelevant_random_2,irrelevant,random,2,1124210,8026740,attack,1,encoder_block_1,0.2617261409759521,52,100,100
irrelevant_random_2,irrelevant,random,2,1124210,8026740,attack,2,encoder_block_2,0.3512046337127685,52,100,100
irrelevant_random_2,irrelevant,random,2,1124210,8026740,attack,3,encoder_block_3,0.5879206657409668,37,100,100
irrelevant_random_2,irrelevant,random,2,1124210,8026740,attack,4,encoder_block_4,0.7190673351287842,31,100,100
irrelevant_random_2,irrelevant,random,2,1124210,8026740,attack,5,encoder_block_5,0.7611889839172363,13,100,100
irrelevant_random_2,irrelevant,random,2,1124210,8026740,attack,6,encoder_block_6,0.7115731239318848,14,100,100
irrelevant_random_2,irrelevant,random,2,1124210,8026740,attack,7,encoder_block_7,0.8083734512329102,16,100,100
irrelevant_random_2,irrelevant,random,2,1124210,8026740,attack,8,encoder_block_8,0.7930872440338135,14,100,100
irrelevant_random_2,irrelevant,random,2,1124210,8026740,attack,9,encoder_block_9,0.901747703552246,13,100,100
irrelevant_random_2,irrelevant,random,2,1124210,8026740,attack,10,encoder_block_10,0.75010085105896,9,100,100
irrelevant_random_2,irrelevant,random,2,1124210,8026740,attack,11,encoder_block_11,0.5514347553253174,18,100,100
irrelevant_random_2,irrelevant,random,2,1124210,8026740,attack,12,encoder_block_12,-1.258983701467514,19,100,100
irrelevant_random_2,irrelevant,random,2,1129237,128984,original,0,embedding,-0.4268803596496582,76,100,100
irrelevant_random_2,irrelevant,random,2,1129237,128984,original,1,encoder_block_1,-0.4387106895446777,60,100,100
irrelevant_random_2,irrelevant,random,2,1129237,128984,original,2,encoder_block_2,-0.1150264739990234,58,100,100
irrelevant_random_2,irrelevant,random,2,1129237,128984,original,3,encoder_block_3,0.0110878944396972,48,100,100
irrelevant_random_2,irrelevant,random,2,1129237,128984,original,4,encoder_block_4,-0.0581402778625488,57,100,100
irrelevant_random_2,irrelevant,random,2,1129237,128984,original,5,encoder_block_5,-0.2186312675476074,57,100,100
irrelevant_random_2,irrelevant,random,2,1129237,128984,original,6,encoder_block_6,-0.3394663333892822,68,100,100
irrelevant_random_2,irrelevant,random,2,1129237,128984,original,7,encoder_block_7,-0.3060479164123535,58,100,100
irrelevant_random_2,irrelevant,random,2,1129237,128984,original,8,encoder_block_8,-0.2279157638549804,53,100,100
irrelevant_random_2,irrelevant,random,2,1129237,128984,original,9,encoder_block_9,0.054624319076538,30,100,100
irrelevant_random_2,irrelevant,random,2,1129237,128984,original,10,encoder_block_10,0.5939323902130127,8,100,100
irrelevant_random_2,irrelevant,random,2,1129237,128984,original,11,encoder_block_11,2.355377674102783,3,100,100
irrelevant_random_2,irrelevant,random,2,1129237,128984,original,12,encoder_block_12,3.980635643005371,3,100,100
irrelevant_random_2,irrelevant,random,2,1129237,128984,padded_control,0,embedding,-0.4268808364868164,76,100,100
irrelevant_random_2,irrelevant,random,2,1129237,128984,padded_control,1,encoder_block_1,-0.4386858940124511,60,100,100
irrelevant_random_2,irrelevant,random,2,1129237,128984,padded_control,2,encoder_block_2,-0.1153278350830078,58,100,100
irrelevant_random_2,irrelevant,random,2,1129237,128984,padded_control,3,encoder_block_3,0.0098028182983398,48,100,100
irrelevant_random_2,irrelevant,random,2,1129237,128984,padded_control,4,encoder_block_4,-0.0622620582580566,57,100,100
irrelevant_random_2,irrelevant,random,2,1129237,128984,padded_control,5,encoder_block_5,-0.2273516654968261,57,100,100
irrelevant_random_2,irrelevant,random,2,1129237,128984,padded_control,6,encoder_block_6,-0.3486514091491699,68,100,100
irrelevant_random_2,irrelevant,random,2,1129237,128984,padded_control,7,encoder_block_7,-0.3141133785247803,59,100,100
irrelevant_random_2,irrelevant,random,2,1129237,128984,padded_control,8,encoder_block_8,-0.2310929298400879,53,100,100
irrelevant_random_2,irrelevant,random,2,1129237,128984,padded_control,9,encoder_block_9,0.0461287498474121,30,100,100
irrelevant_random_2,irrelevant,random,2,1129237,128984,padded_control,10,encoder_block_10,0.559821367263794,8,100,100
irrelevant_random_2,irrelevant,random,2,1129237,128984,padded_control,11,encoder_block_11,2.3498573303222656,3,100,100
irrelevant_random_2,irrelevant,random,2,1129237,128984,padded_control,12,encoder_block_12,3.9902610778808594,3,100,100
irrelevant_random_2,irrelevant,random,2,1129237,128984,attack,0,embedding,-0.5158939361572266,85,100,100
irrelevant_random_2,irrelevant,random,2,1129237,128984,attack,1,encoder_block_1,-0.6496949195861816,75,100,100
irrelevant_random_2,irrelevant,random,2,1129237,128984,attack,2,encoder_block_2,-0.4210529327392578,80,100,100
irrelevant_random_2,irrelevant,random,2,1129237,128984,attack,3,encoder_block_3,-0.2863636016845703,76,100,100
irrelevant_random_2,irrelevant,random,2,1129237,128984,attack,4,encoder_block_4,-0.3287997245788574,80,100,100
irrelevant_random_2,irrelevant,random,2,1129237,128984,attack,5,encoder_block_5,-0.4089326858520508,79,100,100
irrelevant_random_2,irrelevant,random,2,1129237,128984,attack,6,encoder_block_6,-0.4489626884460449,77,100,100
irrelevant_random_2,irrelevant,random,2,1129237,128984,attack,7,encoder_block_7,-0.4400439262390136,74,100,100
irrelevant_random_2,irrelevant,random,2,1129237,128984,attack,8,encoder_block_8,-0.3421416282653808,68,100,100
irrelevant_random_2,irrelevant,random,2,1129237,128984,attack,9,encoder_block_9,-0.0971777439117431,43,100,100
irrelevant_random_2,irrelevant,random,2,1129237,128984,attack,10,encoder_block_10,0.4583213329315185,8,100,100
irrelevant_random_2,irrelevant,random,2,1129237,128984,attack,11,encoder_block_11,2.3331167697906494,3,100,100
irrelevant_random_2,irrelevant,random,2,1129237,128984,attack,12,encoder_block_12,3.990167140960693,3,100,100
irrelevant_random_2,irrelevant,random,2,1133167,6467522,original,0,embedding,-0.6135129928588867,76,100,100
irrelevant_random_2,irrelevant,random,2,1133167,6467522,original,1,encoder_block_1,-0.2902951240539551,45,100,100
irrelevant_random_2,irrelevant,random,2,1133167,6467522,original,2,encoder_block_2,-0.3189535140991211,63,100,100
irrelevant_random_2,irrelevant,random,2,1133167,6467522,original,3,encoder_block_3,-0.3630611896514892,62,100,100
irrelevant_random_2,irrelevant,random,2,1133167,6467522,original,4,encoder_block_4,-0.0748136043548584,49,100,100
irrelevant_random_2,irrelevant,random,2,1133167,6467522,original,5,encoder_block_5,-0.0454061031341552,29,100,100
irrelevant_random_2,irrelevant,random,2,1133167,6467522,original,6,encoder_block_6,-0.0803050994873046,41,100,100
irrelevant_random_2,irrelevant,random,2,1133167,6467522,original,7,encoder_block_7,-0.1687588691711425,61,100,100
irrelevant_random_2,irrelevant,random,2,1133167,6467522,original,8,encoder_block_8,-0.0124731063842773,53,100,100
irrelevant_random_2,irrelevant,random,2,1133167,6467522,original,9,encoder_block_9,0.0904874801635742,52,100,100
irrelevant_random_2,irrelevant,random,2,1133167,6467522,original,10,encoder_block_10,-0.5169878005981445,63,100,100
irrelevant_random_2,irrelevant,random,2,1133167,6467522,original,11,encoder_block_11,-0.0270392894744873,60,100,100
irrelevant_random_2,irrelevant,random,2,1133167,6467522,original,12,encoder_block_12,-0.1112823486328125,67,100,100
irrelevant_random_2,irrelevant,random,2,1133167,6467522,padded_control,0,embedding,-0.6135139465332031,76,100,100
irrelevant_random_2,irrelevant,random,2,1133167,6467522,padded_control,1,encoder_block_1,-0.2874388694763183,45,100,100
irrelevant_random_2,irrelevant,random,2,1133167,6467522,padded_control,2,encoder_block_2,-0.3162603378295898,63,100,100
irrelevant_random_2,irrelevant,random,2,1133167,6467522,padded_control,3,encoder_block_3,-0.3614406585693359,62,100,100
irrelevant_random_2,irrelevant,random,2,1133167,6467522,padded_control,4,encoder_block_4,-0.0785837173461914,49,100,100
irrelevant_random_2,irrelevant,random,2,1133167,6467522,padded_control,5,encoder_block_5,-0.0502722263336181,29,100,100
irrelevant_random_2,irrelevant,random,2,1133167,6467522,padded_control,6,encoder_block_6,-0.08697509765625,41,100,100
irrelevant_random_2,irrelevant,random,2,1133167,6467522,padded_control,7,encoder_block_7,-0.175760269165039,61,100,100
irrelevant_random_2,irrelevant,random,2,1133167,6467522,padded_control,8,encoder_block_8,-0.02158784866333,54,100,100
irrelevant_random_2,irrelevant,random,2,1133167,6467522,padded_control,9,encoder_block_9,0.0780954360961914,55,100,100
irrelevant_random_2,irrelevant,random,2,1133167,6467522,padded_control,10,encoder_block_10,-0.527294397354126,63,100,100
irrelevant_random_2,irrelevant,random,2,1133167,6467522,padded_control,11,encoder_block_11,-0.0069167613983154,60,100,100
irrelevant_random_2,irrelevant,random,2,1133167,6467522,padded_control,12,encoder_block_12,-0.052260935306549,67,100,100
irrelevant_random_2,irrelevant,random,2,1133167,6467522,attack,0,embedding,-0.6882295608520508,86,100,100
irrelevant_random_2,irrelevant,random,2,1133167,6467522,attack,1,encoder_block_1,-0.4832463264465332,68,100,100
irrelevant_random_2,irrelevant,random,2,1133167,6467522,attack,2,encoder_block_2,-0.545201301574707,86,100,100
irrelevant_random_2,irrelevant,random,2,1133167,6467522,attack,3,encoder_block_3,-0.6044821739196777,87,100,100
irrelevant_random_2,irrelevant,random,2,1133167,6467522,attack,4,encoder_block_4,-0.3647897243499756,80,100,100
irrelevant_random_2,irrelevant,random,2,1133167,6467522,attack,5,encoder_block_5,-0.3470172882080078,68,100,100
irrelevant_random_2,irrelevant,random,2,1133167,6467522,attack,6,encoder_block_6,-0.3447463512420654,75,100,100
irrelevant_random_2,irrelevant,random,2,1133167,6467522,attack,7,encoder_block_7,-0.4404153823852539,78,100,100
irrelevant_random_2,irrelevant,random,2,1133167,6467522,attack,8,encoder_block_8,-0.1950948238372802,69,100,100
irrelevant_random_2,irrelevant,random,2,1133167,6467522,attack,9,encoder_block_9,-0.0969119071960449,65,100,100
irrelevant_random_2,irrelevant,random,2,1133167,6467522,attack,10,encoder_block_10,-0.6068761348724365,65,100,100
irrelevant_random_2,irrelevant,random,2,1133167,6467522,attack,11,encoder_block_11,-0.1198577880859375,64,100,100
irrelevant_random_2,irrelevant,random,2,1133167,6467522,attack,12,encoder_block_12,-0.7381822466850281,69,100,100
irrelevant_random_2,irrelevant,random,2,130510,7501563,original,0,embedding,0.2935273647308349,62,100,100
irrelevant_random_2,irrelevant,random,2,130510,7501563,original,1,encoder_block_1,-0.0269794464111328,63,100,100
irrelevant_random_2,irrelevant,random,2,130510,7501563,original,2,encoder_block_2,0.2684071063995361,54,100,100
irrelevant_random_2,irrelevant,random,2,130510,7501563,original,3,encoder_block_3,0.1043019294738769,54,100,100
irrelevant_random_2,irrelevant,random,2,130510,7501563,original,4,encoder_block_4,0.1415843963623047,43,100,100
irrelevant_random_2,irrelevant,random,2,130510,7501563,original,5,encoder_block_5,0.3153901100158691,31,100,100
irrelevant_random_2,irrelevant,random,2,130510,7501563,original,6,encoder_block_6,0.3311595916748047,22,100,100
irrelevant_random_2,irrelevant,random,2,130510,7501563,original,7,encoder_block_7,0.3659005165100097,25,100,100
irrelevant_random_2,irrelevant,random,2,130510,7501563,original,8,encoder_block_8,0.2777400016784668,38,100,100
irrelevant_random_2,irrelevant,random,2,130510,7501563,original,9,encoder_block_9,0.5110898017883301,26,100,100
irrelevant_random_2,irrelevant,random,2,130510,7501563,original,10,encoder_block_10,0.0353047847747802,47,100,100
irrelevant_random_2,irrelevant,random,2,130510,7501563,original,11,encoder_block_11,0.0545588731765747,20,100,100
irrelevant_random_2,irrelevant,random,2,130510,7501563,original,12,encoder_block_12,-6.9109601974487305,22,100,100
irrelevant_random_2,irrelevant,random,2,130510,7501563,padded_control,0,embedding,0.293527603149414,62,100,100
irrelevant_random_2,irrelevant,random,2,130510,7501563,padded_control,1,encoder_block_1,-0.0330214500427246,63,100,100
irrelevant_random_2,irrelevant,random,2,130510,7501563,padded_control,2,encoder_block_2,0.2639551162719726,54,100,100
irrelevant_random_2,irrelevant,random,2,130510,7501563,padded_control,3,encoder_block_3,0.0953340530395507,54,100,100
irrelevant_random_2,irrelevant,random,2,130510,7501563,padded_control,4,encoder_block_4,0.1384663581848144,44,100,100
irrelevant_random_2,irrelevant,random,2,130510,7501563,padded_control,5,encoder_block_5,0.3130602836608886,33,100,100
irrelevant_random_2,irrelevant,random,2,130510,7501563,padded_control,6,encoder_block_6,0.3299710750579834,22,100,100
irrelevant_random_2,irrelevant,random,2,130510,7501563,padded_control,7,encoder_block_7,0.364786148071289,26,100,100
irrelevant_random_2,irrelevant,random,2,130510,7501563,padded_control,8,encoder_block_8,0.2811629772186279,38,100,100
irrelevant_random_2,irrelevant,random,2,130510,7501563,padded_control,9,encoder_block_9,0.5065572261810303,26,100,100
irrelevant_random_2,irrelevant,random,2,130510,7501563,padded_control,10,encoder_block_10,0.0421290397644043,47,100,100
irrelevant_random_2,irrelevant,random,2,130510,7501563,padded_control,11,encoder_block_11,0.0883794426918029,20,100,100
irrelevant_random_2,irrelevant,random,2,130510,7501563,padded_control,12,encoder_block_12,-6.652618408203125,22,100,100
irrelevant_random_2,irrelevant,random,2,130510,7501563,attack,0,embedding,0.1618657112121582,76,100,100
irrelevant_random_2,irrelevant,random,2,130510,7501563,attack,1,encoder_block_1,-0.1738550662994384,78,100,100
irrelevant_random_2,irrelevant,random,2,130510,7501563,attack,2,encoder_block_2,0.0866715908050537,76,100,100
irrelevant_random_2,irrelevant,random,2,130510,7501563,attack,3,encoder_block_3,-0.06709885597229,76,100,100
irrelevant_random_2,irrelevant,random,2,130510,7501563,attack,4,encoder_block_4,-0.0485227108001709,72,100,100
irrelevant_random_2,irrelevant,random,2,130510,7501563,attack,5,encoder_block_5,0.1321101188659668,45,100,100
irrelevant_random_2,irrelevant,random,2,130510,7501563,attack,6,encoder_block_6,0.1740237474441528,40,100,100
irrelevant_random_2,irrelevant,random,2,130510,7501563,attack,7,encoder_block_7,0.244748830795288,36,100,100
irrelevant_random_2,irrelevant,random,2,130510,7501563,attack,8,encoder_block_8,0.2043294906616211,43,100,100
irrelevant_random_2,irrelevant,random,2,130510,7501563,attack,9,encoder_block_9,0.4153637886047363,32,100,100
irrelevant_random_2,irrelevant,random,2,130510,7501563,attack,10,encoder_block_10,0.0395605564117431,47,100,100
irrelevant_random_2,irrelevant,random,2,130510,7501563,attack,11,encoder_block_11,0.0774204730987548,20,100,100
irrelevant_random_2,irrelevant,random,2,130510,7501563,attack,12,encoder_block_12,-7.1465559005737305,23,100,100
irrelevant_random_2,irrelevant,random,2,131843,985994,original,0,embedding,-0.4775824546813965,95,100,100
irrelevant_random_2,irrelevant,random,2,131843,985994,original,1,encoder_block_1,-0.5464203357696533,89,100,100
irrelevant_random_2,irrelevant,random,2,131843,985994,original,2,encoder_block_2,-0.438441514968872,95,100,100
irrelevant_random_2,irrelevant,random,2,131843,985994,original,3,encoder_block_3,-0.2846963405609131,91,100,100
irrelevant_random_2,irrelevant,random,2,131843,985994,original,4,encoder_block_4,-0.3300440311431885,95,100,100
irrelevant_random_2,irrelevant,random,2,131843,985994,original,5,encoder_block_5,-0.3477847576141357,96,100,100
irrelevant_random_2,irrelevant,random,2,131843,985994,original,6,encoder_block_6,-0.3066892623901367,98,100,100
irrelevant_random_2,irrelevant,random,2,131843,985994,original,7,encoder_block_7,-0.0828922986984252,91,100,100
irrelevant_random_2,irrelevant,random,2,131843,985994,original,8,encoder_block_8,0.124746561050415,52,100,100
irrelevant_random_2,irrelevant,random,2,131843,985994,original,9,encoder_block_9,0.4970574378967285,27,100,100
irrelevant_random_2,irrelevant,random,2,131843,985994,original,10,encoder_block_10,0.8721580505371094,5,100,100
irrelevant_random_2,irrelevant,random,2,131843,985994,original,11,encoder_block_11,2.727198600769043,3,100,100
irrelevant_random_2,irrelevant,random,2,131843,985994,original,12,encoder_block_12,4.251490592956543,3,100,100
irrelevant_random_2,irrelevant,random,2,131843,985994,padded_control,0,embedding,-0.4775824546813965,95,100,100
irrelevant_random_2,irrelevant,random,2,131843,985994,padded_control,1,encoder_block_1,-0.5537467002868652,89,100,100
irrelevant_random_2,irrelevant,random,2,131843,985994,padded_control,2,encoder_block_2,-0.4591171741485595,95,100,100
irrelevant_random_2,irrelevant,random,2,131843,985994,padded_control,3,encoder_block_3,-0.3073182106018066,91,100,100
irrelevant_random_2,irrelevant,random,2,131843,985994,padded_control,4,encoder_block_4,-0.3421390056610107,95,100,100
irrelevant_random_2,irrelevant,random,2,131843,985994,padded_control,5,encoder_block_5,-0.3742246627807617,97,100,100
irrelevant_random_2,irrelevant,random,2,131843,985994,padded_control,6,encoder_block_6,-0.332071304321289,99,100,100
irrelevant_random_2,irrelevant,random,2,131843,985994,padded_control,7,encoder_block_7,-0.114423394203186,93,100,100
irrelevant_random_2,irrelevant,random,2,131843,985994,padded_control,8,encoder_block_8,0.0985395908355712,58,100,100
irrelevant_random_2,irrelevant,random,2,131843,985994,padded_control,9,encoder_block_9,0.476309061050415,27,100,100
irrelevant_random_2,irrelevant,random,2,131843,985994,padded_control,10,encoder_block_10,0.8660931587219238,5,100,100
irrelevant_random_2,irrelevant,random,2,131843,985994,padded_control,11,encoder_block_11,2.735177993774414,3,100,100
irrelevant_random_2,irrelevant,random,2,131843,985994,padded_control,12,encoder_block_12,4.2461347579956055,3,100,100
irrelevant_random_2,irrelevant,random,2,131843,985994,attack,0,embedding,-0.6248950958251953,97,100,100
irrelevant_random_2,irrelevant,random,2,131843,985994,attack,1,encoder_block_1,-0.7344861030578613,95,100,100
irrelevant_random_2,irrelevant,random,2,131843,985994,attack,2,encoder_block_2,-0.7040812969207764,100,100,100
irrelevant_random_2,irrelevant,random,2,131843,985994,attack,3,encoder_block_3,-0.528104305267334,99,100,100
irrelevant_random_2,irrelevant,random,2,131843,985994,attack,4,encoder_block_4,-0.5687851905822754,100,100,100
irrelevant_random_2,irrelevant,random,2,131843,985994,attack,5,encoder_block_5,-0.5574386715888977,100,100,100
irrelevant_random_2,irrelevant,random,2,131843,985994,attack,6,encoder_block_6,-0.4212502241134643,100,100,100
irrelevant_random_2,irrelevant,random,2,131843,985994,attack,7,encoder_block_7,-0.204156756401062,98,100,100
irrelevant_random_2,irrelevant,random,2,131843,985994,attack,8,encoder_block_8,0.0412560701370239,71,100,100
irrelevant_random_2,irrelevant,random,2,131843,985994,attack,9,encoder_block_9,0.4218306541442871,32,100,100
irrelevant_random_2,irrelevant,random,2,131843,985994,attack,10,encoder_block_10,0.9142961502075196,5,100,100
irrelevant_random_2,irrelevant,random,2,131843,985994,attack,11,encoder_block_11,2.7742271423339844,2,100,100
irrelevant_random_2,irrelevant,random,2,131843,985994,attack,12,encoder_block_12,4.287683486938477,2,100,100
irrelevant_random_2,irrelevant,random,2,146187,8434623,original,0,embedding,0.839080810546875,31,100,100
irrelevant_random_2,irrelevant,random,2,146187,8434623,original,1,encoder_block_1,0.5430335998535156,55,100,100
irrelevant_random_2,irrelevant,random,2,146187,8434623,original,2,encoder_block_2,0.6665821075439453,51,100,100
irrelevant_random_2,irrelevant,random,2,146187,8434623,original,3,encoder_block_3,0.8036625385284424,55,100,100
irrelevant_random_2,irrelevant,random,2,146187,8434623,original,4,encoder_block_4,1.0283384323120115,35,100,100
irrelevant_random_2,irrelevant,random,2,146187,8434623,original,5,encoder_block_5,0.9702348709106444,31,100,100
irrelevant_random_2,irrelevant,random,2,146187,8434623,original,6,encoder_block_6,1.1109793186187744,26,100,100
irrelevant_random_2,irrelevant,random,2,146187,8434623,original,7,encoder_block_7,1.2179179191589355,13,100,100
irrelevant_random_2,irrelevant,random,2,146187,8434623,original,8,encoder_block_8,1.15509033203125,12,100,100
irrelevant_random_2,irrelevant,random,2,146187,8434623,original,9,encoder_block_9,1.5319747924804688,3,100,100
irrelevant_random_2,irrelevant,random,2,146187,8434623,original,10,encoder_block_10,1.9369175434112549,2,100,100
irrelevant_random_2,irrelevant,random,2,146187,8434623,original,11,encoder_block_11,3.685793876647949,1,100,100
irrelevant_random_2,irrelevant,random,2,146187,8434623,original,12,encoder_block_12,6.538471221923828,1,100,100
irrelevant_random_2,irrelevant,random,2,146187,8434623,padded_control,0,embedding,0.839080810546875,31,100,100
irrelevant_random_2,irrelevant,random,2,146187,8434623,padded_control,1,encoder_block_1,0.5414004325866699,55,100,100
irrelevant_random_2,irrelevant,random,2,146187,8434623,padded_control,2,encoder_block_2,0.666839599609375,51,100,100
irrelevant_random_2,irrelevant,random,2,146187,8434623,padded_control,3,encoder_block_3,0.8063862323760986,54,100,100
irrelevant_random_2,irrelevant,random,2,146187,8434623,padded_control,4,encoder_block_4,1.0339372158050537,35,100,100
irrelevant_random_2,irrelevant,random,2,146187,8434623,padded_control,5,encoder_block_5,0.9745404720306396,31,100,100
irrelevant_random_2,irrelevant,random,2,146187,8434623,padded_control,6,encoder_block_6,1.11454439163208,25,100,100
irrelevant_random_2,irrelevant,random,2,146187,8434623,padded_control,7,encoder_block_7,1.221724271774292,13,100,100
irrelevant_random_2,irrelevant,random,2,146187,8434623,padded_control,8,encoder_block_8,1.15767240524292,11,100,100
irrelevant_random_2,irrelevant,random,2,146187,8434623,padded_control,9,encoder_block_9,1.5382977724075315,3,100,100
irrelevant_random_2,irrelevant,random,2,146187,8434623,padded_control,10,encoder_block_10,1.9462428092956543,2,100,100
irrelevant_random_2,irrelevant,random,2,146187,8434623,padded_control,11,encoder_block_11,3.6988635063171382,1,100,100
irrelevant_random_2,irrelevant,random,2,146187,8434623,padded_control,12,encoder_block_12,6.541894912719727,1,100,100
irrelevant_random_2,irrelevant,random,2,146187,8434623,attack,0,embedding,0.6472263336181641,57,100,100
irrelevant_random_2,irrelevant,random,2,146187,8434623,attack,1,encoder_block_1,0.2531230449676513,82,100,100
irrelevant_random_2,irrelevant,random,2,146187,8434623,attack,2,encoder_block_2,0.3963358402252197,78,100,100
irrelevant_random_2,irrelevant,random,2,146187,8434623,attack,3,encoder_block_3,0.599102258682251,66,100,100
irrelevant_random_2,irrelevant,random,2,146187,8434623,attack,4,encoder_block_4,0.86094069480896,49,100,100
irrelevant_random_2,irrelevant,random,2,146187,8434623,attack,5,encoder_block_5,0.8528099060058594,37,100,100
irrelevant_random_2,irrelevant,random,2,146187,8434623,attack,6,encoder_block_6,1.0518794059753418,30,100,100
irrelevant_random_2,irrelevant,random,2,146187,8434623,attack,7,encoder_block_7,1.145397067070007,20,100,100
irrelevant_random_2,irrelevant,random,2,146187,8434623,attack,8,encoder_block_8,1.1560804843902588,11,100,100
irrelevant_random_2,irrelevant,random,2,146187,8434623,attack,9,encoder_block_9,1.5609662532806396,3,100,100
irrelevant_random_2,irrelevant,random,2,146187,8434623,attack,10,encoder_block_10,1.931258201599121,2,100,100
irrelevant_random_2,irrelevant,random,2,146187,8434623,attack,11,encoder_block_11,3.630497932434082,1,100,100
irrelevant_random_2,irrelevant,random,2,146187,8434623,attack,12,encoder_block_12,6.469884872436523,1,100,100
irrelevant_random_2,irrelevant,random,2,148538,615405,original,0,embedding,0.111785888671875,66,100,100
irrelevant_random_2,irrelevant,random,2,148538,615405,original,1,encoder_block_1,-0.0039806365966796,75,100,100
irrelevant_random_2,irrelevant,random,2,148538,615405,original,2,encoder_block_2,0.5535988807678223,58,100,100
irrelevant_random_2,irrelevant,random,2,148538,615405,original,3,encoder_block_3,0.7505226135253906,52,100,100
irrelevant_random_2,irrelevant,random,2,148538,615405,original,4,encoder_block_4,1.003244400024414,34,100,100
irrelevant_random_2,irrelevant,random,2,148538,615405,original,5,encoder_block_5,0.9754810333251952,30,100,100
irrelevant_random_2,irrelevant,random,2,148538,615405,original,6,encoder_block_6,0.9559774398803712,37,100,100
irrelevant_random_2,irrelevant,random,2,148538,615405,original,7,encoder_block_7,0.980443239212036,31,100,100
irrelevant_random_2,irrelevant,random,2,148538,615405,original,8,encoder_block_8,1.031313419342041,34,100,100
irrelevant_random_2,irrelevant,random,2,148538,615405,original,9,encoder_block_9,1.559706449508667,4,100,100
irrelevant_random_2,irrelevant,random,2,148538,615405,original,10,encoder_block_10,0.731834888458252,21,100,100
irrelevant_random_2,irrelevant,random,2,148538,615405,original,11,encoder_block_11,0.4549601078033447,38,100,100
irrelevant_random_2,irrelevant,random,2,148538,615405,original,12,encoder_block_12,-8.18265151977539,66,100,100
irrelevant_random_2,irrelevant,random,2,148538,615405,padded_control,0,embedding,0.1117863655090332,66,100,100
irrelevant_random_2,irrelevant,random,2,148538,615405,padded_control,1,encoder_block_1,-0.0050897598266601,75,100,100
irrelevant_random_2,irrelevant,random,2,148538,615405,padded_control,2,encoder_block_2,0.5487947463989258,58,100,100
irrelevant_random_2,irrelevant,random,2,148538,615405,padded_control,3,encoder_block_3,0.7494401931762695,52,100,100
irrelevant_random_2,irrelevant,random,2,148538,615405,padded_control,4,encoder_block_4,1.0011420249938965,34,100,100
irrelevant_random_2,irrelevant,random,2,148538,615405,padded_control,5,encoder_block_5,0.975412368774414,30,100,100
irrelevant_random_2,irrelevant,random,2,148538,615405,padded_control,6,encoder_block_6,0.9515295028686525,37,100,100
irrelevant_random_2,irrelevant,random,2,148538,615405,padded_control,7,encoder_block_7,0.9745666980743408,32,100,100
irrelevant_random_2,irrelevant,random,2,148538,615405,padded_control,8,encoder_block_8,1.0303425788879397,34,100,100
irrelevant_random_2,irrelevant,random,2,148538,615405,padded_control,9,encoder_block_9,1.5596303939819336,4,100,100
irrelevant_random_2,irrelevant,random,2,148538,615405,padded_control,10,encoder_block_10,0.7406158447265625,21,100,100
irrelevant_random_2,irrelevant,random,2,148538,615405,padded_control,11,encoder_block_11,0.4763425588607788,36,100,100
irrelevant_random_2,irrelevant,random,2,148538,615405,padded_control,12,encoder_block_12,-8.137330055236816,66,100,100
irrelevant_random_2,irrelevant,random,2,148538,615405,attack,0,embedding,0.0091278553009033,79,100,100
irrelevant_random_2,irrelevant,random,2,148538,615405,attack,1,encoder_block_1,-0.2984938621520996,94,100,100
irrelevant_random_2,irrelevant,random,2,148538,615405,attack,2,encoder_block_2,0.2008924484252929,97,100,100
irrelevant_random_2,irrelevant,random,2,148538,615405,attack,3,encoder_block_3,0.3838768005371094,93,100,100
irrelevant_random_2,irrelevant,random,2,148538,615405,attack,4,encoder_block_4,0.6597375869750977,79,100,100
irrelevant_random_2,irrelevant,random,2,148538,615405,attack,5,encoder_block_5,0.7028586864471436,63,100,100
irrelevant_random_2,irrelevant,random,2,148538,615405,attack,6,encoder_block_6,0.7114887237548828,78,100,100
irrelevant_random_2,irrelevant,random,2,148538,615405,attack,7,encoder_block_7,0.7643022537231445,59,100,100
irrelevant_random_2,irrelevant,random,2,148538,615405,attack,8,encoder_block_8,0.8914065361022949,60,100,100
irrelevant_random_2,irrelevant,random,2,148538,615405,attack,9,encoder_block_9,1.4285435676574707,10,100,100
irrelevant_random_2,irrelevant,random,2,148538,615405,attack,10,encoder_block_10,0.6835319995880127,21,100,100
irrelevant_random_2,irrelevant,random,2,148538,615405,attack,11,encoder_block_11,0.2652066946029663,50,100,100
irrelevant_random_2,irrelevant,random,2,148538,615405,attack,12,encoder_block_12,-9.085138320922852,71,100,100
irrelevant_random_2,irrelevant,random,2,156493,6139386,original,0,embedding,0.7899231910705566,82,100,100
irrelevant_random_2,irrelevant,random,2,156493,6139386,original,1,encoder_block_1,1.0343692302703855,59,100,100
irrelevant_random_2,irrelevant,random,2,156493,6139386,original,2,encoder_block_2,1.1008341312408447,51,100,100
irrelevant_random_2,irrelevant,random,2,156493,6139386,original,3,encoder_block_3,1.147251844406128,57,100,100
irrelevant_random_2,irrelevant,random,2,156493,6139386,original,4,encoder_block_4,1.2023391723632812,49,100,100
irrelevant_random_2,irrelevant,random,2,156493,6139386,original,5,encoder_block_5,1.384761095046997,37,100,100
irrelevant_random_2,irrelevant,random,2,156493,6139386,original,6,encoder_block_6,1.4009933471679688,37,100,100
irrelevant_random_2,irrelevant,random,2,156493,6139386,original,7,encoder_block_7,1.5144667625427246,29,100,100
irrelevant_random_2,irrelevant,random,2,156493,6139386,original,8,encoder_block_8,1.6598200798034668,21,100,100
irrelevant_random_2,irrelevant,random,2,156493,6139386,original,9,encoder_block_9,1.9056568145751955,12,100,100
irrelevant_random_2,irrelevant,random,2,156493,6139386,original,10,encoder_block_10,1.9924802780151367,3,100,100
irrelevant_random_2,irrelevant,random,2,156493,6139386,original,11,encoder_block_11,2.9495105743408203,3,100,100
irrelevant_random_2,irrelevant,random,2,156493,6139386,original,12,encoder_block_12,3.959214687347412,11,100,100
irrelevant_random_2,irrelevant,random,2,156493,6139386,padded_control,0,embedding,0.7899229526519775,82,100,100
irrelevant_random_2,irrelevant,random,2,156493,6139386,padded_control,1,encoder_block_1,1.038588523864746,59,100,100
irrelevant_random_2,irrelevant,random,2,156493,6139386,padded_control,2,encoder_block_2,1.1020777225494385,50,100,100
irrelevant_random_2,irrelevant,random,2,156493,6139386,padded_control,3,encoder_block_3,1.1482598781585691,57,100,100
irrelevant_random_2,irrelevant,random,2,156493,6139386,padded_control,4,encoder_block_4,1.201923131942749,49,100,100
irrelevant_random_2,irrelevant,random,2,156493,6139386,padded_control,5,encoder_block_5,1.3840785026550293,37,100,100
irrelevant_random_2,irrelevant,random,2,156493,6139386,padded_control,6,encoder_block_6,1.4012935161590576,37,100,100
irrelevant_random_2,irrelevant,random,2,156493,6139386,padded_control,7,encoder_block_7,1.514909744262695,29,100,100
irrelevant_random_2,irrelevant,random,2,156493,6139386,padded_control,8,encoder_block_8,1.6679396629333496,20,100,100
irrelevant_random_2,irrelevant,random,2,156493,6139386,padded_control,9,encoder_block_9,1.9096717834472656,12,100,100
irrelevant_random_2,irrelevant,random,2,156493,6139386,padded_control,10,encoder_block_10,1.9959051609039309,3,100,100
irrelevant_random_2,irrelevant,random,2,156493,6139386,padded_control,11,encoder_block_11,2.9377243518829346,3,100,100
irrelevant_random_2,irrelevant,random,2,156493,6139386,padded_control,12,encoder_block_12,3.94210433959961,11,100,100
irrelevant_random_2,irrelevant,random,2,156493,6139386,attack,0,embedding,0.7111468315124512,90,100,100
irrelevant_random_2,irrelevant,random,2,156493,6139386,attack,1,encoder_block_1,0.7963893413543701,83,100,100
irrelevant_random_2,irrelevant,random,2,156493,6139386,attack,2,encoder_block_2,0.8381834030151367,71,100,100
irrelevant_random_2,irrelevant,random,2,156493,6139386,attack,3,encoder_block_3,0.8888959884643555,75,100,100
irrelevant_random_2,irrelevant,random,2,156493,6139386,attack,4,encoder_block_4,0.9258170127868652,78,100,100
irrelevant_random_2,irrelevant,random,2,156493,6139386,attack,5,encoder_block_5,1.1606206893920898,56,100,100
irrelevant_random_2,irrelevant,random,2,156493,6139386,attack,6,encoder_block_6,1.232741117477417,44,100,100
irrelevant_random_2,irrelevant,random,2,156493,6139386,attack,7,encoder_block_7,1.3764865398406982,42,100,100
irrelevant_random_2,irrelevant,random,2,156493,6139386,attack,8,encoder_block_8,1.560990810394287,33,100,100
irrelevant_random_2,irrelevant,random,2,156493,6139386,attack,9,encoder_block_9,1.7941625118255615,19,100,100
irrelevant_random_2,irrelevant,random,2,156493,6139386,attack,10,encoder_block_10,1.9169764518737795,5,100,100
irrelevant_random_2,irrelevant,random,2,156493,6139386,attack,11,encoder_block_11,2.851260185241699,4,100,100
irrelevant_random_2,irrelevant,random,2,156493,6139386,attack,12,encoder_block_12,3.701709747314453,15,100,100
irrelevant_random_2,irrelevant,random,2,168216,1381477,original,0,embedding,-0.1993305683135986,62,100,100
irrelevant_random_2,irrelevant,random,2,168216,1381477,original,1,encoder_block_1,-0.4686052799224853,83,100,100
irrelevant_random_2,irrelevant,random,2,168216,1381477,original,2,encoder_block_2,-0.2530303001403808,73,100,100
irrelevant_random_2,irrelevant,random,2,168216,1381477,original,3,encoder_block_3,-0.0723252296447753,72,100,100
irrelevant_random_2,irrelevant,random,2,168216,1381477,original,4,encoder_block_4,-0.1228163242340087,71,100,100
irrelevant_random_2,irrelevant,random,2,168216,1381477,original,5,encoder_block_5,-0.1751852035522461,74,100,100
irrelevant_random_2,irrelevant,random,2,168216,1381477,original,6,encoder_block_6,-0.204951524734497,75,100,100
irrelevant_random_2,irrelevant,random,2,168216,1381477,original,7,encoder_block_7,-0.1471688747406005,65,100,100
irrelevant_random_2,irrelevant,random,2,168216,1381477,original,8,encoder_block_8,-0.076911449432373,56,100,100
irrelevant_random_2,irrelevant,random,2,168216,1381477,original,9,encoder_block_9,0.2282617092132568,47,100,100
irrelevant_random_2,irrelevant,random,2,168216,1381477,original,10,encoder_block_10,0.375180721282959,33,100,100
irrelevant_random_2,irrelevant,random,2,168216,1381477,original,11,encoder_block_11,1.7038626670837402,14,100,100
irrelevant_random_2,irrelevant,random,2,168216,1381477,original,12,encoder_block_12,4.799738883972168,7,100,100
irrelevant_random_2,irrelevant,random,2,168216,1381477,padded_control,0,embedding,-0.1993310451507568,62,100,100
irrelevant_random_2,irrelevant,random,2,168216,1381477,padded_control,1,encoder_block_1,-0.4692437648773193,83,100,100
irrelevant_random_2,irrelevant,random,2,168216,1381477,padded_control,2,encoder_block_2,-0.2521696090698242,73,100,100
irrelevant_random_2,irrelevant,random,2,168216,1381477,padded_control,3,encoder_block_3,-0.0721855163574218,72,100,100
irrelevant_random_2,irrelevant,random,2,168216,1381477,padded_control,4,encoder_block_4,-0.1183409690856933,70,100,100
irrelevant_random_2,irrelevant,random,2,168216,1381477,padded_control,5,encoder_block_5,-0.1741092205047607,74,100,100
irrelevant_random_2,irrelevant,random,2,168216,1381477,padded_control,6,encoder_block_6,-0.2045435905456543,75,100,100
irrelevant_random_2,irrelevant,random,2,168216,1381477,padded_control,7,encoder_block_7,-0.1405327320098877,65,100,100
irrelevant_random_2,irrelevant,random,2,168216,1381477,padded_control,8,encoder_block_8,-0.0749619007110595,55,100,100
irrelevant_random_2,irrelevant,random,2,168216,1381477,padded_control,9,encoder_block_9,0.229626178741455,47,100,100
irrelevant_random_2,irrelevant,random,2,168216,1381477,padded_control,10,encoder_block_10,0.3835175037384033,30,100,100
irrelevant_random_2,irrelevant,random,2,168216,1381477,padded_control,11,encoder_block_11,1.7246737480163574,14,100,100
irrelevant_random_2,irrelevant,random,2,168216,1381477,padded_control,12,encoder_block_12,4.81392765045166,6,100,100
irrelevant_random_2,irrelevant,random,2,168216,1381477,attack,0,embedding,-0.2565135955810547,68,100,100
irrelevant_random_2,irrelevant,random,2,168216,1381477,attack,1,encoder_block_1,-0.654869556427002,96,100,100
irrelevant_random_2,irrelevant,random,2,168216,1381477,attack,2,encoder_block_2,-0.4343123435974121,94,100,100
irrelevant_random_2,irrelevant,random,2,168216,1381477,attack,3,encoder_block_3,-0.2412564754486084,91,100,100
irrelevant_random_2,irrelevant,random,2,168216,1381477,attack,4,encoder_block_4,-0.292083740234375,92,100,100
irrelevant_random_2,irrelevant,random,2,168216,1381477,attack,5,encoder_block_5,-0.3234670162200928,93,100,100
irrelevant_random_2,irrelevant,random,2,168216,1381477,attack,6,encoder_block_6,-0.3109962940216064,90,100,100
irrelevant_random_2,irrelevant,random,2,168216,1381477,attack,7,encoder_block_7,-0.2458800077438354,78,100,100
irrelevant_random_2,irrelevant,random,2,168216,1381477,attack,8,encoder_block_8,-0.1363906860351562,66,100,100
irrelevant_random_2,irrelevant,random,2,168216,1381477,attack,9,encoder_block_9,0.151518702507019,51,100,100
irrelevant_random_2,irrelevant,random,2,168216,1381477,attack,10,encoder_block_10,0.3321720361709595,39,100,100
irrelevant_random_2,irrelevant,random,2,168216,1381477,attack,11,encoder_block_11,1.6643753051757812,14,100,100
irrelevant_random_2,irrelevant,random,2,168216,1381477,attack,12,encoder_block_12,4.794384956359863,7,100,100
irrelevant_random_2,irrelevant,random,2,182539,57444,original,0,embedding,0.8517675399780273,10,100,100
irrelevant_random_2,irrelevant,random,2,182539,57444,original,1,encoder_block_1,0.1863665580749511,37,100,100
irrelevant_random_2,irrelevant,random,2,182539,57444,original,2,encoder_block_2,0.4431185722351074,29,100,100
irrelevant_random_2,irrelevant,random,2,182539,57444,original,3,encoder_block_3,0.3264658451080322,28,100,100
irrelevant_random_2,irrelevant,random,2,182539,57444,original,4,encoder_block_4,0.3077521324157715,39,100,100
irrelevant_random_2,irrelevant,random,2,182539,57444,original,5,encoder_block_5,0.1655957698822021,58,100,100
irrelevant_random_2,irrelevant,random,2,182539,57444,original,6,encoder_block_6,-0.0259002447128295,68,100,100
irrelevant_random_2,irrelevant,random,2,182539,57444,original,7,encoder_block_7,-0.0079948902130126,70,100,100
irrelevant_random_2,irrelevant,random,2,182539,57444,original,8,encoder_block_8,0.1178991794586181,57,100,100
irrelevant_random_2,irrelevant,random,2,182539,57444,original,9,encoder_block_9,0.20027756690979,63,100,100
irrelevant_random_2,irrelevant,random,2,182539,57444,original,10,encoder_block_10,0.4054923057556152,36,100,100
irrelevant_random_2,irrelevant,random,2,182539,57444,original,11,encoder_block_11,1.2528843879699707,18,100,100
irrelevant_random_2,irrelevant,random,2,182539,57444,original,12,encoder_block_12,3.517923355102539,3,100,100
irrelevant_random_2,irrelevant,random,2,182539,57444,padded_control,0,embedding,0.8517675399780273,10,100,100
irrelevant_random_2,irrelevant,random,2,182539,57444,padded_control,1,encoder_block_1,0.1963531970977783,36,100,100
irrelevant_random_2,irrelevant,random,2,182539,57444,padded_control,2,encoder_block_2,0.4561970233917236,28,100,100
irrelevant_random_2,irrelevant,random,2,182539,57444,padded_control,3,encoder_block_3,0.3346009254455566,28,100,100
irrelevant_random_2,irrelevant,random,2,182539,57444,padded_control,4,encoder_block_4,0.307547926902771,39,100,100
irrelevant_random_2,irrelevant,random,2,182539,57444,padded_control,5,encoder_block_5,0.1653007268905639,58,100,100
irrelevant_random_2,irrelevant,random,2,182539,57444,padded_control,6,encoder_block_6,-0.0252240896224975,68,100,100
irrelevant_random_2,irrelevant,random,2,182539,57444,padded_control,7,encoder_block_7,-0.0129258632659912,70,100,100
irrelevant_random_2,irrelevant,random,2,182539,57444,padded_control,8,encoder_block_8,0.1171936988830566,57,100,100
irrelevant_random_2,irrelevant,random,2,182539,57444,padded_control,9,encoder_block_9,0.2024919986724853,63,100,100
irrelevant_random_2,irrelevant,random,2,182539,57444,padded_control,10,encoder_block_10,0.3901898860931396,38,100,100
irrelevant_random_2,irrelevant,random,2,182539,57444,padded_control,11,encoder_block_11,1.218324899673462,19,100,100
irrelevant_random_2,irrelevant,random,2,182539,57444,padded_control,12,encoder_block_12,3.4208855628967285,3,100,100
irrelevant_random_2,irrelevant,random,2,182539,57444,attack,0,embedding,0.6958999633789062,14,100,100
irrelevant_random_2,irrelevant,random,2,182539,57444,attack,1,encoder_block_1,-0.0481717586517334,55,100,100
irrelevant_random_2,irrelevant,random,2,182539,57444,attack,2,encoder_block_2,0.168513536453247,55,100,100
irrelevant_random_2,irrelevant,random,2,182539,57444,attack,3,encoder_block_3,0.1000263690948486,49,100,100
irrelevant_random_2,irrelevant,random,2,182539,57444,attack,4,encoder_block_4,0.0827341079711914,60,100,100
irrelevant_random_2,irrelevant,random,2,182539,57444,attack,5,encoder_block_5,-0.0119106769561767,70,100,100
irrelevant_random_2,irrelevant,random,2,182539,57444,attack,6,encoder_block_6,-0.1243622303009033,76,100,100
irrelevant_random_2,irrelevant,random,2,182539,57444,attack,7,encoder_block_7,-0.1060273647308349,80,100,100
irrelevant_random_2,irrelevant,random,2,182539,57444,attack,8,encoder_block_8,0.0344257354736328,67,100,100
irrelevant_random_2,irrelevant,random,2,182539,57444,attack,9,encoder_block_9,0.1621879339218139,68,100,100
irrelevant_random_2,irrelevant,random,2,182539,57444,attack,10,encoder_block_10,0.3312788009643554,40,100,100
irrelevant_random_2,irrelevant,random,2,182539,57444,attack,11,encoder_block_11,1.1012475490570068,22,100,100
irrelevant_random_2,irrelevant,random,2,182539,57444,attack,12,encoder_block_12,2.8991639614105225,9,100,100
irrelevant_random_2,irrelevant,random,2,183378,2533260,original,0,embedding,0.6351041793823242,52,100,100
irrelevant_random_2,irrelevant,random,2,183378,2533260,original,1,encoder_block_1,0.2898142337799072,61,100,100
irrelevant_random_2,irrelevant,random,2,183378,2533260,original,2,encoder_block_2,0.1717860698699951,72,100,100
irrelevant_random_2,irrelevant,random,2,183378,2533260,original,3,encoder_block_3,0.0534839630126953,68,100,100
irrelevant_random_2,irrelevant,random,2,183378,2533260,original,4,encoder_block_4,0.0302550792694091,77,100,100
irrelevant_random_2,irrelevant,random,2,183378,2533260,original,5,encoder_block_5,0.0528678894042968,71,100,100
irrelevant_random_2,irrelevant,random,2,183378,2533260,original,6,encoder_block_6,0.098095417022705,64,100,100
irrelevant_random_2,irrelevant,random,2,183378,2533260,original,7,encoder_block_7,0.0211415290832519,72,100,100
irrelevant_random_2,irrelevant,random,2,183378,2533260,original,8,encoder_block_8,-0.0266127586364746,73,100,100
irrelevant_random_2,irrelevant,random,2,183378,2533260,original,9,encoder_block_9,0.2380626201629638,72,100,100
irrelevant_random_2,irrelevant,random,2,183378,2533260,original,10,encoder_block_10,0.3554348945617676,47,100,100
irrelevant_random_2,irrelevant,random,2,183378,2533260,original,11,encoder_block_11,-0.0725822448730468,42,100,100
irrelevant_random_2,irrelevant,random,2,183378,2533260,original,12,encoder_block_12,-7.711319923400879,41,100,100
irrelevant_random_2,irrelevant,random,2,183378,2533260,padded_control,0,embedding,0.635103702545166,52,100,100
irrelevant_random_2,irrelevant,random,2,183378,2533260,padded_control,1,encoder_block_1,0.2932806015014648,59,100,100
irrelevant_random_2,irrelevant,random,2,183378,2533260,padded_control,2,encoder_block_2,0.1751875877380371,68,100,100
irrelevant_random_2,irrelevant,random,2,183378,2533260,padded_control,3,encoder_block_3,0.0491843223571777,68,100,100
irrelevant_random_2,irrelevant,random,2,183378,2533260,padded_control,4,encoder_block_4,0.0239090919494628,80,100,100
irrelevant_random_2,irrelevant,random,2,183378,2533260,padded_control,5,encoder_block_5,0.0465965270996093,72,100,100
irrelevant_random_2,irrelevant,random,2,183378,2533260,padded_control,6,encoder_block_6,0.0942859649658203,65,100,100
irrelevant_random_2,irrelevant,random,2,183378,2533260,padded_control,7,encoder_block_7,0.018094778060913,73,100,100
irrelevant_random_2,irrelevant,random,2,183378,2533260,padded_control,8,encoder_block_8,-0.0322327613830566,76,100,100
irrelevant_random_2,irrelevant,random,2,183378,2533260,padded_control,9,encoder_block_9,0.2324342727661132,72,100,100
irrelevant_random_2,irrelevant,random,2,183378,2533260,padded_control,10,encoder_block_10,0.3476977348327636,48,100,100
irrelevant_random_2,irrelevant,random,2,183378,2533260,padded_control,11,encoder_block_11,-0.0796476602554321,42,100,100
irrelevant_random_2,irrelevant,random,2,183378,2533260,padded_control,12,encoder_block_12,-7.706412315368652,41,100,100
irrelevant_random_2,irrelevant,random,2,183378,2533260,attack,0,embedding,0.556673526763916,58,100,100
irrelevant_random_2,irrelevant,random,2,183378,2533260,attack,1,encoder_block_1,0.1310093402862548,73,100,100
irrelevant_random_2,irrelevant,random,2,183378,2533260,attack,2,encoder_block_2,-0.00423264503479,85,100,100
irrelevant_random_2,irrelevant,random,2,183378,2533260,attack,3,encoder_block_3,-0.1025846004486084,84,100,100
irrelevant_random_2,irrelevant,random,2,183378,2533260,attack,4,encoder_block_4,-0.1253292560577392,89,100,100
irrelevant_random_2,irrelevant,random,2,183378,2533260,attack,5,encoder_block_5,-0.0947434902191162,86,100,100
irrelevant_random_2,irrelevant,random,2,183378,2533260,attack,6,encoder_block_6,-0.0169839859008789,76,100,100
irrelevant_random_2,irrelevant,random,2,183378,2533260,attack,7,encoder_block_7,-0.080357551574707,86,100,100
irrelevant_random_2,irrelevant,random,2,183378,2533260,attack,8,encoder_block_8,-0.1089744567871093,80,100,100
irrelevant_random_2,irrelevant,random,2,183378,2533260,attack,9,encoder_block_9,0.1656305789947509,79,100,100
irrelevant_random_2,irrelevant,random,2,183378,2533260,attack,10,encoder_block_10,0.3008677959442138,54,100,100
irrelevant_random_2,irrelevant,random,2,183378,2533260,attack,11,encoder_block_11,-0.1305005550384521,43,100,100
irrelevant_random_2,irrelevant,random,2,183378,2533260,attack,12,encoder_block_12,-8.356353759765625,44,100,100
irrelevant_random_2,irrelevant,random,2,19335,8412687,original,0,embedding,1.1026735305786133,12,100,100
irrelevant_random_2,irrelevant,random,2,19335,8412687,original,1,encoder_block_1,1.1886119842529297,20,100,100
irrelevant_random_2,irrelevant,random,2,19335,8412687,original,2,encoder_block_2,1.3699102401733398,19,100,100
irrelevant_random_2,irrelevant,random,2,19335,8412687,original,3,encoder_block_3,1.4117770195007324,9,100,100
irrelevant_random_2,irrelevant,random,2,19335,8412687,original,4,encoder_block_4,1.5114059448242188,4,100,100
irrelevant_random_2,irrelevant,random,2,19335,8412687,original,5,encoder_block_5,1.4916033744812012,4,100,100
irrelevant_random_2,irrelevant,random,2,19335,8412687,original,6,encoder_block_6,1.4870867729187012,5,100,100
irrelevant_random_2,irrelevant,random,2,19335,8412687,original,7,encoder_block_7,1.6385631561279297,4,100,100
irrelevant_random_2,irrelevant,random,2,19335,8412687,original,8,encoder_block_8,1.6945128440856934,3,100,100
irrelevant_random_2,irrelevant,random,2,19335,8412687,original,9,encoder_block_9,1.507643699645996,8,100,100
irrelevant_random_2,irrelevant,random,2,19335,8412687,original,10,encoder_block_10,1.340137004852295,15,100,100
irrelevant_random_2,irrelevant,random,2,19335,8412687,original,11,encoder_block_11,0.8486737012863159,34,100,100
irrelevant_random_2,irrelevant,random,2,19335,8412687,original,12,encoder_block_12,-5.226619720458984,34,100,100
irrelevant_random_2,irrelevant,random,2,19335,8412687,padded_control,0,embedding,1.1026735305786133,12,100,100
irrelevant_random_2,irrelevant,random,2,19335,8412687,padded_control,1,encoder_block_1,1.1890106201171875,20,100,100
irrelevant_random_2,irrelevant,random,2,19335,8412687,padded_control,2,encoder_block_2,1.3720088005065918,19,100,100
irrelevant_random_2,irrelevant,random,2,19335,8412687,padded_control,3,encoder_block_3,1.414322853088379,9,100,100
irrelevant_random_2,irrelevant,random,2,19335,8412687,padded_control,4,encoder_block_4,1.5120415687561035,4,100,100
irrelevant_random_2,irrelevant,random,2,19335,8412687,padded_control,5,encoder_block_5,1.4902658462524414,4,100,100
irrelevant_random_2,irrelevant,random,2,19335,8412687,padded_control,6,encoder_block_6,1.4894437789916992,5,100,100
irrelevant_random_2,irrelevant,random,2,19335,8412687,padded_control,7,encoder_block_7,1.6391520500183103,4,100,100
irrelevant_random_2,irrelevant,random,2,19335,8412687,padded_control,8,encoder_block_8,1.695028305053711,3,100,100
irrelevant_random_2,irrelevant,random,2,19335,8412687,padded_control,9,encoder_block_9,1.506663799285889,8,100,100
irrelevant_random_2,irrelevant,random,2,19335,8412687,padded_control,10,encoder_block_10,1.345787763595581,15,100,100
irrelevant_random_2,irrelevant,random,2,19335,8412687,padded_control,11,encoder_block_11,0.8632837533950806,34,100,100
irrelevant_random_2,irrelevant,random,2,19335,8412687,padded_control,12,encoder_block_12,-5.168719291687012,34,100,100
irrelevant_random_2,irrelevant,random,2,19335,8412687,attack,0,embedding,0.9764690399169922,20,100,100
irrelevant_random_2,irrelevant,random,2,19335,8412687,attack,1,encoder_block_1,0.9969682693481444,42,100,100
irrelevant_random_2,irrelevant,random,2,19335,8412687,attack,2,encoder_block_2,1.1728878021240234,44,100,100
irrelevant_random_2,irrelevant,random,2,19335,8412687,attack,3,encoder_block_3,1.1962823867797852,23,100,100
irrelevant_random_2,irrelevant,random,2,19335,8412687,attack,4,encoder_block_4,1.2795333862304688,17,100,100
irrelevant_random_2,irrelevant,random,2,19335,8412687,attack,5,encoder_block_5,1.2979955673217771,14,100,100
irrelevant_random_2,irrelevant,random,2,19335,8412687,attack,6,encoder_block_6,1.2852535247802734,13,100,100
irrelevant_random_2,irrelevant,random,2,19335,8412687,attack,7,encoder_block_7,1.443162441253662,8,100,100
irrelevant_random_2,irrelevant,random,2,19335,8412687,attack,8,encoder_block_8,1.497436761856079,10,100,100
irrelevant_random_2,irrelevant,random,2,19335,8412687,attack,9,encoder_block_9,1.293561935424805,23,100,100
irrelevant_random_2,irrelevant,random,2,19335,8412687,attack,10,encoder_block_10,1.2315263748168943,21,100,100
irrelevant_random_2,irrelevant,random,2,19335,8412687,attack,11,encoder_block_11,0.6991183757781982,40,100,100
irrelevant_random_2,irrelevant,random,2,19335,8412687,attack,12,encoder_block_12,-5.715624809265137,35,100,100
irrelevant_random_2,irrelevant,random,2,207786,8273763,original,0,embedding,0.9972248077392578,18,100,100
irrelevant_random_2,irrelevant,random,2,207786,8273763,original,1,encoder_block_1,0.6329596042633057,17,100,100
irrelevant_random_2,irrelevant,random,2,207786,8273763,original,2,encoder_block_2,0.5760855674743652,22,100,100
irrelevant_random_2,irrelevant,random,2,207786,8273763,original,3,encoder_block_3,0.6168131828308105,17,100,100
irrelevant_random_2,irrelevant,random,2,207786,8273763,original,4,encoder_block_4,0.6877720355987549,17,100,100
irrelevant_random_2,irrelevant,random,2,207786,8273763,original,5,encoder_block_5,0.7267248630523682,9,100,100
irrelevant_random_2,irrelevant,random,2,207786,8273763,original,6,encoder_block_6,0.6738314628601074,13,100,100
irrelevant_random_2,irrelevant,random,2,207786,8273763,original,7,encoder_block_7,0.7699854373931885,19,100,100
irrelevant_random_2,irrelevant,random,2,207786,8273763,original,8,encoder_block_8,0.8054978847503662,21,100,100
irrelevant_random_2,irrelevant,random,2,207786,8273763,original,9,encoder_block_9,0.9049434661865234,14,100,100
irrelevant_random_2,irrelevant,random,2,207786,8273763,original,10,encoder_block_10,0.8308079242706299,5,100,100
irrelevant_random_2,irrelevant,random,2,207786,8273763,original,11,encoder_block_11,2.136302709579468,1,100,100
irrelevant_random_2,irrelevant,random,2,207786,8273763,original,12,encoder_block_12,4.530658721923828,3,100,100
irrelevant_random_2,irrelevant,random,2,207786,8273763,padded_control,0,embedding,0.9972248077392578,18,100,100
irrelevant_random_2,irrelevant,random,2,207786,8273763,padded_control,1,encoder_block_1,0.6303374767303467,17,100,100
irrelevant_random_2,irrelevant,random,2,207786,8273763,padded_control,2,encoder_block_2,0.5739665031433105,22,100,100
irrelevant_random_2,irrelevant,random,2,207786,8273763,padded_control,3,encoder_block_3,0.6185429096221924,17,100,100
irrelevant_random_2,irrelevant,random,2,207786,8273763,padded_control,4,encoder_block_4,0.700528621673584,15,100,100
irrelevant_random_2,irrelevant,random,2,207786,8273763,padded_control,5,encoder_block_5,0.7331435680389404,9,100,100
irrelevant_random_2,irrelevant,random,2,207786,8273763,padded_control,6,encoder_block_6,0.6788315773010254,12,100,100
irrelevant_random_2,irrelevant,random,2,207786,8273763,padded_control,7,encoder_block_7,0.7739510536193848,19,100,100
irrelevant_random_2,irrelevant,random,2,207786,8273763,padded_control,8,encoder_block_8,0.8080012798309326,21,100,100
irrelevant_random_2,irrelevant,random,2,207786,8273763,padded_control,9,encoder_block_9,0.8998756408691406,15,100,100
irrelevant_random_2,irrelevant,random,2,207786,8273763,padded_control,10,encoder_block_10,0.8305938243865967,5,100,100
irrelevant_random_2,irrelevant,random,2,207786,8273763,padded_control,11,encoder_block_11,2.1289236545562744,1,100,100
irrelevant_random_2,irrelevant,random,2,207786,8273763,padded_control,12,encoder_block_12,4.521092414855957,3,100,100
irrelevant_random_2,irrelevant,random,2,207786,8273763,attack,0,embedding,0.8657424449920654,31,100,100
irrelevant_random_2,irrelevant,random,2,207786,8273763,attack,1,encoder_block_1,0.4720387458801269,28,100,100
irrelevant_random_2,irrelevant,random,2,207786,8273763,attack,2,encoder_block_2,0.4338107109069824,39,100,100
irrelevant_random_2,irrelevant,random,2,207786,8273763,attack,3,encoder_block_3,0.4726462364196777,27,100,100
irrelevant_random_2,irrelevant,random,2,207786,8273763,attack,4,encoder_block_4,0.5549437999725342,28,100,100
irrelevant_random_2,irrelevant,random,2,207786,8273763,attack,5,encoder_block_5,0.6403272151947021,14,100,100
irrelevant_random_2,irrelevant,random,2,207786,8273763,attack,6,encoder_block_6,0.5682737827301025,24,100,100
irrelevant_random_2,irrelevant,random,2,207786,8273763,attack,7,encoder_block_7,0.7139456272125244,24,100,100
irrelevant_random_2,irrelevant,random,2,207786,8273763,attack,8,encoder_block_8,0.7904775142669678,21,100,100
irrelevant_random_2,irrelevant,random,2,207786,8273763,attack,9,encoder_block_9,0.9055545330047609,14,100,100
irrelevant_random_2,irrelevant,random,2,207786,8273763,attack,10,encoder_block_10,0.8517811298370361,4,100,100
irrelevant_random_2,irrelevant,random,2,207786,8273763,attack,11,encoder_block_11,2.141619205474853,1,100,100
irrelevant_random_2,irrelevant,random,2,207786,8273763,attack,12,encoder_block_12,4.5185651779174805,3,100,100
irrelevant_random_2,irrelevant,random,2,264014,5611210,original,0,embedding,0.2072415351867675,87,100,100
irrelevant_random_2,irrelevant,random,2,264014,5611210,original,1,encoder_block_1,0.2824430465698242,69,100,100
irrelevant_random_2,irrelevant,random,2,264014,5611210,original,2,encoder_block_2,0.5391459465026855,52,100,100
irrelevant_random_2,irrelevant,random,2,264014,5611210,original,3,encoder_block_3,0.8037543296813965,17,100,100
irrelevant_random_2,irrelevant,random,2,264014,5611210,original,4,encoder_block_4,1.1867985725402832,5,100,100
irrelevant_random_2,irrelevant,random,2,264014,5611210,original,5,encoder_block_5,1.0937206745147705,6,100,100
irrelevant_random_2,irrelevant,random,2,264014,5611210,original,6,encoder_block_6,0.9023098945617676,7,100,100
irrelevant_random_2,irrelevant,random,2,264014,5611210,original,7,encoder_block_7,0.9688704013824464,8,100,100
irrelevant_random_2,irrelevant,random,2,264014,5611210,original,8,encoder_block_8,0.9752986431121826,8,100,100
irrelevant_random_2,irrelevant,random,2,264014,5611210,original,9,encoder_block_9,0.8644800186157227,27,100,100
irrelevant_random_2,irrelevant,random,2,264014,5611210,original,10,encoder_block_10,0.8236327171325684,34,100,100
irrelevant_random_2,irrelevant,random,2,264014,5611210,original,11,encoder_block_11,1.599168300628662,35,100,100
irrelevant_random_2,irrelevant,random,2,264014,5611210,original,12,encoder_block_12,2.977891683578491,32,100,100
irrelevant_random_2,irrelevant,random,2,264014,5611210,padded_control,0,embedding,0.2072424888610839,87,100,100
irrelevant_random_2,irrelevant,random,2,264014,5611210,padded_control,1,encoder_block_1,0.2874207496643066,69,100,100
irrelevant_random_2,irrelevant,random,2,264014,5611210,padded_control,2,encoder_block_2,0.545534610748291,49,100,100
irrelevant_random_2,irrelevant,random,2,264014,5611210,padded_control,3,encoder_block_3,0.8091638088226318,16,100,100
irrelevant_random_2,irrelevant,random,2,264014,5611210,padded_control,4,encoder_block_4,1.1879997253417969,5,100,100
irrelevant_random_2,irrelevant,random,2,264014,5611210,padded_control,5,encoder_block_5,1.095834493637085,6,100,100
irrelevant_random_2,irrelevant,random,2,264014,5611210,padded_control,6,encoder_block_6,0.9051792621612548,7,100,100
irrelevant_random_2,irrelevant,random,2,264014,5611210,padded_control,7,encoder_block_7,0.9682421684265136,8,100,100
irrelevant_random_2,irrelevant,random,2,264014,5611210,padded_control,8,encoder_block_8,0.9744000434875488,8,100,100
irrelevant_random_2,irrelevant,random,2,264014,5611210,padded_control,9,encoder_block_9,0.8647689819335938,27,100,100
irrelevant_random_2,irrelevant,random,2,264014,5611210,padded_control,10,encoder_block_10,0.8247170448303223,34,100,100
irrelevant_random_2,irrelevant,random,2,264014,5611210,padded_control,11,encoder_block_11,1.5925776958465576,35,100,100
irrelevant_random_2,irrelevant,random,2,264014,5611210,padded_control,12,encoder_block_12,2.9795773029327397,32,100,100
irrelevant_random_2,irrelevant,random,2,264014,5611210,attack,0,embedding,0.1202449798583984,92,100,100
irrelevant_random_2,irrelevant,random,2,264014,5611210,attack,1,encoder_block_1,0.0566926002502441,90,100,100
irrelevant_random_2,irrelevant,random,2,264014,5611210,attack,2,encoder_block_2,0.28035569190979,79,100,100
irrelevant_random_2,irrelevant,random,2,264014,5611210,attack,3,encoder_block_3,0.5791149139404297,46,100,100
irrelevant_random_2,irrelevant,random,2,264014,5611210,attack,4,encoder_block_4,0.9463860988616944,16,100,100
irrelevant_random_2,irrelevant,random,2,264014,5611210,attack,5,encoder_block_5,0.8869345188140869,11,100,100
irrelevant_random_2,irrelevant,random,2,264014,5611210,attack,6,encoder_block_6,0.7484476566314697,13,100,100
irrelevant_random_2,irrelevant,random,2,264014,5611210,attack,7,encoder_block_7,0.8225336074829102,17,100,100
irrelevant_random_2,irrelevant,random,2,264014,5611210,attack,8,encoder_block_8,0.905428409576416,12,100,100
irrelevant_random_2,irrelevant,random,2,264014,5611210,attack,9,encoder_block_9,0.8425233364105225,30,100,100
irrelevant_random_2,irrelevant,random,2,264014,5611210,attack,10,encoder_block_10,0.8527648448944092,34,100,100
irrelevant_random_2,irrelevant,random,2,264014,5611210,attack,11,encoder_block_11,1.6463427543640137,35,100,100
irrelevant_random_2,irrelevant,random,2,264014,5611210,attack,12,encoder_block_12,3.0185787677764893,32,100,100
irrelevant_random_2,irrelevant,random,2,359349,68649,original,0,embedding,0.7303218841552734,65,100,100
irrelevant_random_2,irrelevant,random,2,359349,68649,original,1,encoder_block_1,0.7686491012573242,75,100,100
irrelevant_random_2,irrelevant,random,2,359349,68649,original,2,encoder_block_2,0.7787563800811768,74,100,100
irrelevant_random_2,irrelevant,random,2,359349,68649,original,3,encoder_block_3,0.6439268589019775,76,100,100
irrelevant_random_2,irrelevant,random,2,359349,68649,original,4,encoder_block_4,0.824590802192688,62,100,100
irrelevant_random_2,irrelevant,random,2,359349,68649,original,5,encoder_block_5,1.004551887512207,46,100,100
irrelevant_random_2,irrelevant,random,2,359349,68649,original,6,encoder_block_6,0.9628387689590454,43,100,100
irrelevant_random_2,irrelevant,random,2,359349,68649,original,7,encoder_block_7,0.8723124265670776,48,100,100
irrelevant_random_2,irrelevant,random,2,359349,68649,original,8,encoder_block_8,0.8471852540969849,43,100,100
irrelevant_random_2,irrelevant,random,2,359349,68649,original,9,encoder_block_9,1.0588047504425049,25,100,100
irrelevant_random_2,irrelevant,random,2,359349,68649,original,10,encoder_block_10,1.3809943199157717,8,100,100
irrelevant_random_2,irrelevant,random,2,359349,68649,original,11,encoder_block_11,2.5883140563964844,7,100,100
irrelevant_random_2,irrelevant,random,2,359349,68649,original,12,encoder_block_12,5.095371246337891,5,100,100
irrelevant_random_2,irrelevant,random,2,359349,68649,padded_control,0,embedding,0.7303218841552734,65,100,100
irrelevant_random_2,irrelevant,random,2,359349,68649,padded_control,1,encoder_block_1,0.772036075592041,74,100,100
irrelevant_random_2,irrelevant,random,2,359349,68649,padded_control,2,encoder_block_2,0.7799286842346191,74,100,100
irrelevant_random_2,irrelevant,random,2,359349,68649,padded_control,3,encoder_block_3,0.6451716423034668,76,100,100
irrelevant_random_2,irrelevant,random,2,359349,68649,padded_control,4,encoder_block_4,0.8165080547332764,62,100,100
irrelevant_random_2,irrelevant,random,2,359349,68649,padded_control,5,encoder_block_5,0.998638391494751,46,100,100
irrelevant_random_2,irrelevant,random,2,359349,68649,padded_control,6,encoder_block_6,0.9642990827560424,43,100,100
irrelevant_random_2,irrelevant,random,2,359349,68649,padded_control,7,encoder_block_7,0.8758516311645508,48,100,100
irrelevant_random_2,irrelevant,random,2,359349,68649,padded_control,8,encoder_block_8,0.8470927476882935,43,100,100
irrelevant_random_2,irrelevant,random,2,359349,68649,padded_control,9,encoder_block_9,1.068950653076172,24,100,100
irrelevant_random_2,irrelevant,random,2,359349,68649,padded_control,10,encoder_block_10,1.4027502536773682,7,100,100
irrelevant_random_2,irrelevant,random,2,359349,68649,padded_control,11,encoder_block_11,2.608696699142456,7,100,100
irrelevant_random_2,irrelevant,random,2,359349,68649,padded_control,12,encoder_block_12,5.112390518188477,5,100,100
irrelevant_random_2,irrelevant,random,2,359349,68649,attack,0,embedding,0.6255197525024414,77,100,100
irrelevant_random_2,irrelevant,random,2,359349,68649,attack,1,encoder_block_1,0.5124778747558594,88,100,100
irrelevant_random_2,irrelevant,random,2,359349,68649,attack,2,encoder_block_2,0.5046224594116211,94,100,100
irrelevant_random_2,irrelevant,random,2,359349,68649,attack,3,encoder_block_3,0.3912162780761719,95,100,100
irrelevant_random_2,irrelevant,random,2,359349,68649,attack,4,encoder_block_4,0.5414324998855591,91,100,100
irrelevant_random_2,irrelevant,random,2,359349,68649,attack,5,encoder_block_5,0.7545325756072998,83,100,100
irrelevant_random_2,irrelevant,random,2,359349,68649,attack,6,encoder_block_6,0.7833635807037354,66,100,100
irrelevant_random_2,irrelevant,random,2,359349,68649,attack,7,encoder_block_7,0.6996355056762695,70,100,100
irrelevant_random_2,irrelevant,random,2,359349,68649,attack,8,encoder_block_8,0.7352926731109619,50,100,100
irrelevant_random_2,irrelevant,random,2,359349,68649,attack,9,encoder_block_9,0.926645278930664,32,100,100
irrelevant_random_2,irrelevant,random,2,359349,68649,attack,10,encoder_block_10,1.2916715145111084,11,100,100
irrelevant_random_2,irrelevant,random,2,359349,68649,attack,11,encoder_block_11,2.4826419353485107,8,100,100
irrelevant_random_2,irrelevant,random,2,359349,68649,attack,12,encoder_block_12,5.101222038269043,5,100,100
irrelevant_random_2,irrelevant,random,2,405717,6654655,original,0,embedding,0.7446041107177734,17,100,100
irrelevant_random_2,irrelevant,random,2,405717,6654655,original,1,encoder_block_1,0.6280612945556641,17,100,100
irrelevant_random_2,irrelevant,random,2,405717,6654655,original,2,encoder_block_2,0.7108936309814453,21,100,100
irrelevant_random_2,irrelevant,random,2,405717,6654655,original,3,encoder_block_3,0.7757525444030762,15,100,100
irrelevant_random_2,irrelevant,random,2,405717,6654655,original,4,encoder_block_4,0.8865890502929688,21,100,100
irrelevant_random_2,irrelevant,random,2,405717,6654655,original,5,encoder_block_5,0.8675875663757324,17,100,100
irrelevant_random_2,irrelevant,random,2,405717,6654655,original,6,encoder_block_6,0.9123425483703612,19,100,100
irrelevant_random_2,irrelevant,random,2,405717,6654655,original,7,encoder_block_7,0.9837636947631836,11,100,100
irrelevant_random_2,irrelevant,random,2,405717,6654655,original,8,encoder_block_8,0.9005260467529297,21,100,100
irrelevant_random_2,irrelevant,random,2,405717,6654655,original,9,encoder_block_9,0.8590638637542725,37,100,100
irrelevant_random_2,irrelevant,random,2,405717,6654655,original,10,encoder_block_10,0.8508551120758057,33,100,100
irrelevant_random_2,irrelevant,random,2,405717,6654655,original,11,encoder_block_11,2.6759753227233887,11,100,100
irrelevant_random_2,irrelevant,random,2,405717,6654655,original,12,encoder_block_12,3.670531749725342,19,100,100
irrelevant_random_2,irrelevant,random,2,405717,6654655,padded_control,0,embedding,0.7446036338806152,17,100,100
irrelevant_random_2,irrelevant,random,2,405717,6654655,padded_control,1,encoder_block_1,0.6217689514160156,17,100,100
irrelevant_random_2,irrelevant,random,2,405717,6654655,padded_control,2,encoder_block_2,0.7099776268005371,21,100,100
irrelevant_random_2,irrelevant,random,2,405717,6654655,padded_control,3,encoder_block_3,0.7717194557189941,15,100,100
irrelevant_random_2,irrelevant,random,2,405717,6654655,padded_control,4,encoder_block_4,0.8890142440795898,21,100,100
irrelevant_random_2,irrelevant,random,2,405717,6654655,padded_control,5,encoder_block_5,0.8648836612701416,17,100,100
irrelevant_random_2,irrelevant,random,2,405717,6654655,padded_control,6,encoder_block_6,0.913905143737793,18,100,100
irrelevant_random_2,irrelevant,random,2,405717,6654655,padded_control,7,encoder_block_7,0.9890930652618408,11,100,100
irrelevant_random_2,irrelevant,random,2,405717,6654655,padded_control,8,encoder_block_8,0.8996119499206543,21,100,100
irrelevant_random_2,irrelevant,random,2,405717,6654655,padded_control,9,encoder_block_9,0.8589944839477539,37,100,100
irrelevant_random_2,irrelevant,random,2,405717,6654655,padded_control,10,encoder_block_10,0.8510274887084961,33,100,100
irrelevant_random_2,irrelevant,random,2,405717,6654655,padded_control,11,encoder_block_11,2.653170108795166,11,100,100
irrelevant_random_2,irrelevant,random,2,405717,6654655,padded_control,12,encoder_block_12,3.623002529144287,20,100,100
irrelevant_random_2,irrelevant,random,2,405717,6654655,attack,0,embedding,0.5508055686950684,33,100,100
irrelevant_random_2,irrelevant,random,2,405717,6654655,attack,1,encoder_block_1,0.3208112716674804,36,100,100
irrelevant_random_2,irrelevant,random,2,405717,6654655,attack,2,encoder_block_2,0.363199234008789,59,100,100
irrelevant_random_2,irrelevant,random,2,405717,6654655,attack,3,encoder_block_3,0.4615201950073242,54,100,100
irrelevant_random_2,irrelevant,random,2,405717,6654655,attack,4,encoder_block_4,0.6208934783935547,59,100,100
irrelevant_random_2,irrelevant,random,2,405717,6654655,attack,5,encoder_block_5,0.6306397914886475,52,100,100
irrelevant_random_2,irrelevant,random,2,405717,6654655,attack,6,encoder_block_6,0.7009177207946777,46,100,100
irrelevant_random_2,irrelevant,random,2,405717,6654655,attack,7,encoder_block_7,0.7424407005310059,43,100,100
irrelevant_random_2,irrelevant,random,2,405717,6654655,attack,8,encoder_block_8,0.7164075374603271,41,100,100
irrelevant_random_2,irrelevant,random,2,405717,6654655,attack,9,encoder_block_9,0.769153356552124,50,100,100
irrelevant_random_2,irrelevant,random,2,405717,6654655,attack,10,encoder_block_10,0.8002643585205078,39,100,100
irrelevant_random_2,irrelevant,random,2,405717,6654655,attack,11,encoder_block_11,2.592426300048828,12,100,100
irrelevant_random_2,irrelevant,random,2,405717,6654655,attack,12,encoder_block_12,3.520197868347168,21,100,100
irrelevant_random_2,irrelevant,random,2,443396,8079046,original,0,embedding,0.6588740348815918,40,100,100
irrelevant_random_2,irrelevant,random,2,443396,8079046,original,1,encoder_block_1,0.7148251533508301,31,100,100
irrelevant_random_2,irrelevant,random,2,443396,8079046,original,2,encoder_block_2,0.988499402999878,25,100,100
irrelevant_random_2,irrelevant,random,2,443396,8079046,original,3,encoder_block_3,0.7311801910400391,33,100,100
irrelevant_random_2,irrelevant,random,2,443396,8079046,original,4,encoder_block_4,0.6251169443130493,41,100,100
irrelevant_random_2,irrelevant,random,2,443396,8079046,original,5,encoder_block_5,0.4184043407440185,51,100,100
irrelevant_random_2,irrelevant,random,2,443396,8079046,original,6,encoder_block_6,0.2967457771301269,53,100,100
irrelevant_random_2,irrelevant,random,2,443396,8079046,original,7,encoder_block_7,0.1829071044921875,61,100,100
irrelevant_random_2,irrelevant,random,2,443396,8079046,original,8,encoder_block_8,0.0144815444946289,69,100,100
irrelevant_random_2,irrelevant,random,2,443396,8079046,original,9,encoder_block_9,0.1297974586486816,70,100,100
irrelevant_random_2,irrelevant,random,2,443396,8079046,original,10,encoder_block_10,-0.9048601388931274,97,100,100
irrelevant_random_2,irrelevant,random,2,443396,8079046,original,11,encoder_block_11,-1.5065739154815674,76,100,100
irrelevant_random_2,irrelevant,random,2,443396,8079046,original,12,encoder_block_12,-8.705865859985352,63,100,100
irrelevant_random_2,irrelevant,random,2,443396,8079046,padded_control,0,embedding,0.6588730812072754,40,100,100
irrelevant_random_2,irrelevant,random,2,443396,8079046,padded_control,1,encoder_block_1,0.7071294784545898,31,100,100
irrelevant_random_2,irrelevant,random,2,443396,8079046,padded_control,2,encoder_block_2,0.9867942333221436,25,100,100
irrelevant_random_2,irrelevant,random,2,443396,8079046,padded_control,3,encoder_block_3,0.7331447601318359,33,100,100
irrelevant_random_2,irrelevant,random,2,443396,8079046,padded_control,4,encoder_block_4,0.6230027675628662,41,100,100
irrelevant_random_2,irrelevant,random,2,443396,8079046,padded_control,5,encoder_block_5,0.4202277660369873,51,100,100
irrelevant_random_2,irrelevant,random,2,443396,8079046,padded_control,6,encoder_block_6,0.2997835874557495,53,100,100
irrelevant_random_2,irrelevant,random,2,443396,8079046,padded_control,7,encoder_block_7,0.1886589527130127,61,100,100
irrelevant_random_2,irrelevant,random,2,443396,8079046,padded_control,8,encoder_block_8,0.0203714370727539,69,100,100
irrelevant_random_2,irrelevant,random,2,443396,8079046,padded_control,9,encoder_block_9,0.1378133296966552,70,100,100
irrelevant_random_2,irrelevant,random,2,443396,8079046,padded_control,10,encoder_block_10,-0.8980720043182373,97,100,100
irrelevant_random_2,irrelevant,random,2,443396,8079046,padded_control,11,encoder_block_11,-1.4913508892059326,76,100,100
irrelevant_random_2,irrelevant,random,2,443396,8079046,padded_control,12,encoder_block_12,-8.676502227783203,63,100,100
irrelevant_random_2,irrelevant,random,2,443396,8079046,attack,0,embedding,0.5445613861083984,48,100,100
irrelevant_random_2,irrelevant,random,2,443396,8079046,attack,1,encoder_block_1,0.3746590614318847,49,100,100
irrelevant_random_2,irrelevant,random,2,443396,8079046,attack,2,encoder_block_2,0.5226302146911621,50,100,100
irrelevant_random_2,irrelevant,random,2,443396,8079046,attack,3,encoder_block_3,0.3800520896911621,50,100,100
irrelevant_random_2,irrelevant,random,2,443396,8079046,attack,4,encoder_block_4,0.3169697523117065,55,100,100
irrelevant_random_2,irrelevant,random,2,443396,8079046,attack,5,encoder_block_5,0.1186763048171997,62,100,100
irrelevant_random_2,irrelevant,random,2,443396,8079046,attack,6,encoder_block_6,0.0231242179870605,64,100,100
irrelevant_random_2,irrelevant,random,2,443396,8079046,attack,7,encoder_block_7,-0.0407984256744384,67,100,100
irrelevant_random_2,irrelevant,random,2,443396,8079046,attack,8,encoder_block_8,-0.0791038274765014,71,100,100
irrelevant_random_2,irrelevant,random,2,443396,8079046,attack,9,encoder_block_9,0.0593111515045166,71,100,100
irrelevant_random_2,irrelevant,random,2,443396,8079046,attack,10,encoder_block_10,-0.747936487197876,94,100,100
irrelevant_random_2,irrelevant,random,2,443396,8079046,attack,11,encoder_block_11,-1.397062599658966,75,100,100
irrelevant_random_2,irrelevant,random,2,443396,8079046,attack,12,encoder_block_12,-8.737356185913086,63,100,100
irrelevant_random_2,irrelevant,random,2,451602,2176450,original,0,embedding,0.4722132682800293,13,100,100
irrelevant_random_2,irrelevant,random,2,451602,2176450,original,1,encoder_block_1,0.4772052764892578,9,100,100
irrelevant_random_2,irrelevant,random,2,451602,2176450,original,2,encoder_block_2,0.5013558864593506,11,100,100
irrelevant_random_2,irrelevant,random,2,451602,2176450,original,3,encoder_block_3,0.3855893611907959,13,100,100
irrelevant_random_2,irrelevant,random,2,451602,2176450,original,4,encoder_block_4,0.345423936843872,23,100,100
irrelevant_random_2,irrelevant,random,2,451602,2176450,original,5,encoder_block_5,0.3924899101257324,16,100,100
irrelevant_random_2,irrelevant,random,2,451602,2176450,original,6,encoder_block_6,0.4647102355957031,14,100,100
irrelevant_random_2,irrelevant,random,2,451602,2176450,original,7,encoder_block_7,0.2012975215911865,29,100,100
irrelevant_random_2,irrelevant,random,2,451602,2176450,original,8,encoder_block_8,0.3021860122680664,33,100,100
irrelevant_random_2,irrelevant,random,2,451602,2176450,original,9,encoder_block_9,0.3362596035003662,44,100,100
irrelevant_random_2,irrelevant,random,2,451602,2176450,original,10,encoder_block_10,0.1903594732284546,48,100,100
irrelevant_random_2,irrelevant,random,2,451602,2176450,original,11,encoder_block_11,0.9156909584999084,28,100,100
irrelevant_random_2,irrelevant,random,2,451602,2176450,original,12,encoder_block_12,0.5305600166320801,20,100,100
irrelevant_random_2,irrelevant,random,2,451602,2176450,padded_control,0,embedding,0.4722139835357666,13,100,100
irrelevant_random_2,irrelevant,random,2,451602,2176450,padded_control,1,encoder_block_1,0.4769551753997803,9,100,100
irrelevant_random_2,irrelevant,random,2,451602,2176450,padded_control,2,encoder_block_2,0.4949266910552978,11,100,100
irrelevant_random_2,irrelevant,random,2,451602,2176450,padded_control,3,encoder_block_3,0.3708288669586181,13,100,100
irrelevant_random_2,irrelevant,random,2,451602,2176450,padded_control,4,encoder_block_4,0.3352348804473877,24,100,100
irrelevant_random_2,irrelevant,random,2,451602,2176450,padded_control,5,encoder_block_5,0.387303352355957,16,100,100
irrelevant_random_2,irrelevant,random,2,451602,2176450,padded_control,6,encoder_block_6,0.4589309692382812,14,100,100
irrelevant_random_2,irrelevant,random,2,451602,2176450,padded_control,7,encoder_block_7,0.2025823593139648,29,100,100
irrelevant_random_2,irrelevant,random,2,451602,2176450,padded_control,8,encoder_block_8,0.2967956066131592,33,100,100
irrelevant_random_2,irrelevant,random,2,451602,2176450,padded_control,9,encoder_block_9,0.3420809507369995,44,100,100
irrelevant_random_2,irrelevant,random,2,451602,2176450,padded_control,10,encoder_block_10,0.2027015686035156,48,100,100
irrelevant_random_2,irrelevant,random,2,451602,2176450,padded_control,11,encoder_block_11,0.948505401611328,28,100,100
irrelevant_random_2,irrelevant,random,2,451602,2176450,padded_control,12,encoder_block_12,0.5862724781036377,20,100,100
irrelevant_random_2,irrelevant,random,2,451602,2176450,attack,0,embedding,0.3771438598632812,17,100,100
irrelevant_random_2,irrelevant,random,2,451602,2176450,attack,1,encoder_block_1,0.1242895126342773,25,100,100
irrelevant_random_2,irrelevant,random,2,451602,2176450,attack,2,encoder_block_2,0.1246900558471679,36,100,100
irrelevant_random_2,irrelevant,random,2,451602,2176450,attack,3,encoder_block_3,0.0972452163696289,31,100,100
irrelevant_random_2,irrelevant,random,2,451602,2176450,attack,4,encoder_block_4,0.0259604454040527,48,100,100
irrelevant_random_2,irrelevant,random,2,451602,2176450,attack,5,encoder_block_5,0.1113165616989135,38,100,100
irrelevant_random_2,irrelevant,random,2,451602,2176450,attack,6,encoder_block_6,0.1827940940856933,34,100,100
irrelevant_random_2,irrelevant,random,2,451602,2176450,attack,7,encoder_block_7,-0.0637655258178711,49,100,100
irrelevant_random_2,irrelevant,random,2,451602,2176450,attack,8,encoder_block_8,0.0818483829498291,49,100,100
irrelevant_random_2,irrelevant,random,2,451602,2176450,attack,9,encoder_block_9,0.1155002117156982,58,100,100
irrelevant_random_2,irrelevant,random,2,451602,2176450,attack,10,encoder_block_10,0.0425995588302612,63,100,100
irrelevant_random_2,irrelevant,random,2,451602,2176450,attack,11,encoder_block_11,0.8664823770523071,29,100,100
irrelevant_random_2,irrelevant,random,2,451602,2176450,attack,12,encoder_block_12,0.4619649648666382,20,100,100
irrelevant_random_2,irrelevant,random,2,47923,1681334,original,0,embedding,0.4043662548065185,48,100,100
irrelevant_random_2,irrelevant,random,2,47923,1681334,original,1,encoder_block_1,0.0395421981811523,26,100,100
irrelevant_random_2,irrelevant,random,2,47923,1681334,original,2,encoder_block_2,-0.0696754455566406,38,100,100
irrelevant_random_2,irrelevant,random,2,47923,1681334,original,3,encoder_block_3,0.0279543399810791,19,100,100
irrelevant_random_2,irrelevant,random,2,47923,1681334,original,4,encoder_block_4,0.0471925735473632,24,100,100
irrelevant_random_2,irrelevant,random,2,47923,1681334,original,5,encoder_block_5,0.1422414779663086,24,100,100
irrelevant_random_2,irrelevant,random,2,47923,1681334,original,6,encoder_block_6,0.1042013168334961,19,100,100
irrelevant_random_2,irrelevant,random,2,47923,1681334,original,7,encoder_block_7,-0.0750753879547119,36,100,100
irrelevant_random_2,irrelevant,random,2,47923,1681334,original,8,encoder_block_8,-0.0072896480560302,36,100,100
irrelevant_random_2,irrelevant,random,2,47923,1681334,original,9,encoder_block_9,0.4003338813781738,16,100,100
irrelevant_random_2,irrelevant,random,2,47923,1681334,original,10,encoder_block_10,0.8675813674926758,6,100,100
irrelevant_random_2,irrelevant,random,2,47923,1681334,original,11,encoder_block_11,2.107748031616211,9,100,100
irrelevant_random_2,irrelevant,random,2,47923,1681334,original,12,encoder_block_12,4.144590377807617,12,100,100
irrelevant_random_2,irrelevant,random,2,47923,1681334,padded_control,0,embedding,0.4043669700622558,48,100,100
irrelevant_random_2,irrelevant,random,2,47923,1681334,padded_control,1,encoder_block_1,0.0432162284851074,26,100,100
irrelevant_random_2,irrelevant,random,2,47923,1681334,padded_control,2,encoder_block_2,-0.0624704360961914,37,100,100
irrelevant_random_2,irrelevant,random,2,47923,1681334,padded_control,3,encoder_block_3,0.0333809852600097,19,100,100
irrelevant_random_2,irrelevant,random,2,47923,1681334,padded_control,4,encoder_block_4,0.0495071411132812,24,100,100
irrelevant_random_2,irrelevant,random,2,47923,1681334,padded_control,5,encoder_block_5,0.157339334487915,22,100,100
irrelevant_random_2,irrelevant,random,2,47923,1681334,padded_control,6,encoder_block_6,0.1118061542510986,18,100,100
irrelevant_random_2,irrelevant,random,2,47923,1681334,padded_control,7,encoder_block_7,-0.0596592426300048,34,100,100
irrelevant_random_2,irrelevant,random,2,47923,1681334,padded_control,8,encoder_block_8,0.0045418739318847,35,100,100
irrelevant_random_2,irrelevant,random,2,47923,1681334,padded_control,9,encoder_block_9,0.4058358669281006,15,100,100
irrelevant_random_2,irrelevant,random,2,47923,1681334,padded_control,10,encoder_block_10,0.877199649810791,6,100,100
irrelevant_random_2,irrelevant,random,2,47923,1681334,padded_control,11,encoder_block_11,2.1109538078308105,9,100,100
irrelevant_random_2,irrelevant,random,2,47923,1681334,padded_control,12,encoder_block_12,4.129639148712158,12,100,100
irrelevant_random_2,irrelevant,random,2,47923,1681334,attack,0,embedding,0.3081302642822265,61,100,100
irrelevant_random_2,irrelevant,random,2,47923,1681334,attack,1,encoder_block_1,-0.2299261093139648,58,100,100
irrelevant_random_2,irrelevant,random,2,47923,1681334,attack,2,encoder_block_2,-0.4057226181030273,76,100,100
irrelevant_random_2,irrelevant,random,2,47923,1681334,attack,3,encoder_block_3,-0.2430839538574218,59,100,100
irrelevant_random_2,irrelevant,random,2,47923,1681334,attack,4,encoder_block_4,-0.2364821434020996,62,100,100
irrelevant_random_2,irrelevant,random,2,47923,1681334,attack,5,encoder_block_5,-0.1051428318023681,56,100,100
irrelevant_random_2,irrelevant,random,2,47923,1681334,attack,6,encoder_block_6,-0.1069478988647461,48,100,100
irrelevant_random_2,irrelevant,random,2,47923,1681334,attack,7,encoder_block_7,-0.3084325790405273,74,100,100
irrelevant_random_2,irrelevant,random,2,47923,1681334,attack,8,encoder_block_8,-0.1865396499633789,64,100,100
irrelevant_random_2,irrelevant,random,2,47923,1681334,attack,9,encoder_block_9,0.2326476573944091,39,100,100
irrelevant_random_2,irrelevant,random,2,47923,1681334,attack,10,encoder_block_10,0.7600905895233154,8,100,100
irrelevant_random_2,irrelevant,random,2,47923,1681334,attack,11,encoder_block_11,1.962169170379639,11,100,100
irrelevant_random_2,irrelevant,random,2,47923,1681334,attack,12,encoder_block_12,3.779640197753906,12,100,100
irrelevant_random_2,irrelevant,random,2,489204,1051498,original,0,embedding,1.1050267219543457,7,100,100
irrelevant_random_2,irrelevant,random,2,489204,1051498,original,1,encoder_block_1,0.5670552253723145,10,100,100
irrelevant_random_2,irrelevant,random,2,489204,1051498,original,2,encoder_block_2,0.6947755813598633,7,100,100
irrelevant_random_2,irrelevant,random,2,489204,1051498,original,3,encoder_block_3,0.6954247951507568,7,100,100
irrelevant_random_2,irrelevant,random,2,489204,1051498,original,4,encoder_block_4,0.7063589096069336,13,100,100
irrelevant_random_2,irrelevant,random,2,489204,1051498,original,5,encoder_block_5,0.8089845180511475,12,100,100
irrelevant_random_2,irrelevant,random,2,489204,1051498,original,6,encoder_block_6,0.7066187858581543,15,100,100
irrelevant_random_2,irrelevant,random,2,489204,1051498,original,7,encoder_block_7,0.5458054542541504,25,100,100
irrelevant_random_2,irrelevant,random,2,489204,1051498,original,8,encoder_block_8,0.5038812160491943,19,100,100
irrelevant_random_2,irrelevant,random,2,489204,1051498,original,9,encoder_block_9,0.5962824821472168,17,100,100
irrelevant_random_2,irrelevant,random,2,489204,1051498,original,10,encoder_block_10,0.243504524230957,22,100,100
irrelevant_random_2,irrelevant,random,2,489204,1051498,original,11,encoder_block_11,0.8234102725982666,28,100,100
irrelevant_random_2,irrelevant,random,2,489204,1051498,original,12,encoder_block_12,1.1466436982154846,23,100,100
irrelevant_random_2,irrelevant,random,2,489204,1051498,padded_control,0,embedding,1.1050262451171875,7,100,100
irrelevant_random_2,irrelevant,random,2,489204,1051498,padded_control,1,encoder_block_1,0.5725085735321045,10,100,100
irrelevant_random_2,irrelevant,random,2,489204,1051498,padded_control,2,encoder_block_2,0.7060797214508057,6,100,100
irrelevant_random_2,irrelevant,random,2,489204,1051498,padded_control,3,encoder_block_3,0.7060713768005371,7,100,100
irrelevant_random_2,irrelevant,random,2,489204,1051498,padded_control,4,encoder_block_4,0.7130465507507324,13,100,100
irrelevant_random_2,irrelevant,random,2,489204,1051498,padded_control,5,encoder_block_5,0.808722972869873,12,100,100
irrelevant_random_2,irrelevant,random,2,489204,1051498,padded_control,6,encoder_block_6,0.708791971206665,15,100,100
irrelevant_random_2,irrelevant,random,2,489204,1051498,padded_control,7,encoder_block_7,0.5558891296386719,24,100,100
irrelevant_random_2,irrelevant,random,2,489204,1051498,padded_control,8,encoder_block_8,0.4924449920654297,20,100,100
irrelevant_random_2,irrelevant,random,2,489204,1051498,padded_control,9,encoder_block_9,0.5962965488433838,17,100,100
irrelevant_random_2,irrelevant,random,2,489204,1051498,padded_control,10,encoder_block_10,0.2555954456329345,20,100,100
irrelevant_random_2,irrelevant,random,2,489204,1051498,padded_control,11,encoder_block_11,0.818443775177002,28,100,100
irrelevant_random_2,irrelevant,random,2,489204,1051498,padded_control,12,encoder_block_12,1.0525793433189392,24,100,100
irrelevant_random_2,irrelevant,random,2,489204,1051498,attack,0,embedding,0.9721925258636476,11,100,100
irrelevant_random_2,irrelevant,random,2,489204,1051498,attack,1,encoder_block_1,0.365386962890625,17,100,100
irrelevant_random_2,irrelevant,random,2,489204,1051498,attack,2,encoder_block_2,0.4862880706787109,20,100,100
irrelevant_random_2,irrelevant,random,2,489204,1051498,attack,3,encoder_block_3,0.5231485366821289,19,100,100
irrelevant_random_2,irrelevant,random,2,489204,1051498,attack,4,encoder_block_4,0.5482234954833984,28,100,100
irrelevant_random_2,irrelevant,random,2,489204,1051498,attack,5,encoder_block_5,0.6046676635742188,33,100,100
irrelevant_random_2,irrelevant,random,2,489204,1051498,attack,6,encoder_block_6,0.5115046501159668,41,100,100
irrelevant_random_2,irrelevant,random,2,489204,1051498,attack,7,encoder_block_7,0.3953008651733398,43,100,100
irrelevant_random_2,irrelevant,random,2,489204,1051498,attack,8,encoder_block_8,0.4050378799438476,29,100,100
irrelevant_random_2,irrelevant,random,2,489204,1051498,attack,9,encoder_block_9,0.5291531085968018,27,100,100
irrelevant_random_2,irrelevant,random,2,489204,1051498,attack,10,encoder_block_10,0.3167433738708496,18,100,100
irrelevant_random_2,irrelevant,random,2,489204,1051498,attack,11,encoder_block_11,0.934190273284912,20,100,100
irrelevant_random_2,irrelevant,random,2,489204,1051498,attack,12,encoder_block_12,1.6432069540023804,12,100,100
irrelevant_random_2,irrelevant,random,2,490595,7839904,original,0,embedding,0.743114709854126,49,100,100
irrelevant_random_2,irrelevant,random,2,490595,7839904,original,1,encoder_block_1,0.2408144474029541,90,100,100
irrelevant_random_2,irrelevant,random,2,490595,7839904,original,2,encoder_block_2,0.2686305046081543,93,100,100
irrelevant_random_2,irrelevant,random,2,490595,7839904,original,3,encoder_block_3,0.2997734546661377,87,100,100
irrelevant_random_2,irrelevant,random,2,490595,7839904,original,4,encoder_block_4,0.6087636947631836,71,100,100
irrelevant_random_2,irrelevant,random,2,490595,7839904,original,5,encoder_block_5,0.8757696151733398,57,100,100
irrelevant_random_2,irrelevant,random,2,490595,7839904,original,6,encoder_block_6,0.8896998167037964,57,100,100
irrelevant_random_2,irrelevant,random,2,490595,7839904,original,7,encoder_block_7,1.0411710739135742,53,100,100
irrelevant_random_2,irrelevant,random,2,490595,7839904,original,8,encoder_block_8,1.0582380294799805,52,100,100
irrelevant_random_2,irrelevant,random,2,490595,7839904,original,9,encoder_block_9,1.0870909690856934,54,100,100
irrelevant_random_2,irrelevant,random,2,490595,7839904,original,10,encoder_block_10,0.5982840061187744,83,100,100
irrelevant_random_2,irrelevant,random,2,490595,7839904,original,11,encoder_block_11,0.3663021922111511,72,100,100
irrelevant_random_2,irrelevant,random,2,490595,7839904,original,12,encoder_block_12,-6.449821472167969,74,100,100
irrelevant_random_2,irrelevant,random,2,490595,7839904,padded_control,0,embedding,0.7431137561798096,49,100,100
irrelevant_random_2,irrelevant,random,2,490595,7839904,padded_control,1,encoder_block_1,0.2403159141540527,90,100,100
irrelevant_random_2,irrelevant,random,2,490595,7839904,padded_control,2,encoder_block_2,0.2669339179992676,93,100,100
irrelevant_random_2,irrelevant,random,2,490595,7839904,padded_control,3,encoder_block_3,0.2976226806640625,88,100,100
irrelevant_random_2,irrelevant,random,2,490595,7839904,padded_control,4,encoder_block_4,0.6110813617706299,71,100,100
irrelevant_random_2,irrelevant,random,2,490595,7839904,padded_control,5,encoder_block_5,0.8747084140777588,57,100,100
irrelevant_random_2,irrelevant,random,2,490595,7839904,padded_control,6,encoder_block_6,0.8879278898239136,57,100,100
irrelevant_random_2,irrelevant,random,2,490595,7839904,padded_control,7,encoder_block_7,1.0412414073944092,53,100,100
irrelevant_random_2,irrelevant,random,2,490595,7839904,padded_control,8,encoder_block_8,1.0564210414886477,52,100,100
irrelevant_random_2,irrelevant,random,2,490595,7839904,padded_control,9,encoder_block_9,1.0866483449935913,54,100,100
irrelevant_random_2,irrelevant,random,2,490595,7839904,padded_control,10,encoder_block_10,0.5938884019851685,83,100,100
irrelevant_random_2,irrelevant,random,2,490595,7839904,padded_control,11,encoder_block_11,0.3667289018630981,72,100,100
irrelevant_random_2,irrelevant,random,2,490595,7839904,padded_control,12,encoder_block_12,-6.505308151245117,74,100,100
irrelevant_random_2,irrelevant,random,2,490595,7839904,attack,0,embedding,0.6545886993408203,62,100,100
irrelevant_random_2,irrelevant,random,2,490595,7839904,attack,1,encoder_block_1,0.0213185548782348,96,100,100
irrelevant_random_2,irrelevant,random,2,490595,7839904,attack,2,encoder_block_2,0.0110883712768554,99,100,100
irrelevant_random_2,irrelevant,random,2,490595,7839904,attack,3,encoder_block_3,0.0484635829925537,100,100,100
irrelevant_random_2,irrelevant,random,2,490595,7839904,attack,4,encoder_block_4,0.3434408903121948,92,100,100
irrelevant_random_2,irrelevant,random,2,490595,7839904,attack,5,encoder_block_5,0.6588842868804932,79,100,100
irrelevant_random_2,irrelevant,random,2,490595,7839904,attack,6,encoder_block_6,0.7092097401618958,67,100,100
irrelevant_random_2,irrelevant,random,2,490595,7839904,attack,7,encoder_block_7,0.8696462512016296,64,100,100
irrelevant_random_2,irrelevant,random,2,490595,7839904,attack,8,encoder_block_8,0.967139482498169,56,100,100
irrelevant_random_2,irrelevant,random,2,490595,7839904,attack,9,encoder_block_9,1.0025815963745115,63,100,100
irrelevant_random_2,irrelevant,random,2,490595,7839904,attack,10,encoder_block_10,0.5709352493286133,85,100,100
irrelevant_random_2,irrelevant,random,2,490595,7839904,attack,11,encoder_block_11,0.2583273649215698,76,100,100
irrelevant_random_2,irrelevant,random,2,490595,7839904,attack,12,encoder_block_12,-7.025022506713867,75,100,100
irrelevant_random_2,irrelevant,random,2,527433,6186391,original,0,embedding,-0.5706920623779297,99,100,100
irrelevant_random_2,irrelevant,random,2,527433,6186391,original,1,encoder_block_1,-0.8049893379211426,91,100,100
irrelevant_random_2,irrelevant,random,2,527433,6186391,original,2,encoder_block_2,-0.6781020164489746,88,100,100
irrelevant_random_2,irrelevant,random,2,527433,6186391,original,3,encoder_block_3,-0.2104153633117675,58,100,100
irrelevant_random_2,irrelevant,random,2,527433,6186391,original,4,encoder_block_4,0.0249910354614257,36,100,100
irrelevant_random_2,irrelevant,random,2,527433,6186391,original,5,encoder_block_5,0.0053474903106689,19,100,100
irrelevant_random_2,irrelevant,random,2,527433,6186391,original,6,encoder_block_6,-0.0756361484527587,19,100,100
irrelevant_random_2,irrelevant,random,2,527433,6186391,original,7,encoder_block_7,-0.0155584812164306,19,100,100
irrelevant_random_2,irrelevant,random,2,527433,6186391,original,8,encoder_block_8,-0.1562321186065673,22,100,100
irrelevant_random_2,irrelevant,random,2,527433,6186391,original,9,encoder_block_9,0.1609573364257812,14,100,100
irrelevant_random_2,irrelevant,random,2,527433,6186391,original,10,encoder_block_10,0.2740828990936279,8,100,100
irrelevant_random_2,irrelevant,random,2,527433,6186391,original,11,encoder_block_11,1.410413384437561,5,100,100
irrelevant_random_2,irrelevant,random,2,527433,6186391,original,12,encoder_block_12,2.474163770675659,5,100,100
irrelevant_random_2,irrelevant,random,2,527433,6186391,padded_control,0,embedding,-0.5706925392150879,99,100,100
irrelevant_random_2,irrelevant,random,2,527433,6186391,padded_control,1,encoder_block_1,-0.8006687164306641,91,100,100
irrelevant_random_2,irrelevant,random,2,527433,6186391,padded_control,2,encoder_block_2,-0.6752653121948242,88,100,100
irrelevant_random_2,irrelevant,random,2,527433,6186391,padded_control,3,encoder_block_3,-0.2070112228393554,57,100,100
irrelevant_random_2,irrelevant,random,2,527433,6186391,padded_control,4,encoder_block_4,0.0272300243377685,36,100,100
irrelevant_random_2,irrelevant,random,2,527433,6186391,padded_control,5,encoder_block_5,0.0086386203765869,19,100,100
irrelevant_random_2,irrelevant,random,2,527433,6186391,padded_control,6,encoder_block_6,-0.0736808776855468,19,100,100
irrelevant_random_2,irrelevant,random,2,527433,6186391,padded_control,7,encoder_block_7,-0.0120904445648193,19,100,100
irrelevant_random_2,irrelevant,random,2,527433,6186391,padded_control,8,encoder_block_8,-0.155508279800415,21,100,100
irrelevant_random_2,irrelevant,random,2,527433,6186391,padded_control,9,encoder_block_9,0.1657543182373047,14,100,100
irrelevant_random_2,irrelevant,random,2,527433,6186391,padded_control,10,encoder_block_10,0.2828972339630127,8,100,100
irrelevant_random_2,irrelevant,random,2,527433,6186391,padded_control,11,encoder_block_11,1.4194307327270508,5,100,100
irrelevant_random_2,irrelevant,random,2,527433,6186391,padded_control,12,encoder_block_12,2.477784037590027,5,100,100
irrelevant_random_2,irrelevant,random,2,527433,6186391,attack,0,embedding,-0.6159038543701172,99,100,100
irrelevant_random_2,irrelevant,random,2,527433,6186391,attack,1,encoder_block_1,-0.9766736030578612,96,100,100
irrelevant_random_2,irrelevant,random,2,527433,6186391,attack,2,encoder_block_2,-0.8795208930969238,95,100,100
irrelevant_random_2,irrelevant,random,2,527433,6186391,attack,3,encoder_block_3,-0.3919582366943359,80,100,100
irrelevant_random_2,irrelevant,random,2,527433,6186391,attack,4,encoder_block_4,-0.1659572124481201,55,100,100
irrelevant_random_2,irrelevant,random,2,527433,6186391,attack,5,encoder_block_5,-0.1344623565673828,29,100,100
irrelevant_random_2,irrelevant,random,2,527433,6186391,attack,6,encoder_block_6,-0.155038833618164,23,100,100
irrelevant_random_2,irrelevant,random,2,527433,6186391,attack,7,encoder_block_7,-0.0648980140686035,21,100,100
irrelevant_random_2,irrelevant,random,2,527433,6186391,attack,8,encoder_block_8,-0.1814689636230468,27,100,100
irrelevant_random_2,irrelevant,random,2,527433,6186391,attack,9,encoder_block_9,0.1655435562133789,14,100,100
irrelevant_random_2,irrelevant,random,2,527433,6186391,attack,10,encoder_block_10,0.3131334781646728,8,100,100
irrelevant_random_2,irrelevant,random,2,527433,6186391,attack,11,encoder_block_11,1.4576940536499023,3,100,100
irrelevant_random_2,irrelevant,random,2,527433,6186391,attack,12,encoder_block_12,2.497065305709839,5,100,100
irrelevant_random_2,irrelevant,random,2,573724,3365633,original,0,embedding,0.5385451316833496,36,100,100
irrelevant_random_2,irrelevant,random,2,573724,3365633,original,1,encoder_block_1,0.4097919464111328,55,100,100
irrelevant_random_2,irrelevant,random,2,573724,3365633,original,2,encoder_block_2,0.6967830657958984,55,100,100
irrelevant_random_2,irrelevant,random,2,573724,3365633,original,3,encoder_block_3,0.7205619812011719,57,100,100
irrelevant_random_2,irrelevant,random,2,573724,3365633,original,4,encoder_block_4,0.6689319610595703,57,100,100
irrelevant_random_2,irrelevant,random,2,573724,3365633,original,5,encoder_block_5,0.6640961170196533,43,100,100
irrelevant_random_2,irrelevant,random,2,573724,3365633,original,6,encoder_block_6,0.636467456817627,44,100,100
irrelevant_random_2,irrelevant,random,2,573724,3365633,original,7,encoder_block_7,0.8578405380249023,23,100,100
irrelevant_random_2,irrelevant,random,2,573724,3365633,original,8,encoder_block_8,1.016554832458496,17,100,100
irrelevant_random_2,irrelevant,random,2,573724,3365633,original,9,encoder_block_9,1.0867230892181396,18,100,100
irrelevant_random_2,irrelevant,random,2,573724,3365633,original,10,encoder_block_10,1.3101067543029783,18,100,100
irrelevant_random_2,irrelevant,random,2,573724,3365633,original,11,encoder_block_11,2.012021541595459,31,100,100
irrelevant_random_2,irrelevant,random,2,573724,3365633,original,12,encoder_block_12,3.365236520767212,32,100,100
irrelevant_random_2,irrelevant,random,2,573724,3365633,padded_control,0,embedding,0.5385446548461914,36,100,100
irrelevant_random_2,irrelevant,random,2,573724,3365633,padded_control,1,encoder_block_1,0.407468318939209,55,100,100
irrelevant_random_2,irrelevant,random,2,573724,3365633,padded_control,2,encoder_block_2,0.695284366607666,55,100,100
irrelevant_random_2,irrelevant,random,2,573724,3365633,padded_control,3,encoder_block_3,0.7183160781860352,57,100,100
irrelevant_random_2,irrelevant,random,2,573724,3365633,padded_control,4,encoder_block_4,0.6635503768920898,58,100,100
irrelevant_random_2,irrelevant,random,2,573724,3365633,padded_control,5,encoder_block_5,0.657799243927002,43,100,100
irrelevant_random_2,irrelevant,random,2,573724,3365633,padded_control,6,encoder_block_6,0.6328668594360352,45,100,100
irrelevant_random_2,irrelevant,random,2,573724,3365633,padded_control,7,encoder_block_7,0.8563966751098633,23,100,100
irrelevant_random_2,irrelevant,random,2,573724,3365633,padded_control,8,encoder_block_8,1.014533519744873,18,100,100
irrelevant_random_2,irrelevant,random,2,573724,3365633,padded_control,9,encoder_block_9,1.0695343017578125,20,100,100
irrelevant_random_2,irrelevant,random,2,573724,3365633,padded_control,10,encoder_block_10,1.2869114875793457,19,100,100
irrelevant_random_2,irrelevant,random,2,573724,3365633,padded_control,11,encoder_block_11,1.9887900352478027,31,100,100
irrelevant_random_2,irrelevant,random,2,573724,3365633,padded_control,12,encoder_block_12,3.380972385406494,32,100,100
irrelevant_random_2,irrelevant,random,2,573724,3365633,attack,0,embedding,0.4224867820739746,46,100,100
irrelevant_random_2,irrelevant,random,2,573724,3365633,attack,1,encoder_block_1,0.2228822708129882,67,100,100
irrelevant_random_2,irrelevant,random,2,573724,3365633,attack,2,encoder_block_2,0.5023021697998047,70,100,100
irrelevant_random_2,irrelevant,random,2,573724,3365633,attack,3,encoder_block_3,0.5221924781799316,76,100,100
irrelevant_random_2,irrelevant,random,2,573724,3365633,attack,4,encoder_block_4,0.438723087310791,81,100,100
irrelevant_random_2,irrelevant,random,2,573724,3365633,attack,5,encoder_block_5,0.4412646293640136,81,100,100
irrelevant_random_2,irrelevant,random,2,573724,3365633,attack,6,encoder_block_6,0.445587158203125,69,100,100
irrelevant_random_2,irrelevant,random,2,573724,3365633,attack,7,encoder_block_7,0.6768107414245605,49,100,100
irrelevant_random_2,irrelevant,random,2,573724,3365633,attack,8,encoder_block_8,0.8566508293151855,41,100,100
irrelevant_random_2,irrelevant,random,2,573724,3365633,attack,9,encoder_block_9,0.938831090927124,31,100,100
irrelevant_random_2,irrelevant,random,2,573724,3365633,attack,10,encoder_block_10,1.1820032596588137,26,100,100
irrelevant_random_2,irrelevant,random,2,573724,3365633,attack,11,encoder_block_11,1.9151971340179443,33,100,100
irrelevant_random_2,irrelevant,random,2,573724,3365633,attack,12,encoder_block_12,3.4894371032714844,31,100,100
irrelevant_random_2,irrelevant,random,2,833860,6230226,original,0,embedding,0.1813712120056152,47,100,100
irrelevant_random_2,irrelevant,random,2,833860,6230226,original,1,encoder_block_1,0.003852367401123,68,100,100
irrelevant_random_2,irrelevant,random,2,833860,6230226,original,2,encoder_block_2,0.2235174179077148,68,100,100
irrelevant_random_2,irrelevant,random,2,833860,6230226,original,3,encoder_block_3,0.5636570453643799,29,100,100
irrelevant_random_2,irrelevant,random,2,833860,6230226,original,4,encoder_block_4,0.662346363067627,20,100,100
irrelevant_random_2,irrelevant,random,2,833860,6230226,original,5,encoder_block_5,0.7447495460510254,9,100,100
irrelevant_random_2,irrelevant,random,2,833860,6230226,original,6,encoder_block_6,0.733391284942627,9,100,100
irrelevant_random_2,irrelevant,random,2,833860,6230226,original,7,encoder_block_7,0.8366022109985352,7,100,100
irrelevant_random_2,irrelevant,random,2,833860,6230226,original,8,encoder_block_8,0.889418363571167,7,100,100
irrelevant_random_2,irrelevant,random,2,833860,6230226,original,9,encoder_block_9,1.210526466369629,2,100,100
irrelevant_random_2,irrelevant,random,2,833860,6230226,original,10,encoder_block_10,1.6339516639709473,1,100,100
irrelevant_random_2,irrelevant,random,2,833860,6230226,original,11,encoder_block_11,3.701798439025879,1,100,100
irrelevant_random_2,irrelevant,random,2,833860,6230226,original,12,encoder_block_12,6.444667816162109,1,100,100
irrelevant_random_2,irrelevant,random,2,833860,6230226,padded_control,0,embedding,0.181370735168457,47,100,100
irrelevant_random_2,irrelevant,random,2,833860,6230226,padded_control,1,encoder_block_1,0.0018801689147949,68,100,100
irrelevant_random_2,irrelevant,random,2,833860,6230226,padded_control,2,encoder_block_2,0.2186527252197265,68,100,100
irrelevant_random_2,irrelevant,random,2,833860,6230226,padded_control,3,encoder_block_3,0.5560059547424316,30,100,100
irrelevant_random_2,irrelevant,random,2,833860,6230226,padded_control,4,encoder_block_4,0.6524934768676758,20,100,100
irrelevant_random_2,irrelevant,random,2,833860,6230226,padded_control,5,encoder_block_5,0.7368016242980957,10,100,100
irrelevant_random_2,irrelevant,random,2,833860,6230226,padded_control,6,encoder_block_6,0.7231154441833496,9,100,100
irrelevant_random_2,irrelevant,random,2,833860,6230226,padded_control,7,encoder_block_7,0.8238630294799805,7,100,100
irrelevant_random_2,irrelevant,random,2,833860,6230226,padded_control,8,encoder_block_8,0.8694918155670166,8,100,100
irrelevant_random_2,irrelevant,random,2,833860,6230226,padded_control,9,encoder_block_9,1.195197582244873,2,100,100
irrelevant_random_2,irrelevant,random,2,833860,6230226,padded_control,10,encoder_block_10,1.6216063499450684,1,100,100
irrelevant_random_2,irrelevant,random,2,833860,6230226,padded_control,11,encoder_block_11,3.690217971801758,1,100,100
irrelevant_random_2,irrelevant,random,2,833860,6230226,padded_control,12,encoder_block_12,6.435930252075195,1,100,100
irrelevant_random_2,irrelevant,random,2,833860,6230226,attack,0,embedding,0.1070070266723632,58,100,100
irrelevant_random_2,irrelevant,random,2,833860,6230226,attack,1,encoder_block_1,-0.160677433013916,81,100,100
irrelevant_random_2,irrelevant,random,2,833860,6230226,attack,2,encoder_block_2,-0.0234103202819824,84,100,100
irrelevant_random_2,irrelevant,random,2,833860,6230226,attack,3,encoder_block_3,0.2654242515563965,60,100,100
irrelevant_random_2,irrelevant,random,2,833860,6230226,attack,4,encoder_block_4,0.3937921524047851,42,100,100
irrelevant_random_2,irrelevant,random,2,833860,6230226,attack,5,encoder_block_5,0.4727559089660644,27,100,100
irrelevant_random_2,irrelevant,random,2,833860,6230226,attack,6,encoder_block_6,0.465611457824707,21,100,100
irrelevant_random_2,irrelevant,random,2,833860,6230226,attack,7,encoder_block_7,0.5661916732788086,16,100,100
irrelevant_random_2,irrelevant,random,2,833860,6230226,attack,8,encoder_block_8,0.6760241985321045,14,100,100
irrelevant_random_2,irrelevant,random,2,833860,6230226,attack,9,encoder_block_9,1.0387978553771973,5,100,100
irrelevant_random_2,irrelevant,random,2,833860,6230226,attack,10,encoder_block_10,1.5373520851135254,1,100,100
irrelevant_random_2,irrelevant,random,2,833860,6230226,attack,11,encoder_block_11,3.7419939041137695,1,100,100
irrelevant_random_2,irrelevant,random,2,833860,6230226,attack,12,encoder_block_12,6.602991104125977,1,100,100
irrelevant_random_2,irrelevant,random,2,855410,8651772,original,0,embedding,0.5264654159545898,3,100,5
irrelevant_random_2,irrelevant,random,2,855410,8651772,original,1,encoder_block_1,0.4964876174926758,3,100,5
irrelevant_random_2,irrelevant,random,2,855410,8651772,original,2,encoder_block_2,0.4185943603515625,3,100,5
irrelevant_random_2,irrelevant,random,2,855410,8651772,original,3,encoder_block_3,0.4122314453125,3,100,5
irrelevant_random_2,irrelevant,random,2,855410,8651772,original,4,encoder_block_4,0.3530209064483642,2,100,5
irrelevant_random_2,irrelevant,random,2,855410,8651772,original,5,encoder_block_5,0.1483740806579589,2,100,5
irrelevant_random_2,irrelevant,random,2,855410,8651772,original,6,encoder_block_6,0.0892930030822753,2,100,5
irrelevant_random_2,irrelevant,random,2,855410,8651772,original,7,encoder_block_7,-0.0656623840332031,3,100,5
irrelevant_random_2,irrelevant,random,2,855410,8651772,original,8,encoder_block_8,0.1337442398071289,4,100,5
irrelevant_random_2,irrelevant,random,2,855410,8651772,original,9,encoder_block_9,0.2155776023864746,5,100,5
irrelevant_random_2,irrelevant,random,2,855410,8651772,original,10,encoder_block_10,0.0266947746276855,4,100,5
irrelevant_random_2,irrelevant,random,2,855410,8651772,original,11,encoder_block_11,0.5747649669647217,4,100,5
irrelevant_random_2,irrelevant,random,2,855410,8651772,original,12,encoder_block_12,0.2199397087097168,4,100,5
irrelevant_random_2,irrelevant,random,2,855410,8651772,padded_control,0,embedding,0.5264663696289062,3,100,5
irrelevant_random_2,irrelevant,random,2,855410,8651772,padded_control,1,encoder_block_1,0.5176639556884766,3,100,5
irrelevant_random_2,irrelevant,random,2,855410,8651772,padded_control,2,encoder_block_2,0.4396800994873047,3,100,5
irrelevant_random_2,irrelevant,random,2,855410,8651772,padded_control,3,encoder_block_3,0.4205508232116699,3,100,5
irrelevant_random_2,irrelevant,random,2,855410,8651772,padded_control,4,encoder_block_4,0.3531644344329834,2,100,5
irrelevant_random_2,irrelevant,random,2,855410,8651772,padded_control,5,encoder_block_5,0.1416654586791992,2,100,5
irrelevant_random_2,irrelevant,random,2,855410,8651772,padded_control,6,encoder_block_6,0.0801672935485839,2,100,5
irrelevant_random_2,irrelevant,random,2,855410,8651772,padded_control,7,encoder_block_7,-0.0674555301666259,3,100,5
irrelevant_random_2,irrelevant,random,2,855410,8651772,padded_control,8,encoder_block_8,0.1390738487243652,4,100,5
irrelevant_random_2,irrelevant,random,2,855410,8651772,padded_control,9,encoder_block_9,0.227165937423706,5,100,5
irrelevant_random_2,irrelevant,random,2,855410,8651772,padded_control,10,encoder_block_10,0.0489938259124755,4,100,5
irrelevant_random_2,irrelevant,random,2,855410,8651772,padded_control,11,encoder_block_11,0.5716001987457275,4,100,5
irrelevant_random_2,irrelevant,random,2,855410,8651772,padded_control,12,encoder_block_12,0.1723568439483642,4,100,5
irrelevant_random_2,irrelevant,random,2,855410,8651772,attack,0,embedding,0.2715539932250976,3,100,5
irrelevant_random_2,irrelevant,random,2,855410,8651772,attack,1,encoder_block_1,0.1502952575683593,4,100,5
irrelevant_random_2,irrelevant,random,2,855410,8651772,attack,2,encoder_block_2,0.0193495750427246,4,100,5
irrelevant_random_2,irrelevant,random,2,855410,8651772,attack,3,encoder_block_3,0.0159375667572021,3,100,5
irrelevant_random_2,irrelevant,random,2,855410,8651772,attack,4,encoder_block_4,-0.0367562770843505,5,100,5
irrelevant_random_2,irrelevant,random,2,855410,8651772,attack,5,encoder_block_5,-0.2714107036590576,5,100,5
irrelevant_random_2,irrelevant,random,2,855410,8651772,attack,6,encoder_block_6,-0.233083963394165,5,100,5
irrelevant_random_2,irrelevant,random,2,855410,8651772,attack,7,encoder_block_7,-0.3411679267883301,5,100,5
irrelevant_random_2,irrelevant,random,2,855410,8651772,attack,8,encoder_block_8,-0.056065559387207,5,100,5
irrelevant_random_2,irrelevant,random,2,855410,8651772,attack,9,encoder_block_9,0.0389516353607177,5,100,5
irrelevant_random_2,irrelevant,random,2,855410,8651772,attack,10,encoder_block_10,-0.0507091283798217,4,100,5
irrelevant_random_2,irrelevant,random,2,855410,8651772,attack,11,encoder_block_11,0.6224170923233032,4,100,5
irrelevant_random_2,irrelevant,random,2,855410,8651772,attack,12,encoder_block_12,0.2612364888191223,4,100,5
irrelevant_random_2,irrelevant,random,2,87181,2986227,original,0,embedding,0.427579402923584,59,100,100
irrelevant_random_2,irrelevant,random,2,87181,2986227,original,1,encoder_block_1,0.066629409790039,63,100,100
irrelevant_random_2,irrelevant,random,2,87181,2986227,original,2,encoder_block_2,0.1126074790954589,40,100,100
irrelevant_random_2,irrelevant,random,2,87181,2986227,original,3,encoder_block_3,0.0347876548767089,47,100,100
irrelevant_random_2,irrelevant,random,2,87181,2986227,original,4,encoder_block_4,-0.2236852645874023,59,100,100
irrelevant_random_2,irrelevant,random,2,87181,2986227,original,5,encoder_block_5,-0.2539844512939453,52,100,100
irrelevant_random_2,irrelevant,random,2,87181,2986227,original,6,encoder_block_6,-0.298931360244751,55,100,100
irrelevant_random_2,irrelevant,random,2,87181,2986227,original,7,encoder_block_7,-0.1024222373962402,31,100,100
irrelevant_random_2,irrelevant,random,2,87181,2986227,original,8,encoder_block_8,-0.0140490531921386,21,100,100
irrelevant_random_2,irrelevant,random,2,87181,2986227,original,9,encoder_block_9,0.435795783996582,8,100,100
irrelevant_random_2,irrelevant,random,2,87181,2986227,original,10,encoder_block_10,0.8540353775024414,1,100,100
irrelevant_random_2,irrelevant,random,2,87181,2986227,original,11,encoder_block_11,2.348917961120605,1,100,100
irrelevant_random_2,irrelevant,random,2,87181,2986227,original,12,encoder_block_12,3.095364809036255,12,100,100
irrelevant_random_2,irrelevant,random,2,87181,2986227,padded_control,0,embedding,0.4275789260864258,59,100,100
irrelevant_random_2,irrelevant,random,2,87181,2986227,padded_control,1,encoder_block_1,0.0735712051391601,60,100,100
irrelevant_random_2,irrelevant,random,2,87181,2986227,padded_control,2,encoder_block_2,0.1167154312133789,40,100,100
irrelevant_random_2,irrelevant,random,2,87181,2986227,padded_control,3,encoder_block_3,0.0417823791503906,46,100,100
irrelevant_random_2,irrelevant,random,2,87181,2986227,padded_control,4,encoder_block_4,-0.2167196273803711,59,100,100
irrelevant_random_2,irrelevant,random,2,87181,2986227,padded_control,5,encoder_block_5,-0.2486133575439453,52,100,100
irrelevant_random_2,irrelevant,random,2,87181,2986227,padded_control,6,encoder_block_6,-0.2960033416748047,55,100,100
irrelevant_random_2,irrelevant,random,2,87181,2986227,padded_control,7,encoder_block_7,-0.0963072776794433,31,100,100
irrelevant_random_2,irrelevant,random,2,87181,2986227,padded_control,8,encoder_block_8,-0.0058698654174804,20,100,100
irrelevant_random_2,irrelevant,random,2,87181,2986227,padded_control,9,encoder_block_9,0.4480323791503906,8,100,100
irrelevant_random_2,irrelevant,random,2,87181,2986227,padded_control,10,encoder_block_10,0.863314151763916,1,100,100
irrelevant_random_2,irrelevant,random,2,87181,2986227,padded_control,11,encoder_block_11,2.34980583190918,1,100,100
irrelevant_random_2,irrelevant,random,2,87181,2986227,padded_control,12,encoder_block_12,3.078803777694702,12,100,100
irrelevant_random_2,irrelevant,random,2,87181,2986227,attack,0,embedding,0.358612060546875,68,100,100
irrelevant_random_2,irrelevant,random,2,87181,2986227,attack,1,encoder_block_1,-0.0978970527648925,79,100,100
irrelevant_random_2,irrelevant,random,2,87181,2986227,attack,2,encoder_block_2,-0.0826265811920166,66,100,100
irrelevant_random_2,irrelevant,random,2,87181,2986227,attack,3,encoder_block_3,-0.1424384117126464,72,100,100
irrelevant_random_2,irrelevant,random,2,87181,2986227,attack,4,encoder_block_4,-0.3563385009765625,76,100,100
irrelevant_random_2,irrelevant,random,2,87181,2986227,attack,5,encoder_block_5,-0.3652572631835937,68,100,100
irrelevant_random_2,irrelevant,random,2,87181,2986227,attack,6,encoder_block_6,-0.4052128791809082,68,100,100
irrelevant_random_2,irrelevant,random,2,87181,2986227,attack,7,encoder_block_7,-0.1923067569732666,40,100,100
irrelevant_random_2,irrelevant,random,2,87181,2986227,attack,8,encoder_block_8,-0.052398681640625,23,100,100
irrelevant_random_2,irrelevant,random,2,87181,2986227,attack,9,encoder_block_9,0.3968853950500488,10,100,100
irrelevant_random_2,irrelevant,random,2,87181,2986227,attack,10,encoder_block_10,0.841975212097168,1,100,100
irrelevant_random_2,irrelevant,random,2,87181,2986227,attack,11,encoder_block_11,2.3612422943115234,1,100,100
irrelevant_random_2,irrelevant,random,2,87181,2986227,attack,12,encoder_block_12,3.044100761413574,12,100,100
irrelevant_random_2,irrelevant,random,2,87452,186939,original,0,embedding,-0.131176471710205,89,100,100
irrelevant_random_2,irrelevant,random,2,87452,186939,original,1,encoder_block_1,0.0700085163116455,69,100,100
irrelevant_random_2,irrelevant,random,2,87452,186939,original,2,encoder_block_2,0.5808210372924805,60,100,100
irrelevant_random_2,irrelevant,random,2,87452,186939,original,3,encoder_block_3,0.5310637950897217,58,100,100
irrelevant_random_2,irrelevant,random,2,87452,186939,original,4,encoder_block_4,0.5410923957824707,65,100,100
irrelevant_random_2,irrelevant,random,2,87452,186939,original,5,encoder_block_5,0.4766809940338135,82,100,100
irrelevant_random_2,irrelevant,random,2,87452,186939,original,6,encoder_block_6,0.4033131599426269,62,100,100
irrelevant_random_2,irrelevant,random,2,87452,186939,original,7,encoder_block_7,0.4157111644744873,62,100,100
irrelevant_random_2,irrelevant,random,2,87452,186939,original,8,encoder_block_8,0.5054173469543457,55,100,100
irrelevant_random_2,irrelevant,random,2,87452,186939,original,9,encoder_block_9,0.892852783203125,40,100,100
irrelevant_random_2,irrelevant,random,2,87452,186939,original,10,encoder_block_10,0.9098341464996338,10,100,100
irrelevant_random_2,irrelevant,random,2,87452,186939,original,11,encoder_block_11,2.610426425933838,3,100,100
irrelevant_random_2,irrelevant,random,2,87452,186939,original,12,encoder_block_12,4.912345886230469,2,100,100
irrelevant_random_2,irrelevant,random,2,87452,186939,padded_control,0,embedding,-0.131176471710205,89,100,100
irrelevant_random_2,irrelevant,random,2,87452,186939,padded_control,1,encoder_block_1,0.0720493793487548,69,100,100
irrelevant_random_2,irrelevant,random,2,87452,186939,padded_control,2,encoder_block_2,0.5860662460327148,60,100,100
irrelevant_random_2,irrelevant,random,2,87452,186939,padded_control,3,encoder_block_3,0.5423738956451416,57,100,100
irrelevant_random_2,irrelevant,random,2,87452,186939,padded_control,4,encoder_block_4,0.5433743000030518,64,100,100
irrelevant_random_2,irrelevant,random,2,87452,186939,padded_control,5,encoder_block_5,0.4828226566314697,81,100,100
irrelevant_random_2,irrelevant,random,2,87452,186939,padded_control,6,encoder_block_6,0.4042019844055176,62,100,100
irrelevant_random_2,irrelevant,random,2,87452,186939,padded_control,7,encoder_block_7,0.4089407920837402,63,100,100
irrelevant_random_2,irrelevant,random,2,87452,186939,padded_control,8,encoder_block_8,0.5001015663146973,56,100,100
irrelevant_random_2,irrelevant,random,2,87452,186939,padded_control,9,encoder_block_9,0.8775334358215332,40,100,100
irrelevant_random_2,irrelevant,random,2,87452,186939,padded_control,10,encoder_block_10,0.8902444839477539,10,100,100
irrelevant_random_2,irrelevant,random,2,87452,186939,padded_control,11,encoder_block_11,2.562845468521118,3,100,100
irrelevant_random_2,irrelevant,random,2,87452,186939,padded_control,12,encoder_block_12,4.852376937866211,2,100,100
irrelevant_random_2,irrelevant,random,2,87452,186939,attack,0,embedding,-0.2309873104095459,94,100,100
irrelevant_random_2,irrelevant,random,2,87452,186939,attack,1,encoder_block_1,-0.1347105503082275,87,100,100
irrelevant_random_2,irrelevant,random,2,87452,186939,attack,2,encoder_block_2,0.4193823337554931,71,100,100
irrelevant_random_2,irrelevant,random,2,87452,186939,attack,3,encoder_block_3,0.3735480308532715,75,100,100
irrelevant_random_2,irrelevant,random,2,87452,186939,attack,4,encoder_block_4,0.4040558338165283,84,100,100
irrelevant_random_2,irrelevant,random,2,87452,186939,attack,5,encoder_block_5,0.3992786407470703,88,100,100
irrelevant_random_2,irrelevant,random,2,87452,186939,attack,6,encoder_block_6,0.3397033214569092,68,100,100
irrelevant_random_2,irrelevant,random,2,87452,186939,attack,7,encoder_block_7,0.3764255046844482,64,100,100
irrelevant_random_2,irrelevant,random,2,87452,186939,attack,8,encoder_block_8,0.4925456047058105,59,100,100
irrelevant_random_2,irrelevant,random,2,87452,186939,attack,9,encoder_block_9,0.8343489170074463,46,100,100
irrelevant_random_2,irrelevant,random,2,87452,186939,attack,10,encoder_block_10,0.905390739440918,10,100,100
irrelevant_random_2,irrelevant,random,2,87452,186939,attack,11,encoder_block_11,2.64223575592041,3,100,100
irrelevant_random_2,irrelevant,random,2,87452,186939,attack,12,encoder_block_12,4.749224662780762,2,100,100
irrelevant_random_2,irrelevant,random,2,915593,4566816,original,0,embedding,-0.1649837493896484,95,100,100
irrelevant_random_2,irrelevant,random,2,915593,4566816,original,1,encoder_block_1,-0.13824462890625,95,100,100
irrelevant_random_2,irrelevant,random,2,915593,4566816,original,2,encoder_block_2,0.2396275997161865,87,100,100
irrelevant_random_2,irrelevant,random,2,915593,4566816,original,3,encoder_block_3,0.2713072299957275,85,100,100
irrelevant_random_2,irrelevant,random,2,915593,4566816,original,4,encoder_block_4,0.366396427154541,71,100,100
irrelevant_random_2,irrelevant,random,2,915593,4566816,original,5,encoder_block_5,0.4460828304290771,52,100,100
irrelevant_random_2,irrelevant,random,2,915593,4566816,original,6,encoder_block_6,0.3744106292724609,58,100,100
irrelevant_random_2,irrelevant,random,2,915593,4566816,original,7,encoder_block_7,0.4818277359008789,41,100,100
irrelevant_random_2,irrelevant,random,2,915593,4566816,original,8,encoder_block_8,0.6857666969299316,29,100,100
irrelevant_random_2,irrelevant,random,2,915593,4566816,original,9,encoder_block_9,1.0470024347305298,9,100,100
irrelevant_random_2,irrelevant,random,2,915593,4566816,original,10,encoder_block_10,0.4930312633514404,25,100,100
irrelevant_random_2,irrelevant,random,2,915593,4566816,original,11,encoder_block_11,0.7250698804855347,30,100,100
irrelevant_random_2,irrelevant,random,2,915593,4566816,original,12,encoder_block_12,0.4450546503067016,34,100,100
irrelevant_random_2,irrelevant,random,2,915593,4566816,padded_control,0,embedding,-0.164985179901123,95,100,100
irrelevant_random_2,irrelevant,random,2,915593,4566816,padded_control,1,encoder_block_1,-0.1355910301208496,95,100,100
irrelevant_random_2,irrelevant,random,2,915593,4566816,padded_control,2,encoder_block_2,0.2398300170898437,87,100,100
irrelevant_random_2,irrelevant,random,2,915593,4566816,padded_control,3,encoder_block_3,0.272871732711792,84,100,100
irrelevant_random_2,irrelevant,random,2,915593,4566816,padded_control,4,encoder_block_4,0.3710603713989258,71,100,100
irrelevant_random_2,irrelevant,random,2,915593,4566816,padded_control,5,encoder_block_5,0.4464800357818603,52,100,100
irrelevant_random_2,irrelevant,random,2,915593,4566816,padded_control,6,encoder_block_6,0.3705728054046631,58,100,100
irrelevant_random_2,irrelevant,random,2,915593,4566816,padded_control,7,encoder_block_7,0.4802570343017578,41,100,100
irrelevant_random_2,irrelevant,random,2,915593,4566816,padded_control,8,encoder_block_8,0.6838588714599609,29,100,100
irrelevant_random_2,irrelevant,random,2,915593,4566816,padded_control,9,encoder_block_9,1.04066264629364,10,100,100
irrelevant_random_2,irrelevant,random,2,915593,4566816,padded_control,10,encoder_block_10,0.4941260814666748,25,100,100
irrelevant_random_2,irrelevant,random,2,915593,4566816,padded_control,11,encoder_block_11,0.7245544195175171,30,100,100
irrelevant_random_2,irrelevant,random,2,915593,4566816,padded_control,12,encoder_block_12,0.4858564138412475,34,100,100
irrelevant_random_2,irrelevant,random,2,915593,4566816,attack,0,embedding,-0.2901968955993652,99,100,100
irrelevant_random_2,irrelevant,random,2,915593,4566816,attack,1,encoder_block_1,-0.318321943283081,99,100,100
irrelevant_random_2,irrelevant,random,2,915593,4566816,attack,2,encoder_block_2,-0.0097665786743164,94,100,100
irrelevant_random_2,irrelevant,random,2,915593,4566816,attack,3,encoder_block_3,0.0052297115325927,93,100,100
irrelevant_random_2,irrelevant,random,2,915593,4566816,attack,4,encoder_block_4,0.0462532043457031,93,100,100
irrelevant_random_2,irrelevant,random,2,915593,4566816,attack,5,encoder_block_5,0.1742546558380127,81,100,100
irrelevant_random_2,irrelevant,random,2,915593,4566816,attack,6,encoder_block_6,0.1603904962539672,78,100,100
irrelevant_random_2,irrelevant,random,2,915593,4566816,attack,7,encoder_block_7,0.2708332538604736,58,100,100
irrelevant_random_2,irrelevant,random,2,915593,4566816,attack,8,encoder_block_8,0.4714910984039306,50,100,100
irrelevant_random_2,irrelevant,random,2,915593,4566816,attack,9,encoder_block_9,0.8582197427749634,17,100,100
irrelevant_random_2,irrelevant,random,2,915593,4566816,attack,10,encoder_block_10,0.3662828207015991,28,100,100
irrelevant_random_2,irrelevant,random,2,915593,4566816,attack,11,encoder_block_11,0.6362028121948242,34,100,100
irrelevant_random_2,irrelevant,random,2,915593,4566816,attack,12,encoder_block_12,0.1942363381385803,36,100,100
irrelevant_random_2,irrelevant,random,2,962179,4511501,original,0,embedding,0.9851646423339844,27,100,100
irrelevant_random_2,irrelevant,random,2,962179,4511501,original,1,encoder_block_1,1.0368893146514893,42,100,100
irrelevant_random_2,irrelevant,random,2,962179,4511501,original,2,encoder_block_2,1.1725363731384275,46,100,100
irrelevant_random_2,irrelevant,random,2,962179,4511501,original,3,encoder_block_3,0.9585633277893066,51,100,100
irrelevant_random_2,irrelevant,random,2,962179,4511501,original,4,encoder_block_4,0.7313004732131958,57,100,100
irrelevant_random_2,irrelevant,random,2,962179,4511501,original,5,encoder_block_5,0.4647676944732666,45,100,100
irrelevant_random_2,irrelevant,random,2,962179,4511501,original,6,encoder_block_6,0.4876143932342529,47,100,100
irrelevant_random_2,irrelevant,random,2,962179,4511501,original,7,encoder_block_7,0.4738295078277588,41,100,100
irrelevant_random_2,irrelevant,random,2,962179,4511501,original,8,encoder_block_8,0.4282701015472412,38,100,100
irrelevant_random_2,irrelevant,random,2,962179,4511501,original,9,encoder_block_9,0.1025848388671875,41,100,100
irrelevant_random_2,irrelevant,random,2,962179,4511501,original,10,encoder_block_10,-1.2267677783966064,41,100,100
irrelevant_random_2,irrelevant,random,2,962179,4511501,original,11,encoder_block_11,-4.054971694946289,65,100,100
irrelevant_random_2,irrelevant,random,2,962179,4511501,original,12,encoder_block_12,-12.218341827392578,71,100,100
irrelevant_random_2,irrelevant,random,2,962179,4511501,padded_control,0,embedding,0.9851642847061156,27,100,100
irrelevant_random_2,irrelevant,random,2,962179,4511501,padded_control,1,encoder_block_1,1.035933017730713,42,100,100
irrelevant_random_2,irrelevant,random,2,962179,4511501,padded_control,2,encoder_block_2,1.1785855293273926,46,100,100
irrelevant_random_2,irrelevant,random,2,962179,4511501,padded_control,3,encoder_block_3,0.9703600406646729,50,100,100
irrelevant_random_2,irrelevant,random,2,962179,4511501,padded_control,4,encoder_block_4,0.747546911239624,55,100,100
irrelevant_random_2,irrelevant,random,2,962179,4511501,padded_control,5,encoder_block_5,0.4755232334136963,44,100,100
irrelevant_random_2,irrelevant,random,2,962179,4511501,padded_control,6,encoder_block_6,0.4912645816802978,47,100,100
irrelevant_random_2,irrelevant,random,2,962179,4511501,padded_control,7,encoder_block_7,0.4639172554016113,42,100,100
irrelevant_random_2,irrelevant,random,2,962179,4511501,padded_control,8,encoder_block_8,0.4117209911346435,46,100,100
irrelevant_random_2,irrelevant,random,2,962179,4511501,padded_control,9,encoder_block_9,0.0893638134002685,42,100,100
irrelevant_random_2,irrelevant,random,2,962179,4511501,padded_control,10,encoder_block_10,-1.248094081878662,44,100,100
irrelevant_random_2,irrelevant,random,2,962179,4511501,padded_control,11,encoder_block_11,-4.142073631286621,68,100,100
irrelevant_random_2,irrelevant,random,2,962179,4511501,padded_control,12,encoder_block_12,-12.23965835571289,71,100,100
irrelevant_random_2,irrelevant,random,2,962179,4511501,attack,0,embedding,0.8029940128326416,43,100,100
irrelevant_random_2,irrelevant,random,2,962179,4511501,attack,1,encoder_block_1,0.5308539867401123,73,100,100
irrelevant_random_2,irrelevant,random,2,962179,4511501,attack,2,encoder_block_2,0.7655410766601562,68,100,100
irrelevant_random_2,irrelevant,random,2,962179,4511501,attack,3,encoder_block_3,0.5466269254684448,75,100,100
irrelevant_random_2,irrelevant,random,2,962179,4511501,attack,4,encoder_block_4,0.3414366245269775,79,100,100
irrelevant_random_2,irrelevant,random,2,962179,4511501,attack,5,encoder_block_5,0.1275603771209716,72,100,100
irrelevant_random_2,irrelevant,random,2,962179,4511501,attack,6,encoder_block_6,0.2216488122940063,72,100,100
irrelevant_random_2,irrelevant,random,2,962179,4511501,attack,7,encoder_block_7,0.2537325620651245,61,100,100
irrelevant_random_2,irrelevant,random,2,962179,4511501,attack,8,encoder_block_8,0.3076517581939697,57,100,100
irrelevant_random_2,irrelevant,random,2,962179,4511501,attack,9,encoder_block_9,0.0544980764389038,46,100,100
irrelevant_random_2,irrelevant,random,2,962179,4511501,attack,10,encoder_block_10,-1.285717248916626,47,100,100
irrelevant_random_2,irrelevant,random,2,962179,4511501,attack,11,encoder_block_11,-4.301752090454102,73,100,100
irrelevant_random_2,irrelevant,random,2,962179,4511501,attack,12,encoder_block_12,-12.318307876586914,74,100,100
irrelevant_random_2,irrelevant,random,2,1037798,8760864,original,0,embedding,0.7303557395935059,53,100,100
irrelevant_random_2,irrelevant,random,2,1037798,8760864,original,1,encoder_block_1,0.9469332695007324,26,100,100
irrelevant_random_2,irrelevant,random,2,1037798,8760864,original,2,encoder_block_2,0.938840627670288,44,100,100
irrelevant_random_2,irrelevant,random,2,1037798,8760864,original,3,encoder_block_3,0.7089104652404785,37,100,100
irrelevant_random_2,irrelevant,random,2,1037798,8760864,original,4,encoder_block_4,0.5630388259887695,45,100,100
irrelevant_random_2,irrelevant,random,2,1037798,8760864,original,5,encoder_block_5,0.5692088603973389,33,100,100
irrelevant_random_2,irrelevant,random,2,1037798,8760864,original,6,encoder_block_6,0.6406629085540771,36,100,100
irrelevant_random_2,irrelevant,random,2,1037798,8760864,original,7,encoder_block_7,0.7611713409423828,20,100,100
irrelevant_random_2,irrelevant,random,2,1037798,8760864,original,8,encoder_block_8,0.871514081954956,19,100,100
irrelevant_random_2,irrelevant,random,2,1037798,8760864,original,9,encoder_block_9,1.0296305418014526,24,100,100
irrelevant_random_2,irrelevant,random,2,1037798,8760864,original,10,encoder_block_10,0.950800895690918,17,100,100
irrelevant_random_2,irrelevant,random,2,1037798,8760864,original,11,encoder_block_11,1.704943060874939,8,100,100
irrelevant_random_2,irrelevant,random,2,1037798,8760864,original,12,encoder_block_12,2.394439935684204,8,100,100
irrelevant_random_2,irrelevant,random,2,1037798,8760864,padded_control,0,embedding,0.7303552627563477,53,100,100
irrelevant_random_2,irrelevant,random,2,1037798,8760864,padded_control,1,encoder_block_1,0.9530470371246338,26,100,100
irrelevant_random_2,irrelevant,random,2,1037798,8760864,padded_control,2,encoder_block_2,0.9465112686157228,42,100,100
irrelevant_random_2,irrelevant,random,2,1037798,8760864,padded_control,3,encoder_block_3,0.716620683670044,37,100,100
irrelevant_random_2,irrelevant,random,2,1037798,8760864,padded_control,4,encoder_block_4,0.5717651844024658,42,100,100
irrelevant_random_2,irrelevant,random,2,1037798,8760864,padded_control,5,encoder_block_5,0.569782018661499,33,100,100
irrelevant_random_2,irrelevant,random,2,1037798,8760864,padded_control,6,encoder_block_6,0.6425139904022217,36,100,100
irrelevant_random_2,irrelevant,random,2,1037798,8760864,padded_control,7,encoder_block_7,0.7527322769165039,20,100,100
irrelevant_random_2,irrelevant,random,2,1037798,8760864,padded_control,8,encoder_block_8,0.8714394569396973,19,100,100
irrelevant_random_2,irrelevant,random,2,1037798,8760864,padded_control,9,encoder_block_9,1.0231481790542605,24,100,100
irrelevant_random_2,irrelevant,random,2,1037798,8760864,padded_control,10,encoder_block_10,0.9577434062957764,15,100,100
irrelevant_random_2,irrelevant,random,2,1037798,8760864,padded_control,11,encoder_block_11,1.7223740816116333,8,100,100
irrelevant_random_2,irrelevant,random,2,1037798,8760864,padded_control,12,encoder_block_12,2.4352540969848637,8,100,100
irrelevant_random_2,irrelevant,random,2,1037798,8760864,attack,0,embedding,0.5797526836395264,62,100,100
irrelevant_random_2,irrelevant,random,2,1037798,8760864,attack,1,encoder_block_1,0.5435891151428223,63,100,100
irrelevant_random_2,irrelevant,random,2,1037798,8760864,attack,2,encoder_block_2,0.5577278137207031,73,100,100
irrelevant_random_2,irrelevant,random,2,1037798,8760864,attack,3,encoder_block_3,0.3561477661132812,79,100,100
irrelevant_random_2,irrelevant,random,2,1037798,8760864,attack,4,encoder_block_4,0.2368452548980713,83,100,100
irrelevant_random_2,irrelevant,random,2,1037798,8760864,attack,5,encoder_block_5,0.2650535106658935,68,100,100
irrelevant_random_2,irrelevant,random,2,1037798,8760864,attack,6,encoder_block_6,0.3231585025787353,78,100,100
irrelevant_random_2,irrelevant,random,2,1037798,8760864,attack,7,encoder_block_7,0.4586730003356933,50,100,100
irrelevant_random_2,irrelevant,random,2,1037798,8760864,attack,8,encoder_block_8,0.6258831024169922,45,100,100
irrelevant_random_2,irrelevant,random,2,1037798,8760864,attack,9,encoder_block_9,0.776016354560852,51,100,100
irrelevant_random_2,irrelevant,random,2,1037798,8760864,attack,10,encoder_block_10,0.7902212142944336,26,100,100
irrelevant_random_2,irrelevant,random,2,1037798,8760864,attack,11,encoder_block_11,1.546365737915039,10,100,100
irrelevant_random_2,irrelevant,random,2,1037798,8760864,attack,12,encoder_block_12,2.3491024374961853,8,100,100
irrelevant_random_2,irrelevant,random,2,104861,409268,original,0,embedding,0.5991559028625488,78,100,100
irrelevant_random_2,irrelevant,random,2,104861,409268,original,1,encoder_block_1,0.8868560791015625,61,100,100
irrelevant_random_2,irrelevant,random,2,104861,409268,original,2,encoder_block_2,0.9116034507751464,79,100,100
irrelevant_random_2,irrelevant,random,2,104861,409268,original,3,encoder_block_3,0.8460087776184082,82,100,100
irrelevant_random_2,irrelevant,random,2,104861,409268,original,4,encoder_block_4,0.7598123550415039,93,100,100
irrelevant_random_2,irrelevant,random,2,104861,409268,original,5,encoder_block_5,0.8122644424438477,86,100,100
irrelevant_random_2,irrelevant,random,2,104861,409268,original,6,encoder_block_6,0.7597167491912842,86,100,100
irrelevant_random_2,irrelevant,random,2,104861,409268,original,7,encoder_block_7,0.6356039047241211,85,100,100
irrelevant_random_2,irrelevant,random,2,104861,409268,original,8,encoder_block_8,0.5618946552276611,84,100,100
irrelevant_random_2,irrelevant,random,2,104861,409268,original,9,encoder_block_9,0.4007747173309326,90,100,100
irrelevant_random_2,irrelevant,random,2,104861,409268,original,10,encoder_block_10,-1.1306967735290527,90,100,100
irrelevant_random_2,irrelevant,random,2,104861,409268,original,11,encoder_block_11,-2.110466480255127,67,100,100
irrelevant_random_2,irrelevant,random,2,104861,409268,original,12,encoder_block_12,-9.888593673706056,42,100,100
irrelevant_random_2,irrelevant,random,2,104861,409268,padded_control,0,embedding,0.5991559028625488,78,100,100
irrelevant_random_2,irrelevant,random,2,104861,409268,padded_control,1,encoder_block_1,0.8872566223144531,61,100,100
irrelevant_random_2,irrelevant,random,2,104861,409268,padded_control,2,encoder_block_2,0.9167628288269044,79,100,100
irrelevant_random_2,irrelevant,random,2,104861,409268,padded_control,3,encoder_block_3,0.8581342697143555,79,100,100
irrelevant_random_2,irrelevant,random,2,104861,409268,padded_control,4,encoder_block_4,0.7734441757202148,93,100,100
irrelevant_random_2,irrelevant,random,2,104861,409268,padded_control,5,encoder_block_5,0.8250446319580078,86,100,100
irrelevant_random_2,irrelevant,random,2,104861,409268,padded_control,6,encoder_block_6,0.7671904563903809,86,100,100
irrelevant_random_2,irrelevant,random,2,104861,409268,padded_control,7,encoder_block_7,0.6376214027404785,85,100,100
irrelevant_random_2,irrelevant,random,2,104861,409268,padded_control,8,encoder_block_8,0.5653023719787598,83,100,100
irrelevant_random_2,irrelevant,random,2,104861,409268,padded_control,9,encoder_block_9,0.409797191619873,90,100,100
irrelevant_random_2,irrelevant,random,2,104861,409268,padded_control,10,encoder_block_10,-1.1156327724456787,89,100,100
irrelevant_random_2,irrelevant,random,2,104861,409268,padded_control,11,encoder_block_11,-2.086923599243164,67,100,100
irrelevant_random_2,irrelevant,random,2,104861,409268,padded_control,12,encoder_block_12,-9.816400527954102,41,100,100
irrelevant_random_2,irrelevant,random,2,104861,409268,attack,0,embedding,0.4361953735351562,86,100,100
irrelevant_random_2,irrelevant,random,2,104861,409268,attack,1,encoder_block_1,0.5431485176086426,87,100,100
irrelevant_random_2,irrelevant,random,2,104861,409268,attack,2,encoder_block_2,0.5702385902404785,94,100,100
irrelevant_random_2,irrelevant,random,2,104861,409268,attack,3,encoder_block_3,0.4986658096313476,96,100,100
irrelevant_random_2,irrelevant,random,2,104861,409268,attack,4,encoder_block_4,0.4539370536804199,99,100,100
irrelevant_random_2,irrelevant,random,2,104861,409268,attack,5,encoder_block_5,0.4795761108398437,97,100,100
irrelevant_random_2,irrelevant,random,2,104861,409268,attack,6,encoder_block_6,0.4664022922515869,95,100,100
irrelevant_random_2,irrelevant,random,2,104861,409268,attack,7,encoder_block_7,0.3553910255432129,94,100,100
irrelevant_random_2,irrelevant,random,2,104861,409268,attack,8,encoder_block_8,0.3642075061798095,92,100,100
irrelevant_random_2,irrelevant,random,2,104861,409268,attack,9,encoder_block_9,0.3067734241485595,92,100,100
irrelevant_random_2,irrelevant,random,2,104861,409268,attack,10,encoder_block_10,-1.1121973991394043,89,100,100
irrelevant_random_2,irrelevant,random,2,104861,409268,attack,11,encoder_block_11,-2.1843485832214355,70,100,100
irrelevant_random_2,irrelevant,random,2,104861,409268,attack,12,encoder_block_12,-9.911794662475586,43,100,100
irrelevant_random_2,irrelevant,random,2,1063750,6093907,original,0,embedding,0.4097535610198974,68,100,100
irrelevant_random_2,irrelevant,random,2,1063750,6093907,original,1,encoder_block_1,-0.0390677452087402,83,100,100
irrelevant_random_2,irrelevant,random,2,1063750,6093907,original,2,encoder_block_2,0.1466982364654541,77,100,100
irrelevant_random_2,irrelevant,random,2,1063750,6093907,original,3,encoder_block_3,0.3093795776367187,50,100,100
irrelevant_random_2,irrelevant,random,2,1063750,6093907,original,4,encoder_block_4,0.4017417430877685,43,100,100
irrelevant_random_2,irrelevant,random,2,1063750,6093907,original,5,encoder_block_5,0.5072712898254395,36,100,100
irrelevant_random_2,irrelevant,random,2,1063750,6093907,original,6,encoder_block_6,0.5528913736343384,33,100,100
irrelevant_random_2,irrelevant,random,2,1063750,6093907,original,7,encoder_block_7,0.6627411842346191,26,100,100
irrelevant_random_2,irrelevant,random,2,1063750,6093907,original,8,encoder_block_8,0.5001193284988403,39,100,100
irrelevant_random_2,irrelevant,random,2,1063750,6093907,original,9,encoder_block_9,0.400435209274292,44,100,100
irrelevant_random_2,irrelevant,random,2,1063750,6093907,original,10,encoder_block_10,0.4318147897720337,21,100,100
irrelevant_random_2,irrelevant,random,2,1063750,6093907,original,11,encoder_block_11,0.8387397527694702,12,100,100
irrelevant_random_2,irrelevant,random,2,1063750,6093907,original,12,encoder_block_12,0.0963659286499023,14,100,100
irrelevant_random_2,irrelevant,random,2,1063750,6093907,padded_control,0,embedding,0.4097528457641601,68,100,100
irrelevant_random_2,irrelevant,random,2,1063750,6093907,padded_control,1,encoder_block_1,-0.0352067947387695,82,100,100
irrelevant_random_2,irrelevant,random,2,1063750,6093907,padded_control,2,encoder_block_2,0.1523408889770507,77,100,100
irrelevant_random_2,irrelevant,random,2,1063750,6093907,padded_control,3,encoder_block_3,0.3143110275268554,50,100,100
irrelevant_random_2,irrelevant,random,2,1063750,6093907,padded_control,4,encoder_block_4,0.4052975177764892,43,100,100
irrelevant_random_2,irrelevant,random,2,1063750,6093907,padded_control,5,encoder_block_5,0.5120704174041748,36,100,100
irrelevant_random_2,irrelevant,random,2,1063750,6093907,padded_control,6,encoder_block_6,0.5557581186294556,33,100,100
irrelevant_random_2,irrelevant,random,2,1063750,6093907,padded_control,7,encoder_block_7,0.6621265411376953,26,100,100
irrelevant_random_2,irrelevant,random,2,1063750,6093907,padded_control,8,encoder_block_8,0.5016759634017944,39,100,100
irrelevant_random_2,irrelevant,random,2,1063750,6093907,padded_control,9,encoder_block_9,0.392208456993103,45,100,100
irrelevant_random_2,irrelevant,random,2,1063750,6093907,padded_control,10,encoder_block_10,0.4295120239257812,21,100,100
irrelevant_random_2,irrelevant,random,2,1063750,6093907,padded_control,11,encoder_block_11,0.8544019460678101,12,100,100
irrelevant_random_2,irrelevant,random,2,1063750,6093907,padded_control,12,encoder_block_12,0.1564699411392212,14,100,100
irrelevant_random_2,irrelevant,random,2,1063750,6093907,attack,0,embedding,0.2675299644470215,83,100,100
irrelevant_random_2,irrelevant,random,2,1063750,6093907,attack,1,encoder_block_1,-0.2677383422851562,95,100,100
irrelevant_random_2,irrelevant,random,2,1063750,6093907,attack,2,encoder_block_2,-0.0761260986328125,91,100,100
irrelevant_random_2,irrelevant,random,2,1063750,6093907,attack,3,encoder_block_3,0.0961427688598632,77,100,100
irrelevant_random_2,irrelevant,random,2,1063750,6093907,attack,4,encoder_block_4,0.1944713592529297,61,100,100
irrelevant_random_2,irrelevant,random,2,1063750,6093907,attack,5,encoder_block_5,0.3494675159454345,47,100,100
irrelevant_random_2,irrelevant,random,2,1063750,6093907,attack,6,encoder_block_6,0.4171720743179321,44,100,100
irrelevant_random_2,irrelevant,random,2,1063750,6093907,attack,7,encoder_block_7,0.5405977964401245,33,100,100
irrelevant_random_2,irrelevant,random,2,1063750,6093907,attack,8,encoder_block_8,0.4264358282089233,42,100,100
irrelevant_random_2,irrelevant,random,2,1063750,6093907,attack,9,encoder_block_9,0.3162665963172912,52,100,100
irrelevant_random_2,irrelevant,random,2,1063750,6093907,attack,10,encoder_block_10,0.4087491035461426,21,100,100
irrelevant_random_2,irrelevant,random,2,1063750,6093907,attack,11,encoder_block_11,0.8757955431938171,12,100,100
irrelevant_random_2,irrelevant,random,2,1063750,6093907,attack,12,encoder_block_12,0.3324021100997925,14,100,100
irrelevant_random_2,irrelevant,random,2,1103812,8220085,original,0,embedding,0.9230751991271972,36,100,100
irrelevant_random_2,irrelevant,random,2,1103812,8220085,original,1,encoder_block_1,0.7247791290283203,27,100,100
irrelevant_random_2,irrelevant,random,2,1103812,8220085,original,2,encoder_block_2,0.7561402320861816,33,100,100
irrelevant_random_2,irrelevant,random,2,1103812,8220085,original,3,encoder_block_3,0.5901646614074707,30,100,100
irrelevant_random_2,irrelevant,random,2,1103812,8220085,original,4,encoder_block_4,0.504183292388916,27,100,100
irrelevant_random_2,irrelevant,random,2,1103812,8220085,original,5,encoder_block_5,0.4698984622955322,22,100,100
irrelevant_random_2,irrelevant,random,2,1103812,8220085,original,6,encoder_block_6,0.4955623149871826,29,100,100
irrelevant_random_2,irrelevant,random,2,1103812,8220085,original,7,encoder_block_7,0.5572690963745117,27,100,100
irrelevant_random_2,irrelevant,random,2,1103812,8220085,original,8,encoder_block_8,0.6289103031158447,21,100,100
irrelevant_random_2,irrelevant,random,2,1103812,8220085,original,9,encoder_block_9,0.7252311706542969,6,100,100
irrelevant_random_2,irrelevant,random,2,1103812,8220085,original,10,encoder_block_10,0.917356014251709,1,100,100
irrelevant_random_2,irrelevant,random,2,1103812,8220085,original,11,encoder_block_11,2.2196249961853027,1,100,100
irrelevant_random_2,irrelevant,random,2,1103812,8220085,original,12,encoder_block_12,4.186270713806152,2,100,100
irrelevant_random_2,irrelevant,random,2,1103812,8220085,padded_control,0,embedding,0.9230751991271972,36,100,100
irrelevant_random_2,irrelevant,random,2,1103812,8220085,padded_control,1,encoder_block_1,0.7285265922546387,27,100,100
irrelevant_random_2,irrelevant,random,2,1103812,8220085,padded_control,2,encoder_block_2,0.7590608596801758,33,100,100
irrelevant_random_2,irrelevant,random,2,1103812,8220085,padded_control,3,encoder_block_3,0.595179557800293,30,100,100
irrelevant_random_2,irrelevant,random,2,1103812,8220085,padded_control,4,encoder_block_4,0.5063018798828125,27,100,100
irrelevant_random_2,irrelevant,random,2,1103812,8220085,padded_control,5,encoder_block_5,0.4684739112854004,22,100,100
irrelevant_random_2,irrelevant,random,2,1103812,8220085,padded_control,6,encoder_block_6,0.4934263229370117,29,100,100
irrelevant_random_2,irrelevant,random,2,1103812,8220085,padded_control,7,encoder_block_7,0.5543720722198486,27,100,100
irrelevant_random_2,irrelevant,random,2,1103812,8220085,padded_control,8,encoder_block_8,0.6247620582580566,21,100,100
irrelevant_random_2,irrelevant,random,2,1103812,8220085,padded_control,9,encoder_block_9,0.7190592288970947,6,100,100
irrelevant_random_2,irrelevant,random,2,1103812,8220085,padded_control,10,encoder_block_10,0.9102349281311036,2,100,100
irrelevant_random_2,irrelevant,random,2,1103812,8220085,padded_control,11,encoder_block_11,2.212197780609131,1,100,100
irrelevant_random_2,irrelevant,random,2,1103812,8220085,padded_control,12,encoder_block_12,4.189370155334473,2,100,100
irrelevant_random_2,irrelevant,random,2,1103812,8220085,attack,0,embedding,0.8029141426086426,49,100,100
irrelevant_random_2,irrelevant,random,2,1103812,8220085,attack,1,encoder_block_1,0.5091094970703125,57,100,100
irrelevant_random_2,irrelevant,random,2,1103812,8220085,attack,2,encoder_block_2,0.5101995468139648,64,100,100
irrelevant_random_2,irrelevant,random,2,1103812,8220085,attack,3,encoder_block_3,0.3627111911773681,65,100,100
irrelevant_random_2,irrelevant,random,2,1103812,8220085,attack,4,encoder_block_4,0.2582278251647949,56,100,100
irrelevant_random_2,irrelevant,random,2,1103812,8220085,attack,5,encoder_block_5,0.2393991947174072,45,100,100
irrelevant_random_2,irrelevant,random,2,1103812,8220085,attack,6,encoder_block_6,0.2835032939910888,48,100,100
irrelevant_random_2,irrelevant,random,2,1103812,8220085,attack,7,encoder_block_7,0.416086196899414,36,100,100
irrelevant_random_2,irrelevant,random,2,1103812,8220085,attack,8,encoder_block_8,0.4999382495880127,28,100,100
irrelevant_random_2,irrelevant,random,2,1103812,8220085,attack,9,encoder_block_9,0.614537239074707,13,100,100
irrelevant_random_2,irrelevant,random,2,1103812,8220085,attack,10,encoder_block_10,0.8527576923370361,2,100,100
irrelevant_random_2,irrelevant,random,2,1103812,8220085,attack,11,encoder_block_11,2.14832067489624,1,100,100
irrelevant_random_2,irrelevant,random,2,1103812,8220085,attack,12,encoder_block_12,4.198061943054199,2,100,100
irrelevant_random_2,irrelevant,random,2,1106007,5836920,original,0,embedding,0.3232474327087402,44,100,100
irrelevant_random_2,irrelevant,random,2,1106007,5836920,original,1,encoder_block_1,-0.0496785640716552,65,100,100
irrelevant_random_2,irrelevant,random,2,1106007,5836920,original,2,encoder_block_2,0.1526193618774414,55,100,100
irrelevant_random_2,irrelevant,random,2,1106007,5836920,original,3,encoder_block_3,0.1941337585449218,48,100,100
irrelevant_random_2,irrelevant,random,2,1106007,5836920,original,4,encoder_block_4,0.3286387920379638,53,100,100
irrelevant_random_2,irrelevant,random,2,1106007,5836920,original,5,encoder_block_5,0.230604887008667,59,100,100
irrelevant_random_2,irrelevant,random,2,1106007,5836920,original,6,encoder_block_6,0.279259443283081,56,100,100
irrelevant_random_2,irrelevant,random,2,1106007,5836920,original,7,encoder_block_7,0.2790360450744629,62,100,100
irrelevant_random_2,irrelevant,random,2,1106007,5836920,original,8,encoder_block_8,0.3525052070617676,67,100,100
irrelevant_random_2,irrelevant,random,2,1106007,5836920,original,9,encoder_block_9,0.6893398761749268,51,100,100
irrelevant_random_2,irrelevant,random,2,1106007,5836920,original,10,encoder_block_10,0.8899359703063965,35,100,100
irrelevant_random_2,irrelevant,random,2,1106007,5836920,original,11,encoder_block_11,1.0787949562072754,28,100,100
irrelevant_random_2,irrelevant,random,2,1106007,5836920,original,12,encoder_block_12,-2.906157732009888,29,100,100
irrelevant_random_2,irrelevant,random,2,1106007,5836920,padded_control,0,embedding,0.3232476711273193,44,100,100
irrelevant_random_2,irrelevant,random,2,1106007,5836920,padded_control,1,encoder_block_1,-0.0484449863433837,65,100,100
irrelevant_random_2,irrelevant,random,2,1106007,5836920,padded_control,2,encoder_block_2,0.1489462852478027,55,100,100
irrelevant_random_2,irrelevant,random,2,1106007,5836920,padded_control,3,encoder_block_3,0.1920394897460937,48,100,100
irrelevant_random_2,irrelevant,random,2,1106007,5836920,padded_control,4,encoder_block_4,0.3226475715637207,53,100,100
irrelevant_random_2,irrelevant,random,2,1106007,5836920,padded_control,5,encoder_block_5,0.2253797054290771,59,100,100
irrelevant_random_2,irrelevant,random,2,1106007,5836920,padded_control,6,encoder_block_6,0.2715976238250732,56,100,100
irrelevant_random_2,irrelevant,random,2,1106007,5836920,padded_control,7,encoder_block_7,0.2751328945159912,62,100,100
irrelevant_random_2,irrelevant,random,2,1106007,5836920,padded_control,8,encoder_block_8,0.348487377166748,67,100,100
irrelevant_random_2,irrelevant,random,2,1106007,5836920,padded_control,9,encoder_block_9,0.6895542144775391,51,100,100
irrelevant_random_2,irrelevant,random,2,1106007,5836920,padded_control,10,encoder_block_10,0.8951420783996582,34,100,100
irrelevant_random_2,irrelevant,random,2,1106007,5836920,padded_control,11,encoder_block_11,1.1097588539123535,28,100,100
irrelevant_random_2,irrelevant,random,2,1106007,5836920,padded_control,12,encoder_block_12,-2.85385537147522,29,100,100
irrelevant_random_2,irrelevant,random,2,1106007,5836920,attack,0,embedding,0.0388796329498291,74,100,100
irrelevant_random_2,irrelevant,random,2,1106007,5836920,attack,1,encoder_block_1,-0.4572367668151855,85,100,100
irrelevant_random_2,irrelevant,random,2,1106007,5836920,attack,2,encoder_block_2,-0.3277835845947265,90,100,100
irrelevant_random_2,irrelevant,random,2,1106007,5836920,attack,3,encoder_block_3,-0.2382421493530273,86,100,100
irrelevant_random_2,irrelevant,random,2,1106007,5836920,attack,4,encoder_block_4,-0.080240249633789,81,100,100
irrelevant_random_2,irrelevant,random,2,1106007,5836920,attack,5,encoder_block_5,-0.0971534252166748,83,100,100
irrelevant_random_2,irrelevant,random,2,1106007,5836920,attack,6,encoder_block_6,0.009758710861206,84,100,100
irrelevant_random_2,irrelevant,random,2,1106007,5836920,attack,7,encoder_block_7,0.02433443069458,79,100,100
irrelevant_random_2,irrelevant,random,2,1106007,5836920,attack,8,encoder_block_8,0.198707103729248,76,100,100
irrelevant_random_2,irrelevant,random,2,1106007,5836920,attack,9,encoder_block_9,0.5331821441650391,66,100,100
irrelevant_random_2,irrelevant,random,2,1106007,5836920,attack,10,encoder_block_10,0.8106663227081299,45,100,100
irrelevant_random_2,irrelevant,random,2,1106007,5836920,attack,11,encoder_block_11,1.027441143989563,29,100,100
irrelevant_random_2,irrelevant,random,2,1106007,5836920,attack,12,encoder_block_12,-2.7759716510772705,29,100,100
irrelevant_random_2,irrelevant,random,2,1110199,398442,original,0,embedding,1.9492440223693848,12,100,100
irrelevant_random_2,irrelevant,random,2,1110199,398442,original,1,encoder_block_1,1.669599533081055,36,100,100
irrelevant_random_2,irrelevant,random,2,1110199,398442,original,2,encoder_block_2,1.6492743492126465,51,100,100
irrelevant_random_2,irrelevant,random,2,1110199,398442,original,3,encoder_block_3,1.6156578063964844,39,100,100
irrelevant_random_2,irrelevant,random,2,1110199,398442,original,4,encoder_block_4,1.5761513710021973,51,100,100
irrelevant_random_2,irrelevant,random,2,1110199,398442,original,5,encoder_block_5,1.2734811305999756,79,100,100
irrelevant_random_2,irrelevant,random,2,1110199,398442,original,6,encoder_block_6,1.183363437652588,83,100,100
irrelevant_random_2,irrelevant,random,2,1110199,398442,original,7,encoder_block_7,1.0405066013336182,90,100,100
irrelevant_random_2,irrelevant,random,2,1110199,398442,original,8,encoder_block_8,0.8472667932510376,99,100,100
irrelevant_random_2,irrelevant,random,2,1110199,398442,original,9,encoder_block_9,0.7435391545295715,100,100,100
irrelevant_random_2,irrelevant,random,2,1110199,398442,original,10,encoder_block_10,0.0885074734687805,87,100,100
irrelevant_random_2,irrelevant,random,2,1110199,398442,original,11,encoder_block_11,-1.476323127746582,63,100,100
irrelevant_random_2,irrelevant,random,2,1110199,398442,original,12,encoder_block_12,-11.19942569732666,43,100,100
irrelevant_random_2,irrelevant,random,2,1110199,398442,padded_control,0,embedding,1.9492440223693848,12,100,100
irrelevant_random_2,irrelevant,random,2,1110199,398442,padded_control,1,encoder_block_1,1.6645259857177734,37,100,100
irrelevant_random_2,irrelevant,random,2,1110199,398442,padded_control,2,encoder_block_2,1.6459836959838867,51,100,100
irrelevant_random_2,irrelevant,random,2,1110199,398442,padded_control,3,encoder_block_3,1.618732452392578,39,100,100
irrelevant_random_2,irrelevant,random,2,1110199,398442,padded_control,4,encoder_block_4,1.5801472663879397,51,100,100
irrelevant_random_2,irrelevant,random,2,1110199,398442,padded_control,5,encoder_block_5,1.278270244598389,79,100,100
irrelevant_random_2,irrelevant,random,2,1110199,398442,padded_control,6,encoder_block_6,1.1929279565811155,82,100,100
irrelevant_random_2,irrelevant,random,2,1110199,398442,padded_control,7,encoder_block_7,1.054780125617981,90,100,100
irrelevant_random_2,irrelevant,random,2,1110199,398442,padded_control,8,encoder_block_8,0.8653695583343506,98,100,100
irrelevant_random_2,irrelevant,random,2,1110199,398442,padded_control,9,encoder_block_9,0.7545700669288635,100,100,100
irrelevant_random_2,irrelevant,random,2,1110199,398442,padded_control,10,encoder_block_10,0.0979340076446533,86,100,100
irrelevant_random_2,irrelevant,random,2,1110199,398442,padded_control,11,encoder_block_11,-1.4238824844360352,62,100,100
irrelevant_random_2,irrelevant,random,2,1110199,398442,padded_control,12,encoder_block_12,-11.341922760009766,45,100,100
irrelevant_random_2,irrelevant,random,2,1110199,398442,attack,0,embedding,1.7957220077514648,16,100,100
irrelevant_random_2,irrelevant,random,2,1110199,398442,attack,1,encoder_block_1,1.365426540374756,64,100,100
irrelevant_random_2,irrelevant,random,2,1110199,398442,attack,2,encoder_block_2,1.155994892120361,90,100,100
irrelevant_random_2,irrelevant,random,2,1110199,398442,attack,3,encoder_block_3,1.1412358283996582,89,100,100
irrelevant_random_2,irrelevant,random,2,1110199,398442,attack,4,encoder_block_4,1.1266789436340332,91,100,100
irrelevant_random_2,irrelevant,random,2,1110199,398442,attack,5,encoder_block_5,0.9474427700042723,95,100,100
irrelevant_random_2,irrelevant,random,2,1110199,398442,attack,6,encoder_block_6,0.8941709995269775,96,100,100
irrelevant_random_2,irrelevant,random,2,1110199,398442,attack,7,encoder_block_7,0.7690439224243164,98,100,100
irrelevant_random_2,irrelevant,random,2,1110199,398442,attack,8,encoder_block_8,0.6502675414085388,100,100,100
irrelevant_random_2,irrelevant,random,2,1110199,398442,attack,9,encoder_block_9,0.6265586018562317,100,100,100
irrelevant_random_2,irrelevant,random,2,1110199,398442,attack,10,encoder_block_10,0.080394834280014,88,100,100
irrelevant_random_2,irrelevant,random,2,1110199,398442,attack,11,encoder_block_11,-1.3053961396217346,61,100,100
irrelevant_random_2,irrelevant,random,2,1110199,398442,attack,12,encoder_block_12,-11.135625839233398,42,100,100
irrelevant_random_2,irrelevant,random,2,1112341,2096429,original,0,embedding,0.7273681163787842,66,100,100
irrelevant_random_2,irrelevant,random,2,1112341,2096429,original,1,encoder_block_1,0.996849775314331,49,100,100
irrelevant_random_2,irrelevant,random,2,1112341,2096429,original,2,encoder_block_2,1.047372341156006,56,100,100
irrelevant_random_2,irrelevant,random,2,1112341,2096429,original,3,encoder_block_3,1.038649559020996,52,100,100
irrelevant_random_2,irrelevant,random,2,1112341,2096429,original,4,encoder_block_4,1.1595208644866943,48,100,100
irrelevant_random_2,irrelevant,random,2,1112341,2096429,original,5,encoder_block_5,1.0893104076385498,58,100,100
irrelevant_random_2,irrelevant,random,2,1112341,2096429,original,6,encoder_block_6,1.1442320346832275,49,100,100
irrelevant_random_2,irrelevant,random,2,1112341,2096429,original,7,encoder_block_7,1.063668727874756,59,100,100
irrelevant_random_2,irrelevant,random,2,1112341,2096429,original,8,encoder_block_8,1.1163320541381836,57,100,100
irrelevant_random_2,irrelevant,random,2,1112341,2096429,original,9,encoder_block_9,1.117256760597229,46,100,100
irrelevant_random_2,irrelevant,random,2,1112341,2096429,original,10,encoder_block_10,-0.4381673336029053,73,100,100
irrelevant_random_2,irrelevant,random,2,1112341,2096429,original,11,encoder_block_11,-3.6580777168273926,74,100,100
irrelevant_random_2,irrelevant,random,2,1112341,2096429,original,12,encoder_block_12,-12.837587356567385,72,100,100
irrelevant_random_2,irrelevant,random,2,1112341,2096429,padded_control,0,embedding,0.7273678779602051,66,100,100
irrelevant_random_2,irrelevant,random,2,1112341,2096429,padded_control,1,encoder_block_1,0.9969532489776612,49,100,100
irrelevant_random_2,irrelevant,random,2,1112341,2096429,padded_control,2,encoder_block_2,1.052377700805664,55,100,100
irrelevant_random_2,irrelevant,random,2,1112341,2096429,padded_control,3,encoder_block_3,1.0472412109375,49,100,100
irrelevant_random_2,irrelevant,random,2,1112341,2096429,padded_control,4,encoder_block_4,1.1689445972442627,48,100,100
irrelevant_random_2,irrelevant,random,2,1112341,2096429,padded_control,5,encoder_block_5,1.0932927131652832,56,100,100
irrelevant_random_2,irrelevant,random,2,1112341,2096429,padded_control,6,encoder_block_6,1.1406128406524658,49,100,100
irrelevant_random_2,irrelevant,random,2,1112341,2096429,padded_control,7,encoder_block_7,1.0643516778945925,59,100,100
irrelevant_random_2,irrelevant,random,2,1112341,2096429,padded_control,8,encoder_block_8,1.117160081863403,57,100,100
irrelevant_random_2,irrelevant,random,2,1112341,2096429,padded_control,9,encoder_block_9,1.1125483512878418,47,100,100
irrelevant_random_2,irrelevant,random,2,1112341,2096429,padded_control,10,encoder_block_10,-0.4490033388137817,73,100,100
irrelevant_random_2,irrelevant,random,2,1112341,2096429,padded_control,11,encoder_block_11,-3.694662094116211,74,100,100
irrelevant_random_2,irrelevant,random,2,1112341,2096429,padded_control,12,encoder_block_12,-12.853382110595703,73,100,100
irrelevant_random_2,irrelevant,random,2,1112341,2096429,attack,0,embedding,0.6250171661376953,79,100,100
irrelevant_random_2,irrelevant,random,2,1112341,2096429,attack,1,encoder_block_1,0.671363353729248,81,100,100
irrelevant_random_2,irrelevant,random,2,1112341,2096429,attack,2,encoder_block_2,0.7130489349365234,84,100,100
irrelevant_random_2,irrelevant,random,2,1112341,2096429,attack,3,encoder_block_3,0.7525529861450195,81,100,100
irrelevant_random_2,irrelevant,random,2,1112341,2096429,attack,4,encoder_block_4,0.872828483581543,76,100,100
irrelevant_random_2,irrelevant,random,2,1112341,2096429,attack,5,encoder_block_5,0.7850005626678467,84,100,100
irrelevant_random_2,irrelevant,random,2,1112341,2096429,attack,6,encoder_block_6,0.8510118722915649,82,100,100
irrelevant_random_2,irrelevant,random,2,1112341,2096429,attack,7,encoder_block_7,0.8776353597640991,77,100,100
irrelevant_random_2,irrelevant,random,2,1112341,2096429,attack,8,encoder_block_8,1.0057202577590942,64,100,100
irrelevant_random_2,irrelevant,random,2,1112341,2096429,attack,9,encoder_block_9,1.065455198287964,53,100,100
irrelevant_random_2,irrelevant,random,2,1112341,2096429,attack,10,encoder_block_10,-0.4446307420730591,73,100,100
irrelevant_random_2,irrelevant,random,2,1112341,2096429,attack,11,encoder_block_11,-3.893321990966797,74,100,100
irrelevant_random_2,irrelevant,random,2,1112341,2096429,attack,12,encoder_block_12,-12.792068481445312,71,100,100
irrelevant_random_2,irrelevant,random,2,1113437,8128790,original,0,embedding,0.5658645629882812,56,100,100
irrelevant_random_2,irrelevant,random,2,1113437,8128790,original,1,encoder_block_1,0.8959074020385742,28,100,100
irrelevant_random_2,irrelevant,random,2,1113437,8128790,original,2,encoder_block_2,1.1732230186462402,26,100,100
irrelevant_random_2,irrelevant,random,2,1113437,8128790,original,3,encoder_block_3,1.088050127029419,36,100,100
irrelevant_random_2,irrelevant,random,2,1113437,8128790,original,4,encoder_block_4,0.9776401519775392,54,100,100
irrelevant_random_2,irrelevant,random,2,1113437,8128790,original,5,encoder_block_5,0.9457435607910156,50,100,100
irrelevant_random_2,irrelevant,random,2,1113437,8128790,original,6,encoder_block_6,0.9479632377624512,50,100,100
irrelevant_random_2,irrelevant,random,2,1113437,8128790,original,7,encoder_block_7,1.0149266719818115,33,100,100
irrelevant_random_2,irrelevant,random,2,1113437,8128790,original,8,encoder_block_8,0.9171240329742432,49,100,100
irrelevant_random_2,irrelevant,random,2,1113437,8128790,original,9,encoder_block_9,1.0854408740997314,39,100,100
irrelevant_random_2,irrelevant,random,2,1113437,8128790,original,10,encoder_block_10,1.1270759105682373,28,100,100
irrelevant_random_2,irrelevant,random,2,1113437,8128790,original,11,encoder_block_11,2.0376570224761963,7,100,100
irrelevant_random_2,irrelevant,random,2,1113437,8128790,original,12,encoder_block_12,3.245300531387329,2,100,100
irrelevant_random_2,irrelevant,random,2,1113437,8128790,padded_control,0,embedding,0.5658645629882812,56,100,100
irrelevant_random_2,irrelevant,random,2,1113437,8128790,padded_control,1,encoder_block_1,0.90140962600708,28,100,100
irrelevant_random_2,irrelevant,random,2,1113437,8128790,padded_control,2,encoder_block_2,1.177403450012207,26,100,100
irrelevant_random_2,irrelevant,random,2,1113437,8128790,padded_control,3,encoder_block_3,1.0863466262817385,36,100,100
irrelevant_random_2,irrelevant,random,2,1113437,8128790,padded_control,4,encoder_block_4,0.9730000495910645,54,100,100
irrelevant_random_2,irrelevant,random,2,1113437,8128790,padded_control,5,encoder_block_5,0.9422802925109864,50,100,100
irrelevant_random_2,irrelevant,random,2,1113437,8128790,padded_control,6,encoder_block_6,0.942533016204834,51,100,100
irrelevant_random_2,irrelevant,random,2,1113437,8128790,padded_control,7,encoder_block_7,1.0054731369018557,34,100,100
irrelevant_random_2,irrelevant,random,2,1113437,8128790,padded_control,8,encoder_block_8,0.9111638069152832,50,100,100
irrelevant_random_2,irrelevant,random,2,1113437,8128790,padded_control,9,encoder_block_9,1.0797924995422363,40,100,100
irrelevant_random_2,irrelevant,random,2,1113437,8128790,padded_control,10,encoder_block_10,1.1267197132110596,28,100,100
irrelevant_random_2,irrelevant,random,2,1113437,8128790,padded_control,11,encoder_block_11,2.036554336547852,7,100,100
irrelevant_random_2,irrelevant,random,2,1113437,8128790,padded_control,12,encoder_block_12,3.273754596710205,2,100,100
irrelevant_random_2,irrelevant,random,2,1113437,8128790,attack,0,embedding,0.4022626876831054,72,100,100
irrelevant_random_2,irrelevant,random,2,1113437,8128790,attack,1,encoder_block_1,0.5826892852783203,50,100,100
irrelevant_random_2,irrelevant,random,2,1113437,8128790,attack,2,encoder_block_2,0.890092134475708,40,100,100
irrelevant_random_2,irrelevant,random,2,1113437,8128790,attack,3,encoder_block_3,0.7700963020324707,67,100,100
irrelevant_random_2,irrelevant,random,2,1113437,8128790,attack,4,encoder_block_4,0.636603832244873,77,100,100
irrelevant_random_2,irrelevant,random,2,1113437,8128790,attack,5,encoder_block_5,0.6603121757507324,74,100,100
irrelevant_random_2,irrelevant,random,2,1113437,8128790,attack,6,encoder_block_6,0.738417387008667,71,100,100
irrelevant_random_2,irrelevant,random,2,1113437,8128790,attack,7,encoder_block_7,0.8921806812286377,48,100,100
irrelevant_random_2,irrelevant,random,2,1113437,8128790,attack,8,encoder_block_8,0.8204517364501953,56,100,100
irrelevant_random_2,irrelevant,random,2,1113437,8128790,attack,9,encoder_block_9,0.9988000392913818,49,100,100
irrelevant_random_2,irrelevant,random,2,1113437,8128790,attack,10,encoder_block_10,1.0693027973175049,34,100,100
irrelevant_random_2,irrelevant,random,2,1113437,8128790,attack,11,encoder_block_11,1.9960479736328125,7,100,100
irrelevant_random_2,irrelevant,random,2,1113437,8128790,attack,12,encoder_block_12,3.233974933624268,2,100,100
irrelevant_random_2,irrelevant,random,2,1114646,8117087,original,0,embedding,0.4525597095489502,64,100,100
irrelevant_random_2,irrelevant,random,2,1114646,8117087,original,1,encoder_block_1,0.0941433906555175,55,100,100
irrelevant_random_2,irrelevant,random,2,1114646,8117087,original,2,encoder_block_2,0.134101390838623,49,100,100
irrelevant_random_2,irrelevant,random,2,1114646,8117087,original,3,encoder_block_3,-0.0034594535827636,65,100,100
irrelevant_random_2,irrelevant,random,2,1114646,8117087,original,4,encoder_block_4,-0.2673103809356689,80,100,100
irrelevant_random_2,irrelevant,random,2,1114646,8117087,original,5,encoder_block_5,-0.4265675544738769,84,100,100
irrelevant_random_2,irrelevant,random,2,1114646,8117087,original,6,encoder_block_6,-0.6759626865386963,93,100,100
irrelevant_random_2,irrelevant,random,2,1114646,8117087,original,7,encoder_block_7,-0.6104249954223633,88,100,100
irrelevant_random_2,irrelevant,random,2,1114646,8117087,original,8,encoder_block_8,-0.6744838953018188,94,100,100
irrelevant_random_2,irrelevant,random,2,1114646,8117087,original,9,encoder_block_9,-0.239369511604309,75,100,100
irrelevant_random_2,irrelevant,random,2,1114646,8117087,original,10,encoder_block_10,-0.9897842407226562,69,100,100
irrelevant_random_2,irrelevant,random,2,1114646,8117087,original,11,encoder_block_11,-1.718577265739441,55,100,100
irrelevant_random_2,irrelevant,random,2,1114646,8117087,original,12,encoder_block_12,-3.277005195617676,15,100,100
irrelevant_random_2,irrelevant,random,2,1114646,8117087,padded_control,0,embedding,0.4525599479675293,64,100,100
irrelevant_random_2,irrelevant,random,2,1114646,8117087,padded_control,1,encoder_block_1,0.0957074165344238,54,100,100
irrelevant_random_2,irrelevant,random,2,1114646,8117087,padded_control,2,encoder_block_2,0.1419534683227539,48,100,100
irrelevant_random_2,irrelevant,random,2,1114646,8117087,padded_control,3,encoder_block_3,0.0003814697265625,65,100,100
irrelevant_random_2,irrelevant,random,2,1114646,8117087,padded_control,4,encoder_block_4,-0.2606375217437744,80,100,100
irrelevant_random_2,irrelevant,random,2,1114646,8117087,padded_control,5,encoder_block_5,-0.4222855567932129,84,100,100
irrelevant_random_2,irrelevant,random,2,1114646,8117087,padded_control,6,encoder_block_6,-0.6684110164642334,91,100,100
irrelevant_random_2,irrelevant,random,2,1114646,8117087,padded_control,7,encoder_block_7,-0.6052477359771729,88,100,100
irrelevant_random_2,irrelevant,random,2,1114646,8117087,padded_control,8,encoder_block_8,-0.6699137687683105,94,100,100
irrelevant_random_2,irrelevant,random,2,1114646,8117087,padded_control,9,encoder_block_9,-0.228577971458435,74,100,100
irrelevant_random_2,irrelevant,random,2,1114646,8117087,padded_control,10,encoder_block_10,-0.9906047582626344,69,100,100
irrelevant_random_2,irrelevant,random,2,1114646,8117087,padded_control,11,encoder_block_11,-1.7400063276290894,55,100,100
irrelevant_random_2,irrelevant,random,2,1114646,8117087,padded_control,12,encoder_block_12,-3.351415634155273,16,100,100
irrelevant_random_2,irrelevant,random,2,1114646,8117087,attack,0,embedding,0.3383588790893554,71,100,100
irrelevant_random_2,irrelevant,random,2,1114646,8117087,attack,1,encoder_block_1,-0.1239609718322753,72,100,100
irrelevant_random_2,irrelevant,random,2,1114646,8117087,attack,2,encoder_block_2,-0.0930769443511962,70,100,100
irrelevant_random_2,irrelevant,random,2,1114646,8117087,attack,3,encoder_block_3,-0.1849822998046875,79,100,100
irrelevant_random_2,irrelevant,random,2,1114646,8117087,attack,4,encoder_block_4,-0.3891921043395996,86,100,100
irrelevant_random_2,irrelevant,random,2,1114646,8117087,attack,5,encoder_block_5,-0.5351505279541016,88,100,100
irrelevant_random_2,irrelevant,random,2,1114646,8117087,attack,6,encoder_block_6,-0.7375245094299316,95,100,100
irrelevant_random_2,irrelevant,random,2,1114646,8117087,attack,7,encoder_block_7,-0.6285662651062012,88,100,100
irrelevant_random_2,irrelevant,random,2,1114646,8117087,attack,8,encoder_block_8,-0.6646679639816284,94,100,100
irrelevant_random_2,irrelevant,random,2,1114646,8117087,attack,9,encoder_block_9,-0.2373131513595581,75,100,100
irrelevant_random_2,irrelevant,random,2,1114646,8117087,attack,10,encoder_block_10,-0.9639055728912354,68,100,100
irrelevant_random_2,irrelevant,random,2,1114646,8117087,attack,11,encoder_block_11,-1.6897852420806885,54,100,100
irrelevant_random_2,irrelevant,random,2,1114646,8117087,attack,12,encoder_block_12,-3.2630157470703125,15,100,100
irrelevant_random_2,irrelevant,random,2,1114819,5521373,original,0,embedding,0.9298124313354492,29,100,100
irrelevant_random_2,irrelevant,random,2,1114819,5521373,original,1,encoder_block_1,0.8040676116943359,35,100,100
irrelevant_random_2,irrelevant,random,2,1114819,5521373,original,2,encoder_block_2,0.9285264015197754,36,100,100
irrelevant_random_2,irrelevant,random,2,1114819,5521373,original,3,encoder_block_3,0.8773107528686523,57,100,100
irrelevant_random_2,irrelevant,random,2,1114819,5521373,original,4,encoder_block_4,0.6709322929382324,69,100,100
irrelevant_random_2,irrelevant,random,2,1114819,5521373,original,5,encoder_block_5,0.5512998104095459,56,100,100
irrelevant_random_2,irrelevant,random,2,1114819,5521373,original,6,encoder_block_6,0.5644142627716064,52,100,100
irrelevant_random_2,irrelevant,random,2,1114819,5521373,original,7,encoder_block_7,0.5560307502746582,47,100,100
irrelevant_random_2,irrelevant,random,2,1114819,5521373,original,8,encoder_block_8,0.8099603652954102,33,100,100
irrelevant_random_2,irrelevant,random,2,1114819,5521373,original,9,encoder_block_9,1.0669748783111572,25,100,100
irrelevant_random_2,irrelevant,random,2,1114819,5521373,original,10,encoder_block_10,1.0764141082763672,15,100,100
irrelevant_random_2,irrelevant,random,2,1114819,5521373,original,11,encoder_block_11,2.5245814323425293,15,100,100
irrelevant_random_2,irrelevant,random,2,1114819,5521373,original,12,encoder_block_12,4.793581008911133,9,100,100
irrelevant_random_2,irrelevant,random,2,1114819,5521373,padded_control,0,embedding,0.9298129081726074,29,100,100
irrelevant_random_2,irrelevant,random,2,1114819,5521373,padded_control,1,encoder_block_1,0.8032417297363281,35,100,100
irrelevant_random_2,irrelevant,random,2,1114819,5521373,padded_control,2,encoder_block_2,0.9277691841125488,38,100,100
irrelevant_random_2,irrelevant,random,2,1114819,5521373,padded_control,3,encoder_block_3,0.8720951080322266,59,100,100
irrelevant_random_2,irrelevant,random,2,1114819,5521373,padded_control,4,encoder_block_4,0.6646416187286377,69,100,100
irrelevant_random_2,irrelevant,random,2,1114819,5521373,padded_control,5,encoder_block_5,0.5462741851806641,58,100,100
irrelevant_random_2,irrelevant,random,2,1114819,5521373,padded_control,6,encoder_block_6,0.5587453842163086,52,100,100
irrelevant_random_2,irrelevant,random,2,1114819,5521373,padded_control,7,encoder_block_7,0.5492289066314697,48,100,100
irrelevant_random_2,irrelevant,random,2,1114819,5521373,padded_control,8,encoder_block_8,0.7984271049499512,33,100,100
irrelevant_random_2,irrelevant,random,2,1114819,5521373,padded_control,9,encoder_block_9,1.0649731159210205,25,100,100
irrelevant_random_2,irrelevant,random,2,1114819,5521373,padded_control,10,encoder_block_10,1.049431085586548,18,100,100
irrelevant_random_2,irrelevant,random,2,1114819,5521373,padded_control,11,encoder_block_11,2.491873264312744,15,100,100
irrelevant_random_2,irrelevant,random,2,1114819,5521373,padded_control,12,encoder_block_12,4.74531364440918,10,100,100
irrelevant_random_2,irrelevant,random,2,1114819,5521373,attack,0,embedding,0.743502140045166,50,100,100
irrelevant_random_2,irrelevant,random,2,1114819,5521373,attack,1,encoder_block_1,0.4762003421783447,66,100,100
irrelevant_random_2,irrelevant,random,2,1114819,5521373,attack,2,encoder_block_2,0.4985005855560303,83,100,100
irrelevant_random_2,irrelevant,random,2,1114819,5521373,attack,3,encoder_block_3,0.5249767303466797,88,100,100
irrelevant_random_2,irrelevant,random,2,1114819,5521373,attack,4,encoder_block_4,0.3272519111633301,93,100,100
irrelevant_random_2,irrelevant,random,2,1114819,5521373,attack,5,encoder_block_5,0.2071967124938964,96,100,100
irrelevant_random_2,irrelevant,random,2,1114819,5521373,attack,6,encoder_block_6,0.2697055339813232,93,100,100
irrelevant_random_2,irrelevant,random,2,1114819,5521373,attack,7,encoder_block_7,0.2725076675415039,84,100,100
irrelevant_random_2,irrelevant,random,2,1114819,5521373,attack,8,encoder_block_8,0.5049495697021484,79,100,100
irrelevant_random_2,irrelevant,random,2,1114819,5521373,attack,9,encoder_block_9,0.8276920318603516,51,100,100
irrelevant_random_2,irrelevant,random,2,1114819,5521373,attack,10,encoder_block_10,1.0670859813690186,15,100,100
irrelevant_random_2,irrelevant,random,2,1114819,5521373,attack,11,encoder_block_11,2.578920364379883,11,100,100
irrelevant_random_2,irrelevant,random,2,1114819,5521373,attack,12,encoder_block_12,4.785610198974609,9,100,100
irrelevant_random_2,irrelevant,random,2,1115776,8106323,original,0,embedding,-0.0940017700195312,86,100,100
irrelevant_random_2,irrelevant,random,2,1115776,8106323,original,1,encoder_block_1,-0.214996337890625,74,100,100
irrelevant_random_2,irrelevant,random,2,1115776,8106323,original,2,encoder_block_2,0.263092041015625,47,100,100
irrelevant_random_2,irrelevant,random,2,1115776,8106323,original,3,encoder_block_3,0.374537706375122,49,100,100
irrelevant_random_2,irrelevant,random,2,1115776,8106323,original,4,encoder_block_4,0.3625969886779785,47,100,100
irrelevant_random_2,irrelevant,random,2,1115776,8106323,original,5,encoder_block_5,0.3879518508911133,32,100,100
irrelevant_random_2,irrelevant,random,2,1115776,8106323,original,6,encoder_block_6,0.3969943523406982,30,100,100
irrelevant_random_2,irrelevant,random,2,1115776,8106323,original,7,encoder_block_7,0.3084838390350342,38,100,100
irrelevant_random_2,irrelevant,random,2,1115776,8106323,original,8,encoder_block_8,0.4813952445983886,25,100,100
irrelevant_random_2,irrelevant,random,2,1115776,8106323,original,9,encoder_block_9,0.520807147026062,21,100,100
irrelevant_random_2,irrelevant,random,2,1115776,8106323,original,10,encoder_block_10,-0.291603684425354,23,100,100
irrelevant_random_2,irrelevant,random,2,1115776,8106323,original,11,encoder_block_11,-1.8993338346481323,40,100,100
irrelevant_random_2,irrelevant,random,2,1115776,8106323,original,12,encoder_block_12,-12.078439712524414,74,100,100
irrelevant_random_2,irrelevant,random,2,1115776,8106323,padded_control,0,embedding,-0.0940017700195312,86,100,100
irrelevant_random_2,irrelevant,random,2,1115776,8106323,padded_control,1,encoder_block_1,-0.2081031799316406,74,100,100
irrelevant_random_2,irrelevant,random,2,1115776,8106323,padded_control,2,encoder_block_2,0.265345811843872,47,100,100
irrelevant_random_2,irrelevant,random,2,1115776,8106323,padded_control,3,encoder_block_3,0.3697919845581054,50,100,100
irrelevant_random_2,irrelevant,random,2,1115776,8106323,padded_control,4,encoder_block_4,0.3560631275177002,48,100,100
irrelevant_random_2,irrelevant,random,2,1115776,8106323,padded_control,5,encoder_block_5,0.381500244140625,32,100,100
irrelevant_random_2,irrelevant,random,2,1115776,8106323,padded_control,6,encoder_block_6,0.3889326453208923,32,100,100
irrelevant_random_2,irrelevant,random,2,1115776,8106323,padded_control,7,encoder_block_7,0.3049608469009399,38,100,100
irrelevant_random_2,irrelevant,random,2,1115776,8106323,padded_control,8,encoder_block_8,0.4873512983322143,25,100,100
irrelevant_random_2,irrelevant,random,2,1115776,8106323,padded_control,9,encoder_block_9,0.5326331257820129,21,100,100
irrelevant_random_2,irrelevant,random,2,1115776,8106323,padded_control,10,encoder_block_10,-0.3078331351280212,26,100,100
irrelevant_random_2,irrelevant,random,2,1115776,8106323,padded_control,11,encoder_block_11,-1.941933035850525,40,100,100
irrelevant_random_2,irrelevant,random,2,1115776,8106323,padded_control,12,encoder_block_12,-12.258474349975586,79,100,100
irrelevant_random_2,irrelevant,random,2,1115776,8106323,attack,0,embedding,-0.3742790222167969,99,100,100
irrelevant_random_2,irrelevant,random,2,1115776,8106323,attack,1,encoder_block_1,-0.5177562236785889,86,100,100
irrelevant_random_2,irrelevant,random,2,1115776,8106323,attack,2,encoder_block_2,-0.1606166362762451,73,100,100
irrelevant_random_2,irrelevant,random,2,1115776,8106323,attack,3,encoder_block_3,-0.0710170269012451,73,100,100
irrelevant_random_2,irrelevant,random,2,1115776,8106323,attack,4,encoder_block_4,-0.038710594177246,70,100,100
irrelevant_random_2,irrelevant,random,2,1115776,8106323,attack,5,encoder_block_5,0.0330502986907959,57,100,100
irrelevant_random_2,irrelevant,random,2,1115776,8106323,attack,6,encoder_block_6,0.0162826180458068,57,100,100
irrelevant_random_2,irrelevant,random,2,1115776,8106323,attack,7,encoder_block_7,-0.0187988877296447,56,100,100
irrelevant_random_2,irrelevant,random,2,1115776,8106323,attack,8,encoder_block_8,0.1871476173400879,49,100,100
irrelevant_random_2,irrelevant,random,2,1115776,8106323,attack,9,encoder_block_9,0.2517952919006347,46,100,100
irrelevant_random_2,irrelevant,random,2,1115776,8106323,attack,10,encoder_block_10,-0.3805587887763977,32,100,100
irrelevant_random_2,irrelevant,random,2,1115776,8106323,attack,11,encoder_block_11,-2.166970014572144,44,100,100
irrelevant_random_2,irrelevant,random,2,1115776,8106323,attack,12,encoder_block_12,-12.445013046264648,84,100,100
irrelevant_random_2,irrelevant,random,2,1117099,8093931,original,0,embedding,0.6646270751953125,25,100,100
irrelevant_random_2,irrelevant,random,2,1117099,8093931,original,1,encoder_block_1,0.2695531845092773,42,100,100
irrelevant_random_2,irrelevant,random,2,1117099,8093931,original,2,encoder_block_2,0.2809982299804687,42,100,100
irrelevant_random_2,irrelevant,random,2,1117099,8093931,original,3,encoder_block_3,0.1374320983886718,46,100,100
irrelevant_random_2,irrelevant,random,2,1117099,8093931,original,4,encoder_block_4,0.0212702751159667,55,100,100
irrelevant_random_2,irrelevant,random,2,1117099,8093931,original,5,encoder_block_5,0.0369272232055664,54,100,100
irrelevant_random_2,irrelevant,random,2,1117099,8093931,original,6,encoder_block_6,0.1331763267517089,44,100,100
irrelevant_random_2,irrelevant,random,2,1117099,8093931,original,7,encoder_block_7,0.1126213073730468,47,100,100
irrelevant_random_2,irrelevant,random,2,1117099,8093931,original,8,encoder_block_8,0.1447963714599609,52,100,100
irrelevant_random_2,irrelevant,random,2,1117099,8093931,original,9,encoder_block_9,0.2922570705413818,42,100,100
irrelevant_random_2,irrelevant,random,2,1117099,8093931,original,10,encoder_block_10,0.3431308269500732,48,100,100
irrelevant_random_2,irrelevant,random,2,1117099,8093931,original,11,encoder_block_11,1.3816022872924805,27,100,100
irrelevant_random_2,irrelevant,random,2,1117099,8093931,original,12,encoder_block_12,2.529758632183075,22,100,100
irrelevant_random_2,irrelevant,random,2,1117099,8093931,padded_control,0,embedding,0.6646270751953125,25,100,100
irrelevant_random_2,irrelevant,random,2,1117099,8093931,padded_control,1,encoder_block_1,0.2696309089660644,42,100,100
irrelevant_random_2,irrelevant,random,2,1117099,8093931,padded_control,2,encoder_block_2,0.278787612915039,42,100,100
irrelevant_random_2,irrelevant,random,2,1117099,8093931,padded_control,3,encoder_block_3,0.1385107040405273,46,100,100
irrelevant_random_2,irrelevant,random,2,1117099,8093931,padded_control,4,encoder_block_4,0.0359838008880615,52,100,100
irrelevant_random_2,irrelevant,random,2,1117099,8093931,padded_control,5,encoder_block_5,0.049922227859497,52,100,100
irrelevant_random_2,irrelevant,random,2,1117099,8093931,padded_control,6,encoder_block_6,0.1388201713562011,43,100,100
irrelevant_random_2,irrelevant,random,2,1117099,8093931,padded_control,7,encoder_block_7,0.1189792156219482,46,100,100
irrelevant_random_2,irrelevant,random,2,1117099,8093931,padded_control,8,encoder_block_8,0.1573095321655273,49,100,100
irrelevant_random_2,irrelevant,random,2,1117099,8093931,padded_control,9,encoder_block_9,0.3065328598022461,42,100,100
irrelevant_random_2,irrelevant,random,2,1117099,8093931,padded_control,10,encoder_block_10,0.3591625690460205,48,100,100
irrelevant_random_2,irrelevant,random,2,1117099,8093931,padded_control,11,encoder_block_11,1.3976950645446775,27,100,100
irrelevant_random_2,irrelevant,random,2,1117099,8093931,padded_control,12,encoder_block_12,2.543790459632873,22,100,100
irrelevant_random_2,irrelevant,random,2,1117099,8093931,attack,0,embedding,0.391970157623291,49,100,100
irrelevant_random_2,irrelevant,random,2,1117099,8093931,attack,1,encoder_block_1,-0.0411126613616943,64,100,100
irrelevant_random_2,irrelevant,random,2,1117099,8093931,attack,2,encoder_block_2,-0.0542480945587158,65,100,100
irrelevant_random_2,irrelevant,random,2,1117099,8093931,attack,3,encoder_block_3,-0.1341066360473632,69,100,100
irrelevant_random_2,irrelevant,random,2,1117099,8093931,attack,4,encoder_block_4,-0.2102046012878418,70,100,100
irrelevant_random_2,irrelevant,random,2,1117099,8093931,attack,5,encoder_block_5,-0.1410303115844726,65,100,100
irrelevant_random_2,irrelevant,random,2,1117099,8093931,attack,6,encoder_block_6,0.0030465126037597,61,100,100
irrelevant_random_2,irrelevant,random,2,1117099,8093931,attack,7,encoder_block_7,-0.0200729370117187,59,100,100
irrelevant_random_2,irrelevant,random,2,1117099,8093931,attack,8,encoder_block_8,0.0909850597381591,54,100,100
irrelevant_random_2,irrelevant,random,2,1117099,8093931,attack,9,encoder_block_9,0.2254343032836914,47,100,100
irrelevant_random_2,irrelevant,random,2,1117099,8093931,attack,10,encoder_block_10,0.3126397132873535,48,100,100
irrelevant_random_2,irrelevant,random,2,1117099,8093931,attack,11,encoder_block_11,1.3558731079101562,27,100,100
irrelevant_random_2,irrelevant,random,2,1117099,8093931,attack,12,encoder_block_12,2.5840418338775635,22,100,100
irrelevant_random_2,irrelevant,random,2,1121402,8052624,original,0,embedding,0.3495612144470215,80,100,100
irrelevant_random_2,irrelevant,random,2,1121402,8052624,original,1,encoder_block_1,0.2696928977966308,65,100,100
irrelevant_random_2,irrelevant,random,2,1121402,8052624,original,2,encoder_block_2,0.4348392486572265,58,100,100
irrelevant_random_2,irrelevant,random,2,1121402,8052624,original,3,encoder_block_3,0.5248277187347412,51,100,100
irrelevant_random_2,irrelevant,random,2,1121402,8052624,original,4,encoder_block_4,0.6406412124633789,39,100,100
irrelevant_random_2,irrelevant,random,2,1121402,8052624,original,5,encoder_block_5,0.7257304191589355,31,100,100
irrelevant_random_2,irrelevant,random,2,1121402,8052624,original,6,encoder_block_6,0.8011765480041504,22,100,100
irrelevant_random_2,irrelevant,random,2,1121402,8052624,original,7,encoder_block_7,0.8908953666687012,14,100,100
irrelevant_random_2,irrelevant,random,2,1121402,8052624,original,8,encoder_block_8,0.9932317733764648,13,100,100
irrelevant_random_2,irrelevant,random,2,1121402,8052624,original,9,encoder_block_9,0.9872844219207764,11,100,100
irrelevant_random_2,irrelevant,random,2,1121402,8052624,original,10,encoder_block_10,1.3212480545043943,2,100,100
irrelevant_random_2,irrelevant,random,2,1121402,8052624,original,11,encoder_block_11,3.356931686401367,1,100,100
irrelevant_random_2,irrelevant,random,2,1121402,8052624,original,12,encoder_block_12,5.915290832519531,2,100,100
irrelevant_random_2,irrelevant,random,2,1121402,8052624,padded_control,0,embedding,0.3495602607727051,80,100,100
irrelevant_random_2,irrelevant,random,2,1121402,8052624,padded_control,1,encoder_block_1,0.2618188858032226,65,100,100
irrelevant_random_2,irrelevant,random,2,1121402,8052624,padded_control,2,encoder_block_2,0.4298243522644043,58,100,100
irrelevant_random_2,irrelevant,random,2,1121402,8052624,padded_control,3,encoder_block_3,0.5247175693511963,51,100,100
irrelevant_random_2,irrelevant,random,2,1121402,8052624,padded_control,4,encoder_block_4,0.6388840675354004,39,100,100
irrelevant_random_2,irrelevant,random,2,1121402,8052624,padded_control,5,encoder_block_5,0.7271466255187988,31,100,100
irrelevant_random_2,irrelevant,random,2,1121402,8052624,padded_control,6,encoder_block_6,0.801264762878418,22,100,100
irrelevant_random_2,irrelevant,random,2,1121402,8052624,padded_control,7,encoder_block_7,0.8875651359558105,14,100,100
irrelevant_random_2,irrelevant,random,2,1121402,8052624,padded_control,8,encoder_block_8,0.987908124923706,13,100,100
irrelevant_random_2,irrelevant,random,2,1121402,8052624,padded_control,9,encoder_block_9,0.9883699417114258,11,100,100
irrelevant_random_2,irrelevant,random,2,1121402,8052624,padded_control,10,encoder_block_10,1.3318562507629397,2,100,100
irrelevant_random_2,irrelevant,random,2,1121402,8052624,padded_control,11,encoder_block_11,3.3789286613464355,1,100,100
irrelevant_random_2,irrelevant,random,2,1121402,8052624,padded_control,12,encoder_block_12,5.937055587768555,1,100,100
irrelevant_random_2,irrelevant,random,2,1121402,8052624,attack,0,embedding,0.1879234313964843,88,100,100
irrelevant_random_2,irrelevant,random,2,1121402,8052624,attack,1,encoder_block_1,-0.0055203437805175,86,100,100
irrelevant_random_2,irrelevant,random,2,1121402,8052624,attack,2,encoder_block_2,0.0781459808349609,86,100,100
irrelevant_random_2,irrelevant,random,2,1121402,8052624,attack,3,encoder_block_3,0.2145547866821289,80,100,100
irrelevant_random_2,irrelevant,random,2,1121402,8052624,attack,4,encoder_block_4,0.3438138961791992,73,100,100
irrelevant_random_2,irrelevant,random,2,1121402,8052624,attack,5,encoder_block_5,0.4812932014465332,47,100,100
irrelevant_random_2,irrelevant,random,2,1121402,8052624,attack,6,encoder_block_6,0.5925102233886719,36,100,100
irrelevant_random_2,irrelevant,random,2,1121402,8052624,attack,7,encoder_block_7,0.653245210647583,31,100,100
irrelevant_random_2,irrelevant,random,2,1121402,8052624,attack,8,encoder_block_8,0.7853415012359619,32,100,100
irrelevant_random_2,irrelevant,random,2,1121402,8052624,attack,9,encoder_block_9,0.8219685554504395,20,100,100
irrelevant_random_2,irrelevant,random,2,1121402,8052624,attack,10,encoder_block_10,1.180781364440918,3,100,100
irrelevant_random_2,irrelevant,random,2,1121402,8052624,attack,11,encoder_block_11,3.2534074783325195,1,100,100
irrelevant_random_2,irrelevant,random,2,1121402,8052624,attack,12,encoder_block_12,6.0069580078125,1,100,100
irrelevant_random_2,irrelevant,random,2,1121709,1269175,original,0,embedding,0.3117632865905761,76,100,100
irrelevant_random_2,irrelevant,random,2,1121709,1269175,original,1,encoder_block_1,0.148996353149414,58,100,100
irrelevant_random_2,irrelevant,random,2,1121709,1269175,original,2,encoder_block_2,0.6813814640045166,47,100,100
irrelevant_random_2,irrelevant,random,2,1121709,1269175,original,3,encoder_block_3,0.6404454708099365,47,100,100
irrelevant_random_2,irrelevant,random,2,1121709,1269175,original,4,encoder_block_4,0.6799132823944092,57,100,100
irrelevant_random_2,irrelevant,random,2,1121709,1269175,original,5,encoder_block_5,0.5350496768951416,67,100,100
irrelevant_random_2,irrelevant,random,2,1121709,1269175,original,6,encoder_block_6,0.5691186189651489,65,100,100
irrelevant_random_2,irrelevant,random,2,1121709,1269175,original,7,encoder_block_7,0.6213798522949219,62,100,100
irrelevant_random_2,irrelevant,random,2,1121709,1269175,original,8,encoder_block_8,0.6074302196502686,62,100,100
irrelevant_random_2,irrelevant,random,2,1121709,1269175,original,9,encoder_block_9,0.620168924331665,73,100,100
irrelevant_random_2,irrelevant,random,2,1121709,1269175,original,10,encoder_block_10,0.2710539698600769,28,100,100
irrelevant_random_2,irrelevant,random,2,1121709,1269175,original,11,encoder_block_11,-1.3682814836502075,25,100,100
irrelevant_random_2,irrelevant,random,2,1121709,1269175,original,12,encoder_block_12,-12.051349639892578,34,100,100
irrelevant_random_2,irrelevant,random,2,1121709,1269175,padded_control,0,embedding,0.3117632865905761,76,100,100
irrelevant_random_2,irrelevant,random,2,1121709,1269175,padded_control,1,encoder_block_1,0.1474771499633789,59,100,100
irrelevant_random_2,irrelevant,random,2,1121709,1269175,padded_control,2,encoder_block_2,0.68363356590271,47,100,100
irrelevant_random_2,irrelevant,random,2,1121709,1269175,padded_control,3,encoder_block_3,0.6411166191101074,47,100,100
irrelevant_random_2,irrelevant,random,2,1121709,1269175,padded_control,4,encoder_block_4,0.6779186725616455,57,100,100
irrelevant_random_2,irrelevant,random,2,1121709,1269175,padded_control,5,encoder_block_5,0.5333518981933594,67,100,100
irrelevant_random_2,irrelevant,random,2,1121709,1269175,padded_control,6,encoder_block_6,0.5659639835357666,66,100,100
irrelevant_random_2,irrelevant,random,2,1121709,1269175,padded_control,7,encoder_block_7,0.6142134666442871,62,100,100
irrelevant_random_2,irrelevant,random,2,1121709,1269175,padded_control,8,encoder_block_8,0.6006370782852173,63,100,100
irrelevant_random_2,irrelevant,random,2,1121709,1269175,padded_control,9,encoder_block_9,0.6119472980499268,74,100,100
irrelevant_random_2,irrelevant,random,2,1121709,1269175,padded_control,10,encoder_block_10,0.2557784914970398,30,100,100
irrelevant_random_2,irrelevant,random,2,1121709,1269175,padded_control,11,encoder_block_11,-1.3551878333091736,25,100,100
irrelevant_random_2,irrelevant,random,2,1121709,1269175,padded_control,12,encoder_block_12,-12.10177516937256,34,100,100
irrelevant_random_2,irrelevant,random,2,1121709,1269175,attack,0,embedding,0.2238693237304687,82,100,100
irrelevant_random_2,irrelevant,random,2,1121709,1269175,attack,1,encoder_block_1,-0.1057560443878173,83,100,100
irrelevant_random_2,irrelevant,random,2,1121709,1269175,attack,2,encoder_block_2,0.3691601753234863,70,100,100
irrelevant_random_2,irrelevant,random,2,1121709,1269175,attack,3,encoder_block_3,0.3779802322387695,72,100,100
irrelevant_random_2,irrelevant,random,2,1121709,1269175,attack,4,encoder_block_4,0.4506323337554931,78,100,100
irrelevant_random_2,irrelevant,random,2,1121709,1269175,attack,5,encoder_block_5,0.3445745706558227,80,100,100
irrelevant_random_2,irrelevant,random,2,1121709,1269175,attack,6,encoder_block_6,0.4501997232437134,79,100,100
irrelevant_random_2,irrelevant,random,2,1121709,1269175,attack,7,encoder_block_7,0.5112981796264648,69,100,100
irrelevant_random_2,irrelevant,random,2,1121709,1269175,attack,8,encoder_block_8,0.4964168071746826,68,100,100
irrelevant_random_2,irrelevant,random,2,1121709,1269175,attack,9,encoder_block_9,0.5634640455245972,79,100,100
irrelevant_random_2,irrelevant,random,2,1121709,1269175,attack,10,encoder_block_10,0.2705976366996765,28,100,100
irrelevant_random_2,irrelevant,random,2,1121709,1269175,attack,11,encoder_block_11,-1.2518312335014343,22,100,100
irrelevant_random_2,irrelevant,random,2,1121709,1269175,attack,12,encoder_block_12,-11.78562355041504,25,100,100
