qid,docid,attack_name,layer,head_idx,score_control,score_attack,score_patched_fwd,score_patched_rev,score_ablated_zero,score_ablated_mean,fwd_effect,rev_effect,combined_effect,score_drop_zero,score_drop_mean
156493,8725855,false_start_3,0,0,-6.74152946472168,-5.029336929321289,-6.739995956420898,-4.9578046798706055,-5.513416290283203,-4.9578046798706055,0.000895640104179431,-0.041778157521260316,-0.041778157521260316,0.48407936096191406,-0.0715322494506836
156493,8725855,false_start_3,0,1,-6.74152946472168,-5.029336929321289,-6.7640533447265625,-4.822527885437012,-5.3038129806518555,-4.822527885437012,-0.013154992525192663,-0.12078609128845182,-0.12078609128845182,0.2744760513305664,-0.20680904388427734
156493,8725855,false_start_3,0,2,-6.74152946472168,-5.029336929321289,-6.741918563842773,-5.001461982727051,-5.95499324798584,-5.001461982727051,-0.00022725196673209445,-0.0162802640578735,-0.0162802640578735,0.9256563186645508,-0.02787494659423828
156493,8725855,false_start_3,0,3,-6.74152946472168,-5.029336929321289,-6.756200790405273,-5.002902984619141,-4.680816173553467,-5.002902984619141,-0.008568735922074855,-0.015438651994804396,-0.015438651994804396,-0.34852075576782227,-0.026433944702148438
156493,8725855,false_start_3,0,4,-6.74152946472168,-5.029336929321289,-4.528754234313965,-6.964111328125,-5.6668548583984375,-6.964111328125,1.2923635541316412,1.1299981507928196,1.1299981507928196,0.6375179290771484,1.934774398803711
156493,8725855,false_start_3,0,5,-6.74152946472168,-5.029336929321289,-6.751155853271484,-5.174675941467285,-5.871582984924316,-5.174675941467285,-0.00562225821616118,0.0848847364656972,-0.00562225821616118,0.8422460556030273,0.1453390121459961
156493,8725855,false_start_3,0,6,-6.74152946472168,-5.029336929321289,-6.736270904541016,-4.718608856201172,-3.43816876411438,-4.718608856201172,0.0030712434915705117,-0.18147963309947174,-0.18147963309947174,-1.5911681652069092,-0.3107280731201172
156493,8725855,false_start_3,0,7,-6.74152946472168,-5.029336929321289,-6.741142272949219,-3.2723546028137207,-3.3358187675476074,-3.2723546028137207,0.00022613798650301554,-1.0261593192244025,-1.0261593192244025,-1.6935181617736816,-1.7569823265075684
156493,8725855,false_start_3,0,8,-6.74152946472168,-5.029336929321289,-6.737796783447266,-5.10417366027832,-4.494738578796387,-5.10417366027832,0.0021800593083073964,0.043708128268139496,0.0021800593083073964,-0.5345983505249023,0.07483673095703125
156493,8725855,false_start_3,0,9,-6.74152946472168,-5.029336929321289,-6.763824462890625,-4.968883514404297,-5.427223205566406,-4.968883514404297,-0.013021314897703196,-0.035307603360655554,-0.035307603360655554,0.3978862762451172,-0.06045341491699219
156493,8725855,false_start_3,0,10,-6.74152946472168,-5.029336929321289,-6.780725479125977,-5.029902458190918,-5.991106033325195,-5.029902458190918,-0.022892293707571277,0.00033029513792189215,-0.022892293707571277,0.9617691040039062,0.0005655288696289062
156493,8725855,false_start_3,0,11,-6.74152946472168,-5.029336929321289,-6.731636047363281,-4.849251747131348,-5.050668716430664,-4.849251747131348,0.0057782154482322245,-0.10517811429882742,-0.10517811429882742,0.021331787109375,-0.1800851821899414
156493,8725855,false_start_3,1,0,-6.74152946472168,-5.029336929321289,-6.850664138793945,-5.005497932434082,-5.204864501953125,-5.005497932434082,-0.06373972074743617,-0.01392308189314256,-0.06373972074743617,0.17552757263183594,-0.02383899688720703
156493,8725855,false_start_3,1,1,-6.74152946472168,-5.029336929321289,-6.715702056884766,-5.066471099853516,-5.871521949768066,-5.066471099853516,0.015084406281957308,0.021688081079936992,0.015084406281957308,0.8421850204467773,0.03713417053222656
156493,8725855,false_start_3,1,2,-6.74152946472168,-5.029336929321289,-6.786266326904297,-5.058721542358398,-5.589491844177246,-5.058721542358398,-0.026128406273045465,0.017161979409189447,-0.026128406273045465,0.560154914855957,0.029384613037109375
156493,8725855,false_start_3,1,3,-6.74152946472168,-5.029336929321289,-6.888008117675781,-4.673908710479736,-4.53004264831543,-4.673908710479736,-0.08555033965257185,-0.20758659525310744,-0.20758659525310744,-0.4992942810058594,-0.35542821884155273
156493,8725855,false_start_3,1,4,-6.74152946472168,-5.029336929321289,-6.803913116455078,-4.837780952453613,-5.098952293395996,-4.837780952453613,-0.0364349513524834,-0.1118775913965079,-0.1118775913965079,0.06961536407470703,-0.19155597686767578
156493,8725855,false_start_3,1,5,-6.74152946472168,-5.029336929321289,-6.805034637451172,-4.795452117919922,-5.132573127746582,-4.795452117919922,-0.037089971727181786,-0.13659959763034127,-0.13659959763034127,0.10323619842529297,-0.2338848114013672
156493,8725855,false_start_3,1,6,-6.74152946472168,-5.029336929321289,-6.630945205688477,-5.201754570007324,-5.955653190612793,-5.201754570007324,0.06458634572153614,0.10069991377793026,0.06458634572153614,0.9263162612915039,0.17241764068603516
156493,8725855,false_start_3,1,7,-6.74152946472168,-5.029336929321289,-6.732782363891602,-4.160483360290527,-5.487518310546875,-4.160483360290527,0.005108713330555809,-0.5074508567621941,-0.5074508567621941,0.45818138122558594,-0.8688535690307617
156493,8725855,false_start_3,1,8,-6.74152946472168,-5.029336929321289,-6.823650360107422,-5.066618919372559,-5.555943489074707,-5.066618919372559,-0.047962418762991794,0.021774414547690607,-0.047962418762991794,0.526606559753418,0.03728199005126953
156493,8725855,false_start_3,1,9,-6.74152946472168,-5.029336929321289,-6.8163299560546875,-4.616043567657471,-4.4731268882751465,-4.616043567657471,-0.043686962643787,-0.24138252744290295,-0.24138252744290295,-0.5562100410461426,-0.41329336166381836
156493,8725855,false_start_3,1,10,-6.74152946472168,-5.029336929321289,-6.847146987915039,-4.915245056152344,-4.933951377868652,-4.915245056152344,-0.061685541205014696,-0.06663495536281222,-0.06663495536281222,-0.09538555145263672,-0.11409187316894531
156493,8725855,false_start_3,1,11,-6.74152946472168,-5.029336929321289,-6.6961822509765625,-5.197318077087402,-5.034446716308594,-5.197318077087402,0.026484879946350712,0.09810879576509277,0.026484879946350712,0.0051097869873046875,0.16798114776611328
156493,8725855,false_start_3,2,0,-6.74152946472168,-5.029336929321289,-6.813177108764648,-4.894360542297363,-5.21419620513916,-4.894360542297363,-0.041845553325119585,-0.07883248188111157,-0.07883248188111157,0.1848592758178711,-0.13497638702392578
156493,8725855,false_start_3,2,1,-6.74152946472168,-5.029336929321289,-6.7210845947265625,-4.927005767822266,-5.496123313903809,-4.927005767822266,0.011940754075496668,-0.05976615327031176,-0.05976615327031176,0.46678638458251953,-0.10233116149902344
156493,8725855,false_start_3,2,2,-6.74152946472168,-5.029336929321289,-6.672330856323242,-5.285904884338379,-5.6026105880737305,-5.285904884338379,0.040415202710982284,0.149847607504662,0.040415202710982284,0.5732736587524414,0.25656795501708984
156493,8725855,false_start_3,2,3,-6.74152946472168,-5.029336929321289,-6.6321258544921875,-5.196476936340332,-6.304471969604492,-5.196476936340332,0.0638967919597363,0.09761753048406897,0.0638967919597363,1.2751350402832031,0.16714000701904297
156493,8725855,false_start_3,2,4,-6.74152946472168,-5.029336929321289,-6.698081970214844,-5.126779556274414,-4.568986892700195,-5.126779556274414,0.025375355638188133,0.05691102194318255,0.025375355638188133,-0.46035003662109375,0.097442626953125
156493,8725855,false_start_3,2,5,-6.74152946472168,-5.029336929321289,-6.654218673706055,-5.228142738342285,-5.792274475097656,-5.228142738342285,0.050993558966315466,0.11611183024723677,0.050993558966315466,0.7629375457763672,0.1988058090209961
156493,8725855,false_start_3,2,6,-6.74152946472168,-5.029336929321289,-6.651090621948242,-5.2026777267456055,-4.351130962371826,-5.2026777267456055,0.05282048654200485,0.10123908020880446,0.05282048654200485,-0.6782059669494629,0.1733407974243164
156493,8725855,false_start_3,2,7,-6.74152946472168,-5.029336929321289,-6.828622817993164,-4.891880989074707,-5.105031967163086,-4.891880989074707,-0.05086656522020047,-0.08028065617891414,-0.08028065617891414,0.07569503784179688,-0.13745594024658203
156493,8725855,false_start_3,2,8,-6.74152946472168,-5.029336929321289,-6.858692169189453,-4.815937042236328,-5.305270195007324,-4.815937042236328,-0.06842846353162924,-0.12463544997003394,-0.12463544997003394,0.27593326568603516,-0.21339988708496094
156493,8725855,false_start_3,2,9,-6.74152946472168,-5.029336929321289,-6.805646896362305,-4.963900566101074,-5.183747291564941,-4.963900566101074,-0.03744755938071611,-0.03821787670912417,-0.03821787670912417,0.15441036224365234,-0.06543636322021484
156493,8725855,false_start_3,2,10,-6.74152946472168,-5.029336929321289,-6.817527770996094,-4.7161359786987305,-5.178423881530762,-4.7161359786987305,-0.04438654222764855,-0.18292390846647252,-0.18292390846647252,0.14908695220947266,-0.3132009506225586
156493,8725855,false_start_3,2,11,-6.74152946472168,-5.029336929321289,-6.743547439575195,-5.083062171936035,-5.3180999755859375,-5.083062171936035,-0.0011785910823654702,0.031378038102579754,-0.0011785910823654702,0.28876304626464844,0.053725242614746094
156493,8725855,false_start_3,3,0,-6.74152946472168,-5.029336929321289,-6.838945388793945,-4.682324409484863,-4.225827217102051,-4.682324409484863,-0.056895426219975447,-0.2026714359873541,-0.2026714359873541,-0.8035097122192383,-0.3470125198364258
156493,8725855,false_start_3,3,1,-6.74152946472168,-5.029336929321289,-6.664371490478516,-5.252200126647949,-5.513588905334473,-5.252200126647949,0.04506384220692851,0.13016246287660888,0.04506384220692851,0.4842519760131836,0.22286319732666016
156493,8725855,false_start_3,3,2,-6.74152946472168,-5.029336929321289,-6.62129020690918,-5.296542167663574,-5.454110145568848,-5.296542167663574,0.07022531364113349,0.156060275242235,0.07022531364113349,0.4247732162475586,0.26720523834228516
156493,8725855,false_start_3,3,3,-6.74152946472168,-5.029336929321289,-6.625946044921875,-5.064114570617676,-4.953174591064453,-5.064114570617676,0.06750608790195192,0.02031175850691002,0.02031175850691002,-0.07616233825683594,0.03477764129638672
156493,8725855,false_start_3,3,4,-6.74152946472168,-5.029336929321289,-6.8267669677734375,-4.4214768409729,-3.494643211364746,-4.4214768409729,-0.049782662457306705,-0.35501853663101185,-0.35501853663101185,-1.534693717956543,-0.6078600883483887
156493,8725855,false_start_3,3,5,-6.74152946472168,-5.029336929321289,-6.689573287963867,-5.028267860412598,-5.300349235534668,-5.028267860412598,0.030344821440109082,-0.0006243859183987202,-0.0006243859183987202,0.2710123062133789,-0.0010690689086914062
156493,8725855,false_start_3,3,6,-6.74152946472168,-5.029336929321289,-6.762334823608398,-4.969143867492676,-5.036500930786133,-4.969143867492676,-0.01215129633879258,-0.035155545059386284,-0.035155545059386284,0.00716400146484375,-0.06019306182861328
156493,8725855,false_start_3,3,7,-6.74152946472168,-5.029336929321289,-6.7195281982421875,-5.0381622314453125,-5.729861259460449,-5.0381622314453125,0.012849761942425045,0.005154386519948044,0.005154386519948044,0.7005243301391602,0.008825302124023438
156493,8725855,false_start_3,3,8,-6.74152946472168,-5.029336929321289,-6.741142272949219,-5.0842742919921875,-4.9419050216674805,-5.0842742919921875,0.00022613798650301554,0.03208597253815939,0.00022613798650301554,-0.0874319076538086,0.05493736267089844
156493,8725855,false_start_3,3,9,-6.74152946472168,-5.029336929321289,-6.779214859008789,-4.804760932922363,-5.63325309753418,-4.804760932922363,-0.022010021366140792,-0.13116281712232172,-0.13116281712232172,0.6039161682128906,-0.22457599639892578
156493,8725855,false_start_3,3,10,-6.74152946472168,-5.029336929321289,-6.761283874511719,-5.014570236206055,-5.301182746887207,-5.014570236206055,-0.011537493232570108,-0.0086244349335288,-0.011537493232570108,0.27184581756591797,-0.014766693115234375
156493,8725855,false_start_3,3,11,-6.74152946472168,-5.029336929321289,-6.704858779907227,-4.826155662536621,-5.917523384094238,-4.826155662536621,0.02141738388427082,-0.11866730089274376,-0.11866730089274376,0.8881864547729492,-0.20318126678466797
156493,8725855,false_start_3,4,0,-6.74152946472168,-5.029336929321289,-6.937021255493164,-4.451053142547607,-6.112439155578613,-4.451053142547607,-0.1141762895992122,-0.3377446022088,-0.3377446022088,1.0831022262573242,-0.5782837867736816
156493,8725855,false_start_3,4,1,-6.74152946472168,-5.029336929321289,-6.81471061706543,-5.08748722076416,-4.11238431930542,-5.08748722076416,-0.04274119342929902,0.03396247223404279,-0.04274119342929902,-0.9169526100158691,0.058150291442871094
156493,8725855,false_start_3,4,2,-6.74152946472168,-5.029336929321289,-6.767833709716797,-5.147645950317383,-5.194448471069336,-5.147645950317383,-0.015362901339227032,0.06909796564930566,-0.015362901339227032,0.16511154174804688,0.11830902099609375
156493,8725855,false_start_3,4,3,-6.74152946472168,-5.029336929321289,-6.686443328857422,-5.073216438293457,-5.052818298339844,-5.073216438293457,0.03217286299602755,0.025627672160074503,0.025627672160074503,0.023481369018554688,0.04387950897216797
156493,8725855,false_start_3,4,4,-6.74152946472168,-5.029336929321289,-6.676515579223633,-4.407954216003418,-4.485563278198242,-4.407954216003418,0.03797113008838319,-0.36291637796012394,-0.36291637796012394,-0.5437736511230469,-0.6213827133178711
156493,8725855,false_start_3,4,5,-6.74152946472168,-5.029336929321289,-6.711584091186523,-5.133172988891602,-4.7678375244140625,-5.133172988891602,0.017489489596538642,0.060645083671055006,0.017489489596538642,-0.26149940490722656,0.1038360595703125
156493,8725855,false_start_3,4,6,-6.74152946472168,-5.029336929321289,-6.741527557373047,-4.823769569396973,-5.847817420959473,-4.823769569396973,1.1139802290788944e-06,-0.12006089015932145,-0.12006089015932145,0.8184804916381836,-0.2055673599243164
156493,8725855,false_start_3,4,7,-6.74152946472168,-5.029336929321289,-6.932851791381836,-4.7292375564575195,-5.689023971557617,-4.7292375564575195,-0.11174112881844574,-0.17527197827292962,-0.17527197827292962,0.6596870422363281,-0.30009937286376953
156493,8725855,false_start_3,4,8,-6.74152946472168,-5.029336929321289,-6.638572692871094,-5.150806427001953,-5.323586463928223,-5.150806427001953,0.060131538785449634,0.07094383088888938,0.060131538785449634,0.2942495346069336,0.12146949768066406
156493,8725855,false_start_3,4,9,-6.74152946472168,-5.029336929321289,-6.7327880859375,-4.885395050048828,-4.2891998291015625,-4.885395050048828,0.005105371389868572,-0.08406874594789691,-0.08406874594789691,-0.7401371002197266,-0.14394187927246094
156493,8725855,false_start_3,4,10,-6.74152946472168,-5.029336929321289,-6.87303352355957,-4.899845123291016,-5.813729286193848,-4.899845123291016,-0.07680448087407345,-0.07562923173239522,-0.07680448087407345,0.7843923568725586,-0.12949180603027344
156493,8725855,false_start_3,4,11,-6.74152946472168,-5.029336929321289,-6.054976463317871,-5.680943489074707,-5.865269660949707,-5.680943489074707,0.40097885442729164,0.3805685086701081,0.3805685086701081,0.835932731628418,0.651606559753418
156493,8725855,false_start_3,5,0,-6.74152946472168,-5.029336929321289,-6.809967041015625,-4.793724060058594,-3.356281042098999,-4.793724060058594,-0.03997072459957981,-0.13760886371788675,-0.13760886371788675,-1.67305588722229,-0.2356128692626953
156493,8725855,false_start_3,5,1,-6.74152946472168,-5.029336929321289,-6.79509162902832,-5.007208824157715,-5.028606414794922,-5.007208824157715,-0.03128279279299351,-0.012923841627658793,-0.03128279279299351,-0.0007305145263671875,-0.02212810516357422
156493,8725855,false_start_3,5,2,-6.74152946472168,-5.029336929321289,-6.7028045654296875,-5.100257873535156,-5.253817558288574,-5.100257873535156,0.02261714059098879,0.04142112685784053,0.02261714059098879,0.22448062896728516,0.07092094421386719
156493,8725855,false_start_3,5,3,-6.74152946472168,-5.029336929321289,-6.762086868286133,-4.962789535522461,-4.880732536315918,-4.962789535522461,-0.012006478909012323,-0.03886677019256262,-0.03886677019256262,-0.1486043930053711,-0.06654739379882812
156493,8725855,false_start_3,5,4,-6.74152946472168,-5.029336929321289,-6.819551467895508,-4.738229751586914,-4.576782703399658,-4.738229751586914,-0.04556847525070125,-0.17002011848293716,-0.17002011848293716,-0.45255422592163086,-0.291107177734375
156493,8725855,false_start_3,5,5,-6.74152946472168,-5.029336929321289,-6.744482040405273,-5.2296857833862305,-4.789085388183594,-5.2296857833862305,-0.0017244413946141284,0.1170130402525616,-0.0017244413946141284,-0.2402515411376953,0.2003488540649414
156493,8725855,false_start_3,5,6,-6.74152946472168,-5.029336929321289,-6.791553497314453,-4.966472625732422,-4.892535209655762,-4.966472625732422,-0.02921635946805216,-0.036715674370211275,-0.036715674370211275,-0.13680171966552734,-0.06286430358886719
156493,8725855,false_start_3,5,7,-6.74152946472168,-5.029336929321289,-6.63102912902832,-4.799178123474121,-5.255084991455078,-4.799178123474121,0.06453733059145667,-0.13442343725283565,-0.13442343725283565,0.22574806213378906,-0.23015880584716797
156493,8725855,false_start_3,5,8,-6.74152946472168,-5.029336929321289,-6.730646133422852,-4.935904502868652,-5.463111877441406,-4.935904502868652,0.006356371187124171,-0.054568878511544176,-0.054568878511544176,0.4337749481201172,-0.09343242645263672
156493,8725855,false_start_3,5,9,-6.74152946472168,-5.029336929321289,-6.794439315795898,-4.903502464294434,-5.645678520202637,-4.903502464294434,-0.03090181155464853,-0.07349317464313643,-0.07349317464313643,0.6163415908813477,-0.12583446502685547
156493,8725855,false_start_3,5,10,-6.74152946472168,-5.029336929321289,-6.647039413452148,-5.215353965759277,-4.813218116760254,-5.215353965759277,0.055186580548568426,0.10864259281126279,0.055186580548568426,-0.21611881256103516,0.18601703643798828
156493,8725855,false_start_3,5,11,-6.74152946472168,-5.029336929321289,-6.607292175292969,-5.096378326416016,-4.248315334320068,-5.096378326416016,0.0784008145423435,0.039155291071894055,0.039155291071894055,-0.7810215950012207,0.06704139709472656
156493,8725855,false_start_3,6,0,-6.74152946472168,-5.029336929321289,-6.819225311279297,-4.732661247253418,-5.757896423339844,-4.732661247253418,-0.04537798463152876,-0.17327238376173298,-0.17327238376173298,0.7285594940185547,-0.2966756820678711
156493,8725855,false_start_3,6,1,-6.74152946472168,-5.029336929321289,-6.755706787109375,-4.9785051345825195,-4.420392990112305,-4.9785051345825195,-0.008280215042743422,-0.029688130095067072,-0.029688130095067072,-0.6089439392089844,-0.05083179473876953
156493,8725855,false_start_3,6,2,-6.74152946472168,-5.029336929321289,-6.626134872436523,-5.135519027709961,-5.295975685119629,-5.135519027709961,0.0673958038592731,0.06201527935282205,0.06201527935282205,0.26663875579833984,0.10618209838867188
156493,8725855,false_start_3,6,3,-6.74152946472168,-5.029336929321289,-6.895435333251953,-4.864958763122559,-5.594426155090332,-4.864958763122559,-0.08988817866460506,-0.09600448711236273,-0.09600448711236273,0.565089225769043,-0.16437816619873047
156493,8725855,false_start_3,6,4,-6.74152946472168,-5.029336929321289,-6.844821929931641,-4.78372859954834,-5.043438911437988,-4.78372859954834,-0.06032759930576752,-0.1434466771083747,-0.1434466771083747,0.014101982116699219,-0.24560832977294922
156493,8725855,false_start_3,6,5,-6.74152946472168,-5.029336929321289,-6.676887512207031,-5.076811790466309,-5.184750556945801,-5.076811790466309,0.03775390394371281,0.02772752489188822,0.02772752489188822,0.15541362762451172,0.04747486114501953
156493,8725855,false_start_3,6,6,-6.74152946472168,-5.029336929321289,-6.653646469116211,-5.247693061828613,-5.7576446533203125,-5.247693061828613,0.051327753035039135,0.12753012759529544,0.051327753035039135,0.7283077239990234,0.21835613250732422
156493,8725855,false_start_3,6,7,-6.74152946472168,-5.029336929321289,-6.788703918457031,-5.147137641906738,-5.136834144592285,-5.147137641906738,-0.02755207300580829,0.06880108991825613,-0.02755207300580829,0.1074972152709961,0.11780071258544922
156493,8725855,false_start_3,6,8,-6.74152946472168,-5.029336929321289,-6.604299545288086,-5.414628028869629,-4.539353847503662,-5.414628028869629,0.08014864952176828,0.22502790520473842,0.08014864952176828,-0.48998308181762695,0.38529109954833984
156493,8725855,false_start_3,6,9,-6.74152946472168,-5.029336929321289,-6.640899658203125,-5.248723030090332,-5.2016706466674805,-5.248723030090332,0.05877248290597339,0.12813167691899804,0.05877248290597339,0.1723337173461914,0.21938610076904297
156493,8725855,false_start_3,6,10,-6.74152946472168,-5.029336929321289,-6.732807159423828,-5.182192802429199,-4.766904830932617,-5.182192802429199,0.005094231587577784,0.08927493254849712,0.005094231587577784,-0.2624320983886719,0.15285587310791016
156493,8725855,false_start_3,6,11,-6.74152946472168,-5.029336929321289,-6.695869445800781,-4.926760673522949,-3.5297129154205322,-4.926760673522949,0.026667572703919652,-0.0599092997297484,-0.0599092997297484,-1.4996240139007568,-0.10257625579833984
156493,8725855,false_start_3,7,0,-6.74152946472168,-5.029336929321289,-6.9105224609375,-4.7266740798950195,-3.578836441040039,-4.7266740798950195,-0.09869976227661911,-0.17676916770081164,-0.17676916770081164,-1.45050048828125,-0.30266284942626953
156493,8725855,false_start_3,7,1,-6.74152946472168,-5.029336929321289,-6.67201042175293,-5.11527156829834,-5.0868682861328125,-5.11527156829834,0.040602351389467536,0.05018982223103504,0.040602351389467536,0.05753135681152344,0.08593463897705078
156493,8725855,false_start_3,7,2,-6.74152946472168,-5.029336929321289,-6.689579010009766,-5.097673416137695,-5.317951202392578,-5.097673416137695,0.030341479499421845,0.03991168364743863,0.030341479499421845,0.28861427307128906,0.06833648681640625
156493,8725855,false_start_3,7,3,-6.74152946472168,-5.029336929321289,-6.741569519042969,-4.938652992248535,-5.647529602050781,-4.938652992248535,-2.339358481065678e-05,-0.05296363300144149,-0.05296363300144149,0.6181926727294922,-0.0906839370727539
156493,8725855,false_start_3,7,4,-6.74152946472168,-5.029336929321289,-6.509307861328125,-5.373842239379883,-5.795454025268555,-5.373842239379883,0.13562820687058447,0.2012071089762299,0.13562820687058447,0.7661170959472656,0.34450531005859375
156493,8725855,false_start_3,7,5,-6.74152946472168,-5.029336929321289,-6.7557220458984375,-4.741662979125977,-4.685412406921387,-4.741662979125977,-0.008289126884576052,-0.16801495407059516,-0.16801495407059516,-0.34392452239990234,-0.2876739501953125
156493,8725855,false_start_3,7,6,-6.74152946472168,-5.029336929321289,-6.753129959106445,-5.198052406311035,-5.802457809448242,-5.198052406311035,-0.006775227753257835,0.09853767815328814,-0.006775227753257835,0.7731208801269531,0.1687154769897461
156493,8725855,false_start_3,7,7,-6.74152946472168,-5.029336929321289,-6.908411026000977,-4.787240028381348,-4.215662479400635,-4.787240028381348,-0.09746658616302878,-0.14139583950664045,-0.14139583950664045,-0.8136744499206543,-0.2420969009399414
156493,8725855,false_start_3,7,8,-6.74152946472168,-5.029336929321289,-6.831941604614258,-4.903615951538086,-4.526201248168945,-4.903615951538086,-0.052804890818797745,-0.07342689281950623,-0.07342689281950623,-0.5031356811523438,-0.12572097778320312
156493,8725855,false_start_3,7,9,-6.74152946472168,-5.029336929321289,-6.749765396118164,-4.962669372558594,-5.040188789367676,-4.962669372558594,-0.004810166629162666,-0.03893695094699459,-0.03893695094699459,0.010851860046386719,-0.06666755676269531
156493,8725855,false_start_3,7,10,-6.74152946472168,-5.029336929321289,-6.741722106933594,-5.164904594421387,-5.052831649780273,-5.164904594421387,-0.00011251200313696833,0.07917781575212603,-0.00011251200313696833,0.023494720458984375,0.13556766510009766
156493,8725855,false_start_3,7,11,-6.74152946472168,-5.029336929321289,-6.922208786010742,-4.7548418045043945,-5.863028526306152,-4.7548418045043945,-0.1055251191401855,-0.16031790767777454,-0.16031790767777454,0.8336915969848633,-0.27449512481689453
156493,8725855,false_start_3,8,0,-6.74152946472168,-5.029336929321289,-6.697246551513672,-5.164125442504883,-3.742575168609619,-5.164125442504883,0.02586327897852469,0.0787227548285473,0.02586327897852469,-1.28676176071167,0.13478851318359375
156493,8725855,false_start_3,8,1,-6.74152946472168,-5.029336929321289,-6.791328430175781,-4.983212471008301,-4.439188003540039,-4.983212471008301,-0.029084909801020853,-0.02693882688970036,-0.029084909801020853,-0.59014892578125,-0.04612445831298828
156493,8725855,false_start_3,8,2,-6.74152946472168,-5.029336929321289,-6.621877670288086,-5.130331993103027,-4.952722549438477,-5.130331993103027,0.0698822077305772,0.05898581011984199,0.05898581011984199,-0.0766143798828125,0.10099506378173828
156493,8725855,false_start_3,8,3,-6.74152946472168,-5.029336929321289,-6.951406478881836,-4.672773361206055,-4.122232437133789,-4.672773361206055,-0.12257792848692521,-0.20824969198446666,-0.20824969198446666,-0.9071044921875,-0.3565635681152344
156493,8725855,false_start_3,8,4,-6.74152946472168,-5.029336929321289,-6.350412368774414,-5.60539436340332,-5.437804222106934,-5.60539436340332,0.22843055781445992,0.3364443087864077,0.22843055781445992,0.40846729278564453,0.5760574340820312
156493,8725855,false_start_3,8,5,-6.74152946472168,-5.029336929321289,-6.435503005981445,-5.353730201721191,-5.350010871887207,-5.353730201721191,0.17873367183479227,0.18946074445070749,0.17873367183479227,0.32067394256591797,0.32439327239990234
156493,8725855,false_start_3,8,6,-6.74152946472168,-5.029336929321289,-6.841320037841797,-5.061851501464844,-5.466005325317383,-5.061851501464844,-0.05828233160517867,0.01899002096510791,-0.05828233160517867,0.43666839599609375,0.03251457214355469
156493,8725855,false_start_3,8,7,-6.74152946472168,-5.029336929321289,-6.7767486572265625,-5.088687896728516,-5.882277488708496,-5.088687896728516,-0.020569644929941785,0.034663722788247954,-0.020569644929941785,0.852940559387207,0.05935096740722656
156493,8725855,false_start_3,8,8,-6.74152946472168,-5.029336929321289,-6.709110260009766,-5.027252197265625,-5.18889045715332,-5.027252197265625,0.018934321953653965,-0.0012175803903832314,-0.0012175803903832314,0.15955352783203125,-0.0020847320556640625
156493,8725855,false_start_3,8,9,-6.74152946472168,-5.029336929321289,-6.679386138916016,-4.999238967895508,-5.025882720947266,-4.999238967895508,0.036294589843619454,-0.017578608014864952,-0.017578608014864952,-0.0034542083740234375,-0.03009796142578125
156493,8725855,false_start_3,8,10,-6.74152946472168,-5.029336929321289,-6.709627151489258,-5.079320907592773,-4.803211212158203,-5.079320907592773,0.018632433311573587,0.029192965883241506,0.018632433311573587,-0.22612571716308594,0.049983978271484375
156493,8725855,false_start_3,8,11,-6.74152946472168,-5.029336929321289,-6.49449348449707,-5.487165451049805,-3.8697195053100586,-5.487165451049805,0.14428049130984022,0.2673931303067233,0.14428049130984022,-1.1596174240112305,0.4578285217285156
156493,8725855,false_start_3,9,0,-6.74152946472168,-5.029336929321289,-6.808387756347656,-4.961550712585449,-4.391045570373535,-4.961550712585449,-0.03904834896990248,-0.03959030035134936,-0.03959030035134936,-0.6382913589477539,-0.06778621673583984
156493,8725855,false_start_3,9,1,-6.74152946472168,-5.029336929321289,-6.735687255859375,-5.007308006286621,-4.765102386474609,-5.007308006286621,0.003412121441668653,-0.01286591465574669,-0.01286591465574669,-0.2642345428466797,-0.02202892303466797
156493,8725855,false_start_3,9,2,-6.74152946472168,-5.029336929321289,-6.710165023803711,-5.193352699279785,-4.5923590660095215,-5.193352699279785,0.01831829088697334,0.09579283086883773,0.01831829088697334,-0.4369778633117676,0.1640157699584961
156493,8725855,false_start_3,9,3,-6.74152946472168,-5.029336929321289,-6.565849304199219,-5.203556060791016,-3.5002496242523193,-5.203556060791016,0.10260537695976972,0.10175206810429528,0.10175206810429528,-1.5290873050689697,0.17421913146972656
156493,8725855,false_start_3,9,4,-6.74152946472168,-5.029336929321289,-6.5730743408203125,-5.323249816894531,-2.720463275909424,-5.323249816894531,0.09838561985201887,0.17165878339991222,0.09838561985201887,-2.3088736534118652,0.2939128875732422
156493,8725855,false_start_3,9,5,-6.74152946472168,-5.029336929321289,-6.774168014526367,-5.045135498046875,-5.533764839172363,-5.045135498046875,-0.01906242967999804,0.009227098237460481,-0.01906242967999804,0.5044279098510742,0.015798568725585938
156493,8725855,false_start_3,9,6,-6.74152946472168,-5.029336929321289,-5.826384544372559,-6.024848937988281,-0.6900062561035156,-6.024848937988281,0.5344871569219389,0.5814252708642927,0.5344871569219389,-4.339330673217773,0.9955120086669922
156493,8725855,false_start_3,9,7,-6.74152946472168,-5.029336929321289,-6.596164703369141,-5.054425239562988,-4.696423530578613,-5.054425239562988,0.08489977519878977,0.014652738943189237,0.014652738943189237,-0.3329133987426758,0.02508831024169922
156493,8725855,false_start_3,9,8,-6.74152946472168,-5.029336929321289,-6.745683670043945,-4.980820655822754,-5.196414947509766,-4.980820655822754,-0.002426248938933832,-0.028335758096965296,-0.028335758096965296,0.16707801818847656,-0.048516273498535156
156493,8725855,false_start_3,9,9,-6.74152946472168,-5.029336929321289,-6.676919937133789,-5.236486434936523,-4.9941253662109375,-5.236486434936523,0.03773496627981847,0.1209849367593424,0.03773496627981847,-0.03521156311035156,0.20714950561523438
156493,8725855,false_start_3,9,10,-6.74152946472168,-5.029336929321289,-6.723995208740234,-5.068860054016113,-5.425786972045898,-5.068860054016113,0.010240820245922275,0.023083341316858307,0.010240820245922275,0.3964500427246094,0.03952312469482422
156493,8725855,false_start_3,9,11,-6.74152946472168,-5.029336929321289,-6.456201553344727,-5.546991348266602,-5.789628028869629,-5.546991348266602,0.1666447583888281,0.30233423417201194,0.1666447583888281,0.7602910995483398,0.5176544189453125
156493,8725855,false_start_3,10,0,-6.74152946472168,-5.029336929321289,-6.737384796142578,-5.032210350036621,-5.5518951416015625,-5.032210350036621,0.0024206790377884375,0.0016782112151073542,0.0016782112151073542,0.5225582122802734,0.0028734207153320312
156493,8725855,false_start_3,10,1,-6.74152946472168,-5.029336929321289,-6.715282440185547,-5.067264556884766,-5.341525077819824,-5.067264556884766,0.015329481932354665,0.022151496855233814,0.015329481932354665,0.31218814849853516,0.03792762756347656
156493,8725855,false_start_3,10,2,-6.74152946472168,-5.029336929321289,-6.5179595947265625,-5.354266166687012,-2.838366985321045,-5.354266166687012,0.1305751925514826,0.18977377289507866,0.1305751925514826,-2.190969944000244,0.32492923736572266
156493,8725855,false_start_3,10,3,-6.74152946472168,-5.029336929321289,-6.763612747192383,-5.032454490661621,-4.38040018081665,-5.032454490661621,-0.012897663092275437,0.0018208006844294528,-0.012897663092275437,-0.6489367485046387,0.0031175613403320312
156493,8725855,false_start_3,10,4,-6.74152946472168,-5.029336929321289,-6.527652740478516,-5.3524580001831055,-4.171391010284424,-5.3524580001831055,0.12491394502730366,0.18871771963791187,0.12491394502730366,-0.8579459190368652,0.3231210708618164
156493,8725855,false_start_3,10,5,-6.74152946472168,-5.029336929321289,-6.705549240112305,-5.227482795715332,-3.8296709060668945,-5.227482795715332,0.021014123041344264,0.11572639308797547,0.021014123041344264,-1.1996660232543945,0.19814586639404297
156493,8725855,false_start_3,10,6,-6.74152946472168,-5.029336929321289,-6.307483673095703,-5.57122802734375,-5.179835319519043,-5.57122802734375,0.2535029108303386,0.3164895809429174,0.2535029108303386,0.1504983901977539,0.5418910980224609
156493,8725855,false_start_3,10,7,-6.74152946472168,-5.029336929321289,-6.895788192749023,-4.767865180969238,-6.116399765014648,-4.767865180969238,-0.09009426500698466,-0.15271165067362386,-0.15271165067362386,1.0870628356933594,-0.2614717483520508
156493,8725855,false_start_3,10,8,-6.74152946472168,-5.029336929321289,-6.922441482543945,-4.748590469360352,-4.144867897033691,-4.748590469360352,-0.10566102472813313,-0.1639689778785806,-0.1639689778785806,-0.8844690322875977,-0.2807464599609375
156493,8725855,false_start_3,10,9,-6.74152946472168,-5.029336929321289,-6.707822799682617,-5.088321685791016,-4.743234634399414,-5.088321685791016,0.01968625860828222,0.03444983858426481,0.01968625860828222,-0.286102294921875,0.05898475646972656
156493,8725855,false_start_3,10,10,-6.74152946472168,-5.029336929321289,-6.679052352905273,-5.137517929077148,-5.030574798583984,-5.137517929077148,0.03648953638370826,0.06318273063289673,0.03648953638370826,0.0012378692626953125,0.10818099975585938
156493,8725855,false_start_3,10,11,-6.74152946472168,-5.029336929321289,-6.588310241699219,-5.251978874206543,-4.607195854187012,-5.251978874206543,0.08948714578213667,0.1300332411700357,0.08948714578213667,-0.42214107513427734,0.2226419448852539
156493,8725855,false_start_3,11,0,-6.74152946472168,-5.029336929321289,-6.66865348815918,-5.174365997314453,-4.644628047943115,-5.174365997314453,0.042562956592646396,0.08470371467847189,0.042562956592646396,-0.38470888137817383,0.14502906799316406
156493,8725855,false_start_3,11,1,-6.74152946472168,-5.029336929321289,-6.741424560546875,-5.01983642578125,-5.039512634277344,-5.01983642578125,6.12689125993392e-05,-0.0055487355210419725,-0.0055487355210419725,0.010175704956054688,-0.009500503540039062
156493,8725855,false_start_3,11,2,-6.74152946472168,-5.029336929321289,-6.537309646606445,-5.3343706130981445,-4.430423736572266,-5.3343706130981445,0.11927386312747722,0.1781538451255567,0.11927386312747722,-0.5989131927490234,0.30503368377685547
156493,8725855,false_start_3,11,3,-6.74152946472168,-5.029336929321289,-6.542142868041992,-5.3187150955200195,-4.89284610748291,-5.3187150955200195,0.1164510372269913,0.16901029540527715,0.1164510372269913,-0.1364908218383789,0.28937816619873047
156493,8725855,false_start_3,11,4,-6.74152946472168,-5.029336929321289,-6.354050636291504,-5.625127792358398,-3.4825150966644287,-5.625127792358398,0.2263056405274919,0.3479695482364579,0.2263056405274919,-1.5468218326568604,0.5957908630371094
156493,8725855,false_start_3,11,5,-6.74152946472168,-5.029336929321289,-6.6438140869140625,-5.181099891662598,-5.078556060791016,-5.181099891662598,0.057070321115940834,0.08863662187723492,0.057070321115940834,0.04921913146972656,0.1517629623413086
156493,8725855,false_start_3,11,6,-6.74152946472168,-5.029336929321289,-6.488225936889648,-5.441991806030273,-4.859963417053223,-5.441991806030273,0.14794103034259348,0.24100962256121877,0.14794103034259348,-0.1693735122680664,0.4126548767089844
156493,8725855,false_start_3,11,7,-6.74152946472168,-5.029336929321289,-6.878011703491211,-4.948786735534668,-5.101153373718262,-4.948786735534668,-0.07971196927196936,-0.04704505604434533,-0.07971196927196936,0.07181644439697266,-0.0805501937866211
156493,8725855,false_start_3,11,8,-6.74152946472168,-5.029336929321289,-6.747142791748047,-5.057572364807129,-5.291926383972168,-5.057572364807129,-0.003278443814179186,0.01649080632116941,-0.003278443814179186,0.2625894546508789,0.028235435485839844
156493,8725855,false_start_3,11,9,-6.74152946472168,-5.029336929321289,-6.652502059936523,-5.1427106857299805,-4.397775650024414,-5.1427106857299805,0.05199614117248647,0.06621554180656401,0.05199614117248647,-0.631561279296875,0.1133737564086914
156493,8725855,false_start_3,11,10,-6.74152946472168,-5.029336929321289,-6.669565200805664,-5.138439178466797,-4.626340866088867,-5.138439178466797,0.04203047404314668,0.06372078308354183,0.04203047404314668,-0.4029960632324219,0.10910224914550781
156493,8725855,false_start_3,11,11,-6.74152946472168,-5.029336929321289,-6.810604095458984,-4.97830867767334,-3.438606023788452,-4.97830867767334,-0.040342793996092155,-0.0298028700586622,-0.040342793996092155,-1.590730905532837,-0.05102825164794922
156493,2259180,false_start_3,0,0,-1.296339511871338,-0.16143757104873657,-1.2936890125274658,-0.1499367356300354,0.008327245712280273,-0.1499367356300354,0.0023354434850564546,-0.010133770156710737,-0.010133770156710737,-0.16976481676101685,-0.011500835418701172
156493,2259180,false_start_3,0,1,-1.296339511871338,-0.16143757104873657,-1.3020561933517456,-0.14407360553741455,-0.047106027603149414,-0.14407360553741455,-0.005037158960415683,-0.015299969879984738,-0.015299969879984738,-0.11433154344558716,-0.01736396551132202
156493,2259180,false_start_3,0,2,-1.296339511871338,-0.16143757104873657,-1.2998778820037842,-0.15469592809677124,0.7980484366416931,-0.15469592809677124,-0.0031177760872288245,-0.005940286741494903,-0.005940286741494903,-0.9594860076904297,-0.006741642951965332
156493,2259180,false_start_3,0,3,-1.296339511871338,-0.16143757104873657,-1.2432056665420532,-0.21148169040679932,0.2561732232570648,-0.21148169040679932,0.04681800551928928,0.04409554478494388,0.04409554478494388,-0.4176107943058014,0.050044119358062744
156493,2259180,false_start_3,0,4,-1.296339511871338,-0.16143757104873657,-0.5733304023742676,-0.7724453806877136,0.5166337490081787,-0.7724453806877136,0.6370674711975712,0.5383793856199642,0.5383793856199642,-0.6780713200569153,0.611007809638977
156493,2259180,false_start_3,0,5,-1.296339511871338,-0.16143757104873657,-1.3266024589538574,-0.17978578805923462,0.23501738905906677,-0.17978578805923462,-0.026665693302616346,0.016167226744892925,-0.026665693302616346,-0.39645496010780334,0.018348217010498047
156493,2259180,false_start_3,0,6,-1.296339511871338,-0.16143757104873657,-1.2948955297470093,-0.09957116842269897,0.5145108699798584,-0.09957116842269897,0.0012723408713901608,-0.05451255337636968,-0.05451255337636968,-0.675948441028595,-0.0618664026260376
156493,2259180,false_start_3,0,7,-1.296339511871338,-0.16143757104873657,-1.2851569652557373,0.1519984006881714,-0.018481969833374023,0.1519984006881714,0.00985331526307483,-0.2761789018615325,-0.2761789018615325,-0.14295560121536255,-0.31343597173690796
156493,2259180,false_start_3,0,8,-1.296339511871338,-0.16143757104873657,-1.2878642082214355,-0.10918301343917847,0.5637648701667786,-0.10918301343917847,0.00746787307787954,-0.04604323574570934,-0.04604323574570934,-0.7252024412155151,-0.052254557609558105
156493,2259180,false_start_3,0,9,-1.296339511871338,-0.16143757104873657,-1.2882801294326782,-0.1657949686050415,-0.27338504791259766,-0.1657949686050415,0.007101391009004756,0.0038394485017327544,0.0038394485017327544,0.11194747686386108,0.004357397556304932
156493,2259180,false_start_3,0,10,-1.296339511871338,-0.16143757104873657,-1.3192663192749023,-0.15790987014770508,-0.09277713298797607,-0.15790987014770508,-0.020201575641809733,-0.0031083750711312914,-0.020201575641809733,-0.0686604380607605,-0.003527700901031494
156493,2259180,false_start_3,0,11,-1.296339511871338,-0.16143757104873657,-1.2764148712158203,-0.11917459964752197,-0.5477017164230347,-0.11917459964752197,0.017556266263035705,-0.03723931546947703,-0.03723931546947703,0.3862641453742981,-0.0422629714012146
156493,2259180,false_start_3,1,0,-1.296339511871338,-0.16143757104873657,-1.330642819404602,-0.12017548084259033,-0.4869278073310852,-0.12017548084259033,-0.030225789823216255,-0.03635740562417101,-0.03635740562417101,0.32549023628234863,-0.04126209020614624
156493,2259180,false_start_3,1,1,-1.296339511871338,-0.16143757104873657,-1.273386836051941,-0.17429262399673462,-0.10933977365493774,-0.17429262399673462,0.020224369166873025,0.011327016445738412,0.011327016445738412,-0.05209779739379883,0.012855052947998047
156493,2259180,false_start_3,1,2,-1.296339511871338,-0.16143757104873657,-1.1862527132034302,-0.3426668643951416,0.015065312385559082,-0.3426668643951416,0.09700115464435143,0.15968718250234565,0.09700115464435143,-0.17650288343429565,0.18122929334640503
156493,2259180,false_start_3,1,3,-1.296339511871338,-0.16143757104873657,-1.2545605897903442,-0.10426974296569824,-0.17990565299987793,-0.10426974296569824,0.03681280344864984,-0.050372482438087875,-0.050372482438087875,0.018468081951141357,-0.05716782808303833
156493,2259180,false_start_3,1,4,-1.296339511871338,-0.16143757104873657,-1.2184042930603027,-0.20866572856903076,0.3313233554363251,-0.20866572856903076,0.0686713239335427,0.04161430677091116,0.04161430677091116,-0.49276092648506165,0.04722815752029419
156493,2259180,false_start_3,1,5,-1.296339511871338,-0.16143757104873657,-1.2857354879379272,-0.14987480640411377,-0.31630241870880127,-0.14987480640411377,0.00934355960808792,-0.010188338065790831,-0.010188338065790831,0.1548648476600647,-0.011562764644622803
156493,2259180,false_start_3,1,6,-1.296339511871338,-0.16143757104873657,-1.221426010131836,-0.21544402837753296,-0.8883870840072632,-0.21544402837753296,0.06600878811186368,0.04758689309285289,0.04758689309285289,0.7269495129585266,0.05400645732879639
156493,2259180,false_start_3,1,7,-1.296339511871338,-0.16143757104873657,-1.3623909950256348,0.034329116344451904,-0.24519425630569458,0.034329116344451904,-0.058200167590180825,-0.17249656587184314,-0.17249656587184314,0.08375668525695801,-0.19576668739318848
156493,2259180,false_start_3,1,8,-1.296339511871338,-0.16143757104873657,-1.3522148132324219,-0.17457938194274902,-0.14130949974060059,-0.17457938194274902,-0.04923359397956829,0.011579688448225742,-0.04923359397956829,-0.020128071308135986,0.013141810894012451
156493,2259180,false_start_3,1,9,-1.296339511871338,-0.16143757104873657,-1.2966828346252441,-0.10611605644226074,0.48468834161758423,-0.10611605644226074,-0.000302513143697157,-0.04874563397642761,-0.04874563397642761,-0.6461259126663208,-0.05532151460647583
156493,2259180,false_start_3,1,10,-1.296339511871338,-0.16143757104873657,-1.3077092170715332,-0.17566752433776855,-0.025382518768310547,-0.17566752433776855,-0.010018226942104184,0.012538487050888121,-0.010018226942104184,-0.13605505228042603,0.014229953289031982
156493,2259180,false_start_3,1,11,-1.296339511871338,-0.16143757104873657,-1.3632142543792725,-0.10477346181869507,-0.0742836594581604,-0.10477346181869507,-0.05892556889933796,-0.0499286389350697,-0.05892556889933796,-0.08715391159057617,-0.056664109230041504
156493,2259180,false_start_3,2,0,-1.296339511871338,-0.16143757104873657,-1.3171980381011963,-0.09023648500442505,-0.12063133716583252,-0.09023648500442505,-0.018379144029606373,-0.06273765466706617,-0.06273765466706617,-0.04080623388290405,-0.07120108604431152
156493,2259180,false_start_3,2,1,-1.296339511871338,-0.16143757104873657,-1.2703065872192383,-0.18713319301605225,-0.40592873096466064,-0.18713319301605225,0.022938479277980955,0.0226412706182271,0.0226412706182271,0.24449115991592407,0.025695621967315674
156493,2259180,false_start_3,2,2,-1.296339511871338,-0.16143757104873657,-1.3208837509155273,-0.20169538259506226,-0.28093886375427246,-0.20169538259506226,-0.021626748674338562,0.035472502159213826,-0.021626748674338562,0.11950129270553589,0.040257811546325684
156493,2259180,false_start_3,2,3,-1.296339511871338,-0.16143757104873657,-1.3472257852554321,-0.13816958665847778,-0.006261110305786133,-0.13816958665847778,-0.04483759482093296,-0.02050219807835878,-0.04483759482093296,-0.15517646074295044,-0.02326798439025879
156493,2259180,false_start_3,2,4,-1.296339511871338,-0.16143757104873657,-1.2699036598205566,-0.2447338104248047,-0.008894026279449463,-0.2447338104248047,0.023293512064681093,0.0733950981841596,0.023293512064681093,-0.1525435447692871,0.08329623937606812
156493,2259180,false_start_3,2,5,-1.296339511871338,-0.16143757104873657,-1.2533318996429443,-0.22713398933410645,0.5854078531265259,-0.22713398933410645,0.03789544336951324,0.057887308076812076,0.03789544336951324,-0.7468454241752625,0.06569641828536987
156493,2259180,false_start_3,2,6,-1.296339511871338,-0.16143757104873657,-1.2404439449310303,-0.23904919624328613,-0.09320998191833496,-0.23904919624328613,0.0492514506581893,0.06838619479167952,0.0492514506581893,-0.06822758913040161,0.07761162519454956
156493,2259180,false_start_3,2,7,-1.296339511871338,-0.16143757104873657,-1.3165781497955322,-0.10559320449829102,-0.06711888313293457,-0.10559320449829102,-0.017832939742375396,-0.04920633628484974,-0.04920633628484974,-0.094318687915802,-0.05584436655044556
156493,2259180,false_start_3,2,8,-1.296339511871338,-0.16143757104873657,-1.319519281387329,-0.18937933444976807,-0.12320822477340698,-0.18937933444976807,-0.020424469006714373,0.02462042084515135,-0.020424469006714373,-0.03822934627532959,0.027941763401031494
156493,2259180,false_start_3,2,9,-1.296339511871338,-0.16143757104873657,-1.2930574417114258,-0.16863375902175903,-0.04836845397949219,-0.16863375902175903,0.0028919416223160163,0.006340801539035618,0.0028919416223160163,-0.11306911706924438,0.007196187973022461
156493,2259180,false_start_3,2,10,-1.296339511871338,-0.16143757104873657,-1.347786784172058,-0.14592361450195312,0.027785122394561768,-0.14592361450195312,-0.045331909700877,-0.013669865200458287,-0.045331909700877,-0.18922269344329834,-0.015513956546783447
156493,2259180,false_start_3,2,11,-1.296339511871338,-0.16143757104873657,-1.3067110776901245,0.013013780117034912,-0.05610400438308716,0.013013780117034912,-0.009138733000376303,-0.15371491129826195,-0.15371491129826195,-0.10533356666564941,-0.17445135116577148
156493,2259180,false_start_3,3,0,-1.296339511871338,-0.16143757104873657,-1.3311408758163452,-0.11712193489074707,-0.10182821750640869,-0.11712193489074707,-0.030664643960149146,-0.03904798693521361,-0.03904798693521361,-0.05960935354232788,-0.0443156361579895
156493,2259180,false_start_3,3,1,-1.296339511871338,-0.16143757104873657,-1.272910714149475,-0.17770588397979736,-0.25275927782058716,-0.17770588397979736,0.02064389607518082,0.014334553802303984,0.014334553802303984,0.09132170677185059,0.01626831293106079
156493,2259180,false_start_3,3,2,-1.296339511871338,-0.16143757104873657,-1.1905666589736938,-0.2722981572151184,-0.5462436079978943,-0.2722981572151184,0.09319999296236783,0.09768296464981609,0.09319999296236783,0.3848060369491577,0.11086058616638184
156493,2259180,false_start_3,3,3,-1.296339511871338,-0.16143757104873657,-1.019917607307434,-0.4627753496170044,-0.5485031604766846,-0.4627753496170044,0.24356457119418376,0.2655187798426459,0.24356457119418376,0.387065589427948,0.3013377785682678
156493,2259180,false_start_3,3,4,-1.296339511871338,-0.16143757104873657,-1.2840640544891357,-0.2512979507446289,0.6399688124656677,-0.2512979507446289,0.010816315437177447,0.07917898142879164,0.010816315437177447,-0.8014063835144043,0.08986037969589233
156493,2259180,false_start_3,3,5,-1.296339511871338,-0.16143757104873657,-1.278741478919983,-0.1418607234954834,-0.2665098309516907,-0.1418607234954834,0.015506214518057435,-0.01724981414611332,-0.01724981414611332,0.1050722599029541,-0.019576847553253174
156493,2259180,false_start_3,3,6,-1.296339511871338,-0.16143757104873657,-1.2791746854782104,-0.1756795048713684,-0.22790175676345825,-0.1756795048713684,0.015124501752711786,0.01254904349913172,0.01254904349913172,0.06646418571472168,0.014241933822631836
156493,2259180,false_start_3,3,7,-1.296339511871338,-0.16143757104873657,-1.2704691886901855,-0.18551546335220337,-0.7079150080680847,-0.18551546335220337,0.02279520569186883,0.021215834987483258,0.021215834987483258,0.5464774370193481,0.024077892303466797
156493,2259180,false_start_3,3,8,-1.296339511871338,-0.16143757104873657,-1.2896592617034912,-0.15591919422149658,-0.03862428665161133,-0.15591919422149658,0.005886191509201835,-0.004862426108144772,-0.004862426108144772,-0.12281328439712524,-0.00551837682723999
156493,2259180,false_start_3,3,9,-1.296339511871338,-0.16143757104873657,-1.362314224243164,-0.08739495277404785,-0.3287479281425476,-0.08739495277404785,-0.05813252228999299,-0.06524142360794717,-0.06524142360794717,0.16731035709381104,-0.07404261827468872
156493,2259180,false_start_3,3,10,-1.296339511871338,-0.16143757104873657,-1.2875176668167114,-0.1853722333908081,-0.24144887924194336,-0.1853722333908081,0.0077732222822988585,0.021089630285347098,0.0077732222822988585,0.08001130819320679,0.023934662342071533
156493,2259180,false_start_3,3,11,-1.296339511871338,-0.16143757104873657,-1.3468877077102661,-0.09360522031784058,0.24939560890197754,-0.09360522031784058,-0.04453970340582007,-0.05976934948382382,-0.05976934948382382,-0.4108331799507141,-0.067832350730896
156493,2259180,false_start_3,4,0,-1.296339511871338,-0.16143757104873657,-1.2637401819229126,-0.12913501262664795,-0.224370539188385,-0.12913501262664795,0.028724358269047102,-0.02846286296653527,-0.02846286296653527,0.06293296813964844,-0.03230255842208862
156493,2259180,false_start_3,4,1,-1.296339511871338,-0.16143757104873657,-1.3190536499023438,-0.21895039081573486,0.5911105871200562,-0.21895039081573486,-0.020014185555575104,0.05067646613178912,-0.020014185555575104,-0.7525481581687927,0.05751281976699829
156493,2259180,false_start_3,4,2,-1.296339511871338,-0.16143757104873657,-1.1293425559997559,-0.26808589696884155,-0.4949922561645508,-0.26808589696884155,0.14714659466573743,0.09397140147879558,0.09397140147879558,0.3335546851158142,0.10664832592010498
156493,2259180,false_start_3,4,3,-1.296339511871338,-0.16143757104873657,-1.2040839195251465,-0.22120589017868042,-0.4692765474319458,-0.22120589017868042,0.08128948328286634,0.052663861942664834,0.052663861942664834,0.30783897638320923,0.05976831912994385
156493,2259180,false_start_3,4,4,-1.296339511871338,-0.16143757104873657,-1.3315916061401367,-0.15898150205612183,-0.8100544214248657,-0.15898150205612183,-0.03106179750053767,-0.002164124409580738,-0.03106179750053767,0.6486168503761292,-0.002456068992614746
156493,2259180,false_start_3,4,5,-1.296339511871338,-0.16143757104873657,-1.2976044416427612,-0.16451311111450195,-0.10924661159515381,-0.16451311111450195,-0.001114571863809213,0.0027099610593106956,-0.001114571863809213,-0.052190959453582764,0.003075540065765381
156493,2259180,false_start_3,4,6,-1.296339511871338,-0.16143757104873657,-1.4345817565917969,0.03708004951477051,-0.16215980052947998,0.03708004951477051,-0.12180985840966845,-0.17492050495535963,-0.17492050495535963,0.0007222294807434082,-0.19851762056350708
156493,2259180,false_start_3,4,7,-1.296339511871338,-0.16143757104873657,-1.4026073217391968,-0.12395447492599487,-0.29200810194015503,-0.12395447492599487,-0.09363611607786457,-0.03302760773813916,-0.09363611607786457,0.13057053089141846,-0.0374830961227417
156493,2259180,false_start_3,4,8,-1.296339511871338,-0.16143757104873657,-1.282307505607605,-0.15569555759429932,-0.2954452633857727,-0.15569555759429932,0.012364069316475228,-0.005059479808691948,-0.005059479808691948,0.13400769233703613,-0.005742013454437256
156493,2259180,false_start_3,4,9,-1.296339511871338,-0.16143757104873657,-1.205496072769165,-0.18803691864013672,0.03621804714202881,-0.18803691864013672,0.08004518790083977,0.023437573445438262,0.023437573445438262,-0.19765561819076538,0.026599347591400146
156493,2259180,false_start_3,4,10,-1.296339511871338,-0.16143757104873657,-1.3101909160614014,-0.15679341554641724,-0.3585292100906372,-0.15679341554641724,-0.012204934798176203,-0.004092120504220084,-0.012204934798176203,0.19709163904190063,-0.004644155502319336
156493,2259180,false_start_3,4,11,-1.296339511871338,-0.16143757104873657,-1.1201107501983643,-0.5591683387756348,-0.6102513670921326,-0.5591683387756348,0.15528104705261075,0.350453861624921,0.15528104705261075,0.448813796043396,0.3977307677268982
156493,2259180,false_start_3,5,0,-1.296339511871338,-0.16143757104873657,-1.2960941791534424,-0.09411537647247314,0.4452325999736786,-0.09411537647247314,0.00021617085060026013,-0.05931983385936133,-0.05931983385936133,-0.6066701710224152,-0.06732219457626343
156493,2259180,false_start_3,5,1,-1.296339511871338,-0.16143757104873657,-1.2644546031951904,-0.19637691974639893,0.12938529253005981,-0.19637691974639893,0.0280948578280134,0.03078622693370104,0.0280948578280134,-0.2908228635787964,0.034939348697662354
156493,2259180,false_start_3,5,2,-1.296339511871338,-0.16143757104873657,-1.2628604173660278,-0.21816670894622803,-0.349399209022522,-0.21816670894622803,0.029499548199771068,0.04998593786558595,0.029499548199771068,0.1879616379737854,0.056729137897491455
156493,2259180,false_start_3,5,3,-1.296339511871338,-0.16143757104873657,-1.3682373762130737,-0.0503772497177124,0.23977214097976685,-0.0503772497177124,-0.06335160929377098,-0.09785895797351907,-0.09785895797351907,-0.4012097120285034,-0.11106032133102417
156493,2259180,false_start_3,5,4,-1.296339511871338,-0.16143757104873657,-1.225364327430725,-0.22091293334960938,-0.2518528699874878,-0.22091293334960938,0.06253860522008488,0.05240572789730519,0.05240572789730519,0.09041529893875122,0.0594753623008728
156493,2259180,false_start_3,5,5,-1.296339511871338,-0.16143757104873657,-1.262726902961731,-0.15431272983551025,0.3411421775817871,-0.15431272983551025,0.029617192200097738,-0.006277935526361053,-0.006277935526361053,-0.5025797486305237,-0.007124841213226318
156493,2259180,false_start_3,5,6,-1.296339511871338,-0.16143757104873657,-1.2420847415924072,-0.21263819932937622,-0.24568039178848267,-0.21263819932937622,0.0478056899256033,0.045114583418130676,0.045114583418130676,0.0842428207397461,0.05120062828063965
156493,2259180,false_start_3,5,7,-1.296339511871338,-0.16143757104873657,-1.1863648891448975,-0.2594591975212097,-1.1063716411590576,-0.2594591975212097,0.09690231267621982,0.08637012850768848,0.08637012850768848,0.944934070110321,0.09802162647247314
156493,2259180,false_start_3,5,8,-1.296339511871338,-0.16143757104873657,-1.268447756767273,-0.14903372526168823,0.03247302770614624,-0.14903372526168823,0.02457635686467185,-0.010929442748205863,-0.010929442748205863,-0.1939105987548828,-0.01240384578704834
156493,2259180,false_start_3,5,9,-1.296339511871338,-0.16143757104873657,-1.2549225091934204,-0.21755719184875488,-0.6783768534660339,-0.21755719184875488,0.03649390417633575,0.049448871996237494,0.03649390417633575,0.5169392824172974,0.05611962080001831
156493,2259180,false_start_3,5,10,-1.296339511871338,-0.16143757104873657,-1.2794519662857056,-0.16718268394470215,-0.054551780223846436,-0.16718268394470215,0.01488018037346193,0.0050622108301281036,0.0050622108301281036,-0.10688579082489014,0.005745112895965576
156493,2259180,false_start_3,5,11,-1.296339511871338,-0.16143757104873657,-1.2416166067123413,-0.2325018048286438,0.32938218116760254,-0.2325018048286438,0.048218179201748694,0.06261706956673133,0.048218179201748694,-0.4908197522163391,0.07106423377990723
156493,2259180,false_start_3,6,0,-1.296339511871338,-0.16143757104873657,-1.4279135465621948,-0.08471298217773438,0.2936694920063019,-0.08471298217773438,-0.11593427586835321,-0.0676045974645092,-0.11593427586835321,-0.45510706305503845,-0.0767245888710022
156493,2259180,false_start_3,6,1,-1.296339511871338,-0.16143757104873657,-1.2491451501846313,-0.22993963956832886,-0.0300104022026062,-0.22993963956832886,0.04158452813332847,0.06035946019260529,0.04158452813332847,-0.13142716884613037,0.06850206851959229
156493,2259180,false_start_3,6,2,-1.296339511871338,-0.16143757104873657,-1.1698793172836304,-0.2803323268890381,-0.6325564384460449,-0.2803323268890381,0.11142830057726966,0.10476213984983059,0.10476213984983059,0.47111886739730835,0.11889475584030151
156493,2259180,false_start_3,6,3,-1.296339511871338,-0.16143757104873657,-1.244027853012085,-0.19416087865829468,0.06995886564254761,-0.19416087865829468,0.0460935495637062,0.028833599126493296,0.028833599126493296,-0.23139643669128418,0.032723307609558105
156493,2259180,false_start_3,6,4,-1.296339511871338,-0.16143757104873657,-1.218856692314148,-0.19131702184677124,-0.406965434551239,-0.19131702184677124,0.06827269984315008,0.02632778191953518,0.02632778191953518,0.24552786350250244,0.029879450798034668
156493,2259180,false_start_3,6,5,-1.296339511871338,-0.16143757104873657,-1.2765980958938599,-0.18281680345535278,0.1189616322517395,-0.18281680345535278,0.01739482088044455,0.018837955630880393,0.01739482088044455,-0.2803992033004761,0.02137923240661621
156493,2259180,false_start_3,6,6,-1.296339511871338,-0.16143757104873657,-1.390457272529602,-0.07814711332321167,-0.6432007551193237,-0.07814711332321167,-0.0829303019695654,-0.07339000377878832,-0.0829303019695654,0.48176318407058716,-0.0832904577255249
156493,2259180,false_start_3,6,7,-1.296339511871338,-0.16143757104873657,-1.1646292209625244,-0.21429389715194702,-0.13958054780960083,-0.21429389715194702,0.11605433577225802,0.04657347406146741,0.04657347406146741,-0.021857023239135742,0.05285632610321045
156493,2259180,false_start_3,6,8,-1.296339511871338,-0.16143757104873657,-1.2988523244857788,-0.14650416374206543,-0.353368878364563,-0.14650416374206543,-0.002214123109719574,-0.013158323877609275,-0.013158323877609275,0.19193130731582642,-0.014933407306671143
156493,2259180,false_start_3,6,9,-1.296339511871338,-0.16143757104873657,-1.2139647006988525,-0.24252694845199585,-0.2760758399963379,-0.24252694845199585,0.07258319702297655,0.07145055840197431,0.07145055840197431,0.11463826894760132,0.08108937740325928
156493,2259180,false_start_3,6,10,-1.296339511871338,-0.16143757104873657,-1.295283317565918,-0.16152167320251465,0.17016386985778809,-0.16152167320251465,0.0009306480740127818,7.410521627720288e-05,7.410521627720288e-05,-0.33160144090652466,8.410215377807617e-05
156493,2259180,false_start_3,6,11,-1.296339511871338,-0.16143757104873657,-1.2399702072143555,-0.23953384160995483,-0.8561227321624756,-0.23953384160995483,0.04966887678077697,0.06881323200893674,0.04966887678077697,0.694685161113739,0.07809627056121826
156493,2259180,false_start_3,7,0,-1.296339511871338,-0.16143757104873657,-1.4361469745635986,-0.06855475902557373,-0.20297425985336304,-0.06855475902557373,-0.12318902423492667,-0.08184214748618668,-0.12318902423492667,0.041536688804626465,-0.09288281202316284
156493,2259180,false_start_3,7,1,-1.296339511871338,-0.16143757104873657,-1.2367430925369263,-0.2186313271522522,-0.6296624541282654,-0.2186313271522522,0.05251239529224424,0.05039532848279417,0.05039532848279417,0.4682248830795288,0.057193756103515625
156493,2259180,false_start_3,7,2,-1.296339511871338,-0.16143757104873657,-1.3261817693710327,-0.13745403289794922,-0.7717828750610352,-0.13745403289794922,-0.026295009662301323,-0.02113269639260954,-0.026295009662301323,0.6103453040122986,-0.023983538150787354
156493,2259180,false_start_3,7,3,-1.296339511871338,-0.16143757104873657,-1.5182435512542725,0.04662829637527466,-0.9131132364273071,0.04662829637527466,-0.1955270595643653,-0.18333378412693577,-0.1955270595643653,0.7516756653785706,-0.20806586742401123
156493,2259180,false_start_3,7,4,-1.296339511871338,-0.16143757104873657,-1.1756350994110107,-0.21247625350952148,0.16681760549545288,-0.21247625350952148,0.10635668873104402,0.04497188754809158,0.04497188754809158,-0.32825517654418945,0.05103868246078491
156493,2259180,false_start_3,7,5,-1.296339511871338,-0.16143757104873657,-1.382878303527832,-0.12571871280670166,-0.8320420980453491,-0.12571871280670166,-0.07625221928316464,-0.031473078824893995,-0.07625221928316464,0.6706045269966125,-0.03571885824203491
156493,2259180,false_start_3,7,6,-1.296339511871338,-0.16143757104873657,-1.226844072341919,-0.266986608505249,0.03034156560897827,-0.266986608505249,0.06123475256289293,0.09300278170289165,0.06123475256289293,-0.19177913665771484,0.10554903745651245
156493,2259180,false_start_3,7,7,-1.296339511871338,-0.16143757104873657,-1.2761987447738647,-0.12710130214691162,-0.21046340465545654,-0.12710130214691162,0.017746702488564504,-0.030254833185796904,-0.030254833185796904,0.04902583360671997,-0.03433626890182495
156493,2259180,false_start_3,7,8,-1.296339511871338,-0.16143757104873657,-1.3375550508499146,-0.10674154758453369,-0.1196790337562561,-0.10674154758453369,-0.03631638778298568,-0.04819449284275435,-0.04819449284275435,-0.04175853729248047,-0.05469602346420288
156493,2259180,false_start_3,7,9,-1.296339511871338,-0.16143757104873657,-1.2779124975204468,-0.18867284059524536,-0.1572873592376709,-0.18867284059524536,0.016236657712942863,0.023997905516637042,0.016236657712942863,-0.004150211811065674,0.02723526954650879
156493,2259180,false_start_3,7,10,-1.296339511871338,-0.16143757104873657,-1.2882508039474487,-0.1844690442085266,-0.3828335404396057,-0.1844690442085266,0.007127230673362221,0.020293800134922962,0.007127230673362221,0.22139596939086914,0.02303147315979004
156493,2259180,false_start_3,7,11,-1.296339511871338,-0.16143757104873657,-1.3678351640701294,-0.115012526512146,-1.1451294422149658,-0.115012526512146,-0.06299720674278689,-0.04090665710108902,-0.06299720674278689,0.9836918711662292,-0.046425044536590576
156493,2259180,false_start_3,8,0,-1.296339511871338,-0.16143757104873657,-1.3387514352798462,-0.11890983581542969,0.506352424621582,-0.11890983581542969,-0.037370562057341475,-0.03747260772369626,-0.03747260772369626,-0.6677899956703186,-0.042527735233306885
156493,2259180,false_start_3,8,1,-1.296339511871338,-0.16143757104873657,-1.2629286050796509,-0.19360756874084473,0.1858254075050354,-0.19360756874084473,0.02943946572817566,0.028346059280496647,0.028346059280496647,-0.347262978553772,0.032169997692108154
156493,2259180,false_start_3,8,2,-1.296339511871338,-0.16143757104873657,-1.2221016883850098,-0.16292351484298706,-1.018850564956665,-0.16292351484298706,0.06541342543878192,0.0013093147000642579,0.0013093147000642579,0.8574129939079285,0.0014859437942504883
156493,2259180,false_start_3,8,3,-1.296339511871338,-0.16143757104873657,-1.4458056688308716,-0.022112369537353516,-0.8262417912483215,-0.022112369537353516,-0.13169962230498736,-0.12276408780338957,-0.13169962230498736,0.664804220199585,-0.13932520151138306
156493,2259180,false_start_3,8,4,-1.296339511871338,-0.16143757104873657,-1.2315257787704468,-0.2856612205505371,0.9940879940986633,-0.2856612205505371,0.05710954468358097,0.10945760601286889,0.05710954468358097,-1.1555255651474,0.12422364950180054
156493,2259180,false_start_3,8,5,-1.296339511871338,-0.16143757104873657,-1.401862382888794,-0.047684431076049805,-0.49341195821762085,-0.047684431076049805,-0.09297972557961334,-0.10023169040510764,-0.10023169040510764,0.3319743871688843,-0.11375313997268677
156493,2259180,false_start_3,8,6,-1.296339511871338,-0.16143757104873657,-1.344015121459961,-0.10797768831253052,-0.5172868967056274,-0.10797768831253052,-0.042008571730934516,-0.04710528796651558,-0.04710528796651558,0.35584932565689087,-0.053459882736206055
156493,2259180,false_start_3,8,7,-1.296339511871338,-0.16143757104873657,-1.4606572389602661,-0.0214766263961792,-0.39193928241729736,-0.0214766263961792,-0.14478583671275352,-0.12332426231565934,-0.14478583671275352,0.2305017113685608,-0.13996094465255737
156493,2259180,false_start_3,8,8,-1.296339511871338,-0.16143757104873657,-1.1883419752120972,-0.24116134643554688,-0.7123364806175232,-0.24116134643554688,0.095160236117811,0.07024728086113308,0.07024728086113308,0.5508989095687866,0.0797237753868103
156493,2259180,false_start_3,8,9,-1.296339511871338,-0.16143757104873657,-1.2512524127960205,-0.17492562532424927,-0.17167317867279053,-0.17492562532424927,0.03972774867460116,0.011884775054430046,0.011884775054430046,0.010235607624053955,0.013488054275512695
156493,2259180,false_start_3,8,10,-1.296339511871338,-0.16143757104873657,-1.2813408374786377,-0.17014789581298828,-0.44134265184402466,-0.17014789581298828,0.013215832886697535,0.007674958030240285,0.007674958030240285,0.2799050807952881,0.008710324764251709
156493,2259180,false_start_3,8,11,-1.296339511871338,-0.16143757104873657,-1.269737958908081,-0.1450757384300232,-0.44562065601348877,-0.1450757384300232,0.023439516672229373,-0.014416957122175658,-0.014416957122175658,0.2841830849647522,-0.01636183261871338
156493,2259180,false_start_3,9,0,-1.296339511871338,-0.16143757104873657,-1.3530480861663818,-0.10651010274887085,0.04718947410583496,-0.10651010274887085,-0.04996781858874993,-0.048398426616534915,-0.04996781858874993,-0.20862704515457153,-0.05492746829986572
156493,2259180,false_start_3,9,1,-1.296339511871338,-0.16143757104873657,-1.2820730209350586,-0.18852216005325317,-0.24791669845581055,-0.18852216005325317,0.012570681592048947,0.023865135859125513,0.012570681592048947,0.08647912740707397,0.0270845890045166
156493,2259180,false_start_3,9,2,-1.296339511871338,-0.16143757104873657,-1.4021143913269043,-0.1224246621131897,-0.2628023028373718,-0.1224246621131897,-0.09320177863022994,-0.03437557689545361,-0.09320177863022994,0.10136473178863525,-0.039012908935546875
156493,2259180,false_start_3,9,3,-1.296339511871338,-0.16143757104873657,-1.213686227798462,-0.178477942943573,0.9716057777404785,-0.178477942943573,0.07282856879508648,0.015014840738121567,0.015014840738121567,-1.133043348789215,0.017040371894836426
156493,2259180,false_start_3,9,4,-1.296339511871338,-0.16143757104873657,-1.0898606777191162,-0.3724902272224426,0.6949239373207092,-0.3724902272224426,0.18193539611233847,0.18596554343781505,0.18193539611233847,-0.8563615083694458,0.21105265617370605
156493,2259180,false_start_3,9,5,-1.296339511871338,-0.16143757104873657,-1.3897628784179688,-0.060109853744506836,-0.2458856701850891,-0.060109853744506836,-0.08231844812858069,-0.0892832355461347,-0.0892832355461347,0.08444809913635254,-0.10132771730422974
156493,2259180,false_start_3,9,6,-1.296339511871338,-0.16143757104873657,-0.5502297282218933,-0.8498966097831726,0.8768522143363953,-0.8498966097831726,0.6574222466380207,0.6066242500523227,0.6066242500523227,-1.0382897853851318,0.688459038734436
156493,2259180,false_start_3,9,7,-1.296339511871338,-0.16143757104873657,-1.2061843872070312,-0.23346179723739624,-0.7078089714050293,-0.23346179723739624,0.07943869106344137,0.0634629509369373,0.0634629509369373,0.5463714003562927,0.07202422618865967
156493,2259180,false_start_3,9,8,-1.296339511871338,-0.16143757104873657,-1.3081543445587158,-0.13198333978652954,0.06140708923339844,-0.13198333978652954,-0.010410443636050428,-0.02595310678635193,-0.02595310678635193,-0.222844660282135,-0.02945423126220703
156493,2259180,false_start_3,9,9,-1.296339511871338,-0.16143757104873657,-1.1817107200622559,-0.27156853675842285,-0.13905930519104004,-0.27156853675842285,0.1010032564804644,0.09704007169981663,0.09704007169981663,-0.022378265857696533,0.11013096570968628
156493,2259180,false_start_3,9,10,-1.296339511871338,-0.16143757104873657,-1.3349859714508057,-0.14384609460830688,-0.476331889629364,-0.14384609460830688,-0.0340526861302713,-0.015500437357327108,-0.0340526861302713,0.31489431858062744,-0.017591476440429688
156493,2259180,false_start_3,9,11,-1.296339511871338,-0.16143757104873657,-1.3689652681350708,-0.09164011478424072,-1.1835455894470215,-0.09164011478424072,-0.06399297917412336,-0.061500869593989024,-0.06399297917412336,1.022108018398285,-0.06979745626449585
156493,2259180,false_start_3,10,0,-1.296339511871338,-0.16143757104873657,-1.315513014793396,-0.12159180641174316,-0.7516818046569824,-0.12159180641174316,-0.016894413721912166,-0.035109433867134235,-0.035109433867134235,0.5902442336082458,-0.03984576463699341
156493,2259180,false_start_3,10,1,-1.296339511871338,-0.16143757104873657,-1.281493067741394,-0.17589408159255981,-0.4635432958602905,-0.17589408159255981,0.013081697718467929,0.012738114213942442,0.012738114213942442,0.30210572481155396,0.014456510543823242
156493,2259180,false_start_3,10,2,-1.296339511871338,-0.16143757104873657,-1.187421202659607,-0.2580873370170593,0.42011088132858276,-0.2580873370170593,0.09597155956292103,0.08516133640433192,0.08516133640433192,-0.5815484523773193,0.09664976596832275
156493,2259180,false_start_3,10,3,-1.296339511871338,-0.16143757104873657,-1.3562618494033813,-0.10511493682861328,-0.2617420554161072,-0.10511493682861328,-0.052799572700184524,-0.04962775390030564,-0.052799572700184524,0.1003044843673706,-0.05632263422012329
156493,2259180,false_start_3,10,4,-1.296339511871338,-0.16143757104873657,-1.2457051277160645,-0.21712559461593628,0.11274385452270508,-0.21712559461593628,0.04461564680960237,0.049068577261252924,0.04461564680960237,-0.27418142557144165,0.05568802356719971
156493,2259180,false_start_3,10,5,-1.296339511871338,-0.16143757104873657,-0.9523370862007141,-0.4563138484954834,-0.1020885705947876,-0.4563138484954834,0.30311202518632,0.25982533542326497,0.25982533542326497,-0.059349000453948975,0.2948762774467468
156493,2259180,false_start_3,10,6,-1.296339511871338,-0.16143757104873657,-1.2259777784347534,-0.22578829526901245,0.2537394165992737,-0.22578829526901245,0.06199807305429822,0.05670157209673383,0.05670157209673383,-0.41517698764801025,0.06435072422027588
156493,2259180,false_start_3,10,7,-1.296339511871338,-0.16143757104873657,-1.2750887870788574,-0.16926532983779907,-0.4220184087753296,-0.16926532983779907,0.018724723280565972,0.00689729967629518,0.00689729967629518,0.260580837726593,0.0078277587890625
156493,2259180,false_start_3,10,8,-1.296339511871338,-0.16143757104873657,-1.260118007659912,-0.20218956470489502,-0.07111799716949463,-0.20218956470489502,0.031915976974338116,0.03590794251935152,0.031915976974338116,-0.09031957387924194,0.04075199365615845
156493,2259180,false_start_3,10,9,-1.296339511871338,-0.16143757104873657,-1.2064907550811768,-0.2442684769630432,-0.14366477727890015,-0.2442684769630432,0.07916874009840605,0.07298507733123535,0.07298507733123535,-0.017772793769836426,0.08283090591430664
156493,2259180,false_start_3,10,10,-1.296339511871338,-0.16143757104873657,-1.2210173606872559,-0.2349168062210083,-0.36208224296569824,-0.2349168062210083,0.0663688627842921,0.06474500794228301,0.06474500794228301,0.20064467191696167,0.07347923517227173
156493,2259180,false_start_3,10,11,-1.296339511871338,-0.16143757104873657,-1.45185387134552,0.013445794582366943,0.31678810715675354,0.013445794582366943,-0.1370288955197856,-0.15409557367074753,-0.15409557367074753,-0.4782256782054901,-0.17488336563110352
156493,2259180,false_start_3,11,0,-1.296339511871338,-0.16143757104873657,-1.2737010717391968,-0.18033528327941895,-0.007790505886077881,-0.18033528327941895,0.019947485608961323,0.016651405333737386,0.016651405333737386,-0.1536470651626587,0.018897712230682373
156493,2259180,false_start_3,11,1,-1.296339511871338,-0.16143757104873657,-1.291259527206421,-0.16692787408828735,-0.14248377084732056,-0.16692787408828735,0.0044761441338578645,0.00483768935629037,0.0044761441338578645,-0.018953800201416016,0.005490303039550781
156493,2259180,false_start_3,11,2,-1.296339511871338,-0.16143757104873657,-1.033874273300171,-0.4365672469139099,0.16560834646224976,-0.4365672469139099,0.2312668867064643,0.24242594533387918,0.2312668867064643,-0.32704591751098633,0.27512967586517334
156493,2259180,false_start_3,11,3,-1.296339511871338,-0.16143757104873657,-1.1591578722000122,-0.2964438796043396,-0.3108963370323181,-0.2964438796043396,0.12087532388207345,0.11895856699103674,0.11895856699103674,0.14945876598358154,0.13500630855560303
156493,2259180,false_start_3,11,4,-1.296339511871338,-0.16143757104873657,-1.229538917541504,-0.21742194890975952,0.8276190161705017,-0.21742194890975952,0.05886023446344226,0.049329704926263734,0.049329704926263734,-0.9890565872192383,0.05598437786102295
156493,2259180,false_start_3,11,5,-1.296339511871338,-0.16143757104873657,-1.2150903940200806,-0.2417311668395996,0.004024028778076172,-0.2417311668395996,0.0715913110452223,0.07074936864824155,0.07074936864824155,-0.16546159982681274,0.08029359579086304
156493,2259180,false_start_3,11,6,-1.296339511871338,-0.16143757104873657,-1.0530048608779907,-0.3805343508720398,-0.43736928701400757,-0.3805343508720398,0.21441028712751428,0.19305348941821102,0.19305348941821102,0.275931715965271,0.21909677982330322
156493,2259180,false_start_3,11,7,-1.296339511871338,-0.16143757104873657,-1.3149269819259644,-0.13901585340499878,0.10968589782714844,-0.13901585340499878,-0.01637804059190688,-0.01975652418700249,-0.01975652418700249,-0.271123468875885,-0.022421717643737793
156493,2259180,false_start_3,11,8,-1.296339511871338,-0.16143757104873657,-1.2769055366516113,-0.18034714460372925,-0.3368617296218872,-0.18034714460372925,0.017123924561835185,0.016661856742694978,0.016661856742694978,0.17542415857315063,0.018909573554992676
156493,2259180,false_start_3,11,9,-1.296339511871338,-0.16143757104873657,-1.2728253602981567,-0.1859155297279358,0.4590272903442383,-0.1859155297279358,0.020719104203961083,0.021568346831319248,0.020719104203961083,-0.6204648613929749,0.02447795867919922
156493,2259180,false_start_3,11,10,-1.296339511871338,-0.16143757104873657,-1.2451764345169067,-0.211107075214386,-0.16123342514038086,-0.211107075214386,0.0450814960430388,0.04376545882867016,0.04376545882867016,-0.0002041459083557129,0.049669504165649414
156493,2259180,false_start_3,11,11,-1.296339511871338,-0.16143757104873657,-1.3946185111999512,-0.08710300922393799,-0.37411606311798096,-0.08710300922393799,-0.08659690832617534,-0.06549866481937576,-0.08659690832617534,0.21267849206924438,-0.07433456182479858
207786,4393132,false_start_3,0,0,-9.201684951782227,-8.086271286010742,-9.199931144714355,-8.093850135803223,-8.207633972167969,-8.093850135803223,0.001572337798692882,0.006794653880485228,0.001572337798692882,0.12136268615722656,0.007578849792480469
207786,4393132,false_start_3,0,1,-9.201684951782227,-8.086271286010742,-9.198486328125,-8.044007301330566,-7.857488632202148,-8.044007301330566,0.0028676568661315533,-0.037890861459854513,-0.037890861459854513,-0.22878265380859375,-0.04226398468017578
207786,4393132,false_start_3,0,2,-9.201684951782227,-8.086271286010742,-9.246920585632324,-8.046182632446289,-7.903022766113281,-8.046182632446289,-0.040555029257965995,-0.035940615391981505,-0.040555029257965995,-0.18324851989746094,-0.040088653564453125
207786,4393132,false_start_3,0,3,-9.201684951782227,-8.086271286010742,-9.243398666381836,-8.092256546020508,-8.456411361694336,-8.092256546020508,-0.037397528719318465,0.005365955423924158,-0.037397528719318465,0.37014007568359375,0.005985260009765625
207786,4393132,false_start_3,0,4,-9.201684951782227,-8.086271286010742,-8.235814094543457,-8.892775535583496,-7.79531192779541,-8.892775535583496,0.865930629037719,0.7230539434129392,0.7230539434129392,-0.29095935821533203,0.8065042495727539
207786,4393132,false_start_3,0,5,-9.201684951782227,-8.086271286010742,-9.194649696350098,-8.146239280700684,-7.929276466369629,-8.146239280700684,0.0063073061125380045,0.053763008765419854,0.0063073061125380045,-0.15699481964111328,0.059967994689941406
207786,4393132,false_start_3,0,6,-9.201684951782227,-8.086271286010742,-9.2004976272583,-8.242711067199707,-8.017850875854492,-8.242711067199707,0.0010644701247268288,0.1402527026426219,0.0010644701247268288,-0.06842041015625,0.15643978118896484
207786,4393132,false_start_3,0,7,-9.201684951782227,-8.086271286010742,-9.21788501739502,-7.9216413497924805,-8.834397315979004,-7.9216413497924805,-0.014523818480911357,-0.14759540901302673,-0.14759540901302673,0.7481260299682617,-0.16462993621826172
207786,4393132,false_start_3,0,8,-9.201684951782227,-8.086271286010742,-9.189172744750977,-8.085611343383789,-7.831212043762207,-8.085611343383789,0.011217548623627303,-0.0005916572902096109,-0.0005916572902096109,-0.25505924224853516,-0.000659942626953125
207786,4393132,false_start_3,0,9,-9.201684951782227,-8.086271286010742,-9.202173233032227,-8.098388671875,-8.249402046203613,-8.098388671875,-0.0004377579950683826,0.010863580244802478,-0.0004377579950683826,0.1631307601928711,0.012117385864257812
207786,4393132,false_start_3,0,10,-9.201684951782227,-8.086271286010742,-9.216063499450684,-8.073466300964355,-7.928806304931641,-8.073466300964355,-0.012890775960246102,-0.01148003242145151,-0.012890775960246102,-0.15746498107910156,-0.012804985046386719
207786,4393132,false_start_3,0,11,-9.201684951782227,-8.086271286010742,-9.225149154663086,-8.191255569458008,-7.772625923156738,-8.191255569458008,-0.021036323653637667,0.09412138892403873,-0.021036323653637667,-0.3136453628540039,0.10498428344726562
207786,4393132,false_start_3,1,0,-9.201684951782227,-8.086271286010742,-9.161091804504395,-8.104507446289062,-7.71681022644043,-8.104507446289062,0.036392908320479894,0.01634923512050315,0.01634923512050315,-0.3694610595703125,0.018236160278320312
207786,4393132,false_start_3,1,1,-9.201684951782227,-8.086271286010742,-9.220329284667969,-8.052437782287598,-8.039358139038086,-8.052437782287598,-0.016715173444505623,-0.03033269607625197,-0.03033269607625197,-0.04691314697265625,-0.03383350372314453
207786,4393132,false_start_3,1,2,-9.201684951782227,-8.086271286010742,-9.0543794631958,-8.293866157531738,-8.16889476776123,-8.293866157531738,0.1320635501489403,0.18611469259470792,0.1320635501489403,0.08262348175048828,0.2075948715209961
207786,4393132,false_start_3,1,3,-9.201684951782227,-8.086271286010742,-9.17890453338623,-8.066618919372559,-8.146727561950684,-8.066618919372559,0.020423291461325106,-0.017618904305418282,-0.017618904305418282,0.060456275939941406,-0.019652366638183594
207786,4393132,false_start_3,1,4,-9.201684951782227,-8.086271286010742,-9.049921035766602,-8.205657005310059,-8.346939086914062,-8.205657005310059,0.13606065684219165,0.10703268479030366,0.10703268479030366,0.2606678009033203,0.1193857192993164
207786,4393132,false_start_3,1,5,-9.201684951782227,-8.086271286010742,-9.222798347473145,-8.05966567993164,-7.9449920654296875,-8.05966567993164,-0.018928758306286958,-0.023852680754722144,-0.023852680754722144,-0.1412792205810547,-0.026605606079101562
207786,4393132,false_start_3,1,6,-9.201684951782227,-8.086271286010742,-8.997828483581543,-8.259407997131348,-8.634448051452637,-8.259407997131348,0.1827631079449656,0.1552219740833587,0.1552219740833587,0.5481767654418945,0.17313671112060547
207786,4393132,false_start_3,1,7,-9.201684951782227,-8.086271286010742,-9.196553230285645,-8.026776313781738,-8.463933944702148,-8.026776313781738,0.004600733928638607,-0.05333893070769736,-0.05333893070769736,0.37766265869140625,-0.059494972229003906
207786,4393132,false_start_3,1,8,-9.201684951782227,-8.086271286010742,-9.223093032836914,-8.031137466430664,-8.121415138244629,-8.031137466430664,-0.0191929520962794,-0.04942903361502604,-0.04942903361502604,0.03514385223388672,-0.055133819580078125
207786,4393132,false_start_3,1,9,-9.201684951782227,-8.086271286010742,-9.220558166503906,-8.026518821716309,-8.179403305053711,-8.026518821716309,-0.01692037250469393,-0.053569779650409204,-0.053569779650409204,0.09313201904296875,-0.059752464294433594
207786,4393132,false_start_3,1,10,-9.201684951782227,-8.086271286010742,-9.153165817260742,-8.157950401306152,-8.481559753417969,-8.157950401306152,0.04349878077558405,0.06426236067838809,0.04349878077558405,0.39528846740722656,0.07167911529541016
207786,4393132,false_start_3,1,11,-9.201684951782227,-8.086271286010742,-9.222002983093262,-8.138509750366211,-8.375221252441406,-8.138509750366211,-0.0182156915721326,0.046833265503643993,-0.0182156915721326,0.28894996643066406,0.05223846435546875
207786,4393132,false_start_3,2,0,-9.201684951782227,-8.086271286010742,-9.17275619506836,-8.057076454162598,-7.93855094909668,-8.057076454162598,0.025935451215633433,-0.026173995123102336,-0.026173995123102336,-0.1477203369140625,-0.02919483184814453
207786,4393132,false_start_3,2,1,-9.201684951782227,-8.086271286010742,-9.172975540161133,-8.093803405761719,-8.14408016204834,-8.093803405761719,0.02573880211628631,0.006752759072363448,0.006752759072363448,0.057808876037597656,0.0075321197509765625
207786,4393132,false_start_3,2,2,-9.201684951782227,-8.086271286010742,-9.164066314697266,-8.198570251464844,-8.19614028930664,-8.198570251464844,0.033726175534116054,0.10067920888922328,0.033726175534116054,0.10986900329589844,0.11229896545410156
207786,4393132,false_start_3,2,3,-9.201684951782227,-8.086271286010742,-9.228900909423828,-8.038678169250488,-7.84217643737793,-8.038678169250488,-0.024399878248557622,-0.042668579577905534,-0.042668579577905534,-0.2440948486328125,-0.047593116760253906
207786,4393132,false_start_3,2,4,-9.201684951782227,-8.086271286010742,-9.238042831420898,-8.063694953918457,-7.184077262878418,-8.063694953918457,-0.03259587071091214,-0.02024032229932387,-0.03259587071091214,-0.9021940231323242,-0.022576332092285156
207786,4393132,false_start_3,2,5,-9.201684951782227,-8.086271286010742,-9.17258358001709,-8.132944107055664,-8.279133796691895,-8.132944107055664,0.02609020550685878,0.04184350835673173,0.02609020550685878,0.19286251068115234,0.046672821044921875
207786,4393132,false_start_3,2,6,-9.201684951782227,-8.086271286010742,-9.226015090942383,-8.065881729125977,-8.216436386108398,-8.065881729125977,-0.021812660098016752,-0.018279816278441444,-0.021812660098016752,0.13016510009765625,-0.020389556884765625
207786,4393132,false_start_3,2,7,-9.201684951782227,-8.086271286010742,-9.217669486999512,-7.996413230895996,-8.054692268371582,-7.996413230895996,-0.014330589365900703,-0.08056029603384417,-0.08056029603384417,-0.031579017639160156,-0.0898580551147461
207786,4393132,false_start_3,2,8,-9.201684951782227,-8.086271286010742,-9.191286087036133,-8.025954246520996,-8.416034698486328,-8.025954246520996,0.00932287730122196,-0.054075937332207016,-0.054075937332207016,0.32976341247558594,-0.060317039489746094
207786,4393132,false_start_3,2,9,-9.201684951782227,-8.086271286010742,-9.234949111938477,-8.130765914916992,-8.824172973632812,-8.130765914916992,-0.029822263414033563,0.03989069730060636,-0.029822263414033563,0.7379016876220703,0.04449462890625
207786,4393132,false_start_3,2,10,-9.201684951782227,-8.086271286010742,-9.217287063598633,-8.070524215698242,-6.98280143737793,-8.070524215698242,-0.013987735936169412,-0.014117695340955338,-0.014117695340955338,-1.1034698486328125,-0.0157470703125
207786,4393132,false_start_3,2,11,-9.201684951782227,-8.086271286010742,-9.130915641784668,-8.01054859161377,-8.247303009033203,-8.01054859161377,0.06344669441413958,-0.06788754407504814,-0.06788754407504814,0.16103172302246094,-0.07572269439697266
207786,4393132,false_start_3,3,0,-9.201684951782227,-8.086271286010742,-9.164661407470703,-8.127714157104492,-8.370675086975098,-8.127714157104492,0.03319265797762646,0.037154709831428975,0.03319265797762646,0.28440380096435547,0.04144287109375
207786,4393132,false_start_3,3,1,-9.201684951782227,-8.086271286010742,-9.2227783203125,-8.014154434204102,-7.785730361938477,-8.014154434204102,-0.01891080338852048,-0.06465480388099823,-0.06465480388099823,-0.3005409240722656,-0.07211685180664062
207786,4393132,false_start_3,3,2,-9.201684951782227,-8.086271286010742,-9.157295227050781,-8.17696475982666,-7.9958648681640625,-8.17696475982666,0.03979664773135339,0.08130927260353148,0.03979664773135339,-0.09040641784667969,0.09069347381591797
207786,4393132,false_start_3,3,3,-9.201684951782227,-8.086271286010742,-8.97642707824707,-8.26250171661377,-7.6369428634643555,-8.26250171661377,0.2019500750686562,0.15799558138023728,0.15799558138023728,-0.4493284225463867,0.17623043060302734
207786,4393132,false_start_3,3,4,-9.201684951782227,-8.086271286010742,-9.178659439086914,-8.020729064941406,-7.8283233642578125,-8.020729064941406,0.020643025454943415,-0.05876046087708918,-0.05876046087708918,-0.2579479217529297,-0.06554222106933594
207786,4393132,false_start_3,3,5,-9.201684951782227,-8.086271286010742,-9.201107025146484,-8.101582527160645,-7.787622451782227,-8.101582527160645,0.0005181276269754685,0.013726962130513443,0.0005181276269754685,-0.2986488342285156,0.015311241149902344
207786,4393132,false_start_3,3,6,-9.201684951782227,-8.086271286010742,-9.162050247192383,-8.133000373840332,-9.467695236206055,-8.133000373840332,0.035533637255941365,0.04189395312569468,0.035533637255941365,1.3814239501953125,0.046729087829589844
207786,4393132,false_start_3,3,7,-9.201684951782227,-8.086271286010742,-9.198160171508789,-8.081462860107422,-8.376935005187988,-8.081462860107422,0.0031600655268998867,-0.004310890256122627,-0.004310890256122627,0.2906637191772461,-0.0048084259033203125
207786,4393132,false_start_3,3,8,-9.201684951782227,-8.086271286010742,-9.166132926940918,-8.083054542541504,-8.125115394592285,-8.083054542541504,0.031873399019832487,-0.002883901791729794,-0.002883901791729794,0.03884410858154297,-0.0032167434692382812
207786,4393132,false_start_3,3,9,-9.201684951782227,-8.086271286010742,-9.200291633605957,-8.068782806396484,-8.355284690856934,-8.068782806396484,0.0012491492788963027,-0.015678918190554687,-0.015678918190554687,0.2690134048461914,-0.017488479614257812
207786,4393132,false_start_3,3,10,-9.201684951782227,-8.086271286010742,-9.222799301147461,-8.10677433013916,-7.954671859741211,-8.10677433013916,-0.018929613302371074,0.01838156081245148,-0.018929613302371074,-0.13159942626953125,0.02050304412841797
207786,4393132,false_start_3,3,11,-9.201684951782227,-8.086271286010742,-9.153521537780762,-8.034449577331543,-8.078082084655762,-8.034449577331543,0.04317986723620806,-0.04645963221488446,-0.04645963221488446,-0.008189201354980469,-0.05182170867919922
207786,4393132,false_start_3,4,0,-9.201684951782227,-8.086271286010742,-9.252023696899414,-7.979503631591797,-8.462246894836426,-7.979503631591797,-0.045130113304081065,-0.09572023160133926,-0.09572023160133926,0.3759756088256836,-0.10676765441894531
207786,4393132,false_start_3,4,1,-9.201684951782227,-8.086271286010742,-9.236857414245605,-8.086380958557129,-8.491215705871582,-8.086380958557129,-0.03153311057835355,9.83245496735625e-05,-0.03153311057835355,0.40494441986083984,0.00010967254638671875
207786,4393132,false_start_3,4,2,-9.201684951782227,-8.086271286010742,-9.05872631072998,-8.263081550598145,-7.849618911743164,-8.263081550598145,0.12816647799753078,0.15851541899938099,0.12816647799753078,-0.23665237426757812,0.17681026458740234
207786,4393132,false_start_3,4,3,-9.201684951782227,-8.086271286010742,-9.196879386901855,-8.138888359069824,-7.979218482971191,-8.138888359069824,0.004308325267870273,0.04717269894903881,0.004308325267870273,-0.10705280303955078,0.05261707305908203
207786,4393132,false_start_3,4,4,-9.201684951782227,-8.086271286010742,-9.253695487976074,-7.988982200622559,-7.928954124450684,-7.988982200622559,-0.046628921439539804,-0.08722242552129111,-0.08722242552129111,-0.1573171615600586,-0.0972890853881836
207786,4393132,false_start_3,4,5,-9.201684951782227,-8.086271286010742,-9.203277587890625,-8.130609512329102,-8.073929786682129,-8.130609512329102,-0.001427843460476951,0.03975047794281102,-0.001427843460476951,-0.012341499328613281,0.044338226318359375
207786,4393132,false_start_3,4,6,-9.201684951782227,-8.086271286010742,-9.277633666992188,-7.938660621643066,-7.17537784576416,-7.938660621643066,-0.06809017814698409,-0.13233714889585807,-0.13233714889585807,-0.910893440246582,-0.14761066436767578
207786,4393132,false_start_3,4,7,-9.201684951782227,-8.086271286010742,-9.294987678527832,-7.933563232421875,-8.609402656555176,-7.933563232421875,-0.08364854188967814,-0.13690710296546843,-0.13690710296546843,0.5231313705444336,-0.1527080535888672
207786,4393132,false_start_3,4,8,-9.201684951782227,-8.086271286010742,-9.176857948303223,-8.112017631530762,-8.340174674987793,-8.112017631530762,0.022258113057842196,0.023082329282931885,0.022258113057842196,0.2539033889770508,0.02574634552001953
207786,4393132,false_start_3,4,9,-9.201684951782227,-8.086271286010742,-9.185920715332031,-8.134074211120605,-7.985830307006836,-8.134074211120605,0.014133085270469461,0.04285667871641148,0.014133085270469461,-0.10044097900390625,0.04780292510986328
207786,4393132,false_start_3,4,10,-9.201684951782227,-8.086271286010742,-9.243152618408203,-8.060019493103027,-8.643370628356934,-8.060019493103027,-0.03717693972961604,-0.02353547720751439,-0.03717693972961604,0.5570993423461914,-0.026251792907714844
207786,4393132,false_start_3,4,11,-9.201684951782227,-8.086271286010742,-9.126569747924805,-8.304826736450195,-8.563230514526367,-8.304826736450195,0.06734291156946501,0.19594116258947533,0.06734291156946501,0.476959228515625,0.21855545043945312
207786,4393132,false_start_3,5,0,-9.201684951782227,-8.086271286010742,-9.180816650390625,-8.035436630249023,-8.529921531677246,-8.035436630249023,0.01870902431266865,-0.04557471126782239,-0.04557471126782239,0.4436502456665039,-0.05083465576171875
207786,4393132,false_start_3,5,1,-9.201684951782227,-8.086271286010742,-9.23917293548584,-8.131787300109863,-8.521585464477539,-8.131787300109863,-0.0336090410705919,0.04080639810669667,-0.0336090410705919,0.4353141784667969,0.045516014099121094
207786,4393132,false_start_3,5,2,-9.201684951782227,-8.086271286010742,-9.091988563537598,-8.184288024902344,-8.057684898376465,-8.184288024902344,0.09834592457566545,0.0878747875334731,0.0878747875334731,-0.028586387634277344,0.09801673889160156
207786,4393132,false_start_3,5,3,-9.201684951782227,-8.086271286010742,-9.198688507080078,-8.08170223236084,-8.079021453857422,-8.08170223236084,0.002686397696298551,-0.0040962862390090254,-0.0040962862390090254,-0.0072498321533203125,-0.004569053649902344
207786,4393132,false_start_3,5,4,-9.201684951782227,-8.086271286010742,-9.206576347351074,-8.054035186767578,-8.791624069213867,-8.054035186767578,-0.004385274915440887,-0.02890057763535443,-0.02890057763535443,0.705352783203125,-0.03223609924316406
207786,4393132,false_start_3,5,5,-9.201684951782227,-8.086271286010742,-9.191521644592285,-8.099259376525879,-7.78398323059082,-8.099259376525879,0.009111693268444831,0.011644191669602153,0.009111693268444831,-0.3022880554199219,0.012988090515136719
207786,4393132,false_start_3,5,6,-9.201684951782227,-8.086271286010742,-9.179598808288574,-8.087214469909668,-8.713639259338379,-8.087214469909668,0.01980085431208725,0.0008455911271926374,0.0008455911271926374,0.6273679733276367,0.0009431838989257812
207786,4393132,false_start_3,5,7,-9.201684951782227,-8.086271286010742,-9.229863166809082,-7.974383354187012,-8.18395709991455,-7.974383354187012,-0.02526256929743262,-0.10031070557696846,-0.10031070557696846,0.0976858139038086,-0.11188793182373047
207786,4393132,false_start_3,5,8,-9.201684951782227,-8.086271286010742,-9.191497802734375,-8.106242179870605,-8.44027042388916,-8.106242179870605,0.009133068170547778,0.01790447299751367,0.009133068170547778,0.35399913787841797,0.01997089385986328
207786,4393132,false_start_3,5,9,-9.201684951782227,-8.086271286010742,-9.24104118347168,-8.044898986816406,-8.58143138885498,-8.044898986816406,-0.03528397839937893,-0.037091440121204244,-0.037091440121204244,0.4951601028442383,-0.04137229919433594
207786,4393132,false_start_3,5,10,-9.201684951782227,-8.086271286010742,-9.215171813964844,-8.08723258972168,-8.513150215148926,-8.08723258972168,-0.012091354621595832,0.0008618360527908783,-0.012091354621595832,0.4268789291381836,0.0009613037109375
207786,4393132,false_start_3,5,11,-9.201684951782227,-8.086271286010742,-9.289926528930664,-8.036090850830078,-8.855058670043945,-8.036090850830078,-0.07911107767126427,-0.04498818395411749,-0.07911107767126427,0.7687873840332031,-0.05018043518066406
207786,4393132,false_start_3,6,0,-9.201684951782227,-8.086271286010742,-9.2429780960083,-7.959749221801758,-8.78291130065918,-7.959749221801758,-0.03702047544622246,-0.11343062048775816,-0.11343062048775816,0.6966400146484375,-0.12652206420898438
207786,4393132,false_start_3,6,1,-9.201684951782227,-8.086271286010742,-9.24101448059082,-8.042182922363281,-8.271323204040527,-8.042182922363281,-0.03526003850902363,-0.03952646896877212,-0.03952646896877212,0.18505191802978516,-0.04408836364746094
207786,4393132,false_start_3,6,2,-9.201684951782227,-8.086271286010742,-9.189478874206543,-8.100920677185059,-8.02322006225586,-8.100920677185059,0.010943094880625446,0.013133594848135595,0.010943094880625446,-0.06305122375488281,0.014649391174316406
207786,4393132,false_start_3,6,3,-9.201684951782227,-8.086271286010742,-9.153762817382812,-8.140761375427246,-7.909832000732422,-8.140761375427246,0.04296355322692622,0.048851911258246436,0.04296355322692622,-0.1764392852783203,0.054490089416503906
207786,4393132,false_start_3,6,4,-9.201684951782227,-8.086271286010742,-9.135272979736328,-8.127823829650879,-7.660942077636719,-8.127823829650879,0.05954021730580474,0.037253034381102536,0.037253034381102536,-0.42532920837402344,0.04155254364013672
207786,4393132,false_start_3,6,5,-9.201684951782227,-8.086271286010742,-9.163681983947754,-8.14968204498291,-8.713312149047852,-8.14968204498291,0.03407073895601558,0.0568495446290856,0.03407073895601558,0.6270408630371094,0.06341075897216797
207786,4393132,false_start_3,6,6,-9.201684951782227,-8.086271286010742,-9.093427658081055,-8.163369178771973,-8.904956817626953,-8.163369178771973,0.09705573548473148,0.06912044842834619,0.06912044842834619,0.8186855316162109,0.07709789276123047
207786,4393132,false_start_3,6,7,-9.201684951782227,-8.086271286010742,-9.124670028686523,-8.158196449279785,-7.999980926513672,-8.158196449279785,0.06904606376902794,0.06448294966809053,0.06448294966809053,-0.08629035949707031,0.07192516326904297
207786,4393132,false_start_3,6,8,-9.201684951782227,-8.086271286010742,-9.194704055786133,-8.0914945602417,-7.943193435668945,-8.0914945602417,0.006258571335743282,0.0046828135527139285,0.0046828135527139285,-0.14307785034179688,0.005223274230957031
207786,4393132,false_start_3,6,9,-9.201684951782227,-8.086271286010742,-9.10093879699707,-8.169164657592773,-7.96221923828125,-8.169164657592773,0.09032178632621862,0.07431625963153089,0.07431625963153089,-0.12405204772949219,0.08289337158203125
207786,4393132,false_start_3,6,10,-9.201684951782227,-8.086271286010742,-9.195798873901367,-8.052886009216309,-8.03027057647705,-8.052886009216309,0.005277035831175893,-0.029930847916716543,-0.029930847916716543,-0.056000709533691406,-0.033385276794433594
207786,4393132,false_start_3,6,11,-9.201684951782227,-8.086271286010742,-9.199326515197754,-8.160233497619629,-7.1274824142456055,-8.160233497619629,0.0021144053160236527,0.06630922130376643,0.0021144053160236527,-0.9587888717651367,0.07396221160888672
207786,4393132,false_start_3,7,0,-9.201684951782227,-8.086271286010742,-9.11380672454834,-8.185404777526855,-8.2806396484375,-8.185404777526855,0.07878532416321533,0.0888759879479752,0.07878532416321533,0.1943683624267578,0.09913349151611328
207786,4393132,false_start_3,7,1,-9.201684951782227,-8.086271286010742,-9.226974487304688,-8.069860458374023,-8.527911186218262,-8.069860458374023,-0.022672786158639394,-0.014712772615501421,-0.022672786158639394,0.44163990020751953,-0.01641082763671875
207786,4393132,false_start_3,7,2,-9.201684951782227,-8.086271286010742,-9.210003852844238,-8.076094627380371,-8.100125312805176,-8.076094627380371,-0.007458130841760745,-0.009123663213622481,-0.009123663213622481,0.013854026794433594,-0.010176658630371094
207786,4393132,false_start_3,7,3,-9.201684951782227,-8.086271286010742,-9.195956230163574,-8.097940444946289,-7.560232162475586,-8.097940444946289,0.005135961477296434,0.01046173208526705,0.005135961477296434,-0.5260391235351562,0.011669158935546875
207786,4393132,false_start_3,7,4,-9.201684951782227,-8.086271286010742,-9.172435760498047,-8.081249237060547,-8.722600936889648,-8.081249237060547,0.02622272989989706,-0.004502409378965044,-0.004502409378965044,0.6363296508789062,-0.0050220489501953125
207786,4393132,false_start_3,7,5,-9.201684951782227,-8.086271286010742,-9.267219543457031,-7.924201965332031,-7.964427947998047,-7.924201965332031,-0.05875362090841624,-0.14529974452717007,-0.14529974452717007,-0.12184333801269531,-0.16206932067871094
207786,4393132,false_start_3,7,6,-9.201684951782227,-8.086271286010742,-9.133522033691406,-8.141788482666016,-8.314967155456543,-8.141788482666016,0.061109990116245266,0.04977274204084145,0.04977274204084145,0.22869586944580078,0.05551719665527344
207786,4393132,false_start_3,7,7,-9.201684951782227,-8.086271286010742,-9.16602611541748,-8.12483024597168,-8.183465957641602,-8.12483024597168,0.031969158581253695,0.03456920167305634,0.031969158581253695,0.09719467163085938,0.0385589599609375
207786,4393132,false_start_3,7,8,-9.201684951782227,-8.086271286010742,-9.187885284423828,-8.091009140014648,-8.360795021057129,-8.091009140014648,0.012371793337186516,0.0042476205458978995,0.0042476205458978995,0.2745237350463867,0.00473785400390625
207786,4393132,false_start_3,7,9,-9.201684951782227,-8.086271286010742,-9.165431022644043,-8.13609504699707,-8.57387638092041,-8.13609504699707,0.03250267613774329,0.04466841541865738,0.03250267613774329,0.48760509490966797,0.049823760986328125
207786,4393132,false_start_3,7,10,-9.201684951782227,-8.086271286010742,-9.21118450164795,-8.084758758544922,-8.336687088012695,-8.084758758544922,-0.008516615993898748,-0.0013560237894110446,-0.008516615993898748,0.2504158020019531,-0.0015125274658203125
207786,4393132,false_start_3,7,11,-9.201684951782227,-8.086271286010742,-9.189366340637207,-8.108092308044434,-8.158763885498047,-8.108092308044434,0.011043984418551363,0.019563165400702465,0.011043984418551363,0.07249259948730469,0.021821022033691406
207786,4393132,false_start_3,8,0,-9.201684951782227,-8.086271286010742,-9.25347900390625,-8.052308082580566,-7.683233261108398,-8.052308082580566,-0.046434837328445035,-0.03044897554369201,-0.046434837328445035,-0.40303802490234375,-0.03396320343017578
207786,4393132,false_start_3,8,1,-9.201684951782227,-8.086271286010742,-9.252421379089355,-8.04630184173584,-8.646811485290527,-8.04630184173584,-0.045486646671158246,-0.035833740881466764,-0.045486646671158246,0.5605401992797852,-0.039969444274902344
207786,4393132,false_start_3,8,2,-9.201684951782227,-8.086271286010742,-9.207098007202148,-8.039308547973633,-8.274991989135742,-8.039308547973633,-0.0048529577734533974,-0.04210342716630358,-0.04210342716630358,0.188720703125,-0.046962738037109375
207786,4393132,false_start_3,8,3,-9.201684951782227,-8.086271286010742,-9.214818954467773,-8.153606414794922,-7.343628883361816,-8.153606414794922,-0.011775006070472197,0.0603678535152309,-0.011775006070472197,-0.7426424026489258,0.06733512878417969
207786,4393132,false_start_3,8,4,-9.201684951782227,-8.086271286010742,-9.145071983337402,-8.136199951171875,-7.576169967651367,-8.136199951171875,0.05075513254149296,0.04476246498791035,0.04476246498791035,-0.510101318359375,0.04992866516113281
207786,4393132,false_start_3,8,5,-9.201684951782227,-8.086271286010742,-9.115504264831543,-7.959053993225098,-8.568233489990234,-7.959053993225098,0.07726343113348541,-0.11405391263308014,-0.11405391263308014,0.4819622039794922,-0.12721729278564453
207786,4393132,false_start_3,8,6,-9.201684951782227,-8.086271286010742,-9.31694221496582,-7.904350280761719,-8.763862609863281,-7.904350280761719,-0.10333140674215711,-0.163097343014169,-0.163097343014169,0.6775913238525391,-0.18192100524902344
207786,4393132,false_start_3,8,7,-9.201684951782227,-8.086271286010742,-9.129152297973633,-8.19137954711914,-8.04277229309082,-8.19137954711914,0.06502758217367365,0.09423253841497406,0.06502758217367365,-0.043498992919921875,0.10510826110839844
207786,4393132,false_start_3,8,8,-9.201684951782227,-8.086271286010742,-9.271074295043945,-7.987168312072754,-8.444517135620117,-7.987168312072754,-0.062209515080420934,-0.08884862807328342,-0.08884862807328342,0.358245849609375,-0.09910297393798828
207786,4393132,false_start_3,8,9,-9.201684951782227,-8.086271286010742,-9.108360290527344,-8.203497886657715,-7.831860542297363,-8.203497886657715,0.08366820679961286,0.10509697365586065,0.08366820679961286,-0.2544107437133789,0.11722660064697266
207786,4393132,false_start_3,8,10,-9.201684951782227,-8.086271286010742,-9.182768821716309,-8.081694602966309,-7.846724510192871,-8.081694602966309,0.016958847328479236,-0.004103126207681969,-0.004103126207681969,-0.2395467758178711,-0.004576683044433594
207786,4393132,false_start_3,8,11,-9.201684951782227,-8.086271286010742,-9.15363883972168,-8.051609992980957,-8.087465286254883,-8.051609992980957,0.043074702717861554,-0.031074832677266337,-0.031074832677266337,0.001194000244140625,-0.034661293029785156
207786,4393132,false_start_3,9,0,-9.201684951782227,-8.086271286010742,-9.271960258483887,-7.966896057128906,-8.123979568481445,-7.966896057128906,-0.06300380644256649,-0.10702327983337837,-0.10702327983337837,0.037708282470703125,-0.11937522888183594
207786,4393132,false_start_3,9,1,-9.201684951782227,-8.086271286010742,-9.206024169921875,-8.08948040008545,-8.049711227416992,-8.08948040008545,-0.003890232182736603,0.0028770618230568503,-0.003890232182736603,-0.03656005859375,0.0032091140747070312
207786,4393132,false_start_3,9,2,-9.201684951782227,-8.086271286010742,-9.227642059326172,-8.059370040893555,-7.725339889526367,-8.059370040893555,-0.023271283417521948,-0.024117729540798702,-0.024117729540798702,-0.360931396484375,-0.0269012451171875
207786,4393132,false_start_3,9,3,-9.201684951782227,-8.086271286010742,-9.11769962310791,-8.182351112365723,-8.318387985229492,-8.182351112365723,0.07529523014784592,0.08613829048662958,0.07529523014784592,0.23211669921875,0.09607982635498047
207786,4393132,false_start_3,9,4,-9.201684951782227,-8.086271286010742,-9.060168266296387,-8.221543312072754,-7.778560638427734,-8.221543312072754,0.12687372391834445,0.12127520955954021,0.12127520955954021,-0.3077106475830078,0.13527202606201172
207786,4393132,false_start_3,9,5,-9.201684951782227,-8.086271286010742,-9.180582046508789,-8.118551254272461,-7.974425315856934,-8.118551254272461,0.01891935334936166,0.028939907455223856,0.01891935334936166,-0.1118459701538086,0.03227996826171875
207786,4393132,false_start_3,9,6,-9.201684951782227,-8.086271286010742,-8.911877632141113,-8.217612266540527,-7.766039848327637,-8.217612266540527,0.2598204850221786,0.11775091570080609,0.11775091570080609,-0.32023143768310547,0.13134098052978516
207786,4393132,false_start_3,9,7,-9.201684951782227,-8.086271286010742,-9.191609382629395,-8.08918571472168,-7.412447929382324,-8.08918571472168,0.00903303362870598,0.0026128680330644084,0.0026128680330644084,-0.673823356628418,0.0029144287109375
207786,4393132,false_start_3,9,8,-9.201684951782227,-8.086271286010742,-9.201020240783691,-8.063253402709961,-8.465707778930664,-8.063253402709961,0.0005959322706302005,-0.020636185486270473,-0.020636185486270473,0.3794364929199219,-0.02301788330078125
207786,4393132,false_start_3,9,9,-9.201684951782227,-8.086271286010742,-9.270410537719727,-8.024922370910645,-8.318912506103516,-8.024922370910645,-0.06161443780587485,-0.05500104309522262,-0.06161443780587485,0.23264122009277344,-0.061348915100097656
207786,4393132,false_start_3,9,10,-9.201684951782227,-8.086271286010742,-9.22976303100586,-8.03883171081543,-8.488265991210938,-8.03883171081543,-0.025172794708600236,-0.04253092520836255,-0.04253092520836255,0.4019947052001953,-0.0474395751953125
207786,4393132,false_start_3,9,11,-9.201684951782227,-8.086271286010742,-8.909317970275879,-8.44354248046875,-6.763009071350098,-8.44354248046875,0.26211529451195115,0.3203037630087654,0.26211529451195115,-1.3232622146606445,0.3572711944580078
207786,4393132,false_start_3,10,0,-9.201684951782227,-8.086271286010742,-9.242522239685059,-8.044876098632812,-7.630064964294434,-8.044876098632812,-0.03661178731801408,-0.03711196002722308,-0.03711196002722308,-0.4562063217163086,-0.04139518737792969
207786,4393132,false_start_3,10,1,-9.201684951782227,-8.086271286010742,-9.204631805419922,-8.085282325744629,-8.296063423156738,-8.085282325744629,-0.0026419378999244184,-0.0008866309392302984,-0.0026419378999244184,0.2097921371459961,-0.0009889602661132812
207786,4393132,false_start_3,10,2,-9.201684951782227,-8.086271286010742,-9.13276481628418,-8.119447708129883,-7.907711982727051,-8.119447708129883,0.06178885700703491,0.029743603774294712,0.029743603774294712,-0.1785593032836914,0.033176422119140625
207786,4393132,false_start_3,10,3,-9.201684951782227,-8.086271286010742,-9.135333061218262,-8.12800121307373,-8.395628929138184,-8.12800121307373,0.05948635255250531,0.03741206365274847,0.03741206365274847,0.3093576431274414,0.04172992706298828
207786,4393132,false_start_3,10,4,-9.201684951782227,-8.086271286010742,-9.117246627807617,-8.168450355529785,-7.870710372924805,-8.168450355529785,0.07570135328780195,0.07367586756452656,0.07367586756452656,-0.2155609130859375,0.08217906951904297
207786,4393132,false_start_3,10,5,-9.201684951782227,-8.086271286010742,-9.309859275817871,-8.01045036315918,-8.045167922973633,-8.01045036315918,-0.09698135082541322,-0.06797560867171229,-0.09698135082541322,-0.041103363037109375,-0.0758209228515625
207786,4393132,false_start_3,10,6,-9.201684951782227,-8.086271286010742,-9.18449878692627,-8.162972450256348,-8.370038032531738,-8.162972450256348,0.015407884431889302,0.06876477005735314,0.015407884431889302,0.2837667465209961,0.07670116424560547
207786,4393132,false_start_3,10,7,-9.201684951782227,-8.086271286010742,-9.006295204162598,-8.221705436706543,-7.265606880187988,-8.221705436706543,0.1751724527101666,0.12142055889384026,0.12142055889384026,-0.8206644058227539,0.13543415069580078
207786,4393132,false_start_3,10,8,-9.201684951782227,-8.086271286010742,-9.175666809082031,-8.08409309387207,-7.380387306213379,-8.08409309387207,0.023326003166905494,-0.0019528110561253629,-0.0019528110561253629,-0.7058839797973633,-0.002178192138671875
207786,4393132,false_start_3,10,9,-9.201684951782227,-8.086271286010742,-9.094766616821289,-8.208085060119629,-8.303115844726562,-8.208085060119629,0.0958553209826299,0.10920950482046793,0.0958553209826299,0.2168445587158203,0.12181377410888672
207786,4393132,false_start_3,10,10,-9.201684951782227,-8.086271286010742,-9.149670600891113,-8.12071704864502,-8.034648895263672,-8.12071704864502,0.04663234142387628,0.030881603562255684,0.030881603562255684,-0.05162239074707031,0.034445762634277344
207786,4393132,false_start_3,10,11,-9.201684951782227,-8.086271286010742,-9.212928771972656,-8.052620887756348,-8.011115074157715,-8.052620887756348,-0.010080403831750451,-0.030168536828101326,-0.030168536828101326,-0.07515621185302734,-0.03365039825439453
207786,4393132,false_start_3,11,0,-9.201684951782227,-8.086271286010742,-9.21155834197998,-8.067472457885742,-7.661149024963379,-8.067472457885742,-0.008851774458872978,-0.01685368281013273,-0.01685368281013273,-0.4251222610473633,-0.018798828125
207786,4393132,false_start_3,11,1,-9.201684951782227,-8.086271286010742,-9.199036598205566,-8.095685005187988,-7.890460968017578,-8.095685005187988,0.0023743241255955046,0.008439666346328133,0.0023743241255955046,-0.19581031799316406,0.009413719177246094
207786,4393132,false_start_3,11,2,-9.201684951782227,-8.086271286010742,-9.151747703552246,-8.13588809967041,-8.577726364135742,-8.13588809967041,0.044770159952667414,0.044482881268403794,0.044482881268403794,0.491455078125,0.04961681365966797
207786,4393132,false_start_3,11,3,-9.201684951782227,-8.086271286010742,-9.14716625213623,-8.146273612976074,-8.102280616760254,-8.146273612976074,0.04887756114076997,0.0537937886244481,0.04887756114076997,0.01600933074951172,0.06000232696533203
207786,4393132,false_start_3,11,4,-9.201684951782227,-8.086271286010742,-8.896162986755371,-8.401514053344727,-8.258543014526367,-8.401514053344727,0.2739091104962739,0.28262408558168806,0.2739091104962739,0.172271728515625,0.3152427673339844
207786,4393132,false_start_3,11,5,-9.201684951782227,-8.086271286010742,-9.0885591506958,-8.221122741699219,-7.968254089355469,-8.221122741699219,0.10142049049415354,0.12089815628644421,0.10142049049415354,-0.11801719665527344,0.13485145568847656
207786,4393132,false_start_3,11,6,-9.201684951782227,-8.086271286010742,-9.130879402160645,-8.164299964904785,-7.383691787719727,-8.164299964904785,0.06347918426533607,0.0699549246064453,0.06347918426533607,-0.7025794982910156,0.07802867889404297
207786,4393132,false_start_3,11,7,-9.201684951782227,-8.086271286010742,-9.127347946166992,-8.152242660522461,-7.630629539489746,-8.152242660522461,0.06664523476482477,0.059145209114942254,0.059145209114942254,-0.4556417465209961,0.06597137451171875
207786,4393132,false_start_3,11,8,-9.201684951782227,-8.086271286010742,-9.182952880859375,-8.109491348266602,-8.139004707336426,-8.109491348266602,0.016793833084244474,0.020817444656103475,0.016793833084244474,0.052733421325683594,0.023220062255859375
207786,4393132,false_start_3,11,9,-9.201684951782227,-8.086271286010742,-9.099617004394531,-8.189772605895996,-7.405139923095703,-8.189772605895996,0.09150681089880608,0.09279187001323534,0.09150681089880608,-0.6811313629150391,0.1035013198852539
207786,4393132,false_start_3,11,10,-9.201684951782227,-8.086271286010742,-9.226035118103027,-8.048229217529297,-8.214710235595703,-8.048229217529297,-0.021830615015783227,-0.03410579379546442,-0.03410579379546442,0.12843894958496094,-0.03804206848144531
207786,4393132,false_start_3,11,11,-9.201684951782227,-8.086271286010742,-9.141660690307617,-8.144852638244629,-7.314720153808594,-8.144852638244629,0.05381345353438281,0.052519844459112376,0.052519844459112376,-0.7715511322021484,0.05858135223388672
1113437,3687620,false_start_3,0,0,-3.015728712081909,-2.1418209075927734,-3.012772560119629,-2.1651649475097656,-2.317392349243164,-2.1651649475097656,0.003382681728089572,0.026712245613412868,0.003382681728089572,0.17557144165039062,0.023344039916992188
1113437,3687620,false_start_3,0,1,-3.015728712081909,-2.1418209075927734,-3.017207384109497,-2.142592430114746,-2.0858206748962402,-2.142592430114746,-0.0016920229113324885,0.000882842009202182,-0.0016920229113324885,-0.0560002326965332,0.0007715225219726562
1113437,3687620,false_start_3,0,2,-3.015728712081909,-2.1418209075927734,-2.9314000606536865,-2.2243571281433105,-1.6638250350952148,-2.2243571281433105,0.09649605026415692,0.0944449976605778,0.0944449976605778,-0.4779958724975586,0.08253622055053711
1113437,3687620,false_start_3,0,3,-3.015728712081909,-2.1418209075927734,-2.990776300430298,-2.179327964782715,-2.1406702995300293,-2.179327964782715,0.028552682014549434,0.042918780444885805,0.028552682014549434,-0.0011506080627441406,0.037507057189941406
1113437,3687620,false_start_3,0,4,-3.015728712081909,-2.1418209075927734,-2.42535662651062,-2.5557336807250977,-1.9474581480026245,-2.5557336807250977,0.6755541975236227,0.4736343708181976,0.4736343708181976,-0.19436275959014893,0.4139127731323242
1113437,3687620,false_start_3,0,5,-3.015728712081909,-2.1418209075927734,-2.984152317047119,-2.192404270172119,-1.5644686222076416,-2.192404270172119,0.036132409932245424,0.05788180666141945,0.036132409932245424,-0.5773522853851318,0.0505833625793457
1113437,3687620,false_start_3,0,6,-3.015728712081909,-2.1418209075927734,-3.0162534713745117,-2.2473745346069336,-1.499858021736145,-2.2473745346069336,-0.0006004744320933259,0.12078348136032968,-0.0006004744320933259,-0.6419628858566284,0.10555362701416016
1113437,3687620,false_start_3,0,7,-3.015728712081909,-2.1418209075927734,-3.0283377170562744,-2.16567325592041,-2.7841384410858154,-2.16567325592041,-0.014428301142974845,0.027293895540365605,-0.014428301142974845,0.642317533493042,0.02385234832763672
1113437,3687620,false_start_3,0,8,-3.015728712081909,-2.1418209075927734,-3.022507905960083,-2.222451686859131,-1.5946403741836548,-2.222451686859131,-0.007757333031413734,0.09226462889125028,-0.007757333031413734,-0.5471805334091187,0.08063077926635742
1113437,3687620,false_start_3,0,9,-3.015728712081909,-2.1418209075927734,-3.0174829959869385,-2.0834455490112305,-1.938857078552246,-2.0834455490112305,-0.002007401577166148,-0.06679807444409736,-0.06679807444409736,-0.20296382904052734,-0.05837535858154297
1113437,3687620,false_start_3,0,10,-3.015728712081909,-2.1418209075927734,-3.086796283721924,-2.0762734413146973,-2.303062915802002,-2.0762734413146973,-0.08132158938843548,-0.07500501304756461,-0.08132158938843548,0.16124200820922852,-0.06554746627807617
1113437,3687620,false_start_3,0,11,-3.015728712081909,-2.1418209075927734,-3.0547821521759033,-2.15211820602417,-2.012453079223633,-2.15211820602417,-0.044688283928101306,0.01178304894234927,-0.044688283928101306,-0.12936782836914062,0.010297298431396484
1113437,3687620,false_start_3,1,0,-3.015728712081909,-2.1418209075927734,-3.165428400039673,-2.1284217834472656,-1.9134619235992432,-2.1284217834472656,-0.17129917731456157,-0.015332423027553346,-0.17129917731456157,-0.22835898399353027,-0.013399124145507812
1113437,3687620,false_start_3,1,1,-3.015728712081909,-2.1418209075927734,-2.995077133178711,-2.159459114074707,-1.7582974433898926,-2.159459114074707,0.023631301605402905,0.020183143337693887,0.020183143337693887,-0.38352346420288086,0.017638206481933594
1113437,3687620,false_start_3,1,2,-3.015728712081909,-2.1418209075927734,-2.9976577758789062,-2.1801319122314453,-2.0590322017669678,-2.1801319122314453,0.02067830966856594,0.043838725826539006,0.02067830966856594,-0.08278870582580566,0.038311004638671875
1113437,3687620,false_start_3,1,3,-3.015728712081909,-2.1418209075927734,-3.0646607875823975,-2.044593334197998,-1.9254766702651978,-2.044593334197998,-0.055992262855568305,-0.11125609920787027,-0.11125609920787027,-0.21634423732757568,-0.09722757339477539
1113437,3687620,false_start_3,1,4,-3.015728712081909,-2.1418209075927734,-3.0024967193603516,-2.136683702468872,-2.2749576568603516,-2.136683702468872,0.015141176968081552,-0.005878429163250746,-0.005878429163250746,0.13313674926757812,-0.005137205123901367
1113437,3687620,false_start_3,1,5,-3.015728712081909,-2.1418209075927734,-3.013335704803467,-2.130506992340088,-2.053680658340454,-2.130506992340088,0.0027382834506682018,-0.012946348796254743,-0.012946348796254743,-0.08814024925231934,-0.011313915252685547
1113437,3687620,false_start_3,1,6,-3.015728712081909,-2.1418209075927734,-3.0137648582458496,-2.1894664764404297,-2.2107794284820557,-2.1894664764404297,0.002247209403522365,0.05452013198979112,0.002247209403522365,0.06895852088928223,0.04764556884765625
1113437,3687620,false_start_3,1,7,-3.015728712081909,-2.1418209075927734,-3.0106348991394043,-2.1404812335968018,-2.8504679203033447,-2.1404812335968018,0.005828776120706001,-0.0015329694838402536,-0.0015329694838402536,0.7086470127105713,-0.0013396739959716797
1113437,3687620,false_start_3,1,8,-3.015728712081909,-2.1418209075927734,-3.0541629791259766,-2.109708786010742,-1.9278366565704346,-2.109708786010742,-0.04397977320563589,-0.03674543403443248,-0.04397977320563589,-0.21398425102233887,-0.03211212158203125
1113437,3687620,false_start_3,1,9,-3.015728712081909,-2.1418209075927734,-2.973189115524292,-2.229208469390869,-2.17494535446167,-2.229208469390869,0.048677442104415984,0.0999963169446464,0.048677442104415984,0.033124446868896484,0.0873875617980957
1113437,3687620,false_start_3,1,10,-3.015728712081909,-2.1418209075927734,-2.999692916870117,-2.1462597846984863,-2.2281765937805176,-2.1462597846984863,0.018349527409434352,0.005079342560978438,0.005079342560978438,0.08635568618774414,0.004438877105712891
1113437,3687620,false_start_3,1,11,-3.015728712081909,-2.1418209075927734,-3.0604898929595947,-2.166926860809326,-1.9304695129394531,-2.166926860809326,-0.05121956875514093,0.02872837739586161,-0.05121956875514093,-0.2113513946533203,0.025105953216552734
1113437,3687620,false_start_3,2,0,-3.015728712081909,-2.1418209075927734,-3.036733865737915,-2.103919506072998,-1.8483089208602905,-2.103919506072998,-0.02403589205646806,-0.04337002293042981,-0.04337002293042981,-0.2935119867324829,-0.03790140151977539
1113437,3687620,false_start_3,2,1,-3.015728712081909,-2.1418209075927734,-3.0086207389831543,-2.0930263996124268,-2.3878965377807617,-2.0930263996124268,0.008133550315310462,-0.05583484634156655,-0.05583484634156655,0.24607563018798828,-0.04879450798034668
1113437,3687620,false_start_3,2,2,-3.015728712081909,-2.1418209075927734,-3.00752854347229,-2.185285806655884,-1.756001353263855,-2.185285806655884,0.009383333765296615,0.049736252313845424,0.009383333765296615,-0.38581955432891846,0.04346489906311035
1113437,3687620,false_start_3,2,3,-3.015728712081909,-2.1418209075927734,-3.079831123352051,-2.0789101123809814,-2.026686906814575,-2.0789101123809814,-0.07335145760325855,-0.07198790866568361,-0.07335145760325855,-0.11513400077819824,-0.06291079521179199
1113437,3687620,false_start_3,2,4,-3.015728712081909,-2.1418209075927734,-3.122802495956421,-2.0527825355529785,-1.932552695274353,-2.0527825355529785,-0.12252297476288626,-0.1018853151126674,-0.12252297476288626,-0.2092682123184204,-0.08903837203979492
1113437,3687620,false_start_3,2,5,-3.015728712081909,-2.1418209075927734,-3.000760316848755,-2.1345553398132324,-2.241269826889038,-2.1345553398132324,0.01712811712661662,-0.008313883618179016,-0.008313883618179016,0.09944891929626465,-0.007265567779541016
1113437,3687620,false_start_3,2,6,-3.015728712081909,-2.1418209075927734,-2.851900339126587,-2.2334117889404297,-1.6765491962432861,-2.2334117889404297,0.18746642622226284,0.1048061144175248,0.1048061144175248,-0.4652717113494873,0.09159088134765625
1113437,3687620,false_start_3,2,7,-3.015728712081909,-2.1418209075927734,-2.992624282836914,-2.154578685760498,-1.910233974456787,-2.154578685760498,0.026438062603756442,0.014598540145985401,0.014598540145985401,-0.23158693313598633,0.01275777816772461
1113437,3687620,false_start_3,2,8,-3.015728712081909,-2.1418209075927734,-3.015760898590088,-2.15814208984375,-1.9661915302276611,-2.15814208984375,-3.6830553535937753e-05,0.018676091650786333,-3.6830553535937753e-05,-0.1756293773651123,0.016321182250976562
1113437,3687620,false_start_3,2,9,-3.015728712081909,-2.1418209075927734,-3.064161539077759,-2.1452245712280273,-2.4185895919799805,-2.1452245712280273,-0.05542098004738864,0.0038947628316966473,-0.05542098004738864,0.27676868438720703,0.0034036636352539062
1113437,3687620,false_start_3,2,10,-3.015728712081909,-2.1418209075927734,-3.026160955429077,-2.148146629333496,-2.258273124694824,-2.148146629333496,-0.011937464448285128,0.007238431454929633,-0.011937464448285128,0.11645221710205078,0.006325721740722656
1113437,3687620,false_start_3,2,11,-3.015728712081909,-2.1418209075927734,-3.1125943660736084,-2.0309343338012695,-2.3932487964630127,-2.0309343338012695,-0.11084196009477729,-0.12688589485286195,-0.12688589485286195,0.25142788887023926,-0.1108865737915039
1113437,3687620,false_start_3,3,0,-3.015728712081909,-2.1418209075927734,-3.062828779220581,-2.1204028129577637,-1.635021686553955,-2.1204028129577637,-0.05389592231208574,-0.024508414417388387,-0.05389592231208574,-0.5067992210388184,-0.021418094635009766
1113437,3687620,false_start_3,3,1,-3.015728712081909,-2.1418209075927734,-3.056128740310669,-2.0999526977539062,-1.704901933670044,-2.0999526977539062,-0.046229165160478904,-0.04790918403954783,-0.04790918403954783,-0.4369189739227295,-0.04186820983886719
1113437,3687620,false_start_3,3,2,-3.015728712081909,-2.1418209075927734,-3.0228731632232666,-2.1449856758117676,-2.2222647666931152,-2.1449856758117676,-0.008175291609317858,0.003621398278785465,-0.008175291609317858,0.0804438591003418,0.0031647682189941406
1113437,3687620,false_start_3,3,3,-3.015728712081909,-2.1418209075927734,-3.1423392295837402,-2.044137477874756,-2.2989509105682373,-2.044137477874756,-0.1448785751213703,-0.11177772897350519,-0.1448785751213703,0.15713000297546387,-0.09768342971801758
1113437,3687620,false_start_3,3,4,-3.015728712081909,-2.1418209075927734,-2.9078383445739746,-2.14015793800354,-1.8228946924209595,-2.14015793800354,0.12345737954703875,-0.0019029119326901172,-0.0019029119326901172,-0.31892621517181396,-0.0016629695892333984
1113437,3687620,false_start_3,3,5,-3.015728712081909,-2.1418209075927734,-3.027836561203003,-2.1748759746551514,-2.05328631401062,-2.1748759746551514,-0.01385483578347454,0.037824432843577914,-0.01385483578347454,-0.08853459358215332,0.03305506706237793
1113437,3687620,false_start_3,3,6,-3.015728712081909,-2.1418209075927734,-3.0284557342529297,-2.1134674549102783,-2.31622052192688,-2.1134674549102783,-0.01456334650593995,-0.03244444383818019,-0.03244444383818019,0.17439961433410645,-0.028353452682495117
1113437,3687620,false_start_3,3,7,-3.015728712081909,-2.1418209075927734,-2.9937267303466797,-2.1005303859710693,-2.2924556732177734,-2.1005303859710693,0.025176547940421807,-0.04724814380830652,-0.04724814380830652,0.150634765625,-0.0412905216217041
1113437,3687620,false_start_3,3,8,-3.015728712081909,-2.1418209075927734,-2.9832959175109863,-2.1782569885253906,-2.52276611328125,-2.1782569885253906,0.037112375475216446,0.04169327787834186,0.037112375475216446,0.38094520568847656,0.03643608093261719
1113437,3687620,false_start_3,3,9,-3.015728712081909,-2.1418209075927734,-3.015127182006836,-2.150076389312744,-2.2904982566833496,-2.150076389312744,0.0006883221227494145,0.009446627753595413,0.0006883221227494145,0.14867734909057617,0.008255481719970703
1113437,3687620,false_start_3,3,10,-3.015728712081909,-2.1418209075927734,-2.9843361377716064,-2.191774606704712,-2.6027891635894775,-2.191774606704712,0.035922066548717956,0.057161291906690476,0.035922066548717956,0.4609682559967041,0.04995369911193848
1113437,3687620,false_start_3,3,11,-3.015728712081909,-2.1418209075927734,-3.023625373840332,-2.141505479812622,-2.4046802520751953,-2.141505479812622,-0.009036035286398477,-0.00036093942465219,-0.009036035286398477,0.2628593444824219,-0.0003154277801513672
1113437,3687620,false_start_3,4,0,-3.015728712081909,-2.1418209075927734,-3.0971360206604004,-2.02640438079834,-2.2124576568603516,-2.02640438079834,-0.09315320009766917,-0.13206945423940133,-0.13206945423940133,0.07063674926757812,-0.1154165267944336
1113437,3687620,false_start_3,4,1,-3.015728712081909,-2.1418209075927734,-2.983208417892456,-2.243377447128296,-1.616415023803711,-2.243377447128296,0.03721250001705118,0.11620967224899637,0.03721250001705118,-0.5254058837890625,0.10155653953552246
1113437,3687620,false_start_3,4,2,-3.015728712081909,-2.1418209075927734,-2.9625046253204346,-2.1688661575317383,-2.187894582748413,-2.1688661575317383,0.06090354896485683,0.03094748645113063,0.03094748645113063,0.04607367515563965,0.027045249938964844
1113437,3687620,false_start_3,4,3,-3.015728712081909,-2.1418209075927734,-3.050457000732422,-2.105468273162842,-3.26716685295105,-2.105468273162842,-0.03973907598961651,-0.0415977912580635,-0.0415977912580635,1.1253459453582764,-0.03635263442993164
1113437,3687620,false_start_3,4,4,-3.015728712081909,-2.1418209075927734,-2.9594779014587402,-2.223306894302368,-2.257474422454834,-2.223306894302368,0.06436698509181038,0.0932432303396459,0.06436698509181038,0.11565351486206055,0.08148598670959473
1113437,3687620,false_start_3,4,5,-3.015728712081909,-2.1418209075927734,-2.9669315814971924,-2.129380702972412,-1.702836513519287,-2.129380702972412,0.055837847349632444,-0.014235145351097482,-0.014235145351097482,-0.43898439407348633,-0.012440204620361328
1113437,3687620,false_start_3,4,6,-3.015728712081909,-2.1418209075927734,-3.0052857398986816,-1.9761804342269897,-2.4952778816223145,-1.9761804342269897,0.011949741299463775,-0.18953998638633615,-0.18953998638633615,0.353456974029541,-0.1656404733657837
1113437,3687620,false_start_3,4,7,-3.015728712081909,-2.1418209075927734,-2.966139554977417,-2.1287670135498047,-2.3777613639831543,-2.1287670135498047,0.0567441517855316,-0.01493738123851603,-0.01493738123851603,0.23594045639038086,-0.01305389404296875
1113437,3687620,false_start_3,4,8,-3.015728712081909,-2.1418209075927734,-3.0277373790740967,-2.225571632385254,-1.9831510782241821,-2.225571632385254,-0.013741343114800835,0.09583473721400051,-0.013741343114800835,-0.1586698293685913,0.08375072479248047
1113437,3687620,false_start_3,4,9,-3.015728712081909,-2.1418209075927734,-3.085172414779663,-2.1460533142089844,-2.1916229724884033,-2.1460533142089844,-0.07946341975781865,0.004843081380518274,-0.07946341975781865,0.04980206489562988,0.0042324066162109375
1113437,3687620,false_start_3,4,10,-3.015728712081909,-2.1418209075927734,-3.0241856575012207,-2.1231422424316406,-1.9549485445022583,-2.1231422424316406,-0.009677159736838874,-0.02137372508310746,-0.02137372508310746,-0.18687236309051514,-0.018678665161132812
1113437,3687620,false_start_3,4,11,-3.015728712081909,-2.1418209075927734,-2.860582113265991,-2.202073097229004,-1.7690515518188477,-2.202073097229004,0.17753199824850258,0.06894570494361515,0.06894570494361515,-0.3727693557739258,0.06025218963623047
1113437,3687620,false_start_3,5,0,-3.015728712081909,-2.1418209075927734,-3.011981964111328,-2.112952709197998,-2.3157200813293457,-2.112952709197998,0.004287349250498235,-0.03303345987584011,-0.03303345987584011,0.17389917373657227,-0.02886819839477539
1113437,3687620,false_start_3,5,1,-3.015728712081909,-2.1418209075927734,-3.012474775314331,-2.2311925888061523,-2.1521992683410645,-2.2311925888061523,0.0037234325530257663,0.10226671595595066,0.0037234325530257663,0.010378360748291016,0.0893716812133789
1113437,3687620,false_start_3,5,2,-3.015728712081909,-2.1418209075927734,-3.1063876152038574,-2.116445779800415,-2.4314286708831787,-2.116445779800415,-0.10373966527847309,-0.029036389950988083,-0.10373966527847309,0.2896077632904053,-0.0253751277923584
1113437,3687620,false_start_3,5,3,-3.015728712081909,-2.1418209075927734,-3.0765273571014404,-2.0953714847564697,-2.118011474609375,-2.0953714847564697,-0.06957100589698086,-0.05315139949282964,-0.06957100589698086,-0.023809432983398438,-0.04644942283630371
1113437,3687620,false_start_3,5,4,-3.015728712081909,-2.1418209075927734,-2.9147017002105713,-2.0884146690368652,-2.8586788177490234,-2.0884146690368652,0.11560374143860142,-0.06111198261597873,-0.06111198261597873,0.71685791015625,-0.0534062385559082
1113437,3687620,false_start_3,5,5,-3.015728712081909,-2.1418209075927734,-2.940690755844116,-2.1504664421081543,-1.6301345825195312,-2.1504664421081543,0.08586484278127972,0.009892959498667961,0.009892959498667961,-0.5116863250732422,0.00864553451538086
1113437,3687620,false_start_3,5,6,-3.015728712081909,-2.1418209075927734,-3.0129098892211914,-2.1659209728240967,-1.9248700141906738,-2.1659209728240967,0.0032255380330029042,0.027577354393134784,0.0032255380330029042,-0.2169508934020996,0.024100065231323242
1113437,3687620,false_start_3,5,7,-3.015728712081909,-2.1418209075927734,-3.030308723449707,-2.1790568828582764,-2.78998064994812,-2.1790568828582764,-0.01668369511394964,0.042608585338438684,-0.01668369511394964,0.6481597423553467,0.03723597526550293
1113437,3687620,false_start_3,5,8,-3.015728712081909,-2.1418209075927734,-2.986896514892578,-2.14857816696167,-2.179288148880005,-2.14857816696167,0.03299226421966288,0.00773223369122628,0.00773223369122628,0.037467241287231445,0.006757259368896484
1113437,3687620,false_start_3,5,9,-3.015728712081909,-2.1418209075927734,-3.035571336746216,-2.212520122528076,-1.695392370223999,-2.212520122528076,-0.022705627026533004,0.0809000841646353,-0.022705627026533004,-0.4464285373687744,0.07069921493530273
1113437,3687620,false_start_3,5,10,-3.015728712081909,-2.1418209075927734,-3.038107395172119,-2.127958059310913,-1.8235197067260742,-2.127958059310913,-0.02560760182624982,-0.01586305581738593,-0.02560760182624982,-0.3183012008666992,-0.013862848281860352
1113437,3687620,false_start_3,5,11,-3.015728712081909,-2.1418209075927734,-3.04024338722229,-2.0170345306396484,-1.8144197463989258,-2.0170345306396484,-0.02805178648646068,-0.14279123760208542,-0.14279123760208542,-0.32740116119384766,-0.124786376953125
1113437,3687620,false_start_3,6,0,-3.015728712081909,-2.1418209075927734,-3.0474679470062256,-2.1769161224365234,-2.253432512283325,-2.1769161224365234,-0.03631874525124576,0.040158944299926204,-0.03631874525124576,0.11161160469055176,0.03509521484375
1113437,3687620,false_start_3,6,1,-3.015728712081909,-2.1418209075927734,-3.0456390380859375,-2.0882492065429688,-1.801745891571045,-2.0882492065429688,-0.03422595135365925,-0.06130131894304496,-0.06130131894304496,-0.3400750160217285,-0.05357170104980469
1113437,3687620,false_start_3,6,2,-3.015728712081909,-2.1418209075927734,-3.031893014907837,-2.19527530670166,-2.354722499847412,-2.19527530670166,-0.01849657680466302,0.0611670920368251,-0.01849657680466302,0.21290159225463867,0.05345439910888672
1113437,3687620,false_start_3,6,3,-3.015728712081909,-2.1418209075927734,-2.986320972442627,-2.1627907752990723,-2.174053907394409,-2.1627907752990723,0.03365084908066846,0.02399551485703607,0.02399551485703607,0.03223299980163574,0.020969867706298828
1113437,3687620,false_start_3,6,4,-3.015728712081909,-2.1418209075927734,-3.0212512016296387,-2.0453333854675293,-1.948255181312561,-2.0453333854675293,-0.006319304530021675,-0.11040926929545879,-0.11040926929545879,-0.1935657262802124,-0.09648752212524414
1113437,3687620,false_start_3,6,5,-3.015728712081909,-2.1418209075927734,-3.017949342727661,-2.1555538177490234,-2.0717129707336426,-2.1555538177490234,-0.002541035375064624,0.015714369508666774,-0.002541035375064624,-0.07010793685913086,0.01373291015625
1113437,3687620,false_start_3,6,6,-3.015728712081909,-2.1418209075927734,-2.7569596767425537,-2.2321348190307617,-2.1333651542663574,-2.2321348190307617,0.29610564639667597,0.10334489630835085,0.10334489630835085,-0.008455753326416016,0.09031391143798828
1113437,3687620,false_start_3,6,7,-3.015728712081909,-2.1418209075927734,-2.998220920562744,-2.153801441192627,-2.0266242027282715,-2.153801441192627,0.02003391139114457,0.013709150482821276,0.013709150482821276,-0.11519670486450195,0.011980533599853516
1113437,3687620,false_start_3,6,8,-3.015728712081909,-2.1418209075927734,-3.0159852504730225,-2.131650447845459,-2.2978997230529785,-2.131650447845459,-0.00029355315262717793,-0.011637909279526168,-0.011637909279526168,0.15607881546020508,-0.010170459747314453
1113437,3687620,false_start_3,6,9,-3.015728712081909,-2.1418209075927734,-3.165604829788208,-2.149738311767578,-3.073157548904419,-2.149738311767578,-0.17150106331172152,0.009059770532010526,-0.17150106331172152,0.9313366413116455,0.007917404174804688
1113437,3687620,false_start_3,6,10,-3.015728712081909,-2.1418209075927734,-3.0580646991729736,-2.1360363960266113,-1.6112467050552368,-2.1360363960266113,-0.04844445475093679,-0.006619132517695717,-0.04844445475093679,-0.5305742025375366,-0.005784511566162109
1113437,3687620,false_start_3,6,11,-3.015728712081909,-2.1418209075927734,-2.984778642654419,-2.1313767433166504,-2.0768702030181885,-2.1313767433166504,0.03541571464232758,-0.01195110539403918,-0.01195110539403918,-0.06495070457458496,-0.010444164276123047
1113437,3687620,false_start_3,7,0,-3.015728712081909,-2.1418209075927734,-3.1220505237579346,-2.064197063446045,-2.038215398788452,-2.064197063446045,-0.12166250390472072,-0.08882383673424846,-0.12166250390472072,-0.10360550880432129,-0.07762384414672852
1113437,3687620,false_start_3,7,1,-3.015728712081909,-2.1418209075927734,-3.024949550628662,-2.1490907669067383,-2.379038095474243,-2.1490907669067383,-0.010551271540758463,0.008318794358650475,-0.010551271540758463,0.23721718788146973,0.007269859313964844
1113437,3687620,false_start_3,7,2,-3.015728712081909,-2.1418209075927734,-2.9896926879882812,-2.170072555541992,-2.234705924987793,-2.170072555541992,0.02979264398359267,0.03232795016144059,0.02979264398359267,0.09288501739501953,0.02825164794921875
1113437,3687620,false_start_3,7,3,-3.015728712081909,-2.1418209075927734,-2.7756097316741943,-2.3219494819641113,-2.5005030632019043,-2.3219494819641113,0.27476465958337826,0.20611850980852203,0.20611850980852203,0.35868215560913086,0.1801285743713379
1113437,3687620,false_start_3,7,4,-3.015728712081909,-2.1418209075927734,-3.024854898452759,-2.0858535766601562,-2.38437557220459,-2.0858535766601562,-0.010442962431471298,-0.06404260340177906,-0.06404260340177906,0.2425546646118164,-0.05596733093261719
1113437,3687620,false_start_3,7,5,-3.015728712081909,-2.1418209075927734,-3.1225109100341797,-1.9817019701004028,-2.492931842803955,-1.9817019701004028,-0.12218931722974218,-0.1832217731319748,-0.1832217731319748,0.35111093521118164,-0.1601189374923706
1113437,3687620,false_start_3,7,6,-3.015728712081909,-2.1418209075927734,-2.9685170650482178,-2.204296112060547,-1.8896592855453491,-2.204296112060547,0.05402360156434366,0.07148946850783058,0.05402360156434366,-0.2521616220474243,0.06247520446777344
1113437,3687620,false_start_3,7,7,-3.015728712081909,-2.1418209075927734,-2.9990336894989014,-2.123505115509033,-2.2464499473571777,-2.123505115509033,0.01910387170963337,-0.020958494694354148,-0.020958494694354148,0.1046290397644043,-0.018315792083740234
1113437,3687620,false_start_3,7,8,-3.015728712081909,-2.1418209075927734,-2.9701268672943115,-2.132985830307007,-2.1850671768188477,-2.132985830307007,0.052181528249716606,-0.010109850536157372,-0.010109850536157372,0.04324626922607422,-0.008835077285766602
1113437,3687620,false_start_3,7,9,-3.015728712081909,-2.1418209075927734,-3.1307621002197266,-2.127948045730591,-1.7437913417816162,-2.127948045730591,-0.13163103424286612,-0.015874514211819332,-0.13163103424286612,-0.3980295658111572,-0.013872861862182617
1113437,3687620,false_start_3,7,10,-3.015728712081909,-2.1418209075927734,-2.8955941200256348,-2.2363715171813965,-2.8212928771972656,-2.2363715171813965,0.13746826774993964,0.10819288842934058,0.10819288842934058,0.6794719696044922,0.09455060958862305
1113437,3687620,false_start_3,7,11,-3.015728712081909,-2.1418209075927734,-2.9052894115448,-2.232027053833008,-1.9037518501281738,-2.232027053833008,0.12637408656816995,0.10322158215873423,0.10322158215873423,-0.2380690574645996,0.09020614624023438
1113437,3687620,false_start_3,8,0,-3.015728712081909,-2.1418209075927734,-2.973362445831299,-2.1508865356445312,-1.988473892211914,-2.1508865356445312,0.04847910275315208,0.010373666427040719,0.010373666427040719,-0.15334701538085938,0.009065628051757812
1113437,3687620,false_start_3,8,1,-3.015728712081909,-2.1418209075927734,-2.9449994564056396,-2.186088800430298,-2.7086832523345947,-2.186088800430298,0.08093445934793551,0.0506551064198383,0.0506551064198383,0.5668623447418213,0.044267892837524414
1113437,3687620,false_start_3,8,2,-3.015728712081909,-2.1418209075927734,-3.038132905960083,-2.118968963623047,-2.6189823150634766,-2.118968963623047,-0.025636793450163488,-0.026149147372685644,-0.026149147372685644,0.4771614074707031,-0.022851943969726562
1113437,3687620,false_start_3,8,3,-3.015728712081909,-2.1418209075927734,-3.069101572036743,-2.065878391265869,-2.573378562927246,-2.065878391265869,-0.06107378796786739,-0.0868999177450971,-0.0868999177450971,0.43155765533447266,-0.0759425163269043
1113437,3687620,false_start_3,8,4,-3.015728712081909,-2.1418209075927734,-2.9248769283294678,-2.439955234527588,-1.3642404079437256,-2.439955234527588,0.10396037578077363,0.34115077746570327,0.10396037578077363,-0.7775804996490479,0.29813432693481445
1113437,3687620,false_start_3,8,5,-3.015728712081909,-2.1418209075927734,-3.4985556602478027,-1.8149402141571045,-1.3586004972457886,-1.8149402141571045,-0.5524918597656213,-0.374044826875937,-0.5524918597656213,-0.7832204103469849,-0.32688069343566895
1113437,3687620,false_start_3,8,6,-3.015728712081909,-2.1418209075927734,-2.9631214141845703,-2.1481592655181885,-2.1726150512695312,-2.1481592655181885,0.06019776643154223,0.007252890857428927,0.007252890857428927,0.030794143676757812,0.006338357925415039
1113437,3687620,false_start_3,8,7,-3.015728712081909,-2.1418209075927734,-3.0909993648529053,-2.0445961952209473,-2.3624868392944336,-2.0445961952209473,-0.08613111404239879,-0.1112528253808893,-0.1112528253808893,0.22066593170166016,-0.09722471237182617
1113437,3687620,false_start_3,8,8,-3.015728712081909,-2.1418209075927734,-2.9711802005767822,-2.1505684852600098,-2.2512173652648926,-2.1505684852600098,0.05097621428288866,0.010009725994322639,0.010009725994322639,0.10939645767211914,0.008747577667236328
1113437,3687620,false_start_3,8,9,-3.015728712081909,-2.1418209075927734,-2.900221347808838,-2.135134696960449,-1.9130640029907227,-2.135134696960449,0.1321733982460472,-0.007650933654532136,-0.007650933654532136,-0.22875690460205078,-0.006686210632324219
1113437,3687620,false_start_3,8,10,-3.015728712081909,-2.1418209075927734,-3.0187783241271973,-2.1093966960906982,-2.2971982955932617,-2.1093966960906982,-0.0034896267428013317,-0.03710255399427353,-0.03710255399427353,0.15537738800048828,-0.032424211502075195
1113437,3687620,false_start_3,8,11,-3.015728712081909,-2.1418209075927734,-2.786983013153076,-2.3738133907318115,-2.5109808444976807,-2.3738133907318115,0.2617503788772683,0.26546562686284164,0.2617503788772683,0.3691599369049072,0.23199248313903809
1113437,3687620,false_start_3,9,0,-3.015728712081909,-2.1418209075927734,-3.054588794708252,-2.123624324798584,-1.6625558137893677,-2.123624324798584,-0.0444670277879706,-0.02082208523681364,-0.0444670277879706,-0.47926509380340576,-0.018196582794189453
1113437,3687620,false_start_3,9,1,-3.015728712081909,-2.1418209075927734,-3.024320363998413,-2.133060932159424,-2.2143614292144775,-2.133060932159424,-0.00983130242385965,-0.010023912577906852,-0.010023912577906852,0.0725405216217041,-0.00875997543334961
1113437,3687620,false_start_3,9,2,-3.015728712081909,-2.1418209075927734,-3.0973563194274902,-2.1272902488708496,-2.0235390663146973,-2.1272902488708496,-0.09340528477520403,-0.01662722159852787,-0.09340528477520403,-0.11828184127807617,-0.014530658721923828
1113437,3687620,false_start_3,9,3,-3.015728712081909,-2.1418209075927734,-2.884345293045044,-2.172394275665283,-1.6595017910003662,-2.172394275665283,0.15034013698237728,0.03498466075649957,0.03498466075649957,-0.4823191165924072,0.030573368072509766
1113437,3687620,false_start_3,9,4,-3.015728712081909,-2.1418209075927734,-2.7859084606170654,-2.368896722793579,-3.0030746459960938,-2.368896722793579,0.26297997372753845,0.25983955519604085,0.25983955519604085,0.8612537384033203,0.22707581520080566
1113437,3687620,false_start_3,9,5,-3.015728712081909,-2.1418209075927734,-2.8428797721862793,-2.219014883041382,-2.1411848068237305,-2.219014883041382,0.19778852987435325,0.08833194423035738,0.08833194423035738,-0.0006361007690429688,0.0771939754486084
1113437,3687620,false_start_3,9,6,-3.015728712081909,-2.1418209075927734,-2.5203075408935547,-2.6954832077026367,-0.7091026306152344,-2.6954832077026367,0.5669032461358611,0.6335477235307678,0.5669032461358611,-1.432718276977539,0.5536623001098633
1113437,3687620,false_start_3,9,7,-3.015728712081909,-2.1418209075927734,-2.9957478046417236,-2.104109287261963,-1.9281082153320312,-2.104109287261963,0.022863861997279994,-0.04315285907402532,-0.04315285907402532,-0.2137126922607422,-0.03771162033081055
1113437,3687620,false_start_3,9,8,-3.015728712081909,-2.1418209075927734,-3.057063579559326,-2.0602903366088867,-2.174948215484619,-2.0602903366088867,-0.04729888812651159,-0.09329424747676605,-0.09329424747676605,0.0331273078918457,-0.08153057098388672
1113437,3687620,false_start_3,9,9,-3.015728712081909,-2.1418209075927734,-3.1215193271636963,-2.0795211791992188,-2.28031587600708,-2.0795211791992188,-0.12105466336192021,-0.07128867378633096,-0.12105466336192021,0.13849496841430664,-0.06229972839355469
1113437,3687620,false_start_3,9,10,-3.015728712081909,-2.1418209075927734,-3.0057785511016846,-2.1641228199005127,-2.2680177688598633,-2.1641228199005127,0.011385824601991305,0.02551975413559373,0.011385824601991305,0.12619686126708984,0.022301912307739258
1113437,3687620,false_start_3,9,11,-3.015728712081909,-2.1418209075927734,-3.211191177368164,-1.9823211431503296,-0.41584211587905884,-1.9823211431503296,-0.22366485833195787,-0.18251326240950938,-0.22366485833195787,-1.7259787917137146,-0.15949976444244385
1113437,3687620,false_start_3,10,0,-3.015728712081909,-2.1418209075927734,-3.1123743057250977,-2.0654714107513428,-2.5791714191436768,-2.0654714107513428,-0.11059014823615751,-0.0873656196331404,-0.11059014823615751,0.4373505115509033,-0.07634949684143066
1113437,3687620,false_start_3,10,1,-3.015728712081909,-2.1418209075927734,-2.9990103244781494,-2.1489524841308594,-2.2098538875579834,-2.1489524841308594,0.019130607963311314,0.008160559387903481,0.008160559387903481,0.06803297996520996,0.0071315765380859375
1113437,3687620,false_start_3,10,2,-3.015728712081909,-2.1418209075927734,-2.7838292121887207,-2.390303134918213,-2.1455793380737305,-2.390303134918213,0.2653592274859601,0.2843346014865903,0.2653592274859601,0.0037584304809570312,0.24848222732543945
1113437,3687620,false_start_3,10,3,-3.015728712081909,-2.1418209075927734,-2.967036485671997,-2.1611342430114746,-1.8168562650680542,-2.1611342430114746,0.055717807026996795,0.022099969035053138,0.022099969035053138,-0.32496464252471924,0.019313335418701172
1113437,3687620,false_start_3,10,4,-3.015728712081909,-2.1418209075927734,-2.934222459793091,-2.228132724761963,-2.0369315147399902,-2.228132724761963,0.09326641994742779,0.09876535799980084,0.09326641994742779,-0.1048893928527832,0.08631181716918945
1113437,3687620,false_start_3,10,5,-3.015728712081909,-2.1418209075927734,-3.012629747390747,-2.1401467323303223,-1.7216618061065674,-2.1401467323303223,0.003546100258223103,-0.0019157344216989252,-0.0019157344216989252,-0.42015910148620605,-0.0016741752624511719
1113437,3687620,false_start_3,10,6,-3.015728712081909,-2.1418209075927734,-2.79571795463562,-2.311673641204834,-0.921859860420227,-2.311673641204834,0.25175511228544495,0.19436001456853005,0.19436001456853005,-1.2199610471725464,0.16985273361206055
1113437,3687620,false_start_3,10,7,-3.015728712081909,-2.1418209075927734,-3.0883140563964844,-2.0659983158111572,-1.847045660018921,-2.0659983158111572,-0.08305835460184126,-0.08676268983081135,-0.08676268983081135,-0.29477524757385254,-0.07582259178161621
1113437,3687620,false_start_3,10,8,-3.015728712081909,-2.1418209075927734,-2.962623119354248,-2.1899757385253906,-1.6796555519104004,-2.1899757385253906,0.060767957964061564,0.05510287319240417,0.05510287319240417,-0.46216535568237305,0.04815483093261719
1113437,3687620,false_start_3,10,9,-3.015728712081909,-2.1418209075927734,-2.8632969856262207,-2.239713668823242,-2.2105274200439453,-2.239713668823242,0.174425409262475,0.11201726398094633,0.11201726398094633,0.06870651245117188,0.09789276123046875
1113437,3687620,false_start_3,10,10,-3.015728712081909,-2.1418209075927734,-2.8576691150665283,-2.2490007877349854,-2.3990769386291504,-2.2490007877349854,0.18086529975296248,0.12264437918009731,0.12264437918009731,0.25725603103637695,0.10717988014221191
1113437,3687620,false_start_3,10,11,-3.015728712081909,-2.1418209075927734,-3.0724563598632812,-2.0805296897888184,-1.2834515571594238,-2.0805296897888184,-0.06491262292197243,-0.07013464977553824,-0.07013464977553824,-0.8583693504333496,-0.06129121780395508
1113437,3687620,false_start_3,11,0,-3.015728712081909,-2.1418209075927734,-3.035923719406128,-2.1209049224853516,-1.9100139141082764,-2.1209049224853516,-0.02310885338302275,-0.023933857782227758,-0.023933857782227758,-0.23180699348449707,-0.020915985107421875
1113437,3687620,false_start_3,11,1,-3.015728712081909,-2.1418209075927734,-3.0146093368530273,-2.1359968185424805,-2.08512806892395,-2.1359968185424805,0.0012808848063053909,-0.006664420457599166,-0.006664420457599166,-0.05669283866882324,-0.005824089050292969
1113437,3687620,false_start_3,11,2,-3.015728712081909,-2.1418209075927734,-2.8032240867614746,-2.328922748565674,-1.9889161586761475,-2.328922748565674,0.2431659543819492,0.21409791743681172,0.21409791743681172,-0.15290474891662598,0.1871018409729004
1113437,3687620,false_start_3,11,3,-3.015728712081909,-2.1418209075927734,-2.8214735984802246,-2.298915386199951,-1.7457131147384644,-2.298915386199951,0.2222833033459876,0.1797609287847145,0.1797609287847145,-0.3961077928543091,0.15709447860717773
1113437,3687620,false_start_3,11,4,-3.015728712081909,-2.1418209075927734,-2.640179395675659,-2.4871785640716553,-1.2404534816741943,-2.4871785640716553,0.4297356248303407,0.39518774715688587,0.39518774715688587,-0.9013674259185791,0.34535765647888184
1113437,3687620,false_start_3,11,5,-3.015728712081909,-2.1418209075927734,-3.129913330078125,-2.082355260848999,-1.9927361011505127,-2.082355260848999,-0.1306597989051777,-0.06804567534276286,-0.1306597989051777,-0.14908480644226074,-0.059465646743774414
1113437,3687620,false_start_3,11,6,-3.015728712081909,-2.1418209075927734,-2.9708445072174072,-2.175935745239258,-2.531952142715454,-2.175935745239258,0.051360343315322736,0.039037112921113046,0.039037112921113046,0.39013123512268066,0.034114837646484375
1113437,3687620,false_start_3,11,7,-3.015728712081909,-2.1418209075927734,-2.9679555892944336,-2.172649383544922,-1.7518106698989868,-2.172649383544922,0.05466609010935946,0.035276576995636265,0.035276576995636265,-0.3900102376937866,0.030828475952148438
1113437,3687620,false_start_3,11,8,-3.015728712081909,-2.1418209075927734,-3.0251636505126953,-2.1386117935180664,-2.033416748046875,-2.1386117935180664,-0.01079626292650122,-0.0036721425969905345,-0.01079626292650122,-0.10840415954589844,-0.0032091140747070312
1113437,3687620,false_start_3,11,9,-3.015728712081909,-2.1418209075927734,-2.9571855068206787,-2.200416326522827,-1.885042667388916,-2.200416326522827,0.0669901389603144,0.06704988630271715,0.0669901389603144,-0.2567782402038574,0.05859541893005371
1113437,3687620,false_start_3,11,10,-3.015728712081909,-2.1418209075927734,-3.008591413497925,-2.150038242340088,-2.16702938079834,-2.150038242340088,0.008167107041865426,0.009402976727182448,0.008167107041865426,0.025208473205566406,0.008217334747314453
1113437,3687620,false_start_3,11,11,-3.015728712081909,-2.1418209075927734,-3.08550763130188,-2.0901715755462646,-2.2045505046844482,-2.0901715755462646,-0.07984700315242256,-0.05910158003074669,-0.07984700315242256,0.0627295970916748,-0.05164933204650879
573724,2620791,false_start_3,0,0,-11.03974437713623,-10.246999740600586,-11.033772468566895,-10.239320755004883,-10.219542503356934,-10.239320755004883,0.007533205895196769,-0.009686581582261959,-0.009686581582261959,-0.027457237243652344,-0.007678985595703125
573724,2620791,false_start_3,0,1,-11.03974437713623,-10.246999740600586,-11.019804954528809,-10.274971961975098,-10.231809616088867,-10.274971961975098,0.02515239042746312,0.035285286188440824,0.02515239042746312,-0.01519012451171875,0.02797222137451172
573724,2620791,false_start_3,0,2,-11.03974437713623,-10.246999740600586,-11.068511009216309,-10.227987289428711,-10.85843276977539,-10.227987289428711,-0.036287387834991275,-0.023983071339291406,-0.036287387834991275,0.6114330291748047,-0.019012451171875
573724,2620791,false_start_3,0,3,-11.03974437713623,-10.246999740600586,-11.036849021911621,-10.249401092529297,-9.949443817138672,-10.249401092529297,0.0036523176457709024,0.003029162000016842,0.003029162000016842,-0.29755592346191406,0.0024013519287109375
573724,2620791,false_start_3,0,4,-11.03974437713623,-10.246999740600586,-10.121620178222656,-11.079758644104004,-10.479636192321777,-11.079758644104004,1.158158827697464,1.0504756073060788,1.0504756073060788,0.2326364517211914,0.832758903503418
573724,2620791,false_start_3,0,5,-11.03974437713623,-10.246999740600586,-11.038785934448242,-10.225696563720703,-9.897442817687988,-10.225696563720703,0.0012090181930170477,-0.026872684970761007,-0.026872684970761007,-0.34955692291259766,-0.021303176879882812
573724,2620791,false_start_3,0,6,-11.03974437713623,-10.246999740600586,-11.043159484863281,-10.240979194641113,-10.195049285888672,-10.240979194641113,-0.004307954377307511,-0.00759455905723047,-0.00759455905723047,-0.05195045471191406,-0.006020545959472656
573724,2620791,false_start_3,0,7,-11.03974437713623,-10.246999740600586,-11.034232139587402,-10.185193061828613,-10.454325675964355,-10.185193061828613,0.006953358363819439,-0.0779654329067083,-0.0779654329067083,0.20732593536376953,-0.061806678771972656
573724,2620791,false_start_3,0,8,-11.03974437713623,-10.246999740600586,-11.009976387023926,-10.26323413848877,-10.240643501281738,-10.26323413848877,0.03755054117097923,0.020478723084307666,0.020478723084307666,-0.006356239318847656,0.016234397888183594
573724,2620791,false_start_3,0,9,-11.03974437713623,-10.246999740600586,-11.045309066772461,-10.245476722717285,-10.762615203857422,-10.245476722717285,-0.0070195235385616655,-0.001921196073878831,-0.0070195235385616655,0.5156154632568359,-0.0015230178833007812
573724,2620791,false_start_3,0,10,-11.03974437713623,-10.246999740600586,-11.047881126403809,-10.246191024780273,-10.576122283935547,-10.246191024780273,-0.010264023107285027,-0.0010201466942074194,-0.010264023107285027,0.32912254333496094,-0.0008087158203125
573724,2620791,false_start_3,0,11,-11.03974437713623,-10.246999740600586,-11.038899421691895,-10.189902305603027,-10.465604782104492,-10.189902305603027,0.0010658608149384122,-0.0720250032180335,-0.0720250032180335,0.21860504150390625,-0.057097434997558594
573724,2620791,false_start_3,1,0,-11.03974437713623,-10.246999740600586,-11.157551765441895,-10.137351036071777,-10.252297401428223,-10.137351036071777,-0.1486069824710407,-0.13831529029068165,-0.1486069824710407,0.005297660827636719,-0.1096487045288086
573724,2620791,false_start_3,1,1,-11.03974437713623,-10.246999740600586,-11.074134826660156,-10.210776329040527,-10.15642261505127,-10.210776329040527,-0.04338149757053508,-0.045693669676981616,-0.045693669676981616,-0.0905771255493164,-0.036223411560058594
573724,2620791,false_start_3,1,2,-11.03974437713623,-10.246999740600586,-10.971208572387695,-10.288115501403809,-10.497370719909668,-10.288115501403809,0.0864538233245474,0.05186507597566565,0.05186507597566565,0.25037097930908203,0.041115760803222656
573724,2620791,false_start_3,1,3,-11.03974437713623,-10.246999740600586,-11.08442211151123,-10.190340995788574,-10.011033058166504,-10.190340995788574,-0.0563582928422514,-0.07147162175655306,-0.07147162175655306,-0.23596668243408203,-0.05665874481201172
573724,2620791,false_start_3,1,4,-11.03974437713623,-10.246999740600586,-10.972705841064453,-10.306788444519043,-10.318068504333496,-10.306788444519043,0.08456510833645112,0.07541987818389828,0.07541987818389828,0.07106876373291016,0.05978870391845703
573724,2620791,false_start_3,1,5,-11.03974437713623,-10.246999740600586,-11.07905387878418,-10.19705581665039,-10.450138092041016,-10.19705581665039,-0.049586587958178795,-0.06300127638637093,-0.06300127638637093,0.2031383514404297,-0.04994392395019531
573724,2620791,false_start_3,1,6,-11.03974437713623,-10.246999740600586,-11.025285720825195,-10.240961074829102,-10.318321228027344,-10.240961074829102,0.018238731168489015,-0.007617416117595967,-0.007617416117595967,0.07132148742675781,-0.006038665771484375
573724,2620791,false_start_3,1,7,-11.03974437713623,-10.246999740600586,-11.039519309997559,-10.248540878295898,-10.472832679748535,-10.248540878295898,0.00028390874980300824,0.0019440531342443275,0.00028390874980300824,0.22583293914794922,0.0015411376953125
573724,2620791,false_start_3,1,8,-11.03974437713623,-10.246999740600586,-10.984042167663574,-10.26052188873291,-10.356684684753418,-10.26052188873291,0.07026500956989028,0.01705738204854599,0.01705738204854599,0.10968494415283203,0.013522148132324219
573724,2620791,false_start_3,1,9,-11.03974437713623,-10.246999740600586,-11.047579765319824,-10.247097969055176,-10.105528831481934,-10.247097969055176,-0.009883874103311506,0.00012390932724453327,-0.009883874103311506,-0.14147090911865234,9.822845458984375e-05
573724,2620791,false_start_3,1,10,-11.03974437713623,-10.246999740600586,-11.022552490234375,-10.271957397460938,-10.406964302062988,-10.271957397460938,0.02168653827414758,0.031482593145528495,0.02168653827414758,0.15996456146240234,0.024957656860351562
573724,2620791,false_start_3,1,11,-11.03974437713623,-10.246999740600586,-10.997397422790527,-10.259248733520508,-10.121273040771484,-10.259248733520508,0.053418153077342274,0.015451372807075583,0.015451372807075583,-0.12572669982910156,0.012248992919921875
573724,2620791,false_start_3,2,0,-11.03974437713623,-10.246999740600586,-11.067906379699707,-10.197340965270996,-10.444068908691406,-10.197340965270996,-0.03552468382068997,-0.06264157843640865,-0.06264157843640865,0.1970691680908203,-0.049658775329589844
573724,2620791,false_start_3,2,1,-11.03974437713623,-10.246999740600586,-11.012680053710938,-10.272443771362305,-10.2829008102417,-10.272443771362305,0.03414002716381174,0.03209612476586551,0.03209612476586551,0.03590106964111328,0.02544403076171875
573724,2620791,false_start_3,2,2,-11.03974437713623,-10.246999740600586,-11.03355884552002,-10.283468246459961,-10.089204788208008,-10.283468246459961,0.007802678606874201,0.046002841493504386,0.007802678606874201,-0.15779495239257812,0.036468505859375
573724,2620791,false_start_3,2,3,-11.03974437713623,-10.246999740600586,-10.977334976196289,-10.304268836975098,-10.057978630065918,-10.304268836975098,0.07872573091465535,0.07224154378991715,0.07224154378991715,-0.18902111053466797,0.05726909637451172
573724,2620791,false_start_3,2,4,-11.03974437713623,-10.246999740600586,-10.960872650146484,-10.351092338562012,-9.970752716064453,-10.351092338562012,0.09949197175829741,0.1313065937807142,0.09949197175829741,-0.2762470245361328,0.10409259796142578
573724,2620791,false_start_3,2,5,-11.03974437713623,-10.246999740600586,-10.988277435302734,-10.313263893127441,-10.297958374023438,-10.313263893127441,0.06492247246024976,0.08358826975662043,0.06492247246024976,0.05095863342285156,0.06626415252685547
573724,2620791,false_start_3,2,6,-11.03974437713623,-10.246999740600586,-11.021610260009766,-10.291563987731934,-10.193985939025879,-10.291563987731934,0.022875105413153397,0.05621513546417276,0.022875105413153397,-0.05301380157470703,0.044564247131347656
573724,2620791,false_start_3,2,7,-11.03974437713623,-10.246999740600586,-11.05916690826416,-10.227709770202637,-10.264973640441895,-10.227709770202637,-0.024500362705457905,-0.02433314526383664,-0.024500362705457905,0.017973899841308594,-0.01928997039794922
573724,2620791,false_start_3,2,8,-11.03974437713623,-10.246999740600586,-11.014506340026855,-10.280035018920898,-10.485280990600586,-10.280035018920898,0.031836276079605125,0.04167203005583138,0.031836276079605125,0.23828125,0.0330352783203125
573724,2620791,false_start_3,2,9,-11.03974437713623,-10.246999740600586,-11.072434425354004,-10.235888481140137,-10.273383140563965,-10.235888481140137,-0.041236542905709814,-0.014016190016757834,-0.041236542905709814,0.026383399963378906,-0.011111259460449219
573724,2620791,false_start_3,2,10,-11.03974437713623,-10.246999740600586,-11.060775756835938,-10.253520965576172,-10.440573692321777,-10.253520965576172,-0.02652982906527856,0.00822613572522445,-0.02652982906527856,0.1935739517211914,0.0065212249755859375
573724,2620791,false_start_3,2,11,-11.03974437713623,-10.246999740600586,-11.013497352600098,-10.359046936035156,-10.677441596984863,-10.359046936035156,0.03310905344101014,0.1413408432811671,0.03310905344101014,0.43044185638427734,0.11204719543457031
573724,2620791,false_start_3,3,0,-11.03974437713623,-10.246999740600586,-11.043022155761719,-10.213520050048828,-10.693541526794434,-10.213520050048828,-0.00413472191980059,-0.042232629536374605,-0.042232629536374605,0.44654178619384766,-0.03347969055175781
573724,2620791,false_start_3,3,1,-11.03974437713623,-10.246999740600586,-11.061147689819336,-10.221006393432617,-10.099687576293945,-10.221006393432617,-0.026999000304359803,-0.03278905459589319,-0.03278905459589319,-0.14731216430664062,-0.02599334716796875
573724,2620791,false_start_3,3,2,-11.03974437713623,-10.246999740600586,-10.988609313964844,-10.300148010253906,-9.953302383422852,-10.300148010253906,0.06450382735460804,0.06704336706153241,0.06450382735460804,-0.2936973571777344,0.05314826965332031
573724,2620791,false_start_3,3,3,-11.03974437713623,-10.246999740600586,-11.134441375732422,-10.155316352844238,-10.353117942810059,-10.155316352844238,-0.11945460647961571,-0.11565311643988052,-0.11945460647961571,0.10611820220947266,-0.09168338775634766
573724,2620791,false_start_3,3,4,-11.03974437713623,-10.246999740600586,-11.050155639648438,-10.234217643737793,-10.28132152557373,-10.234217643737793,-0.013133185684743393,-0.01612385158309203,-0.01612385158309203,0.03432178497314453,-0.012782096862792969
573724,2620791,false_start_3,3,5,-11.03974437713623,-10.246999740600586,-11.03338623046875,-10.240534782409668,-10.426194190979004,-10.240534782409668,0.008020422181934982,-0.008155158537773698,-0.008155158537773698,0.17919445037841797,-0.006464958190917969
573724,2620791,false_start_3,3,6,-11.03974437713623,-10.246999740600586,-11.033363342285156,-10.246663093566895,-10.249353408813477,-10.246663093566895,0.008049294258186136,-0.000424660121527381,-0.000424660121527381,0.002353668212890625,-0.00033664703369140625
573724,2620791,false_start_3,3,7,-11.03974437713623,-10.246999740600586,-11.006051063537598,-10.287120819091797,-10.192087173461914,-10.287120819091797,0.04250210224805204,0.05061034366191761,0.04250210224805204,-0.054912567138671875,0.04012107849121094
573724,2620791,false_start_3,3,8,-11.03974437713623,-10.246999740600586,-11.047025680541992,-10.247536659240723,-10.092368125915527,-10.247536659240723,-0.009184929257398168,0.000677290788724973,-0.009184929257398168,-0.1546316146850586,0.0005369186401367188
573724,2620791,false_start_3,3,9,-11.03974437713623,-10.246999740600586,-11.085946083068848,-10.216752052307129,-10.196632385253906,-10.216752052307129,-0.05828069191930736,-0.03815565176907632,-0.05828069191930736,-0.05036735534667969,-0.03024768829345703
573724,2620791,false_start_3,3,10,-11.03974437713623,-10.246999740600586,-11.037355422973633,-10.28514575958252,-10.33866024017334,-10.28514575958252,0.003013522958714134,0.048118924082078504,0.003013522958714134,0.0916604995727539,0.038146018981933594
573724,2620791,false_start_3,3,11,-11.03974437713623,-10.246999740600586,-10.985835075378418,-10.326583862304688,-10.129842758178711,-10.326583862304688,0.06800336359688326,0.10039061513161457,0.06800336359688326,-0.117156982421875,0.07958412170410156
573724,2620791,false_start_3,4,0,-11.03974437713623,-10.246999740600586,-11.083428382873535,-10.114079475402832,-10.318115234375,-10.114079475402832,-0.055104763531680485,-0.16767097381904186,-0.16767097381904186,0.07111549377441406,-0.1329202651977539
573724,2620791,false_start_3,4,1,-11.03974437713623,-10.246999740600586,-10.960551261901855,-10.343977928161621,-10.087647438049316,-10.343977928161621,0.09989738382899069,0.122332190079314,0.09989738382899069,-0.15935230255126953,0.09697818756103516
573724,2620791,false_start_3,4,2,-11.03974437713623,-10.246999740600586,-11.010566711425781,-10.274158477783203,-10.156234741210938,-10.274158477783203,0.0368058822043349,0.034259124478347745,0.034259124478347745,-0.09076499938964844,0.027158737182617188
573724,2620791,false_start_3,4,3,-11.03974437713623,-10.246999740600586,-11.081899642944336,-10.19440746307373,-10.598461151123047,-10.19440746307373,-0.05317634943873887,-0.0663420162092648,-0.0663420162092648,0.35146141052246094,-0.05259227752685547
573724,2620791,false_start_3,4,4,-11.03974437713623,-10.246999740600586,-11.048360824584961,-10.246495246887207,-10.337207794189453,-10.246495246887207,-0.010869133705382115,-0.0006363886807025057,-0.010869133705382115,0.09020805358886719,-0.0005044937133789062
573724,2620791,false_start_3,4,5,-11.03974437713623,-10.246999740600586,-11.029295921325684,-10.270661354064941,-10.269198417663574,-10.270661354064941,0.013180102808651518,0.029847711827806937,0.013180102808651518,0.02219867706298828,0.02366161346435547
573724,2620791,false_start_3,4,6,-11.03974437713623,-10.246999740600586,-11.024824142456055,-10.252198219299316,-10.209897994995117,-10.252198219299316,0.01882098470622061,0.006557570318543211,0.006557570318543211,-0.03710174560546875,0.005198478698730469
573724,2620791,false_start_3,4,7,-11.03974437713623,-10.246999740600586,-11.00411605834961,-10.272400856018066,-10.260590553283691,-10.272400856018066,0.04494299569445163,0.0320419896228946,0.0320419896228946,0.013590812683105469,0.02540111541748047
573724,2620791,false_start_3,4,8,-11.03974437713623,-10.246999740600586,-11.032343864440918,-10.24279499053955,-10.272639274597168,-10.24279499053955,0.009335304654539592,-0.005304041007972302,-0.005304041007972302,0.02563953399658203,-0.004204750061035156
573724,2620791,false_start_3,4,9,-11.03974437713623,-10.246999740600586,-10.992005348205566,-10.314632415771484,-10.181421279907227,-10.314632415771484,0.06021993304084316,0.08531457931580397,0.06021993304084316,-0.06557846069335938,0.06763267517089844
573724,2620791,false_start_3,4,10,-11.03974437713623,-10.246999740600586,-11.040108680725098,-10.26974868774414,-10.274097442626953,-10.26974868774414,-0.0004595472136641913,0.028696437787292195,-0.0004595472136641913,0.027097702026367188,0.022748947143554688
573724,2620791,false_start_3,4,11,-11.03974437713623,-10.246999740600586,-10.906577110290527,-10.390985488891602,-10.461976051330566,-10.390985488891602,0.1679825516419189,0.18162941968329738,0.1679825516419189,0.21497631072998047,0.14398574829101562
573724,2620791,false_start_3,5,0,-11.03974437713623,-10.246999740600586,-11.06578254699707,-10.164705276489258,-9.85180377960205,-10.164705276489258,-0.032845595745218364,-0.10380955016102197,-0.10380955016102197,-0.39519596099853516,-0.08229446411132812
573724,2620791,false_start_3,5,1,-11.03974437713623,-10.246999740600586,-10.973031044006348,-10.313592910766602,-9.968847274780273,-10.313592910766602,0.08415488425304932,0.08400330585273076,0.08400330585273076,-0.2781524658203125,0.06659317016601562
573724,2620791,false_start_3,5,2,-11.03974437713623,-10.246999740600586,-10.999783515930176,-10.329192161560059,-9.813471794128418,-10.329192161560059,0.05040823912815954,0.10368082882106891,0.05040823912815954,-0.43352794647216797,0.08219242095947266
573724,2620791,false_start_3,5,3,-11.03974437713623,-10.246999740600586,-11.027753829956055,-10.258102416992188,-10.390262603759766,-10.258102416992188,0.015125358946072977,0.014005362988163652,0.014005362988163652,0.1432628631591797,0.011102676391601562
573724,2620791,false_start_3,5,4,-11.03974437713623,-10.246999740600586,-11.059815406799316,-10.232617378234863,-10.889360427856445,-10.232617378234863,-0.02531840486590725,-0.018142490914318504,-0.02531840486590725,0.6423606872558594,-0.014382362365722656
573724,2620791,false_start_3,5,5,-11.03974437713623,-10.246999740600586,-11.092388153076172,-10.164549827575684,-9.851288795471191,-10.164549827575684,-0.0664069783808299,-0.1040056396788944,-0.1040056396788944,-0.39571094512939453,-0.08244991302490234
573724,2620791,false_start_3,5,6,-11.03974437713623,-10.246999740600586,-11.03678035736084,-10.237105369567871,-10.231330871582031,-10.237105369567871,0.0037389338745243625,-0.012481157962738179,-0.012481157962738179,-0.015668869018554688,-0.009894371032714844
573724,2620791,false_start_3,5,7,-11.03974437713623,-10.246999740600586,-10.92718505859375,-10.312479019165039,-10.375171661376953,-10.312479019165039,0.14198685598728666,0.08259819814184129,0.08259819814184129,0.1281719207763672,0.06547927856445312
573724,2620791,false_start_3,5,8,-11.03974437713623,-10.246999740600586,-11.018452644348145,-10.263127326965332,-10.21473217010498,-10.263127326965332,0.026858248932635432,0.02034398672846895,0.02034398672846895,-0.03226757049560547,0.016127586364746094
573724,2620791,false_start_3,5,9,-11.03974437713623,-10.246999740600586,-11.04135513305664,-10.220307350158691,-10.299010276794434,-10.220307350158691,-0.002031872366174919,-0.0336708559247305,-0.0336708559247305,0.052010536193847656,-0.02669239044189453
573724,2620791,false_start_3,5,10,-11.03974437713623,-10.246999740600586,-10.993494033813477,-10.298426628112793,-10.134385108947754,-10.298426628112793,0.05834204508134106,0.06487194632681025,0.05834204508134106,-0.11261463165283203,0.05142688751220703
573724,2620791,false_start_3,5,11,-11.03974437713623,-10.246999740600586,-11.057594299316406,-10.262861251831055,-10.39995288848877,-10.262861251831055,-0.022516610466368242,0.02000834884204929,-0.022516610466368242,0.1529531478881836,0.01586151123046875
573724,2620791,false_start_3,6,0,-11.03974437713623,-10.246999740600586,-11.121622085571289,-10.145113945007324,-10.374300003051758,-10.145113945007324,-0.10328383777261556,-0.12852284442883213,-0.12852284442883213,0.12730026245117188,-0.10188579559326172
573724,2620791,false_start_3,6,1,-11.03974437713623,-10.246999740600586,-11.03442668914795,-10.241151809692383,-10.383030891418457,-10.241151809692383,0.006707945715684635,-0.007376815482169689,-0.007376815482169689,0.1360311508178711,-0.005847930908203125
573724,2620791,false_start_3,6,2,-11.03974437713623,-10.246999740600586,-10.998624801635742,-10.284941673278809,-10.180039405822754,-10.284941673278809,0.05186988798837418,0.04786148140217238,0.04786148140217238,-0.06696033477783203,0.037941932678222656
573724,2620791,false_start_3,6,3,-11.03974437713623,-10.246999740600586,-11.070023536682129,-10.234384536743164,-10.235982894897461,-10.234384536743164,-0.03819535087392166,-0.015913326027094037,-0.03819535087392166,-0.011016845703125,-0.012615203857421875
573724,2620791,false_start_3,6,4,-11.03974437713623,-10.246999740600586,-11.001618385314941,-10.269257545471191,-10.169702529907227,-10.269257545471191,0.048093661015358745,0.02807689115106953,0.02807689115106953,-0.07729721069335938,0.02225780487060547
573724,2620791,false_start_3,6,5,-11.03974437713623,-10.246999740600586,-11.030169486999512,-10.248579978942871,-10.209681510925293,-10.248579978942871,0.012078151898399163,0.0019933762645067145,0.0019933762645067145,-0.03731822967529297,0.0015802383422851562
573724,2620791,false_start_3,6,6,-11.03974437713623,-10.246999740600586,-11.08924674987793,-10.227312088012695,-10.271071434020996,-10.227312088012695,-0.0624442859153591,-0.02483479758870043,-0.0624442859153591,0.024071693420410156,-0.019687652587890625
573724,2620791,false_start_3,6,7,-11.03974437713623,-10.246999740600586,-11.081408500671387,-10.200919151306152,-10.002498626708984,-10.200919151306152,-0.0525568028025162,-0.05812791051581167,-0.05812791051581167,-0.24450111389160156,-0.046080589294433594
573724,2620791,false_start_3,6,8,-11.03974437713623,-10.246999740600586,-11.034455299377441,-10.251965522766113,-10.385760307312012,-10.251965522766113,0.006671855620370693,0.006264037543323152,0.006264037543323152,0.13876056671142578,0.004965782165527344
573724,2620791,false_start_3,6,9,-11.03974437713623,-10.246999740600586,-10.967787742614746,-10.334085464477539,-10.168079376220703,-10.334085464477539,0.0907689957209177,0.10985343812293008,0.0907689957209177,-0.07892036437988281,0.08708572387695312
573724,2620791,false_start_3,6,10,-11.03974437713623,-10.246999740600586,-11.009286880493164,-10.251771926879883,-10.12366008758545,-10.251771926879883,0.038420312468045226,0.006019827898365479,0.006019827898365479,-0.12333965301513672,0.004772186279296875
573724,2620791,false_start_3,6,11,-11.03974437713623,-10.246999740600586,-10.971908569335938,-10.325632095336914,-9.41726016998291,-10.325632095336914,0.08557081899253297,0.09919001796083743,0.08557081899253297,-0.8297395706176758,0.07863235473632812
573724,2620791,false_start_3,7,0,-11.03974437713623,-10.246999740600586,-11.034567832946777,-10.260046005249023,-10.067771911621094,-10.260046005249023,0.0065299012454691895,0.016457083463157426,0.0065299012454691895,-0.1792278289794922,0.0130462646484375
573724,2620791,false_start_3,7,1,-11.03974437713623,-10.246999740600586,-11.053915023803711,-10.241714477539062,-10.064010620117188,-10.241714477539062,-0.017875424208995336,-0.006667043607662168,-0.017875424208995336,-0.18298912048339844,-0.0052852630615234375
573724,2620791,false_start_3,7,2,-11.03974437713623,-10.246999740600586,-11.023676872253418,-10.266401290893555,-10.047968864440918,-10.266401290893555,0.020268197528309672,0.024473896635561015,0.020268197528309672,-0.19903087615966797,0.01940155029296875
573724,2620791,false_start_3,7,3,-11.03974437713623,-10.246999740600586,-10.940091133117676,-10.352014541625977,-10.321455001831055,-10.352014541625977,0.12570661399116756,0.13246989785300023,0.12570661399116756,0.07445526123046875,0.10501480102539062
573724,2620791,false_start_3,7,4,-11.03974437713623,-10.246999740600586,-10.977008819580078,-10.302360534667969,-10.054075241088867,-10.302360534667969,0.07913715800123428,0.06983433443247723,0.06983433443247723,-0.19292449951171875,0.05536079406738281
573724,2620791,false_start_3,7,5,-11.03974437713623,-10.246999740600586,-11.028196334838867,-10.217181205749512,-9.902120590209961,-10.217181205749512,0.014567165471884011,-0.0376143003393672,-0.0376143003393672,-0.344879150390625,-0.02981853485107422
573724,2620791,false_start_3,7,6,-11.03974437713623,-10.246999740600586,-11.031042098999023,-10.240983963012695,-10.027724266052246,-10.240983963012695,0.010977403991323941,-0.007588544041344813,-0.007588544041344813,-0.21927547454833984,-0.006015777587890625
573724,2620791,false_start_3,7,7,-11.03974437713623,-10.246999740600586,-11.026220321655273,-10.233132362365723,-10.047459602355957,-10.233132362365723,0.017059788054900254,-0.017492869198667552,-0.017492869198667552,-0.1995401382446289,-0.013867378234863281
573724,2620791,false_start_3,7,8,-11.03974437713623,-10.246999740600586,-11.048213958740234,-10.231463432312012,-10.223410606384277,-10.231463432312012,-0.010683871216103882,-0.019598124758647487,-0.019598124758647487,-0.023589134216308594,-0.015536308288574219
573724,2620791,false_start_3,7,9,-11.03974437713623,-10.246999740600586,-11.010025024414062,-10.245603561401367,-9.930610656738281,-10.245603561401367,0.03748918800894553,-0.0017611966513203562,-0.0017611966513203562,-0.3163890838623047,-0.00139617919921875
573724,2620791,false_start_3,7,10,-11.03974437713623,-10.246999740600586,-11.00383186340332,-10.298807144165039,-10.251192092895508,-10.298807144165039,0.045301490641236786,0.06535194459448568,0.045301490641236786,0.004192352294921875,0.051807403564453125
573724,2620791,false_start_3,7,11,-11.03974437713623,-10.246999740600586,-11.01986312866211,-10.245487213134766,-10.598917961120605,-10.245487213134766,0.025079007233658104,-0.0019079630389303858,-0.0019079630389303858,0.35191822052001953,-0.0015125274658203125
573724,2620791,false_start_3,8,0,-11.03974437713623,-10.246999740600586,-11.077701568603516,-10.186731338500977,-9.976439476013184,-10.186731338500977,-0.04788072945300648,-0.07602498878199537,-0.07602498878199537,-0.27056026458740234,-0.060268402099609375
573724,2620791,false_start_3,8,1,-11.03974437713623,-10.246999740600586,-11.047250747680664,-10.244001388549805,-9.578057289123535,-10.244001388549805,-0.009468838007201177,-0.0037822419889010925,-0.009468838007201177,-0.6689424514770508,-0.00299835205078125
573724,2620791,false_start_3,8,2,-11.03974437713623,-10.246999740600586,-11.12917709350586,-10.137786865234375,-10.376763343811035,-10.137786865234375,-0.11281402894185044,-0.13776551783873262,-0.13776551783873262,0.12976360321044922,-0.10921287536621094
573724,2620791,false_start_3,8,3,-11.03974437713623,-10.246999740600586,-11.09048080444336,-10.188332557678223,-9.56302547454834,-10.188332557678223,-0.06400097202656713,-0.07400514644759176,-0.07400514644759176,-0.6839742660522461,-0.05866718292236328
573724,2620791,false_start_3,8,4,-11.03974437713623,-10.246999740600586,-10.99323558807373,-10.265914916992188,-9.71009635925293,-10.265914916992188,0.058668058942343664,0.023860365015224004,0.023860365015224004,-0.5369033813476562,0.018915176391601562
573724,2620791,false_start_3,8,5,-11.03974437713623,-10.246999740600586,-11.105836868286133,-10.142725944519043,-10.00364875793457,-10.142725944519043,-0.08337172918473677,-0.13153516438436913,-0.13153516438436913,-0.24335098266601562,-0.10427379608154297
573724,2620791,false_start_3,8,6,-11.03974437713623,-10.246999740600586,-11.023865699768066,-10.295376777648926,-10.423015594482422,-10.295376777648926,0.020030002899237658,0.06102474216634406,0.020030002899237658,0.17601585388183594,0.048377037048339844
573724,2620791,false_start_3,8,7,-11.03974437713623,-10.246999740600586,-10.984870910644531,-10.322209358215332,-10.064230918884277,-10.322209358215332,0.0692195998089631,0.09487243955811288,0.0692195998089631,-0.1827688217163086,0.0752096176147461
573724,2620791,false_start_3,8,8,-11.03974437713623,-10.246999740600586,-11.067907333374023,-10.206367492675781,-10.058771133422852,-10.206367492675781,-0.0355258868238671,-0.051255153364860036,-0.051255153364860036,-0.18822860717773438,-0.04063224792480469
573724,2620791,false_start_3,8,9,-11.03974437713623,-10.246999740600586,-11.006318092346191,-10.262396812438965,-10.114100456237793,-10.262396812438965,0.04216526135845525,0.019422486294786306,0.019422486294786306,-0.13289928436279297,0.015397071838378906
573724,2620791,false_start_3,8,10,-11.03974437713623,-10.246999740600586,-10.994967460632324,-10.328032493591309,-9.741463661193848,-10.328032493591309,0.056483405172673064,0.10221797695767715,0.056483405172673064,-0.5055360794067383,0.08103275299072266
573724,2620791,false_start_3,8,11,-11.03974437713623,-10.246999740600586,-10.992850303649902,-10.300409317016602,-10.352922439575195,-10.300409317016602,0.05915407222590475,0.0673729899320664,0.05915407222590475,0.10592269897460938,0.053409576416015625
573724,2620791,false_start_3,9,0,-11.03974437713623,-10.246999740600586,-11.044005393981934,-10.243226051330566,-10.21761417388916,-10.243226051330566,-0.005375018195423054,-0.004760283571908913,-0.005375018195423054,-0.02938556671142578,-0.0037736892700195312
573724,2620791,false_start_3,9,1,-11.03974437713623,-10.246999740600586,-11.03943920135498,-10.249956130981445,-10.374797821044922,-10.249956130981445,0.00038496101668204503,0.0037293098491073115,0.00038496101668204503,0.12779808044433594,0.002956390380859375
573724,2620791,false_start_3,9,2,-11.03974437713623,-10.246999740600586,-11.091617584228516,-10.192874908447266,-10.096116065979004,-10.192874908447266,-0.06543495181370775,-0.06827524231491496,-0.06827524231491496,-0.15088367462158203,-0.05412483215332031
573724,2620791,false_start_3,9,3,-11.03974437713623,-10.246999740600586,-10.968940734863281,-10.325065612792969,-10.067947387695312,-10.325065612792969,0.08931456487976584,0.09847543407362139,0.08931456487976584,-0.17905235290527344,0.07806587219238281
573724,2620791,false_start_3,9,4,-11.03974437713623,-10.246999740600586,-10.949922561645508,-10.354053497314453,-9.928081512451172,-10.354053497314453,0.11330485423812005,0.13504191864570714,0.11330485423812005,-0.31891822814941406,0.10705375671386719
573724,2620791,false_start_3,9,5,-11.03974437713623,-10.246999740600586,-11.03417682647705,-10.202496528625488,-10.322612762451172,-10.202496528625488,0.007023132548093059,-0.056138143260836354,-0.056138143260836354,0.07561302185058594,-0.044503211975097656
573724,2620791,false_start_3,9,6,-11.03974437713623,-10.246999740600586,-10.982451438903809,-10.313857078552246,-7.4777936935424805,-10.313857078552246,0.07227161886934544,0.08433653773279615,0.07227161886934544,-2.7692060470581055,0.06685733795166016
573724,2620791,false_start_3,9,7,-11.03974437713623,-10.246999740600586,-11.009774208068848,-10.238005638122559,-9.945259094238281,-10.238005638122559,0.03780557784453109,-0.011345522963526146,-0.011345522963526146,-0.3017406463623047,-0.008994102478027344
573724,2620791,false_start_3,9,8,-11.03974437713623,-10.246999740600586,-11.06567096710205,-10.240147590637207,-10.159306526184082,-10.240147590637207,-0.03270484437349399,-0.008643577827689044,-0.03270484437349399,-0.0876932144165039,-0.006852149963378906
573724,2620791,false_start_3,9,9,-11.03974437713623,-10.246999740600586,-11.051097869873047,-10.234042167663574,-10.403186798095703,-10.234042167663574,-0.014321752823749208,-0.016345204167684205,-0.016345204167684205,0.1561870574951172,-0.012957572937011719
573724,2620791,false_start_3,9,10,-11.03974437713623,-10.246999740600586,-11.01158618927002,-10.288491249084473,-9.945630073547363,-10.288491249084473,0.03551987180798145,0.05233905922745542,0.03551987180798145,-0.30136966705322266,0.04149150848388672
573724,2620791,false_start_3,9,11,-11.03974437713623,-10.246999740600586,-11.025336265563965,-10.271258354187012,-9.47083568572998,-10.271258354187012,0.018174972000101052,0.03060079181669119,0.018174972000101052,-0.7761640548706055,0.02425861358642578
573724,2620791,false_start_3,10,0,-11.03974437713623,-10.246999740600586,-11.068506240844727,-10.223420143127441,-9.755722045898438,-10.223420143127441,-0.036281372819105616,-0.02974425355457364,-0.036281372819105616,-0.49127769470214844,-0.02357959747314453
573724,2620791,false_start_3,10,1,-11.03974437713623,-10.246999740600586,-11.039756774902344,-10.25101089477539,-10.375753402709961,-10.25101089477539,-1.563904130270808e-05,0.0050598313630146295,-1.563904130270808e-05,0.128753662109375,0.0040111541748046875
573724,2620791,false_start_3,10,2,-11.03974437713623,-10.246999740600586,-10.925241470336914,-10.37007999420166,-9.519597053527832,-10.37007999420166,0.14443857646228045,0.15525838703740016,0.14443857646228045,-0.7274026870727539,0.12308025360107422
573724,2620791,false_start_3,10,3,-11.03974437713623,-10.246999740600586,-11.026583671569824,-10.268285751342773,-10.01445484161377,-10.268285751342773,0.016601443844413193,0.026851030913572643,0.016601443844413193,-0.2325448989868164,0.0212860107421875
573724,2620791,false_start_3,10,4,-11.03974437713623,-10.246999740600586,-11.028581619262695,-10.256966590881348,-10.212902069091797,-10.256966590881348,0.01408115218832293,0.012572586204200166,0.012572586204200166,-0.03409767150878906,0.009966850280761719
573724,2620791,false_start_3,10,5,-11.03974437713623,-10.246999740600586,-11.098495483398438,-10.160615921020508,-10.189785957336426,-10.160615921020508,-0.07411101072717934,-0.10896802778456138,-0.10896802778456138,-0.057213783264160156,-0.08638381958007812
573724,2620791,false_start_3,10,6,-11.03974437713623,-10.246999740600586,-11.030720710754395,-10.25296401977539,-9.639886856079102,-10.25296401977539,0.01138281606201722,0.007523581869779718,0.007523581869779718,-0.6071128845214844,0.0059642791748046875
573724,2620791,false_start_3,10,7,-11.03974437713623,-10.246999740600586,-10.961671829223633,-10.32618236541748,-9.698654174804688,-10.32618236541748,0.09848385509586131,0.09988415079404225,0.09848385509586131,-0.5483455657958984,0.07918262481689453
573724,2620791,false_start_3,10,8,-11.03974437713623,-10.246999740600586,-11.002513885498047,-10.291903495788574,-10.270840644836426,-10.291903495788574,0.04696404103203237,0.05664340459523154,0.04696404103203237,0.023840904235839844,0.04490375518798828
573724,2620791,false_start_3,10,9,-11.03974437713623,-10.246999740600586,-10.981172561645508,-10.310186386108398,-10.265490531921387,-10.310186386108398,0.07388484612987863,0.07970617850401743,0.07388484612987863,0.01849079132080078,0.0631866455078125
573724,2620791,false_start_3,10,10,-11.03974437713623,-10.246999740600586,-10.992683410644531,-10.30946159362793,-10.117314338684082,-10.30946159362793,0.05936459778190274,0.07879189608939757,0.05936459778190274,-0.1296854019165039,0.06246185302734375
573724,2620791,false_start_3,10,11,-11.03974437713623,-10.246999740600586,-11.042207717895508,-10.239363670349121,-9.704754829406738,-10.239363670349121,-0.0031073572065303825,-0.009632446439291046,-0.009632446439291046,-0.5422449111938477,-0.007636070251464844
573724,2620791,false_start_3,11,0,-11.03974437713623,-10.246999740600586,-11.052953720092773,-10.235738754272461,-10.162532806396484,-10.235738754272461,-0.016662797006446895,-0.014205061515567463,-0.016662797006446895,-0.08446693420410156,-0.011260986328125
573724,2620791,false_start_3,11,1,-11.03974437713623,-10.246999740600586,-11.040892601013184,-10.242968559265137,-10.191069602966309,-10.242968559265137,-0.0014484158252661946,-0.005085094429734389,-0.005085094429734389,-0.055930137634277344,-0.004031181335449219
573724,2620791,false_start_3,11,2,-11.03974437713623,-10.246999740600586,-10.97998332977295,-10.309404373168945,-8.753883361816406,-10.309404373168945,0.07538499109176147,0.0787197158987697,0.07538499109176147,-1.4931163787841797,0.062404632568359375
573724,2620791,false_start_3,11,3,-11.03974437713623,-10.246999740600586,-10.955841064453125,-10.350143432617188,-9.774293899536133,-10.350143432617188,0.10583901652084263,0.13010960561946844,0.10583901652084263,-0.4727058410644531,0.10314369201660156
573724,2620791,false_start_3,11,4,-11.03974437713623,-10.246999740600586,-10.914593696594238,-10.391021728515625,-9.146092414855957,-10.391021728515625,0.1578701069349524,0.1816751338040284,0.1578701069349524,-1.100907325744629,0.14402198791503906
573724,2620791,false_start_3,11,5,-11.03974437713623,-10.246999740600586,-11.029452323913574,-10.274393081665039,-10.368382453918457,-10.274393081665039,0.01298281028760197,0.03455506325992207,0.01298281028760197,0.1213827133178711,0.027393341064453125
573724,2620791,false_start_3,11,6,-11.03974437713623,-10.246999740600586,-10.962996482849121,-10.336217880249023,-10.331965446472168,-10.336217880249023,0.09681288368282581,0.11254335322699588,0.09681288368282581,0.08496570587158203,0.0892181396484375
573724,2620791,false_start_3,11,7,-11.03974437713623,-10.246999740600586,-11.033136367797852,-10.248924255371094,-10.067818641662598,-10.248924255371094,0.008335609014343407,0.0024276604114511465,0.0024276604114511465,-0.17918109893798828,0.0019245147705078125
573724,2620791,false_start_3,11,8,-11.03974437713623,-10.246999740600586,-11.035163879394531,-10.253687858581543,-10.192782402038574,-10.253687858581543,0.00577802425976207,0.008436661281222444,0.00577802425976207,-0.05421733856201172,0.006688117980957031
573724,2620791,false_start_3,11,9,-11.03974437713623,-10.246999740600586,-11.014087677001953,-10.28636360168457,-9.788300514221191,-10.28636360168457,0.03236439447436581,0.04965515913927529,0.03236439447436581,-0.45869922637939453,0.039363861083984375
573724,2620791,false_start_3,11,10,-11.03974437713623,-10.246999740600586,-10.991270065307617,-10.308436393737793,-10.21262264251709,-10.308436393737793,0.06114744849041146,0.07749866767398132,0.06114744849041146,-0.034377098083496094,0.06143665313720703
573724,2620791,false_start_3,11,11,-11.03974437713623,-10.246999740600586,-10.954813957214355,-10.357338905334473,-10.236939430236816,-10.357338905334473,0.10713465094261314,0.13918626459092479,0.10713465094261314,-0.010060310363769531,0.11033916473388672
156493,5346657,false_start_3,0,0,-10.234926223754883,-9.54673957824707,-10.234686851501465,-9.530024528503418,-9.715725898742676,-9.530024528503418,0.00034783042504600787,-0.0242885412740294,-0.0242885412740294,0.16898632049560547,-0.016715049743652344
156493,5346657,false_start_3,0,1,-10.234926223754883,-9.54673957824707,-10.238655090332031,-9.564006805419922,-9.871574401855469,-9.564006805419922,-0.0054183942706370145,0.025090907075231147,-0.0054183942706370145,0.32483482360839844,0.017267227172851562
156493,5346657,false_start_3,0,2,-10.234926223754883,-9.54673957824707,-10.206663131713867,-9.562487602233887,-9.048498153686523,-9.562487602233887,0.04106893416997406,0.022883361787986962,0.022883361787986962,-0.4982414245605469,0.015748023986816406
156493,5346657,false_start_3,0,3,-10.234926223754883,-9.54673957824707,-10.230987548828125,-9.533920288085938,-9.438153266906738,-9.533920288085938,0.005723265559521962,-0.01862763575087027,-0.01862763575087027,-0.10858631134033203,-0.012819290161132812
156493,5346657,false_start_3,0,4,-10.234926223754883,-9.54673957824707,-9.70752239227295,-10.018816947937012,-9.278868675231934,-10.018816947937012,0.7663674308773641,0.6859728719984036,0.6859728719984036,-0.2678709030151367,0.4720773696899414
156493,5346657,false_start_3,0,5,-10.234926223754883,-9.54673957824707,-10.232772827148438,-9.550525665283203,-9.398336410522461,-9.550525665283203,0.00312908804682823,0.005501540985787455,0.00312908804682823,-0.14840316772460938,0.0037860870361328125
156493,5346657,false_start_3,0,6,-10.234926223754883,-9.54673957824707,-10.23480224609375,-9.570257186889648,-8.983336448669434,-9.570257186889648,0.00018015121615928693,0.034173299926830894,0.00018015121615928693,-0.5634031295776367,0.023517608642578125
156493,5346657,false_start_3,0,7,-10.234926223754883,-9.54673957824707,-10.243667602539062,-9.460408210754395,-9.545613288879395,-9.460408210754395,-0.01270204651781557,-0.12544760648322653,-0.12544760648322653,-0.0011262893676757812,-0.08633136749267578
156493,5346657,false_start_3,0,8,-10.234926223754883,-9.54673957824707,-10.232865333557129,-9.49621868133545,-9.316558837890625,-9.49621868133545,0.0029946675240016853,-0.07341162058490942,-0.07341162058490942,-0.2301807403564453,-0.050520896911621094
156493,5346657,false_start_3,0,9,-10.234926223754883,-9.54673957824707,-10.212116241455078,-9.562382698059082,-9.80972671508789,-9.562382698059082,0.033145052216137116,0.022730926143544487,0.022730926143544487,0.2629871368408203,0.01564311981201172
156493,5346657,false_start_3,0,10,-10.234926223754883,-9.54673957824707,-10.240019798278809,-9.554265022277832,-9.652413368225098,-9.554265022277832,-0.0074014434269750115,0.010935178820868717,-0.0074014434269750115,0.10567378997802734,0.007525444030761719
156493,5346657,false_start_3,0,11,-10.234926223754883,-9.54673957824707,-10.222050666809082,-9.492753028869629,-9.828368186950684,-9.492753028869629,0.01870939668743487,-0.07844753996585442,-0.07844753996585442,0.2816286087036133,-0.053986549377441406
156493,5346657,false_start_3,1,0,-10.234926223754883,-9.54673957824707,-10.249476432800293,-9.562969207763672,-9.62924575805664,-9.562969207763672,-0.02114282388417108,0.0235831799738365,-0.02114282388417108,0.08250617980957031,0.016229629516601562
156493,5346657,false_start_3,1,1,-10.234926223754883,-9.54673957824707,-10.22419261932373,-9.548432350158691,-9.555004119873047,-9.548432350158691,0.015596937983636726,0.002459756989867187,0.002459756989867187,0.008264541625976562,0.0016927719116210938
156493,5346657,false_start_3,1,2,-10.234926223754883,-9.54673957824707,-10.13674259185791,-9.719558715820312,-9.51723861694336,-9.719558715820312,0.14267006274805435,0.25112248065453097,0.14267006274805435,-0.029500961303710938,0.1728191375732422
156493,5346657,false_start_3,1,3,-10.234926223754883,-9.54673957824707,-10.199914932250977,-9.548747062683105,-9.60408878326416,-9.548747062683105,0.05087470344338263,0.0029170639231946077,0.0029170639231946077,0.057349205017089844,0.0020074844360351562
156493,5346657,false_start_3,1,4,-10.234926223754883,-9.54673957824707,-10.1625394821167,-9.605687141418457,-9.391542434692383,-9.605687141418457,0.10518475200106428,0.08565636016939758,0.08565636016939758,-0.1551971435546875,0.05894756317138672
156493,5346657,false_start_3,1,5,-10.234926223754883,-9.54673957824707,-10.1981840133667,-9.610099792480469,-9.669787406921387,-9.610099792480469,0.053389891576683446,0.09206835768608235,0.053389891576683446,0.1230478286743164,0.06336021423339844
156493,5346657,false_start_3,1,6,-10.234926223754883,-9.54673957824707,-10.099099159240723,-9.705429077148438,-9.181870460510254,-9.705429077148438,0.19736951508835723,0.2305907851267156,0.19736951508835723,-0.3648691177368164,0.1586894989013672
156493,5346657,false_start_3,1,7,-10.234926223754883,-9.54673957824707,-10.242995262145996,-9.540679931640625,-9.904764175415039,-9.540679931640625,-0.011725072614797898,-0.008805237134431609,-0.011725072614797898,0.35802459716796875,-0.0060596466064453125
156493,5346657,false_start_3,1,8,-10.234926223754883,-9.54673957824707,-10.265250205993652,-9.601541519165039,-9.48500919342041,-9.601541519165039,-0.044063601693975746,0.07963238065674819,-0.044063601693975746,-0.061730384826660156,0.05480194091796875
156493,5346657,false_start_3,1,9,-10.234926223754883,-9.54673957824707,-10.26551628112793,-9.466513633728027,-8.945804595947266,-9.466513633728027,-0.04445023391942529,-0.11657585197667457,-0.11657585197667457,-0.6009349822998047,-0.08022594451904297
156493,5346657,false_start_3,1,10,-10.234926223754883,-9.54673957824707,-10.251540184020996,-9.547308921813965,-9.644185066223145,-9.547308921813965,-0.02414164874393029,0.0008273098157468793,-0.02414164874393029,0.09744548797607422,0.0005693435668945312
156493,5346657,false_start_3,1,11,-10.234926223754883,-9.54673957824707,-10.265095710754395,-9.571351051330566,-9.344364166259766,-9.571351051330566,-0.04383910556306955,0.03576278796479014,-0.04383910556306955,-0.2023754119873047,0.024611473083496094
156493,5346657,false_start_3,2,0,-10.234926223754883,-9.54673957824707,-10.24317741394043,-9.466804504394531,-9.741445541381836,-9.466804504394531,-0.011989756324693466,-0.11615318950799317,-0.11615318950799317,0.19470596313476562,-0.07993507385253906
156493,5346657,false_start_3,2,1,-10.234926223754883,-9.54673957824707,-10.215935707092285,-9.586302757263184,-9.803112983703613,-9.586302757263184,0.027595008979845237,0.057489024633600144,0.027595008979845237,0.25637340545654297,0.03956317901611328
156493,5346657,false_start_3,2,2,-10.234926223754883,-9.54673957824707,-10.135793685913086,-9.688246726989746,-9.554059028625488,-9.688246726989746,0.14404891244096582,0.20562321234562428,0.14404891244096582,0.007319450378417969,0.14150714874267578
156493,5346657,false_start_3,2,3,-10.234926223754883,-9.54673957824707,-10.335465431213379,-9.436710357666016,-9.613478660583496,-9.436710357666016,-0.14609293585508082,-0.1598828185627813,-0.1598828185627813,0.06673908233642578,-0.11002922058105469
156493,5346657,false_start_3,2,4,-10.234926223754883,-9.54673957824707,-10.22683048248291,-9.562007904052734,-8.805428504943848,-9.562007904052734,0.011763874415201436,0.022186315159309106,0.011763874415201436,-0.7413110733032227,0.015268325805664062
156493,5346657,false_start_3,2,5,-10.234926223754883,-9.54673957824707,-10.204971313476562,-9.60099983215332,-9.463156700134277,-9.60099983215332,0.043527305381255404,0.07884525841999068,0.043527305381255404,-0.08358287811279297,0.05426025390625
156493,5346657,false_start_3,2,6,-10.234926223754883,-9.54673957824707,-10.191655158996582,-9.563946723937988,-9.668773651123047,-9.563946723937988,0.06287693177534866,0.025003603024323185,0.025003603024323185,0.12203407287597656,0.01720714569091797
156493,5346657,false_start_3,2,7,-10.234926223754883,-9.54673957824707,-10.229652404785156,-9.512590408325195,-9.79899787902832,-9.512590408325195,0.007663355579698898,-0.049621959601782666,-0.049621959601782666,0.25225830078125,-0.034149169921875
156493,5346657,false_start_3,2,8,-10.234926223754883,-9.54673957824707,-10.248071670532227,-9.544235229492188,-9.6836519241333,-9.544235229492188,-0.019101572027227776,-0.003639054566417596,-0.019101572027227776,0.13691234588623047,-0.0025043487548828125
156493,5346657,false_start_3,2,9,-10.234926223754883,-9.54673957824707,-10.24642276763916,-9.58665657043457,-9.952393531799316,-9.58665657043457,-0.016705560852309263,0.05800314848894703,-0.016705560852309263,0.4056539535522461,0.0399169921875
156493,5346657,false_start_3,2,10,-10.234926223754883,-9.54673957824707,-10.210200309753418,-9.575813293457031,-9.688337326049805,-9.575813293457031,0.03592908139509102,0.04224684596793862,0.03592908139509102,0.14159774780273438,0.029073715209960938
156493,5346657,false_start_3,2,11,-10.234926223754883,-9.54673957824707,-10.210201263427734,-9.566041946411133,-9.830169677734375,-9.566041946411133,0.035927695616505176,0.028048158577415133,0.028048158577415133,0.2834300994873047,0.0193023681640625
156493,5346657,false_start_3,3,0,-10.234926223754883,-9.54673957824707,-10.286855697631836,-9.491189002990723,-9.827299118041992,-9.491189002990723,-0.07545841555619609,-0.08072021684663311,-0.08072021684663311,0.2805595397949219,-0.055550575256347656
156493,5346657,false_start_3,3,1,-10.234926223754883,-9.54673957824707,-10.209451675415039,-9.579205513000488,-9.799105644226074,-9.579205513000488,0.037016917584975946,0.04717606039777388,0.037016917584975946,0.2523660659790039,0.03246593475341797
156493,5346657,false_start_3,3,2,-10.234926223754883,-9.54673957824707,-10.173551559448242,-9.59989070892334,-9.832408905029297,-9.59989070892334,0.08918316667036208,0.07723359792465799,0.07723359792465799,0.28566932678222656,0.05315113067626953
156493,5346657,false_start_3,3,3,-10.234926223754883,-9.54673957824707,-10.105854988098145,-9.65666675567627,-9.611446380615234,-9.65666675567627,0.18755265958626194,0.15973454025409636,0.15973454025409636,0.06470680236816406,0.10992717742919922
156493,5346657,false_start_3,3,4,-10.234926223754883,-9.54673957824707,-10.2770357131958,-9.455464363098145,-9.206554412841797,-9.455464363098145,-0.061189053457794726,-0.13263148267222455,-0.13263148267222455,-0.34018516540527344,-0.09127521514892578
156493,5346657,false_start_3,3,5,-10.234926223754883,-9.54673957824707,-10.200079917907715,-9.573060989379883,-9.371434211730957,-9.573060989379883,0.0506349637480322,0.03824748896920246,0.03824748896920246,-0.17530536651611328,0.0263214111328125
156493,5346657,false_start_3,3,6,-10.234926223754883,-9.54673957824707,-10.196141242980957,-9.581917762756348,-9.934429168701172,-9.581917762756348,0.05635822930755416,0.051117214695904745,0.051117214695904745,0.38768959045410156,0.035178184509277344
156493,5346657,false_start_3,3,7,-10.234926223754883,-9.54673957824707,-10.191067695617676,-9.57063102722168,-9.409286499023438,-9.57063102722168,0.06373057138422651,0.034716525132480434,0.034716525132480434,-0.1374530792236328,0.023891448974609375
156493,5346657,false_start_3,3,8,-10.234926223754883,-9.54673957824707,-10.246138572692871,-9.507987022399902,-9.437545776367188,-9.507987022399902,-0.01629259883372874,-0.05631111283563557,-0.05631111283563557,-0.10919380187988281,-0.03875255584716797
156493,5346657,false_start_3,3,9,-10.234926223754883,-9.54673957824707,-10.255012512207031,-9.552186012268066,-9.720449447631836,-9.552186012268066,-0.029187268574976166,0.007914181503736059,-0.029187268574976166,0.17370986938476562,0.005446434020996094
156493,5346657,false_start_3,3,10,-10.234926223754883,-9.54673957824707,-10.195337295532227,-9.624247550964355,-9.773421287536621,-9.624247550964355,0.05752644065541784,0.11262638300702867,0.05752644065541784,0.22668170928955078,0.07750797271728516
156493,5346657,false_start_3,3,11,-10.234926223754883,-9.54673957824707,-10.20322322845459,-9.575858116149902,-9.34017562866211,-9.575858116149902,0.04606743752910135,0.04231197756147314,0.04231197756147314,-0.20656394958496094,0.02911853790283203
156493,5346657,false_start_3,4,0,-10.234926223754883,-9.54673957824707,-10.264391899108887,-9.440881729125977,-9.662022590637207,-9.440881729125977,-0.04281640096671914,-0.15382142302831422,-0.15382142302831422,0.11528301239013672,-0.10585784912109375
156493,5346657,false_start_3,4,1,-10.234926223754883,-9.54673957824707,-10.26653003692627,-9.569000244140625,-8.5440673828125,-9.569000244140625,-0.04592331655617392,0.03234684375069289,-0.04592331655617392,-1.0026721954345703,0.022260665893554688
156493,5346657,false_start_3,4,2,-10.234926223754883,-9.54673957824707,-10.216806411743164,-9.608064651489258,-9.369714736938477,-9.608064651489258,0.026329793130972706,0.08911110618389836,0.026329793130972706,-0.17702484130859375,0.0613250732421875
156493,5346657,false_start_3,4,3,-10.234926223754883,-9.54673957824707,-10.203776359558105,-9.582098007202148,-9.62837028503418,-9.582098007202148,0.045263685949313764,0.05137912684862864,0.045263685949313764,0.08163070678710938,0.035358428955078125
156493,5346657,false_start_3,4,4,-10.234926223754883,-9.54673957824707,-10.200366020202637,-9.611689567565918,-9.774152755737305,-9.611689567565918,0.05021923017227999,0.09437845058867875,0.05021923017227999,0.22741317749023438,0.06494998931884766
156493,5346657,false_start_3,4,5,-10.234926223754883,-9.54673957824707,-10.205077171325684,-9.584037780761719,-9.549156188964844,-9.584037780761719,0.04337348395822709,0.054197800492228554,0.04337348395822709,0.0024166107177734375,0.03729820251464844
156493,5346657,false_start_3,4,6,-10.234926223754883,-9.54673957824707,-10.265542984008789,-9.502418518066406,-9.9871187210083,-9.502418518066406,-0.04448903571982883,-0.06440267399835924,-0.06440267399835924,0.44037914276123047,-0.04432106018066406
156493,5346657,false_start_3,4,7,-10.234926223754883,-9.54673957824707,-10.216044425964355,-9.559120178222656,-9.394020080566406,-9.559120178222656,0.0274370302210594,0.01799017760138356,0.01799017760138356,-0.15271949768066406,0.012380599975585938
156493,5346657,false_start_3,4,8,-10.234926223754883,-9.54673957824707,-10.247041702270508,-9.483390808105469,-9.766159057617188,-9.483390808105469,-0.017604931154519856,-0.09205172834305227,-0.09205172834305227,0.2194194793701172,-0.06334877014160156
156493,5346657,false_start_3,4,9,-10.234926223754883,-9.54673957824707,-10.204071044921875,-9.561198234558105,-9.263012886047363,-9.561198234558105,0.044835480366288996,0.021009789139930377,0.021009789139930377,-0.28372669219970703,0.014458656311035156
156493,5346657,false_start_3,4,10,-10.234926223754883,-9.54673957824707,-10.21595287322998,-9.600318908691406,-9.6137056350708,-9.600318908691406,0.027570064965300106,0.07785581250970044,0.027570064965300106,0.06696605682373047,0.05357933044433594
156493,5346657,false_start_3,4,11,-10.234926223754883,-9.54673957824707,-9.985533714294434,-9.815123558044434,-10.344576835632324,-9.815123558044434,0.36239080064743573,0.38998719540586685,0.36239080064743573,0.7978372573852539,0.2683839797973633
156493,5346657,false_start_3,5,0,-10.234926223754883,-9.54673957824707,-10.254413604736328,-9.440177917480469,-9.521259307861328,-9.440177917480469,-0.028316999623068224,-0.15484412762466465,-0.15484412762466465,-0.025480270385742188,-0.10656166076660156
156493,5346657,false_start_3,5,1,-10.234926223754883,-9.54673957824707,-10.255111694335938,-9.545276641845703,-9.461809158325195,-9.545276641845703,-0.029331389547903593,-0.002125784350679586,-0.029331389547903593,-0.084930419921875,-0.0014629364013671875
156493,5346657,false_start_3,5,2,-10.234926223754883,-9.54673957824707,-10.16562557220459,-9.621248245239258,-9.694656372070312,-9.621248245239258,0.10070037249728388,0.10826810935455977,0.10070037249728388,0.1479167938232422,0.0745086669921875
156493,5346657,false_start_3,5,3,-10.234926223754883,-9.54673957824707,-10.2404146194458,-9.502968788146973,-9.553889274597168,-9.502968788146973,-0.007975155761513048,-0.06360307975432918,-0.06360307975432918,0.007149696350097656,-0.043770790100097656
156493,5346657,false_start_3,5,4,-10.234926223754883,-9.54673957824707,-10.118892669677734,-9.616140365600586,-9.669781684875488,-9.616140365600586,0.16860768053923417,0.10084587924879715,0.10084587924879715,0.12304210662841797,0.06940078735351562
156493,5346657,false_start_3,5,5,-10.234926223754883,-9.54673957824707,-10.226229667663574,-9.543404579162598,-8.841537475585938,-9.543404579162598,0.012636914924281059,-0.004846067714684818,-0.004846067714684818,-0.7052021026611328,-0.0033349990844726562
156493,5346657,false_start_3,5,6,-10.234926223754883,-9.54673957824707,-10.182933807373047,-9.607935905456543,-9.421525955200195,-9.607935905456543,0.07554987694286158,0.08892402607480987,0.07554987694286158,-0.125213623046875,0.061196327209472656
156493,5346657,false_start_3,5,7,-10.234926223754883,-9.54673957824707,-10.242257118225098,-9.521744728088379,-9.7540283203125,-9.521744728088379,-0.01065247998935722,-0.036319870956298086,-0.036319870956298086,0.2072887420654297,-0.024994850158691406
156493,5346657,false_start_3,5,8,-10.234926223754883,-9.54673957824707,-10.24179744720459,-9.53903865814209,-9.674687385559082,-9.53903865814209,-0.009984534710982018,-0.0111901620806634,-0.0111901620806634,0.12794780731201172,-0.007700920104980469
156493,5346657,false_start_3,5,9,-10.234926223754883,-9.54673957824707,-10.267495155334473,-9.56773567199707,-8.933043479919434,-9.56773567199707,-0.04732572448504468,0.030509301345868163,-0.04732572448504468,-0.6136960983276367,0.02099609375
156493,5346657,false_start_3,5,10,-10.234926223754883,-9.54673957824707,-10.220481872558594,-9.570226669311523,-9.536181449890137,-9.570226669311523,0.02098900246114277,0.03412895501208399,0.02098900246114277,-0.010558128356933594,0.023487091064453125
156493,5346657,false_start_3,5,11,-10.234926223754883,-9.54673957824707,-10.201454162597656,-9.57324504852295,-9.56900405883789,-9.57324504852295,0.04863805680583579,0.03851494423626971,0.03851494423626971,0.022264480590820312,0.026505470275878906
156493,5346657,false_start_3,6,0,-10.234926223754883,-9.54673957824707,-10.248446464538574,-9.517254829406738,-9.406195640563965,-9.517254829406738,-0.01964618301146316,-0.04284411653843596,-0.04284411653843596,-0.14054393768310547,-0.02948474884033203
156493,5346657,false_start_3,6,1,-10.234926223754883,-9.54673957824707,-10.243440628051758,-9.55607795715332,-9.977249145507812,-9.55607795715332,-0.012372231214385491,0.013569543912551827,-0.012372231214385491,0.4305095672607422,0.00933837890625
156493,5346657,false_start_3,6,2,-10.234926223754883,-9.54673957824707,-10.215974807739258,-9.605951309204102,-10.00230598449707,-9.605951309204102,0.027538192057825768,0.08604022083767544,0.027538192057825768,0.45556640625,0.05921173095703125
156493,5346657,false_start_3,6,3,-10.234926223754883,-9.54673957824707,-10.210200309753418,-9.568781852722168,-9.622608184814453,-9.568781852722168,0.03592908139509102,0.03202950045453538,0.03202950045453538,0.07586860656738281,0.022042274475097656
156493,5346657,false_start_3,6,4,-10.234926223754883,-9.54673957824707,-10.22697639465332,-9.57233715057373,-9.319114685058594,-9.57233715057373,0.011551850291567814,0.037195683022549386,0.011551850291567814,-0.22762489318847656,0.025597572326660156
156493,5346657,false_start_3,6,5,-10.234926223754883,-9.54673957824707,-10.25771427154541,-9.521697998046875,-9.467598915100098,-9.521697998046875,-0.03311317930866278,-0.03638777410700428,-0.03638777410700428,-0.07914066314697266,-0.025041580200195312
156493,5346657,false_start_3,6,6,-10.234926223754883,-9.54673957824707,-10.264286994934082,-9.528132438659668,-8.841818809509277,-9.528132438659668,-0.04266396532227667,-0.027037925988337288,-0.04266396532227667,-0.704920768737793,-0.018607139587402344
156493,5346657,false_start_3,6,7,-10.234926223754883,-9.54673957824707,-10.243644714355469,-9.551069259643555,-9.739055633544922,-9.551069259643555,-0.012668787831755393,0.006291434779716636,-0.012668787831755393,0.19231605529785156,0.004329681396484375
156493,5346657,false_start_3,6,8,-10.234926223754883,-9.54673957824707,-10.244253158569336,-9.557086944580078,-9.078417778015137,-9.557086944580078,-0.01355291456952174,0.015035697656371255,-0.01355291456952174,-0.4683218002319336,0.010347366333007812
156493,5346657,false_start_3,6,9,-10.234926223754883,-9.54673957824707,-10.18287181854248,-9.611396789550781,-9.34765911102295,-9.611396789550781,0.07563995255094122,0.09395301656282566,0.07563995255094122,-0.1990804672241211,0.06465721130371094
156493,5346657,false_start_3,6,10,-10.234926223754883,-9.54673957824707,-10.213153839111328,-9.581707000732422,-9.138908386230469,-9.581707000732422,0.031637325114742466,0.05081095762843396,0.031637325114742466,-0.40783119201660156,0.03496742248535156
156493,5346657,false_start_3,6,11,-10.234926223754883,-9.54673957824707,-10.315199851989746,-9.487846374511719,-9.238089561462402,-9.487846374511719,-0.1166451409059666,-0.08557737079000466,-0.1166451409059666,-0.30865001678466797,-0.05889320373535156
156493,5346657,false_start_3,7,0,-10.234926223754883,-9.54673957824707,-10.2779541015625,-9.505274772644043,-9.763086318969727,-9.505274772644043,-0.06252355823595929,-0.060252267133766434,-0.06252355823595929,0.21634674072265625,-0.041464805603027344
156493,5346657,false_start_3,7,1,-10.234926223754883,-9.54673957824707,-10.233725547790527,-9.55549430847168,-9.704731941223145,-9.55549430847168,0.001744695239573402,0.012721447418017338,0.001744695239573402,0.15799236297607422,0.008754730224609375
156493,5346657,false_start_3,7,2,-10.234926223754883,-9.54673957824707,-10.211193084716797,-9.586430549621582,-9.260323524475098,-9.586430549621582,0.03448648588723088,0.05767471896410279,0.03448648588723088,-0.28641605377197266,0.03969097137451172
156493,5346657,false_start_3,7,3,-10.234926223754883,-9.54673957824707,-10.235832214355469,-9.489263534545898,-9.42807674407959,-9.489263534545898,-0.0013164896565486352,-0.08351810381144542,-0.08351810381144542,-0.11866283416748047,-0.057476043701171875
156493,5346657,false_start_3,7,4,-10.234926223754883,-9.54673957824707,-10.18843936920166,-9.54903793334961,-8.935091972351074,-9.54903793334961,0.0675497771668034,0.0033397263918760116,0.0033397263918760116,-0.6116476058959961,0.0022983551025390625
156493,5346657,false_start_3,7,5,-10.234926223754883,-9.54673957824707,-10.264535903930664,-9.475576400756836,-9.015286445617676,-9.475576400756836,-0.04302565353318108,-0.1034067980754307,-0.1034067980754307,-0.5314531326293945,-0.07116317749023438
156493,5346657,false_start_3,7,6,-10.234926223754883,-9.54673957824707,-10.22811508178711,-9.595537185668945,-9.379691123962402,-9.595537185668945,0.009897230660074056,0.07090751868029534,0.009897230660074056,-0.16704845428466797,0.048797607421875
156493,5346657,false_start_3,7,7,-10.234926223754883,-9.54673957824707,-10.262663841247559,-9.521263122558594,-9.178805351257324,-9.521263122558594,-0.04030537016917585,-0.03701968914214762,-0.04030537016917585,-0.3679342269897461,-0.025476455688476562
156493,5346657,false_start_3,7,8,-10.234926223754883,-9.54673957824707,-10.274736404418945,-9.523502349853516,-9.688626289367676,-9.523502349853516,-0.05784794128733287,-0.03376588102259374,-0.05784794128733287,0.14188671112060547,-0.023237228393554688
156493,5346657,false_start_3,7,9,-10.234926223754883,-9.54673957824707,-10.194992065429688,-9.643720626831055,-9.58980655670166,-9.643720626831055,0.05802809250349216,0.1409225959513093,0.05802809250349216,0.043066978454589844,0.09698104858398438
156493,5346657,false_start_3,7,10,-10.234926223754883,-9.54673957824707,-10.225703239440918,-9.568990707397461,-9.766992568969727,-9.568990707397461,0.013401864703665107,0.032332985964834485,0.013401864703665107,0.22025299072265625,0.022251129150390625
156493,5346657,false_start_3,7,11,-10.234926223754883,-9.54673957824707,-10.222412109375,-9.561469078063965,-9.631732940673828,-9.561469078063965,0.018184186603401254,0.02140335025830913,0.018184186603401254,0.08499336242675781,0.014729499816894531
156493,5346657,false_start_3,8,0,-10.234926223754883,-9.54673957824707,-10.306221961975098,-9.506349563598633,-9.028739929199219,-9.506349563598633,-0.10359942129886256,-0.058690494667524004,-0.10359942129886256,-0.5179996490478516,-0.0403900146484375
156493,5346657,false_start_3,8,1,-10.234926223754883,-9.54673957824707,-10.219067573547363,-9.579994201660156,-9.777427673339844,-9.579994201660156,0.02304411210394448,0.04832209928826412,0.02304411210394448,0.23068809509277344,0.03325462341308594
156493,5346657,false_start_3,8,2,-10.234926223754883,-9.54673957824707,-10.284201622009277,-9.434393882751465,-9.520834922790527,-9.434393882751465,-0.0716017937518015,-0.1632488747477883,-0.1632488747477883,-0.02590465545654297,-0.11234569549560547
156493,5346657,false_start_3,8,3,-10.234926223754883,-9.54673957824707,-10.31721305847168,-9.473609924316406,-9.122014045715332,-9.473609924316406,-0.11957051950067626,-0.10626427351943415,-0.11957051950067626,-0.4247255325317383,-0.07312965393066406
156493,5346657,false_start_3,8,4,-10.234926223754883,-9.54673957824707,-10.219283103942871,-9.569426536560059,-8.845898628234863,-9.569426536560059,0.022730926143544487,0.03296628677856367,0.022730926143544487,-0.700840950012207,0.02268695831298828
156493,5346657,false_start_3,8,5,-10.234926223754883,-9.54673957824707,-10.30349349975586,-9.39570140838623,-9.825502395629883,-9.39570140838623,-0.0996347087647724,-0.21947268353251592,-0.21947268353251592,0.2787628173828125,-0.15103816986083984
156493,5346657,false_start_3,8,6,-10.234926223754883,-9.54673957824707,-10.232669830322266,-9.533234596252441,-9.650671005249023,-9.533234596252441,0.003278752134099022,-0.01962401055408971,-0.01962401055408971,0.10393142700195312,-0.013504981994628906
156493,5346657,false_start_3,8,7,-10.234926223754883,-9.54673957824707,-10.25832462310791,-9.523860931396484,-9.314682960510254,-9.523860931396484,-0.034000077603600805,-0.03324482827431764,-0.034000077603600805,-0.2320566177368164,-0.022878646850585938
156493,5346657,false_start_3,8,8,-10.234926223754883,-9.54673957824707,-10.229584693908691,-9.545981407165527,-9.915246963500977,-9.545981407165527,0.0077617458592935855,-0.0011016939757433316,-0.0011016939757433316,0.36850738525390625,-0.0007581710815429688
156493,5346657,false_start_3,8,9,-10.234926223754883,-9.54673957824707,-10.201741218566895,-9.549334526062012,-9.48836612701416,-9.549334526062012,0.04822093745149775,0.0037707035320724597,0.0037707035320724597,-0.058373451232910156,0.0025949478149414062
156493,5346657,false_start_3,8,10,-10.234926223754883,-9.54673957824707,-10.21819019317627,-9.574501991271973,-9.599100112915039,-9.574501991271973,0.024319028402917896,0.040341400412407705,0.024319028402917896,0.05236053466796875,0.027762413024902344
156493,5346657,false_start_3,8,11,-10.234926223754883,-9.54673957824707,-9.904889106750488,-9.8821439743042,-10.316219329833984,-9.8821439743042,0.4795750094232944,0.4873741713044057,0.4795750094232944,0.7694797515869141,0.3354043960571289
156493,5346657,false_start_3,9,0,-10.234926223754883,-9.54673957824707,-10.294326782226562,-9.490883827209473,-8.942654609680176,-9.490883827209473,-0.08631460499767189,-0.08116366599410213,-0.08631460499767189,-0.6040849685668945,-0.055855751037597656
156493,5346657,false_start_3,9,1,-10.234926223754883,-9.54673957824707,-10.23042106628418,-9.551736831665039,-9.579694747924805,-9.551736831665039,0.006546418039511319,0.0072614797898051045,0.006546418039511319,0.032955169677734375,0.00499725341796875
156493,5346657,false_start_3,9,2,-10.234926223754883,-9.54673957824707,-10.295989990234375,-9.46309757232666,-9.285998344421387,-9.46309757232666,-0.08873140285137802,-0.12153971087115585,-0.12153971087115585,-0.2607412338256836,-0.08364200592041016
156493,5346657,false_start_3,9,3,-10.234926223754883,-9.54673957824707,-10.115203857421875,-9.637589454650879,-8.315378189086914,-9.637589454650879,0.17396787210926587,0.13201342542293962,0.13201342542293962,-1.2313613891601562,0.0908498764038086
156493,5346657,false_start_3,9,4,-10.234926223754883,-9.54673957824707,-10.287345886230469,-9.469074249267578,-8.659761428833008,-9.469074249267578,-0.0761707057493182,-0.11285503647369238,-0.11285503647369238,-0.8869781494140625,-0.07766532897949219
156493,5346657,false_start_3,9,5,-10.234926223754883,-9.54673957824707,-10.276442527770996,-9.450809478759766,-8.838827133178711,-9.450809478759766,-0.06032709917740183,-0.13939546794971286,-0.13939546794971286,-0.7079124450683594,-0.09593009948730469
156493,5346657,false_start_3,9,6,-10.234926223754883,-9.54673957824707,-10.000207901000977,-9.724924087524414,-5.127742767333984,-9.724924087524414,0.3410678255471054,0.25891887097847055,0.25891887097847055,-4.418996810913086,0.17818450927734375
156493,5346657,false_start_3,9,7,-10.234926223754883,-9.54673957824707,-10.239864349365234,-9.503846168518066,-9.19443416595459,-9.503846168518066,-0.007175561517482982,-0.06232816345535576,-0.06232816345535576,-0.35230541229248047,-0.042893409729003906
156493,5346657,false_start_3,9,8,-10.234926223754883,-9.54673957824707,-10.236297607421875,-9.526839256286621,-9.668464660644531,-9.526839256286621,-0.0019927496064388816,-0.028917041750737234,-0.028917041750737234,0.12172508239746094,-0.01990032196044922
156493,5346657,false_start_3,9,9,-10.234926223754883,-9.54673957824707,-10.212803840637207,-9.573680877685547,-8.952478408813477,-9.573680877685547,0.03214590585574599,0.03914824504999889,0.03214590585574599,-0.5942611694335938,0.026941299438476562
156493,5346657,false_start_3,9,10,-10.234926223754883,-9.54673957824707,-10.24361801147461,-9.542078018188477,-9.627641677856445,-9.542078018188477,-0.012629986031351854,-0.006773685727589188,-0.012629986031351854,0.080902099609375,-0.00466156005859375
156493,5346657,false_start_3,9,11,-10.234926223754883,-9.54673957824707,-10.165145874023438,-9.630303382873535,-8.913774490356445,-9.630303382873535,0.10139741912596173,0.12142607702711691,0.10139741912596173,-0.632965087890625,0.08356380462646484
156493,5346657,false_start_3,10,0,-10.234926223754883,-9.54673957824707,-10.216444969177246,-9.548834800720215,-9.455788612365723,-9.548834800720215,0.02685500321500632,0.003044555553091949,0.003044555553091949,-0.09095096588134766,0.0020952224731445312
156493,5346657,false_start_3,10,1,-10.234926223754883,-9.54673957824707,-10.221911430358887,-9.561967849731445,-9.64684772491455,-9.561967849731445,0.018911720360967606,0.0221281124587038,0.018911720360967606,0.10010814666748047,0.015228271484375
156493,5346657,false_start_3,10,2,-10.234926223754883,-9.54673957824707,-10.03547477722168,-9.705683708190918,-8.304994583129883,-9.705683708190918,0.28982173344271744,0.23096078800913505,0.23096078800913505,-1.2417449951171875,0.15894412994384766
156493,5346657,false_start_3,10,3,-10.234926223754883,-9.54673957824707,-10.226922035217285,-9.525140762329102,-9.567973136901855,-9.525140762329102,0.011630839670960732,-0.03138511341211946,-0.03138511341211946,0.021233558654785156,-0.02159881591796875
156493,5346657,false_start_3,10,4,-10.234926223754883,-9.54673957824707,-10.198568344116211,-9.549379348754883,-9.387231826782227,-9.549379348754883,0.05283142280658965,0.003835835125606971,0.003835835125606971,-0.15950775146484375,0.0026397705078125
156493,5346657,false_start_3,10,5,-10.234926223754883,-9.54673957824707,-10.229631423950195,-9.57123851776123,-9.074951171875,-9.57123851776123,0.007693842708587393,0.03559926609166094,0.007693842708587393,-0.4717884063720703,0.024498939514160156
156493,5346657,false_start_3,10,6,-10.234926223754883,-9.54673957824707,-10.073406219482422,-9.67180347442627,-9.278353691101074,-9.67180347442627,0.23470377596949069,0.18172961796855946,0.18172961796855946,-0.2683858871459961,0.12506389617919922
156493,5346657,false_start_3,10,7,-10.234926223754883,-9.54673957824707,-10.182920455932617,-9.609000205993652,-9.169204711914062,-9.609000205993652,0.07556927784306335,0.09047055497660805,0.07556927784306335,-0.3775348663330078,0.06226062774658203
156493,5346657,false_start_3,10,8,-10.234926223754883,-9.54673957824707,-10.234619140625,-9.553789138793945,-8.966419219970703,-9.553789138793945,0.00044622070464069534,0.010243675306534224,0.00044622070464069534,-0.5803203582763672,0.007049560546875
156493,5346657,false_start_3,10,9,-10.234926223754883,-9.54673957824707,-10.212164878845215,-9.5528564453125,-9.388636589050293,-9.5528564453125,0.03307437750825924,0.008888383849582049,0.008888383849582049,-0.15810298919677734,0.0061168670654296875
156493,5346657,false_start_3,10,10,-10.234926223754883,-9.54673957824707,-10.200520515441895,-9.579248428344727,-9.549205780029297,-9.579248428344727,0.049994734041373806,0.047238420434136716,0.047238420434136716,0.0024662017822265625,0.03250885009765625
156493,5346657,false_start_3,10,11,-10.234926223754883,-9.54673957824707,-10.239495277404785,-9.520546913146973,-8.695295333862305,-9.520546913146973,-0.006639265204762644,-0.03806040886011396,-0.03806040886011396,-0.8514442443847656,-0.026192665100097656
156493,5346657,false_start_3,11,0,-10.234926223754883,-9.54673957824707,-10.278409004211426,-9.457818984985352,-9.16700267791748,-9.457818984985352,-0.0631845746214053,-0.12920999534378394,-0.12920999534378394,-0.37973690032958984,-0.08892059326171875
156493,5346657,false_start_3,11,1,-10.234926223754883,-9.54673957824707,-10.234972953796387,-9.546103477478027,-9.548062324523926,-9.546103477478027,-6.790315070619277e-05,-0.000924314316755726,-0.000924314316755726,0.0013227462768554688,-0.0006361007690429688
156493,5346657,false_start_3,11,2,-10.234926223754883,-9.54673957824707,-10.143009185791016,-9.62293529510498,-9.025493621826172,-9.62293529510498,0.13356411166049534,0.1107195516729119,0.1107195516729119,-0.5212459564208984,0.07619571685791016
156493,5346657,false_start_3,11,3,-10.234926223754883,-9.54673957824707,-10.185224533081055,-9.600523948669434,-9.06128978729248,-9.600523948669434,0.0722212367796723,0.0781537549056562,0.0722212367796723,-0.48544979095458984,0.05378437042236328
156493,5346657,false_start_3,11,4,-10.234926223754883,-9.54673957824707,-10.108650207519531,-9.693180084228516,-8.115472793579102,-9.693180084228516,0.18349094255116294,0.21279184497017806,0.18349094255116294,-1.4312667846679688,0.1464405059814453
156493,5346657,false_start_3,11,5,-10.234926223754883,-9.54673957824707,-10.213502883911133,-9.591251373291016,-9.136465072631836,-9.591251373291016,0.031130130152324784,0.06467982971552737,0.031130130152324784,-0.4102745056152344,0.04451179504394531
156493,5346657,false_start_3,11,6,-10.234926223754883,-9.54673957824707,-10.137016296386719,-9.649413108825684,-9.3591890335083,-9.649413108825684,0.1422723442939181,0.14919430833019223,0.1422723442939181,-0.18755054473876953,0.10267353057861328
156493,5346657,false_start_3,11,7,-10.234926223754883,-9.54673957824707,-10.252300262451172,-9.477429389953613,-9.475749015808105,-9.477429389953613,-0.025246114276845304,-0.10071423028314228,-0.10071423028314228,-0.07099056243896484,-0.06931018829345703
156493,5346657,false_start_3,11,8,-10.234926223754883,-9.54673957824707,-10.231734275817871,-9.555567741394043,-9.570534706115723,-9.555567741394043,0.004638200926808719,0.01282815236912707,0.004638200926808719,0.023795127868652344,0.008828163146972656
156493,5346657,false_start_3,11,9,-10.234926223754883,-9.54673957824707,-10.156914710998535,-9.680685043334961,-9.36999225616455,-9.680685043334961,0.11335807410035255,0.19463537393849362,0.11335807410035255,-0.17674732208251953,0.13394546508789062
156493,5346657,false_start_3,11,10,-10.234926223754883,-9.54673957824707,-10.217570304870605,-9.563558578491211,-9.305203437805176,-9.563558578491211,0.02521978448371433,0.024439591139886033,0.024439591139886033,-0.24153614044189453,0.016819000244140625
156493,5346657,false_start_3,11,11,-10.234926223754883,-9.54673957824707,-10.180501937866211,-9.602770805358887,-8.994577407836914,-9.602770805358887,0.07908361233675529,0.08141864925389682,0.07908361233675529,-0.5521621704101562,0.056031227111816406
19335,5932273,false_start_3,0,0,-11.94692611694336,-11.392786026000977,-11.9481201171875,-11.388388633728027,-11.497623443603516,-11.388388633728027,-0.0021546902374633857,-0.007935524508740951,-0.007935524508740951,0.10483741760253906,-0.004397392272949219
19335,5932273,false_start_3,0,1,-11.94692611694336,-11.392786026000977,-11.938706398010254,-11.374502182006836,-11.308965682983398,-11.374502182006836,0.014833286866371344,-0.032994985010102264,-0.032994985010102264,-0.08382034301757812,-0.018283843994140625
19335,5932273,false_start_3,0,2,-11.94692611694336,-11.392786026000977,-11.935224533081055,-11.410927772521973,-11.089081764221191,-11.410927772521973,0.021116652726578068,0.03273855621986101,0.021116652726578068,-0.30370426177978516,0.018141746520996094
19335,5932273,false_start_3,0,3,-11.94692611694336,-11.392786026000977,-11.954192161560059,-11.378898620605469,-11.432262420654297,-11.378898620605469,-0.013112288274148192,-0.025061181499953532,-0.025061181499953532,0.03947639465332031,-0.013887405395507812
19335,5932273,false_start_3,0,4,-11.94692611694336,-11.392786026000977,-11.841409683227539,-11.497726440429688,-11.386617660522461,-11.497726440429688,0.19041472624075392,0.18937524309105117,0.18937524309105117,-0.006168365478515625,0.10494041442871094
19335,5932273,false_start_3,0,5,-11.94692611694336,-11.392786026000977,-11.95687484741211,-11.379658699035645,-11.371957778930664,-11.379658699035645,-0.017953457314071917,-0.02368954562195168,-0.02368954562195168,-0.0208282470703125,-0.013127326965332031
19335,5932273,false_start_3,0,6,-11.94692611694336,-11.392786026000977,-11.93713092803955,-11.459967613220215,-11.363059043884277,-11.459967613220215,0.01767637654072399,0.12123574582915991,0.01767637654072399,-0.02972698211669922,0.06718158721923828
19335,5932273,false_start_3,0,7,-11.94692611694336,-11.392786026000977,-11.943142890930176,-11.318604469299316,-11.314393043518066,-11.318604469299316,0.006827201415349243,-0.13386787549607784,-0.13386787549607784,-0.07839298248291016,-0.07418155670166016
19335,5932273,false_start_3,0,8,-11.94692611694336,-11.392786026000977,-11.9564790725708,-11.333292961120605,-11.208728790283203,-11.333292961120605,-0.01723924289829931,-0.10736105517865686,-0.10736105517865686,-0.18405723571777344,-0.059493064880371094
19335,5932273,false_start_3,0,9,-11.94692611694336,-11.392786026000977,-11.947114944458008,-11.399314880371094,-11.442499160766602,-11.399314880371094,-0.00034075772126018403,0.011781956362359696,-0.00034075772126018403,0.049713134765625,0.0065288543701171875
19335,5932273,false_start_3,0,10,-11.94692611694336,-11.392786026000977,-11.949324607849121,-11.405603408813477,-11.42011833190918,-11.405603408813477,-0.004328311459441226,0.023130221079479155,-0.004328311459441226,0.027332305908203125,0.0128173828125
19335,5932273,false_start_3,0,11,-11.94692611694336,-11.392786026000977,-11.94275188446045,-11.396005630493164,-11.096439361572266,-11.396005630493164,0.007532810838160734,0.005810091247345359,0.005810091247345359,-0.29634666442871094,0.0032196044921875
19335,5932273,false_start_3,1,0,-11.94692611694336,-11.392786026000977,-11.944616317749023,-11.393852233886719,-11.43274974822998,-11.393852233886719,0.004168258590364473,0.0019240764261054834,0.0019240764261054834,0.039963722229003906,0.0010662078857421875
19335,5932273,false_start_3,1,1,-11.94692611694336,-11.392786026000977,-11.944282531738281,-11.392242431640625,-11.273944854736328,-11.392242431640625,0.004770608097642576,-0.0009809691975671965,-0.0009809691975671965,-0.11884117126464844,-0.0005435943603515625
19335,5932273,false_start_3,1,2,-11.94692611694336,-11.392786026000977,-11.960100173950195,-11.381603240966797,-11.363786697387695,-11.381603240966797,-0.023773874552970614,-0.020180429492408676,-0.023773874552970614,-0.02899932861328125,-0.011182785034179688
19335,5932273,false_start_3,1,3,-11.94692611694336,-11.392786026000977,-11.944363594055176,-11.379117965698242,-11.414154052734375,-11.379117965698242,0.004624323217303608,-0.02466535182374221,-0.02466535182374221,0.021368026733398438,-0.013668060302734375
19335,5932273,false_start_3,1,4,-11.94692611694336,-11.392786026000977,-11.946145057678223,-11.385647773742676,-11.324889183044434,-11.385647773742676,0.001409497847030761,-0.01288167446279029,-0.01288167446279029,-0.06789684295654297,-0.007138252258300781
19335,5932273,false_start_3,1,5,-11.94692611694336,-11.392786026000977,-11.940516471862793,-11.39820671081543,-11.490726470947266,-11.39820671081543,0.011566831538331802,0.009782155998196394,0.009782155998196394,0.09794044494628906,0.005420684814453125
19335,5932273,false_start_3,1,6,-11.94692611694336,-11.392786026000977,-11.925633430480957,-11.407835960388184,-11.440984725952148,-11.407835960388184,0.03842473556856631,0.027159078783873556,0.027159078783873556,0.048198699951171875,0.015049934387207031
19335,5932273,false_start_3,1,7,-11.94692611694336,-11.392786026000977,-11.944746971130371,-11.314998626708984,-11.339181900024414,-11.314998626708984,0.003932481783229901,-0.14037497117327358,-0.14037497117327358,-0.0536041259765625,-0.07778739929199219
19335,5932273,false_start_3,1,8,-11.94692611694336,-11.392786026000977,-11.935710906982422,-11.473146438598633,-11.417365074157715,-11.473146438598633,0.02023894344454426,0.14501822537509165,0.02023894344454426,0.02457904815673828,0.08036041259765625
19335,5932273,false_start_3,1,9,-11.94692611694336,-11.392786026000977,-11.934062004089355,-11.395267486572266,-11.334294319152832,-11.395267486572266,0.023214550010498092,0.00447803833696464,0.00447803833696464,-0.05849170684814453,0.0024814605712890625
19335,5932273,false_start_3,1,10,-11.94692611694336,-11.392786026000977,-11.943368911743164,-11.381730079650879,-11.414263725280762,-11.381730079650879,0.006419324748992356,-0.019951536679642997,-0.019951536679642997,0.021477699279785156,-0.011055946350097656
19335,5932273,false_start_3,1,11,-11.94692611694336,-11.392786026000977,-11.936246871948242,-11.402722358703613,-11.439373970031738,-11.402722358703613,0.019271742235714852,0.017931084332373014,0.017931084332373014,0.04658794403076172,0.009936332702636719
19335,5932273,false_start_3,2,0,-11.94692611694336,-11.392786026000977,-11.952543258666992,-11.343334197998047,-11.402543067932129,-11.343334197998047,-0.010136681708194362,-0.0892406610011393,-0.0892406610011393,0.009757041931152344,-0.04945182800292969
19335,5932273,false_start_3,2,1,-11.94692611694336,-11.392786026000977,-11.945865631103516,-11.387896537780762,-11.455445289611816,-11.387896537780762,0.0019137504345521446,-0.008823559782328098,-0.008823559782328098,0.06265926361083984,-0.004889488220214844
19335,5932273,false_start_3,2,2,-11.94692611694336,-11.392786026000977,-11.942926406860352,-11.403754234313965,-11.296969413757324,-11.403754234313965,0.007217868095783898,0.019793204809158468,0.007217868095783898,-0.09581661224365234,0.010968208312988281
19335,5932273,false_start_3,2,3,-11.94692611694336,-11.392786026000977,-11.94992446899414,-11.392229080200195,-11.371630668640137,-11.392229080200195,-0.005410819573949588,-0.0010050631778583206,-0.005410819573949588,-0.021155357360839844,-0.00055694580078125
19335,5932273,false_start_3,2,4,-11.94692611694336,-11.392786026000977,-11.94798469543457,-11.383771896362305,-11.342011451721191,-11.383771896362305,-0.0019103084373676981,-0.01626687869369323,-0.01626687869369323,-0.050774574279785156,-0.009014129638671875
19335,5932273,false_start_3,2,5,-11.94692611694336,-11.392786026000977,-11.947700500488281,-11.417617797851562,-11.429157257080078,-11.417617797851562,-0.001397450856885199,0.04481136134430642,-0.001397450856885199,0.03637123107910156,0.024831771850585938
19335,5932273,false_start_3,2,6,-11.94692611694336,-11.392786026000977,-11.946554183959961,-11.414512634277344,-11.360365867614746,-11.414512634277344,0.0006711894509670291,0.03920778992802784,0.0006711894509670291,-0.03242015838623047,0.021726608276367188
19335,5932273,false_start_3,2,7,-11.94692611694336,-11.392786026000977,-11.944657325744629,-11.381965637207031,-11.40463638305664,-11.381965637207031,0.004094255650898878,-0.01952645002736388,-0.01952645002736388,0.011850357055664062,-0.010820388793945312
19335,5932273,false_start_3,2,8,-11.94692611694336,-11.392786026000977,-11.930852890014648,-11.439465522766113,-11.613899230957031,-11.439465522766113,0.029005710273328995,0.0842377180935466,0.029005710273328995,0.2211132049560547,0.04667949676513672
19335,5932273,false_start_3,2,9,-11.94692611694336,-11.392786026000977,-11.960295677185059,-11.390284538269043,-11.428951263427734,-11.390284538269043,-0.024126679264376363,-0.004514179307401327,-0.024126679264376363,0.03616523742675781,-0.0025014877319335938
19335,5932273,false_start_3,2,10,-11.94692611694336,-11.392786026000977,-11.966567993164062,-11.326214790344238,-11.489179611206055,-11.326214790344238,-0.03544568700542803,-0.1201343067301371,-0.1201343067301371,0.09639358520507812,-0.06657123565673828
19335,5932273,false_start_3,2,11,-11.94692611694336,-11.392786026000977,-11.946125030517578,-11.457345008850098,-11.341388702392578,-11.457345008850098,0.0014456388174674472,0.11650299970054624,0.0014456388174674472,-0.05139732360839844,0.0645589828491211
19335,5932273,false_start_3,3,0,-11.94692611694336,-11.392786026000977,-11.94929313659668,-11.410091400146484,-11.429154396057129,-11.410091400146484,-0.004271518505897862,0.03122924045448131,-0.004271518505897862,0.036368370056152344,0.017305374145507812
19335,5932273,false_start_3,3,1,-11.94692611694336,-11.392786026000977,-11.941764831542969,-11.425287246704102,-11.606352806091309,-11.425287246704102,0.009314044381111697,0.05865163202296501,0.009314044381111697,0.21356678009033203,0.032501220703125
19335,5932273,false_start_3,3,2,-11.94692611694336,-11.392786026000977,-11.943241119384766,-11.4026517868042,-11.436538696289062,-11.4026517868042,0.006649938560350258,0.017803730436548502,0.006649938560350258,0.04375267028808594,0.009865760803222656
19335,5932273,false_start_3,3,3,-11.94692611694336,-11.392786026000977,-11.927438735961914,-11.389494895935059,-11.395744323730469,-11.389494895935059,0.03516688523348788,-0.005939166141762096,-0.005939166141762096,0.0029582977294921875,-0.0032911300659179688
19335,5932273,false_start_3,3,4,-11.94692611694336,-11.392786026000977,-11.946792602539062,-11.404516220092773,-11.435931205749512,-11.404516220092773,0.00024093980291124123,0.021168282684344765,0.00024093980291124123,0.043145179748535156,0.011730194091796875
19335,5932273,false_start_3,3,5,-11.94692611694336,-11.392786026000977,-11.94743537902832,-11.400181770324707,-11.247093200683594,-11.400181770324707,-0.0009190132482471629,0.01334634408269054,-0.0009190132482471629,-0.1456928253173828,0.007395744323730469
19335,5932273,false_start_3,3,6,-11.94692611694336,-11.392786026000977,-11.933576583862305,-11.412375450134277,-11.317364692687988,-11.412375450134277,0.024090538293939676,0.035351032082855754,0.024090538293939676,-0.07542133331298828,0.01958942413330078
19335,5932273,false_start_3,3,7,-11.94692611694336,-11.392786026000977,-11.93570327758789,-11.436120986938477,-11.278115272521973,-11.436120986938477,0.02025271143328205,0.07820217603062,0.02025271143328205,-0.1146707534790039,0.0433349609375
19335,5932273,false_start_3,3,8,-11.94692611694336,-11.392786026000977,-11.93958854675293,-11.420915603637695,-11.45995807647705,-11.420915603637695,0.013241363168564928,0.05076257447621408,0.013241363168564928,0.06717205047607422,0.02812957763671875
19335,5932273,false_start_3,3,9,-11.94692611694336,-11.392786026000977,-11.945137977600098,-11.401754379272461,-11.384408950805664,-11.401754379272461,0.003226872360418409,0.016184270761266516,0.003226872360418409,-0.0083770751953125,0.008968353271484375
19335,5932273,false_start_3,3,10,-11.94692611694336,-11.392786026000977,-11.961043357849121,-11.395146369934082,-11.553686141967773,-11.395146369934082,-0.02547594216067931,0.0042594715157523,-0.02547594216067931,0.16090011596679688,0.0023603439331054688
19335,5932273,false_start_3,3,11,-11.94692611694336,-11.392786026000977,-11.941473007202148,-11.372546195983887,-11.462368965148926,-11.372546195983887,0.009840669950331981,-0.03652475312275195,-0.03652475312275195,0.06958293914794922,-0.020239830017089844
19335,5932273,false_start_3,4,0,-11.94692611694336,-11.392786026000977,-11.944918632507324,-11.34130859375,-11.606322288513184,-11.34130859375,0.003622702036629734,-0.09289606201102127,-0.09289606201102127,0.21353626251220703,-0.05147743225097656
19335,5932273,false_start_3,4,1,-11.94692611694336,-11.392786026000977,-11.92106819152832,-11.496232986450195,-11.57495403289795,-11.496232986450195,0.04666315582953853,0.1866801592956297,0.04666315582953853,0.18216800689697266,0.10344696044921875
19335,5932273,false_start_3,4,2,-11.94692611694336,-11.392786026000977,-11.95848560333252,-11.397821426391602,-11.337579727172852,-11.397821426391602,-0.02086022393633682,0.00908687256693824,-0.02086022393633682,-0.055206298828125,0.005035400390625
19335,5932273,false_start_3,4,3,-11.94692611694336,-11.392786026000977,-11.955394744873047,-11.346960067749023,-11.409852027893066,-11.346960067749023,-0.015282467498941585,-0.08269742435350688,-0.08269742435350688,0.017066001892089844,-0.045825958251953125
19335,5932273,false_start_3,4,4,-11.94692611694336,-11.392786026000977,-11.938599586486816,-11.375226974487305,-11.165675163269043,-11.375226974487305,0.015026038708700337,-0.03168702608001266,-0.03168702608001266,-0.2271108627319336,-0.017559051513671875
19335,5932273,false_start_3,4,5,-11.94692611694336,-11.392786026000977,-11.94816780090332,-11.373330116271973,-11.395895957946777,-11.373330116271973,-0.002240740167074543,-0.035110092279944514,-0.035110092279944514,0.0031099319458007812,-0.019455909729003906
19335,5932273,false_start_3,4,6,-11.94692611694336,-11.392786026000977,-11.933671951293945,-11.393327713012695,-11.363069534301758,-11.393327713012695,0.02391843843471736,0.00097752720038275,0.00097752720038275,-0.02971649169921875,0.00054168701171875
19335,5932273,false_start_3,4,7,-11.94692611694336,-11.392786026000977,-11.951681137084961,-11.504192352294922,-11.489051818847656,-11.504192352294922,-0.008580898980824633,0.2010436135463241,-0.008580898980824633,0.09626579284667969,0.11140632629394531
19335,5932273,false_start_3,4,8,-11.94692611694336,-11.392786026000977,-11.937736511230469,-11.397505760192871,-11.41132640838623,-11.397505760192871,0.01658354243466229,0.008517222032912377,0.008517222032912377,0.018540382385253906,0.004719734191894531
19335,5932273,false_start_3,4,9,-11.94692611694336,-11.392786026000977,-11.949995994567871,-11.374467849731445,-11.373961448669434,-11.374467849731445,-0.005539894468366325,-0.0330569409594223,-0.0330569409594223,-0.01882457733154297,-0.01831817626953125
19335,5932273,false_start_3,4,10,-11.94692611694336,-11.392786026000977,-11.94621753692627,-11.35954475402832,-11.460817337036133,-11.35954475402832,0.0012787019540218016,-0.05998712693053017,-0.05998712693053017,0.06803131103515625,-0.03324127197265625
19335,5932273,false_start_3,4,11,-11.94692611694336,-11.392786026000977,-11.906856536865234,-11.409417152404785,-11.24770736694336,-11.409417152404785,0.07230947685084793,0.03001249444977954,0.03001249444977954,-0.1450786590576172,0.016631126403808594
19335,5932273,false_start_3,5,0,-11.94692611694336,-11.392786026000977,-11.945953369140625,-11.336164474487305,-11.449654579162598,-11.336164474487305,0.0017554185640676146,-0.10217912841747295,-0.10217912841747295,0.056868553161621094,-0.056621551513671875
19335,5932273,false_start_3,5,1,-11.94692611694336,-11.392786026000977,-11.955939292907715,-11.410454750061035,-11.339122772216797,-11.410454750061035,-0.016265157695101007,0.03188494091811833,-0.016265157695101007,-0.05366325378417969,0.017668724060058594
19335,5932273,false_start_3,5,2,-11.94692611694336,-11.392786026000977,-11.940375328063965,-11.443806648254395,-11.37002182006836,-11.443806648254395,0.011821539329980828,0.09207170368534638,0.011821539329980828,-0.022764205932617188,0.05102062225341797
19335,5932273,false_start_3,5,3,-11.94692611694336,-11.392786026000977,-11.954633712768555,-11.37241268157959,-11.253311157226562,-11.37241268157959,-0.013909110622347511,-0.03676569292566319,-0.03676569292566319,-0.13947486877441406,-0.02037334442138672
19335,5932273,false_start_3,5,4,-11.94692611694336,-11.392786026000977,-11.94916820526123,-11.440969467163086,-11.545390129089355,-11.440969467163086,-0.004046067690316629,0.08695173287348251,-0.004046067690316629,0.1526041030883789,0.048183441162109375
19335,5932273,false_start_3,5,5,-11.94692611694336,-11.392786026000977,-11.956524848937988,-11.343599319458008,-11.187406539916992,-11.343599319458008,-0.01732185083072602,-0.08876222339250127,-0.08876222339250127,-0.20537948608398438,-0.04918670654296875
19335,5932273,false_start_3,5,6,-11.94692611694336,-11.392786026000977,-11.925098419189453,-11.42437744140625,-11.517313003540039,-11.42437744140625,0.03939021577880349,0.05700979936598412,0.03939021577880349,0.1245269775390625,0.03159141540527344
19335,5932273,false_start_3,5,7,-11.94692611694336,-11.392786026000977,-11.95060920715332,-11.350942611694336,-11.293888092041016,-11.350942611694336,-0.006646496563165812,-0.07551053423238299,-0.07551053423238299,-0.09889793395996094,-0.041843414306640625
19335,5932273,false_start_3,5,8,-11.94692611694336,-11.392786026000977,-11.957443237304688,-11.349860191345215,-11.3983793258667,-11.349860191345215,-0.018979172475036915,-0.07746386763455627,-0.07746386763455627,0.005593299865722656,-0.04292583465576172
19335,5932273,false_start_3,5,9,-11.94692611694336,-11.392786026000977,-11.952138900756836,-11.412236213684082,-11.488168716430664,-11.412236213684082,-0.009406978305091747,0.035099766288391177,-0.009406978305091747,0.0953826904296875,0.01945018768310547
19335,5932273,false_start_3,5,10,-11.94692611694336,-11.392786026000977,-11.920350074768066,-11.40489673614502,-11.406718254089355,-11.40489673614502,0.04795906776948256,0.021854961122641802,0.021854961122641802,0.013932228088378906,0.012110710144042969
19335,5932273,false_start_3,5,11,-11.94692611694336,-11.392786026000977,-11.919434547424316,-11.455586433410645,-11.367865562438965,-11.455586433410645,0.04961122641801679,0.11332947829648675,0.04961122641801679,-0.02492046356201172,0.06280040740966797
19335,5932273,false_start_3,6,0,-11.94692611694336,-11.392786026000977,-11.960525512695312,-11.362975120544434,-11.48627758026123,-11.362975120544434,-0.024541439925102142,-0.05379669499430349,-0.05379669499430349,0.0934915542602539,-0.02981090545654297
19335,5932273,false_start_3,6,1,-11.94692611694336,-11.392786026000977,-11.956417083740234,-11.408638954162598,-11.62559986114502,-11.408638954162598,-0.017127377989804803,0.02860815959852545,-0.017127377989804803,0.23281383514404297,0.015852928161621094
19335,5932273,false_start_3,6,2,-11.94692611694336,-11.392786026000977,-11.90063762664795,-11.443410873413086,-11.547760009765625,-11.443410873413086,0.08353210867073511,0.09135748926957378,0.08353210867073511,0.15497398376464844,0.050624847412109375
19335,5932273,false_start_3,6,3,-11.94692611694336,-11.392786026000977,-11.932544708251953,-11.343088150024414,-11.411311149597168,-11.343088150024414,0.025952658770725126,-0.08968467863793288,-0.08968467863793288,0.018525123596191406,-0.0496978759765625
19335,5932273,false_start_3,6,4,-11.94692611694336,-11.392786026000977,-11.952282905578613,-11.390049934387207,-11.402355194091797,-11.390049934387207,-0.009666849092517442,-0.0049375449610882215,-0.009666849092517442,0.009569168090820312,-0.0027360916137695312
19335,5932273,false_start_3,6,5,-11.94692611694336,-11.392786026000977,-11.92701244354248,-11.377668380737305,-11.573023796081543,-11.377668380737305,0.03593617160421163,-0.0272812696839214,-0.0272812696839214,0.1802377700805664,-0.015117645263671875
19335,5932273,false_start_3,6,6,-11.94692611694336,-11.392786026000977,-11.92049503326416,-11.41588020324707,-11.37148380279541,-11.41588020324707,0.047697475983464646,0.04167570190927584,0.04167570190927584,-0.021302223205566406,0.02309417724609375
19335,5932273,false_start_3,6,7,-11.94692611694336,-11.392786026000977,-11.910893440246582,-11.471150398254395,-11.430977821350098,-11.471150398254395,0.06502448980996733,0.14141617532156858,0.06502448980996733,0.038191795349121094,0.07836437225341797
19335,5932273,false_start_3,6,8,-11.94692611694336,-11.392786026000977,-11.95058536529541,-11.46864128112793,-11.434677124023438,-11.46864128112793,-0.0066034715983602325,0.13688822802542946,-0.0066034715983602325,0.04189109802246094,0.07585525512695312
19335,5932273,false_start_3,6,9,-11.94692611694336,-11.392786026000977,-11.946084976196289,-11.460318565368652,-11.508488655090332,-11.460318565368652,0.0015179207583408197,0.12186907331109803,0.0015179207583408197,0.11570262908935547,0.06753253936767578
19335,5932273,false_start_3,6,10,-11.94692611694336,-11.392786026000977,-11.936943054199219,-11.405399322509766,-11.347684860229492,-11.405399322509766,0.01801541326339195,0.022761927380743403,0.01801541326339195,-0.045101165771484375,0.012613296508789062
19335,5932273,false_start_3,6,11,-11.94692611694336,-11.392786026000977,-11.958478927612305,-11.382479667663574,-11.38543701171875,-11.382479667663574,-0.020848176946191257,-0.0185988317861556,-0.020848176946191257,-0.0073490142822265625,-0.010306358337402344
19335,5932273,false_start_3,7,0,-11.94692611694336,-11.392786026000977,-11.967645645141602,-11.326415061950684,-11.386606216430664,-11.326415061950684,-0.037390415414640193,-0.11977289702577024,-0.11977289702577024,-0.0061798095703125,-0.06637096405029297
19335,5932273,false_start_3,7,1,-11.94692611694336,-11.392786026000977,-11.88299560546875,-11.50148868560791,-11.514620780944824,-11.50148868560791,0.11536886162827119,0.19616458253737148,0.11536886162827119,0.12183475494384766,0.1087026596069336
19335,5932273,false_start_3,7,2,-11.94692611694336,-11.392786026000977,-11.980803489685059,-11.349501609802246,-11.224030494689941,-11.349501609802246,-0.06113503299154301,-0.07811096310523218,-0.07811096310523218,-0.16875553131103516,-0.04328441619873047
19335,5932273,false_start_3,7,3,-11.94692611694336,-11.392786026000977,-11.991536140441895,-11.441493034362793,-11.158684730529785,-11.441493034362793,-0.08050315114842237,0.08789656110061302,-0.08050315114842237,-0.2341012954711914,0.048707008361816406
19335,5932273,false_start_3,7,4,-11.94692611694336,-11.392786026000977,-11.984944343566895,-11.381951332092285,-11.420283317565918,-11.381951332092285,-0.06860760887897593,-0.019552265006247224,-0.06860760887897593,0.027497291564941406,-0.010834693908691406
19335,5932273,false_start_3,7,5,-11.94692611694336,-11.392786026000977,-11.976517677307129,-11.380674362182617,-11.328581809997559,-11.380674362182617,-0.05340086531809217,-0.021856682121234025,-0.05340086531809217,-0.06420421600341797,-0.012111663818359375
19335,5932273,false_start_3,7,6,-11.94692611694336,-11.392786026000977,-11.973974227905273,-11.439616203308105,-11.031207084655762,-11.439616203308105,-0.048810962072633024,0.08450963587111786,-0.048810962072633024,-0.36157894134521484,0.046830177307128906
19335,5932273,false_start_3,7,7,-11.94692611694336,-11.392786026000977,-11.787332534790039,-11.52558422088623,-11.559968948364258,-11.52558422088623,0.2880022304141755,0.23964733296848162,0.23964733296848162,0.16718292236328125,0.1327981948852539
19335,5932273,false_start_3,7,8,-11.94692611694336,-11.392786026000977,-11.906103134155273,-11.483799934387207,-11.545369148254395,-11.483799934387207,0.07366906573870423,0.16424350064881646,0.07366906573870423,0.15258312225341797,0.09101390838623047
19335,5932273,false_start_3,7,9,-11.94692611694336,-11.392786026000977,-11.905951499938965,-11.42524528503418,-11.52956771850586,-11.42524528503418,0.0739427045148677,0.05857590808490719,0.05857590808490719,0.1367816925048828,0.032459259033203125
19335,5932273,false_start_3,7,10,-11.94692611694336,-11.392786026000977,-12.022505760192871,-11.353891372680664,-11.52572250366211,-11.353891372680664,-0.136390859432277,-0.07018920658522901,-0.136390859432277,0.1329364776611328,-0.0388946533203125
19335,5932273,false_start_3,7,11,-11.94692611694336,-11.392786026000977,-11.926582336425781,-11.419988632202148,-11.4076509475708,-11.419988632202148,0.03671234196930427,0.04908976384457318,0.03671234196930427,0.014864921569824219,0.027202606201171875
19335,5932273,false_start_3,8,0,-11.94692611694336,-11.392786026000977,-11.99531364440918,-11.329151153564453,-10.980680465698242,-11.329151153564453,-0.08732002657221827,-0.11483535206468201,-0.11483535206468201,-0.4121055603027344,-0.06363487243652344
19335,5932273,false_start_3,8,1,-11.94692611694336,-11.392786026000977,-11.933062553405762,-11.434141159057617,-11.409197807312012,-11.434141159057617,0.025018156535147953,0.07462938295316475,0.025018156535147953,0.016411781311035156,0.041355133056640625
19335,5932273,false_start_3,8,2,-11.94692611694336,-11.392786026000977,-11.94261360168457,-11.397478103637695,-11.46341609954834,-11.397478103637695,0.007782355634033091,0.008467313073737905,0.007782355634033091,0.07063007354736328,0.00469207763671875
19335,5932273,false_start_3,8,3,-11.94692611694336,-11.392786026000977,-12.003357887268066,-11.370640754699707,-11.141328811645508,-11.370640754699707,-0.10183664969762055,-0.0399633083100138,-0.10183664969762055,-0.25145721435546875,-0.02214527130126953
19335,5932273,false_start_3,8,4,-11.94692611694336,-11.392786026000977,-11.982142448425293,-11.355437278747559,-11.474637985229492,-11.355437278747559,-0.06355131501502431,-0.06739946786723529,-0.06739946786723529,0.08185195922851562,-0.03734874725341797
19335,5932273,false_start_3,8,5,-11.94692611694336,-11.392786026000977,-11.934348106384277,-11.440004348754883,-11.326167106628418,-11.440004348754883,0.022698250432831146,0.08521008229815268,0.022698250432831146,-0.0666189193725586,0.04721832275390625
19335,5932273,false_start_3,8,6,-11.94692611694336,-11.392786026000977,-11.918771743774414,-11.41576862335205,-11.37269401550293,-11.41576862335205,0.05080732043961188,0.04147434507398573,0.04147434507398573,-0.020092010498046875,0.02298259735107422
19335,5932273,false_start_3,8,7,-11.94692611694336,-11.392786026000977,-11.91866397857666,-11.393600463867188,-11.264904022216797,-11.393600463867188,0.05100179328053309,0.0014697327977585715,0.0014697327977585715,-0.1278820037841797,0.0008144378662109375
19335,5932273,false_start_3,8,8,-11.94692611694336,-11.392786026000977,-11.932124137878418,-11.402701377868652,-11.406889915466309,-11.402701377868652,0.026711619149895536,0.017893222363344105,0.017893222363344105,0.014103889465332031,0.009915351867675781
19335,5932273,false_start_3,8,9,-11.94692611694336,-11.392786026000977,-11.944990158081055,-11.40101432800293,-11.501626968383789,-11.40101432800293,0.0034936271422129975,0.014848775853701352,0.0034936271422129975,0.1088409423828125,0.008228302001953125
19335,5932273,false_start_3,8,10,-11.94692611694336,-11.392786026000977,-11.959814071655273,-11.380332946777344,-11.346659660339355,-11.380332946777344,-0.02325757497530367,-0.022472799617249913,-0.02325757497530367,-0.046126365661621094,-0.012453079223632812
19335,5932273,false_start_3,8,11,-11.94692611694336,-11.392786026000977,-12.002150535583496,-11.340327262878418,-11.177746772766113,-11.340327262878418,-0.09965786547986603,-0.09466696956241889,-0.09965786547986603,-0.21503925323486328,-0.052458763122558594
19335,5932273,false_start_3,9,0,-11.94692611694336,-11.392786026000977,-11.947137832641602,-11.400385856628418,-11.274076461791992,-11.400385856628418,-0.00038206168747353963,0.013714637781426295,-0.00038206168747353963,-0.11870956420898438,0.007599830627441406
19335,5932273,false_start_3,9,1,-11.94692611694336,-11.392786026000977,-11.940752029418945,-11.401611328125,-11.433609962463379,-11.401611328125,0.011141744886052683,0.015926120972433046,0.011141744886052683,0.040823936462402344,0.008825302124023438
19335,5932273,false_start_3,9,2,-11.94692611694336,-11.392786026000977,-11.940027236938477,-11.394889831542969,-11.32604694366455,-11.394889831542969,0.012449703816142278,0.003796522894444272,0.003796522894444272,-0.06673908233642578,0.0021038055419921875
19335,5932273,false_start_3,9,3,-11.94692611694336,-11.392786026000977,-11.934539794921875,-11.397342681884766,-11.3223295211792,-11.397342681884766,0.022352329715794293,0.008222931273642218,0.008222931273642218,-0.07045650482177734,0.0045566558837890625
19335,5932273,false_start_3,9,4,-11.94692611694336,-11.392786026000977,-11.962371826171875,-11.354116439819336,-11.214944839477539,-11.354116439819336,-0.02787329319964616,-0.06978305091746435,-0.06978305091746435,-0.1778411865234375,-0.038669586181640625
19335,5932273,false_start_3,9,5,-11.94692611694336,-11.392786026000977,-11.928817749023438,-11.409059524536133,-11.275568962097168,-11.409059524536133,0.032678321269133205,0.02936711997769586,0.02936711997769586,-0.1172170639038086,0.01627349853515625
19335,5932273,false_start_3,9,6,-11.94692611694336,-11.392786026000977,-11.865554809570312,-11.470487594604492,-10.3275728225708,-11.470487594604492,0.14684248388284818,0.1402200812999735,0.1402200812999735,-1.0652132034301758,0.07770156860351562
19335,5932273,false_start_3,9,7,-11.94692611694336,-11.392786026000977,-11.916486740112305,-11.396204948425293,-11.321622848510742,-11.396204948425293,0.054930833066578554,0.006169779953119998,0.006169779953119998,-0.07116317749023438,0.0034189224243164062
19335,5932273,false_start_3,9,8,-11.94692611694336,-11.392786026000977,-11.936310768127441,-11.391542434692383,-11.427009582519531,-11.391542434692383,0.0191564353300359,-0.0022441821642589896,-0.0022441821642589896,0.03422355651855469,-0.00124359130859375
19335,5932273,false_start_3,9,9,-11.94692611694336,-11.392786026000977,-12.004544258117676,-11.366454124450684,-11.411487579345703,-11.366454124450684,-0.10397757194634615,-0.04751849212987344,-0.10397757194634615,0.018701553344726562,-0.02633190155029297
19335,5932273,false_start_3,9,10,-11.94692611694336,-11.392786026000977,-11.969743728637695,-11.372097969055176,-11.42687702178955,-11.372097969055176,-0.04117661231753113,-0.037333622461096824,-0.04117661231753113,0.03409099578857422,-0.02068805694580078
19335,5932273,false_start_3,9,11,-11.94692611694336,-11.392786026000977,-11.899771690368652,-11.44925594329834,-11.054573059082031,-11.44925594329834,0.08509477539247373,0.10190548964130948,0.08509477539247373,-0.3382129669189453,0.05646991729736328
19335,5932273,false_start_3,10,0,-11.94692611694336,-11.392786026000977,-11.911561012268066,-11.425171852111816,-11.0144681930542,-11.425171852111816,0.06381979079541113,0.058443391193306,0.058443391193306,-0.37831783294677734,0.032385826110839844
19335,5932273,false_start_3,10,1,-11.94692611694336,-11.392786026000977,-11.94121265411377,-11.400893211364746,-11.409683227539062,-11.400893211364746,0.0103105025660089,0.014630209032489011,0.0103105025660089,0.016897201538085938,0.008107185363769531
19335,5932273,false_start_3,10,2,-11.94692611694336,-11.392786026000977,-11.900315284729004,-11.444361686706543,-11.131937026977539,-11.444361686706543,0.08411380619490653,0.09307332486602025,0.08411380619490653,-0.2608489990234375,0.051575660705566406
19335,5932273,false_start_3,10,3,-11.94692611694336,-11.392786026000977,-11.950447082519531,-11.375441551208496,-11.353952407836914,-11.375441551208496,-0.006353926802487876,-0.03129980139676246,-0.03129980139676246,-0.0388336181640625,-0.01734447479248047
19335,5932273,false_start_3,10,4,-11.94692611694336,-11.392786026000977,-11.919586181640625,-11.431488990783691,-11.108781814575195,-11.431488990783691,0.04933758764185331,0.06984328586819216,0.04933758764185331,-0.28400421142578125,0.038702964782714844
19335,5932273,false_start_3,10,5,-11.94692611694336,-11.392786026000977,-11.948275566101074,-11.362433433532715,-11.059556007385254,-11.362433433532715,-0.0024352130079957593,-0.054774222194686244,-0.054774222194686244,-0.33323001861572266,-0.03035259246826172
19335,5932273,false_start_3,10,6,-11.94692611694336,-11.392786026000977,-11.95020866394043,-11.390569686889648,-10.704546928405762,-11.390569686889648,-0.005923677154432087,-0.003999600728326605,-0.005923677154432087,-0.6882390975952148,-0.002216339111328125
19335,5932273,false_start_3,10,7,-11.94692611694336,-11.392786026000977,-11.917241096496582,-11.430229187011719,-11.2573823928833,-11.430229187011719,0.05356952318013004,0.06756984672786538,0.05356952318013004,-0.13540363311767578,0.03744316101074219
19335,5932273,false_start_3,10,8,-11.94692611694336,-11.392786026000977,-11.916471481323242,-11.4314546585083,-11.311860084533691,-11.4314546585083,0.05495836904405412,0.06978132991887212,0.05495836904405412,-0.08092594146728516,0.03866863250732422
19335,5932273,false_start_3,10,9,-11.94692611694336,-11.392786026000977,-11.929401397705078,-11.423040390014648,-11.392707824707031,-11.423040390014648,0.031625070130692635,0.05459695933968726,0.031625070130692635,-7.82012939453125e-05,0.030254364013671875
19335,5932273,false_start_3,10,10,-11.94692611694336,-11.392786026000977,-11.93185043334961,-11.410795211791992,-11.336138725280762,-11.410795211791992,0.02720554574586358,0.03249933741554199,0.02720554574586358,-0.056647300720214844,0.018009185791015625
19335,5932273,false_start_3,10,11,-11.94692611694336,-11.392786026000977,-11.860730171203613,-11.480600357055664,-11.457254409790039,-11.480600357055664,0.1555490157609051,0.1584695503719078,0.1555490157609051,0.0644683837890625,0.0878143310546875
19335,5932273,false_start_3,11,0,-11.94692611694336,-11.392786026000977,-11.982706069946289,-11.365912437438965,-11.244497299194336,-11.365912437438965,-0.0645684251830282,-0.048496019330256185,-0.0645684251830282,-0.14828872680664062,-0.02687358856201172
19335,5932273,false_start_3,11,1,-11.94692611694336,-11.392786026000977,-11.944342613220215,-11.394489288330078,-11.371353149414062,-11.394489288330078,0.004662185186332517,0.0030737034857105487,0.0030737034857105487,-0.021432876586914062,0.0017032623291015625
19335,5932273,false_start_3,11,2,-11.94692611694336,-11.392786026000977,-11.926583290100098,-11.416590690612793,-9.90328598022461,-11.416590690612793,0.036710620970712045,0.04295784586048208,0.036710620970712045,-1.4895000457763672,0.023804664611816406
19335,5932273,false_start_3,11,3,-11.94692611694336,-11.392786026000977,-11.90312671661377,-11.441908836364746,-10.884252548217773,-11.441908836364746,0.07904030234503268,0.08864691648682231,0.07904030234503268,-0.5085334777832031,0.04912281036376953
19335,5932273,false_start_3,11,4,-11.94692611694336,-11.392786026000977,-11.795218467712402,-11.575172424316406,-10.883397102355957,-11.575172424316406,0.2737712930550823,0.32913409676830885,0.2737712930550823,-0.5093889236450195,0.1823863983154297
19335,5932273,false_start_3,11,5,-11.94692611694336,-11.392786026000977,-11.937749862670898,-11.410274505615234,-11.173345565795898,-11.410274505615234,0.016559448454371163,0.031559672184188155,0.016559448454371163,-0.21944046020507812,0.017488479614257812
19335,5932273,false_start_3,11,6,-11.94692611694336,-11.392786026000977,-11.86341381072998,-11.489294052124023,-11.257023811340332,-11.489294052124023,0.15070612572238917,0.17415817353861404,0.15070612572238917,-0.13576221466064453,0.09650802612304688
19335,5932273,false_start_3,11,7,-11.94692611694336,-11.392786026000977,-11.923012733459473,-11.414848327636719,-11.309042930603027,-11.414848327636719,0.043154039699995525,0.03981358143249039,0.03981358143249039,-0.08374309539794922,0.022062301635742188
19335,5932273,false_start_3,11,8,-11.94692611694336,-11.392786026000977,-11.947492599487305,-11.394048690795898,-11.378437995910645,-11.394048690795898,-0.001022273163780552,0.0022786021361034525,-0.001022273163780552,-0.014348030090332031,0.001262664794921875
19335,5932273,false_start_3,11,9,-11.94692611694336,-11.392786026000977,-11.89599609375,-11.467236518859863,-11.21631908416748,-11.467236518859863,0.09190820881908518,0.13435319709908478,0.09190820881908518,-0.1764669418334961,0.07445049285888672
19335,5932273,false_start_3,11,10,-11.94692611694336,-11.392786026000977,-11.955612182617188,-11.388710975646973,-11.254532814025879,-11.388710975646973,-0.015674855177968464,-0.0073538269845695265,-0.015674855177968464,-0.13825321197509766,-0.004075050354003906
19335,5932273,false_start_3,11,11,-11.94692611694336,-11.392786026000977,-11.907407760620117,-11.435386657714844,-11.001764297485352,-11.435386657714844,0.07131473966454295,0.07687700711460818,0.07131473966454295,-0.391021728515625,0.04260063171386719
1103812,3202701,false_start_3,0,0,-12.958795547485352,-12.4793062210083,-12.959062576293945,-12.47630786895752,-12.584263801574707,-12.47630786895752,-0.0005569025082491184,-0.006253219592625816,-0.006253219592625816,0.10495758056640625,-0.00299835205078125
1103812,3202701,false_start_3,0,1,-12.958795547485352,-12.4793062210083,-12.967691421508789,-12.470380783081055,-12.609212875366211,-12.470380783081055,-0.018552809274813488,-0.018614466338226783,-0.018614466338226783,0.12990665435791016,-0.008925437927246094
1103812,3202701,false_start_3,0,2,-12.958795547485352,-12.4793062210083,-12.96191692352295,-12.4695463180542,-12.37790298461914,-12.4695463180542,-0.006509792533926302,-0.02035478667650528,-0.02035478667650528,-0.10140323638916016,-0.009759902954101562
1103812,3202701,false_start_3,0,3,-12.958795547485352,-12.4793062210083,-12.95974349975586,-12.436121940612793,-12.500269889831543,-12.436121940612793,-0.0019770039042843702,-0.09006306920905921,-0.09006306920905921,0.020963668823242188,-0.04318428039550781
1103812,3202701,false_start_3,0,4,-12.958795547485352,-12.4793062210083,-12.912375450134277,-12.504359245300293,-12.319382667541504,-12.504359245300293,0.09681153424652085,0.05224938889894407,0.05224938889894407,-0.15992355346679688,0.025053024291992188
1103812,3202701,false_start_3,0,5,-12.958795547485352,-12.4793062210083,-12.957258224487305,-12.485547065734863,-12.603547096252441,-12.485547065734863,0.003206167297491353,0.013015607192793682,0.003206167297491353,0.12424087524414062,0.0062408447265625
1103812,3202701,false_start_3,0,6,-12.958795547485352,-12.4793062210083,-12.963790893554688,-12.517626762390137,-12.679841995239258,-12.517626762390137,-0.010418054779317436,0.07991948780880741,-0.010418054779317436,0.20053577423095703,0.03832054138183594
1103812,3202701,false_start_3,0,7,-12.958795547485352,-12.4793062210083,-12.96113395690918,-12.457569122314453,-12.411972045898438,-12.457569122314453,-0.004876874822238708,-0.0453338531090077,-0.0453338531090077,-0.06733417510986328,-0.021737098693847656
1103812,3202701,false_start_3,0,8,-12.958795547485352,-12.4793062210083,-12.964912414550781,-12.47517204284668,-12.626197814941406,-12.47517204284668,-0.012757045313963733,-0.00862204419021403,-0.012757045313963733,0.14689159393310547,-0.004134178161621094
1103812,3202701,false_start_3,0,9,-12.958795547485352,-12.4793062210083,-12.95865249633789,-12.495063781738281,-12.525195121765137,-12.495063781738281,0.00029834062941917056,0.03286321479928637,0.00029834062941917056,0.04588890075683594,0.01575756072998047
1103812,3202701,false_start_3,0,10,-12.958795547485352,-12.4793062210083,-12.952013969421387,-12.508696556091309,-12.529460906982422,-12.508696556091309,0.014143334771998146,0.061295076782933326,0.014143334771998146,0.050154685974121094,0.029390335083007812
1103812,3202701,false_start_3,0,11,-12.958795547485352,-12.4793062210083,-12.9600830078125,-12.515775680541992,-12.479971885681152,-12.515775680541992,-0.002685065664772535,0.07605896006412334,-0.002685065664772535,0.0006656646728515625,0.036469459533691406
1103812,3202701,false_start_3,1,0,-12.958795547485352,-12.4793062210083,-12.981176376342773,-12.461004257202148,-12.50094985961914,-12.461004257202148,-0.046676385941393964,-0.03816970012788869,-0.046676385941393964,0.021643638610839844,-0.018301963806152344
1103812,3202701,false_start_3,1,1,-12.958795547485352,-12.4793062210083,-12.959921836853027,-12.47671890258789,-12.520438194274902,-12.47671890258789,-0.002348935222293603,-0.005395987517428065,-0.005395987517428065,0.04113197326660156,-0.0025873184204101562
1103812,3202701,false_start_3,1,2,-12.958795547485352,-12.4793062210083,-12.945430755615234,-12.505461692810059,-12.532100677490234,-12.505461692810059,0.027872970537868375,0.054548600683001144,0.027872970537868375,0.052794456481933594,0.026155471801757812
1103812,3202701,false_start_3,1,3,-12.958795547485352,-12.4793062210083,-12.973328590393066,-12.421399116516113,-12.49944019317627,-12.421399116516113,-0.03030941901145827,-0.12076828678888024,-0.12076828678888024,0.02013397216796875,-0.0579071044921875
1103812,3202701,false_start_3,1,4,-12.958795547485352,-12.4793062210083,-12.96426010131836,-12.476472854614258,-12.580647468566895,-12.476472854614258,-0.011396612043812315,-0.005909133400029038,-0.011396612043812315,0.10134124755859375,-0.0028333663940429688
1103812,3202701,false_start_3,1,5,-12.958795547485352,-12.4793062210083,-12.960747718811035,-12.48231029510498,-12.479552268981934,-12.48231029510498,-0.004071355122806947,0.006265153217802582,-0.004071355122806947,0.0002460479736328125,0.0030040740966796875
1103812,3202701,false_start_3,1,6,-12.958795547485352,-12.4793062210083,-12.95849895477295,-12.490543365478516,-12.494715690612793,-12.490543365478516,0.0006185595716624137,0.02343565090964058,0.0006185595716624137,0.015409469604492188,0.011237144470214844
1103812,3202701,false_start_3,1,7,-12.958795547485352,-12.4793062210083,-12.956871032714844,-12.468877792358398,-12.458146095275879,-12.468877792358398,0.004013675934452575,-0.021749031884657533,-0.021749031884657533,-0.021160125732421875,-0.010428428649902344
1103812,3202701,false_start_3,1,8,-12.958795547485352,-12.4793062210083,-12.951027870178223,-12.485685348510742,-12.419209480285645,-12.485685348510742,0.01619989617746096,0.013304003134565546,0.013304003134565546,-0.06009674072265625,0.006379127502441406
1103812,3202701,false_start_3,1,9,-12.958795547485352,-12.4793062210083,-12.959748268127441,-12.494909286499023,-12.508885383605957,-12.494909286499023,-0.001986948591931676,0.032541006919513664,-0.001986948591931676,0.02957916259765625,0.015603065490722656
1103812,3202701,false_start_3,1,10,-12.958795547485352,-12.4793062210083,-12.959501266479492,-12.476906776428223,-12.594009399414062,-12.476906776428223,-0.0014718137718012414,-0.005004166824124221,-0.005004166824124221,0.11470317840576172,-0.002399444580078125
1103812,3202701,false_start_3,1,11,-12.958795547485352,-12.4793062210083,-12.958708763122559,-12.495341300964355,-12.422353744506836,-12.495341300964355,0.00018099331518096347,0.03344199562035956,0.00018099331518096347,-0.056952476501464844,0.016035079956054688
1103812,3202701,false_start_3,2,0,-12.958795547485352,-12.4793062210083,-12.95422649383545,-12.478276252746582,-12.43801498413086,-12.478276252746582,0.009528999703648308,-0.002148052531818028,-0.002148052531818028,-0.041291236877441406,-0.00102996826171875
1103812,3202701,false_start_3,2,1,-12.958795547485352,-12.4793062210083,-12.958479881286621,-12.487353324890137,-12.49417495727539,-12.487353324890137,0.0006583383222516364,0.016782654873593074,0.0006583383222516364,0.014868736267089844,0.008047103881835938
1103812,3202701,false_start_3,2,2,-12.958795547485352,-12.4793062210083,-12.968589782714844,-12.487639427185059,-12.529337882995605,-12.487639427185059,-0.02042638842756588,0.017379336132431415,-0.02042638842756588,0.05003166198730469,0.008333206176757812
1103812,3202701,false_start_3,2,3,-12.958795547485352,-12.4793062210083,-12.968526840209961,-12.474469184875488,-12.291935920715332,-12.474469184875488,-0.020295118550621445,-0.010087891149426887,-0.020295118550621445,-0.18737030029296875,-0.0048370361328125
1103812,3202701,false_start_3,2,4,-12.958795547485352,-12.4793062210083,-12.955090522766113,-12.48785400390625,-12.523015022277832,-12.48785400390625,0.007727022301956518,0.01782684707656017,0.007727022301956518,0.04370880126953125,0.008547782897949219
1103812,3202701,false_start_3,2,5,-12.958795547485352,-12.4793062210083,-12.968426704406738,-12.478829383850098,-12.374985694885254,-12.478829383850098,-0.020086280110028023,-0.0009944687647305687,-0.020086280110028023,-0.10432052612304688,-0.000476837158203125
1103812,3202701,false_start_3,2,6,-12.958795547485352,-12.4793062210083,-12.963229179382324,-12.485027313232422,-12.537619590759277,-12.485027313232422,-0.009246570574464827,0.011931636239237361,-0.009246570574464827,0.05831336975097656,0.005721092224121094
1103812,3202701,false_start_3,2,7,-12.958795547485352,-12.4793062210083,-12.9564208984375,-12.480121612548828,-12.499361038208008,-12.480121612548828,0.004952454448358232,0.0017005415876892723,0.0017005415876892723,0.02005481719970703,0.0008153915405273438
1103812,3202701,false_start_3,2,8,-12.958795547485352,-12.4793062210083,-12.92676830291748,-12.483494758605957,-12.45833969116211,-12.483494758605957,0.06679448905189336,0.008735413629393314,0.008735413629393314,-0.020966529846191406,0.00418853759765625
1103812,3202701,false_start_3,2,9,-12.958795547485352,-12.4793062210083,-12.966039657592773,-12.476155281066895,-12.555685043334961,-12.476155281066895,-0.015107969473786799,-0.006571449597339597,-0.015107969473786799,0.07637882232666016,-0.00315093994140625
1103812,3202701,false_start_3,2,10,-12.958795547485352,-12.4793062210083,-12.950905799865723,-12.506269454956055,-12.567900657653809,-12.506269454956055,0.016454480181231988,0.05623323077045473,0.016454480181231988,0.08859443664550781,0.026963233947753906
1103812,3202701,false_start_3,2,11,-12.958795547485352,-12.4793062210083,-12.96886920928955,-12.47874927520752,-12.086207389831543,-12.47874927520752,-0.02100914712369799,-0.001161539517205304,-0.02100914712369799,-0.3930988311767578,-0.00055694580078125
1103812,3202701,false_start_3,3,0,-12.958795547485352,-12.4793062210083,-12.950909614562988,-12.487689971923828,-12.556556701660156,-12.487689971923828,0.01644652443111414,0.017484749821492857,0.01644652443111414,0.07725048065185547,0.008383750915527344
1103812,3202701,false_start_3,3,1,-12.958795547485352,-12.4793062210083,-12.964433670043945,-12.46799373626709,-12.50879192352295,-12.46799373626709,-0.011758598674174243,-0.02359277697446801,-0.02359277697446801,0.029485702514648438,-0.011312484741210938
1103812,3202701,false_start_3,3,2,-12.958795547485352,-12.4793062210083,-12.948139190673828,-12.500566482543945,-12.410575866699219,-12.500566482543945,0.022224387954198746,0.04433938434427713,0.022224387954198746,-0.06873035430908203,0.02126026153564453
1103812,3202701,false_start_3,3,3,-12.958795547485352,-12.4793062210083,-12.954073905944824,-12.490283966064453,-12.392263412475586,-12.490283966064453,0.00984722970836209,0.02289465990162715,0.00984722970836209,-0.08704280853271484,0.010977745056152344
1103812,3202701,false_start_3,3,4,-12.958795547485352,-12.4793062210083,-12.958233833312988,-12.491960525512695,-12.494359016418457,-12.491960525512695,0.0011714842048526097,0.02639121207841983,0.0011714842048526097,0.01505279541015625,0.012654304504394531
1103812,3202701,false_start_3,3,5,-12.958795547485352,-12.4793062210083,-12.9584321975708,-12.485398292541504,-12.55720329284668,-12.485398292541504,0.0007577851987246932,0.012705332938197745,0.0007577851987246932,0.0778970718383789,0.006092071533203125
1103812,3202701,false_start_3,3,6,-12.958795547485352,-12.4793062210083,-12.95742416381836,-12.480323791503906,-12.500314712524414,-12.480323791503906,0.002860092167365115,0.0021221963439350335,0.0021221963439350335,0.02100849151611328,0.0010175704956054688
1103812,3202701,false_start_3,3,7,-12.958795547485352,-12.4793062210083,-12.931593894958496,-12.514229774475098,-12.618500709533691,-12.514229774475098,0.056730465152820014,0.07283489232886685,0.056730465152820014,0.13919448852539062,0.034923553466796875
1103812,3202701,false_start_3,3,8,-12.958795547485352,-12.4793062210083,-12.939932823181152,-12.49809741973877,-12.455778121948242,-12.49809741973877,0.03933919539521183,0.03919002508050225,0.03919002508050225,-0.023528099060058594,0.01879119873046875
1103812,3202701,false_start_3,3,9,-12.958795547485352,-12.4793062210083,-12.95801067352295,-12.471488952636719,-12.571355819702148,-12.471488952636719,0.001636895586746516,-0.01630332092899294,-0.01630332092899294,0.09204959869384766,-0.007817268371582031
1103812,3202701,false_start_3,3,10,-12.958795547485352,-12.4793062210083,-12.961179733276367,-12.47725772857666,-12.47998046875,-12.47725772857666,-0.004972343823652843,-0.004272237813282523,-0.004972343823652843,0.0006742477416992188,-0.002048492431640625
1103812,3202701,false_start_3,3,11,-12.958795547485352,-12.4793062210083,-12.945895195007324,-12.463611602783203,-12.304443359375,-12.463611602783203,0.0269043579610208,-0.03273194492234193,-0.03273194492234193,-0.17486286163330078,-0.015694618225097656
1103812,3202701,false_start_3,4,0,-12.958795547485352,-12.4793062210083,-12.962991714477539,-12.492509841918945,-12.404391288757324,-12.492509841918945,-0.008751325129629003,0.027536840095389443,-0.008751325129629003,-0.07491493225097656,0.013203620910644531
1103812,3202701,false_start_3,4,1,-12.958795547485352,-12.4793062210083,-12.951446533203125,-12.471171379089355,-12.561379432678223,-12.471171379089355,0.015326752602027522,-0.0169656371263035,-0.0169656371263035,0.08207321166992188,-0.008134841918945312
1103812,3202701,false_start_3,4,2,-12.958795547485352,-12.4793062210083,-12.954984664916992,-12.490213394165039,-12.5568208694458,-12.490213394165039,0.007947794367726704,0.022747478524447026,0.007947794367726704,0.0775146484375,0.010907173156738281
1103812,3202701,false_start_3,4,3,-12.958795547485352,-12.4793062210083,-12.962233543395996,-12.47919750213623,-12.304844856262207,-12.47919750213623,-0.007170119793707399,-0.00022673887835856964,-0.007170119793707399,-0.17446136474609375,-0.0001087188720703125
1103812,3202701,false_start_3,4,4,-12.958795547485352,-12.4793062210083,-12.965246200561523,-12.468897819519043,-12.545695304870605,-12.468897819519043,-0.013453173449275132,-0.02170726419653885,-0.02170726419653885,0.06638908386230469,-0.010408401489257812
1103812,3202701,false_start_3,4,5,-12.958795547485352,-12.4793062210083,-12.968571662902832,-12.432794570922852,-12.325374603271484,-12.432794570922852,-0.020388598614506117,-0.09700247224934912,-0.09700247224934912,-0.1539316177368164,-0.04651165008544922
1103812,3202701,false_start_3,4,6,-12.958795547485352,-12.4793062210083,-12.955031394958496,-12.47360897064209,-12.493294715881348,-12.47360897064209,0.00785033642878311,-0.011881912801000833,-0.011881912801000833,0.013988494873046875,-0.0056972503662109375
1103812,3202701,false_start_3,4,7,-12.958795547485352,-12.4793062210083,-12.927597045898438,-12.502470016479492,-12.48681926727295,-12.502470016479492,0.06506610233879163,0.04830930365308156,0.04830930365308156,0.0075130462646484375,0.023163795471191406
1103812,3202701,false_start_3,4,8,-12.958795547485352,-12.4793062210083,-12.957350730895996,-12.49852466583252,-12.488142013549805,-12.49852466583252,0.003013240357133623,0.040081069093700836,0.003013240357133623,0.008835792541503906,0.01921844482421875
1103812,3202701,false_start_3,4,9,-12.958795547485352,-12.4793062210083,-12.941547393798828,-12.483171463012695,-12.459943771362305,-12.483171463012695,0.03597192415783413,0.00806116380690599,0.00806116380690599,-0.019362449645996094,0.0038652420043945312
1103812,3202701,false_start_3,4,10,-12.958795547485352,-12.4793062210083,-12.961784362792969,-12.465301513671875,-12.47195053100586,-12.465301513671875,-0.006233330217331204,-0.0292075476201368,-0.0292075476201368,-0.007355690002441406,-0.014004707336425781
1103812,3202701,false_start_3,4,11,-12.958795547485352,-12.4793062210083,-12.938213348388672,-12.531547546386719,-12.794598579406738,-12.531547546386719,0.042925249760830265,0.10895200892635164,0.042925249760830265,0.3152923583984375,0.05224132537841797
1103812,3202701,false_start_3,5,0,-12.958795547485352,-12.4793062210083,-12.988153457641602,-12.436440467834473,-12.482702255249023,-12.436440467834473,-0.06122745290693165,-0.08939876407421919,-0.08939876407421919,0.0033960342407226562,-0.042865753173828125
1103812,3202701,false_start_3,5,1,-12.958795547485352,-12.4793062210083,-12.952533721923828,-12.481532096862793,-12.495698928833008,-12.481532096862793,0.013059363818441827,0.0046421801937622945,0.0046421801937622945,0.01639270782470703,0.0022258758544921875
1103812,3202701,false_start_3,5,2,-12.958795547485352,-12.4793062210083,-12.947738647460938,-12.47924518585205,-12.390548706054688,-12.47924518585205,0.023059741716572425,-0.00012729200188551278,-0.00012729200188551278,-0.08875751495361328,-6.103515625e-05
1103812,3202701,false_start_3,5,3,-12.958795547485352,-12.4793062210083,-12.946649551391602,-12.482464790344238,-12.565945625305176,-12.482464790344238,0.025331108375217043,0.006587361097575286,0.006587361097575286,0.086639404296875,0.0031585693359375
1103812,3202701,false_start_3,5,4,-12.958795547485352,-12.4793062210083,-12.95464038848877,-12.460891723632812,-12.479787826538086,-12.460891723632812,0.008665800815862174,-0.0384043947563651,-0.0384043947563651,0.00048160552978515625,-0.01841449737548828
1103812,3202701,false_start_3,5,5,-12.958795547485352,-12.4793062210083,-12.963676452636719,-12.457393646240234,-12.492308616638184,-12.457393646240234,-0.0101793822757821,-0.045699817614428546,-0.045699817614428546,0.013002395629882812,-0.021912574768066406
1103812,3202701,false_start_3,5,6,-12.958795547485352,-12.4793062210083,-12.94601058959961,-12.499252319335938,-12.569601058959961,-12.499252319335938,0.026663696519956006,0.04159862842867968,0.026663696519956006,0.09029483795166016,0.01994609832763672
1103812,3202701,false_start_3,5,7,-12.958795547485352,-12.4793062210083,-12.949642181396484,-12.487208366394043,-12.67146110534668,-12.487208366394043,0.019089822407767996,0.016480336369114983,0.016480336369114983,0.1921548843383789,0.007902145385742188
1103812,3202701,false_start_3,5,8,-12.958795547485352,-12.4793062210083,-12.96377944946289,-12.447235107421875,-12.448415756225586,-12.447235107421875,-0.010394187528963903,-0.06688598017824858,-0.06688598017824858,-0.030890464782714844,-0.03207111358642578
1103812,3202701,false_start_3,5,9,-12.958795547485352,-12.4793062210083,-12.962644577026367,-12.47514820098877,-12.571192741394043,-12.47514820098877,-0.00802735186890515,-0.008671767628450558,-0.008671767628450558,0.09188652038574219,-0.00415802001953125
1103812,3202701,false_start_3,5,10,-12.958795547485352,-12.4793062210083,-12.958803176879883,-12.48222541809082,-12.607198715209961,-12.48222541809082,-1.5911500235689098e-05,0.006088137777680541,-1.5911500235689098e-05,0.12789249420166016,0.0029191970825195312
1103812,3202701,false_start_3,5,11,-12.958795547485352,-12.4793062210083,-12.958174705505371,-12.475383758544922,-12.3151273727417,-12.475383758544922,0.0012947983316792004,-0.008180500058673656,-0.008180500058673656,-0.16417884826660156,-0.003922462463378906
1103812,3202701,false_start_3,6,0,-12.958795547485352,-12.4793062210083,-12.984643936157227,-12.420427322387695,-12.369370460510254,-12.420427322387695,-0.05390816279851466,-0.12279501413140115,-0.12279501413140115,-0.10993576049804688,-0.05887889862060547
1103812,3202701,false_start_3,6,1,-12.958795547485352,-12.4793062210083,-12.943706512451172,-12.493709564208984,-12.534794807434082,-12.493709564208984,0.03146896959113411,0.030038923507451555,0.030038923507451555,0.05548858642578125,0.014403343200683594
1103812,3202701,false_start_3,6,2,-12.958795547485352,-12.4793062210083,-12.950447082519531,-12.492865562438965,-12.479998588562012,-12.492865562438965,0.017411159132902795,0.02827871379387845,0.017411159132902795,0.0006923675537109375,0.013559341430664062
1103812,3202701,false_start_3,6,3,-12.958795547485352,-12.4793062210083,-12.954861640930176,-12.462630271911621,-12.306960105895996,-12.462630271911621,0.008204367309027192,-0.03477856164015745,-0.03477856164015745,-0.1723461151123047,-0.016675949096679688
1103812,3202701,false_start_3,6,4,-12.958795547485352,-12.4793062210083,-12.950141906738281,-12.47917652130127,-12.695947647094727,-12.47917652130127,0.01804761914233036,-0.00027049550400671466,-0.00027049550400671466,0.21664142608642578,-0.00012969970703125
1103812,3202701,false_start_3,6,5,-12.958795547485352,-12.4793062210083,-12.966029167175293,-12.480979919433594,-12.472220420837402,-12.480979919433594,-0.015086091160962725,0.0034905853642042957,-0.015086091160962725,-0.0070858001708984375,0.0016736984252929688
1103812,3202701,false_start_3,6,6,-12.958795547485352,-12.4793062210083,-12.98231029510498,-12.465619087219238,-12.217998504638672,-12.465619087219238,-0.04904123266392326,-0.02854523142282624,-0.04904123266392326,-0.2613077163696289,-0.0136871337890625
1103812,3202701,false_start_3,6,7,-12.958795547485352,-12.4793062210083,-12.858091354370117,-12.553557395935059,-12.601693153381348,-12.553557395935059,0.21002384736097823,0.15485469816878522,0.15485469816878522,0.12238693237304688,0.07425117492675781
1103812,3202701,false_start_3,6,8,-12.958795547485352,-12.4793062210083,-12.930195808410645,-12.496786117553711,-12.462451934814453,-12.496786117553711,0.059646247571010044,0.036455235977493186,0.036455235977493186,-0.016854286193847656,0.017479896545410156
1103812,3202701,false_start_3,6,9,-12.958795547485352,-12.4793062210083,-12.943075180053711,-12.509880065917969,-12.586640357971191,-12.509880065917969,0.032785646235637386,0.06376334825699459,0.032785646235637386,0.10733413696289062,0.03057384490966797
1103812,3202701,false_start_3,6,10,-12.958795547485352,-12.4793062210083,-12.951661109924316,-12.488288879394531,-12.542441368103027,-12.488288879394531,0.014879241657898766,0.01873380258999445,0.014879241657898766,0.06313514709472656,0.008982658386230469
1103812,3202701,false_start_3,6,11,-12.958795547485352,-12.4793062210083,-12.923733711242676,-12.56796932220459,-12.594623565673828,-12.56796932220459,0.07312328827063871,0.1849115221140019,0.07312328827063871,0.11531734466552734,0.08866310119628906
1103812,3202701,false_start_3,7,0,-12.958795547485352,-12.4793062210083,-12.94902515411377,-12.483149528503418,-12.347027778625488,-12.483149528503418,0.02037666498932935,0.008015418243728383,0.008015418243728383,-0.1322784423828125,0.0038433074951171875
1103812,3202701,false_start_3,7,1,-12.958795547485352,-12.4793062210083,-12.928179740905762,-12.50193977355957,-12.475893020629883,-12.50193977355957,0.06385086150829089,0.04720345438670117,0.04720345438670117,-0.0034132003784179688,0.02263355255126953
1103812,3202701,false_start_3,7,2,-12.958795547485352,-12.4793062210083,-12.938212394714355,-12.500904083251953,-12.20814037322998,-12.500904083251953,0.042927238698359724,0.045043468229706375,0.042927238698359724,-0.2711658477783203,0.021597862243652344
1103812,3202701,false_start_3,7,3,-12.958795547485352,-12.4793062210083,-12.923898696899414,-12.547324180603027,-12.532259941101074,-12.547324180603027,0.07277920207804194,0.14185500247622723,0.07277920207804194,0.05295372009277344,0.06801795959472656
1103812,3202701,false_start_3,7,4,-12.958795547485352,-12.4793062210083,-12.941280364990234,-12.517044067382812,-12.53488540649414,-12.517044067382812,0.036528826666083244,0.07870424697830666,0.036528826666083244,0.055579185485839844,0.03773784637451172
1103812,3202701,false_start_3,7,5,-12.958795547485352,-12.4793062210083,-12.977029800415039,-12.481490135192871,-12.321172714233398,-12.481490135192871,-0.038028485563296945,0.004554666942466004,-0.038028485563296945,-0.15813350677490234,0.0021839141845703125
1103812,3202701,false_start_3,7,6,-12.958795547485352,-12.4793062210083,-12.968786239624023,-12.472872734069824,-12.467315673828125,-12.472872734069824,-0.020836109558634873,-0.013417372573744831,-0.020836109558634873,-0.011990547180175781,-0.0064334869384765625
1103812,3202701,false_start_3,7,7,-12.958795547485352,-12.4793062210083,-12.914451599121094,-12.53288459777832,-12.54625129699707,-12.53288459777832,0.09248161724488395,0.11174049934265615,0.09248161724488395,0.06694507598876953,0.05357837677001953
1103812,3202701,false_start_3,7,8,-12.958795547485352,-12.4793062210083,-12.897278785705566,-12.55208969116211,-12.712206840515137,-12.55208969116211,0.12829641533789066,0.15179372331094454,0.12829641533789066,0.23290061950683594,0.0727834701538086
1103812,3202701,false_start_3,7,9,-12.958795547485352,-12.4793062210083,-12.971151351928711,-12.447674751281738,-12.409847259521484,-12.447674751281738,-0.025768674631698494,-0.065969079977167,-0.065969079977167,-0.0694589614868164,-0.0316314697265625
1103812,3202701,false_start_3,7,10,-12.958795547485352,-12.4793062210083,-12.958699226379395,-12.488988876342773,-12.43677043914795,-12.488988876342773,0.00020088269047557485,0.020193682736618927,0.00020088269047557485,-0.04253578186035156,0.009682655334472656
1103812,3202701,false_start_3,7,11,-12.958795547485352,-12.4793062210083,-12.930245399475098,-12.517752647399902,-12.35818862915039,-12.517752647399902,0.059542822819478064,0.08018202756269628,0.059542822819478064,-0.12111759185791016,0.03844642639160156
1103812,3202701,false_start_3,8,0,-12.958795547485352,-12.4793062210083,-12.962882995605469,-12.493596076965332,-12.441110610961914,-12.493596076965332,-0.008524586251270434,0.02980223994144568,-0.008524586251270434,-0.03819561004638672,0.01428985595703125
1103812,3202701,false_start_3,8,1,-12.958795547485352,-12.4793062210083,-12.940556526184082,-12.510271072387695,-12.5442533493042,-12.510271072387695,0.03803843025094425,0.06457881264407367,0.03803843025094425,0.06494712829589844,0.03096485137939453
1103812,3202701,false_start_3,8,2,-12.958795547485352,-12.4793062210083,-12.944517135620117,-12.49887752532959,-12.0946683883667,-12.49887752532959,0.029778372691092146,0.040816975979601454,0.029778372691092146,-0.38463783264160156,0.019571304321289062
1103812,3202701,false_start_3,8,3,-12.958795547485352,-12.4793062210083,-12.910467147827148,-12.559806823730469,-12.311986923217773,-12.559806823730469,0.10079139824297259,0.16788820579934405,0.10079139824297259,-0.16731929779052734,0.08050060272216797
1103812,3202701,false_start_3,8,4,-12.958795547485352,-12.4793062210083,-12.937064170837402,-12.510089874267578,-12.386035919189453,-12.510089874267578,0.04532191948383093,0.06420091451347605,0.04532191948383093,-0.09327030181884766,0.030783653259277344
1103812,3202701,false_start_3,8,5,-12.958795547485352,-12.4793062210083,-12.956780433654785,-12.448025703430176,-12.319077491760254,-12.448025703430176,0.004202624999751383,-0.0652371509663253,-0.0652371509663253,-0.16022872924804688,-0.031280517578125
1103812,3202701,false_start_3,8,6,-12.958795547485352,-12.4793062210083,-12.953660011291504,-12.48067855834961,-12.481606483459473,-12.48067855834961,0.010710428596148224,0.0028620811048945764,0.0028620811048945764,0.002300262451171875,0.0013723373413085938
1103812,3202701,false_start_3,8,7,-12.958795547485352,-12.4793062210083,-12.903363227844238,-12.5324068069458,-12.680785179138184,-12.5324068069458,0.1156069938999286,0.11074404164039611,0.11074404164039611,0.2014789581298828,0.0531005859375
1103812,3202701,false_start_3,8,8,-12.958795547485352,-12.4793062210083,-12.914169311523438,-12.540983200073242,-12.41827392578125,-12.540983200073242,0.09307034275360446,0.1286305568428401,0.09307034275360446,-0.06103229522705078,0.061676979064941406
1103812,3202701,false_start_3,8,9,-12.958795547485352,-12.4793062210083,-12.953155517578125,-12.4876070022583,-12.508151054382324,-12.4876070022583,0.011762576549233164,0.01731171225642974,0.011762576549233164,0.028844833374023438,0.00830078125
1103812,3202701,false_start_3,8,10,-12.958795547485352,-12.4793062210083,-12.950984954833984,-12.492300033569336,-12.355462074279785,-12.492300033569336,0.016289398366286713,0.027099273838907995,0.016289398366286713,-0.12384414672851562,0.012993812561035156
1103812,3202701,false_start_3,8,11,-12.958795547485352,-12.4793062210083,-12.97008991241455,-12.457469940185547,-12.096084594726562,-12.457469940185547,-0.023554987161408247,-0.04554070261207166,-0.04554070261207166,-0.3832216262817383,-0.021836280822753906
1103812,3202701,false_start_3,9,0,-12.958795547485352,-12.4793062210083,-12.969741821289062,-12.466753005981445,-12.42683219909668,-12.466753005981445,-0.02282902496315493,-0.02618038470029695,-0.02618038470029695,-0.052474021911621094,-0.012553215026855469
1103812,3202701,false_start_3,9,1,-12.958795547485352,-12.4793062210083,-12.957152366638184,-12.481649398803711,-12.470250129699707,-12.481649398803711,0.0034269393632615393,0.004886819509886014,0.0034269393632615393,-0.00905609130859375,0.0023431777954101562
1103812,3202701,false_start_3,9,2,-12.958795547485352,-12.4793062210083,-12.950345993041992,-12.479108810424805,-12.442806243896484,-12.479108810424805,0.017621986511025676,-0.0004117100685984554,-0.0004117100685984554,-0.036499977111816406,-0.00019741058349609375
1103812,3202701,false_start_3,9,3,-12.958795547485352,-12.4793062210083,-12.943145751953125,-12.496674537658691,-12.354214668273926,-12.496674537658691,0.03263846485845726,0.03622253028654623,0.03263846485845726,-0.125091552734375,0.017368316650390625
1103812,3202701,false_start_3,9,4,-12.958795547485352,-12.4793062210083,-12.887826919555664,-12.586983680725098,-12.073209762573242,-12.586983680725098,0.14800877519237998,0.22456695857639808,0.14800877519237998,-0.4060964584350586,0.10767745971679688
1103812,3202701,false_start_3,9,5,-12.958795547485352,-12.4793062210083,-12.95905876159668,-12.486444473266602,-12.49853515625,-12.486444473266602,-0.0005489467581312738,0.014887197408016611,-0.0005489467581312738,0.01922893524169922,0.007138252258300781
1103812,3202701,false_start_3,9,6,-12.958795547485352,-12.4793062210083,-12.789643287658691,-12.648829460144043,-10.923239707946777,-12.648829460144043,0.35277586066299244,0.3535495573619528,0.35277586066299244,-1.5560665130615234,0.1695232391357422
1103812,3202701,false_start_3,9,7,-12.958795547485352,-12.4793062210083,-12.953601837158203,-12.474416732788086,-12.204137802124023,-12.474416732788086,0.010831753785445352,-0.010197282713547251,-0.010197282713547251,-0.27516841888427734,-0.004889488220214844
1103812,3202701,false_start_3,9,8,-12.958795547485352,-12.4793062210083,-12.88272476196289,-12.560847282409668,-12.550801277160645,-12.560847282409668,0.15864959097499706,0.17005813664398614,0.15864959097499706,0.07149505615234375,0.08154106140136719
1103812,3202701,false_start_3,9,9,-12.958795547485352,-12.4793062210083,-12.941374778747559,-12.50599479675293,-12.434228897094727,-12.50599479675293,0.036331921850666596,0.05566041676196992,0.036331921850666596,-0.04507732391357422,0.026688575744628906
1103812,3202701,false_start_3,9,10,-12.958795547485352,-12.4793062210083,-12.957168579101562,-12.482552528381348,-12.458170890808105,-12.482552528381348,0.0033931274252607,0.006770343350285711,0.0033931274252607,-0.021135330200195312,0.003246307373046875
1103812,3202701,false_start_3,9,11,-12.958795547485352,-12.4793062210083,-13.007043838500977,-12.399357795715332,-12.106111526489258,-12.399357795715332,-0.10062432749049785,-0.16673661096978604,-0.16673661096978604,-0.37319469451904297,-0.07994842529296875
1103812,3202701,false_start_3,10,0,-12.958795547485352,-12.4793062210083,-12.935559272766113,-12.502935409545898,-11.910797119140625,-12.502935409545898,0.048460462905320606,0.049279905167458594,0.048460462905320606,-0.5685091018676758,0.023629188537597656
1103812,3202701,false_start_3,10,1,-12.958795547485352,-12.4793062210083,-12.95443058013916,-12.483770370483398,-12.559391021728516,-12.483770370483398,0.009103367072343625,0.009310216575407582,0.009103367072343625,0.08008480072021484,0.004464149475097656
1103812,3202701,false_start_3,10,2,-12.958795547485352,-12.4793062210083,-12.891491889953613,-12.564589500427246,-11.958260536193848,-12.564589500427246,0.14036528826666084,0.17786272750959164,0.14036528826666084,-0.5210456848144531,0.08528327941894531
1103812,3202701,false_start_3,10,3,-12.958795547485352,-12.4793062210083,-12.958661079406738,-12.47843074798584,-12.416975021362305,-12.47843074798584,0.00028044019165402036,-0.0018258446520453238,-0.0018258446520453238,-0.062331199645996094,-0.0008754730224609375
1103812,3202701,false_start_3,10,4,-12.958795547485352,-12.4793062210083,-12.914739608764648,-12.533112525939941,-12.238524436950684,-12.533112525939941,0.09188095811098669,0.11221585541219736,0.09188095811098669,-0.2407817840576172,0.053806304931640625
1103812,3202701,false_start_3,10,5,-12.958795547485352,-12.4793062210083,-12.983211517333984,-12.44506549835205,-12.502124786376953,-12.44506549835205,-0.05092077862926404,-0.07141081305777267,-0.07141081305777267,0.022818565368652344,-0.03424072265625
1103812,3202701,false_start_3,10,6,-12.958795547485352,-12.4793062210083,-12.865456581115723,-12.590459823608398,-12.442550659179688,-12.590459823608398,0.19466328282094988,0.23181663587128393,0.19466328282094988,-0.03675556182861328,0.11115360260009766
1103812,3202701,false_start_3,10,7,-12.958795547485352,-12.4793062210083,-12.961701393127441,-12.475826263427734,-12.250626564025879,-12.475826263427734,-0.006060292652268085,-0.0072576330450036895,-0.0072576330450036895,-0.22867965698242188,-0.0034799575805664062
1103812,3202701,false_start_3,10,8,-12.958795547485352,-12.4793062210083,-12.954122543334961,-12.481420516967773,-12.396944046020508,-12.481420516967773,0.009745793894359572,0.0044094745028153415,0.0044094745028153415,-0.08236217498779297,0.0021142959594726562
1103812,3202701,false_start_3,10,9,-12.958795547485352,-12.4793062210083,-12.937885284423828,-12.499524116516113,-12.40346908569336,-12.499524116516113,0.043609444270964894,0.04216547562457611,0.04216547562457611,-0.0758371353149414,0.0202178955078125
1103812,3202701,false_start_3,10,10,-12.958795547485352,-12.4793062210083,-12.934564590454102,-12.507901191711426,-12.276317596435547,-12.507901191711426,0.05053492474854857,0.05963630288336274,0.05053492474854857,-0.2029886245727539,0.028594970703125
1103812,3202701,false_start_3,10,11,-12.958795547485352,-12.4793062210083,-12.938088417053223,-12.503140449523926,-12.481710433959961,-12.503140449523926,0.043185800577189674,0.04970752673629274,0.043185800577189674,0.0024042129516601562,0.023834228515625
1103812,3202701,false_start_3,11,0,-12.958795547485352,-12.4793062210083,-12.962268829345703,-12.474522590637207,-12.560890197753906,-12.474522590637207,-0.007243710482297462,-0.009976510647777064,-0.009976510647777064,0.08158397674560547,-0.00478363037109375
1103812,3202701,false_start_3,11,1,-12.958795547485352,-12.4793062210083,-12.960189819335938,-12.476826667785645,-12.447439193725586,-12.476826667785645,-0.0029078266680721827,-0.0051712375765989565,-0.0051712375765989565,-0.031867027282714844,-0.00247955322265625
1103812,3202701,false_start_3,11,2,-12.958795547485352,-12.4793062210083,-12.92153263092041,-12.523280143737793,-11.264202117919922,-12.523280143737793,0.07771375608863501,0.09170990948345303,0.07771375608863501,-1.215104103088379,0.04397392272949219
1103812,3202701,false_start_3,11,3,-12.958795547485352,-12.4793062210083,-12.912666320800781,-12.5285062789917,-12.119388580322266,-12.5285062789917,0.09620490830003521,0.10260928714490007,0.09620490830003521,-0.35991764068603516,0.04920005798339844
1103812,3202701,false_start_3,11,4,-12.958795547485352,-12.4793062210083,-12.86687183380127,-12.57809829711914,-12.054061889648438,-12.57809829711914,0.19171169952722955,0.20603602761440865,0.19171169952722955,-0.4252443313598633,0.09879207611083984
1103812,3202701,false_start_3,11,5,-12.958795547485352,-12.4793062210083,-12.972184181213379,-12.469866752624512,-12.538164138793945,-12.469866752624512,-0.027922693976104904,-0.019686503666606337,-0.027922693976104904,0.05885791778564453,-0.009439468383789062
1103812,3202701,false_start_3,11,6,-12.958795547485352,-12.4793062210083,-12.89741039276123,-12.542633056640625,-12.316617965698242,-12.542633056640625,0.12802194195882502,0.1320714187688079,0.12802194195882502,-0.1626882553100586,0.06332683563232422
1103812,3202701,false_start_3,11,7,-12.958795547485352,-12.4793062210083,-12.933586120605469,-12.505192756652832,-12.335379600524902,-12.505192756652832,0.0525755746537757,0.05398772029969311,0.0525755746537757,-0.14392662048339844,0.02588653564453125
1103812,3202701,false_start_3,11,8,-12.958795547485352,-12.4793062210083,-12.966197967529297,-12.477828025817871,-12.494908332824707,-12.477828025817871,-0.015438133103677346,-0.0030828531706647627,-0.015438133103677346,0.01560211181640625,-0.0014781951904296875
1103812,3202701,false_start_3,11,9,-12.958795547485352,-12.4793062210083,-12.940187454223633,-12.506430625915527,-12.371134757995605,-12.506430625915527,0.038808149074845706,0.05656936121293366,0.038808149074845706,-0.10817146301269531,0.027124404907226562
1103812,3202701,false_start_3,11,10,-12.958795547485352,-12.4793062210083,-12.950185775756836,-12.488563537597656,-12.38228988647461,-12.488563537597656,0.017956128015975147,0.019306616598479258,0.017956128015975147,-0.0970163345336914,0.009257316589355469
1103812,3202701,false_start_3,11,11,-12.958795547485352,-12.4793062210083,-12.899189949035645,-12.544121742248535,-12.096020698547363,-12.544121742248535,0.12431058452885053,0.13517615025229673,0.12431058452885053,-0.3832855224609375,0.06481552124023438
573724,855581,false_start_3,0,0,-7.091413497924805,-6.624398231506348,-7.091421127319336,-6.66779899597168,-6.470212936401367,-6.66779899597168,-1.633649921074288e-05,0.09293221782271223,-1.633649921074288e-05,-0.15418529510498047,0.04340076446533203
573724,855581,false_start_3,0,1,-7.091413497924805,-6.624398231506348,-7.1137847900390625,-6.6351213455200195,-6.411368370056152,-6.6351213455200195,-0.04790269981070081,0.02296094964069912,-0.04790269981070081,-0.2130298614501953,0.010723114013671875
573724,855581,false_start_3,0,2,-7.091413497924805,-6.624398231506348,-7.079437255859375,-6.655138969421387,-6.971477508544922,-6.655138969421387,0.02564421963606364,0.06582383944488576,0.02564421963606364,0.3470792770385742,0.030740737915039062
573724,855581,false_start_3,0,3,-7.091413497924805,-6.624398231506348,-7.081048965454102,-6.682294845581055,-6.405404090881348,-6.682294845581055,0.022193134177794206,0.1239715663231237,0.022193134177794206,-0.218994140625,0.05789661407470703
573724,855581,false_start_3,0,4,-7.091413497924805,-6.624398231506348,-6.234576225280762,-7.461498260498047,-5.701236724853516,-7.461498260498047,1.834709343048105,1.792446819589913,1.792446819589913,-0.923161506652832,0.8371000289916992
573724,855581,false_start_3,0,5,-7.091413497924805,-6.624398231506348,-7.1065216064453125,-6.627945899963379,-6.3297929763793945,-6.627945899963379,-0.032350352562073595,0.00759647213299544,-0.032350352562073595,-0.2946052551269531,0.00354766845703125
573724,855581,false_start_3,0,6,-7.091413497924805,-6.624398231506348,-7.094644546508789,-6.6151018142700195,-7.044181823730469,-6.6151018142700195,-0.006918507415749611,-0.019906024288290202,-0.019906024288290202,0.4197835922241211,-0.009296417236328125
573724,855581,false_start_3,0,7,-7.091413497924805,-6.624398231506348,-7.093023300170898,-6.25398063659668,-6.758148193359375,-6.25398063659668,-0.003447001333466748,-0.7931594993679817,-0.7931594993679817,0.13374996185302734,-0.37041759490966797
573724,855581,false_start_3,0,8,-7.091413497924805,-6.624398231506348,-7.096433639526367,-6.612736701965332,-6.197027206420898,-6.612736701965332,-0.010749416480668817,-0.024970339043620494,-0.024970339043620494,-0.4273710250854492,-0.011661529541015625
573724,855581,false_start_3,0,9,-7.091413497924805,-6.624398231506348,-7.104833602905273,-6.586263656616211,-7.020296096801758,-6.586263656616211,-0.02873590211169673,-0.08165594924249696,-0.08165594924249696,0.39589786529541016,-0.03813457489013672
573724,855581,false_start_3,0,10,-7.091413497924805,-6.624398231506348,-7.094818115234375,-6.613310813903809,-7.017997741699219,-6.613310813903809,-0.007290162772794011,-0.02374101747801209,-0.02374101747801209,0.3935995101928711,-0.011087417602539062
573724,855581,false_start_3,0,11,-7.091413497924805,-6.624398231506348,-7.105241775512695,-6.571577072143555,-6.763994216918945,-6.571577072143555,-0.029609904819471473,-0.113103710223177,-0.113103710223177,0.13959598541259766,-0.05282115936279297
573724,855581,false_start_3,1,0,-7.091413497924805,-6.624398231506348,-7.257795333862305,-6.4744873046875,-6.372323036193848,-6.4744873046875,-0.35626637478788076,-0.3209979150542882,-0.35626637478788076,-0.2520751953125,-0.14991092681884766
573724,855581,false_start_3,1,1,-7.091413497924805,-6.624398231506348,-7.128961563110352,-6.572138786315918,-6.917811393737793,-6.572138786315918,-0.08040008086567109,-0.11190093546878606,-0.11190093546878606,0.2934131622314453,-0.05225944519042969
573724,855581,false_start_3,1,2,-7.091413497924805,-6.624398231506348,-7.033681869506836,-6.740462303161621,-6.321563720703125,-6.740462303161621,0.12361828952769138,0.2485230783682288,0.12361828952769138,-0.30283451080322266,0.11606407165527344
573724,855581,false_start_3,1,3,-7.091413497924805,-6.624398231506348,-7.066627502441406,-6.589972496032715,-6.766806602478027,-6.589972496032715,0.05307320181090094,-0.07371436856367457,-0.07371436856367457,0.1424083709716797,-0.03442573547363281
573724,855581,false_start_3,1,4,-7.091413497924805,-6.624398231506348,-7.003383636474609,-6.654212951660156,-6.9382429122924805,-6.654212951660156,0.18849461201835405,0.06384099685318184,0.06384099685318184,0.3138446807861328,0.029814720153808594
573724,855581,false_start_3,1,5,-7.091413497924805,-6.624398231506348,-7.12812614440918,-6.578804969787598,-6.747775077819824,-6.578804969787598,-0.07861123420209475,-0.09762691928339946,-0.09762691928339946,0.12337684631347656,-0.04559326171875
573724,855581,false_start_3,1,6,-7.091413497924805,-6.624398231506348,-7.054937362670898,-6.620352745056152,-6.403741836547852,-6.620352745056152,0.07810480272656171,-0.008662428706496413,-0.008662428706496413,-0.2206563949584961,-0.0040454864501953125
573724,855581,false_start_3,1,7,-7.091413497924805,-6.624398231506348,-7.0787353515625,-6.446049690246582,-7.014904022216797,-6.446049690246582,0.027147177563451984,-0.38189017379993095,-0.38189017379993095,0.3905057907104492,-0.17834854125976562
573724,855581,false_start_3,1,8,-7.091413497924805,-6.624398231506348,-7.127126693725586,-6.651874542236328,-6.8322601318359375,-6.651874542236328,-0.07647115280548743,0.05883385984508915,-0.07647115280548743,0.20786190032958984,0.02747631072998047
573724,855581,false_start_3,1,9,-7.091413497924805,-6.624398231506348,-7.104526519775391,-6.5535383224487305,-5.964425086975098,-6.5535383224487305,-0.02807835801846433,-0.1517293205445772,-0.1517293205445772,-0.65997314453125,-0.07085990905761719
573724,855581,false_start_3,1,10,-7.091413497924805,-6.624398231506348,-7.044017791748047,-6.712337493896484,-6.581264495849609,-6.712337493896484,0.10148641722193746,0.1883006160902265,0.10148641722193746,-0.04313373565673828,0.08793926239013672
573724,855581,false_start_3,1,11,-7.091413497924805,-6.624398231506348,-7.082239151000977,-6.661612510681152,-6.457549095153809,-6.661612510681152,0.019644640300918316,0.07968535902520109,0.019644640300918316,-0.16684913635253906,0.03721427917480469
573724,855581,false_start_3,2,0,-7.091413497924805,-6.624398231506348,-7.056550979614258,-6.652666091918945,-7.281612396240234,-6.652666091918945,0.0746496331434896,0.06052877163820372,0.06052877163820372,0.6572141647338867,0.028267860412597656
573724,855581,false_start_3,2,1,-7.091413497924805,-6.624398231506348,-7.120826721191406,-6.591217994689941,-6.815471649169922,-6.591217994689941,-0.0629812885822165,-0.07104743506752079,-0.07104743506752079,0.19107341766357422,-0.03318023681640625
573724,855581,false_start_3,2,2,-7.091413497924805,-6.624398231506348,-7.039459228515625,-6.7359466552734375,-6.176119804382324,-6.7359466552734375,0.11124747550035634,0.23885391289787034,0.11124747550035634,-0.44827842712402344,0.11154842376708984
573724,855581,false_start_3,2,3,-7.091413497924805,-6.624398231506348,-7.139352798461914,-6.571096420288086,-6.96766471862793,-6.571096420288086,-0.1026503927907029,-0.1141329096734538,-0.1141329096734538,0.34326648712158203,-0.05330181121826172
573724,855581,false_start_3,2,4,-7.091413497924805,-6.624398231506348,-7.041666030883789,-6.728409767150879,-5.85676383972168,-6.728409767150879,0.10652214310364896,0.2227154937400577,0.10652214310364896,-0.767634391784668,0.10401153564453125
573724,855581,false_start_3,2,5,-7.091413497924805,-6.624398231506348,-7.04252815246582,-6.676916122436523,-7.183536529541016,-6.676916122436523,0.10467611869283501,0.11245433437954996,0.10467611869283501,0.559138298034668,0.05251789093017578
573724,855581,false_start_3,2,6,-7.091413497924805,-6.624398231506348,-7.052215576171875,-6.671146392822266,-6.923116683959961,-6.671146392822266,0.08393284881999424,0.10009985685142567,0.08393284881999424,0.2987184524536133,0.04674816131591797
573724,855581,false_start_3,2,7,-7.091413497924805,-6.624398231506348,-7.0916290283203125,-6.60066032409668,-6.214696884155273,-6.60066032409668,-0.00046150610270348643,-0.050828975231825134,-0.050828975231825134,-0.4097013473510742,-0.02373790740966797
573724,855581,false_start_3,2,8,-7.091413497924805,-6.624398231506348,-7.116048812866211,-6.636960029602051,-7.0939483642578125,-6.636960029602051,-0.05275055595148877,0.026898045950488156,-0.05275055595148877,0.46955013275146484,0.012561798095703125
573724,855581,false_start_3,2,9,-7.091413497924805,-6.624398231506348,-7.124238967895508,-6.638440132141113,-6.421688079833984,-6.638440132141113,-0.07028778785422125,0.030067326797372274,-0.07028778785422125,-0.20271015167236328,0.014041900634765625
573724,855581,false_start_3,2,10,-7.091413497924805,-6.624398231506348,-7.133758544921875,-6.536372184753418,-6.2337799072265625,-6.536372184753418,-0.09067165474442568,-0.18848644376874868,-0.18848644376874868,-0.39061832427978516,-0.08802604675292969
573724,855581,false_start_3,2,11,-7.091413497924805,-6.624398231506348,-7.164356231689453,-6.401846885681152,-7.808378219604492,-6.401846885681152,-0.15618918482911,-0.4765397661021725,-0.4765397661021725,1.1839799880981445,-0.2225513458251953
573724,855581,false_start_3,3,0,-7.091413497924805,-6.624398231506348,-7.089561462402344,-6.5881147384643555,-7.036354064941406,-6.5881147384643555,0.003965685183407835,-0.07769230612149046,-0.07769230612149046,0.4119558334350586,-0.03628349304199219
573724,855581,false_start_3,3,1,-7.091413497924805,-6.624398231506348,-7.16081428527832,-6.562592506408691,-6.738603591918945,-6.562592506408691,-0.14860496507052262,-0.13234198010622808,-0.14860496507052262,0.11420536041259766,-0.06180572509765625
573724,855581,false_start_3,3,2,-7.091413497924805,-6.624398231506348,-7.011802673339844,-6.755670547485352,-6.557358741760254,-6.755670547485352,0.1704672851392993,0.28108784748244336,0.1704672851392993,-0.06703948974609375,0.1312723159790039
573724,855581,false_start_3,3,3,-7.091413497924805,-6.624398231506348,-7.090871810913086,-6.600908279418945,-6.939422607421875,-6.600908279418945,0.0011598914439627445,-0.05029803900747599,-0.05029803900747599,0.31502437591552734,-0.023489952087402344
573724,855581,false_start_3,3,4,-7.091413497924805,-6.624398231506348,-7.096111297607422,-6.583269119262695,-6.436725616455078,-6.583269119262695,-0.01005919938901493,-0.08806802518271353,-0.08806802518271353,-0.18767261505126953,-0.041129112243652344
573724,855581,false_start_3,3,5,-7.091413497924805,-6.624398231506348,-7.079179763793945,-6.631494522094727,-6.712148666381836,-6.631494522094727,0.026195576484426213,0.015194986328392224,0.015194986328392224,0.08775043487548828,0.007096290588378906
573724,855581,false_start_3,3,6,-7.091413497924805,-6.624398231506348,-7.073617935180664,-6.5996246337890625,-6.345767974853516,-6.5996246337890625,0.03810488440905777,-0.05304665499968348,-0.05304665499968348,-0.27863025665283203,-0.024773597717285156
573724,855581,false_start_3,3,7,-7.091413497924805,-6.624398231506348,-7.04670524597168,-6.7132415771484375,-6.48972225189209,-6.7132415771484375,0.0957318853749533,0.19023649124669953,0.0957318853749533,-0.1346759796142578,0.08884334564208984
573724,855581,false_start_3,3,8,-7.091413497924805,-6.624398231506348,-7.151735305786133,-6.559853553771973,-6.576706886291504,-6.559853553771973,-0.1291645310097386,-0.13820678332288477,-0.13820678332288477,-0.04769134521484375,-0.064544677734375
573724,855581,false_start_3,3,9,-7.091413497924805,-6.624398231506348,-7.125070571899414,-6.578789710998535,-6.092266082763672,-6.578789710998535,-0.07206846626819223,-0.09765959228182094,-0.09765959228182094,-0.5321321487426758,-0.0456085205078125
573724,855581,false_start_3,3,10,-7.091413497924805,-6.624398231506348,-7.084785461425781,-6.6519880294799805,-6.9156646728515625,-6.6519880294799805,0.014192333689332879,0.05907686527084895,0.014192333689332879,0.29126644134521484,0.027589797973632812
573724,855581,false_start_3,3,11,-7.091413497924805,-6.624398231506348,-7.049896240234375,-6.587085723876953,-6.026123046875,-6.587085723876953,0.08889914458006008,-0.07989569145253941,-0.07989569145253941,-0.5982751846313477,-0.03731250762939453
573724,855581,false_start_3,4,0,-7.091413497924805,-6.624398231506348,-7.143226623535156,-6.458540916442871,-6.452130317687988,-6.458540916442871,-0.11094525026495759,-0.3551432404671422,-0.3551432404671422,-0.17226791381835938,-0.16585731506347656
573724,855581,false_start_3,4,1,-7.091413497924805,-6.624398231506348,-7.059587478637695,-6.721915245056152,-6.4362688064575195,-6.721915245056152,0.06814770645761394,0.20880904878691284,0.06814770645761394,-0.18812942504882812,0.09751701354980469
573724,855581,false_start_3,4,2,-7.091413497924805,-6.624398231506348,-7.089099884033203,-6.632065773010254,-6.573362350463867,-6.632065773010254,0.004954043385657779,0.016418181706796597,0.004954043385657779,-0.05103588104248047,0.00766754150390625
573724,855581,false_start_3,4,3,-7.091413497924805,-6.624398231506348,-7.122394561767578,-6.590018272399902,-6.387368202209473,-6.590018272399902,-0.06633843917002416,-0.07361634956841011,-0.07361634956841011,-0.237030029296875,-0.03437995910644531
573724,855581,false_start_3,4,4,-7.091413497924805,-6.624398231506348,-7.113054275512695,-6.602395057678223,-6.038339614868164,-6.602395057678223,-0.046338480011272186,-0.047114463723782474,-0.047114463723782474,-0.5860586166381836,-0.022003173828125
573724,855581,false_start_3,4,5,-7.091413497924805,-6.624398231506348,-7.060674667358398,-6.646523475646973,-6.930030822753906,-6.646523475646973,0.06581975532008306,0.047375847711154356,0.047375847711154356,0.3056325912475586,0.022125244140625
573724,855581,false_start_3,4,6,-7.091413497924805,-6.624398231506348,-7.135198593139648,-6.5336809158325195,-6.393052101135254,-6.5336809158325195,-0.0937551689704534,-0.19424914386533823,-0.19424914386533823,-0.23134613037109375,-0.09071731567382812
573724,855581,false_start_3,4,7,-7.091413497924805,-6.624398231506348,-7.177574157714844,-6.570652008056641,-6.033431053161621,-6.570652008056641,-0.18449216971172205,-0.11508451075247958,-0.18449216971172205,-0.5909671783447266,-0.05374622344970703
573724,855581,false_start_3,4,8,-7.091413497924805,-6.624398231506348,-7.105646133422852,-6.56947135925293,-6.639980316162109,-6.56947135925293,-0.030475739277640846,-0.11761258400534204,-0.11761258400534204,0.015582084655761719,-0.05492687225341797
573724,855581,false_start_3,4,9,-7.091413497924805,-6.624398231506348,-7.01783561706543,-6.722860336303711,-6.733604431152344,-6.722860336303711,0.15754919838840437,0.2108327326266436,0.15754919838840437,0.1092061996459961,0.09846210479736328
573724,855581,false_start_3,4,10,-7.091413497924805,-6.624398231506348,-7.094409942626953,-6.621976852416992,-6.781700134277344,-6.621976852416992,-0.006416160065019267,-0.0051847964370095225,-0.006416160065019267,0.1573019027709961,-0.0024213790893554688
573724,855581,false_start_3,4,11,-7.091413497924805,-6.624398231506348,-7.014184951782227,-6.821521759033203,-7.20527458190918,-6.821521759033203,0.16536621326074483,0.4220922562951679,0.16536621326074483,0.580876350402832,0.19712352752685547
573724,855581,false_start_3,5,0,-7.091413497924805,-6.624398231506348,-7.094415664672852,-6.611291885375977,-6.431572914123535,-6.611291885375977,-0.006428412439427324,-0.02806406358165493,-0.02806406358165493,-0.1928253173828125,-0.013106346130371094
573724,855581,false_start_3,5,1,-7.091413497924805,-6.624398231506348,-7.091609954833984,-6.643742561340332,-6.301446914672852,-6.643742561340332,-0.00042066485467662923,0.041421193748838576,-0.00042066485467662923,-0.3229513168334961,0.019344329833984375
573724,855581,false_start_3,5,2,-7.091413497924805,-6.624398231506348,-7.050699234008789,-6.688905715942383,-6.7928009033203125,-6.688905715942383,0.08717972803812939,0.13812714288923242,0.08717972803812939,0.16840267181396484,0.06450748443603516
573724,855581,false_start_3,5,3,-7.091413497924805,-6.624398231506348,-6.9929351806640625,-6.709831237792969,-6.928478240966797,-6.709831237792969,0.21086744768746643,0.18293407609949744,0.18293407609949744,0.3040800094604492,0.0854330062866211
573724,855581,false_start_3,5,4,-7.091413497924805,-6.624398231506348,-6.918952941894531,-6.724089622497559,-7.4308929443359375,-6.724089622497559,0.36928248053404017,0.21346495106197455,0.21346495106197455,0.8064947128295898,0.09969139099121094
573724,855581,false_start_3,5,5,-7.091413497924805,-6.624398231506348,-7.136634826660156,-6.560354232788086,-6.6112470626831055,-6.560354232788086,-0.09683051494687575,-0.13713470056217977,-0.13713470056217977,-0.013151168823242188,-0.06404399871826172
573724,855581,false_start_3,5,6,-7.091413497924805,-6.624398231506348,-7.143527984619141,-6.604211807250977,-6.309992790222168,-6.604211807250977,-0.11159054198378195,-0.043224334849224326,-0.11159054198378195,-0.3144054412841797,-0.020186424255371094
573724,855581,false_start_3,5,7,-7.091413497924805,-6.624398231506348,-7.125312805175781,-6.5707244873046875,-6.86201286315918,-6.5707244873046875,-0.07258715011813331,-0.11492931400997752,-0.11492931400997752,0.23761463165283203,-0.053673744201660156
573724,855581,false_start_3,5,8,-7.091413497924805,-6.624398231506348,-7.128406524658203,-6.5859174728393555,-5.971940040588379,-6.5859174728393555,-0.07921160054808955,-0.08239721789418442,-0.08239721789418442,-0.6524581909179688,-0.03848075866699219
573724,855581,false_start_3,5,9,-7.091413497924805,-6.624398231506348,-7.096475601196289,-6.7159576416015625,-6.459787368774414,-6.7159576416015625,-0.010839267226327902,0.196052284965724,-0.010839267226327902,-0.1646108627319336,0.09155941009521484
573724,855581,false_start_3,5,10,-7.091413497924805,-6.624398231506348,-7.067724227905273,-6.6723737716674805,-6.284543991088867,-6.6723737716674805,0.05072483004935665,0.10272799116195393,0.05072483004935665,-0.33985424041748047,0.04797554016113281
573724,855581,false_start_3,5,11,-7.091413497924805,-6.624398231506348,-7.08012580871582,-6.627272605895996,-6.8460283279418945,-6.627272605895996,0.024169850582294095,0.0061547760776473805,0.0061547760776473805,0.22163009643554688,0.0028743743896484375
573724,855581,false_start_3,6,0,-7.091413497924805,-6.624398231506348,-7.126777648925781,-6.564449310302734,-6.972409248352051,-6.564449310302734,-0.07572375796659594,-0.12836608461081353,-0.12836608461081353,0.3480110168457031,-0.05994892120361328
573724,855581,false_start_3,6,1,-7.091413497924805,-6.624398231506348,-7.0881195068359375,-6.614397048950195,-6.902744293212891,-6.614397048950195,0.007053283534238239,-0.021415108402882577,-0.021415108402882577,0.27834606170654297,-0.010001182556152344
573724,855581,false_start_3,6,2,-7.091413497924805,-6.624398231506348,-7.066478729248047,-6.639189720153809,-6.0018768310546875,-6.639189720153809,0.05339176354551042,0.03167238784482776,0.03167238784482776,-0.6225214004516602,0.014791488647460938
573724,855581,false_start_3,6,3,-7.091413497924805,-6.624398231506348,-7.045053482055664,-6.698014259338379,-6.924799919128418,-6.698014259338379,0.09926873745407912,0.15763088088445806,0.09926873745407912,0.3004016876220703,0.07361602783203125
573724,855581,false_start_3,6,4,-7.091413497924805,-6.624398231506348,-7.094964981079102,-6.620443344116211,-6.179132461547852,-6.620443344116211,-0.0076046403826008115,-0.008468432778368841,-0.008468432778368841,-0.4452657699584961,-0.003954887390136719
573724,855581,false_start_3,6,5,-7.091413497924805,-6.624398231506348,-7.096128463745117,-6.665609359741211,-7.182336807250977,-6.665609359741211,-0.010095956512239102,0.08824364254922902,-0.010095956512239102,0.5579385757446289,0.04121112823486328
573724,855581,false_start_3,6,6,-7.091413497924805,-6.624398231506348,-7.053682327270508,-6.711297035217285,-6.551580429077148,-6.711297035217285,0.08079215684672893,0.18607272601036143,0.08079215684672893,-0.07281780242919922,0.0868988037109375
573724,855581,false_start_3,6,7,-7.091413497924805,-6.624398231506348,-7.259239196777344,-6.489814758300781,-6.351495742797852,-6.489814758300781,-0.3593580572635139,-0.2881778881399058,-0.3593580572635139,-0.2729024887084961,-0.1345834732055664
573724,855581,false_start_3,6,8,-7.091413497924805,-6.624398231506348,-7.117708206176758,-6.553553581237793,-6.227761268615723,-6.553553581237793,-0.05630374452982534,-0.15169664754615572,-0.15169664754615572,-0.396636962890625,-0.07084465026855469
573724,855581,false_start_3,6,9,-7.091413497924805,-6.624398231506348,-7.057704925537109,-6.656219482421875,-6.879388809204102,-6.656219482421875,0.07217873763786474,0.06813749614560721,0.06813749614560721,0.2549905776977539,0.031821250915527344
573724,855581,false_start_3,6,10,-7.091413497924805,-6.624398231506348,-7.080499649047852,-6.580599784851074,-6.296612739562988,-6.580599784851074,0.023369362120967692,-0.0937837578440722,-0.0937837578440722,-0.3277854919433594,-0.04379844665527344
573724,855581,false_start_3,6,11,-7.091413497924805,-6.624398231506348,-7.117771148681641,-6.567989349365234,-5.549325942993164,-6.567989349365234,-0.05643852064831397,-0.12078594897702884,-0.12078594897702884,-1.0750722885131836,-0.05640888214111328
573724,855581,false_start_3,7,0,-7.091413497924805,-6.624398231506348,-7.16566276550293,-6.60960578918457,-6.673639297485352,-6.60960578918457,-0.15898681031894973,-0.03167442990722911,-0.15898681031894973,0.049241065979003906,-0.014792442321777344
573724,855581,false_start_3,7,1,-7.091413497924805,-6.624398231506348,-7.088228225708008,-6.675264358520508,-6.753508567810059,-6.675264358520508,0.006820488420485153,0.10891748230042414,0.006820488420485153,0.12911033630371094,0.050866127014160156
573724,855581,false_start_3,7,2,-7.091413497924805,-6.624398231506348,-7.081445693969727,-6.647160530090332,-6.824872970581055,-6.647160530090332,0.021343636218835574,0.04873994539525139,0.021343636218835574,0.20047473907470703,0.022762298583984375
573724,855581,false_start_3,7,3,-7.091413497924805,-6.624398231506348,-6.992273330688477,-6.66090202331543,-5.892457008361816,-6.66090202331543,0.21228463899399838,0.07816402253620067,0.07816402253620067,-0.7319412231445312,0.03650379180908203
573724,855581,false_start_3,7,4,-7.091413497924805,-6.624398231506348,-7.032014846801758,-6.633950233459473,-6.129604339599609,-6.633950233459473,0.1271878146052387,0.02045329701185009,0.02045329701185009,-0.4947938919067383,0.009552001953125
573724,855581,false_start_3,7,5,-7.091413497924805,-6.624398231506348,-7.056520462036133,-6.581903457641602,-5.919053077697754,-6.581903457641602,0.07471497914033257,-0.09099225854143651,-0.09099225854143651,-0.7053451538085938,-0.042494773864746094
573724,855581,false_start_3,7,6,-7.091413497924805,-6.624398231506348,-7.008779525756836,-6.739631652832031,-6.946634292602539,-6.739631652832031,0.17694062295155616,0.24674444201665915,0.17694062295155616,0.3222360610961914,0.1152334213256836
573724,855581,false_start_3,7,7,-7.091413497924805,-6.624398231506348,-7.194467544555664,-6.48857307434082,-6.569544792175293,-6.48857307434082,-0.22066526308910947,-0.2908366533864542,-0.2908366533864542,-0.05485343933105469,-0.13582515716552734
573724,855581,false_start_3,7,8,-7.091413497924805,-6.624398231506348,-7.098613739013672,-6.636025428771973,-6.842770576477051,-6.636025428771973,-0.015417571130138594,0.024896824797172153,-0.015417571130138594,0.21837234497070312,0.011627197265625
573724,855581,false_start_3,7,9,-7.091413497924805,-6.624398231506348,-6.944906234741211,-6.779328346252441,-5.830879211425781,-6.779328346252441,0.31370979434389556,0.3317452894725557,0.31370979434389556,-0.7935190200805664,0.15493011474609375
573724,855581,false_start_3,7,10,-7.091413497924805,-6.624398231506348,-7.088169097900391,-6.627936363220215,-6.790372848510742,-6.627936363220215,0.00694709628936841,0.007576051508982011,0.00694709628936841,0.16597461700439453,0.0035381317138671875
573724,855581,false_start_3,7,11,-7.091413497924805,-6.624398231506348,-7.139980316162109,-6.607332229614258,-6.4128007888793945,-6.607332229614258,-0.1039940698507865,-0.03654270667203048,-0.1039940698507865,-0.21159744262695312,-0.017066001892089844
573724,855581,false_start_3,8,0,-7.091413497924805,-6.624398231506348,-7.144430160522461,-6.606075286865234,-6.468213081359863,-6.606075286865234,-0.11352233301545228,-0.03923414491700038,-0.11352233301545228,-0.15618515014648438,-0.01832294464111328
573724,855581,false_start_3,8,1,-7.091413497924805,-6.624398231506348,-7.054777145385742,-6.665924072265625,-5.460384368896484,-6.665924072265625,0.07844786920998732,0.08891752314167216,0.07844786920998732,-1.1640138626098633,0.041525840759277344
573724,855581,false_start_3,8,2,-7.091413497924805,-6.624398231506348,-7.124454498291016,-6.567209243774414,-7.252904891967773,-6.567209243774414,-0.07074929395692474,-0.1224563560213273,-0.1224563560213273,0.6285066604614258,-0.057188987731933594
573724,855581,false_start_3,8,3,-7.091413497924805,-6.624398231506348,-7.093751907348633,-6.607555389404297,-4.689410209655762,-6.607555389404297,-0.005007137008092693,-0.036064864070116255,-0.036064864070116255,-1.934988021850586,-0.01684284210205078
573724,855581,false_start_3,8,4,-7.091413497924805,-6.624398231506348,-7.051425933837891,-6.59394645690918,-5.45338249206543,-6.59394645690918,0.08562367648830613,-0.06520509453727887,-0.06520509453727887,-1.171015739440918,-0.03045177459716797
573724,855581,false_start_3,8,5,-7.091413497924805,-6.624398231506348,-7.174551010131836,-6.532843589782715,-6.347402572631836,-6.532843589782715,-0.17801883189946519,-0.19604207465371726,-0.19604207465371726,-0.2769956588745117,-0.09155464172363281
573724,855581,false_start_3,8,6,-7.091413497924805,-6.624398231506348,-7.035371780395508,-6.647912979125977,-7.600624084472656,-6.647912979125977,0.11999975495251183,0.05035113262991091,0.05035113262991091,0.9762258529663086,0.023514747619628906
573724,855581,false_start_3,8,7,-7.091413497924805,-6.624398231506348,-7.22222900390625,-6.516899108886719,-6.076150894165039,-6.516899108886719,-0.2801096995922001,-0.23018331594176855,-0.2801096995922001,-0.5482473373413086,-0.1074991226196289
573724,855581,false_start_3,8,8,-7.091413497924805,-6.624398231506348,-7.085178375244141,-6.631922721862793,-6.518518447875977,-6.631922721862793,0.01335100397997962,0.01611187234659517,0.01335100397997962,-0.1058797836303711,0.0075244903564453125
573724,855581,false_start_3,8,9,-7.091413497924805,-6.624398231506348,-6.977153778076172,-6.706151962280273,-6.625794410705566,-6.706151962280273,0.2446594963048881,0.1750557993551167,0.1750557993551167,0.00139617919921875,0.08175373077392578
573724,855581,false_start_3,8,10,-7.091413497924805,-6.624398231506348,-7.076265335083008,-6.644988059997559,-7.179996490478516,-6.644988059997559,0.03243611918292999,0.04408812724499235,0.03243611918292999,0.555598258972168,0.020589828491210938
573724,855581,false_start_3,8,11,-7.091413497924805,-6.624398231506348,-7.165384292602539,-6.503265380859375,-5.228852272033691,-6.503265380859375,-0.1583905280977576,-0.25937664003136607,-0.25937664003136607,-1.3955459594726562,-0.12113285064697266
573724,855581,false_start_3,9,0,-7.091413497924805,-6.624398231506348,-7.1142730712890625,-6.615029335021973,-6.573204040527344,-6.615029335021973,-0.048948235760188356,-0.020061221030792258,-0.048948235760188356,-0.051194190979003906,-0.009368896484375
573724,855581,false_start_3,9,1,-7.091413497924805,-6.624398231506348,-7.066986083984375,-6.663336753845215,-6.824398040771484,-6.663336753845215,0.05230538634799602,0.08337740784682898,0.05230538634799602,0.19999980926513672,0.03893852233886719
573724,855581,false_start_3,9,2,-7.091413497924805,-6.624398231506348,-7.164112091064453,-6.49562931060791,-6.995262145996094,-6.49562931060791,-0.15566641685436625,-0.2757274336789184,-0.2757274336789184,0.3708639144897461,-0.1287689208984375
573724,855581,false_start_3,9,3,-7.091413497924805,-6.624398231506348,-6.860544204711914,-6.843697547912598,-7.346080780029297,-6.843697547912598,0.49435063436668497,0.4695763333135934,0.4695763333135934,0.7216825485229492,0.21929931640625
573724,855581,false_start_3,9,4,-7.091413497924805,-6.624398231506348,-7.115818023681641,-6.582663536071777,-4.288961887359619,-6.582663536071777,-0.052256376850363793,-0.08936473480756625,-0.08936473480756625,-2.3354363441467285,-0.04173469543457031
573724,855581,false_start_3,9,5,-7.091413497924805,-6.624398231506348,-7.073810577392578,-6.632490158081055,-6.146496772766113,-6.632490158081055,0.03769238780398652,0.017326899475394168,0.017326899475394168,-0.4779014587402344,0.008091926574707031
573724,855581,false_start_3,9,6,-7.091413497924805,-6.624398231506348,-7.123090744018555,-6.60622501373291,-5.390613555908203,-6.60622501373291,-0.06782914472300444,-0.03891354111998954,-0.06782914472300444,-1.2337846755981445,-0.0181732177734375
573724,855581,false_start_3,9,7,-7.091413497924805,-6.624398231506348,-7.135126113891602,-6.5687665939331055,-5.980771064758301,-6.5687665939331055,-0.09359997222795134,-0.11912166811993441,-0.11912166811993441,-0.6436271667480469,-0.05563163757324219
573724,855581,false_start_3,9,8,-7.091413497924805,-6.624398231506348,-7.141817092895508,-6.551486968994141,-6.78324031829834,-6.551486968994141,-0.10792708203577285,-0.1561217967698657,-0.1561217967698657,0.1588420867919922,-0.07291126251220703
573724,855581,false_start_3,9,9,-7.091413497924805,-6.624398231506348,-7.067281723022461,-6.660417556762695,-7.21058464050293,-6.660417556762695,0.051672347003579734,0.07712665483631849,0.051672347003579734,0.586186408996582,0.036019325256347656
573724,855581,false_start_3,9,10,-7.091413497924805,-6.624398231506348,-7.113882064819336,-6.613237380981445,-6.6827545166015625,-6.613237380981445,-0.04811099017563779,-0.023898256282915493,-0.04811099017563779,0.058356285095214844,-0.011160850524902344
573724,855581,false_start_3,9,11,-7.091413497924805,-6.624398231506348,-6.927881240844727,-6.827462196350098,-4.596744060516357,-6.827462196350098,0.3501646923326683,0.4348122629931325,0.3501646923326683,-2.0276541709899902,0.20306396484375
573724,855581,false_start_3,10,0,-7.091413497924805,-6.624398231506348,-7.002740859985352,-6.714414596557617,-6.538321495056152,-6.714414596557617,0.18987096207685913,0.19274822800035124,0.18987096207685913,-0.08607673645019531,0.09001636505126953
573724,855581,false_start_3,10,1,-7.091413497924805,-6.624398231506348,-7.078052520751953,-6.643836975097656,-6.45026969909668,-6.643836975097656,0.02860929424281347,0.04162335792657152,0.02860929424281347,-0.17412853240966797,0.019438743591308594
573724,855581,false_start_3,10,2,-7.091413497924805,-6.624398231506348,-6.992349624633789,-6.705905914306641,-5.458982467651367,-6.705905914306641,0.21212127400189096,0.17452894725557025,0.17452894725557025,-1.1654157638549805,0.08150768280029297
573724,855581,false_start_3,10,3,-7.091413497924805,-6.624398231506348,-7.093984603881836,-6.58802604675293,-6.548368453979492,-6.58802604675293,-0.005505400234020351,-0.07788221792481535,-0.07788221792481535,-0.07602977752685547,-0.03637218475341797
573724,855581,false_start_3,10,4,-7.091413497924805,-6.624398231506348,-7.154855728149414,-6.5651655197143555,-6.6674699783325195,-6.5651655197143555,-0.13584615918693244,-0.12683249574740504,-0.13584615918693244,0.043071746826171875,-0.05923271179199219
573724,855581,false_start_3,10,5,-7.091413497924805,-6.624398231506348,-7.016212463378906,-6.699023246765137,-5.403393745422363,-6.699023246765137,0.1610247885954899,0.15979138290507883,0.15979138290507883,-1.2210044860839844,0.07462501525878906
573724,855581,false_start_3,10,6,-7.091413497924805,-6.624398231506348,-7.043437957763672,-6.663844108581543,-7.209079742431641,-6.663844108581543,0.10272799116195393,0.08446378504434339,0.08446378504434339,0.584681510925293,0.03944587707519531
573724,855581,false_start_3,10,7,-7.091413497924805,-6.624398231506348,-7.144096374511719,-6.53861141204834,-6.0162553787231445,-6.53861141204834,-0.11280761117498228,-0.18369168125039564,-0.18369168125039564,-0.6081428527832031,-0.08578681945800781
573724,855581,false_start_3,10,8,-7.091413497924805,-6.624398231506348,-7.080677032470703,-6.641019821166992,-6.710351943969727,-6.641019821166992,0.022989538514317922,0.03559110559300471,0.022989538514317922,0.0859537124633789,0.01662158966064453
573724,855581,false_start_3,10,9,-7.091413497924805,-6.624398231506348,-6.97633171081543,-6.736667633056641,-6.731348991394043,-6.736667633056641,0.24641975409484562,0.24039771207328553,0.24039771207328553,0.10695075988769531,0.11226940155029297
573724,855581,false_start_3,10,10,-7.091413497924805,-6.624398231506348,-7.044954299926758,-6.685781478881836,-6.7922868728637695,-6.685781478881836,0.09948111194381878,0.13143734646243319,0.09948111194381878,0.16788864135742188,0.06138324737548828
573724,855581,false_start_3,10,11,-7.091413497924805,-6.624398231506348,-7.116498947143555,-6.602202415466309,-5.311705589294434,-6.602202415466309,-0.05371440940492259,-0.04752696032885373,-0.05371440940492259,-1.312692642211914,-0.022195816040039062
573724,855581,false_start_3,11,0,-7.091413497924805,-6.624398231506348,-7.142942428588867,-6.567558288574219,-6.2050371170043945,-6.567558288574219,-0.11033671566935742,-0.12170896118243581,-0.12170896118243581,-0.4193611145019531,-0.056839942932128906
573724,855581,false_start_3,11,1,-7.091413497924805,-6.624398231506348,-7.095926284790039,-6.608851432800293,-6.501683235168457,-6.608851432800293,-0.009663039283154415,-0.033289701266691306,-0.033289701266691306,-0.12271499633789062,-0.015546798706054688
573724,855581,false_start_3,11,2,-7.091413497924805,-6.624398231506348,-7.043659210205078,-6.681129455566406,-6.568634033203125,-6.681129455566406,0.10225423268484238,0.12147616606868272,0.10225423268484238,-0.055764198303222656,0.056731224060058594
573724,855581,false_start_3,11,3,-7.091413497924805,-6.624398231506348,-7.076459884643555,-6.641545295715332,-6.617391586303711,-6.641545295715332,0.03201953845305605,0.03671628197614463,0.03201953845305605,-0.007006645202636719,0.017147064208984375
573724,855581,false_start_3,11,4,-7.091413497924805,-6.624398231506348,-7.056587219238281,-6.673616409301758,-5.531621932983398,-6.673616409301758,0.07457203477223857,0.10538879847090367,0.07457203477223857,-1.0927762985229492,0.049218177795410156
573724,855581,false_start_3,11,5,-7.091413497924805,-6.624398231506348,-6.993217468261719,-6.74351692199707,-6.218738555908203,-6.74351692199707,0.21026299721666894,0.25506380423972996,0.21026299721666894,-0.40565967559814453,0.11911869049072266
573724,855581,false_start_3,11,6,-7.091413497924805,-6.624398231506348,-7.029619216918945,-6.687038421630859,-5.833373069763184,-6.687038421630859,0.13231747535741198,0.13412878470740308,0.13231747535741198,-0.7910251617431641,0.06264019012451172
573724,855581,false_start_3,11,7,-7.091413497924805,-6.624398231506348,-7.132442474365234,-6.575242042541504,-6.013315200805664,-6.575242042541504,-0.08785360863057254,-0.10525606441481639,-0.10525606441481639,-0.6110830307006836,-0.04915618896484375
573724,855581,false_start_3,11,8,-7.091413497924805,-6.624398231506348,-7.088441848754883,-6.638404846191406,-6.756564140319824,-6.638404846191406,0.0063630664425843525,0.029991770488522588,0.0063630664425843525,0.13216590881347656,0.014006614685058594
573724,855581,false_start_3,11,9,-7.091413497924805,-6.624398231506348,-7.015159606933594,-6.712006568908691,-6.220393180847168,-6.712006568908691,0.16327922548657242,0.18759202043696052,0.16327922548657242,-0.4040050506591797,0.08760833740234375
573724,855581,false_start_3,11,10,-7.091413497924805,-6.624398231506348,-7.0470123291015625,-6.672686576843262,-6.741253852844238,-6.672686576843262,0.09507434128172089,0.10339778762959438,0.09507434128172089,0.11685562133789062,0.04828834533691406
573724,855581,false_start_3,11,11,-7.091413497924805,-6.624398231506348,-7.009126663208008,-6.719521522521973,-6.587614059448242,-6.719521522521973,0.17619731223746735,0.20368347215954224,0.17619731223746735,-0.03678417205810547,0.095123291015625
87181,1201298,false_start_3,0,0,-10.535780906677246,-10.071972846984863,-10.53397274017334,-10.062021255493164,-10.16796875,-10.062021255493164,0.0038985232492628583,-0.021456271152984138,-0.021456271152984138,0.09599590301513672,-0.009951591491699219
87181,1201298,false_start_3,0,1,-10.535780906677246,-10.071972846984863,-10.533059120178223,-10.082435607910156,-9.819452285766602,-10.082435607910156,0.0058683467053777414,0.022558385320497268,0.0058683467053777414,-0.2525205612182617,0.010462760925292969
87181,1201298,false_start_3,0,2,-10.535780906677246,-10.071972846984863,-10.543283462524414,-10.083195686340332,-9.984970092773438,-10.083195686340332,-0.016175992828033177,0.024197163289728544,-0.016175992828033177,-0.08700275421142578,0.01122283935546875
87181,1201298,false_start_3,0,3,-10.535780906677246,-10.071972846984863,-10.51284408569336,-10.099627494812012,-9.668052673339844,-10.099627494812012,0.04945326090085496,0.0596251989357196,0.04945326090085496,-0.40392017364501953,0.027654647827148438
87181,1201298,false_start_3,0,4,-10.535780906677246,-10.071972846984863,-10.269903182983398,-10.341950416564941,-10.545051574707031,-10.341950416564941,0.5732494684766561,0.582088999831393,0.5732494684766561,0.47307872772216797,0.2699775695800781
87181,1201298,false_start_3,0,5,-10.535780906677246,-10.071972846984863,-10.539822578430176,-10.087199211120605,-9.719745635986328,-10.087199211120605,-0.008714104182687761,0.032829020146482486,-0.008714104182687761,-0.35222721099853516,0.015226364135742188
87181,1201298,false_start_3,0,6,-10.535780906677246,-10.071972846984863,-10.535935401916504,-10.040783882141113,-10.141770362854004,-10.040783882141113,-0.0003331016700319531,-0.06724541368348762,-0.06724541368348762,0.06979751586914062,-0.03118896484375
87181,1201298,false_start_3,0,7,-10.535780906677246,-10.071972846984863,-10.538568496704102,-9.920315742492676,-10.103145599365234,-9.920315742492676,-0.006010223342613573,-0.3269824689824772,-0.3269824689824772,0.031172752380371094,-0.1516571044921875
87181,1201298,false_start_3,0,8,-10.535780906677246,-10.071972846984863,-10.53425407409668,-10.075773239135742,-10.088040351867676,-10.075773239135742,0.0032919492205009684,0.008193889846156377,0.0032919492205009684,0.0160675048828125,0.0038003921508789062
87181,1201298,false_start_3,0,9,-10.535780906677246,-10.071972846984863,-10.539153099060059,-10.056608200073242,-10.197524070739746,-10.056608200073242,-0.007270663612549297,-0.033127166702992566,-0.033127166702992566,0.1255512237548828,-0.015364646911621094
87181,1201298,false_start_3,0,10,-10.535780906677246,-10.071972846984863,-10.555215835571289,-10.041848182678223,-10.159741401672363,-10.041848182678223,-0.04190295638013069,-0.06495071328993417,-0.06495071328993417,0.0877685546875,-0.030124664306640625
87181,1201298,false_start_3,0,11,-10.535780906677246,-10.071972846984863,-10.534370422363281,-10.06123161315918,-9.921640396118164,-10.06123161315918,0.0030410948764028308,-0.02315879079981412,-0.02315879079981412,-0.15033245086669922,-0.010741233825683594
87181,1201298,false_start_3,1,0,-10.535780906677246,-10.071972846984863,-10.54736328125,-10.079463005065918,-9.974173545837402,-10.079463005065918,-0.024972344336654753,0.016149262447104688,-0.024972344336654753,-0.09779930114746094,0.0074901580810546875
87181,1201298,false_start_3,1,1,-10.535780906677246,-10.071972846984863,-10.526896476745605,-10.070164680480957,-10.077256202697754,-10.070164680480957,0.01915540220998565,-0.0038985232492628583,-0.0038985232492628583,0.005283355712890625,-0.00180816650390625
87181,1201298,false_start_3,1,2,-10.535780906677246,-10.071972846984863,-10.511463165283203,-10.095404624938965,-10.151092529296875,-10.095404624938965,0.05243061409965909,0.05052041995484622,0.05052041995484622,0.07911968231201172,0.023431777954101562
87181,1201298,false_start_3,1,3,-10.535780906677246,-10.071972846984863,-10.552375793457031,-10.03318977355957,-9.79698371887207,-10.03318977355957,-0.03577964296435812,-0.08361880009376195,-0.08361880009376195,-0.27498912811279297,-0.03878307342529297
87181,1201298,false_start_3,1,4,-10.535780906677246,-10.071972846984863,-10.525146484375,-10.078097343444824,-10.243151664733887,-10.078097343444824,0.022928498287199436,0.013204808178674091,0.013204808178674091,0.17117881774902344,0.0061244964599609375
87181,1201298,false_start_3,1,5,-10.535780906677246,-10.071972846984863,-10.547462463378906,-10.06501293182373,-10.237549781799316,-10.06501293182373,-0.025186187384082674,-0.015006024616624652,-0.025186187384082674,0.16557693481445312,-0.0069599151611328125
87181,1201298,false_start_3,1,6,-10.535780906677246,-10.071972846984863,-10.542448997497559,-10.062141418457031,-10.259007453918457,-10.062141418457031,-0.014376832573230964,-0.021197192076292618,-0.021197192076292618,0.18703460693359375,-0.009831428527832031
87181,1201298,false_start_3,1,7,-10.535780906677246,-10.071972846984863,-10.53317642211914,-10.01586627960205,-10.422880172729492,-10.01586627960205,0.005615436178131259,-0.12096936698345595,-0.12096936698345595,0.3509073257446289,-0.0561065673828125
87181,1201298,false_start_3,1,8,-10.535780906677246,-10.071972846984863,-10.551025390625,-10.04912281036377,-10.083429336547852,-10.04912281036377,-0.03286808762630105,-0.04926614823435553,-0.04926614823435553,0.011456489562988281,-0.02285003662109375
87181,1201298,false_start_3,1,9,-10.535780906677246,-10.071972846984863,-10.555716514587402,-10.034969329833984,-9.620695114135742,-10.034969329833984,-0.04298245253301202,-0.07978196233894945,-0.07978196233894945,-0.4512777328491211,-0.037003517150878906
87181,1201298,false_start_3,1,10,-10.535780906677246,-10.071972846984863,-10.523310661315918,-10.093168258666992,-10.28972053527832,-10.093168258666992,0.02688665084776431,0.04569867047197628,0.02688665084776431,0.21774768829345703,0.021195411682128906
87181,1201298,false_start_3,1,11,-10.535780906677246,-10.071972846984863,-10.507455825805664,-10.094128608703613,-10.155948638916016,-10.094128608703613,0.06107069568900641,0.047769246902360084,0.047769246902360084,0.08397579193115234,0.02215576171875
87181,1201298,false_start_3,2,0,-10.535780906677246,-10.071972846984863,-10.543313026428223,-10.065441131591797,-9.85515308380127,-10.065441131591797,-0.016239734505631886,-0.014082798383017571,-0.016239734505631886,-0.21681976318359375,-0.006531715393066406
87181,1201298,false_start_3,2,1,-10.535780906677246,-10.071972846984863,-10.510019302368164,-10.070518493652344,-10.149772644042969,-10.070518493652344,0.055543675386254,-0.003135679301226719,-0.003135679301226719,0.07779979705810547,-0.0014543533325195312
87181,1201298,false_start_3,2,2,-10.535780906677246,-10.071972846984863,-10.516111373901367,-10.102571487426758,-10.087624549865723,-10.102571487426758,0.04240877743462366,0.06597263631466183,0.04240877743462366,0.015651702880859375,0.03059864044189453
87181,1201298,false_start_3,2,3,-10.535780906677246,-10.071972846984863,-10.523755073547363,-10.084670066833496,-10.016921997070312,-10.084670066833496,0.025928469500635362,0.027376022437070515,0.025928469500635362,-0.05505084991455078,0.012697219848632812
87181,1201298,false_start_3,2,4,-10.535780906677246,-10.071972846984863,-10.515776634216309,-10.081335067749023,-10.226945877075195,-10.081335067749023,0.043130497719692885,0.020185549967306687,0.020185549967306687,0.15497303009033203,0.009362220764160156
87181,1201298,false_start_3,2,5,-10.535780906677246,-10.071972846984863,-10.514663696289062,-10.10283374786377,-10.49802303314209,-10.10283374786377,0.045530063453811956,0.0665380866804568,0.045530063453811956,0.42605018615722656,0.03086090087890625
87181,1201298,false_start_3,2,6,-10.535780906677246,-10.071972846984863,-10.550050735473633,-10.035855293273926,-9.925582885742188,-10.035855293273926,-0.030766668448692063,-0.07787176819413659,-0.07787176819413659,-0.14638996124267578,-0.0361175537109375
87181,1201298,false_start_3,2,7,-10.535780906677246,-10.071972846984863,-10.54448127746582,-10.05949592590332,-10.074731826782227,-10.05949592590332,-0.018758558862354988,-0.02690104412980273,-0.02690104412980273,0.0027589797973632812,-0.012476921081542969
87181,1201298,false_start_3,2,8,-10.535780906677246,-10.071972846984863,-10.551319122314453,-10.022663116455078,-9.906441688537598,-10.022663116455078,-0.03350139203599143,-0.10631494968519836,-0.10631494968519836,-0.16553115844726562,-0.049309730529785156
87181,1201298,false_start_3,2,9,-10.535780906677246,-10.071972846984863,-10.521380424499512,-10.096756935119629,-10.005226135253906,-10.096756935119629,0.03104836554001538,0.05343608765919998,0.03104836554001538,-0.06674671173095703,0.024784088134765625
87181,1201298,false_start_3,2,10,-10.535780906677246,-10.071972846984863,-10.533660888671875,-10.078190803527832,-9.847634315490723,-10.078190803527832,0.004570895138771801,0.01340631412721194,0.004570895138771801,-0.22433853149414062,0.00621795654296875
87181,1201298,false_start_3,2,11,-10.535780906677246,-10.071972846984863,-10.461694717407227,-10.158080101013184,-9.862934112548828,-10.158080101013184,0.15973458787921158,0.18565277646410522,0.15973458787921158,-0.20903873443603516,0.08610725402832031
87181,1201298,false_start_3,3,0,-10.535780906677246,-10.071972846984863,-10.559946060180664,-10.073502540588379,-10.37004566192627,-10.073502540588379,-0.05210162479592382,0.0032981177699460047,-0.05210162479592382,0.29807281494140625,0.001529693603515625
87181,1201298,false_start_3,3,1,-10.535780906677246,-10.071972846984863,-10.5313138961792,-10.058497428894043,-9.924615859985352,-10.058497428894043,0.009631161866849805,-0.02905386788612035,-0.02905386788612035,-0.14735698699951172,-0.013475418090820312
87181,1201298,false_start_3,3,2,-10.535780906677246,-10.071972846984863,-10.529097557067871,-10.084635734558105,-10.148110389709473,-10.084635734558105,0.014409731503604488,0.02730199984373008,0.014409731503604488,0.07613754272460938,0.012662887573242188
87181,1201298,false_start_3,3,3,-10.535780906677246,-10.071972846984863,-10.530501365661621,-10.0649995803833,-10.006813049316406,-10.0649995803833,0.011383029909240077,-0.015034811180701487,-0.015034811180701487,-0.06515979766845703,-0.0069732666015625
87181,1201298,false_start_3,3,4,-10.535780906677246,-10.071972846984863,-10.5120267868042,-10.099923133850098,-9.952499389648438,-10.099923133850098,0.05121540985898696,0.06026261571170667,0.05121540985898696,-0.11947345733642578,0.027950286865234375
87181,1201298,false_start_3,3,5,-10.535780906677246,-10.071972846984863,-10.533041954040527,-10.060850143432617,-10.484947204589844,-10.060850143432617,0.0059053580020479585,-0.023981264059152275,-0.023981264059152275,0.41297435760498047,-0.011122703552246094
87181,1201298,false_start_3,3,6,-10.535780906677246,-10.071972846984863,-10.52920150756836,-10.079887390136719,-9.957825660705566,-10.079887390136719,0.014185607540434842,0.017064263948118386,0.014185607540434842,-0.11414718627929688,0.007914543151855469
87181,1201298,false_start_3,3,7,-10.535780906677246,-10.071972846984863,-10.460147857666016,-10.129925727844238,-10.122492790222168,-10.129925727844238,0.1630697169458278,0.12495013755865263,0.12495013755865263,0.05051994323730469,0.057952880859375
87181,1201298,false_start_3,3,8,-10.535780906677246,-10.071972846984863,-10.544631004333496,-10.038825035095215,-9.992698669433594,-10.038825035095215,-0.019081379616645213,-0.07146881387018905,-0.07146881387018905,-0.07927417755126953,-0.03314781188964844
87181,1201298,false_start_3,3,9,-10.535780906677246,-10.071972846984863,-10.532455444335938,-10.070679664611816,-10.215160369873047,-10.070679664611816,0.007169910638280373,-0.002788184349156348,-0.002788184349156348,0.1431875228881836,-0.001293182373046875
87181,1201298,false_start_3,3,10,-10.535780906677246,-10.071972846984863,-10.531381607055664,-10.081933975219727,-10.083720207214355,-10.081933975219727,0.00948517286331728,0.021476832984467592,0.00948517286331728,0.011747360229492188,0.009961128234863281
87181,1201298,false_start_3,3,11,-10.535780906677246,-10.071972846984863,-10.512567520141602,-10.073872566223145,-10.592806816101074,-10.073872566223145,0.050049554013875126,0.004095916831504016,0.004095916831504016,0.5208339691162109,0.00189971923828125
87181,1201298,false_start_3,4,0,-10.535780906677246,-10.071972846984863,-10.568443298339844,-10.017414093017578,-10.343454360961914,-10.017414093017578,-0.07042221664768124,-0.11763218173369139,-0.11763218173369139,0.2714815139770508,-0.054558753967285156
87181,1201298,false_start_3,4,1,-10.535780906677246,-10.071972846984863,-10.562967300415039,-10.000142097473145,-9.860261917114258,-10.000142097473145,-0.058615613009882016,-0.15487171473337474,-0.15487171473337474,-0.21171092987060547,-0.07183074951171875
87181,1201298,false_start_3,4,2,-10.535780906677246,-10.071972846984863,-10.490979194641113,-10.116164207458496,-10.192805290222168,-10.116164207458496,0.0965953719429697,0.09527941472802866,0.09527941472802866,0.12083244323730469,0.04419136047363281
87181,1201298,false_start_3,4,3,-10.535780906677246,-10.071972846984863,-10.544011116027832,-10.063959121704102,-10.19300365447998,-10.063959121704102,-0.017744860570220712,-0.017278106995546307,-0.017744860570220712,0.12103080749511719,-0.008013725280761719
87181,1201298,false_start_3,4,4,-10.535780906677246,-10.071972846984863,-10.53761100769043,-10.034564018249512,-10.129706382751465,-10.034564018249512,-0.003945815461674803,-0.08065584017699624,-0.08065584017699624,0.05773353576660156,-0.03740882873535156
87181,1201298,false_start_3,4,5,-10.535780906677246,-10.071972846984863,-10.5679349899292,-10.048583030700684,-10.043519020080566,-10.048583030700684,-0.06932627102961315,-0.05042994789631902,-0.06932627102961315,-0.028453826904296875,-0.023389816284179688
87181,1201298,false_start_3,4,6,-10.535780906677246,-10.071972846984863,-10.54833698272705,-10.075024604797363,-10.197259902954102,-10.075024604797363,-0.027071707331115396,0.006579786074705246,-0.027071707331115396,0.12528705596923828,0.0030517578125
87181,1201298,false_start_3,4,7,-10.535780906677246,-10.071972846984863,-10.49553108215332,-10.09335708618164,-10.061413764953613,-10.09335708618164,0.08678120977591716,0.04610579473534867,0.04610579473534867,-0.01055908203125,0.021384239196777344
87181,1201298,false_start_3,4,8,-10.535780906677246,-10.071972846984863,-10.507146835327148,-10.078634262084961,-10.30041790008545,-10.078634262084961,0.06173689902907032,0.014362439291192545,0.014362439291192545,0.22844505310058594,0.006661415100097656
87181,1201298,false_start_3,4,9,-10.535780906677246,-10.071972846984863,-10.523633003234863,-10.044778823852539,-10.036630630493164,-10.044778823852539,0.02619166094362357,-0.05863206247506878,-0.05863206247506878,-0.03534221649169922,-0.02719402313232422
87181,1201298,false_start_3,4,10,-10.535780906677246,-10.071972846984863,-10.544510841369629,-10.066398620605469,-10.030878067016602,-10.066398620605469,-0.018822300539953696,-0.0120183905020788,-0.018822300539953696,-0.04109477996826172,-0.005574226379394531
87181,1201298,false_start_3,4,11,-10.535780906677246,-10.071972846984863,-10.464354515075684,-10.188639640808105,-9.190059661865234,-10.188639640808105,0.15399989307847628,0.25154110926968487,0.15399989307847628,-0.8819131851196289,0.11666679382324219
87181,1201298,false_start_3,5,0,-10.535780906677246,-10.071972846984863,-10.549038887023926,-10.056819915771484,-10.138873100280762,-10.056819915771484,-0.028585058128297605,-0.032670694044059895,-0.032670694044059895,0.06690025329589844,-0.015152931213378906
87181,1201298,false_start_3,5,1,-10.535780906677246,-10.071972846984863,-10.489072799682617,-10.001169204711914,-10.003816604614258,-10.001169204711914,0.10070568205651213,-0.15265720548260675,-0.15265720548260675,-0.06815624237060547,-0.07080364227294922
87181,1201298,false_start_3,5,2,-10.535780906677246,-10.071972846984863,-10.525639533996582,-10.068232536315918,-9.709451675415039,-10.068232536315918,0.02186545159950487,-0.008064350307810617,-0.008064350307810617,-0.3625211715698242,-0.0037403106689453125
87181,1201298,false_start_3,5,3,-10.535780906677246,-10.071972846984863,-10.566548347473145,-10.068605422973633,-9.848780632019043,-10.068605422973633,-0.06633658073191895,-0.00726038269680757,-0.06633658073191895,-0.2231922149658203,-0.0033674240112304688
87181,1201298,false_start_3,5,4,-10.535780906677246,-10.071972846984863,-10.46613597869873,-10.13073444366455,-10.084074974060059,-10.13073444366455,0.1501589429573671,0.1266937808684495,0.1266937808684495,0.012102127075195312,0.0587615966796875
87181,1201298,false_start_3,5,5,-10.535780906677246,-10.071972846984863,-10.527352333068848,-10.079727172851562,-10.147851943969727,-10.079727172851562,0.01817254666507655,0.016718825179196362,0.016718825179196362,0.07587909698486328,0.007754325866699219
87181,1201298,false_start_3,5,6,-10.535780906677246,-10.071972846984863,-10.541434288024902,-10.086581230163574,-9.987234115600586,-10.086581230163574,-0.012189053703391468,0.03149661346635468,-0.012189053703391468,-0.08473873138427734,0.014608383178710938
87181,1201298,false_start_3,5,7,-10.535780906677246,-10.071972846984863,-10.515424728393555,-10.123902320861816,-10.14279842376709,-10.123902320861816,0.04388922930143234,0.11196328479370314,0.04388922930143234,0.07082557678222656,0.051929473876953125
87181,1201298,false_start_3,5,8,-10.535780906677246,-10.071972846984863,-10.548761367797852,-10.065275192260742,-10.212159156799316,-10.065275192260742,-0.027986708832129094,-0.01444057425082967,-0.027986708832129094,0.14018630981445312,-0.006697654724121094
87181,1201298,false_start_3,5,9,-10.535780906677246,-10.071972846984863,-10.541264533996582,-10.086307525634766,-10.206995964050293,-10.086307525634766,-0.01182305310298599,0.03090648890277955,-0.01182305310298599,0.1350231170654297,0.014334678649902344
87181,1201298,false_start_3,5,10,-10.535780906677246,-10.071972846984863,-10.512896537780762,-10.087173461914062,-10.36085033416748,-10.087173461914062,0.04934017082769596,0.032773503201477164,0.032773503201477164,0.2888774871826172,0.015200614929199219
87181,1201298,false_start_3,5,11,-10.535780906677246,-10.071972846984863,-10.509451866149902,-10.080321311950684,-9.908437728881836,-10.080321311950684,0.05676710435951951,0.01799982728061554,0.01799982728061554,-0.16353511810302734,0.008348464965820312
87181,1201298,false_start_3,6,0,-10.535780906677246,-10.071972846984863,-10.516992568969727,-10.076101303100586,-10.339146614074707,-10.076101303100586,0.04050886420555252,0.008901216849187191,0.008901216849187191,0.26717376708984375,0.004128456115722656
87181,1201298,false_start_3,6,1,-10.535780906677246,-10.071972846984863,-10.541035652160645,-10.067283630371094,-10.130517959594727,-10.067283630371094,-0.011329569147383096,-0.01011025254041428,-0.011329569147383096,0.05854511260986328,-0.004689216613769531
87181,1201298,false_start_3,6,2,-10.535780906677246,-10.071972846984863,-10.560698509216309,-10.004024505615234,-9.870889663696289,-10.004024505615234,-0.05372395329996833,-0.14650099313646064,-0.14650099313646064,-0.20108318328857422,-0.0679483413696289
87181,1201298,false_start_3,6,3,-10.535780906677246,-10.071972846984863,-10.534631729125977,-10.08246898651123,-10.507564544677734,-10.08246898651123,0.002477700693756194,0.022630351730689356,0.002477700693756194,0.4355916976928711,0.010496139526367188
87181,1201298,false_start_3,6,4,-10.535780906677246,-10.071972846984863,-10.534449577331543,-10.070000648498535,-9.568758964538574,-10.070000648498535,0.0028704316750901636,-0.004252186750778265,-0.004252186750778265,-0.5032138824462891,-0.001972198486328125
87181,1201298,false_start_3,6,5,-10.535780906677246,-10.071972846984863,-10.535825729370117,-10.079984664916992,-9.984553337097168,-10.079984664916992,-9.66406079722333e-05,0.017273994629249615,-9.66406079722333e-05,-0.08741950988769531,0.008011817932128906
87181,1201298,false_start_3,6,6,-10.535780906677246,-10.071972846984863,-10.56913948059082,-10.076984405517578,-10.156418800354004,-10.076984405517578,-0.07192323034597338,0.010805242444555021,-0.07192323034597338,0.08444595336914062,0.005011558532714844
87181,1201298,false_start_3,6,7,-10.535780906677246,-10.071972846984863,-10.548916816711426,-9.997305870056152,-9.821307182312012,-9.997305870056152,-0.028321866685309394,-0.16098680341655391,-0.16098680341655391,-0.25066566467285156,-0.07466697692871094
87181,1201298,false_start_3,6,8,-10.535780906677246,-10.071972846984863,-10.461286544799805,-10.127039909362793,-9.736882209777832,-10.127039909362793,0.16061463426670342,0.11872812735175947,0.11872812735175947,-0.33509063720703125,0.05506706237792969
87181,1201298,false_start_3,6,9,-10.535780906677246,-10.071972846984863,-10.570508003234863,-10.027630805969238,-10.051431655883789,-10.027630805969238,-0.07487385316384901,-0.09560429166546723,-0.09560429166546723,-0.02054119110107422,-0.044342041015625
87181,1201298,false_start_3,6,10,-10.535780906677246,-10.071972846984863,-10.52834701538086,-10.070327758789062,-9.887913703918457,-10.070327758789062,0.016027947641352312,-0.003546915930895797,-0.003546915930895797,-0.18405914306640625,-0.0016450881958007812
87181,1201298,false_start_3,6,11,-10.535780906677246,-10.071972846984863,-10.528899192810059,-10.085155487060547,-9.816765785217285,-10.085155487060547,0.01483741759846033,0.02842261965957832,0.01483741759846033,-0.2552070617675781,0.013182640075683594
87181,1201298,false_start_3,7,0,-10.535780906677246,-10.071972846984863,-10.535857200622559,-10.051233291625977,-10.363266944885254,-10.051233291625977,-0.00016449465186763116,-0.044715814927067186,-0.044715814927067186,0.2912940979003906,-0.02073955535888672
87181,1201298,false_start_3,7,1,-10.535780906677246,-10.071972846984863,-10.536626815795898,-10.045690536499023,-9.807978630065918,-10.045690536499023,-0.0018238344525823603,-0.056666351385250585,-0.056666351385250585,-0.2639942169189453,-0.026282310485839844
87181,1201298,false_start_3,7,2,-10.535780906677246,-10.071972846984863,-10.503286361694336,-10.125723838806152,-10.27869987487793,-10.125723838806152,0.07006032841357246,0.11589059460704283,0.07006032841357246,0.2067270278930664,0.05375099182128906
87181,1201298,false_start_3,7,3,-10.535780906677246,-10.071972846984863,-10.491557121276855,-10.163142204284668,-10.070026397705078,-10.163142204284668,0.0953493249550724,0.19656699661552254,0.0953493249550724,-0.0019464492797851562,0.09116935729980469
87181,1201298,false_start_3,7,4,-10.535780906677246,-10.071972846984863,-10.525111198425293,-10.093036651611328,-9.391664505004883,-10.093036651611328,0.023004577063688216,0.045414917197504616,0.023004577063688216,-0.6803083419799805,0.021063804626464844
87181,1201298,false_start_3,7,5,-10.535780906677246,-10.071972846984863,-10.549966812133789,-10.030956268310547,-9.965275764465332,-10.030956268310547,-0.030585724331637667,-0.08843438102718686,-0.08843438102718686,-0.10669708251953125,-0.041016578674316406
87181,1201298,false_start_3,7,6,-10.535780906677246,-10.071972846984863,-10.533075332641602,-10.086201667785645,-9.893969535827637,-10.086201667785645,0.00583339159185587,0.03067825257331321,0.00583339159185587,-0.17800331115722656,0.01422882080078125
87181,1201298,false_start_3,7,7,-10.535780906677246,-10.071972846984863,-10.520966529846191,-10.088634490966797,-9.99188232421875,-10.088634490966797,0.03194074902639728,0.0359235757847423,0.03194074902639728,-0.08009052276611328,0.016661643981933594
87181,1201298,false_start_3,7,8,-10.535780906677246,-10.071972846984863,-10.540687561035156,-10.050762176513672,-10.099447250366211,-10.050762176513672,-0.010579062298237029,-0.045731569402349806,-0.045731569402349806,0.027474403381347656,-0.021210670471191406
87181,1201298,false_start_3,7,9,-10.535780906677246,-10.071972846984863,-10.561338424682617,-9.991753578186035,-10.333772659301758,-9.991753578186035,-0.05510365219250809,-0.17295790170622077,-0.17295790170622077,0.26179981231689453,-0.08021926879882812
87181,1201298,false_start_3,7,10,-10.535780906677246,-10.071972846984863,-10.556947708129883,-10.04065990447998,-10.355012893676758,-10.04065990447998,-0.04563698497752592,-0.06751271749277252,-0.06751271749277252,0.28304004669189453,-0.03131294250488281
87181,1201298,false_start_3,7,11,-10.535780906677246,-10.071972846984863,-10.505614280700684,-10.086324691772461,-10.200606346130371,-10.086324691772461,0.06504118534846136,0.030943500199449765,0.030943500199449765,0.1286334991455078,0.014351844787597656
87181,1201298,false_start_3,8,0,-10.535780906677246,-10.071972846984863,-10.566128730773926,-10.034406661987305,-9.69111156463623,-10.034406661987305,-0.06543186014664698,-0.08099511039647324,-0.08099511039647324,-0.3808612823486328,-0.037566184997558594
87181,1201298,false_start_3,8,1,-10.535780906677246,-10.071972846984863,-10.56277084350586,-10.053445816040039,-9.923135757446289,-10.053445816040039,-0.05819203928132287,-0.03994547002290588,-0.05819203928132287,-0.14883708953857422,-0.01852703094482422
87181,1201298,false_start_3,8,2,-10.535780906677246,-10.071972846984863,-10.510417938232422,-10.045065879821777,-10.441957473754883,-10.045065879821777,0.05468419083024563,-0.058013151347416816,-0.058013151347416816,0.36998462677001953,-0.026906967163085938
87181,1201298,false_start_3,8,3,-10.535780906677246,-10.071972846984863,-10.623090744018555,-9.967138290405273,-9.69892406463623,-9.967138290405273,-0.18824562341416876,-0.22603004494816362,-0.22603004494816362,-0.3730487823486328,-0.10483455657958984
87181,1201298,false_start_3,8,4,-10.535780906677246,-10.071972846984863,-10.516416549682617,-10.029166221618652,-10.038201332092285,-10.029166221618652,0.04175079882715313,-0.09229383679663115,-0.09229383679663115,-0.033771514892578125,-0.04280662536621094
87181,1201298,false_start_3,8,5,-10.535780906677246,-10.071972846984863,-10.526167869567871,-10.084367752075195,-9.858232498168945,-10.084367752075195,0.020726326135321525,0.026724212379045025,0.020726326135321525,-0.21374034881591797,0.012394905090332031
87181,1201298,false_start_3,8,6,-10.535780906677246,-10.071972846984863,-10.516266822814941,-10.07966423034668,-10.263175964355469,-10.07966423034668,0.04207361958144336,0.016583117091405565,0.016583117091405565,0.19120311737060547,0.007691383361816406
87181,1201298,false_start_3,8,7,-10.535780906677246,-10.071972846984863,-10.494307518005371,-10.105767250061035,-10.298075675964355,-10.105767250061035,0.0894192927552443,0.07286290604476722,0.07286290604476722,0.2261028289794922,0.033794403076171875
87181,1201298,false_start_3,8,8,-10.535780906677246,-10.071972846984863,-10.503632545471191,-10.104418754577637,-10.127338409423828,-10.104418754577637,0.06931393393072308,0.06995546307300683,0.06931393393072308,0.055365562438964844,0.03244590759277344
87181,1201298,false_start_3,8,9,-10.535780906677246,-10.071972846984863,-10.515645980834961,-10.111184120178223,-10.422408103942871,-10.111184120178223,0.04341219481101621,0.08454202632736903,0.04341219481101621,0.3504352569580078,0.039211273193359375
87181,1201298,false_start_3,8,10,-10.535780906677246,-10.071972846984863,-10.494856834411621,-10.103060722351074,-9.984037399291992,-10.103060722351074,0.08823493126179735,0.067027458269763,0.067027458269763,-0.0879354476928711,0.031087875366210938
87181,1201298,false_start_3,8,11,-10.535780906677246,-10.071972846984863,-10.436412811279297,-10.177584648132324,-9.629263877868652,-10.177584648132324,0.21424400314184786,0.22770583421406512,0.21424400314184786,-0.44270896911621094,0.10561180114746094
87181,1201298,false_start_3,9,0,-10.535780906677246,-10.071972846984863,-10.521869659423828,-10.092884063720703,-9.830079078674316,-10.092884063720703,0.029993543584914194,0.045085927893769355,0.029993543584914194,-0.24189376831054688,0.020911216735839844
87181,1201298,false_start_3,9,1,-10.535780906677246,-10.071972846984863,-10.547088623046875,-10.054668426513672,-9.993124961853027,-10.054668426513672,-0.02438016358993128,-0.03730944322672709,-0.03730944322672709,-0.07884788513183594,-0.017304420471191406
87181,1201298,false_start_3,9,2,-10.535780906677246,-10.071972846984863,-10.482062339782715,-10.13715934753418,-9.979076385498047,-10.13715934753418,0.1158206843799991,0.14054628673885242,0.1158206843799991,-0.0928964614868164,0.0651865005493164
87181,1201298,false_start_3,9,3,-10.535780906677246,-10.071972846984863,-10.521347045898438,-10.09633731842041,-9.300836563110352,-10.09633731842041,0.03112033195020747,0.05253136707392801,0.03112033195020747,-0.7711362838745117,0.024364471435546875
87181,1201298,false_start_3,9,4,-10.535780906677246,-10.071972846984863,-10.451661109924316,-10.150572776794434,-10.402911186218262,-10.150572776794434,0.18136769078295342,0.16946650272033031,0.16946650272033031,0.33093833923339844,0.07859992980957031
87181,1201298,false_start_3,9,5,-10.535780906677246,-10.071972846984863,-10.498662948608398,-10.116475105285645,-10.185401916503906,-10.116475105285645,0.0800287043167509,0.09594973043438926,0.0800287043167509,0.11342906951904297,0.04450225830078125
87181,1201298,false_start_3,9,6,-10.535780906677246,-10.071972846984863,-10.501705169677734,-10.07119369506836,-8.011191368103027,-10.07119369506836,0.0734694800735291,-0.0016799016321981833,-0.0016799016321981833,-2.060781478881836,-0.0007791519165039062
87181,1201298,false_start_3,9,7,-10.535780906677246,-10.071972846984863,-10.533332824707031,-10.06249713897705,-9.535484313964844,-10.06249713897705,0.005278222141802615,-0.02043023576195979,-0.02043023576195979,-0.5364885330200195,-0.0094757080078125
87181,1201298,false_start_3,9,8,-10.535780906677246,-10.071972846984863,-10.518031120300293,-10.06739330291748,-10.230152130126953,-10.06739330291748,0.03826968075700439,-0.00987379147835456,-0.00987379147835456,0.15817928314208984,-0.0045795440673828125
87181,1201298,false_start_3,9,9,-10.535780906677246,-10.071972846984863,-10.528358459472656,-10.072073936462402,-9.760994911193848,-10.072073936462402,0.016003273443572167,0.00021795541372461127,0.00021795541372461127,-0.3109779357910156,0.0001010894775390625
87181,1201298,false_start_3,9,10,-10.535780906677246,-10.071972846984863,-10.540185928344727,-10.07307243347168,-10.027474403381348,-10.07307243347168,-0.009497509962207353,0.002370779170042234,-0.009497509962207353,-0.044498443603515625,0.0010995864868164062
87181,1201298,false_start_3,9,11,-10.535780906677246,-10.071972846984863,-10.496866226196289,-10.112762451171875,-10.249195098876953,-10.112762451171875,0.08390255336823361,0.08794500943788065,0.08390255336823361,0.17722225189208984,0.04078960418701172
87181,1201298,false_start_3,10,0,-10.535780906677246,-10.071972846984863,-10.420853614807129,-10.184754371643066,-9.582545280456543,-10.184754371643066,0.24779063120710287,0.24316421912332575,0.24316421912332575,-0.4894275665283203,0.11278152465820312
87181,1201298,false_start_3,10,1,-10.535780906677246,-10.071972846984863,-10.543856620788574,-10.07049560546875,-10.164610862731934,-10.07049560546875,-0.017411758900188756,-0.0031850276967870083,-0.017411758900188756,0.09263801574707031,-0.0014772415161132812
87181,1201298,false_start_3,10,2,-10.535780906677246,-10.071972846984863,-10.447633743286133,-10.168535232543945,-10.016958236694336,-10.168535232543945,0.190050952218416,0.20819471231941572,0.190050952218416,-0.055014610290527344,0.09656238555908203
87181,1201298,false_start_3,10,3,-10.535780906677246,-10.071972846984863,-10.53516960144043,-10.044551849365234,-10.015300750732422,-10.044551849365234,0.0013180133980893946,-0.059121434064374985,-0.059121434064374985,-0.056672096252441406,-0.027420997619628906
87181,1201298,false_start_3,10,4,-10.535780906677246,-10.071972846984863,-10.501923561096191,-10.106925010681152,-9.801499366760254,-10.106925010681152,0.07299861413255801,0.07535911238685852,0.07299861413255801,-0.2704734802246094,0.03495216369628906
87181,1201298,false_start_3,10,5,-10.535780906677246,-10.071972846984863,-10.592869758605957,-10.00825023651123,-10.11031436920166,-10.00825023651123,-0.1230872356262517,-0.13739004560614224,-0.13739004560614224,0.038341522216796875,-0.06372261047363281
87181,1201298,false_start_3,10,6,-10.535780906677246,-10.071972846984863,-10.478249549865723,-10.166028022766113,-9.66927719116211,-10.166028022766113,0.12404130460708396,0.20278900682241568,0.12404130460708396,-0.4026956558227539,0.09405517578125
87181,1201298,false_start_3,10,7,-10.535780906677246,-10.071972846984863,-10.48652172088623,-10.112969398498535,-10.012093544006348,-10.112969398498535,0.10620597197833606,0.0883912011810716,0.0883912011810716,-0.059879302978515625,0.040996551513671875
87181,1201298,false_start_3,10,8,-10.535780906677246,-10.071972846984863,-10.519343376159668,-10.09855842590332,-9.715944290161133,-10.09855842590332,0.035440372744881134,0.05732021762642442,0.035440372744881134,-0.35602855682373047,0.02658557891845703
87181,1201298,false_start_3,10,9,-10.535780906677246,-10.071972846984863,-10.513164520263672,-10.100393295288086,-10.183521270751953,-10.100393295288086,0.04876238336301091,0.06127631400384095,0.04876238336301091,0.11154842376708984,0.028420448303222656
87181,1201298,false_start_3,10,10,-10.535780906677246,-10.071972846984863,-10.536700248718262,-10.07273006439209,-9.501160621643066,-10.07273006439209,-0.0019821605550049554,0.0016326094197862391,-0.0019821605550049554,-0.5708122253417969,0.0007572174072265625
87181,1201298,false_start_3,10,11,-10.535780906677246,-10.071972846984863,-10.569511413574219,-9.992321968078613,-9.92821216583252,-9.992321968078613,-0.07272514177382808,-0.17173241654980692,-0.17173241654980692,-0.14376068115234375,-0.07965087890625
87181,1201298,false_start_3,11,0,-10.535780906677246,-10.071972846984863,-10.507728576660156,-10.09848403930664,-9.929137229919434,-10.09848403930664,0.06048262730857963,0.05715983534085348,0.05715983534085348,-0.1428356170654297,0.026511192321777344
87181,1201298,false_start_3,11,1,-10.535780906677246,-10.071972846984863,-10.544746398925781,-10.062838554382324,-9.993453979492188,-10.062838554382324,-0.019330177777595006,-0.01969412219485214,-0.01969412219485214,-0.07851886749267578,-0.009134292602539062
87181,1201298,false_start_3,11,2,-10.535780906677246,-10.071972846984863,-10.431328773498535,-10.183157920837402,-9.255269050598145,-10.183157920837402,0.22520551550567713,0.23972216853299558,0.22520551550567713,-0.8167037963867188,0.11118507385253906
87181,1201298,false_start_3,11,3,-10.535780906677246,-10.071972846984863,-10.48763656616211,-10.126226425170898,-9.449906349182129,-10.126226425170898,0.1038022938779203,0.11697420312622085,0.1038022938779203,-0.6220664978027344,0.054253578186035156
87181,1201298,false_start_3,11,4,-10.535780906677246,-10.071972846984863,-10.419961929321289,-10.202906608581543,-9.609383583068848,-10.202906608581543,0.24971316245080583,0.2823016091689319,0.24971316245080583,-0.4625892639160156,0.1309337615966797
87181,1201298,false_start_3,11,5,-10.535780906677246,-10.071972846984863,-10.570985794067383,-10.037959098815918,-9.906889915466309,-10.037959098815918,-0.07590400092117006,-0.07333582816888666,-0.07590400092117006,-0.1650829315185547,-0.03401374816894531
87181,1201298,false_start_3,11,6,-10.535780906677246,-10.071972846984863,-10.565408706665039,-10.037166595458984,-9.90912914276123,-10.037166595458984,-0.06387944186964621,-0.07504451636516168,-0.07504451636516168,-0.1628437042236328,-0.034806251525878906
87181,1201298,false_start_3,11,7,-10.535780906677246,-10.071972846984863,-10.497319221496582,-10.117506980895996,-10.01015853881836,-10.117506980895996,0.08292586637276955,0.09817452060089896,0.08292586637276955,-0.061814308166503906,0.04553413391113281
87181,1201298,false_start_3,11,8,-10.535780906677246,-10.071972846984863,-10.536287307739258,-10.074222564697266,-9.940855979919434,-10.074222564697266,-0.0010918332517714019,0.004850536046946774,-0.0010918332517714019,-0.1311168670654297,0.0022497177124023438
87181,1201298,false_start_3,11,9,-10.535780906677246,-10.071972846984863,-10.5200834274292,-10.097005844116211,-10.04353141784668,-10.097005844116211,0.03384477462176511,0.05397275146091813,0.03384477462176511,-0.028441429138183594,0.025032997131347656
87181,1201298,false_start_3,11,10,-10.535780906677246,-10.071972846984863,-10.514408111572266,-10.097580909729004,-9.8850679397583,-10.097580909729004,0.04608112053756852,0.0552126298993704,0.04608112053756852,-0.1869049072265625,0.025608062744140625
87181,1201298,false_start_3,11,11,-10.535780906677246,-10.071972846984863,-10.504554748535156,-10.103486061096191,-9.625019073486328,-10.103486061096191,0.06732560482627309,0.06794451595392505,0.06732560482627309,-0.44695377349853516,0.031513214111328125
