qid,docid,attack_name,layer,component,head_idx,granularity,scale,intervention_type,score_clean,score_control,score_attack,score_modified,delta_toward_control,delta_toward_attack,direction_norm
490595,8817806,relevance_end_5,11,decoder_cross_attn,3,per_head,0.5,subtract,-9.42761516571045,-9.377488136291504,-7.935392379760742,-7.9588212966918945,0.023428916931152344,,4.913106441497803
490595,8817806,relevance_end_5,11,decoder_cross_attn,3,per_head,1.0,subtract,-9.42761516571045,-9.377488136291504,-7.935392379760742,-7.982231140136719,0.04683876037597656,,4.913106441497803
490595,8817806,relevance_end_5,11,decoder_cross_attn,3,per_head,1.5,subtract,-9.42761516571045,-9.377488136291504,-7.935392379760742,-8.005651473999023,0.07025909423828125,,4.913106441497803
490595,8817806,relevance_end_5,11,decoder_cross_attn,6,per_head,0.5,subtract,-9.42761516571045,-9.377488136291504,-7.935392379760742,-7.948055267333984,0.012662887573242188,,3.656248092651367
490595,8817806,relevance_end_5,11,decoder_cross_attn,6,per_head,1.0,subtract,-9.42761516571045,-9.377488136291504,-7.935392379760742,-7.960700035095215,0.025307655334472656,,3.656248092651367
490595,8817806,relevance_end_5,11,decoder_cross_attn,6,per_head,1.5,subtract,-9.42761516571045,-9.377488136291504,-7.935392379760742,-7.973337173461914,0.037944793701171875,,3.656248092651367
490595,8817806,relevance_end_5,11,decoder_cross_attn,11,per_head,0.5,subtract,-9.42761516571045,-9.377488136291504,-7.935392379760742,-7.955081939697266,0.019689559936523438,,3.6226985454559326
490595,8817806,relevance_end_5,11,decoder_cross_attn,11,per_head,1.0,subtract,-9.42761516571045,-9.377488136291504,-7.935392379760742,-7.974750518798828,0.03935813903808594,,3.6226985454559326
490595,8817806,relevance_end_5,11,decoder_cross_attn,11,per_head,1.5,subtract,-9.42761516571045,-9.377488136291504,-7.935392379760742,-7.9944000244140625,0.05900764465332031,,3.6226985454559326
490595,8817806,relevance_end_5,11,decoder_cross_attn,0,per_head,0.5,subtract,-9.42761516571045,-9.377488136291504,-7.935392379760742,-7.943338394165039,0.007946014404296875,,2.1161696910858154
490595,8817806,relevance_end_5,11,decoder_cross_attn,0,per_head,1.0,subtract,-9.42761516571045,-9.377488136291504,-7.935392379760742,-7.951267242431641,0.015874862670898438,,2.1161696910858154
490595,8817806,relevance_end_5,11,decoder_cross_attn,0,per_head,1.5,subtract,-9.42761516571045,-9.377488136291504,-7.935392379760742,-7.95918083190918,0.0237884521484375,,2.1161696910858154
490595,8817806,relevance_end_5,11,decoder_self_attn,3,per_head,0.5,subtract,-9.42761516571045,-9.377488136291504,-7.935392379760742,-7.933091163635254,-0.0023012161254882812,,2.173255205154419
490595,8817806,relevance_end_5,11,decoder_self_attn,3,per_head,1.0,subtract,-9.42761516571045,-9.377488136291504,-7.935392379760742,-7.930768966674805,-0.0046234130859375,,2.173255205154419
490595,8817806,relevance_end_5,11,decoder_self_attn,3,per_head,1.5,subtract,-9.42761516571045,-9.377488136291504,-7.935392379760742,-7.928407669067383,-0.006984710693359375,,2.173255205154419
490595,8817806,relevance_end_5,9,decoder_cross_attn,2,per_head,0.5,subtract,-9.42761516571045,-9.377488136291504,-7.935392379760742,-7.959938049316406,0.024545669555664062,,4.228691101074219
490595,8817806,relevance_end_5,9,decoder_cross_attn,2,per_head,1.0,subtract,-9.42761516571045,-9.377488136291504,-7.935392379760742,-7.984469413757324,0.04907703399658203,,4.228691101074219
490595,8817806,relevance_end_5,9,decoder_cross_attn,2,per_head,1.5,subtract,-9.42761516571045,-9.377488136291504,-7.935392379760742,-8.00902271270752,0.07363033294677734,,4.228691101074219
490595,8817806,relevance_end_5,10,decoder_cross_attn,0,per_head,0.5,subtract,-9.42761516571045,-9.377488136291504,-7.935392379760742,-7.930173873901367,-0.005218505859375,,12.12502384185791
490595,8817806,relevance_end_5,10,decoder_cross_attn,0,per_head,1.0,subtract,-9.42761516571045,-9.377488136291504,-7.935392379760742,-7.924939155578613,-0.010453224182128906,,12.12502384185791
490595,8817806,relevance_end_5,10,decoder_cross_attn,0,per_head,1.5,subtract,-9.42761516571045,-9.377488136291504,-7.935392379760742,-7.918233871459961,-0.01715850830078125,,12.12502384185791
490595,8817806,relevance_end_5,10,decoder_cross_attn,3,per_head,0.5,subtract,-9.42761516571045,-9.377488136291504,-7.935392379760742,-7.940773010253906,0.0053806304931640625,,2.247756242752075
490595,8817806,relevance_end_5,10,decoder_cross_attn,3,per_head,1.0,subtract,-9.42761516571045,-9.377488136291504,-7.935392379760742,-7.946159362792969,0.010766983032226562,,2.247756242752075
490595,8817806,relevance_end_5,10,decoder_cross_attn,3,per_head,1.5,subtract,-9.42761516571045,-9.377488136291504,-7.935392379760742,-7.951541900634766,0.016149520874023438,,2.247756242752075
490595,8817806,relevance_end_5,8,decoder_cross_attn,7,per_head,0.5,subtract,-9.42761516571045,-9.377488136291504,-7.935392379760742,-7.958555221557617,0.023162841796875,,2.599320650100708
490595,8817806,relevance_end_5,8,decoder_cross_attn,7,per_head,1.0,subtract,-9.42761516571045,-9.377488136291504,-7.935392379760742,-7.981511116027832,0.046118736267089844,,2.599320650100708
490595,8817806,relevance_end_5,8,decoder_cross_attn,7,per_head,1.5,subtract,-9.42761516571045,-9.377488136291504,-7.935392379760742,-8.004271507263184,0.0688791275024414,,2.599320650100708
490595,8817806,relevance_end_5,9,decoder_cross_attn,7,per_head,0.5,subtract,-9.42761516571045,-9.377488136291504,-7.935392379760742,-7.9436798095703125,0.008287429809570312,,3.426360607147217
490595,8817806,relevance_end_5,9,decoder_cross_attn,7,per_head,1.0,subtract,-9.42761516571045,-9.377488136291504,-7.935392379760742,-7.9519500732421875,0.016557693481445312,,3.426360607147217
490595,8817806,relevance_end_5,9,decoder_cross_attn,7,per_head,1.5,subtract,-9.42761516571045,-9.377488136291504,-7.935392379760742,-7.96019172668457,0.024799346923828125,,3.426360607147217
490595,8817806,relevance_end_5,11,decoder_cross_attn,1,per_head,0.5,subtract,-9.42761516571045,-9.377488136291504,-7.935392379760742,-7.939467430114746,0.004075050354003906,,2.567375898361206
490595,8817806,relevance_end_5,11,decoder_cross_attn,1,per_head,1.0,subtract,-9.42761516571045,-9.377488136291504,-7.935392379760742,-7.94352912902832,0.008136749267578125,,2.567375898361206
490595,8817806,relevance_end_5,11,decoder_cross_attn,1,per_head,1.5,subtract,-9.42761516571045,-9.377488136291504,-7.935392379760742,-7.947569847106934,0.012177467346191406,,2.567375898361206
490595,8817806,relevance_end_5,8,decoder_cross_attn,0,per_head,0.5,subtract,-9.42761516571045,-9.377488136291504,-7.935392379760742,-7.940703392028809,0.005311012268066406,,2.3537819385528564
490595,8817806,relevance_end_5,8,decoder_cross_attn,0,per_head,1.0,subtract,-9.42761516571045,-9.377488136291504,-7.935392379760742,-7.945974349975586,0.01058197021484375,,2.3537819385528564
490595,8817806,relevance_end_5,8,decoder_cross_attn,0,per_head,1.5,subtract,-9.42761516571045,-9.377488136291504,-7.935392379760742,-7.951204299926758,0.015811920166015625,,2.3537819385528564
490595,8817806,relevance_end_5,7,decoder_cross_attn,3,per_head,0.5,subtract,-9.42761516571045,-9.377488136291504,-7.935392379760742,-7.954909324645996,0.019516944885253906,,2.7912943363189697
490595,8817806,relevance_end_5,7,decoder_cross_attn,3,per_head,1.0,subtract,-9.42761516571045,-9.377488136291504,-7.935392379760742,-7.974409103393555,0.0390167236328125,,2.7912943363189697
490595,8817806,relevance_end_5,7,decoder_cross_attn,3,per_head,1.5,subtract,-9.42761516571045,-9.377488136291504,-7.935392379760742,-7.993991851806641,0.05859947204589844,,2.7912943363189697
490595,8817806,relevance_end_5,10,decoder_cross_attn,6,per_head,0.5,subtract,-9.42761516571045,-9.377488136291504,-7.935392379760742,-7.940616607666016,0.0052242279052734375,,1.9554365873336792
490595,8817806,relevance_end_5,10,decoder_cross_attn,6,per_head,1.0,subtract,-9.42761516571045,-9.377488136291504,-7.935392379760742,-7.945842742919922,0.010450363159179688,,1.9554365873336792
490595,8817806,relevance_end_5,10,decoder_cross_attn,6,per_head,1.5,subtract,-9.42761516571045,-9.377488136291504,-7.935392379760742,-7.951047897338867,0.015655517578125,,1.9554365873336792
490595,8817806,relevance_end_5,7,decoder_cross_attn,5,per_head,0.5,subtract,-9.42761516571045,-9.377488136291504,-7.935392379760742,-7.93968391418457,0.004291534423828125,,2.274880886077881
490595,8817806,relevance_end_5,7,decoder_cross_attn,5,per_head,1.0,subtract,-9.42761516571045,-9.377488136291504,-7.935392379760742,-7.943751335144043,0.008358955383300781,,2.274880886077881
490595,8817806,relevance_end_5,7,decoder_cross_attn,5,per_head,1.5,subtract,-9.42761516571045,-9.377488136291504,-7.935392379760742,-7.947748184204102,0.012355804443359375,,2.274880886077881
490595,8817806,relevance_end_5,4,decoder_cross_attn,2,per_head,0.5,subtract,-9.42761516571045,-9.377488136291504,-7.935392379760742,-7.940052032470703,0.0046596527099609375,,1.0704455375671387
490595,8817806,relevance_end_5,4,decoder_cross_attn,2,per_head,1.0,subtract,-9.42761516571045,-9.377488136291504,-7.935392379760742,-7.944674491882324,0.009282112121582031,,1.0704455375671387
490595,8817806,relevance_end_5,4,decoder_cross_attn,2,per_head,1.5,subtract,-9.42761516571045,-9.377488136291504,-7.935392379760742,-7.949152946472168,0.013760566711425781,,1.0704455375671387
490595,8817806,relevance_end_5,7,decoder_cross_attn,6,per_head,0.5,subtract,-9.42761516571045,-9.377488136291504,-7.935392379760742,-7.941201210021973,0.005808830261230469,,1.165013313293457
490595,8817806,relevance_end_5,7,decoder_cross_attn,6,per_head,1.0,subtract,-9.42761516571045,-9.377488136291504,-7.935392379760742,-7.947040557861328,0.011648178100585938,,1.165013313293457
490595,8817806,relevance_end_5,7,decoder_cross_attn,6,per_head,1.5,subtract,-9.42761516571045,-9.377488136291504,-7.935392379760742,-7.952821731567383,0.017429351806640625,,1.165013313293457
490595,8817806,relevance_end_5,11,decoder_cross_attn,2,per_head,0.5,subtract,-9.42761516571045,-9.377488136291504,-7.935392379760742,-7.942724227905273,0.00733184814453125,,2.1183841228485107
490595,8817806,relevance_end_5,11,decoder_cross_attn,2,per_head,1.0,subtract,-9.42761516571045,-9.377488136291504,-7.935392379760742,-7.950042724609375,0.014650344848632812,,2.1183841228485107
490595,8817806,relevance_end_5,11,decoder_cross_attn,2,per_head,1.5,subtract,-9.42761516571045,-9.377488136291504,-7.935392379760742,-7.957354545593262,0.02196216583251953,,2.1183841228485107
490595,8817806,relevance_end_5,5,decoder_cross_attn,7,per_head,0.5,subtract,-9.42761516571045,-9.377488136291504,-7.935392379760742,-7.941766738891602,0.006374359130859375,,1.3838692903518677
490595,8817806,relevance_end_5,5,decoder_cross_attn,7,per_head,1.0,subtract,-9.42761516571045,-9.377488136291504,-7.935392379760742,-7.94809627532959,0.012703895568847656,,1.3838692903518677
490595,8817806,relevance_end_5,5,decoder_cross_attn,7,per_head,1.5,subtract,-9.42761516571045,-9.377488136291504,-7.935392379760742,-7.954402923583984,0.019010543823242188,,1.3838692903518677
490595,8817806,relevance_end_5,6,decoder_cross_attn,9,per_head,0.5,subtract,-9.42761516571045,-9.377488136291504,-7.935392379760742,-7.942159652709961,0.00676727294921875,,1.6831058263778687
490595,8817806,relevance_end_5,6,decoder_cross_attn,9,per_head,1.0,subtract,-9.42761516571045,-9.377488136291504,-7.935392379760742,-7.948881149291992,0.01348876953125,,1.6831058263778687
490595,8817806,relevance_end_5,6,decoder_cross_attn,9,per_head,1.5,subtract,-9.42761516571045,-9.377488136291504,-7.935392379760742,-7.955562591552734,0.020170211791992188,,1.6831058263778687
490595,8817806,relevance_end_5,0,decoder_cross_attn,5,per_head,0.5,subtract,-9.42761516571045,-9.377488136291504,-7.935392379760742,-7.939533233642578,0.0041408538818359375,,0.8403618335723877
490595,8817806,relevance_end_5,0,decoder_cross_attn,5,per_head,1.0,subtract,-9.42761516571045,-9.377488136291504,-7.935392379760742,-7.943721771240234,0.008329391479492188,,0.8403618335723877
490595,8817806,relevance_end_5,0,decoder_cross_attn,5,per_head,1.5,subtract,-9.42761516571045,-9.377488136291504,-7.935392379760742,-7.947942733764648,0.01255035400390625,,0.8403618335723877
490595,8817806,relevance_end_5,6,decoder_cross_attn,7,per_head,0.5,subtract,-9.42761516571045,-9.377488136291504,-7.935392379760742,-7.950069427490234,0.014677047729492188,,2.008059024810791
490595,8817806,relevance_end_5,6,decoder_cross_attn,7,per_head,1.0,subtract,-9.42761516571045,-9.377488136291504,-7.935392379760742,-7.964556694030762,0.02916431427001953,,2.008059024810791
490595,8817806,relevance_end_5,6,decoder_cross_attn,7,per_head,1.5,subtract,-9.42761516571045,-9.377488136291504,-7.935392379760742,-7.978856086730957,0.043463706970214844,,2.008059024810791
490595,8817806,relevance_end_5,11,decoder_cross_attn,3,per_head,0.5,add,-9.42761516571045,-9.377488136291504,-7.935392379760742,-9.404603958129883,,0.023011207580566406,4.913106441497803
490595,8817806,relevance_end_5,11,decoder_cross_attn,3,per_head,1.0,add,-9.42761516571045,-9.377488136291504,-7.935392379760742,-9.381575584411621,,0.046039581298828125,4.913106441497803
490595,8817806,relevance_end_5,11,decoder_cross_attn,3,per_head,1.5,add,-9.42761516571045,-9.377488136291504,-7.935392379760742,-9.358490943908691,,0.06912422180175781,4.913106441497803
490595,8817806,relevance_end_5,11,decoder_cross_attn,6,per_head,0.5,add,-9.42761516571045,-9.377488136291504,-7.935392379760742,-9.415887832641602,,0.011727333068847656,3.656248092651367
490595,8817806,relevance_end_5,11,decoder_cross_attn,6,per_head,1.0,add,-9.42761516571045,-9.377488136291504,-7.935392379760742,-9.404126167297363,,0.023488998413085938,3.656248092651367
490595,8817806,relevance_end_5,11,decoder_cross_attn,6,per_head,1.5,add,-9.42761516571045,-9.377488136291504,-7.935392379760742,-9.392327308654785,,0.03528785705566406,3.656248092651367
490595,8817806,relevance_end_5,11,decoder_cross_attn,11,per_head,0.5,add,-9.42761516571045,-9.377488136291504,-7.935392379760742,-9.408493995666504,,0.019121170043945312,3.6226985454559326
490595,8817806,relevance_end_5,11,decoder_cross_attn,11,per_head,1.0,add,-9.42761516571045,-9.377488136291504,-7.935392379760742,-9.38935375213623,,0.03826141357421875,3.6226985454559326
490595,8817806,relevance_end_5,11,decoder_cross_attn,11,per_head,1.5,add,-9.42761516571045,-9.377488136291504,-7.935392379760742,-9.370189666748047,,0.057425498962402344,3.6226985454559326
490595,8817806,relevance_end_5,11,decoder_cross_attn,0,per_head,0.5,add,-9.42761516571045,-9.377488136291504,-7.935392379760742,-9.419768333435059,,0.007846832275390625,2.1161696910858154
490595,8817806,relevance_end_5,11,decoder_cross_attn,0,per_head,1.0,add,-9.42761516571045,-9.377488136291504,-7.935392379760742,-9.411918640136719,,0.01569652557373047,2.1161696910858154
490595,8817806,relevance_end_5,11,decoder_cross_attn,0,per_head,1.5,add,-9.42761516571045,-9.377488136291504,-7.935392379760742,-9.404045104980469,,0.02357006072998047,2.1161696910858154
490595,8817806,relevance_end_5,11,decoder_self_attn,3,per_head,0.5,add,-9.42761516571045,-9.377488136291504,-7.935392379760742,-9.428975105285645,,-0.0013599395751953125,2.173255205154419
490595,8817806,relevance_end_5,11,decoder_self_attn,3,per_head,1.0,add,-9.42761516571045,-9.377488136291504,-7.935392379760742,-9.430313110351562,,-0.0026979446411132812,2.173255205154419
490595,8817806,relevance_end_5,11,decoder_self_attn,3,per_head,1.5,add,-9.42761516571045,-9.377488136291504,-7.935392379760742,-9.431615829467773,,-0.004000663757324219,2.173255205154419
490595,8817806,relevance_end_5,9,decoder_cross_attn,2,per_head,0.5,add,-9.42761516571045,-9.377488136291504,-7.935392379760742,-9.405993461608887,,0.0216217041015625,4.228691101074219
490595,8817806,relevance_end_5,9,decoder_cross_attn,2,per_head,1.0,add,-9.42761516571045,-9.377488136291504,-7.935392379760742,-9.384037017822266,,0.043578147888183594,4.228691101074219
490595,8817806,relevance_end_5,9,decoder_cross_attn,2,per_head,1.5,add,-9.42761516571045,-9.377488136291504,-7.935392379760742,-9.36198616027832,,0.0656290054321289,4.228691101074219
490595,8817806,relevance_end_5,10,decoder_cross_attn,0,per_head,0.5,add,-9.42761516571045,-9.377488136291504,-7.935392379760742,-9.432942390441895,,-0.0053272247314453125,12.12502384185791
490595,8817806,relevance_end_5,10,decoder_cross_attn,0,per_head,1.0,add,-9.42761516571045,-9.377488136291504,-7.935392379760742,-9.436548233032227,,-0.008933067321777344,12.12502384185791
490595,8817806,relevance_end_5,10,decoder_cross_attn,0,per_head,1.5,add,-9.42761516571045,-9.377488136291504,-7.935392379760742,-9.438366889953613,,-0.010751724243164062,12.12502384185791
490595,8817806,relevance_end_5,10,decoder_cross_attn,3,per_head,0.5,add,-9.42761516571045,-9.377488136291504,-7.935392379760742,-9.422640800476074,,0.004974365234375,2.247756242752075
490595,8817806,relevance_end_5,10,decoder_cross_attn,3,per_head,1.0,add,-9.42761516571045,-9.377488136291504,-7.935392379760742,-9.417695999145508,,0.009919166564941406,2.247756242752075
490595,8817806,relevance_end_5,10,decoder_cross_attn,3,per_head,1.5,add,-9.42761516571045,-9.377488136291504,-7.935392379760742,-9.412749290466309,,0.014865875244140625,2.247756242752075
490595,8817806,relevance_end_5,8,decoder_cross_attn,7,per_head,0.5,add,-9.42761516571045,-9.377488136291504,-7.935392379760742,-9.405649185180664,,0.021965980529785156,2.599320650100708
490595,8817806,relevance_end_5,8,decoder_cross_attn,7,per_head,1.0,add,-9.42761516571045,-9.377488136291504,-7.935392379760742,-9.38354206085205,,0.04407310485839844,2.599320650100708
490595,8817806,relevance_end_5,8,decoder_cross_attn,7,per_head,1.5,add,-9.42761516571045,-9.377488136291504,-7.935392379760742,-9.361391067504883,,0.0662240982055664,2.599320650100708
490595,8817806,relevance_end_5,9,decoder_cross_attn,7,per_head,0.5,add,-9.42761516571045,-9.377488136291504,-7.935392379760742,-9.420150756835938,,0.007464408874511719,3.426360607147217
490595,8817806,relevance_end_5,9,decoder_cross_attn,7,per_head,1.0,add,-9.42761516571045,-9.377488136291504,-7.935392379760742,-9.412410736083984,,0.015204429626464844,3.426360607147217
490595,8817806,relevance_end_5,9,decoder_cross_attn,7,per_head,1.5,add,-9.42761516571045,-9.377488136291504,-7.935392379760742,-9.404618263244629,,0.022996902465820312,3.426360607147217
490595,8817806,relevance_end_5,11,decoder_cross_attn,1,per_head,0.5,add,-9.42761516571045,-9.377488136291504,-7.935392379760742,-9.423656463623047,,0.003958702087402344,2.567375898361206
490595,8817806,relevance_end_5,11,decoder_cross_attn,1,per_head,1.0,add,-9.42761516571045,-9.377488136291504,-7.935392379760742,-9.419690132141113,,0.007925033569335938,2.567375898361206
490595,8817806,relevance_end_5,11,decoder_cross_attn,1,per_head,1.5,add,-9.42761516571045,-9.377488136291504,-7.935392379760742,-9.41572380065918,,0.011891365051269531,2.567375898361206
490595,8817806,relevance_end_5,8,decoder_cross_attn,0,per_head,0.5,add,-9.42761516571045,-9.377488136291504,-7.935392379760742,-9.422019958496094,,0.005595207214355469,2.3537819385528564
490595,8817806,relevance_end_5,8,decoder_cross_attn,0,per_head,1.0,add,-9.42761516571045,-9.377488136291504,-7.935392379760742,-9.416409492492676,,0.011205673217773438,2.3537819385528564
490595,8817806,relevance_end_5,8,decoder_cross_attn,0,per_head,1.5,add,-9.42761516571045,-9.377488136291504,-7.935392379760742,-9.410792350769043,,0.01682281494140625,2.3537819385528564
490595,8817806,relevance_end_5,7,decoder_cross_attn,3,per_head,0.5,add,-9.42761516571045,-9.377488136291504,-7.935392379760742,-9.409720420837402,,0.017894744873046875,2.7912943363189697
490595,8817806,relevance_end_5,7,decoder_cross_attn,3,per_head,1.0,add,-9.42761516571045,-9.377488136291504,-7.935392379760742,-9.391939163208008,,0.035676002502441406,2.7912943363189697
490595,8817806,relevance_end_5,7,decoder_cross_attn,3,per_head,1.5,add,-9.42761516571045,-9.377488136291504,-7.935392379760742,-9.37421989440918,,0.05339527130126953,2.7912943363189697
490595,8817806,relevance_end_5,10,decoder_cross_attn,6,per_head,0.5,add,-9.42761516571045,-9.377488136291504,-7.935392379760742,-9.422355651855469,,0.005259513854980469,1.9554365873336792
490595,8817806,relevance_end_5,10,decoder_cross_attn,6,per_head,1.0,add,-9.42761516571045,-9.377488136291504,-7.935392379760742,-9.417088508605957,,0.010526657104492188,1.9554365873336792
490595,8817806,relevance_end_5,10,decoder_cross_attn,6,per_head,1.5,add,-9.42761516571045,-9.377488136291504,-7.935392379760742,-9.411820411682129,,0.015794754028320312,1.9554365873336792
490595,8817806,relevance_end_5,7,decoder_cross_attn,5,per_head,0.5,add,-9.42761516571045,-9.377488136291504,-7.935392379760742,-9.423942565917969,,0.0036725997924804688,2.274880886077881
490595,8817806,relevance_end_5,7,decoder_cross_attn,5,per_head,1.0,add,-9.42761516571045,-9.377488136291504,-7.935392379760742,-9.420289039611816,,0.0073261260986328125,2.274880886077881
490595,8817806,relevance_end_5,7,decoder_cross_attn,5,per_head,1.5,add,-9.42761516571045,-9.377488136291504,-7.935392379760742,-9.416563987731934,,0.011051177978515625,2.274880886077881
490595,8817806,relevance_end_5,4,decoder_cross_attn,2,per_head,0.5,add,-9.42761516571045,-9.377488136291504,-7.935392379760742,-9.423347473144531,,0.004267692565917969,1.0704455375671387
490595,8817806,relevance_end_5,4,decoder_cross_attn,2,per_head,1.0,add,-9.42761516571045,-9.377488136291504,-7.935392379760742,-9.419158935546875,,0.008456230163574219,1.0704455375671387
490595,8817806,relevance_end_5,4,decoder_cross_attn,2,per_head,1.5,add,-9.42761516571045,-9.377488136291504,-7.935392379760742,-9.41498851776123,,0.01262664794921875,1.0704455375671387
490595,8817806,relevance_end_5,7,decoder_cross_attn,6,per_head,0.5,add,-9.42761516571045,-9.377488136291504,-7.935392379760742,-9.422140121459961,,0.005475044250488281,1.165013313293457
490595,8817806,relevance_end_5,7,decoder_cross_attn,6,per_head,1.0,add,-9.42761516571045,-9.377488136291504,-7.935392379760742,-9.416695594787598,,0.010919570922851562,1.165013313293457
490595,8817806,relevance_end_5,7,decoder_cross_attn,6,per_head,1.5,add,-9.42761516571045,-9.377488136291504,-7.935392379760742,-9.411310195922852,,0.016304969787597656,1.165013313293457
490595,8817806,relevance_end_5,11,decoder_cross_attn,2,per_head,0.5,add,-9.42761516571045,-9.377488136291504,-7.935392379760742,-9.420475006103516,,0.007140159606933594,2.1183841228485107
490595,8817806,relevance_end_5,11,decoder_cross_attn,2,per_head,1.0,add,-9.42761516571045,-9.377488136291504,-7.935392379760742,-9.413324356079102,,0.014290809631347656,2.1183841228485107
490595,8817806,relevance_end_5,11,decoder_cross_attn,2,per_head,1.5,add,-9.42761516571045,-9.377488136291504,-7.935392379760742,-9.406158447265625,,0.02145671844482422,2.1183841228485107
490595,8817806,relevance_end_5,5,decoder_cross_attn,7,per_head,0.5,add,-9.42761516571045,-9.377488136291504,-7.935392379760742,-9.420449256896973,,0.0071659088134765625,1.3838692903518677
490595,8817806,relevance_end_5,5,decoder_cross_attn,7,per_head,1.0,add,-9.42761516571045,-9.377488136291504,-7.935392379760742,-9.413273811340332,,0.014341354370117188,1.3838692903518677
490595,8817806,relevance_end_5,5,decoder_cross_attn,7,per_head,1.5,add,-9.42761516571045,-9.377488136291504,-7.935392379760742,-9.406100273132324,,0.021514892578125,1.3838692903518677
490595,8817806,relevance_end_5,6,decoder_cross_attn,9,per_head,0.5,add,-9.42761516571045,-9.377488136291504,-7.935392379760742,-9.421501159667969,,0.006114006042480469,1.6831058263778687
490595,8817806,relevance_end_5,6,decoder_cross_attn,9,per_head,1.0,add,-9.42761516571045,-9.377488136291504,-7.935392379760742,-9.41537857055664,,0.012236595153808594,1.6831058263778687
490595,8817806,relevance_end_5,6,decoder_cross_attn,9,per_head,1.5,add,-9.42761516571045,-9.377488136291504,-7.935392379760742,-9.40912914276123,,0.01848602294921875,1.6831058263778687
490595,8817806,relevance_end_5,0,decoder_cross_attn,5,per_head,0.5,add,-9.42761516571045,-9.377488136291504,-7.935392379760742,-9.42389965057373,,0.00371551513671875,0.8403618335723877
490595,8817806,relevance_end_5,0,decoder_cross_attn,5,per_head,1.0,add,-9.42761516571045,-9.377488136291504,-7.935392379760742,-9.420110702514648,,0.007504463195800781,0.8403618335723877
490595,8817806,relevance_end_5,0,decoder_cross_attn,5,per_head,1.5,add,-9.42761516571045,-9.377488136291504,-7.935392379760742,-9.416197776794434,,0.011417388916015625,0.8403618335723877
490595,8817806,relevance_end_5,6,decoder_cross_attn,7,per_head,0.5,add,-9.42761516571045,-9.377488136291504,-7.935392379760742,-9.414168357849121,,0.013446807861328125,2.008059024810791
490595,8817806,relevance_end_5,6,decoder_cross_attn,7,per_head,1.0,add,-9.42761516571045,-9.377488136291504,-7.935392379760742,-9.400635719299316,,0.026979446411132812,2.008059024810791
490595,8817806,relevance_end_5,6,decoder_cross_attn,7,per_head,1.5,add,-9.42761516571045,-9.377488136291504,-7.935392379760742,-9.387040138244629,,0.04057502746582031,2.008059024810791
264014,4664190,relevance_end_5,11,decoder_cross_attn,3,per_head,0.5,subtract,-5.689007759094238,-5.618974685668945,-4.980571746826172,-5.004535675048828,0.02396392822265625,,4.913106441497803
264014,4664190,relevance_end_5,11,decoder_cross_attn,3,per_head,1.0,subtract,-5.689007759094238,-5.618974685668945,-4.980571746826172,-5.02847957611084,0.04790782928466797,,4.913106441497803
264014,4664190,relevance_end_5,11,decoder_cross_attn,3,per_head,1.5,subtract,-5.689007759094238,-5.618974685668945,-4.980571746826172,-5.052401542663574,0.07182979583740234,,4.913106441497803
264014,4664190,relevance_end_5,11,decoder_cross_attn,6,per_head,0.5,subtract,-5.689007759094238,-5.618974685668945,-4.980571746826172,-4.995790481567383,0.015218734741210938,,3.656248092651367
264014,4664190,relevance_end_5,11,decoder_cross_attn,6,per_head,1.0,subtract,-5.689007759094238,-5.618974685668945,-4.980571746826172,-5.010979652404785,0.03040790557861328,,3.656248092651367
264014,4664190,relevance_end_5,11,decoder_cross_attn,6,per_head,1.5,subtract,-5.689007759094238,-5.618974685668945,-4.980571746826172,-5.0261430740356445,0.045571327209472656,,3.656248092651367
264014,4664190,relevance_end_5,11,decoder_cross_attn,11,per_head,0.5,subtract,-5.689007759094238,-5.618974685668945,-4.980571746826172,-5.001926422119141,0.02135467529296875,,3.6226985454559326
264014,4664190,relevance_end_5,11,decoder_cross_attn,11,per_head,1.0,subtract,-5.689007759094238,-5.618974685668945,-4.980571746826172,-5.023162841796875,0.042591094970703125,,3.6226985454559326
264014,4664190,relevance_end_5,11,decoder_cross_attn,11,per_head,1.5,subtract,-5.689007759094238,-5.618974685668945,-4.980571746826172,-5.044367790222168,0.0637960433959961,,3.6226985454559326
264014,4664190,relevance_end_5,11,decoder_cross_attn,0,per_head,0.5,subtract,-5.689007759094238,-5.618974685668945,-4.980571746826172,-4.990076065063477,0.009504318237304688,,2.1161696910858154
264014,4664190,relevance_end_5,11,decoder_cross_attn,0,per_head,1.0,subtract,-5.689007759094238,-5.618974685668945,-4.980571746826172,-4.999573707580566,0.01900196075439453,,2.1161696910858154
264014,4664190,relevance_end_5,11,decoder_cross_attn,0,per_head,1.5,subtract,-5.689007759094238,-5.618974685668945,-4.980571746826172,-5.009057998657227,0.028486251831054688,,2.1161696910858154
264014,4664190,relevance_end_5,11,decoder_self_attn,3,per_head,0.5,subtract,-5.689007759094238,-5.618974685668945,-4.980571746826172,-4.975313186645508,-0.0052585601806640625,,2.173255205154419
264014,4664190,relevance_end_5,11,decoder_self_attn,3,per_head,1.0,subtract,-5.689007759094238,-5.618974685668945,-4.980571746826172,-4.969997406005859,-0.0105743408203125,,2.173255205154419
264014,4664190,relevance_end_5,11,decoder_self_attn,3,per_head,1.5,subtract,-5.689007759094238,-5.618974685668945,-4.980571746826172,-4.964637756347656,-0.015933990478515625,,2.173255205154419
264014,4664190,relevance_end_5,9,decoder_cross_attn,2,per_head,0.5,subtract,-5.689007759094238,-5.618974685668945,-4.980571746826172,-4.998227119445801,0.017655372619628906,,4.228691101074219
264014,4664190,relevance_end_5,9,decoder_cross_attn,2,per_head,1.0,subtract,-5.689007759094238,-5.618974685668945,-4.980571746826172,-5.014944076538086,0.03437232971191406,,4.228691101074219
264014,4664190,relevance_end_5,9,decoder_cross_attn,2,per_head,1.5,subtract,-5.689007759094238,-5.618974685668945,-4.980571746826172,-5.0307416915893555,0.050169944763183594,,4.228691101074219
264014,4664190,relevance_end_5,10,decoder_cross_attn,0,per_head,0.5,subtract,-5.689007759094238,-5.618974685668945,-4.980571746826172,-4.984107971191406,0.003536224365234375,,12.12502384185791
264014,4664190,relevance_end_5,10,decoder_cross_attn,0,per_head,1.0,subtract,-5.689007759094238,-5.618974685668945,-4.980571746826172,-4.985456466674805,0.0048847198486328125,,12.12502384185791
264014,4664190,relevance_end_5,10,decoder_cross_attn,0,per_head,1.5,subtract,-5.689007759094238,-5.618974685668945,-4.980571746826172,-4.983433723449707,0.0028619766235351562,,12.12502384185791
264014,4664190,relevance_end_5,10,decoder_cross_attn,3,per_head,0.5,subtract,-5.689007759094238,-5.618974685668945,-4.980571746826172,-4.9864301681518555,0.005858421325683594,,2.247756242752075
264014,4664190,relevance_end_5,10,decoder_cross_attn,3,per_head,1.0,subtract,-5.689007759094238,-5.618974685668945,-4.980571746826172,-4.992295265197754,0.011723518371582031,,2.247756242752075
264014,4664190,relevance_end_5,10,decoder_cross_attn,3,per_head,1.5,subtract,-5.689007759094238,-5.618974685668945,-4.980571746826172,-4.998170852661133,0.017599105834960938,,2.247756242752075
264014,4664190,relevance_end_5,8,decoder_cross_attn,7,per_head,0.5,subtract,-5.689007759094238,-5.618974685668945,-4.980571746826172,-5.004467010498047,0.023895263671875,,2.599320650100708
264014,4664190,relevance_end_5,8,decoder_cross_attn,7,per_head,1.0,subtract,-5.689007759094238,-5.618974685668945,-4.980571746826172,-5.027857780456543,0.047286033630371094,,2.599320650100708
264014,4664190,relevance_end_5,8,decoder_cross_attn,7,per_head,1.5,subtract,-5.689007759094238,-5.618974685668945,-4.980571746826172,-5.05079460144043,0.07022285461425781,,2.599320650100708
264014,4664190,relevance_end_5,9,decoder_cross_attn,7,per_head,0.5,subtract,-5.689007759094238,-5.618974685668945,-4.980571746826172,-4.989587783813477,0.009016036987304688,,3.426360607147217
264014,4664190,relevance_end_5,9,decoder_cross_attn,7,per_head,1.0,subtract,-5.689007759094238,-5.618974685668945,-4.980571746826172,-4.998203277587891,0.01763153076171875,,3.426360607147217
264014,4664190,relevance_end_5,9,decoder_cross_attn,7,per_head,1.5,subtract,-5.689007759094238,-5.618974685668945,-4.980571746826172,-5.006522178649902,0.02595043182373047,,3.426360607147217
264014,4664190,relevance_end_5,11,decoder_cross_attn,1,per_head,0.5,subtract,-5.689007759094238,-5.618974685668945,-4.980571746826172,-4.98697566986084,0.006403923034667969,,2.567375898361206
264014,4664190,relevance_end_5,11,decoder_cross_attn,1,per_head,1.0,subtract,-5.689007759094238,-5.618974685668945,-4.980571746826172,-4.993344306945801,0.012772560119628906,,2.567375898361206
264014,4664190,relevance_end_5,11,decoder_cross_attn,1,per_head,1.5,subtract,-5.689007759094238,-5.618974685668945,-4.980571746826172,-4.999656677246094,0.019084930419921875,,2.567375898361206
264014,4664190,relevance_end_5,8,decoder_cross_attn,0,per_head,0.5,subtract,-5.689007759094238,-5.618974685668945,-4.980571746826172,-4.984831809997559,0.004260063171386719,,2.3537819385528564
264014,4664190,relevance_end_5,8,decoder_cross_attn,0,per_head,1.0,subtract,-5.689007759094238,-5.618974685668945,-4.980571746826172,-4.98895263671875,0.008380889892578125,,2.3537819385528564
264014,4664190,relevance_end_5,8,decoder_cross_attn,0,per_head,1.5,subtract,-5.689007759094238,-5.618974685668945,-4.980571746826172,-4.993061065673828,0.01248931884765625,,2.3537819385528564
264014,4664190,relevance_end_5,7,decoder_cross_attn,3,per_head,0.5,subtract,-5.689007759094238,-5.618974685668945,-4.980571746826172,-4.999131202697754,0.01855945587158203,,2.7912943363189697
264014,4664190,relevance_end_5,7,decoder_cross_attn,3,per_head,1.0,subtract,-5.689007759094238,-5.618974685668945,-4.980571746826172,-5.017467498779297,0.036895751953125,,2.7912943363189697
264014,4664190,relevance_end_5,7,decoder_cross_attn,3,per_head,1.5,subtract,-5.689007759094238,-5.618974685668945,-4.980571746826172,-5.035618782043457,0.055047035217285156,,2.7912943363189697
264014,4664190,relevance_end_5,10,decoder_cross_attn,6,per_head,0.5,subtract,-5.689007759094238,-5.618974685668945,-4.980571746826172,-4.984670639038086,0.0040988922119140625,,1.9554365873336792
264014,4664190,relevance_end_5,10,decoder_cross_attn,6,per_head,1.0,subtract,-5.689007759094238,-5.618974685668945,-4.980571746826172,-4.98874568939209,0.008173942565917969,,1.9554365873336792
264014,4664190,relevance_end_5,10,decoder_cross_attn,6,per_head,1.5,subtract,-5.689007759094238,-5.618974685668945,-4.980571746826172,-4.9929046630859375,0.012332916259765625,,1.9554365873336792
264014,4664190,relevance_end_5,7,decoder_cross_attn,5,per_head,0.5,subtract,-5.689007759094238,-5.618974685668945,-4.980571746826172,-4.983382225036621,0.0028104782104492188,,2.274880886077881
264014,4664190,relevance_end_5,7,decoder_cross_attn,5,per_head,1.0,subtract,-5.689007759094238,-5.618974685668945,-4.980571746826172,-4.985935211181641,0.00536346435546875,,2.274880886077881
264014,4664190,relevance_end_5,7,decoder_cross_attn,5,per_head,1.5,subtract,-5.689007759094238,-5.618974685668945,-4.980571746826172,-4.98837947845459,0.007807731628417969,,2.274880886077881
264014,4664190,relevance_end_5,4,decoder_cross_attn,2,per_head,0.5,subtract,-5.689007759094238,-5.618974685668945,-4.980571746826172,-4.984729766845703,0.00415802001953125,,1.0704455375671387
264014,4664190,relevance_end_5,4,decoder_cross_attn,2,per_head,1.0,subtract,-5.689007759094238,-5.618974685668945,-4.980571746826172,-4.9888715744018555,0.008299827575683594,,1.0704455375671387
264014,4664190,relevance_end_5,4,decoder_cross_attn,2,per_head,1.5,subtract,-5.689007759094238,-5.618974685668945,-4.980571746826172,-4.992966651916504,0.012394905090332031,,1.0704455375671387
264014,4664190,relevance_end_5,7,decoder_cross_attn,6,per_head,0.5,subtract,-5.689007759094238,-5.618974685668945,-4.980571746826172,-4.986248970031738,0.005677223205566406,,1.165013313293457
264014,4664190,relevance_end_5,7,decoder_cross_attn,6,per_head,1.0,subtract,-5.689007759094238,-5.618974685668945,-4.980571746826172,-4.991830825805664,0.011259078979492188,,1.165013313293457
264014,4664190,relevance_end_5,7,decoder_cross_attn,6,per_head,1.5,subtract,-5.689007759094238,-5.618974685668945,-4.980571746826172,-4.997353553771973,0.01678180694580078,,1.165013313293457
264014,4664190,relevance_end_5,11,decoder_cross_attn,2,per_head,0.5,subtract,-5.689007759094238,-5.618974685668945,-4.980571746826172,-4.9893083572387695,0.008736610412597656,,2.1183841228485107
264014,4664190,relevance_end_5,11,decoder_cross_attn,2,per_head,1.0,subtract,-5.689007759094238,-5.618974685668945,-4.980571746826172,-4.99803352355957,0.017461776733398438,,2.1183841228485107
264014,4664190,relevance_end_5,11,decoder_cross_attn,2,per_head,1.5,subtract,-5.689007759094238,-5.618974685668945,-4.980571746826172,-5.006747245788574,0.026175498962402344,,2.1183841228485107
264014,4664190,relevance_end_5,5,decoder_cross_attn,7,per_head,0.5,subtract,-5.689007759094238,-5.618974685668945,-4.980571746826172,-4.98487663269043,0.0043048858642578125,,1.3838692903518677
264014,4664190,relevance_end_5,5,decoder_cross_attn,7,per_head,1.0,subtract,-5.689007759094238,-5.618974685668945,-4.980571746826172,-4.989139556884766,0.00856781005859375,,1.3838692903518677
264014,4664190,relevance_end_5,5,decoder_cross_attn,7,per_head,1.5,subtract,-5.689007759094238,-5.618974685668945,-4.980571746826172,-4.993319511413574,0.012747764587402344,,1.3838692903518677
264014,4664190,relevance_end_5,6,decoder_cross_attn,9,per_head,0.5,subtract,-5.689007759094238,-5.618974685668945,-4.980571746826172,-4.986991882324219,0.006420135498046875,,1.6831058263778687
264014,4664190,relevance_end_5,6,decoder_cross_attn,9,per_head,1.0,subtract,-5.689007759094238,-5.618974685668945,-4.980571746826172,-4.993342399597168,0.012770652770996094,,1.6831058263778687
264014,4664190,relevance_end_5,6,decoder_cross_attn,9,per_head,1.5,subtract,-5.689007759094238,-5.618974685668945,-4.980571746826172,-4.999693870544434,0.01912212371826172,,1.6831058263778687
264014,4664190,relevance_end_5,0,decoder_cross_attn,5,per_head,0.5,subtract,-5.689007759094238,-5.618974685668945,-4.980571746826172,-4.9856767654418945,0.005105018615722656,,0.8403618335723877
264014,4664190,relevance_end_5,0,decoder_cross_attn,5,per_head,1.0,subtract,-5.689007759094238,-5.618974685668945,-4.980571746826172,-4.990790367126465,0.010218620300292969,,0.8403618335723877
264014,4664190,relevance_end_5,0,decoder_cross_attn,5,per_head,1.5,subtract,-5.689007759094238,-5.618974685668945,-4.980571746826172,-4.9958906173706055,0.015318870544433594,,0.8403618335723877
264014,4664190,relevance_end_5,6,decoder_cross_attn,7,per_head,0.5,subtract,-5.689007759094238,-5.618974685668945,-4.980571746826172,-4.995906829833984,0.0153350830078125,,2.008059024810791
264014,4664190,relevance_end_5,6,decoder_cross_attn,7,per_head,1.0,subtract,-5.689007759094238,-5.618974685668945,-4.980571746826172,-5.01099967956543,0.030427932739257812,,2.008059024810791
264014,4664190,relevance_end_5,6,decoder_cross_attn,7,per_head,1.5,subtract,-5.689007759094238,-5.618974685668945,-4.980571746826172,-5.026007652282715,0.04543590545654297,,2.008059024810791
264014,4664190,relevance_end_5,11,decoder_cross_attn,3,per_head,0.5,add,-5.689007759094238,-5.618974685668945,-4.980571746826172,-5.665128707885742,,0.023879051208496094,4.913106441497803
264014,4664190,relevance_end_5,11,decoder_cross_attn,3,per_head,1.0,add,-5.689007759094238,-5.618974685668945,-4.980571746826172,-5.6412200927734375,,0.04778766632080078,4.913106441497803
264014,4664190,relevance_end_5,11,decoder_cross_attn,3,per_head,1.5,add,-5.689007759094238,-5.618974685668945,-4.980571746826172,-5.617279052734375,,0.07172870635986328,4.913106441497803
264014,4664190,relevance_end_5,11,decoder_cross_attn,6,per_head,0.5,add,-5.689007759094238,-5.618974685668945,-4.980571746826172,-5.673709869384766,,0.015297889709472656,3.656248092651367
264014,4664190,relevance_end_5,11,decoder_cross_attn,6,per_head,1.0,add,-5.689007759094238,-5.618974685668945,-4.980571746826172,-5.658374786376953,,0.030632972717285156,3.656248092651367
264014,4664190,relevance_end_5,11,decoder_cross_attn,6,per_head,1.5,add,-5.689007759094238,-5.618974685668945,-4.980571746826172,-5.643014907836914,,0.04599285125732422,3.656248092651367
264014,4664190,relevance_end_5,11,decoder_cross_attn,11,per_head,0.5,add,-5.689007759094238,-5.618974685668945,-4.980571746826172,-5.667699813842773,,0.021307945251464844,3.6226985454559326
264014,4664190,relevance_end_5,11,decoder_cross_attn,11,per_head,1.0,add,-5.689007759094238,-5.618974685668945,-4.980571746826172,-5.646370887756348,,0.042636871337890625,3.6226985454559326
264014,4664190,relevance_end_5,11,decoder_cross_attn,11,per_head,1.5,add,-5.689007759094238,-5.618974685668945,-4.980571746826172,-5.625022888183594,,0.06398487091064453,3.6226985454559326
264014,4664190,relevance_end_5,11,decoder_cross_attn,0,per_head,0.5,add,-5.689007759094238,-5.618974685668945,-4.980571746826172,-5.6794023513793945,,0.00960540771484375,2.1161696910858154
264014,4664190,relevance_end_5,11,decoder_cross_attn,0,per_head,1.0,add,-5.689007759094238,-5.618974685668945,-4.980571746826172,-5.669638633728027,,0.019369125366210938,2.1161696910858154
264014,4664190,relevance_end_5,11,decoder_cross_attn,0,per_head,1.5,add,-5.689007759094238,-5.618974685668945,-4.980571746826172,-5.659732818603516,,0.029274940490722656,2.1161696910858154
264014,4664190,relevance_end_5,11,decoder_self_attn,3,per_head,0.5,add,-5.689007759094238,-5.618974685668945,-4.980571746826172,-5.69438362121582,,-0.005375862121582031,2.173255205154419
264014,4664190,relevance_end_5,11,decoder_self_attn,3,per_head,1.0,add,-5.689007759094238,-5.618974685668945,-4.980571746826172,-5.699731826782227,,-0.010724067687988281,2.173255205154419
264014,4664190,relevance_end_5,11,decoder_self_attn,3,per_head,1.5,add,-5.689007759094238,-5.618974685668945,-4.980571746826172,-5.70499324798584,,-0.015985488891601562,2.173255205154419
264014,4664190,relevance_end_5,9,decoder_cross_attn,2,per_head,0.5,add,-5.689007759094238,-5.618974685668945,-4.980571746826172,-5.671550750732422,,0.017457008361816406,4.228691101074219
264014,4664190,relevance_end_5,9,decoder_cross_attn,2,per_head,1.0,add,-5.689007759094238,-5.618974685668945,-4.980571746826172,-5.653016090393066,,0.035991668701171875,4.228691101074219
264014,4664190,relevance_end_5,9,decoder_cross_attn,2,per_head,1.5,add,-5.689007759094238,-5.618974685668945,-4.980571746826172,-5.6342315673828125,,0.05477619171142578,4.228691101074219
264014,4664190,relevance_end_5,10,decoder_cross_attn,0,per_head,0.5,add,-5.689007759094238,-5.618974685668945,-4.980571746826172,-5.690774917602539,,-0.0017671585083007812,12.12502384185791
264014,4664190,relevance_end_5,10,decoder_cross_attn,0,per_head,1.0,add,-5.689007759094238,-5.618974685668945,-4.980571746826172,-5.691869735717773,,-0.0028619766235351562,12.12502384185791
264014,4664190,relevance_end_5,10,decoder_cross_attn,0,per_head,1.5,add,-5.689007759094238,-5.618974685668945,-4.980571746826172,-5.694245338439941,,-0.005237579345703125,12.12502384185791
264014,4664190,relevance_end_5,10,decoder_cross_attn,3,per_head,0.5,add,-5.689007759094238,-5.618974685668945,-4.980571746826172,-5.683962821960449,,0.0050449371337890625,2.247756242752075
264014,4664190,relevance_end_5,10,decoder_cross_attn,3,per_head,1.0,add,-5.689007759094238,-5.618974685668945,-4.980571746826172,-5.678930282592773,,0.010077476501464844,2.247756242752075
264014,4664190,relevance_end_5,10,decoder_cross_attn,3,per_head,1.5,add,-5.689007759094238,-5.618974685668945,-4.980571746826172,-5.6737823486328125,,0.015225410461425781,2.247756242752075
264014,4664190,relevance_end_5,8,decoder_cross_attn,7,per_head,0.5,add,-5.689007759094238,-5.618974685668945,-4.980571746826172,-5.665826797485352,,0.02318096160888672,2.599320650100708
264014,4664190,relevance_end_5,8,decoder_cross_attn,7,per_head,1.0,add,-5.689007759094238,-5.618974685668945,-4.980571746826172,-5.642336845397949,,0.04667091369628906,2.599320650100708
264014,4664190,relevance_end_5,8,decoder_cross_attn,7,per_head,1.5,add,-5.689007759094238,-5.618974685668945,-4.980571746826172,-5.61855411529541,,0.07045364379882812,2.599320650100708
264014,4664190,relevance_end_5,9,decoder_cross_attn,7,per_head,0.5,add,-5.689007759094238,-5.618974685668945,-4.980571746826172,-5.681215286254883,,0.007792472839355469,3.426360607147217
264014,4664190,relevance_end_5,9,decoder_cross_attn,7,per_head,1.0,add,-5.689007759094238,-5.618974685668945,-4.980571746826172,-5.673248291015625,,0.01575946807861328,3.426360607147217
264014,4664190,relevance_end_5,9,decoder_cross_attn,7,per_head,1.5,add,-5.689007759094238,-5.618974685668945,-4.980571746826172,-5.665319442749023,,0.023688316345214844,3.426360607147217
264014,4664190,relevance_end_5,11,decoder_cross_attn,1,per_head,0.5,add,-5.689007759094238,-5.618974685668945,-4.980571746826172,-5.682421684265137,,0.0065860748291015625,2.567375898361206
264014,4664190,relevance_end_5,11,decoder_cross_attn,1,per_head,1.0,add,-5.689007759094238,-5.618974685668945,-4.980571746826172,-5.67576789855957,,0.013239860534667969,2.567375898361206
264014,4664190,relevance_end_5,11,decoder_cross_attn,1,per_head,1.5,add,-5.689007759094238,-5.618974685668945,-4.980571746826172,-5.669095993041992,,0.019911766052246094,2.567375898361206
264014,4664190,relevance_end_5,8,decoder_cross_attn,0,per_head,0.5,add,-5.689007759094238,-5.618974685668945,-4.980571746826172,-5.6854400634765625,,0.0035676956176757812,2.3537819385528564
264014,4664190,relevance_end_5,8,decoder_cross_attn,0,per_head,1.0,add,-5.689007759094238,-5.618974685668945,-4.980571746826172,-5.681842803955078,,0.007164955139160156,2.3537819385528564
264014,4664190,relevance_end_5,8,decoder_cross_attn,0,per_head,1.5,add,-5.689007759094238,-5.618974685668945,-4.980571746826172,-5.678165435791016,,0.010842323303222656,2.3537819385528564
264014,4664190,relevance_end_5,7,decoder_cross_attn,3,per_head,0.5,add,-5.689007759094238,-5.618974685668945,-4.980571746826172,-5.671613693237305,,0.017394065856933594,2.7912943363189697
264014,4664190,relevance_end_5,7,decoder_cross_attn,3,per_head,1.0,add,-5.689007759094238,-5.618974685668945,-4.980571746826172,-5.654216766357422,,0.034790992736816406,2.7912943363189697
264014,4664190,relevance_end_5,7,decoder_cross_attn,3,per_head,1.5,add,-5.689007759094238,-5.618974685668945,-4.980571746826172,-5.636662483215332,,0.05234527587890625,2.7912943363189697
264014,4664190,relevance_end_5,10,decoder_cross_attn,6,per_head,0.5,add,-5.689007759094238,-5.618974685668945,-4.980571746826172,-5.684897422790527,,0.0041103363037109375,1.9554365873336792
264014,4664190,relevance_end_5,10,decoder_cross_attn,6,per_head,1.0,add,-5.689007759094238,-5.618974685668945,-4.980571746826172,-5.680784225463867,,0.008223533630371094,1.9554365873336792
264014,4664190,relevance_end_5,10,decoder_cross_attn,6,per_head,1.5,add,-5.689007759094238,-5.618974685668945,-4.980571746826172,-5.6766767501831055,,0.012331008911132812,1.9554365873336792
264014,4664190,relevance_end_5,7,decoder_cross_attn,5,per_head,0.5,add,-5.689007759094238,-5.618974685668945,-4.980571746826172,-5.686459541320801,,0.0025482177734375,2.274880886077881
264014,4664190,relevance_end_5,7,decoder_cross_attn,5,per_head,1.0,add,-5.689007759094238,-5.618974685668945,-4.980571746826172,-5.683744430541992,,0.005263328552246094,2.274880886077881
264014,4664190,relevance_end_5,7,decoder_cross_attn,5,per_head,1.5,add,-5.689007759094238,-5.618974685668945,-4.980571746826172,-5.681053161621094,,0.007954597473144531,2.274880886077881
264014,4664190,relevance_end_5,4,decoder_cross_attn,2,per_head,0.5,add,-5.689007759094238,-5.618974685668945,-4.980571746826172,-5.68487548828125,,0.004132270812988281,1.0704455375671387
264014,4664190,relevance_end_5,4,decoder_cross_attn,2,per_head,1.0,add,-5.689007759094238,-5.618974685668945,-4.980571746826172,-5.68074893951416,,0.008258819580078125,1.0704455375671387
264014,4664190,relevance_end_5,4,decoder_cross_attn,2,per_head,1.5,add,-5.689007759094238,-5.618974685668945,-4.980571746826172,-5.676616668701172,,0.012391090393066406,1.0704455375671387
264014,4664190,relevance_end_5,7,decoder_cross_attn,6,per_head,0.5,add,-5.689007759094238,-5.618974685668945,-4.980571746826172,-5.684516906738281,,0.004490852355957031,1.165013313293457
264014,4664190,relevance_end_5,7,decoder_cross_attn,6,per_head,1.0,add,-5.689007759094238,-5.618974685668945,-4.980571746826172,-5.680011749267578,,0.008996009826660156,1.165013313293457
264014,4664190,relevance_end_5,7,decoder_cross_attn,6,per_head,1.5,add,-5.689007759094238,-5.618974685668945,-4.980571746826172,-5.675498008728027,,0.013509750366210938,1.165013313293457
264014,4664190,relevance_end_5,11,decoder_cross_attn,2,per_head,0.5,add,-5.689007759094238,-5.618974685668945,-4.980571746826172,-5.680275917053223,,0.008731842041015625,2.1183841228485107
264014,4664190,relevance_end_5,11,decoder_cross_attn,2,per_head,1.0,add,-5.689007759094238,-5.618974685668945,-4.980571746826172,-5.671538352966309,,0.017469406127929688,2.1183841228485107
264014,4664190,relevance_end_5,11,decoder_cross_attn,2,per_head,1.5,add,-5.689007759094238,-5.618974685668945,-4.980571746826172,-5.66278076171875,,0.02622699737548828,2.1183841228485107
264014,4664190,relevance_end_5,5,decoder_cross_attn,7,per_head,0.5,add,-5.689007759094238,-5.618974685668945,-4.980571746826172,-5.6844072341918945,,0.00460052490234375,1.3838692903518677
264014,4664190,relevance_end_5,5,decoder_cross_attn,7,per_head,1.0,add,-5.689007759094238,-5.618974685668945,-4.980571746826172,-5.679815292358398,,0.009192466735839844,1.3838692903518677
264014,4664190,relevance_end_5,5,decoder_cross_attn,7,per_head,1.5,add,-5.689007759094238,-5.618974685668945,-4.980571746826172,-5.675207138061523,,0.013800621032714844,1.3838692903518677
264014,4664190,relevance_end_5,6,decoder_cross_attn,9,per_head,0.5,add,-5.689007759094238,-5.618974685668945,-4.980571746826172,-5.682199478149414,,0.006808280944824219,1.6831058263778687
264014,4664190,relevance_end_5,6,decoder_cross_attn,9,per_head,1.0,add,-5.689007759094238,-5.618974685668945,-4.980571746826172,-5.675406455993652,,0.013601303100585938,1.6831058263778687
264014,4664190,relevance_end_5,6,decoder_cross_attn,9,per_head,1.5,add,-5.689007759094238,-5.618974685668945,-4.980571746826172,-5.668573379516602,,0.02043437957763672,1.6831058263778687
264014,4664190,relevance_end_5,0,decoder_cross_attn,5,per_head,0.5,add,-5.689007759094238,-5.618974685668945,-4.980571746826172,-5.684264183044434,,0.0047435760498046875,0.8403618335723877
264014,4664190,relevance_end_5,0,decoder_cross_attn,5,per_head,1.0,add,-5.689007759094238,-5.618974685668945,-4.980571746826172,-5.679522514343262,,0.009485244750976562,0.8403618335723877
264014,4664190,relevance_end_5,0,decoder_cross_attn,5,per_head,1.5,add,-5.689007759094238,-5.618974685668945,-4.980571746826172,-5.674795150756836,,0.014212608337402344,0.8403618335723877
264014,4664190,relevance_end_5,6,decoder_cross_attn,7,per_head,0.5,add,-5.689007759094238,-5.618974685668945,-4.980571746826172,-5.673845291137695,,0.015162467956542969,2.008059024810791
264014,4664190,relevance_end_5,6,decoder_cross_attn,7,per_head,1.0,add,-5.689007759094238,-5.618974685668945,-4.980571746826172,-5.658443450927734,,0.030564308166503906,2.008059024810791
264014,4664190,relevance_end_5,6,decoder_cross_attn,7,per_head,1.5,add,-5.689007759094238,-5.618974685668945,-4.980571746826172,-5.642728805541992,,0.046278953552246094,2.008059024810791
490595,4763067,relevance_end_5,11,decoder_cross_attn,3,per_head,0.5,subtract,-7.738875389099121,-7.800823211669922,-7.265625,-7.288530349731445,0.022905349731445312,,4.913106441497803
490595,4763067,relevance_end_5,11,decoder_cross_attn,3,per_head,1.0,subtract,-7.738875389099121,-7.800823211669922,-7.265625,-7.3113861083984375,0.0457611083984375,,4.913106441497803
490595,4763067,relevance_end_5,11,decoder_cross_attn,3,per_head,1.5,subtract,-7.738875389099121,-7.800823211669922,-7.265625,-7.334436416625977,0.06881141662597656,,4.913106441497803
490595,4763067,relevance_end_5,11,decoder_cross_attn,6,per_head,0.5,subtract,-7.738875389099121,-7.800823211669922,-7.265625,-7.277697563171387,0.012072563171386719,,3.656248092651367
490595,4763067,relevance_end_5,11,decoder_cross_attn,6,per_head,1.0,subtract,-7.738875389099121,-7.800823211669922,-7.265625,-7.289734840393066,0.024109840393066406,,3.656248092651367
490595,4763067,relevance_end_5,11,decoder_cross_attn,6,per_head,1.5,subtract,-7.738875389099121,-7.800823211669922,-7.265625,-7.30174446105957,0.03611946105957031,,3.656248092651367
490595,4763067,relevance_end_5,11,decoder_cross_attn,11,per_head,0.5,subtract,-7.738875389099121,-7.800823211669922,-7.265625,-7.284364700317383,0.018739700317382812,,3.6226985454559326
490595,4763067,relevance_end_5,11,decoder_cross_attn,11,per_head,1.0,subtract,-7.738875389099121,-7.800823211669922,-7.265625,-7.303079605102539,0.03745460510253906,,3.6226985454559326
490595,4763067,relevance_end_5,11,decoder_cross_attn,11,per_head,1.5,subtract,-7.738875389099121,-7.800823211669922,-7.265625,-7.321770668029785,0.056145668029785156,,3.6226985454559326
490595,4763067,relevance_end_5,11,decoder_cross_attn,0,per_head,0.5,subtract,-7.738875389099121,-7.800823211669922,-7.265625,-7.273836135864258,0.008211135864257812,,2.1161696910858154
490595,4763067,relevance_end_5,11,decoder_cross_attn,0,per_head,1.0,subtract,-7.738875389099121,-7.800823211669922,-7.265625,-7.282046318054199,0.01642131805419922,,2.1161696910858154
490595,4763067,relevance_end_5,11,decoder_cross_attn,0,per_head,1.5,subtract,-7.738875389099121,-7.800823211669922,-7.265625,-7.29023551940918,0.024610519409179688,,2.1161696910858154
490595,4763067,relevance_end_5,11,decoder_self_attn,3,per_head,0.5,subtract,-7.738875389099121,-7.800823211669922,-7.265625,-7.264972686767578,-0.000652313232421875,,2.173255205154419
490595,4763067,relevance_end_5,11,decoder_self_attn,3,per_head,1.0,subtract,-7.738875389099121,-7.800823211669922,-7.265625,-7.264293670654297,-0.001331329345703125,,2.173255205154419
490595,4763067,relevance_end_5,11,decoder_self_attn,3,per_head,1.5,subtract,-7.738875389099121,-7.800823211669922,-7.265625,-7.263487815856934,-0.0021371841430664062,,2.173255205154419
490595,4763067,relevance_end_5,9,decoder_cross_attn,2,per_head,0.5,subtract,-7.738875389099121,-7.800823211669922,-7.265625,-7.290105819702148,0.024480819702148438,,4.228691101074219
490595,4763067,relevance_end_5,9,decoder_cross_attn,2,per_head,1.0,subtract,-7.738875389099121,-7.800823211669922,-7.265625,-7.314813613891602,0.04918861389160156,,4.228691101074219
490595,4763067,relevance_end_5,9,decoder_cross_attn,2,per_head,1.5,subtract,-7.738875389099121,-7.800823211669922,-7.265625,-7.339498519897461,0.07387351989746094,,4.228691101074219
490595,4763067,relevance_end_5,10,decoder_cross_attn,0,per_head,0.5,subtract,-7.738875389099121,-7.800823211669922,-7.265625,-7.277043342590332,0.011418342590332031,,12.12502384185791
490595,4763067,relevance_end_5,10,decoder_cross_attn,0,per_head,1.0,subtract,-7.738875389099121,-7.800823211669922,-7.265625,-7.287491798400879,0.021866798400878906,,12.12502384185791
490595,4763067,relevance_end_5,10,decoder_cross_attn,0,per_head,1.5,subtract,-7.738875389099121,-7.800823211669922,-7.265625,-7.296831130981445,0.031206130981445312,,12.12502384185791
490595,4763067,relevance_end_5,10,decoder_cross_attn,3,per_head,0.5,subtract,-7.738875389099121,-7.800823211669922,-7.265625,-7.2694854736328125,0.0038604736328125,,2.247756242752075
490595,4763067,relevance_end_5,10,decoder_cross_attn,3,per_head,1.0,subtract,-7.738875389099121,-7.800823211669922,-7.265625,-7.273350715637207,0.007725715637207031,,2.247756242752075
490595,4763067,relevance_end_5,10,decoder_cross_attn,3,per_head,1.5,subtract,-7.738875389099121,-7.800823211669922,-7.265625,-7.2772216796875,0.0115966796875,,2.247756242752075
490595,4763067,relevance_end_5,8,decoder_cross_attn,7,per_head,0.5,subtract,-7.738875389099121,-7.800823211669922,-7.265625,-7.285880088806152,0.020255088806152344,,2.599320650100708
490595,4763067,relevance_end_5,8,decoder_cross_attn,7,per_head,1.0,subtract,-7.738875389099121,-7.800823211669922,-7.265625,-7.306126594543457,0.04050159454345703,,2.599320650100708
490595,4763067,relevance_end_5,8,decoder_cross_attn,7,per_head,1.5,subtract,-7.738875389099121,-7.800823211669922,-7.265625,-7.326462745666504,0.060837745666503906,,2.599320650100708
490595,4763067,relevance_end_5,9,decoder_cross_attn,7,per_head,0.5,subtract,-7.738875389099121,-7.800823211669922,-7.265625,-7.275338172912598,0.009713172912597656,,3.426360607147217
490595,4763067,relevance_end_5,9,decoder_cross_attn,7,per_head,1.0,subtract,-7.738875389099121,-7.800823211669922,-7.265625,-7.285186767578125,0.019561767578125,,3.426360607147217
490595,4763067,relevance_end_5,9,decoder_cross_attn,7,per_head,1.5,subtract,-7.738875389099121,-7.800823211669922,-7.265625,-7.294940948486328,0.029315948486328125,,3.426360607147217
490595,4763067,relevance_end_5,11,decoder_cross_attn,1,per_head,0.5,subtract,-7.738875389099121,-7.800823211669922,-7.265625,-7.270044326782227,0.0044193267822265625,,2.567375898361206
490595,4763067,relevance_end_5,11,decoder_cross_attn,1,per_head,1.0,subtract,-7.738875389099121,-7.800823211669922,-7.265625,-7.274452209472656,0.00882720947265625,,2.567375898361206
490595,4763067,relevance_end_5,11,decoder_cross_attn,1,per_head,1.5,subtract,-7.738875389099121,-7.800823211669922,-7.265625,-7.278842926025391,0.013217926025390625,,2.567375898361206
490595,4763067,relevance_end_5,8,decoder_cross_attn,0,per_head,0.5,subtract,-7.738875389099121,-7.800823211669922,-7.265625,-7.271352767944336,0.0057277679443359375,,2.3537819385528564
490595,4763067,relevance_end_5,8,decoder_cross_attn,0,per_head,1.0,subtract,-7.738875389099121,-7.800823211669922,-7.265625,-7.27708625793457,0.011461257934570312,,2.3537819385528564
490595,4763067,relevance_end_5,8,decoder_cross_attn,0,per_head,1.5,subtract,-7.738875389099121,-7.800823211669922,-7.265625,-7.28285026550293,0.017225265502929688,,2.3537819385528564
490595,4763067,relevance_end_5,7,decoder_cross_attn,3,per_head,0.5,subtract,-7.738875389099121,-7.800823211669922,-7.265625,-7.280466079711914,0.014841079711914062,,2.7912943363189697
490595,4763067,relevance_end_5,7,decoder_cross_attn,3,per_head,1.0,subtract,-7.738875389099121,-7.800823211669922,-7.265625,-7.295284271240234,0.029659271240234375,,2.7912943363189697
490595,4763067,relevance_end_5,7,decoder_cross_attn,3,per_head,1.5,subtract,-7.738875389099121,-7.800823211669922,-7.265625,-7.310174942016602,0.04454994201660156,,2.7912943363189697
490595,4763067,relevance_end_5,10,decoder_cross_attn,6,per_head,0.5,subtract,-7.738875389099121,-7.800823211669922,-7.265625,-7.269957542419434,0.004332542419433594,,1.9554365873336792
490595,4763067,relevance_end_5,10,decoder_cross_attn,6,per_head,1.0,subtract,-7.738875389099121,-7.800823211669922,-7.265625,-7.274382591247559,0.008757591247558594,,1.9554365873336792
490595,4763067,relevance_end_5,10,decoder_cross_attn,6,per_head,1.5,subtract,-7.738875389099121,-7.800823211669922,-7.265625,-7.278816223144531,0.01319122314453125,,1.9554365873336792
490595,4763067,relevance_end_5,7,decoder_cross_attn,5,per_head,0.5,subtract,-7.738875389099121,-7.800823211669922,-7.265625,-7.27021598815918,0.0045909881591796875,,2.274880886077881
490595,4763067,relevance_end_5,7,decoder_cross_attn,5,per_head,1.0,subtract,-7.738875389099121,-7.800823211669922,-7.265625,-7.27475643157959,0.009131431579589844,,2.274880886077881
490595,4763067,relevance_end_5,7,decoder_cross_attn,5,per_head,1.5,subtract,-7.738875389099121,-7.800823211669922,-7.265625,-7.279356002807617,0.013731002807617188,,2.274880886077881
490595,4763067,relevance_end_5,4,decoder_cross_attn,2,per_head,0.5,subtract,-7.738875389099121,-7.800823211669922,-7.265625,-7.268582344055176,0.0029573440551757812,,1.0704455375671387
490595,4763067,relevance_end_5,4,decoder_cross_attn,2,per_head,1.0,subtract,-7.738875389099121,-7.800823211669922,-7.265625,-7.271519660949707,0.005894660949707031,,1.0704455375671387
490595,4763067,relevance_end_5,4,decoder_cross_attn,2,per_head,1.5,subtract,-7.738875389099121,-7.800823211669922,-7.265625,-7.2744598388671875,0.0088348388671875,,1.0704455375671387
490595,4763067,relevance_end_5,7,decoder_cross_attn,6,per_head,0.5,subtract,-7.738875389099121,-7.800823211669922,-7.265625,-7.268702507019043,0.0030775070190429688,,1.165013313293457
490595,4763067,relevance_end_5,7,decoder_cross_attn,6,per_head,1.0,subtract,-7.738875389099121,-7.800823211669922,-7.265625,-7.271780014038086,0.0061550140380859375,,1.165013313293457
490595,4763067,relevance_end_5,7,decoder_cross_attn,6,per_head,1.5,subtract,-7.738875389099121,-7.800823211669922,-7.265625,-7.274818420410156,0.00919342041015625,,1.165013313293457
490595,4763067,relevance_end_5,11,decoder_cross_attn,2,per_head,0.5,subtract,-7.738875389099121,-7.800823211669922,-7.265625,-7.272995948791504,0.007370948791503906,,2.1183841228485107
490595,4763067,relevance_end_5,11,decoder_cross_attn,2,per_head,1.0,subtract,-7.738875389099121,-7.800823211669922,-7.265625,-7.280364990234375,0.014739990234375,,2.1183841228485107
490595,4763067,relevance_end_5,11,decoder_cross_attn,2,per_head,1.5,subtract,-7.738875389099121,-7.800823211669922,-7.265625,-7.287693023681641,0.022068023681640625,,2.1183841228485107
490595,4763067,relevance_end_5,5,decoder_cross_attn,7,per_head,0.5,subtract,-7.738875389099121,-7.800823211669922,-7.265625,-7.271398544311523,0.0057735443115234375,,1.3838692903518677
490595,4763067,relevance_end_5,5,decoder_cross_attn,7,per_head,1.0,subtract,-7.738875389099121,-7.800823211669922,-7.265625,-7.277157783508301,0.011532783508300781,,1.3838692903518677
490595,4763067,relevance_end_5,5,decoder_cross_attn,7,per_head,1.5,subtract,-7.738875389099121,-7.800823211669922,-7.265625,-7.282900810241699,0.01727581024169922,,1.3838692903518677
490595,4763067,relevance_end_5,6,decoder_cross_attn,9,per_head,0.5,subtract,-7.738875389099121,-7.800823211669922,-7.265625,-7.272146224975586,0.0065212249755859375,,1.6831058263778687
490595,4763067,relevance_end_5,6,decoder_cross_attn,9,per_head,1.0,subtract,-7.738875389099121,-7.800823211669922,-7.265625,-7.278652191162109,0.013027191162109375,,1.6831058263778687
490595,4763067,relevance_end_5,6,decoder_cross_attn,9,per_head,1.5,subtract,-7.738875389099121,-7.800823211669922,-7.265625,-7.285222053527832,0.01959705352783203,,1.6831058263778687
490595,4763067,relevance_end_5,0,decoder_cross_attn,5,per_head,0.5,subtract,-7.738875389099121,-7.800823211669922,-7.265625,-7.268057823181152,0.0024328231811523438,,0.8403618335723877
490595,4763067,relevance_end_5,0,decoder_cross_attn,5,per_head,1.0,subtract,-7.738875389099121,-7.800823211669922,-7.265625,-7.270454406738281,0.00482940673828125,,0.8403618335723877
490595,4763067,relevance_end_5,0,decoder_cross_attn,5,per_head,1.5,subtract,-7.738875389099121,-7.800823211669922,-7.265625,-7.2728776931762695,0.007252693176269531,,0.8403618335723877
490595,4763067,relevance_end_5,6,decoder_cross_attn,7,per_head,0.5,subtract,-7.738875389099121,-7.800823211669922,-7.265625,-7.27733039855957,0.011705398559570312,,2.008059024810791
490595,4763067,relevance_end_5,6,decoder_cross_attn,7,per_head,1.0,subtract,-7.738875389099121,-7.800823211669922,-7.265625,-7.288985252380371,0.023360252380371094,,2.008059024810791
490595,4763067,relevance_end_5,6,decoder_cross_attn,7,per_head,1.5,subtract,-7.738875389099121,-7.800823211669922,-7.265625,-7.300507545471191,0.034882545471191406,,2.008059024810791
490595,4763067,relevance_end_5,11,decoder_cross_attn,3,per_head,0.5,add,-7.738875389099121,-7.800823211669922,-7.265625,-7.715543746948242,,0.023331642150878906,4.913106441497803
490595,4763067,relevance_end_5,11,decoder_cross_attn,3,per_head,1.0,add,-7.738875389099121,-7.800823211669922,-7.265625,-7.692258834838867,,0.046616554260253906,4.913106441497803
490595,4763067,relevance_end_5,11,decoder_cross_attn,3,per_head,1.5,add,-7.738875389099121,-7.800823211669922,-7.265625,-7.669681549072266,,0.06919384002685547,4.913106441497803
490595,4763067,relevance_end_5,11,decoder_cross_attn,6,per_head,0.5,add,-7.738875389099121,-7.800823211669922,-7.265625,-7.72674560546875,,0.012129783630371094,3.656248092651367
490595,4763067,relevance_end_5,11,decoder_cross_attn,6,per_head,1.0,add,-7.738875389099121,-7.800823211669922,-7.265625,-7.714588165283203,,0.02428722381591797,3.656248092651367
490595,4763067,relevance_end_5,11,decoder_cross_attn,6,per_head,1.5,add,-7.738875389099121,-7.800823211669922,-7.265625,-7.702401161193848,,0.03647422790527344,3.656248092651367
490595,4763067,relevance_end_5,11,decoder_cross_attn,11,per_head,0.5,add,-7.738875389099121,-7.800823211669922,-7.265625,-7.720693588256836,,0.018181800842285156,3.6226985454559326
490595,4763067,relevance_end_5,11,decoder_cross_attn,11,per_head,1.0,add,-7.738875389099121,-7.800823211669922,-7.265625,-7.702489852905273,,0.036385536193847656,3.6226985454559326
490595,4763067,relevance_end_5,11,decoder_cross_attn,11,per_head,1.5,add,-7.738875389099121,-7.800823211669922,-7.265625,-7.684259414672852,,0.05461597442626953,3.6226985454559326
490595,4763067,relevance_end_5,11,decoder_cross_attn,0,per_head,0.5,add,-7.738875389099121,-7.800823211669922,-7.265625,-7.730898857116699,,0.007976531982421875,2.1161696910858154
490595,4763067,relevance_end_5,11,decoder_cross_attn,0,per_head,1.0,add,-7.738875389099121,-7.800823211669922,-7.265625,-7.7229108810424805,,0.015964508056640625,2.1161696910858154
490595,4763067,relevance_end_5,11,decoder_cross_attn,0,per_head,1.5,add,-7.738875389099121,-7.800823211669922,-7.265625,-7.714910507202148,,0.023964881896972656,2.1161696910858154
490595,4763067,relevance_end_5,11,decoder_self_attn,3,per_head,0.5,add,-7.738875389099121,-7.800823211669922,-7.265625,-7.739785194396973,,-0.0009098052978515625,2.173255205154419
490595,4763067,relevance_end_5,11,decoder_self_attn,3,per_head,1.0,add,-7.738875389099121,-7.800823211669922,-7.265625,-7.740668296813965,,-0.00179290771484375,2.173255205154419
490595,4763067,relevance_end_5,11,decoder_self_attn,3,per_head,1.5,add,-7.738875389099121,-7.800823211669922,-7.265625,-7.741534233093262,,-0.002658843994140625,2.173255205154419
490595,4763067,relevance_end_5,9,decoder_cross_attn,2,per_head,0.5,add,-7.738875389099121,-7.800823211669922,-7.265625,-7.7144775390625,,0.024397850036621094,4.228691101074219
490595,4763067,relevance_end_5,9,decoder_cross_attn,2,per_head,1.0,add,-7.738875389099121,-7.800823211669922,-7.265625,-7.690000534057617,,0.048874855041503906,4.228691101074219
490595,4763067,relevance_end_5,9,decoder_cross_attn,2,per_head,1.5,add,-7.738875389099121,-7.800823211669922,-7.265625,-7.665268898010254,,0.07360649108886719,4.228691101074219
490595,4763067,relevance_end_5,10,decoder_cross_attn,0,per_head,0.5,add,-7.738875389099121,-7.800823211669922,-7.265625,-7.728218078613281,,0.010657310485839844,12.12502384185791
490595,4763067,relevance_end_5,10,decoder_cross_attn,0,per_head,1.0,add,-7.738875389099121,-7.800823211669922,-7.265625,-7.715677261352539,,0.02319812774658203,12.12502384185791
490595,4763067,relevance_end_5,10,decoder_cross_attn,0,per_head,1.5,add,-7.738875389099121,-7.800823211669922,-7.265625,-7.7012481689453125,,0.037627220153808594,12.12502384185791
490595,4763067,relevance_end_5,10,decoder_cross_attn,3,per_head,0.5,add,-7.738875389099121,-7.800823211669922,-7.265625,-7.735342025756836,,0.0035333633422851562,2.247756242752075
490595,4763067,relevance_end_5,10,decoder_cross_attn,3,per_head,1.0,add,-7.738875389099121,-7.800823211669922,-7.265625,-7.731846809387207,,0.0070285797119140625,2.247756242752075
490595,4763067,relevance_end_5,10,decoder_cross_attn,3,per_head,1.5,add,-7.738875389099121,-7.800823211669922,-7.265625,-7.728360176086426,,0.010515213012695312,2.247756242752075
490595,4763067,relevance_end_5,8,decoder_cross_attn,7,per_head,0.5,add,-7.738875389099121,-7.800823211669922,-7.265625,-7.718503952026367,,0.020371437072753906,2.599320650100708
490595,4763067,relevance_end_5,8,decoder_cross_attn,7,per_head,1.0,add,-7.738875389099121,-7.800823211669922,-7.265625,-7.698124885559082,,0.04075050354003906,2.599320650100708
490595,4763067,relevance_end_5,8,decoder_cross_attn,7,per_head,1.5,add,-7.738875389099121,-7.800823211669922,-7.265625,-7.677700996398926,,0.06117439270019531,2.599320650100708
490595,4763067,relevance_end_5,9,decoder_cross_attn,7,per_head,0.5,add,-7.738875389099121,-7.800823211669922,-7.265625,-7.730003356933594,,0.008872032165527344,3.426360607147217
490595,4763067,relevance_end_5,9,decoder_cross_attn,7,per_head,1.0,add,-7.738875389099121,-7.800823211669922,-7.265625,-7.721174240112305,,0.017701148986816406,3.426360607147217
490595,4763067,relevance_end_5,9,decoder_cross_attn,7,per_head,1.5,add,-7.738875389099121,-7.800823211669922,-7.265625,-7.7123870849609375,,0.026488304138183594,3.426360607147217
490595,4763067,relevance_end_5,11,decoder_cross_attn,1,per_head,0.5,add,-7.738875389099121,-7.800823211669922,-7.265625,-7.734352111816406,,0.004523277282714844,2.567375898361206
490595,4763067,relevance_end_5,11,decoder_cross_attn,1,per_head,1.0,add,-7.738875389099121,-7.800823211669922,-7.265625,-7.72981071472168,,0.009064674377441406,2.567375898361206
490595,4763067,relevance_end_5,11,decoder_cross_attn,1,per_head,1.5,add,-7.738875389099121,-7.800823211669922,-7.265625,-7.725261688232422,,0.013613700866699219,2.567375898361206
490595,4763067,relevance_end_5,8,decoder_cross_attn,0,per_head,0.5,add,-7.738875389099121,-7.800823211669922,-7.265625,-7.73344612121582,,0.005429267883300781,2.3537819385528564
490595,4763067,relevance_end_5,8,decoder_cross_attn,0,per_head,1.0,add,-7.738875389099121,-7.800823211669922,-7.265625,-7.727970123291016,,0.010905265808105469,2.3537819385528564
490595,4763067,relevance_end_5,8,decoder_cross_attn,0,per_head,1.5,add,-7.738875389099121,-7.800823211669922,-7.265625,-7.722476959228516,,0.01639842987060547,2.3537819385528564
490595,4763067,relevance_end_5,7,decoder_cross_attn,3,per_head,0.5,add,-7.738875389099121,-7.800823211669922,-7.265625,-7.725299835205078,,0.013575553894042969,2.7912943363189697
490595,4763067,relevance_end_5,7,decoder_cross_attn,3,per_head,1.0,add,-7.738875389099121,-7.800823211669922,-7.265625,-7.711672782897949,,0.027202606201171875,2.7912943363189697
490595,4763067,relevance_end_5,7,decoder_cross_attn,3,per_head,1.5,add,-7.738875389099121,-7.800823211669922,-7.265625,-7.698001861572266,,0.04087352752685547,2.7912943363189697
490595,4763067,relevance_end_5,10,decoder_cross_attn,6,per_head,0.5,add,-7.738875389099121,-7.800823211669922,-7.265625,-7.734521865844727,,0.004353523254394531,1.9554365873336792
490595,4763067,relevance_end_5,10,decoder_cross_attn,6,per_head,1.0,add,-7.738875389099121,-7.800823211669922,-7.265625,-7.730177879333496,,0.008697509765625,1.9554365873336792
490595,4763067,relevance_end_5,10,decoder_cross_attn,6,per_head,1.5,add,-7.738875389099121,-7.800823211669922,-7.265625,-7.725852012634277,,0.01302337646484375,1.9554365873336792
490595,4763067,relevance_end_5,7,decoder_cross_attn,5,per_head,0.5,add,-7.738875389099121,-7.800823211669922,-7.265625,-7.734172821044922,,0.004702568054199219,2.274880886077881
490595,4763067,relevance_end_5,7,decoder_cross_attn,5,per_head,1.0,add,-7.738875389099121,-7.800823211669922,-7.265625,-7.729434967041016,,0.009440422058105469,2.274880886077881
490595,4763067,relevance_end_5,7,decoder_cross_attn,5,per_head,1.5,add,-7.738875389099121,-7.800823211669922,-7.265625,-7.724662780761719,,0.014212608337402344,2.274880886077881
490595,4763067,relevance_end_5,4,decoder_cross_attn,2,per_head,0.5,add,-7.738875389099121,-7.800823211669922,-7.265625,-7.735653877258301,,0.0032215118408203125,1.0704455375671387
490595,4763067,relevance_end_5,4,decoder_cross_attn,2,per_head,1.0,add,-7.738875389099121,-7.800823211669922,-7.265625,-7.732424736022949,,0.006450653076171875,1.0704455375671387
490595,4763067,relevance_end_5,4,decoder_cross_attn,2,per_head,1.5,add,-7.738875389099121,-7.800823211669922,-7.265625,-7.729175567626953,,0.009699821472167969,1.0704455375671387
490595,4763067,relevance_end_5,7,decoder_cross_attn,6,per_head,0.5,add,-7.738875389099121,-7.800823211669922,-7.265625,-7.735581398010254,,0.0032939910888671875,1.165013313293457
490595,4763067,relevance_end_5,7,decoder_cross_attn,6,per_head,1.0,add,-7.738875389099121,-7.800823211669922,-7.265625,-7.7322998046875,,0.006575584411621094,1.165013313293457
490595,4763067,relevance_end_5,7,decoder_cross_attn,6,per_head,1.5,add,-7.738875389099121,-7.800823211669922,-7.265625,-7.729016304016113,,0.009859085083007812,1.165013313293457
490595,4763067,relevance_end_5,11,decoder_cross_attn,2,per_head,0.5,add,-7.738875389099121,-7.800823211669922,-7.265625,-7.731629371643066,,0.0072460174560546875,2.1183841228485107
490595,4763067,relevance_end_5,11,decoder_cross_attn,2,per_head,1.0,add,-7.738875389099121,-7.800823211669922,-7.265625,-7.724391937255859,,0.014483451843261719,2.1183841228485107
490595,4763067,relevance_end_5,11,decoder_cross_attn,2,per_head,1.5,add,-7.738875389099121,-7.800823211669922,-7.265625,-7.717151641845703,,0.02172374725341797,2.1183841228485107
490595,4763067,relevance_end_5,5,decoder_cross_attn,7,per_head,0.5,add,-7.738875389099121,-7.800823211669922,-7.265625,-7.732646942138672,,0.006228446960449219,1.3838692903518677
490595,4763067,relevance_end_5,5,decoder_cross_attn,7,per_head,1.0,add,-7.738875389099121,-7.800823211669922,-7.265625,-7.726410865783691,,0.012464523315429688,1.3838692903518677
490595,4763067,relevance_end_5,5,decoder_cross_attn,7,per_head,1.5,add,-7.738875389099121,-7.800823211669922,-7.265625,-7.720174789428711,,0.018700599670410156,1.3838692903518677
490595,4763067,relevance_end_5,6,decoder_cross_attn,9,per_head,0.5,add,-7.738875389099121,-7.800823211669922,-7.265625,-7.7320451736450195,,0.0068302154541015625,1.6831058263778687
490595,4763067,relevance_end_5,6,decoder_cross_attn,9,per_head,1.0,add,-7.738875389099121,-7.800823211669922,-7.265625,-7.725214958190918,,0.013660430908203125,1.6831058263778687
490595,4763067,relevance_end_5,6,decoder_cross_attn,9,per_head,1.5,add,-7.738875389099121,-7.800823211669922,-7.265625,-7.718358993530273,,0.020516395568847656,1.6831058263778687
490595,4763067,relevance_end_5,0,decoder_cross_attn,5,per_head,0.5,add,-7.738875389099121,-7.800823211669922,-7.265625,-7.7362565994262695,,0.0026187896728515625,0.8403618335723877
490595,4763067,relevance_end_5,0,decoder_cross_attn,5,per_head,1.0,add,-7.738875389099121,-7.800823211669922,-7.265625,-7.733630180358887,,0.005245208740234375,0.8403618335723877
490595,4763067,relevance_end_5,0,decoder_cross_attn,5,per_head,1.5,add,-7.738875389099121,-7.800823211669922,-7.265625,-7.730985641479492,,0.007889747619628906,0.8403618335723877
490595,4763067,relevance_end_5,6,decoder_cross_attn,7,per_head,0.5,add,-7.738875389099121,-7.800823211669922,-7.265625,-7.727052688598633,,0.011822700500488281,2.008059024810791
490595,4763067,relevance_end_5,6,decoder_cross_attn,7,per_head,1.0,add,-7.738875389099121,-7.800823211669922,-7.265625,-7.715185165405273,,0.023690223693847656,2.008059024810791
490595,4763067,relevance_end_5,6,decoder_cross_attn,7,per_head,1.5,add,-7.738875389099121,-7.800823211669922,-7.265625,-7.703295707702637,,0.035579681396484375,2.008059024810791
207786,5170147,relevance_end_5,11,decoder_cross_attn,3,per_head,0.5,subtract,-9.043824195861816,-8.965011596679688,-8.47745132446289,-8.501435279846191,0.02398395538330078,,4.913106441497803
207786,5170147,relevance_end_5,11,decoder_cross_attn,3,per_head,1.0,subtract,-9.043824195861816,-8.965011596679688,-8.47745132446289,-8.525372505187988,0.047921180725097656,,4.913106441497803
207786,5170147,relevance_end_5,11,decoder_cross_attn,3,per_head,1.5,subtract,-9.043824195861816,-8.965011596679688,-8.47745132446289,-8.54924201965332,0.07179069519042969,,4.913106441497803
207786,5170147,relevance_end_5,11,decoder_cross_attn,6,per_head,0.5,subtract,-9.043824195861816,-8.965011596679688,-8.47745132446289,-8.48972225189209,0.012270927429199219,,3.656248092651367
207786,5170147,relevance_end_5,11,decoder_cross_attn,6,per_head,1.0,subtract,-9.043824195861816,-8.965011596679688,-8.47745132446289,-8.501960754394531,0.024509429931640625,,3.656248092651367
207786,5170147,relevance_end_5,11,decoder_cross_attn,6,per_head,1.5,subtract,-9.043824195861816,-8.965011596679688,-8.47745132446289,-8.514172554016113,0.036721229553222656,,3.656248092651367
207786,5170147,relevance_end_5,11,decoder_cross_attn,11,per_head,0.5,subtract,-9.043824195861816,-8.965011596679688,-8.47745132446289,-8.496492385864258,0.019041061401367188,,3.6226985454559326
207786,5170147,relevance_end_5,11,decoder_cross_attn,11,per_head,1.0,subtract,-9.043824195861816,-8.965011596679688,-8.47745132446289,-8.515504837036133,0.03805351257324219,,3.6226985454559326
207786,5170147,relevance_end_5,11,decoder_cross_attn,11,per_head,1.5,subtract,-9.043824195861816,-8.965011596679688,-8.47745132446289,-8.534489631652832,0.057038307189941406,,3.6226985454559326
207786,5170147,relevance_end_5,11,decoder_cross_attn,0,per_head,0.5,subtract,-9.043824195861816,-8.965011596679688,-8.47745132446289,-8.485452651977539,0.008001327514648438,,2.1161696910858154
207786,5170147,relevance_end_5,11,decoder_cross_attn,0,per_head,1.0,subtract,-9.043824195861816,-8.965011596679688,-8.47745132446289,-8.493443489074707,0.015992164611816406,,2.1161696910858154
207786,5170147,relevance_end_5,11,decoder_cross_attn,0,per_head,1.5,subtract,-9.043824195861816,-8.965011596679688,-8.47745132446289,-8.501420974731445,0.023969650268554688,,2.1161696910858154
207786,5170147,relevance_end_5,11,decoder_self_attn,3,per_head,0.5,subtract,-9.043824195861816,-8.965011596679688,-8.47745132446289,-8.476533889770508,-0.0009174346923828125,,2.173255205154419
207786,5170147,relevance_end_5,11,decoder_self_attn,3,per_head,1.0,subtract,-9.043824195861816,-8.965011596679688,-8.47745132446289,-8.47558879852295,-0.0018625259399414062,,2.173255205154419
207786,5170147,relevance_end_5,11,decoder_self_attn,3,per_head,1.5,subtract,-9.043824195861816,-8.965011596679688,-8.47745132446289,-8.474617004394531,-0.002834320068359375,,2.173255205154419
207786,5170147,relevance_end_5,9,decoder_cross_attn,2,per_head,0.5,subtract,-9.043824195861816,-8.965011596679688,-8.47745132446289,-8.499878883361816,0.02242755889892578,,4.228691101074219
207786,5170147,relevance_end_5,9,decoder_cross_attn,2,per_head,1.0,subtract,-9.043824195861816,-8.965011596679688,-8.47745132446289,-8.522326469421387,0.044875144958496094,,4.228691101074219
207786,5170147,relevance_end_5,9,decoder_cross_attn,2,per_head,1.5,subtract,-9.043824195861816,-8.965011596679688,-8.47745132446289,-8.544705390930176,0.06725406646728516,,4.228691101074219
207786,5170147,relevance_end_5,10,decoder_cross_attn,0,per_head,0.5,subtract,-9.043824195861816,-8.965011596679688,-8.47745132446289,-8.466550827026367,-0.010900497436523438,,12.12502384185791
207786,5170147,relevance_end_5,10,decoder_cross_attn,0,per_head,1.0,subtract,-9.043824195861816,-8.965011596679688,-8.47745132446289,-8.454721450805664,-0.022729873657226562,,12.12502384185791
207786,5170147,relevance_end_5,10,decoder_cross_attn,0,per_head,1.5,subtract,-9.043824195861816,-8.965011596679688,-8.47745132446289,-8.441604614257812,-0.035846710205078125,,12.12502384185791
207786,5170147,relevance_end_5,10,decoder_cross_attn,3,per_head,0.5,subtract,-9.043824195861816,-8.965011596679688,-8.47745132446289,-8.48217487335205,0.004723548889160156,,2.247756242752075
207786,5170147,relevance_end_5,10,decoder_cross_attn,3,per_head,1.0,subtract,-9.043824195861816,-8.965011596679688,-8.47745132446289,-8.4868745803833,0.009423255920410156,,2.247756242752075
207786,5170147,relevance_end_5,10,decoder_cross_attn,3,per_head,1.5,subtract,-9.043824195861816,-8.965011596679688,-8.47745132446289,-8.491569519042969,0.014118194580078125,,2.247756242752075
207786,5170147,relevance_end_5,8,decoder_cross_attn,7,per_head,0.5,subtract,-9.043824195861816,-8.965011596679688,-8.47745132446289,-8.506429672241211,0.028978347778320312,,2.599320650100708
207786,5170147,relevance_end_5,8,decoder_cross_attn,7,per_head,1.0,subtract,-9.043824195861816,-8.965011596679688,-8.47745132446289,-8.535215377807617,0.05776405334472656,,2.599320650100708
207786,5170147,relevance_end_5,8,decoder_cross_attn,7,per_head,1.5,subtract,-9.043824195861816,-8.965011596679688,-8.47745132446289,-8.563913345336914,0.08646202087402344,,2.599320650100708
207786,5170147,relevance_end_5,9,decoder_cross_attn,7,per_head,0.5,subtract,-9.043824195861816,-8.965011596679688,-8.47745132446289,-8.485955238342285,0.008503913879394531,,3.426360607147217
207786,5170147,relevance_end_5,9,decoder_cross_attn,7,per_head,1.0,subtract,-9.043824195861816,-8.965011596679688,-8.47745132446289,-8.494366645812988,0.016915321350097656,,3.426360607147217
207786,5170147,relevance_end_5,9,decoder_cross_attn,7,per_head,1.5,subtract,-9.043824195861816,-8.965011596679688,-8.47745132446289,-8.502756118774414,0.025304794311523438,,3.426360607147217
207786,5170147,relevance_end_5,11,decoder_cross_attn,1,per_head,0.5,subtract,-9.043824195861816,-8.965011596679688,-8.47745132446289,-8.481578826904297,0.00412750244140625,,2.567375898361206
207786,5170147,relevance_end_5,11,decoder_cross_attn,1,per_head,1.0,subtract,-9.043824195861816,-8.965011596679688,-8.47745132446289,-8.485697746276855,0.008246421813964844,,2.567375898361206
207786,5170147,relevance_end_5,11,decoder_cross_attn,1,per_head,1.5,subtract,-9.043824195861816,-8.965011596679688,-8.47745132446289,-8.489789962768555,0.012338638305664062,,2.567375898361206
207786,5170147,relevance_end_5,8,decoder_cross_attn,0,per_head,0.5,subtract,-9.043824195861816,-8.965011596679688,-8.47745132446289,-8.481717109680176,0.004265785217285156,,2.3537819385528564
207786,5170147,relevance_end_5,8,decoder_cross_attn,0,per_head,1.0,subtract,-9.043824195861816,-8.965011596679688,-8.47745132446289,-8.485943794250488,0.008492469787597656,,2.3537819385528564
207786,5170147,relevance_end_5,8,decoder_cross_attn,0,per_head,1.5,subtract,-9.043824195861816,-8.965011596679688,-8.47745132446289,-8.490160942077637,0.012709617614746094,,2.3537819385528564
207786,5170147,relevance_end_5,7,decoder_cross_attn,3,per_head,0.5,subtract,-9.043824195861816,-8.965011596679688,-8.47745132446289,-8.492005348205566,0.014554023742675781,,2.7912943363189697
207786,5170147,relevance_end_5,7,decoder_cross_attn,3,per_head,1.0,subtract,-9.043824195861816,-8.965011596679688,-8.47745132446289,-8.506428718566895,0.028977394104003906,,2.7912943363189697
207786,5170147,relevance_end_5,7,decoder_cross_attn,3,per_head,1.5,subtract,-9.043824195861816,-8.965011596679688,-8.47745132446289,-8.520957946777344,0.043506622314453125,,2.7912943363189697
207786,5170147,relevance_end_5,10,decoder_cross_attn,6,per_head,0.5,subtract,-9.043824195861816,-8.965011596679688,-8.47745132446289,-8.482096672058105,0.004645347595214844,,1.9554365873336792
207786,5170147,relevance_end_5,10,decoder_cross_attn,6,per_head,1.0,subtract,-9.043824195861816,-8.965011596679688,-8.47745132446289,-8.486742973327637,0.009291648864746094,,1.9554365873336792
207786,5170147,relevance_end_5,10,decoder_cross_attn,6,per_head,1.5,subtract,-9.043824195861816,-8.965011596679688,-8.47745132446289,-8.491382598876953,0.0139312744140625,,1.9554365873336792
207786,5170147,relevance_end_5,7,decoder_cross_attn,5,per_head,0.5,subtract,-9.043824195861816,-8.965011596679688,-8.47745132446289,-8.481579780578613,0.004128456115722656,,2.274880886077881
207786,5170147,relevance_end_5,7,decoder_cross_attn,5,per_head,1.0,subtract,-9.043824195861816,-8.965011596679688,-8.47745132446289,-8.485566139221191,0.008114814758300781,,2.274880886077881
207786,5170147,relevance_end_5,7,decoder_cross_attn,5,per_head,1.5,subtract,-9.043824195861816,-8.965011596679688,-8.47745132446289,-8.489359855651855,0.011908531188964844,,2.274880886077881
207786,5170147,relevance_end_5,4,decoder_cross_attn,2,per_head,0.5,subtract,-9.043824195861816,-8.965011596679688,-8.47745132446289,-8.481818199157715,0.004366874694824219,,1.0704455375671387
207786,5170147,relevance_end_5,4,decoder_cross_attn,2,per_head,1.0,subtract,-9.043824195861816,-8.965011596679688,-8.47745132446289,-8.48614501953125,0.008693695068359375,,1.0704455375671387
207786,5170147,relevance_end_5,4,decoder_cross_attn,2,per_head,1.5,subtract,-9.043824195861816,-8.965011596679688,-8.47745132446289,-8.490467071533203,0.0130157470703125,,1.0704455375671387
207786,5170147,relevance_end_5,7,decoder_cross_attn,6,per_head,0.5,subtract,-9.043824195861816,-8.965011596679688,-8.47745132446289,-8.483355522155762,0.005904197692871094,,1.165013313293457
207786,5170147,relevance_end_5,7,decoder_cross_attn,6,per_head,1.0,subtract,-9.043824195861816,-8.965011596679688,-8.47745132446289,-8.489253997802734,0.01180267333984375,,1.165013313293457
207786,5170147,relevance_end_5,7,decoder_cross_attn,6,per_head,1.5,subtract,-9.043824195861816,-8.965011596679688,-8.47745132446289,-8.495112419128418,0.017661094665527344,,1.165013313293457
207786,5170147,relevance_end_5,11,decoder_cross_attn,2,per_head,0.5,subtract,-9.043824195861816,-8.965011596679688,-8.47745132446289,-8.484781265258789,0.0073299407958984375,,2.1183841228485107
207786,5170147,relevance_end_5,11,decoder_cross_attn,2,per_head,1.0,subtract,-9.043824195861816,-8.965011596679688,-8.47745132446289,-8.492100715637207,0.014649391174316406,,2.1183841228485107
207786,5170147,relevance_end_5,11,decoder_cross_attn,2,per_head,1.5,subtract,-9.043824195861816,-8.965011596679688,-8.47745132446289,-8.499409675598145,0.021958351135253906,,2.1183841228485107
207786,5170147,relevance_end_5,5,decoder_cross_attn,7,per_head,0.5,subtract,-9.043824195861816,-8.965011596679688,-8.47745132446289,-8.485077857971191,0.007626533508300781,,1.3838692903518677
207786,5170147,relevance_end_5,5,decoder_cross_attn,7,per_head,1.0,subtract,-9.043824195861816,-8.965011596679688,-8.47745132446289,-8.492670059204102,0.015218734741210938,,1.3838692903518677
207786,5170147,relevance_end_5,5,decoder_cross_attn,7,per_head,1.5,subtract,-9.043824195861816,-8.965011596679688,-8.47745132446289,-8.500258445739746,0.02280712127685547,,1.3838692903518677
207786,5170147,relevance_end_5,6,decoder_cross_attn,9,per_head,0.5,subtract,-9.043824195861816,-8.965011596679688,-8.47745132446289,-8.483814239501953,0.0063629150390625,,1.6831058263778687
207786,5170147,relevance_end_5,6,decoder_cross_attn,9,per_head,1.0,subtract,-9.043824195861816,-8.965011596679688,-8.47745132446289,-8.490152359008789,0.012701034545898438,,1.6831058263778687
207786,5170147,relevance_end_5,6,decoder_cross_attn,9,per_head,1.5,subtract,-9.043824195861816,-8.965011596679688,-8.47745132446289,-8.496488571166992,0.019037246704101562,,1.6831058263778687
207786,5170147,relevance_end_5,0,decoder_cross_attn,5,per_head,0.5,subtract,-9.043824195861816,-8.965011596679688,-8.47745132446289,-8.481147766113281,0.003696441650390625,,0.8403618335723877
207786,5170147,relevance_end_5,0,decoder_cross_attn,5,per_head,1.0,subtract,-9.043824195861816,-8.965011596679688,-8.47745132446289,-8.484813690185547,0.00736236572265625,,0.8403618335723877
207786,5170147,relevance_end_5,0,decoder_cross_attn,5,per_head,1.5,subtract,-9.043824195861816,-8.965011596679688,-8.47745132446289,-8.488452911376953,0.0110015869140625,,0.8403618335723877
207786,5170147,relevance_end_5,6,decoder_cross_attn,7,per_head,0.5,subtract,-9.043824195861816,-8.965011596679688,-8.47745132446289,-8.492246627807617,0.014795303344726562,,2.008059024810791
207786,5170147,relevance_end_5,6,decoder_cross_attn,7,per_head,1.0,subtract,-9.043824195861816,-8.965011596679688,-8.47745132446289,-8.50698471069336,0.02953338623046875,,2.008059024810791
207786,5170147,relevance_end_5,6,decoder_cross_attn,7,per_head,1.5,subtract,-9.043824195861816,-8.965011596679688,-8.47745132446289,-8.52167797088623,0.044226646423339844,,2.008059024810791
207786,5170147,relevance_end_5,11,decoder_cross_attn,3,per_head,0.5,add,-9.043824195861816,-8.965011596679688,-8.47745132446289,-9.020305633544922,,0.02351856231689453,4.913106441497803
207786,5170147,relevance_end_5,11,decoder_cross_attn,3,per_head,1.0,add,-9.043824195861816,-8.965011596679688,-8.47745132446289,-8.996729850769043,,0.04709434509277344,4.913106441497803
207786,5170147,relevance_end_5,11,decoder_cross_attn,3,per_head,1.5,add,-9.043824195861816,-8.965011596679688,-8.47745132446289,-8.973095893859863,,0.07072830200195312,4.913106441497803
207786,5170147,relevance_end_5,11,decoder_cross_attn,6,per_head,0.5,add,-9.043824195861816,-8.965011596679688,-8.47745132446289,-9.03193187713623,,0.011892318725585938,3.656248092651367
207786,5170147,relevance_end_5,11,decoder_cross_attn,6,per_head,1.0,add,-9.043824195861816,-8.965011596679688,-8.47745132446289,-9.020008087158203,,0.02381610870361328,3.656248092651367
207786,5170147,relevance_end_5,11,decoder_cross_attn,6,per_head,1.5,add,-9.043824195861816,-8.965011596679688,-8.47745132446289,-9.00804328918457,,0.035780906677246094,3.656248092651367
207786,5170147,relevance_end_5,11,decoder_cross_attn,11,per_head,0.5,add,-9.043824195861816,-8.965011596679688,-8.47745132446289,-9.025084495544434,,0.018739700317382812,3.6226985454559326
207786,5170147,relevance_end_5,11,decoder_cross_attn,11,per_head,1.0,add,-9.043824195861816,-8.965011596679688,-8.47745132446289,-9.00631046295166,,0.03751373291015625,3.6226985454559326
207786,5170147,relevance_end_5,11,decoder_cross_attn,11,per_head,1.5,add,-9.043824195861816,-8.965011596679688,-8.47745132446289,-8.987512588500977,,0.056311607360839844,3.6226985454559326
207786,5170147,relevance_end_5,11,decoder_cross_attn,0,per_head,0.5,add,-9.043824195861816,-8.965011596679688,-8.47745132446289,-9.035849571228027,,0.007974624633789062,2.1161696910858154
207786,5170147,relevance_end_5,11,decoder_cross_attn,0,per_head,1.0,add,-9.043824195861816,-8.965011596679688,-8.47745132446289,-9.027861595153809,,0.015962600708007812,2.1161696910858154
207786,5170147,relevance_end_5,11,decoder_cross_attn,0,per_head,1.5,add,-9.043824195861816,-8.965011596679688,-8.47745132446289,-9.019857406616211,,0.02396678924560547,2.1161696910858154
207786,5170147,relevance_end_5,11,decoder_self_attn,3,per_head,0.5,add,-9.043824195861816,-8.965011596679688,-8.47745132446289,-9.04478931427002,,-0.000965118408203125,2.173255205154419
207786,5170147,relevance_end_5,11,decoder_self_attn,3,per_head,1.0,add,-9.043824195861816,-8.965011596679688,-8.47745132446289,-9.045719146728516,,-0.0018949508666992188,2.173255205154419
207786,5170147,relevance_end_5,11,decoder_self_attn,3,per_head,1.5,add,-9.043824195861816,-8.965011596679688,-8.47745132446289,-9.04662036895752,,-0.002796173095703125,2.173255205154419
207786,5170147,relevance_end_5,9,decoder_cross_attn,2,per_head,0.5,add,-9.043824195861816,-8.965011596679688,-8.47745132446289,-9.021319389343262,,0.022504806518554688,4.228691101074219
207786,5170147,relevance_end_5,9,decoder_cross_attn,2,per_head,1.0,add,-9.043824195861816,-8.965011596679688,-8.47745132446289,-8.99874496459961,,0.04507923126220703,4.228691101074219
207786,5170147,relevance_end_5,9,decoder_cross_attn,2,per_head,1.5,add,-9.043824195861816,-8.965011596679688,-8.47745132446289,-8.97618293762207,,0.0676412582397461,4.228691101074219
207786,5170147,relevance_end_5,10,decoder_cross_attn,0,per_head,0.5,add,-9.043824195861816,-8.965011596679688,-8.47745132446289,-9.053238868713379,,-0.0094146728515625,12.12502384185791
207786,5170147,relevance_end_5,10,decoder_cross_attn,0,per_head,1.0,add,-9.043824195861816,-8.965011596679688,-8.47745132446289,-9.061019897460938,,-0.017195701599121094,12.12502384185791
207786,5170147,relevance_end_5,10,decoder_cross_attn,0,per_head,1.5,add,-9.043824195861816,-8.965011596679688,-8.47745132446289,-9.067230224609375,,-0.023406028747558594,12.12502384185791
207786,5170147,relevance_end_5,10,decoder_cross_attn,3,per_head,0.5,add,-9.043824195861816,-8.965011596679688,-8.47745132446289,-9.03941535949707,,0.004408836364746094,2.247756242752075
207786,5170147,relevance_end_5,10,decoder_cross_attn,3,per_head,1.0,add,-9.043824195861816,-8.965011596679688,-8.47745132446289,-9.03507137298584,,0.008752822875976562,2.247756242752075
207786,5170147,relevance_end_5,10,decoder_cross_attn,3,per_head,1.5,add,-9.043824195861816,-8.965011596679688,-8.47745132446289,-9.030657768249512,,0.013166427612304688,2.247756242752075
207786,5170147,relevance_end_5,8,decoder_cross_attn,7,per_head,0.5,add,-9.043824195861816,-8.965011596679688,-8.47745132446289,-9.016761779785156,,0.027062416076660156,2.599320650100708
207786,5170147,relevance_end_5,8,decoder_cross_attn,7,per_head,1.0,add,-9.043824195861816,-8.965011596679688,-8.47745132446289,-8.989432334899902,,0.05439186096191406,2.599320650100708
207786,5170147,relevance_end_5,8,decoder_cross_attn,7,per_head,1.5,add,-9.043824195861816,-8.965011596679688,-8.47745132446289,-8.961684226989746,,0.08213996887207031,2.599320650100708
207786,5170147,relevance_end_5,9,decoder_cross_attn,7,per_head,0.5,add,-9.043824195861816,-8.965011596679688,-8.47745132446289,-9.034974098205566,,0.00885009765625,3.426360607147217
207786,5170147,relevance_end_5,9,decoder_cross_attn,7,per_head,1.0,add,-9.043824195861816,-8.965011596679688,-8.47745132446289,-9.026115417480469,,0.017708778381347656,3.426360607147217
207786,5170147,relevance_end_5,9,decoder_cross_attn,7,per_head,1.5,add,-9.043824195861816,-8.965011596679688,-8.47745132446289,-9.017036437988281,,0.026787757873535156,3.426360607147217
207786,5170147,relevance_end_5,11,decoder_cross_attn,1,per_head,0.5,add,-9.043824195861816,-8.965011596679688,-8.47745132446289,-9.039978981018066,,0.00384521484375,2.567375898361206
207786,5170147,relevance_end_5,11,decoder_cross_attn,1,per_head,1.0,add,-9.043824195861816,-8.965011596679688,-8.47745132446289,-9.036112785339355,,0.0077114105224609375,2.567375898361206
207786,5170147,relevance_end_5,11,decoder_cross_attn,1,per_head,1.5,add,-9.043824195861816,-8.965011596679688,-8.47745132446289,-9.032230377197266,,0.011593818664550781,2.567375898361206
207786,5170147,relevance_end_5,8,decoder_cross_attn,0,per_head,0.5,add,-9.043824195861816,-8.965011596679688,-8.47745132446289,-9.039423942565918,,0.0044002532958984375,2.3537819385528564
207786,5170147,relevance_end_5,8,decoder_cross_attn,0,per_head,1.0,add,-9.043824195861816,-8.965011596679688,-8.47745132446289,-9.034865379333496,,0.008958816528320312,2.3537819385528564
207786,5170147,relevance_end_5,8,decoder_cross_attn,0,per_head,1.5,add,-9.043824195861816,-8.965011596679688,-8.47745132446289,-9.030305862426758,,0.013518333435058594,2.3537819385528564
207786,5170147,relevance_end_5,7,decoder_cross_attn,3,per_head,0.5,add,-9.043824195861816,-8.965011596679688,-8.47745132446289,-9.029845237731934,,0.013978958129882812,2.7912943363189697
207786,5170147,relevance_end_5,7,decoder_cross_attn,3,per_head,1.0,add,-9.043824195861816,-8.965011596679688,-8.47745132446289,-9.01591968536377,,0.027904510498046875,2.7912943363189697
207786,5170147,relevance_end_5,7,decoder_cross_attn,3,per_head,1.5,add,-9.043824195861816,-8.965011596679688,-8.47745132446289,-9.001914978027344,,0.041909217834472656,2.7912943363189697
207786,5170147,relevance_end_5,10,decoder_cross_attn,6,per_head,0.5,add,-9.043824195861816,-8.965011596679688,-8.47745132446289,-9.039351463317871,,0.0044727325439453125,1.9554365873336792
207786,5170147,relevance_end_5,10,decoder_cross_attn,6,per_head,1.0,add,-9.043824195861816,-8.965011596679688,-8.47745132446289,-9.034873008728027,,0.008951187133789062,1.9554365873336792
207786,5170147,relevance_end_5,10,decoder_cross_attn,6,per_head,1.5,add,-9.043824195861816,-8.965011596679688,-8.47745132446289,-9.030386924743652,,0.013437271118164062,1.9554365873336792
207786,5170147,relevance_end_5,7,decoder_cross_attn,5,per_head,0.5,add,-9.043824195861816,-8.965011596679688,-8.47745132446289,-9.039878845214844,,0.003945350646972656,2.274880886077881
207786,5170147,relevance_end_5,7,decoder_cross_attn,5,per_head,1.0,add,-9.043824195861816,-8.965011596679688,-8.47745132446289,-9.03593635559082,,0.007887840270996094,2.274880886077881
207786,5170147,relevance_end_5,7,decoder_cross_attn,5,per_head,1.5,add,-9.043824195861816,-8.965011596679688,-8.47745132446289,-9.031927108764648,,0.011897087097167969,2.274880886077881
207786,5170147,relevance_end_5,4,decoder_cross_attn,2,per_head,0.5,add,-9.043824195861816,-8.965011596679688,-8.47745132446289,-9.040348052978516,,0.0034761428833007812,1.0704455375671387
207786,5170147,relevance_end_5,4,decoder_cross_attn,2,per_head,1.0,add,-9.043824195861816,-8.965011596679688,-8.47745132446289,-9.036825180053711,,0.006999015808105469,1.0704455375671387
207786,5170147,relevance_end_5,4,decoder_cross_attn,2,per_head,1.5,add,-9.043824195861816,-8.965011596679688,-8.47745132446289,-9.033302307128906,,0.010521888732910156,1.0704455375671387
207786,5170147,relevance_end_5,7,decoder_cross_attn,6,per_head,0.5,add,-9.043824195861816,-8.965011596679688,-8.47745132446289,-9.038844108581543,,0.0049800872802734375,1.165013313293457
207786,5170147,relevance_end_5,7,decoder_cross_attn,6,per_head,1.0,add,-9.043824195861816,-8.965011596679688,-8.47745132446289,-9.033845901489258,,0.009978294372558594,1.165013313293457
207786,5170147,relevance_end_5,7,decoder_cross_attn,6,per_head,1.5,add,-9.043824195861816,-8.965011596679688,-8.47745132446289,-9.028837203979492,,0.014986991882324219,1.165013313293457
207786,5170147,relevance_end_5,11,decoder_cross_attn,2,per_head,0.5,add,-9.043824195861816,-8.965011596679688,-8.47745132446289,-9.036901473999023,,0.006922721862792969,2.1183841228485107
207786,5170147,relevance_end_5,11,decoder_cross_attn,2,per_head,1.0,add,-9.043824195861816,-8.965011596679688,-8.47745132446289,-9.029973983764648,,0.013850212097167969,2.1183841228485107
207786,5170147,relevance_end_5,11,decoder_cross_attn,2,per_head,1.5,add,-9.043824195861816,-8.965011596679688,-8.47745132446289,-9.023027420043945,,0.020796775817871094,2.1183841228485107
207786,5170147,relevance_end_5,5,decoder_cross_attn,7,per_head,0.5,add,-9.043824195861816,-8.965011596679688,-8.47745132446289,-9.036588668823242,,0.007235527038574219,1.3838692903518677
207786,5170147,relevance_end_5,5,decoder_cross_attn,7,per_head,1.0,add,-9.043824195861816,-8.965011596679688,-8.47745132446289,-9.02933406829834,,0.014490127563476562,1.3838692903518677
207786,5170147,relevance_end_5,5,decoder_cross_attn,7,per_head,1.5,add,-9.043824195861816,-8.965011596679688,-8.47745132446289,-9.022075653076172,,0.02174854278564453,1.3838692903518677
207786,5170147,relevance_end_5,6,decoder_cross_attn,9,per_head,0.5,add,-9.043824195861816,-8.965011596679688,-8.47745132446289,-9.03762435913086,,0.006199836730957031,1.6831058263778687
207786,5170147,relevance_end_5,6,decoder_cross_attn,9,per_head,1.0,add,-9.043824195861816,-8.965011596679688,-8.47745132446289,-9.031411170959473,,0.01241302490234375,1.6831058263778687
207786,5170147,relevance_end_5,6,decoder_cross_attn,9,per_head,1.5,add,-9.043824195861816,-8.965011596679688,-8.47745132446289,-9.025099754333496,,0.018724441528320312,1.6831058263778687
207786,5170147,relevance_end_5,0,decoder_cross_attn,5,per_head,0.5,add,-9.043824195861816,-8.965011596679688,-8.47745132446289,-9.040891647338867,,0.0029325485229492188,0.8403618335723877
207786,5170147,relevance_end_5,0,decoder_cross_attn,5,per_head,1.0,add,-9.043824195861816,-8.965011596679688,-8.47745132446289,-9.037939071655273,,0.005885124206542969,0.8403618335723877
207786,5170147,relevance_end_5,0,decoder_cross_attn,5,per_head,1.5,add,-9.043824195861816,-8.965011596679688,-8.47745132446289,-9.03498649597168,,0.008837699890136719,0.8403618335723877
207786,5170147,relevance_end_5,6,decoder_cross_attn,7,per_head,0.5,add,-9.043824195861816,-8.965011596679688,-8.47745132446289,-9.030125617980957,,0.013698577880859375,2.008059024810791
207786,5170147,relevance_end_5,6,decoder_cross_attn,7,per_head,1.0,add,-9.043824195861816,-8.965011596679688,-8.47745132446289,-9.016453742980957,,0.027370452880859375,2.008059024810791
207786,5170147,relevance_end_5,6,decoder_cross_attn,7,per_head,1.5,add,-9.043824195861816,-8.965011596679688,-8.47745132446289,-9.002717971801758,,0.041106224060058594,2.008059024810791
183378,2089154,relevance_end_5,11,decoder_cross_attn,3,per_head,0.5,subtract,-10.180938720703125,-10.237789154052734,-9.760061264038086,-9.781501770019531,0.021440505981445312,,4.913106441497803
183378,2089154,relevance_end_5,11,decoder_cross_attn,3,per_head,1.0,subtract,-10.180938720703125,-10.237789154052734,-9.760061264038086,-9.802886962890625,0.04282569885253906,,4.913106441497803
183378,2089154,relevance_end_5,11,decoder_cross_attn,3,per_head,1.5,subtract,-10.180938720703125,-10.237789154052734,-9.760061264038086,-9.82423210144043,0.06417083740234375,,4.913106441497803
183378,2089154,relevance_end_5,11,decoder_cross_attn,6,per_head,0.5,subtract,-10.180938720703125,-10.237789154052734,-9.760061264038086,-9.770548820495605,0.010487556457519531,,3.656248092651367
183378,2089154,relevance_end_5,11,decoder_cross_attn,6,per_head,1.0,subtract,-10.180938720703125,-10.237789154052734,-9.760061264038086,-9.781018257141113,0.020956993103027344,,3.656248092651367
183378,2089154,relevance_end_5,11,decoder_cross_attn,6,per_head,1.5,subtract,-10.180938720703125,-10.237789154052734,-9.760061264038086,-9.7914457321167,0.03138446807861328,,3.656248092651367
183378,2089154,relevance_end_5,11,decoder_cross_attn,11,per_head,0.5,subtract,-10.180938720703125,-10.237789154052734,-9.760061264038086,-9.776803016662598,0.01674175262451172,,3.6226985454559326
183378,2089154,relevance_end_5,11,decoder_cross_attn,11,per_head,1.0,subtract,-10.180938720703125,-10.237789154052734,-9.760061264038086,-9.7935152053833,0.033453941345214844,,3.6226985454559326
183378,2089154,relevance_end_5,11,decoder_cross_attn,11,per_head,1.5,subtract,-10.180938720703125,-10.237789154052734,-9.760061264038086,-9.810205459594727,0.050144195556640625,,3.6226985454559326
183378,2089154,relevance_end_5,11,decoder_cross_attn,0,per_head,0.5,subtract,-10.180938720703125,-10.237789154052734,-9.760061264038086,-9.766610145568848,0.006548881530761719,,2.1161696910858154
183378,2089154,relevance_end_5,11,decoder_cross_attn,0,per_head,1.0,subtract,-10.180938720703125,-10.237789154052734,-9.760061264038086,-9.773139953613281,0.013078689575195312,,2.1161696910858154
183378,2089154,relevance_end_5,11,decoder_cross_attn,0,per_head,1.5,subtract,-10.180938720703125,-10.237789154052734,-9.760061264038086,-9.779653549194336,0.01959228515625,,2.1161696910858154
183378,2089154,relevance_end_5,11,decoder_self_attn,3,per_head,0.5,subtract,-10.180938720703125,-10.237789154052734,-9.760061264038086,-9.75818920135498,-0.0018720626831054688,,2.173255205154419
183378,2089154,relevance_end_5,11,decoder_self_attn,3,per_head,1.0,subtract,-10.180938720703125,-10.237789154052734,-9.760061264038086,-9.75628662109375,-0.0037746429443359375,,2.173255205154419
183378,2089154,relevance_end_5,11,decoder_self_attn,3,per_head,1.5,subtract,-10.180938720703125,-10.237789154052734,-9.760061264038086,-9.754349708557129,-0.005711555480957031,,2.173255205154419
183378,2089154,relevance_end_5,9,decoder_cross_attn,2,per_head,0.5,subtract,-10.180938720703125,-10.237789154052734,-9.760061264038086,-9.778311729431152,0.018250465393066406,,4.228691101074219
183378,2089154,relevance_end_5,9,decoder_cross_attn,2,per_head,1.0,subtract,-10.180938720703125,-10.237789154052734,-9.760061264038086,-9.796432495117188,0.03637123107910156,,4.228691101074219
183378,2089154,relevance_end_5,9,decoder_cross_attn,2,per_head,1.5,subtract,-10.180938720703125,-10.237789154052734,-9.760061264038086,-9.814444541931152,0.054383277893066406,,4.228691101074219
183378,2089154,relevance_end_5,10,decoder_cross_attn,0,per_head,0.5,subtract,-10.180938720703125,-10.237789154052734,-9.760061264038086,-9.75108528137207,-0.008975982666015625,,12.12502384185791
183378,2089154,relevance_end_5,10,decoder_cross_attn,0,per_head,1.0,subtract,-10.180938720703125,-10.237789154052734,-9.760061264038086,-9.740934371948242,-0.01912689208984375,,12.12502384185791
183378,2089154,relevance_end_5,10,decoder_cross_attn,0,per_head,1.5,subtract,-10.180938720703125,-10.237789154052734,-9.760061264038086,-9.730879783630371,-0.029181480407714844,,12.12502384185791
183378,2089154,relevance_end_5,10,decoder_cross_attn,3,per_head,0.5,subtract,-10.180938720703125,-10.237789154052734,-9.760061264038086,-9.76407527923584,0.004014015197753906,,2.247756242752075
183378,2089154,relevance_end_5,10,decoder_cross_attn,3,per_head,1.0,subtract,-10.180938720703125,-10.237789154052734,-9.760061264038086,-9.768077850341797,0.008016586303710938,,2.247756242752075
183378,2089154,relevance_end_5,10,decoder_cross_attn,3,per_head,1.5,subtract,-10.180938720703125,-10.237789154052734,-9.760061264038086,-9.772075653076172,0.012014389038085938,,2.247756242752075
183378,2089154,relevance_end_5,8,decoder_cross_attn,7,per_head,0.5,subtract,-10.180938720703125,-10.237789154052734,-9.760061264038086,-9.779330253601074,0.01926898956298828,,2.599320650100708
183378,2089154,relevance_end_5,8,decoder_cross_attn,7,per_head,1.0,subtract,-10.180938720703125,-10.237789154052734,-9.760061264038086,-9.79848861694336,0.03842735290527344,,2.599320650100708
183378,2089154,relevance_end_5,8,decoder_cross_attn,7,per_head,1.5,subtract,-10.180938720703125,-10.237789154052734,-9.760061264038086,-9.817559242248535,0.05749797821044922,,2.599320650100708
183378,2089154,relevance_end_5,9,decoder_cross_attn,7,per_head,0.5,subtract,-10.180938720703125,-10.237789154052734,-9.760061264038086,-9.76583194732666,0.005770683288574219,,3.426360607147217
183378,2089154,relevance_end_5,9,decoder_cross_attn,7,per_head,1.0,subtract,-10.180938720703125,-10.237789154052734,-9.760061264038086,-9.771528244018555,0.01146697998046875,,3.426360607147217
183378,2089154,relevance_end_5,9,decoder_cross_attn,7,per_head,1.5,subtract,-10.180938720703125,-10.237789154052734,-9.760061264038086,-9.777318954467773,0.0172576904296875,,3.426360607147217
183378,2089154,relevance_end_5,11,decoder_cross_attn,1,per_head,0.5,subtract,-10.180938720703125,-10.237789154052734,-9.760061264038086,-9.763589859008789,0.003528594970703125,,2.567375898361206
183378,2089154,relevance_end_5,11,decoder_cross_attn,1,per_head,1.0,subtract,-10.180938720703125,-10.237789154052734,-9.760061264038086,-9.767091751098633,0.007030487060546875,,2.567375898361206
183378,2089154,relevance_end_5,11,decoder_cross_attn,1,per_head,1.5,subtract,-10.180938720703125,-10.237789154052734,-9.760061264038086,-9.77058219909668,0.01052093505859375,,2.567375898361206
183378,2089154,relevance_end_5,8,decoder_cross_attn,0,per_head,0.5,subtract,-10.180938720703125,-10.237789154052734,-9.760061264038086,-9.763206481933594,0.0031452178955078125,,2.3537819385528564
183378,2089154,relevance_end_5,8,decoder_cross_attn,0,per_head,1.0,subtract,-10.180938720703125,-10.237789154052734,-9.760061264038086,-9.766369819641113,0.006308555603027344,,2.3537819385528564
183378,2089154,relevance_end_5,8,decoder_cross_attn,0,per_head,1.5,subtract,-10.180938720703125,-10.237789154052734,-9.760061264038086,-9.769585609436035,0.009524345397949219,,2.3537819385528564
183378,2089154,relevance_end_5,7,decoder_cross_attn,3,per_head,0.5,subtract,-10.180938720703125,-10.237789154052734,-9.760061264038086,-9.773219108581543,0.013157844543457031,,2.7912943363189697
183378,2089154,relevance_end_5,7,decoder_cross_attn,3,per_head,1.0,subtract,-10.180938720703125,-10.237789154052734,-9.760061264038086,-9.786378860473633,0.026317596435546875,,2.7912943363189697
183378,2089154,relevance_end_5,7,decoder_cross_attn,3,per_head,1.5,subtract,-10.180938720703125,-10.237789154052734,-9.760061264038086,-9.799590110778809,0.039528846740722656,,2.7912943363189697
183378,2089154,relevance_end_5,10,decoder_cross_attn,6,per_head,0.5,subtract,-10.180938720703125,-10.237789154052734,-9.760061264038086,-9.763991355895996,0.003930091857910156,,1.9554365873336792
183378,2089154,relevance_end_5,10,decoder_cross_attn,6,per_head,1.0,subtract,-10.180938720703125,-10.237789154052734,-9.760061264038086,-9.767926216125488,0.007864952087402344,,1.9554365873336792
183378,2089154,relevance_end_5,10,decoder_cross_attn,6,per_head,1.5,subtract,-10.180938720703125,-10.237789154052734,-9.760061264038086,-9.771852493286133,0.011791229248046875,,1.9554365873336792
183378,2089154,relevance_end_5,7,decoder_cross_attn,5,per_head,0.5,subtract,-10.180938720703125,-10.237789154052734,-9.760061264038086,-9.763137817382812,0.0030765533447265625,,2.274880886077881
183378,2089154,relevance_end_5,7,decoder_cross_attn,5,per_head,1.0,subtract,-10.180938720703125,-10.237789154052734,-9.760061264038086,-9.766124725341797,0.0060634613037109375,,2.274880886077881
183378,2089154,relevance_end_5,7,decoder_cross_attn,5,per_head,1.5,subtract,-10.180938720703125,-10.237789154052734,-9.760061264038086,-9.76910400390625,0.009042739868164062,,2.274880886077881
183378,2089154,relevance_end_5,4,decoder_cross_attn,2,per_head,0.5,subtract,-10.180938720703125,-10.237789154052734,-9.760061264038086,-9.763983726501465,0.003922462463378906,,1.0704455375671387
183378,2089154,relevance_end_5,4,decoder_cross_attn,2,per_head,1.0,subtract,-10.180938720703125,-10.237789154052734,-9.760061264038086,-9.76790714263916,0.007845878601074219,,1.0704455375671387
183378,2089154,relevance_end_5,4,decoder_cross_attn,2,per_head,1.5,subtract,-10.180938720703125,-10.237789154052734,-9.760061264038086,-9.771780014038086,0.01171875,,1.0704455375671387
183378,2089154,relevance_end_5,7,decoder_cross_attn,6,per_head,0.5,subtract,-10.180938720703125,-10.237789154052734,-9.760061264038086,-9.764283180236816,0.004221916198730469,,1.165013313293457
183378,2089154,relevance_end_5,7,decoder_cross_attn,6,per_head,1.0,subtract,-10.180938720703125,-10.237789154052734,-9.760061264038086,-9.768512725830078,0.008451461791992188,,1.165013313293457
183378,2089154,relevance_end_5,7,decoder_cross_attn,6,per_head,1.5,subtract,-10.180938720703125,-10.237789154052734,-9.760061264038086,-9.772699356079102,0.012638092041015625,,1.165013313293457
183378,2089154,relevance_end_5,11,decoder_cross_attn,2,per_head,0.5,subtract,-10.180938720703125,-10.237789154052734,-9.760061264038086,-9.766645431518555,0.00658416748046875,,2.1183841228485107
183378,2089154,relevance_end_5,11,decoder_cross_attn,2,per_head,1.0,subtract,-10.180938720703125,-10.237789154052734,-9.760061264038086,-9.773212432861328,0.013151168823242188,,2.1183841228485107
183378,2089154,relevance_end_5,11,decoder_cross_attn,2,per_head,1.5,subtract,-10.180938720703125,-10.237789154052734,-9.760061264038086,-9.779716491699219,0.019655227661132812,,2.1183841228485107
183378,2089154,relevance_end_5,5,decoder_cross_attn,7,per_head,0.5,subtract,-10.180938720703125,-10.237789154052734,-9.760061264038086,-9.766846656799316,0.006785392761230469,,1.3838692903518677
183378,2089154,relevance_end_5,5,decoder_cross_attn,7,per_head,1.0,subtract,-10.180938720703125,-10.237789154052734,-9.760061264038086,-9.773615837097168,0.013554573059082031,,1.3838692903518677
183378,2089154,relevance_end_5,5,decoder_cross_attn,7,per_head,1.5,subtract,-10.180938720703125,-10.237789154052734,-9.760061264038086,-9.780362129211426,0.020300865173339844,,1.3838692903518677
183378,2089154,relevance_end_5,6,decoder_cross_attn,9,per_head,0.5,subtract,-10.180938720703125,-10.237789154052734,-9.760061264038086,-9.766551971435547,0.0064907073974609375,,1.6831058263778687
183378,2089154,relevance_end_5,6,decoder_cross_attn,9,per_head,1.0,subtract,-10.180938720703125,-10.237789154052734,-9.760061264038086,-9.77304744720459,0.012986183166503906,,1.6831058263778687
183378,2089154,relevance_end_5,6,decoder_cross_attn,9,per_head,1.5,subtract,-10.180938720703125,-10.237789154052734,-9.760061264038086,-9.779635429382324,0.01957416534423828,,1.6831058263778687
183378,2089154,relevance_end_5,0,decoder_cross_attn,5,per_head,0.5,subtract,-10.180938720703125,-10.237789154052734,-9.760061264038086,-9.763225555419922,0.0031642913818359375,,0.8403618335723877
183378,2089154,relevance_end_5,0,decoder_cross_attn,5,per_head,1.0,subtract,-10.180938720703125,-10.237789154052734,-9.760061264038086,-9.766294479370117,0.00623321533203125,,0.8403618335723877
183378,2089154,relevance_end_5,0,decoder_cross_attn,5,per_head,1.5,subtract,-10.180938720703125,-10.237789154052734,-9.760061264038086,-9.769388198852539,0.009326934814453125,,0.8403618335723877
183378,2089154,relevance_end_5,6,decoder_cross_attn,7,per_head,0.5,subtract,-10.180938720703125,-10.237789154052734,-9.760061264038086,-9.772502899169922,0.012441635131835938,,2.008059024810791
183378,2089154,relevance_end_5,6,decoder_cross_attn,7,per_head,1.0,subtract,-10.180938720703125,-10.237789154052734,-9.760061264038086,-9.784921646118164,0.024860382080078125,,2.008059024810791
183378,2089154,relevance_end_5,6,decoder_cross_attn,7,per_head,1.5,subtract,-10.180938720703125,-10.237789154052734,-9.760061264038086,-9.797372817993164,0.037311553955078125,,2.008059024810791
183378,2089154,relevance_end_5,11,decoder_cross_attn,3,per_head,0.5,add,-10.180938720703125,-10.237789154052734,-9.760061264038086,-10.16015338897705,,0.02078533172607422,4.913106441497803
183378,2089154,relevance_end_5,11,decoder_cross_attn,3,per_head,1.0,add,-10.180938720703125,-10.237789154052734,-9.760061264038086,-10.139208793640137,,0.04172992706298828,4.913106441497803
183378,2089154,relevance_end_5,11,decoder_cross_attn,3,per_head,1.5,add,-10.180938720703125,-10.237789154052734,-9.760061264038086,-10.118185997009277,,0.06275272369384766,4.913106441497803
183378,2089154,relevance_end_5,11,decoder_cross_attn,6,per_head,0.5,add,-10.180938720703125,-10.237789154052734,-9.760061264038086,-10.170690536499023,,0.010248184204101562,3.656248092651367
183378,2089154,relevance_end_5,11,decoder_cross_attn,6,per_head,1.0,add,-10.180938720703125,-10.237789154052734,-9.760061264038086,-10.160409927368164,,0.020528793334960938,3.656248092651367
183378,2089154,relevance_end_5,11,decoder_cross_attn,6,per_head,1.5,add,-10.180938720703125,-10.237789154052734,-9.760061264038086,-10.150094985961914,,0.030843734741210938,3.656248092651367
183378,2089154,relevance_end_5,11,decoder_cross_attn,11,per_head,0.5,add,-10.180938720703125,-10.237789154052734,-9.760061264038086,-10.16471004486084,,0.016228675842285156,3.6226985454559326
183378,2089154,relevance_end_5,11,decoder_cross_attn,11,per_head,1.0,add,-10.180938720703125,-10.237789154052734,-9.760061264038086,-10.148338317871094,,0.03260040283203125,3.6226985454559326
183378,2089154,relevance_end_5,11,decoder_cross_attn,11,per_head,1.5,add,-10.180938720703125,-10.237789154052734,-9.760061264038086,-10.131953239440918,,0.04898548126220703,3.6226985454559326
183378,2089154,relevance_end_5,11,decoder_cross_attn,0,per_head,0.5,add,-10.180938720703125,-10.237789154052734,-9.760061264038086,-10.174744606018066,,0.006194114685058594,2.1161696910858154
183378,2089154,relevance_end_5,11,decoder_cross_attn,0,per_head,1.0,add,-10.180938720703125,-10.237789154052734,-9.760061264038086,-10.168424606323242,,0.012514114379882812,2.1161696910858154
183378,2089154,relevance_end_5,11,decoder_cross_attn,0,per_head,1.5,add,-10.180938720703125,-10.237789154052734,-9.760061264038086,-10.162088394165039,,0.018850326538085938,2.1161696910858154
183378,2089154,relevance_end_5,11,decoder_self_attn,3,per_head,0.5,add,-10.180938720703125,-10.237789154052734,-9.760061264038086,-10.182955741882324,,-0.0020170211791992188,2.173255205154419
183378,2089154,relevance_end_5,11,decoder_self_attn,3,per_head,1.0,add,-10.180938720703125,-10.237789154052734,-9.760061264038086,-10.184946060180664,,-0.0040073394775390625,2.173255205154419
183378,2089154,relevance_end_5,11,decoder_self_attn,3,per_head,1.5,add,-10.180938720703125,-10.237789154052734,-9.760061264038086,-10.186843872070312,,-0.0059051513671875,2.173255205154419
183378,2089154,relevance_end_5,9,decoder_cross_attn,2,per_head,0.5,add,-10.180938720703125,-10.237789154052734,-9.760061264038086,-10.16381549835205,,0.01712322235107422,4.228691101074219
183378,2089154,relevance_end_5,9,decoder_cross_attn,2,per_head,1.0,add,-10.180938720703125,-10.237789154052734,-9.760061264038086,-10.14664077758789,,0.034297943115234375,4.228691101074219
183378,2089154,relevance_end_5,9,decoder_cross_attn,2,per_head,1.5,add,-10.180938720703125,-10.237789154052734,-9.760061264038086,-10.129554748535156,,0.05138397216796875,4.228691101074219
183378,2089154,relevance_end_5,10,decoder_cross_attn,0,per_head,0.5,add,-10.180938720703125,-10.237789154052734,-9.760061264038086,-10.189656257629395,,-0.008717536926269531,12.12502384185791
183378,2089154,relevance_end_5,10,decoder_cross_attn,0,per_head,1.0,add,-10.180938720703125,-10.237789154052734,-9.760061264038086,-10.19784927368164,,-0.016910552978515625,12.12502384185791
183378,2089154,relevance_end_5,10,decoder_cross_attn,0,per_head,1.5,add,-10.180938720703125,-10.237789154052734,-9.760061264038086,-10.205084800720215,,-0.024146080017089844,12.12502384185791
183378,2089154,relevance_end_5,10,decoder_cross_attn,3,per_head,0.5,add,-10.180938720703125,-10.237789154052734,-9.760061264038086,-10.177153587341309,,0.0037851333618164062,2.247756242752075
183378,2089154,relevance_end_5,10,decoder_cross_attn,3,per_head,1.0,add,-10.180938720703125,-10.237789154052734,-9.760061264038086,-10.173364639282227,,0.0075740814208984375,2.247756242752075
183378,2089154,relevance_end_5,10,decoder_cross_attn,3,per_head,1.5,add,-10.180938720703125,-10.237789154052734,-9.760061264038086,-10.169529914855957,,0.011408805847167969,2.247756242752075
183378,2089154,relevance_end_5,8,decoder_cross_attn,7,per_head,0.5,add,-10.180938720703125,-10.237789154052734,-9.760061264038086,-10.162445068359375,,0.01849365234375,2.599320650100708
183378,2089154,relevance_end_5,8,decoder_cross_attn,7,per_head,1.0,add,-10.180938720703125,-10.237789154052734,-9.760061264038086,-10.143905639648438,,0.0370330810546875,2.599320650100708
183378,2089154,relevance_end_5,8,decoder_cross_attn,7,per_head,1.5,add,-10.180938720703125,-10.237789154052734,-9.760061264038086,-10.125330924987793,,0.05560779571533203,2.599320650100708
183378,2089154,relevance_end_5,9,decoder_cross_attn,7,per_head,0.5,add,-10.180938720703125,-10.237789154052734,-9.760061264038086,-10.174819946289062,,0.0061187744140625,3.426360607147217
183378,2089154,relevance_end_5,9,decoder_cross_attn,7,per_head,1.0,add,-10.180938720703125,-10.237789154052734,-9.760061264038086,-10.168693542480469,,0.01224517822265625,3.426360607147217
183378,2089154,relevance_end_5,9,decoder_cross_attn,7,per_head,1.5,add,-10.180938720703125,-10.237789154052734,-9.760061264038086,-10.162550926208496,,0.018387794494628906,3.426360607147217
183378,2089154,relevance_end_5,11,decoder_cross_attn,1,per_head,0.5,add,-10.180938720703125,-10.237789154052734,-9.760061264038086,-10.177417755126953,,0.003520965576171875,2.567375898361206
183378,2089154,relevance_end_5,11,decoder_cross_attn,1,per_head,1.0,add,-10.180938720703125,-10.237789154052734,-9.760061264038086,-10.17387580871582,,0.0070629119873046875,2.567375898361206
183378,2089154,relevance_end_5,11,decoder_cross_attn,1,per_head,1.5,add,-10.180938720703125,-10.237789154052734,-9.760061264038086,-10.17032241821289,,0.010616302490234375,2.567375898361206
183378,2089154,relevance_end_5,8,decoder_cross_attn,0,per_head,0.5,add,-10.180938720703125,-10.237789154052734,-9.760061264038086,-10.17802619934082,,0.0029125213623046875,2.3537819385528564
183378,2089154,relevance_end_5,8,decoder_cross_attn,0,per_head,1.0,add,-10.180938720703125,-10.237789154052734,-9.760061264038086,-10.174958229064941,,0.005980491638183594,2.3537819385528564
183378,2089154,relevance_end_5,8,decoder_cross_attn,0,per_head,1.5,add,-10.180938720703125,-10.237789154052734,-9.760061264038086,-10.171893119812012,,0.009045600891113281,2.3537819385528564
183378,2089154,relevance_end_5,7,decoder_cross_attn,3,per_head,0.5,add,-10.180938720703125,-10.237789154052734,-9.760061264038086,-10.167960166931152,,0.012978553771972656,2.7912943363189697
183378,2089154,relevance_end_5,7,decoder_cross_attn,3,per_head,1.0,add,-10.180938720703125,-10.237789154052734,-9.760061264038086,-10.154996871948242,,0.025941848754882812,2.7912943363189697
183378,2089154,relevance_end_5,7,decoder_cross_attn,3,per_head,1.5,add,-10.180938720703125,-10.237789154052734,-9.760061264038086,-10.142148971557617,,0.03878974914550781,2.7912943363189697
183378,2089154,relevance_end_5,10,decoder_cross_attn,6,per_head,0.5,add,-10.180938720703125,-10.237789154052734,-9.760061264038086,-10.176841735839844,,0.00409698486328125,1.9554365873336792
183378,2089154,relevance_end_5,10,decoder_cross_attn,6,per_head,1.0,add,-10.180938720703125,-10.237789154052734,-9.760061264038086,-10.172746658325195,,0.008192062377929688,1.9554365873336792
183378,2089154,relevance_end_5,10,decoder_cross_attn,6,per_head,1.5,add,-10.180938720703125,-10.237789154052734,-9.760061264038086,-10.168778419494629,,0.012160301208496094,1.9554365873336792
183378,2089154,relevance_end_5,7,decoder_cross_attn,5,per_head,0.5,add,-10.180938720703125,-10.237789154052734,-9.760061264038086,-10.177678108215332,,0.0032606124877929688,2.274880886077881
183378,2089154,relevance_end_5,7,decoder_cross_attn,5,per_head,1.0,add,-10.180938720703125,-10.237789154052734,-9.760061264038086,-10.174436569213867,,0.0065021514892578125,2.274880886077881
183378,2089154,relevance_end_5,7,decoder_cross_attn,5,per_head,1.5,add,-10.180938720703125,-10.237789154052734,-9.760061264038086,-10.171128273010254,,0.009810447692871094,2.274880886077881
183378,2089154,relevance_end_5,4,decoder_cross_attn,2,per_head,0.5,add,-10.180938720703125,-10.237789154052734,-9.760061264038086,-10.177108764648438,,0.0038299560546875,1.0704455375671387
183378,2089154,relevance_end_5,4,decoder_cross_attn,2,per_head,1.0,add,-10.180938720703125,-10.237789154052734,-9.760061264038086,-10.173270225524902,,0.007668495178222656,1.0704455375671387
183378,2089154,relevance_end_5,4,decoder_cross_attn,2,per_head,1.5,add,-10.180938720703125,-10.237789154052734,-9.760061264038086,-10.16946029663086,,0.011478424072265625,1.0704455375671387
183378,2089154,relevance_end_5,7,decoder_cross_attn,6,per_head,0.5,add,-10.180938720703125,-10.237789154052734,-9.760061264038086,-10.177057266235352,,0.0038814544677734375,1.165013313293457
183378,2089154,relevance_end_5,7,decoder_cross_attn,6,per_head,1.0,add,-10.180938720703125,-10.237789154052734,-9.760061264038086,-10.173152923583984,,0.007785797119140625,1.165013313293457
183378,2089154,relevance_end_5,7,decoder_cross_attn,6,per_head,1.5,add,-10.180938720703125,-10.237789154052734,-9.760061264038086,-10.169245719909668,,0.011693000793457031,1.165013313293457
183378,2089154,relevance_end_5,11,decoder_cross_attn,2,per_head,0.5,add,-10.180938720703125,-10.237789154052734,-9.760061264038086,-10.174718856811523,,0.0062198638916015625,2.1183841228485107
183378,2089154,relevance_end_5,11,decoder_cross_attn,2,per_head,1.0,add,-10.180938720703125,-10.237789154052734,-9.760061264038086,-10.168370246887207,,0.012568473815917969,2.1183841228485107
183378,2089154,relevance_end_5,11,decoder_cross_attn,2,per_head,1.5,add,-10.180938720703125,-10.237789154052734,-9.760061264038086,-10.162010192871094,,0.01892852783203125,2.1183841228485107
183378,2089154,relevance_end_5,5,decoder_cross_attn,7,per_head,0.5,add,-10.180938720703125,-10.237789154052734,-9.760061264038086,-10.174360275268555,,0.0065784454345703125,1.3838692903518677
183378,2089154,relevance_end_5,5,decoder_cross_attn,7,per_head,1.0,add,-10.180938720703125,-10.237789154052734,-9.760061264038086,-10.167769432067871,,0.013169288635253906,1.3838692903518677
183378,2089154,relevance_end_5,5,decoder_cross_attn,7,per_head,1.5,add,-10.180938720703125,-10.237789154052734,-9.760061264038086,-10.161201477050781,,0.01973724365234375,1.3838692903518677
183378,2089154,relevance_end_5,6,decoder_cross_attn,9,per_head,0.5,add,-10.180938720703125,-10.237789154052734,-9.760061264038086,-10.174942970275879,,0.005995750427246094,1.6831058263778687
183378,2089154,relevance_end_5,6,decoder_cross_attn,9,per_head,1.0,add,-10.180938720703125,-10.237789154052734,-9.760061264038086,-10.168824195861816,,0.012114524841308594,1.6831058263778687
183378,2089154,relevance_end_5,6,decoder_cross_attn,9,per_head,1.5,add,-10.180938720703125,-10.237789154052734,-9.760061264038086,-10.162646293640137,,0.01829242706298828,1.6831058263778687
183378,2089154,relevance_end_5,0,decoder_cross_attn,5,per_head,0.5,add,-10.180938720703125,-10.237789154052734,-9.760061264038086,-10.178140640258789,,0.0027980804443359375,0.8403618335723877
183378,2089154,relevance_end_5,0,decoder_cross_attn,5,per_head,1.0,add,-10.180938720703125,-10.237789154052734,-9.760061264038086,-10.175347328186035,,0.005591392517089844,0.8403618335723877
183378,2089154,relevance_end_5,0,decoder_cross_attn,5,per_head,1.5,add,-10.180938720703125,-10.237789154052734,-9.760061264038086,-10.17248249053955,,0.008456230163574219,0.8403618335723877
183378,2089154,relevance_end_5,6,decoder_cross_attn,7,per_head,0.5,add,-10.180938720703125,-10.237789154052734,-9.760061264038086,-10.168981552124023,,0.011957168579101562,2.008059024810791
183378,2089154,relevance_end_5,6,decoder_cross_attn,7,per_head,1.0,add,-10.180938720703125,-10.237789154052734,-9.760061264038086,-10.157033920288086,,0.023904800415039062,2.008059024810791
183378,2089154,relevance_end_5,6,decoder_cross_attn,7,per_head,1.5,add,-10.180938720703125,-10.237789154052734,-9.760061264038086,-10.145082473754883,,0.03585624694824219,2.008059024810791
130510,5930009,relevance_end_5,11,decoder_cross_attn,3,per_head,0.5,subtract,-12.41527271270752,-12.393619537353516,-11.965620040893555,-11.986536026000977,0.020915985107421875,,4.913106441497803
130510,5930009,relevance_end_5,11,decoder_cross_attn,3,per_head,1.0,subtract,-12.41527271270752,-12.393619537353516,-11.965620040893555,-12.007416725158691,0.04179668426513672,,4.913106441497803
130510,5930009,relevance_end_5,11,decoder_cross_attn,3,per_head,1.5,subtract,-12.41527271270752,-12.393619537353516,-11.965620040893555,-12.028216361999512,0.06259632110595703,,4.913106441497803
130510,5930009,relevance_end_5,11,decoder_cross_attn,6,per_head,0.5,subtract,-12.41527271270752,-12.393619537353516,-11.965620040893555,-11.97612190246582,0.010501861572265625,,3.656248092651367
130510,5930009,relevance_end_5,11,decoder_cross_attn,6,per_head,1.0,subtract,-12.41527271270752,-12.393619537353516,-11.965620040893555,-11.986611366271973,0.02099132537841797,,3.656248092651367
130510,5930009,relevance_end_5,11,decoder_cross_attn,6,per_head,1.5,subtract,-12.41527271270752,-12.393619537353516,-11.965620040893555,-11.997068405151367,0.0314483642578125,,3.656248092651367
130510,5930009,relevance_end_5,11,decoder_cross_attn,11,per_head,0.5,subtract,-12.41527271270752,-12.393619537353516,-11.965620040893555,-11.982038497924805,0.01641845703125,,3.6226985454559326
130510,5930009,relevance_end_5,11,decoder_cross_attn,11,per_head,1.0,subtract,-12.41527271270752,-12.393619537353516,-11.965620040893555,-11.99842643737793,0.032806396484375,,3.6226985454559326
130510,5930009,relevance_end_5,11,decoder_cross_attn,11,per_head,1.5,subtract,-12.41527271270752,-12.393619537353516,-11.965620040893555,-12.014806747436523,0.04918670654296875,,3.6226985454559326
130510,5930009,relevance_end_5,11,decoder_cross_attn,0,per_head,0.5,subtract,-12.41527271270752,-12.393619537353516,-11.965620040893555,-11.971834182739258,0.006214141845703125,,2.1161696910858154
130510,5930009,relevance_end_5,11,decoder_cross_attn,0,per_head,1.0,subtract,-12.41527271270752,-12.393619537353516,-11.965620040893555,-11.978033065795898,0.01241302490234375,,2.1161696910858154
130510,5930009,relevance_end_5,11,decoder_cross_attn,0,per_head,1.5,subtract,-12.41527271270752,-12.393619537353516,-11.965620040893555,-11.98421859741211,0.018598556518554688,,2.1161696910858154
130510,5930009,relevance_end_5,11,decoder_self_attn,3,per_head,0.5,subtract,-12.41527271270752,-12.393619537353516,-11.965620040893555,-11.964344024658203,-0.0012760162353515625,,2.173255205154419
130510,5930009,relevance_end_5,11,decoder_self_attn,3,per_head,1.0,subtract,-12.41527271270752,-12.393619537353516,-11.965620040893555,-11.96303939819336,-0.0025806427001953125,,2.173255205154419
130510,5930009,relevance_end_5,11,decoder_self_attn,3,per_head,1.5,subtract,-12.41527271270752,-12.393619537353516,-11.965620040893555,-11.961711883544922,-0.0039081573486328125,,2.173255205154419
130510,5930009,relevance_end_5,9,decoder_cross_attn,2,per_head,0.5,subtract,-12.41527271270752,-12.393619537353516,-11.965620040893555,-11.980944633483887,0.015324592590332031,,4.228691101074219
130510,5930009,relevance_end_5,9,decoder_cross_attn,2,per_head,1.0,subtract,-12.41527271270752,-12.393619537353516,-11.965620040893555,-11.99605655670166,0.03043651580810547,,4.228691101074219
130510,5930009,relevance_end_5,9,decoder_cross_attn,2,per_head,1.5,subtract,-12.41527271270752,-12.393619537353516,-11.965620040893555,-12.01113224029541,0.04551219940185547,,4.228691101074219
130510,5930009,relevance_end_5,10,decoder_cross_attn,0,per_head,0.5,subtract,-12.41527271270752,-12.393619537353516,-11.965620040893555,-11.957109451293945,-0.008510589599609375,,12.12502384185791
130510,5930009,relevance_end_5,10,decoder_cross_attn,0,per_head,1.0,subtract,-12.41527271270752,-12.393619537353516,-11.965620040893555,-11.947760581970215,-0.017859458923339844,,12.12502384185791
130510,5930009,relevance_end_5,10,decoder_cross_attn,0,per_head,1.5,subtract,-12.41527271270752,-12.393619537353516,-11.965620040893555,-11.937156677246094,-0.028463363647460938,,12.12502384185791
130510,5930009,relevance_end_5,10,decoder_cross_attn,3,per_head,0.5,subtract,-12.41527271270752,-12.393619537353516,-11.965620040893555,-11.967910766601562,0.0022907257080078125,,2.247756242752075
130510,5930009,relevance_end_5,10,decoder_cross_attn,3,per_head,1.0,subtract,-12.41527271270752,-12.393619537353516,-11.965620040893555,-11.97021198272705,0.004591941833496094,,2.247756242752075
130510,5930009,relevance_end_5,10,decoder_cross_attn,3,per_head,1.5,subtract,-12.41527271270752,-12.393619537353516,-11.965620040893555,-11.972519874572754,0.006899833679199219,,2.247756242752075
130510,5930009,relevance_end_5,8,decoder_cross_attn,7,per_head,0.5,subtract,-12.41527271270752,-12.393619537353516,-11.965620040893555,-11.98386001586914,0.018239974975585938,,2.599320650100708
130510,5930009,relevance_end_5,8,decoder_cross_attn,7,per_head,1.0,subtract,-12.41527271270752,-12.393619537353516,-11.965620040893555,-12.001946449279785,0.03632640838623047,,2.599320650100708
130510,5930009,relevance_end_5,8,decoder_cross_attn,7,per_head,1.5,subtract,-12.41527271270752,-12.393619537353516,-11.965620040893555,-12.019631385803223,0.05401134490966797,,2.599320650100708
130510,5930009,relevance_end_5,9,decoder_cross_attn,7,per_head,0.5,subtract,-12.41527271270752,-12.393619537353516,-11.965620040893555,-11.971830368041992,0.0062103271484375,,3.426360607147217
130510,5930009,relevance_end_5,9,decoder_cross_attn,7,per_head,1.0,subtract,-12.41527271270752,-12.393619537353516,-11.965620040893555,-11.977937698364258,0.012317657470703125,,3.426360607147217
130510,5930009,relevance_end_5,9,decoder_cross_attn,7,per_head,1.5,subtract,-12.41527271270752,-12.393619537353516,-11.965620040893555,-11.98402214050293,0.018402099609375,,3.426360607147217
130510,5930009,relevance_end_5,11,decoder_cross_attn,1,per_head,0.5,subtract,-12.41527271270752,-12.393619537353516,-11.965620040893555,-11.96839714050293,0.002777099609375,,2.567375898361206
130510,5930009,relevance_end_5,11,decoder_cross_attn,1,per_head,1.0,subtract,-12.41527271270752,-12.393619537353516,-11.965620040893555,-11.971159934997559,0.005539894104003906,,2.567375898361206
130510,5930009,relevance_end_5,11,decoder_cross_attn,1,per_head,1.5,subtract,-12.41527271270752,-12.393619537353516,-11.965620040893555,-11.973918914794922,0.008298873901367188,,2.567375898361206
130510,5930009,relevance_end_5,8,decoder_cross_attn,0,per_head,0.5,subtract,-12.41527271270752,-12.393619537353516,-11.965620040893555,-11.96947956085205,0.0038595199584960938,,2.3537819385528564
130510,5930009,relevance_end_5,8,decoder_cross_attn,0,per_head,1.0,subtract,-12.41527271270752,-12.393619537353516,-11.965620040893555,-11.973273277282715,0.007653236389160156,,2.3537819385528564
130510,5930009,relevance_end_5,8,decoder_cross_attn,0,per_head,1.5,subtract,-12.41527271270752,-12.393619537353516,-11.965620040893555,-11.976997375488281,0.011377334594726562,,2.3537819385528564
130510,5930009,relevance_end_5,7,decoder_cross_attn,3,per_head,0.5,subtract,-12.41527271270752,-12.393619537353516,-11.965620040893555,-11.977829933166504,0.012209892272949219,,2.7912943363189697
130510,5930009,relevance_end_5,7,decoder_cross_attn,3,per_head,1.0,subtract,-12.41527271270752,-12.393619537353516,-11.965620040893555,-11.990063667297363,0.024443626403808594,,2.7912943363189697
130510,5930009,relevance_end_5,7,decoder_cross_attn,3,per_head,1.5,subtract,-12.41527271270752,-12.393619537353516,-11.965620040893555,-12.002185821533203,0.03656578063964844,,2.7912943363189697
130510,5930009,relevance_end_5,10,decoder_cross_attn,6,per_head,0.5,subtract,-12.41527271270752,-12.393619537353516,-11.965620040893555,-11.969343185424805,0.00372314453125,,1.9554365873336792
130510,5930009,relevance_end_5,10,decoder_cross_attn,6,per_head,1.0,subtract,-12.41527271270752,-12.393619537353516,-11.965620040893555,-11.973053932189941,0.007433891296386719,,1.9554365873336792
130510,5930009,relevance_end_5,10,decoder_cross_attn,6,per_head,1.5,subtract,-12.41527271270752,-12.393619537353516,-11.965620040893555,-11.976771354675293,0.011151313781738281,,1.9554365873336792
130510,5930009,relevance_end_5,7,decoder_cross_attn,5,per_head,0.5,subtract,-12.41527271270752,-12.393619537353516,-11.965620040893555,-11.968098640441895,0.0024785995483398438,,2.274880886077881
130510,5930009,relevance_end_5,7,decoder_cross_attn,5,per_head,1.0,subtract,-12.41527271270752,-12.393619537353516,-11.965620040893555,-11.970611572265625,0.0049915313720703125,,2.274880886077881
130510,5930009,relevance_end_5,7,decoder_cross_attn,5,per_head,1.5,subtract,-12.41527271270752,-12.393619537353516,-11.965620040893555,-11.97311782836914,0.0074977874755859375,,2.274880886077881
130510,5930009,relevance_end_5,4,decoder_cross_attn,2,per_head,0.5,subtract,-12.41527271270752,-12.393619537353516,-11.965620040893555,-11.968632698059082,0.0030126571655273438,,1.0704455375671387
130510,5930009,relevance_end_5,4,decoder_cross_attn,2,per_head,1.0,subtract,-12.41527271270752,-12.393619537353516,-11.965620040893555,-11.971635818481445,0.006015777587890625,,1.0704455375671387
130510,5930009,relevance_end_5,4,decoder_cross_attn,2,per_head,1.5,subtract,-12.41527271270752,-12.393619537353516,-11.965620040893555,-11.974623680114746,0.009003639221191406,,1.0704455375671387
130510,5930009,relevance_end_5,7,decoder_cross_attn,6,per_head,0.5,subtract,-12.41527271270752,-12.393619537353516,-11.965620040893555,-11.969223022460938,0.0036029815673828125,,1.165013313293457
130510,5930009,relevance_end_5,7,decoder_cross_attn,6,per_head,1.0,subtract,-12.41527271270752,-12.393619537353516,-11.965620040893555,-11.972803115844727,0.007183074951171875,,1.165013313293457
130510,5930009,relevance_end_5,7,decoder_cross_attn,6,per_head,1.5,subtract,-12.41527271270752,-12.393619537353516,-11.965620040893555,-11.976344108581543,0.010724067687988281,,1.165013313293457
130510,5930009,relevance_end_5,11,decoder_cross_attn,2,per_head,0.5,subtract,-12.41527271270752,-12.393619537353516,-11.965620040893555,-11.971488952636719,0.0058689117431640625,,2.1183841228485107
130510,5930009,relevance_end_5,11,decoder_cross_attn,2,per_head,1.0,subtract,-12.41527271270752,-12.393619537353516,-11.965620040893555,-11.977354049682617,0.0117340087890625,,2.1183841228485107
130510,5930009,relevance_end_5,11,decoder_cross_attn,2,per_head,1.5,subtract,-12.41527271270752,-12.393619537353516,-11.965620040893555,-11.983214378356934,0.017594337463378906,,2.1183841228485107
130510,5930009,relevance_end_5,5,decoder_cross_attn,7,per_head,0.5,subtract,-12.41527271270752,-12.393619537353516,-11.965620040893555,-11.97199535369873,0.006375312805175781,,1.3838692903518677
130510,5930009,relevance_end_5,5,decoder_cross_attn,7,per_head,1.0,subtract,-12.41527271270752,-12.393619537353516,-11.965620040893555,-11.978363037109375,0.012742996215820312,,1.3838692903518677
130510,5930009,relevance_end_5,5,decoder_cross_attn,7,per_head,1.5,subtract,-12.41527271270752,-12.393619537353516,-11.965620040893555,-11.984697341918945,0.019077301025390625,,1.3838692903518677
130510,5930009,relevance_end_5,6,decoder_cross_attn,9,per_head,0.5,subtract,-12.41527271270752,-12.393619537353516,-11.965620040893555,-11.970370292663574,0.004750251770019531,,1.6831058263778687
130510,5930009,relevance_end_5,6,decoder_cross_attn,9,per_head,1.0,subtract,-12.41527271270752,-12.393619537353516,-11.965620040893555,-11.975056648254395,0.009436607360839844,,1.6831058263778687
130510,5930009,relevance_end_5,6,decoder_cross_attn,9,per_head,1.5,subtract,-12.41527271270752,-12.393619537353516,-11.965620040893555,-11.979765892028809,0.014145851135253906,,1.6831058263778687
130510,5930009,relevance_end_5,0,decoder_cross_attn,5,per_head,0.5,subtract,-12.41527271270752,-12.393619537353516,-11.965620040893555,-11.9684476852417,0.0028276443481445312,,0.8403618335723877
130510,5930009,relevance_end_5,0,decoder_cross_attn,5,per_head,1.0,subtract,-12.41527271270752,-12.393619537353516,-11.965620040893555,-11.971303939819336,0.00568389892578125,,0.8403618335723877
130510,5930009,relevance_end_5,0,decoder_cross_attn,5,per_head,1.5,subtract,-12.41527271270752,-12.393619537353516,-11.965620040893555,-11.9741849899292,0.008564949035644531,,0.8403618335723877
130510,5930009,relevance_end_5,6,decoder_cross_attn,7,per_head,0.5,subtract,-12.41527271270752,-12.393619537353516,-11.965620040893555,-11.977663040161133,0.012042999267578125,,2.008059024810791
130510,5930009,relevance_end_5,6,decoder_cross_attn,7,per_head,1.0,subtract,-12.41527271270752,-12.393619537353516,-11.965620040893555,-11.989609718322754,0.02398967742919922,,2.008059024810791
130510,5930009,relevance_end_5,6,decoder_cross_attn,7,per_head,1.5,subtract,-12.41527271270752,-12.393619537353516,-11.965620040893555,-12.001468658447266,0.03584861755371094,,2.008059024810791
130510,5930009,relevance_end_5,11,decoder_cross_attn,3,per_head,0.5,add,-12.41527271270752,-12.393619537353516,-11.965620040893555,-12.395151138305664,,0.02012157440185547,4.913106441497803
130510,5930009,relevance_end_5,11,decoder_cross_attn,3,per_head,1.0,add,-12.41527271270752,-12.393619537353516,-11.965620040893555,-12.374955177307129,,0.040317535400390625,4.913106441497803
130510,5930009,relevance_end_5,11,decoder_cross_attn,3,per_head,1.5,add,-12.41527271270752,-12.393619537353516,-11.965620040893555,-12.35466194152832,,0.06061077117919922,4.913106441497803
130510,5930009,relevance_end_5,11,decoder_cross_attn,6,per_head,0.5,add,-12.41527271270752,-12.393619537353516,-11.965620040893555,-12.405311584472656,,0.009961128234863281,3.656248092651367
130510,5930009,relevance_end_5,11,decoder_cross_attn,6,per_head,1.0,add,-12.41527271270752,-12.393619537353516,-11.965620040893555,-12.395316123962402,,0.019956588745117188,3.656248092651367
130510,5930009,relevance_end_5,11,decoder_cross_attn,6,per_head,1.5,add,-12.41527271270752,-12.393619537353516,-11.965620040893555,-12.385287284851074,,0.029985427856445312,3.656248092651367
130510,5930009,relevance_end_5,11,decoder_cross_attn,11,per_head,0.5,add,-12.41527271270752,-12.393619537353516,-11.965620040893555,-12.399073600769043,,0.016199111938476562,3.6226985454559326
130510,5930009,relevance_end_5,11,decoder_cross_attn,11,per_head,1.0,add,-12.41527271270752,-12.393619537353516,-11.965620040893555,-12.38300895690918,,0.032263755798339844,3.6226985454559326
130510,5930009,relevance_end_5,11,decoder_cross_attn,11,per_head,1.5,add,-12.41527271270752,-12.393619537353516,-11.965620040893555,-12.366992950439453,,0.048279762268066406,3.6226985454559326
130510,5930009,relevance_end_5,11,decoder_cross_attn,0,per_head,0.5,add,-12.41527271270752,-12.393619537353516,-11.965620040893555,-12.409223556518555,,0.006049156188964844,2.1161696910858154
130510,5930009,relevance_end_5,11,decoder_cross_attn,0,per_head,1.0,add,-12.41527271270752,-12.393619537353516,-11.965620040893555,-12.403158187866211,,0.012114524841308594,2.1161696910858154
130510,5930009,relevance_end_5,11,decoder_cross_attn,0,per_head,1.5,add,-12.41527271270752,-12.393619537353516,-11.965620040893555,-12.397077560424805,,0.018195152282714844,2.1161696910858154
130510,5930009,relevance_end_5,11,decoder_self_attn,3,per_head,0.5,add,-12.41527271270752,-12.393619537353516,-11.965620040893555,-12.41640567779541,,-0.001132965087890625,2.173255205154419
130510,5930009,relevance_end_5,11,decoder_self_attn,3,per_head,1.0,add,-12.41527271270752,-12.393619537353516,-11.965620040893555,-12.417515754699707,,-0.0022430419921875,2.173255205154419
130510,5930009,relevance_end_5,11,decoder_self_attn,3,per_head,1.5,add,-12.41527271270752,-12.393619537353516,-11.965620040893555,-12.418599128723145,,-0.003326416015625,2.173255205154419
130510,5930009,relevance_end_5,9,decoder_cross_attn,2,per_head,0.5,add,-12.41527271270752,-12.393619537353516,-11.965620040893555,-12.40001106262207,,0.015261650085449219,4.228691101074219
130510,5930009,relevance_end_5,9,decoder_cross_attn,2,per_head,1.0,add,-12.41527271270752,-12.393619537353516,-11.965620040893555,-12.38490104675293,,0.030371665954589844,4.228691101074219
130510,5930009,relevance_end_5,9,decoder_cross_attn,2,per_head,1.5,add,-12.41527271270752,-12.393619537353516,-11.965620040893555,-12.369810104370117,,0.045462608337402344,4.228691101074219
130510,5930009,relevance_end_5,10,decoder_cross_attn,0,per_head,0.5,add,-12.41527271270752,-12.393619537353516,-11.965620040893555,-12.422969818115234,,-0.007697105407714844,12.12502384185791
130510,5930009,relevance_end_5,10,decoder_cross_attn,0,per_head,1.0,add,-12.41527271270752,-12.393619537353516,-11.965620040893555,-12.429332733154297,,-0.014060020446777344,12.12502384185791
130510,5930009,relevance_end_5,10,decoder_cross_attn,0,per_head,1.5,add,-12.41527271270752,-12.393619537353516,-11.965620040893555,-12.434635162353516,,-0.019362449645996094,12.12502384185791
130510,5930009,relevance_end_5,10,decoder_cross_attn,3,per_head,0.5,add,-12.41527271270752,-12.393619537353516,-11.965620040893555,-12.413010597229004,,0.002262115478515625,2.247756242752075
130510,5930009,relevance_end_5,10,decoder_cross_attn,3,per_head,1.0,add,-12.41527271270752,-12.393619537353516,-11.965620040893555,-12.410737991333008,,0.004534721374511719,2.247756242752075
130510,5930009,relevance_end_5,10,decoder_cross_attn,3,per_head,1.5,add,-12.41527271270752,-12.393619537353516,-11.965620040893555,-12.408458709716797,,0.006814002990722656,2.247756242752075
130510,5930009,relevance_end_5,8,decoder_cross_attn,7,per_head,0.5,add,-12.41527271270752,-12.393619537353516,-11.965620040893555,-12.397644996643066,,0.017627716064453125,2.599320650100708
130510,5930009,relevance_end_5,8,decoder_cross_attn,7,per_head,1.0,add,-12.41527271270752,-12.393619537353516,-11.965620040893555,-12.380075454711914,,0.03519725799560547,2.599320650100708
130510,5930009,relevance_end_5,8,decoder_cross_attn,7,per_head,1.5,add,-12.41527271270752,-12.393619537353516,-11.965620040893555,-12.36258316040039,,0.052689552307128906,2.599320650100708
130510,5930009,relevance_end_5,9,decoder_cross_attn,7,per_head,0.5,add,-12.41527271270752,-12.393619537353516,-11.965620040893555,-12.40928840637207,,0.005984306335449219,3.426360607147217
130510,5930009,relevance_end_5,9,decoder_cross_attn,7,per_head,1.0,add,-12.41527271270752,-12.393619537353516,-11.965620040893555,-12.403372764587402,,0.011899948120117188,3.426360607147217
130510,5930009,relevance_end_5,9,decoder_cross_attn,7,per_head,1.5,add,-12.41527271270752,-12.393619537353516,-11.965620040893555,-12.397442817687988,,0.01782989501953125,3.426360607147217
130510,5930009,relevance_end_5,11,decoder_cross_attn,1,per_head,0.5,add,-12.41527271270752,-12.393619537353516,-11.965620040893555,-12.412736892700195,,0.0025358200073242188,2.567375898361206
130510,5930009,relevance_end_5,11,decoder_cross_attn,1,per_head,1.0,add,-12.41527271270752,-12.393619537353516,-11.965620040893555,-12.410183906555176,,0.00508880615234375,2.567375898361206
130510,5930009,relevance_end_5,11,decoder_cross_attn,1,per_head,1.5,add,-12.41527271270752,-12.393619537353516,-11.965620040893555,-12.40758991241455,,0.00768280029296875,2.567375898361206
130510,5930009,relevance_end_5,8,decoder_cross_attn,0,per_head,0.5,add,-12.41527271270752,-12.393619537353516,-11.965620040893555,-12.411297798156738,,0.00397491455078125,2.3537819385528564
130510,5930009,relevance_end_5,8,decoder_cross_attn,0,per_head,1.0,add,-12.41527271270752,-12.393619537353516,-11.965620040893555,-12.407323837280273,,0.007948875427246094,2.3537819385528564
130510,5930009,relevance_end_5,8,decoder_cross_attn,0,per_head,1.5,add,-12.41527271270752,-12.393619537353516,-11.965620040893555,-12.403340339660645,,0.011932373046875,2.3537819385528564
130510,5930009,relevance_end_5,7,decoder_cross_attn,3,per_head,0.5,add,-12.41527271270752,-12.393619537353516,-11.965620040893555,-12.403769493103027,,0.011503219604492188,2.7912943363189697
130510,5930009,relevance_end_5,7,decoder_cross_attn,3,per_head,1.0,add,-12.41527271270752,-12.393619537353516,-11.965620040893555,-12.392365455627441,,0.022907257080078125,2.7912943363189697
130510,5930009,relevance_end_5,7,decoder_cross_attn,3,per_head,1.5,add,-12.41527271270752,-12.393619537353516,-11.965620040893555,-12.380956649780273,,0.034316062927246094,2.7912943363189697
130510,5930009,relevance_end_5,10,decoder_cross_attn,6,per_head,0.5,add,-12.41527271270752,-12.393619537353516,-11.965620040893555,-12.411523818969727,,0.0037488937377929688,1.9554365873336792
130510,5930009,relevance_end_5,10,decoder_cross_attn,6,per_head,1.0,add,-12.41527271270752,-12.393619537353516,-11.965620040893555,-12.407774925231934,,0.0074977874755859375,1.9554365873336792
130510,5930009,relevance_end_5,10,decoder_cross_attn,6,per_head,1.5,add,-12.41527271270752,-12.393619537353516,-11.965620040893555,-12.404114723205566,,0.011157989501953125,1.9554365873336792
130510,5930009,relevance_end_5,7,decoder_cross_attn,5,per_head,0.5,add,-12.41527271270752,-12.393619537353516,-11.965620040893555,-12.412750244140625,,0.0025224685668945312,2.274880886077881
130510,5930009,relevance_end_5,7,decoder_cross_attn,5,per_head,1.0,add,-12.41527271270752,-12.393619537353516,-11.965620040893555,-12.41021728515625,,0.005055427551269531,2.274880886077881
130510,5930009,relevance_end_5,7,decoder_cross_attn,5,per_head,1.5,add,-12.41527271270752,-12.393619537353516,-11.965620040893555,-12.407686233520508,,0.007586479187011719,2.274880886077881
130510,5930009,relevance_end_5,4,decoder_cross_attn,2,per_head,0.5,add,-12.41527271270752,-12.393619537353516,-11.965620040893555,-12.412524223327637,,0.0027484893798828125,1.0704455375671387
130510,5930009,relevance_end_5,4,decoder_cross_attn,2,per_head,1.0,add,-12.41527271270752,-12.393619537353516,-11.965620040893555,-12.40973949432373,,0.0055332183837890625,1.0704455375671387
130510,5930009,relevance_end_5,4,decoder_cross_attn,2,per_head,1.5,add,-12.41527271270752,-12.393619537353516,-11.965620040893555,-12.406946182250977,,0.008326530456542969,1.0704455375671387
130510,5930009,relevance_end_5,7,decoder_cross_attn,6,per_head,0.5,add,-12.41527271270752,-12.393619537353516,-11.965620040893555,-12.412015914916992,,0.0032567977905273438,1.165013313293457
130510,5930009,relevance_end_5,7,decoder_cross_attn,6,per_head,1.0,add,-12.41527271270752,-12.393619537353516,-11.965620040893555,-12.408720970153809,,0.0065517425537109375,1.165013313293457
130510,5930009,relevance_end_5,7,decoder_cross_attn,6,per_head,1.5,add,-12.41527271270752,-12.393619537353516,-11.965620040893555,-12.4053955078125,,0.009877204895019531,1.165013313293457
130510,5930009,relevance_end_5,11,decoder_cross_attn,2,per_head,0.5,add,-12.41527271270752,-12.393619537353516,-11.965620040893555,-12.409502983093262,,0.0057697296142578125,2.1183841228485107
130510,5930009,relevance_end_5,11,decoder_cross_attn,2,per_head,1.0,add,-12.41527271270752,-12.393619537353516,-11.965620040893555,-12.403722763061523,,0.011549949645996094,2.1183841228485107
130510,5930009,relevance_end_5,11,decoder_cross_attn,2,per_head,1.5,add,-12.41527271270752,-12.393619537353516,-11.965620040893555,-12.397972106933594,,0.01730060577392578,2.1183841228485107
130510,5930009,relevance_end_5,5,decoder_cross_attn,7,per_head,0.5,add,-12.41527271270752,-12.393619537353516,-11.965620040893555,-12.409393310546875,,0.005879402160644531,1.3838692903518677
130510,5930009,relevance_end_5,5,decoder_cross_attn,7,per_head,1.0,add,-12.41527271270752,-12.393619537353516,-11.965620040893555,-12.40353012084961,,0.011742591857910156,1.3838692903518677
130510,5930009,relevance_end_5,5,decoder_cross_attn,7,per_head,1.5,add,-12.41527271270752,-12.393619537353516,-11.965620040893555,-12.39756965637207,,0.01770305633544922,1.3838692903518677
130510,5930009,relevance_end_5,6,decoder_cross_attn,9,per_head,0.5,add,-12.41527271270752,-12.393619537353516,-11.965620040893555,-12.410964965820312,,0.004307746887207031,1.6831058263778687
130510,5930009,relevance_end_5,6,decoder_cross_attn,9,per_head,1.0,add,-12.41527271270752,-12.393619537353516,-11.965620040893555,-12.406707763671875,,0.008564949035644531,1.6831058263778687
130510,5930009,relevance_end_5,6,decoder_cross_attn,9,per_head,1.5,add,-12.41527271270752,-12.393619537353516,-11.965620040893555,-12.402552604675293,,0.012720108032226562,1.6831058263778687
130510,5930009,relevance_end_5,0,decoder_cross_attn,5,per_head,0.5,add,-12.41527271270752,-12.393619537353516,-11.965620040893555,-12.412944793701172,,0.0023279190063476562,0.8403618335723877
130510,5930009,relevance_end_5,0,decoder_cross_attn,5,per_head,1.0,add,-12.41527271270752,-12.393619537353516,-11.965620040893555,-12.410592079162598,,0.004680633544921875,0.8403618335723877
130510,5930009,relevance_end_5,0,decoder_cross_attn,5,per_head,1.5,add,-12.41527271270752,-12.393619537353516,-11.965620040893555,-12.408195495605469,,0.007077217102050781,0.8403618335723877
130510,5930009,relevance_end_5,6,decoder_cross_attn,7,per_head,0.5,add,-12.41527271270752,-12.393619537353516,-11.965620040893555,-12.404073715209961,,0.011198997497558594,2.008059024810791
130510,5930009,relevance_end_5,6,decoder_cross_attn,7,per_head,1.0,add,-12.41527271270752,-12.393619537353516,-11.965620040893555,-12.39279842376709,,0.022474288940429688,2.008059024810791
130510,5930009,relevance_end_5,6,decoder_cross_attn,7,per_head,1.5,add,-12.41527271270752,-12.393619537353516,-11.965620040893555,-12.381333351135254,,0.033939361572265625,2.008059024810791
1114646,8233327,relevance_end_5,11,decoder_cross_attn,3,per_head,0.5,subtract,-9.91885757446289,-10.004717826843262,-9.581806182861328,-9.603376388549805,0.021570205688476562,,4.913106441497803
1114646,8233327,relevance_end_5,11,decoder_cross_attn,3,per_head,1.0,subtract,-9.91885757446289,-10.004717826843262,-9.581806182861328,-9.624966621398926,0.043160438537597656,,4.913106441497803
1114646,8233327,relevance_end_5,11,decoder_cross_attn,3,per_head,1.5,subtract,-9.91885757446289,-10.004717826843262,-9.581806182861328,-9.646512031555176,0.06470584869384766,,4.913106441497803
1114646,8233327,relevance_end_5,11,decoder_cross_attn,6,per_head,0.5,subtract,-9.91885757446289,-10.004717826843262,-9.581806182861328,-9.592683792114258,0.010877609252929688,,3.656248092651367
1114646,8233327,relevance_end_5,11,decoder_cross_attn,6,per_head,1.0,subtract,-9.91885757446289,-10.004717826843262,-9.581806182861328,-9.60352897644043,0.021722793579101562,,3.656248092651367
1114646,8233327,relevance_end_5,11,decoder_cross_attn,6,per_head,1.5,subtract,-9.91885757446289,-10.004717826843262,-9.581806182861328,-9.614336967468262,0.032530784606933594,,3.656248092651367
1114646,8233327,relevance_end_5,11,decoder_cross_attn,11,per_head,0.5,subtract,-9.91885757446289,-10.004717826843262,-9.581806182861328,-9.599420547485352,0.017614364624023438,,3.6226985454559326
1114646,8233327,relevance_end_5,11,decoder_cross_attn,11,per_head,1.0,subtract,-9.91885757446289,-10.004717826843262,-9.581806182861328,-9.617005348205566,0.03519916534423828,,3.6226985454559326
1114646,8233327,relevance_end_5,11,decoder_cross_attn,11,per_head,1.5,subtract,-9.91885757446289,-10.004717826843262,-9.581806182861328,-9.634571075439453,0.052764892578125,,3.6226985454559326
1114646,8233327,relevance_end_5,11,decoder_cross_attn,0,per_head,0.5,subtract,-9.91885757446289,-10.004717826843262,-9.581806182861328,-9.58887767791748,0.007071495056152344,,2.1161696910858154
1114646,8233327,relevance_end_5,11,decoder_cross_attn,0,per_head,1.0,subtract,-9.91885757446289,-10.004717826843262,-9.581806182861328,-9.595932006835938,0.014125823974609375,,2.1161696910858154
1114646,8233327,relevance_end_5,11,decoder_cross_attn,0,per_head,1.5,subtract,-9.91885757446289,-10.004717826843262,-9.581806182861328,-9.602977752685547,0.02117156982421875,,2.1161696910858154
1114646,8233327,relevance_end_5,11,decoder_self_attn,3,per_head,0.5,subtract,-9.91885757446289,-10.004717826843262,-9.581806182861328,-9.581460952758789,-0.0003452301025390625,,2.173255205154419
1114646,8233327,relevance_end_5,11,decoder_self_attn,3,per_head,1.0,subtract,-9.91885757446289,-10.004717826843262,-9.581806182861328,-9.581095695495605,-0.0007104873657226562,,2.173255205154419
1114646,8233327,relevance_end_5,11,decoder_self_attn,3,per_head,1.5,subtract,-9.91885757446289,-10.004717826843262,-9.581806182861328,-9.580718994140625,-0.001087188720703125,,2.173255205154419
1114646,8233327,relevance_end_5,9,decoder_cross_attn,2,per_head,0.5,subtract,-9.91885757446289,-10.004717826843262,-9.581806182861328,-9.602521896362305,0.020715713500976562,,4.228691101074219
1114646,8233327,relevance_end_5,9,decoder_cross_attn,2,per_head,1.0,subtract,-9.91885757446289,-10.004717826843262,-9.581806182861328,-9.62303638458252,0.041230201721191406,,4.228691101074219
1114646,8233327,relevance_end_5,9,decoder_cross_attn,2,per_head,1.5,subtract,-9.91885757446289,-10.004717826843262,-9.581806182861328,-9.643218040466309,0.06141185760498047,,4.228691101074219
1114646,8233327,relevance_end_5,10,decoder_cross_attn,0,per_head,0.5,subtract,-9.91885757446289,-10.004717826843262,-9.581806182861328,-9.582171440124512,0.00036525726318359375,,12.12502384185791
1114646,8233327,relevance_end_5,10,decoder_cross_attn,0,per_head,1.0,subtract,-9.91885757446289,-10.004717826843262,-9.581806182861328,-9.58194637298584,0.00014019012451171875,,12.12502384185791
1114646,8233327,relevance_end_5,10,decoder_cross_attn,0,per_head,1.5,subtract,-9.91885757446289,-10.004717826843262,-9.581806182861328,-9.581612586975098,-0.00019359588623046875,,12.12502384185791
1114646,8233327,relevance_end_5,10,decoder_cross_attn,3,per_head,0.5,subtract,-9.91885757446289,-10.004717826843262,-9.581806182861328,-9.586350440979004,0.004544258117675781,,2.247756242752075
1114646,8233327,relevance_end_5,10,decoder_cross_attn,3,per_head,1.0,subtract,-9.91885757446289,-10.004717826843262,-9.581806182861328,-9.590909957885742,0.009103775024414062,,2.247756242752075
1114646,8233327,relevance_end_5,10,decoder_cross_attn,3,per_head,1.5,subtract,-9.91885757446289,-10.004717826843262,-9.581806182861328,-9.595466613769531,0.013660430908203125,,2.247756242752075
1114646,8233327,relevance_end_5,8,decoder_cross_attn,7,per_head,0.5,subtract,-9.91885757446289,-10.004717826843262,-9.581806182861328,-9.60505199432373,0.023245811462402344,,2.599320650100708
1114646,8233327,relevance_end_5,8,decoder_cross_attn,7,per_head,1.0,subtract,-9.91885757446289,-10.004717826843262,-9.581806182861328,-9.628225326538086,0.04641914367675781,,2.599320650100708
1114646,8233327,relevance_end_5,8,decoder_cross_attn,7,per_head,1.5,subtract,-9.91885757446289,-10.004717826843262,-9.581806182861328,-9.651092529296875,0.06928634643554688,,2.599320650100708
1114646,8233327,relevance_end_5,9,decoder_cross_attn,7,per_head,0.5,subtract,-9.91885757446289,-10.004717826843262,-9.581806182861328,-9.587977409362793,0.006171226501464844,,3.426360607147217
1114646,8233327,relevance_end_5,9,decoder_cross_attn,7,per_head,1.0,subtract,-9.91885757446289,-10.004717826843262,-9.581806182861328,-9.594141960144043,0.012335777282714844,,3.426360607147217
1114646,8233327,relevance_end_5,9,decoder_cross_attn,7,per_head,1.5,subtract,-9.91885757446289,-10.004717826843262,-9.581806182861328,-9.600061416625977,0.018255233764648438,,3.426360607147217
1114646,8233327,relevance_end_5,11,decoder_cross_attn,1,per_head,0.5,subtract,-9.91885757446289,-10.004717826843262,-9.581806182861328,-9.585317611694336,0.0035114288330078125,,2.567375898361206
1114646,8233327,relevance_end_5,11,decoder_cross_attn,1,per_head,1.0,subtract,-9.91885757446289,-10.004717826843262,-9.581806182861328,-9.588794708251953,0.006988525390625,,2.567375898361206
1114646,8233327,relevance_end_5,11,decoder_cross_attn,1,per_head,1.5,subtract,-9.91885757446289,-10.004717826843262,-9.581806182861328,-9.59221363067627,0.010407447814941406,,2.567375898361206
1114646,8233327,relevance_end_5,8,decoder_cross_attn,0,per_head,0.5,subtract,-9.91885757446289,-10.004717826843262,-9.581806182861328,-9.585494995117188,0.003688812255859375,,2.3537819385528564
1114646,8233327,relevance_end_5,8,decoder_cross_attn,0,per_head,1.0,subtract,-9.91885757446289,-10.004717826843262,-9.581806182861328,-9.589210510253906,0.007404327392578125,,2.3537819385528564
1114646,8233327,relevance_end_5,8,decoder_cross_attn,0,per_head,1.5,subtract,-9.91885757446289,-10.004717826843262,-9.581806182861328,-9.592902183532715,0.011096000671386719,,2.3537819385528564
1114646,8233327,relevance_end_5,7,decoder_cross_attn,3,per_head,0.5,subtract,-9.91885757446289,-10.004717826843262,-9.581806182861328,-9.592318534851074,0.010512351989746094,,2.7912943363189697
1114646,8233327,relevance_end_5,7,decoder_cross_attn,3,per_head,1.0,subtract,-9.91885757446289,-10.004717826843262,-9.581806182861328,-9.602888107299805,0.021081924438476562,,2.7912943363189697
1114646,8233327,relevance_end_5,7,decoder_cross_attn,3,per_head,1.5,subtract,-9.91885757446289,-10.004717826843262,-9.581806182861328,-9.613354682922363,0.031548500061035156,,2.7912943363189697
1114646,8233327,relevance_end_5,10,decoder_cross_attn,6,per_head,0.5,subtract,-9.91885757446289,-10.004717826843262,-9.581806182861328,-9.587079048156738,0.005272865295410156,,1.9554365873336792
1114646,8233327,relevance_end_5,10,decoder_cross_attn,6,per_head,1.0,subtract,-9.91885757446289,-10.004717826843262,-9.581806182861328,-9.592324256896973,0.010518074035644531,,1.9554365873336792
1114646,8233327,relevance_end_5,10,decoder_cross_attn,6,per_head,1.5,subtract,-9.91885757446289,-10.004717826843262,-9.581806182861328,-9.597569465637207,0.015763282775878906,,1.9554365873336792
1114646,8233327,relevance_end_5,7,decoder_cross_attn,5,per_head,0.5,subtract,-9.91885757446289,-10.004717826843262,-9.581806182861328,-9.585012435913086,0.0032062530517578125,,2.274880886077881
1114646,8233327,relevance_end_5,7,decoder_cross_attn,5,per_head,1.0,subtract,-9.91885757446289,-10.004717826843262,-9.581806182861328,-9.588207244873047,0.00640106201171875,,2.274880886077881
1114646,8233327,relevance_end_5,7,decoder_cross_attn,5,per_head,1.5,subtract,-9.91885757446289,-10.004717826843262,-9.581806182861328,-9.591388702392578,0.00958251953125,,2.274880886077881
1114646,8233327,relevance_end_5,4,decoder_cross_attn,2,per_head,0.5,subtract,-9.91885757446289,-10.004717826843262,-9.581806182861328,-9.586295127868652,0.004488945007324219,,1.0704455375671387
1114646,8233327,relevance_end_5,4,decoder_cross_attn,2,per_head,1.0,subtract,-9.91885757446289,-10.004717826843262,-9.581806182861328,-9.590774536132812,0.008968353271484375,,1.0704455375671387
1114646,8233327,relevance_end_5,4,decoder_cross_attn,2,per_head,1.5,subtract,-9.91885757446289,-10.004717826843262,-9.581806182861328,-9.59524917602539,0.0134429931640625,,1.0704455375671387
1114646,8233327,relevance_end_5,7,decoder_cross_attn,6,per_head,0.5,subtract,-9.91885757446289,-10.004717826843262,-9.581806182861328,-9.586865425109863,0.005059242248535156,,1.165013313293457
1114646,8233327,relevance_end_5,7,decoder_cross_attn,6,per_head,1.0,subtract,-9.91885757446289,-10.004717826843262,-9.581806182861328,-9.591907501220703,0.010101318359375,,1.165013313293457
1114646,8233327,relevance_end_5,7,decoder_cross_attn,6,per_head,1.5,subtract,-9.91885757446289,-10.004717826843262,-9.581806182861328,-9.596953392028809,0.015147209167480469,,1.165013313293457
1114646,8233327,relevance_end_5,11,decoder_cross_attn,2,per_head,0.5,subtract,-9.91885757446289,-10.004717826843262,-9.581806182861328,-9.58838176727295,0.006575584411621094,,2.1183841228485107
1114646,8233327,relevance_end_5,11,decoder_cross_attn,2,per_head,1.0,subtract,-9.91885757446289,-10.004717826843262,-9.581806182861328,-9.594948768615723,0.013142585754394531,,2.1183841228485107
1114646,8233327,relevance_end_5,11,decoder_cross_attn,2,per_head,1.5,subtract,-9.91885757446289,-10.004717826843262,-9.581806182861328,-9.601506233215332,0.019700050354003906,,2.1183841228485107
1114646,8233327,relevance_end_5,5,decoder_cross_attn,7,per_head,0.5,subtract,-9.91885757446289,-10.004717826843262,-9.581806182861328,-9.589484214782715,0.007678031921386719,,1.3838692903518677
1114646,8233327,relevance_end_5,5,decoder_cross_attn,7,per_head,1.0,subtract,-9.91885757446289,-10.004717826843262,-9.581806182861328,-9.597164154052734,0.01535797119140625,,1.3838692903518677
1114646,8233327,relevance_end_5,5,decoder_cross_attn,7,per_head,1.5,subtract,-9.91885757446289,-10.004717826843262,-9.581806182861328,-9.604836463928223,0.02303028106689453,,1.3838692903518677
1114646,8233327,relevance_end_5,6,decoder_cross_attn,9,per_head,0.5,subtract,-9.91885757446289,-10.004717826843262,-9.581806182861328,-9.588879585266113,0.007073402404785156,,1.6831058263778687
1114646,8233327,relevance_end_5,6,decoder_cross_attn,9,per_head,1.0,subtract,-9.91885757446289,-10.004717826843262,-9.581806182861328,-9.595932960510254,0.014126777648925781,,1.6831058263778687
1114646,8233327,relevance_end_5,6,decoder_cross_attn,9,per_head,1.5,subtract,-9.91885757446289,-10.004717826843262,-9.581806182861328,-9.6029691696167,0.021162986755371094,,1.6831058263778687
1114646,8233327,relevance_end_5,0,decoder_cross_attn,5,per_head,0.5,subtract,-9.91885757446289,-10.004717826843262,-9.581806182861328,-9.585186958312988,0.0033807754516601562,,0.8403618335723877
1114646,8233327,relevance_end_5,0,decoder_cross_attn,5,per_head,1.0,subtract,-9.91885757446289,-10.004717826843262,-9.581806182861328,-9.588567733764648,0.0067615509033203125,,0.8403618335723877
1114646,8233327,relevance_end_5,0,decoder_cross_attn,5,per_head,1.5,subtract,-9.91885757446289,-10.004717826843262,-9.581806182861328,-9.591925621032715,0.010119438171386719,,0.8403618335723877
1114646,8233327,relevance_end_5,6,decoder_cross_attn,7,per_head,0.5,subtract,-9.91885757446289,-10.004717826843262,-9.581806182861328,-9.596993446350098,0.015187263488769531,,2.008059024810791
1114646,8233327,relevance_end_5,6,decoder_cross_attn,7,per_head,1.0,subtract,-9.91885757446289,-10.004717826843262,-9.581806182861328,-9.61215591430664,0.0303497314453125,,2.008059024810791
1114646,8233327,relevance_end_5,6,decoder_cross_attn,7,per_head,1.5,subtract,-9.91885757446289,-10.004717826843262,-9.581806182861328,-9.627227783203125,0.045421600341796875,,2.008059024810791
1114646,8233327,relevance_end_5,11,decoder_cross_attn,3,per_head,0.5,add,-9.91885757446289,-10.004717826843262,-9.581806182861328,-9.897589683532715,,0.02126789093017578,4.913106441497803
1114646,8233327,relevance_end_5,11,decoder_cross_attn,3,per_head,1.0,add,-9.91885757446289,-10.004717826843262,-9.581806182861328,-9.876265525817871,,0.04259204864501953,4.913106441497803
1114646,8233327,relevance_end_5,11,decoder_cross_attn,3,per_head,1.5,add,-9.91885757446289,-10.004717826843262,-9.581806182861328,-9.855222702026367,,0.06363487243652344,4.913106441497803
1114646,8233327,relevance_end_5,11,decoder_cross_attn,6,per_head,0.5,add,-9.91885757446289,-10.004717826843262,-9.581806182861328,-9.908207893371582,,0.010649681091308594,3.656248092651367
1114646,8233327,relevance_end_5,11,decoder_cross_attn,6,per_head,1.0,add,-9.91885757446289,-10.004717826843262,-9.581806182861328,-9.8975248336792,,0.021332740783691406,3.656248092651367
1114646,8233327,relevance_end_5,11,decoder_cross_attn,6,per_head,1.5,add,-9.91885757446289,-10.004717826843262,-9.581806182861328,-9.886816024780273,,0.03204154968261719,3.656248092651367
1114646,8233327,relevance_end_5,11,decoder_cross_attn,11,per_head,0.5,add,-9.91885757446289,-10.004717826843262,-9.581806182861328,-9.901496887207031,,0.017360687255859375,3.6226985454559326
1114646,8233327,relevance_end_5,11,decoder_cross_attn,11,per_head,1.0,add,-9.91885757446289,-10.004717826843262,-9.581806182861328,-9.884117126464844,,0.034740447998046875,3.6226985454559326
1114646,8233327,relevance_end_5,11,decoder_cross_attn,11,per_head,1.5,add,-9.91885757446289,-10.004717826843262,-9.581806182861328,-9.86671257019043,,0.05214500427246094,3.6226985454559326
1114646,8233327,relevance_end_5,11,decoder_cross_attn,0,per_head,0.5,add,-9.91885757446289,-10.004717826843262,-9.581806182861328,-9.911867141723633,,0.0069904327392578125,2.1161696910858154
1114646,8233327,relevance_end_5,11,decoder_cross_attn,0,per_head,1.0,add,-9.91885757446289,-10.004717826843262,-9.581806182861328,-9.904865264892578,,0.0139923095703125,2.1161696910858154
1114646,8233327,relevance_end_5,11,decoder_cross_attn,0,per_head,1.5,add,-9.91885757446289,-10.004717826843262,-9.581806182861328,-9.897851943969727,,0.021005630493164062,2.1161696910858154
1114646,8233327,relevance_end_5,11,decoder_self_attn,3,per_head,0.5,add,-9.91885757446289,-10.004717826843262,-9.581806182861328,-9.918831825256348,,2.574920654296875e-05,2.173255205154419
1114646,8233327,relevance_end_5,11,decoder_self_attn,3,per_head,1.0,add,-9.91885757446289,-10.004717826843262,-9.581806182861328,-9.91877555847168,,8.20159912109375e-05,2.173255205154419
1114646,8233327,relevance_end_5,11,decoder_self_attn,3,per_head,1.5,add,-9.91885757446289,-10.004717826843262,-9.581806182861328,-9.918707847595215,,0.00014972686767578125,2.173255205154419
1114646,8233327,relevance_end_5,9,decoder_cross_attn,2,per_head,0.5,add,-9.91885757446289,-10.004717826843262,-9.581806182861328,-9.898514747619629,,0.02034282684326172,4.228691101074219
1114646,8233327,relevance_end_5,9,decoder_cross_attn,2,per_head,1.0,add,-9.91885757446289,-10.004717826843262,-9.581806182861328,-9.878148078918457,,0.040709495544433594,4.228691101074219
1114646,8233327,relevance_end_5,9,decoder_cross_attn,2,per_head,1.5,add,-9.91885757446289,-10.004717826843262,-9.581806182861328,-9.857672691345215,,0.06118488311767578,4.228691101074219
1114646,8233327,relevance_end_5,10,decoder_cross_attn,0,per_head,0.5,add,-9.91885757446289,-10.004717826843262,-9.581806182861328,-9.917330741882324,,0.0015268325805664062,12.12502384185791
1114646,8233327,relevance_end_5,10,decoder_cross_attn,0,per_head,1.0,add,-9.91885757446289,-10.004717826843262,-9.581806182861328,-9.91526985168457,,0.0035877227783203125,12.12502384185791
1114646,8233327,relevance_end_5,10,decoder_cross_attn,0,per_head,1.5,add,-9.91885757446289,-10.004717826843262,-9.581806182861328,-9.912396430969238,,0.006461143493652344,12.12502384185791
1114646,8233327,relevance_end_5,10,decoder_cross_attn,3,per_head,0.5,add,-9.91885757446289,-10.004717826843262,-9.581806182861328,-9.914889335632324,,0.003968238830566406,2.247756242752075
1114646,8233327,relevance_end_5,10,decoder_cross_attn,3,per_head,1.0,add,-9.91885757446289,-10.004717826843262,-9.581806182861328,-9.910954475402832,,0.007903099060058594,2.247756242752075
1114646,8233327,relevance_end_5,10,decoder_cross_attn,3,per_head,1.5,add,-9.91885757446289,-10.004717826843262,-9.581806182861328,-9.907028198242188,,0.011829376220703125,2.247756242752075
1114646,8233327,relevance_end_5,8,decoder_cross_attn,7,per_head,0.5,add,-9.91885757446289,-10.004717826843262,-9.581806182861328,-9.896013259887695,,0.022844314575195312,2.599320650100708
1114646,8233327,relevance_end_5,8,decoder_cross_attn,7,per_head,1.0,add,-9.91885757446289,-10.004717826843262,-9.581806182861328,-9.873086929321289,,0.04577064514160156,2.599320650100708
1114646,8233327,relevance_end_5,8,decoder_cross_attn,7,per_head,1.5,add,-9.91885757446289,-10.004717826843262,-9.581806182861328,-9.850008010864258,,0.06884956359863281,2.599320650100708
1114646,8233327,relevance_end_5,9,decoder_cross_attn,7,per_head,0.5,add,-9.91885757446289,-10.004717826843262,-9.581806182861328,-9.912496566772461,,0.0063610076904296875,3.426360607147217
1114646,8233327,relevance_end_5,9,decoder_cross_attn,7,per_head,1.0,add,-9.91885757446289,-10.004717826843262,-9.581806182861328,-9.906115531921387,,0.012742042541503906,3.426360607147217
1114646,8233327,relevance_end_5,9,decoder_cross_attn,7,per_head,1.5,add,-9.91885757446289,-10.004717826843262,-9.581806182861328,-9.899598121643066,,0.01925945281982422,3.426360607147217
1114646,8233327,relevance_end_5,11,decoder_cross_attn,1,per_head,0.5,add,-9.91885757446289,-10.004717826843262,-9.581806182861328,-9.915475845336914,,0.0033817291259765625,2.567375898361206
1114646,8233327,relevance_end_5,11,decoder_cross_attn,1,per_head,1.0,add,-9.91885757446289,-10.004717826843262,-9.581806182861328,-9.912079811096191,,0.006777763366699219,2.567375898361206
1114646,8233327,relevance_end_5,11,decoder_cross_attn,1,per_head,1.5,add,-9.91885757446289,-10.004717826843262,-9.581806182861328,-9.908662796020508,,0.010194778442382812,2.567375898361206
1114646,8233327,relevance_end_5,8,decoder_cross_attn,0,per_head,0.5,add,-9.91885757446289,-10.004717826843262,-9.581806182861328,-9.914973258972168,,0.0038843154907226562,2.3537819385528564
1114646,8233327,relevance_end_5,8,decoder_cross_attn,0,per_head,1.0,add,-9.91885757446289,-10.004717826843262,-9.581806182861328,-9.911103248596191,,0.007754325866699219,2.3537819385528564
1114646,8233327,relevance_end_5,8,decoder_cross_attn,0,per_head,1.5,add,-9.91885757446289,-10.004717826843262,-9.581806182861328,-9.907224655151367,,0.011632919311523438,2.3537819385528564
1114646,8233327,relevance_end_5,7,decoder_cross_attn,3,per_head,0.5,add,-9.91885757446289,-10.004717826843262,-9.581806182861328,-9.907926559448242,,0.010931015014648438,2.7912943363189697
1114646,8233327,relevance_end_5,7,decoder_cross_attn,3,per_head,1.0,add,-9.91885757446289,-10.004717826843262,-9.581806182861328,-9.896970748901367,,0.021886825561523438,2.7912943363189697
1114646,8233327,relevance_end_5,7,decoder_cross_attn,3,per_head,1.5,add,-9.91885757446289,-10.004717826843262,-9.581806182861328,-9.886001586914062,,0.032855987548828125,2.7912943363189697
1114646,8233327,relevance_end_5,10,decoder_cross_attn,6,per_head,0.5,add,-9.91885757446289,-10.004717826843262,-9.581806182861328,-9.914008140563965,,0.004849433898925781,1.9554365873336792
1114646,8233327,relevance_end_5,10,decoder_cross_attn,6,per_head,1.0,add,-9.91885757446289,-10.004717826843262,-9.581806182861328,-9.909151077270508,,0.009706497192382812,1.9554365873336792
1114646,8233327,relevance_end_5,10,decoder_cross_attn,6,per_head,1.5,add,-9.91885757446289,-10.004717826843262,-9.581806182861328,-9.904314994812012,,0.014542579650878906,1.9554365873336792
1114646,8233327,relevance_end_5,7,decoder_cross_attn,5,per_head,0.5,add,-9.91885757446289,-10.004717826843262,-9.581806182861328,-9.915810585021973,,0.0030469894409179688,2.274880886077881
1114646,8233327,relevance_end_5,7,decoder_cross_attn,5,per_head,1.0,add,-9.91885757446289,-10.004717826843262,-9.581806182861328,-9.912683486938477,,0.0061740875244140625,2.274880886077881
1114646,8233327,relevance_end_5,7,decoder_cross_attn,5,per_head,1.5,add,-9.91885757446289,-10.004717826843262,-9.581806182861328,-9.909529685974121,,0.009327888488769531,2.274880886077881
1114646,8233327,relevance_end_5,4,decoder_cross_attn,2,per_head,0.5,add,-9.91885757446289,-10.004717826843262,-9.581806182861328,-9.914515495300293,,0.004342079162597656,1.0704455375671387
1114646,8233327,relevance_end_5,4,decoder_cross_attn,2,per_head,1.0,add,-9.91885757446289,-10.004717826843262,-9.581806182861328,-9.910165786743164,,0.008691787719726562,1.0704455375671387
1114646,8233327,relevance_end_5,4,decoder_cross_attn,2,per_head,1.5,add,-9.91885757446289,-10.004717826843262,-9.581806182861328,-9.905815124511719,,0.013042449951171875,1.0704455375671387
1114646,8233327,relevance_end_5,7,decoder_cross_attn,6,per_head,0.5,add,-9.91885757446289,-10.004717826843262,-9.581806182861328,-9.913899421691895,,0.004958152770996094,1.165013313293457
1114646,8233327,relevance_end_5,7,decoder_cross_attn,6,per_head,1.0,add,-9.91885757446289,-10.004717826843262,-9.581806182861328,-9.908943176269531,,0.009914398193359375,1.165013313293457
1114646,8233327,relevance_end_5,7,decoder_cross_attn,6,per_head,1.5,add,-9.91885757446289,-10.004717826843262,-9.581806182861328,-9.903965950012207,,0.014891624450683594,1.165013313293457
1114646,8233327,relevance_end_5,11,decoder_cross_attn,2,per_head,0.5,add,-9.91885757446289,-10.004717826843262,-9.581806182861328,-9.912430763244629,,0.006426811218261719,2.1183841228485107
1114646,8233327,relevance_end_5,11,decoder_cross_attn,2,per_head,1.0,add,-9.91885757446289,-10.004717826843262,-9.581806182861328,-9.90599250793457,,0.012865066528320312,2.1183841228485107
1114646,8233327,relevance_end_5,11,decoder_cross_attn,2,per_head,1.5,add,-9.91885757446289,-10.004717826843262,-9.581806182861328,-9.899541854858398,,0.019315719604492188,2.1183841228485107
1114646,8233327,relevance_end_5,5,decoder_cross_attn,7,per_head,0.5,add,-9.91885757446289,-10.004717826843262,-9.581806182861328,-9.91108226776123,,0.007775306701660156,1.3838692903518677
1114646,8233327,relevance_end_5,5,decoder_cross_attn,7,per_head,1.0,add,-9.91885757446289,-10.004717826843262,-9.581806182861328,-9.903303146362305,,0.015554428100585938,1.3838692903518677
1114646,8233327,relevance_end_5,5,decoder_cross_attn,7,per_head,1.5,add,-9.91885757446289,-10.004717826843262,-9.581806182861328,-9.89548397064209,,0.02337360382080078,1.3838692903518677
1114646,8233327,relevance_end_5,6,decoder_cross_attn,9,per_head,0.5,add,-9.91885757446289,-10.004717826843262,-9.581806182861328,-9.9116792678833,,0.007178306579589844,1.6831058263778687
1114646,8233327,relevance_end_5,6,decoder_cross_attn,9,per_head,1.0,add,-9.91885757446289,-10.004717826843262,-9.581806182861328,-9.904434204101562,,0.014423370361328125,1.6831058263778687
1114646,8233327,relevance_end_5,6,decoder_cross_attn,9,per_head,1.5,add,-9.91885757446289,-10.004717826843262,-9.581806182861328,-9.897148132324219,,0.021709442138671875,1.6831058263778687
1114646,8233327,relevance_end_5,0,decoder_cross_attn,5,per_head,0.5,add,-9.91885757446289,-10.004717826843262,-9.581806182861328,-9.915745735168457,,0.0031118392944335938,0.8403618335723877
1114646,8233327,relevance_end_5,0,decoder_cross_attn,5,per_head,1.0,add,-9.91885757446289,-10.004717826843262,-9.581806182861328,-9.912612915039062,,0.006244659423828125,0.8403618335723877
1114646,8233327,relevance_end_5,0,decoder_cross_attn,5,per_head,1.5,add,-9.91885757446289,-10.004717826843262,-9.581806182861328,-9.909476280212402,,0.009381294250488281,0.8403618335723877
1114646,8233327,relevance_end_5,6,decoder_cross_attn,7,per_head,0.5,add,-9.91885757446289,-10.004717826843262,-9.581806182861328,-9.903814315795898,,0.015043258666992188,2.008059024810791
1114646,8233327,relevance_end_5,6,decoder_cross_attn,7,per_head,1.0,add,-9.91885757446289,-10.004717826843262,-9.581806182861328,-9.888755798339844,,0.030101776123046875,2.008059024810791
1114646,8233327,relevance_end_5,6,decoder_cross_attn,7,per_head,1.5,add,-9.91885757446289,-10.004717826843262,-9.581806182861328,-9.873629570007324,,0.045228004455566406,2.008059024810791
87452,3068687,relevance_end_5,11,decoder_cross_attn,3,per_head,0.5,subtract,-12.188000679016113,-12.20265007019043,-11.817073822021484,-11.837835311889648,0.020761489868164062,,4.913106441497803
87452,3068687,relevance_end_5,11,decoder_cross_attn,3,per_head,1.0,subtract,-12.188000679016113,-12.20265007019043,-11.817073822021484,-11.85878849029541,0.04171466827392578,,4.913106441497803
87452,3068687,relevance_end_5,11,decoder_cross_attn,3,per_head,1.5,subtract,-12.188000679016113,-12.20265007019043,-11.817073822021484,-11.88023853302002,0.06316471099853516,,4.913106441497803
87452,3068687,relevance_end_5,11,decoder_cross_attn,6,per_head,0.5,subtract,-12.188000679016113,-12.20265007019043,-11.817073822021484,-11.82757568359375,0.010501861572265625,,3.656248092651367
87452,3068687,relevance_end_5,11,decoder_cross_attn,6,per_head,1.0,subtract,-12.188000679016113,-12.20265007019043,-11.817073822021484,-11.838045120239258,0.020971298217773438,,3.656248092651367
87452,3068687,relevance_end_5,11,decoder_cross_attn,6,per_head,1.5,subtract,-12.188000679016113,-12.20265007019043,-11.817073822021484,-11.848484992980957,0.031411170959472656,,3.656248092651367
87452,3068687,relevance_end_5,11,decoder_cross_attn,11,per_head,0.5,subtract,-12.188000679016113,-12.20265007019043,-11.817073822021484,-11.83421516418457,0.017141342163085938,,3.6226985454559326
87452,3068687,relevance_end_5,11,decoder_cross_attn,11,per_head,1.0,subtract,-12.188000679016113,-12.20265007019043,-11.817073822021484,-11.851325988769531,0.034252166748046875,,3.6226985454559326
87452,3068687,relevance_end_5,11,decoder_cross_attn,11,per_head,1.5,subtract,-12.188000679016113,-12.20265007019043,-11.817073822021484,-11.86840534210205,0.051331520080566406,,3.6226985454559326
87452,3068687,relevance_end_5,11,decoder_cross_attn,0,per_head,0.5,subtract,-12.188000679016113,-12.20265007019043,-11.817073822021484,-11.82397174835205,0.006897926330566406,,2.1161696910858154
87452,3068687,relevance_end_5,11,decoder_cross_attn,0,per_head,1.0,subtract,-12.188000679016113,-12.20265007019043,-11.817073822021484,-11.830850601196289,0.013776779174804688,,2.1161696910858154
87452,3068687,relevance_end_5,11,decoder_cross_attn,0,per_head,1.5,subtract,-12.188000679016113,-12.20265007019043,-11.817073822021484,-11.837712287902832,0.020638465881347656,,2.1161696910858154
87452,3068687,relevance_end_5,11,decoder_self_attn,3,per_head,0.5,subtract,-12.188000679016113,-12.20265007019043,-11.817073822021484,-11.815346717834473,-0.0017271041870117188,,2.173255205154419
87452,3068687,relevance_end_5,11,decoder_self_attn,3,per_head,1.0,subtract,-12.188000679016113,-12.20265007019043,-11.817073822021484,-11.813591003417969,-0.003482818603515625,,2.173255205154419
87452,3068687,relevance_end_5,11,decoder_self_attn,3,per_head,1.5,subtract,-12.188000679016113,-12.20265007019043,-11.817073822021484,-11.811802864074707,-0.005270957946777344,,2.173255205154419
87452,3068687,relevance_end_5,9,decoder_cross_attn,2,per_head,0.5,subtract,-12.188000679016113,-12.20265007019043,-11.817073822021484,-11.83816909790039,0.02109527587890625,,4.228691101074219
87452,3068687,relevance_end_5,9,decoder_cross_attn,2,per_head,1.0,subtract,-12.188000679016113,-12.20265007019043,-11.817073822021484,-11.859166145324707,0.042092323303222656,,4.228691101074219
87452,3068687,relevance_end_5,9,decoder_cross_attn,2,per_head,1.5,subtract,-12.188000679016113,-12.20265007019043,-11.817073822021484,-11.880111694335938,0.06303787231445312,,4.228691101074219
87452,3068687,relevance_end_5,10,decoder_cross_attn,0,per_head,0.5,subtract,-12.188000679016113,-12.20265007019043,-11.817073822021484,-11.799605369567871,-0.01746845245361328,,12.12502384185791
87452,3068687,relevance_end_5,10,decoder_cross_attn,0,per_head,1.0,subtract,-12.188000679016113,-12.20265007019043,-11.817073822021484,-11.781834602355957,-0.035239219665527344,,12.12502384185791
87452,3068687,relevance_end_5,10,decoder_cross_attn,0,per_head,1.5,subtract,-12.188000679016113,-12.20265007019043,-11.817073822021484,-11.76241397857666,-0.05465984344482422,,12.12502384185791
87452,3068687,relevance_end_5,10,decoder_cross_attn,3,per_head,0.5,subtract,-12.188000679016113,-12.20265007019043,-11.817073822021484,-11.820403099060059,0.0033292770385742188,,2.247756242752075
87452,3068687,relevance_end_5,10,decoder_cross_attn,3,per_head,1.0,subtract,-12.188000679016113,-12.20265007019043,-11.817073822021484,-11.823724746704102,0.0066509246826171875,,2.247756242752075
87452,3068687,relevance_end_5,10,decoder_cross_attn,3,per_head,1.5,subtract,-12.188000679016113,-12.20265007019043,-11.817073822021484,-11.826998710632324,0.009924888610839844,,2.247756242752075
87452,3068687,relevance_end_5,8,decoder_cross_attn,7,per_head,0.5,subtract,-12.188000679016113,-12.20265007019043,-11.817073822021484,-11.836278915405273,0.019205093383789062,,2.599320650100708
87452,3068687,relevance_end_5,8,decoder_cross_attn,7,per_head,1.0,subtract,-12.188000679016113,-12.20265007019043,-11.817073822021484,-11.855327606201172,0.0382537841796875,,2.599320650100708
87452,3068687,relevance_end_5,8,decoder_cross_attn,7,per_head,1.5,subtract,-12.188000679016113,-12.20265007019043,-11.817073822021484,-11.874349594116211,0.05727577209472656,,2.599320650100708
87452,3068687,relevance_end_5,9,decoder_cross_attn,7,per_head,0.5,subtract,-12.188000679016113,-12.20265007019043,-11.817073822021484,-11.821684837341309,0.004611015319824219,,3.426360607147217
87452,3068687,relevance_end_5,9,decoder_cross_attn,7,per_head,1.0,subtract,-12.188000679016113,-12.20265007019043,-11.817073822021484,-11.826284408569336,0.009210586547851562,,3.426360607147217
87452,3068687,relevance_end_5,9,decoder_cross_attn,7,per_head,1.5,subtract,-12.188000679016113,-12.20265007019043,-11.817073822021484,-11.831079483032227,0.014005661010742188,,3.426360607147217
87452,3068687,relevance_end_5,11,decoder_cross_attn,1,per_head,0.5,subtract,-12.188000679016113,-12.20265007019043,-11.817073822021484,-11.820180892944336,0.0031070709228515625,,2.567375898361206
87452,3068687,relevance_end_5,11,decoder_cross_attn,1,per_head,1.0,subtract,-12.188000679016113,-12.20265007019043,-11.817073822021484,-11.823266983032227,0.0061931610107421875,,2.567375898361206
87452,3068687,relevance_end_5,11,decoder_cross_attn,1,per_head,1.5,subtract,-12.188000679016113,-12.20265007019043,-11.817073822021484,-11.826323509216309,0.009249687194824219,,2.567375898361206
87452,3068687,relevance_end_5,8,decoder_cross_attn,0,per_head,0.5,subtract,-12.188000679016113,-12.20265007019043,-11.817073822021484,-11.819918632507324,0.0028448104858398438,,2.3537819385528564
87452,3068687,relevance_end_5,8,decoder_cross_attn,0,per_head,1.0,subtract,-12.188000679016113,-12.20265007019043,-11.817073822021484,-11.82269287109375,0.005619049072265625,,2.3537819385528564
87452,3068687,relevance_end_5,8,decoder_cross_attn,0,per_head,1.5,subtract,-12.188000679016113,-12.20265007019043,-11.817073822021484,-11.825468063354492,0.008394241333007812,,2.3537819385528564
87452,3068687,relevance_end_5,7,decoder_cross_attn,3,per_head,0.5,subtract,-12.188000679016113,-12.20265007019043,-11.817073822021484,-11.828191757202148,0.011117935180664062,,2.7912943363189697
87452,3068687,relevance_end_5,7,decoder_cross_attn,3,per_head,1.0,subtract,-12.188000679016113,-12.20265007019043,-11.817073822021484,-11.83942699432373,0.022353172302246094,,2.7912943363189697
87452,3068687,relevance_end_5,7,decoder_cross_attn,3,per_head,1.5,subtract,-12.188000679016113,-12.20265007019043,-11.817073822021484,-11.850922584533691,0.03384876251220703,,2.7912943363189697
87452,3068687,relevance_end_5,10,decoder_cross_attn,6,per_head,0.5,subtract,-12.188000679016113,-12.20265007019043,-11.817073822021484,-11.821016311645508,0.0039424896240234375,,1.9554365873336792
87452,3068687,relevance_end_5,10,decoder_cross_attn,6,per_head,1.0,subtract,-12.188000679016113,-12.20265007019043,-11.817073822021484,-11.824918746948242,0.007844924926757812,,1.9554365873336792
87452,3068687,relevance_end_5,10,decoder_cross_attn,6,per_head,1.5,subtract,-12.188000679016113,-12.20265007019043,-11.817073822021484,-11.828813552856445,0.011739730834960938,,1.9554365873336792
87452,3068687,relevance_end_5,7,decoder_cross_attn,5,per_head,0.5,subtract,-12.188000679016113,-12.20265007019043,-11.817073822021484,-11.818501472473145,0.0014276504516601562,,2.274880886077881
87452,3068687,relevance_end_5,7,decoder_cross_attn,5,per_head,1.0,subtract,-12.188000679016113,-12.20265007019043,-11.817073822021484,-11.819958686828613,0.0028848648071289062,,2.274880886077881
87452,3068687,relevance_end_5,7,decoder_cross_attn,5,per_head,1.5,subtract,-12.188000679016113,-12.20265007019043,-11.817073822021484,-11.821352005004883,0.0042781829833984375,,2.274880886077881
87452,3068687,relevance_end_5,4,decoder_cross_attn,2,per_head,0.5,subtract,-12.188000679016113,-12.20265007019043,-11.817073822021484,-11.819171905517578,0.00209808349609375,,1.0704455375671387
87452,3068687,relevance_end_5,4,decoder_cross_attn,2,per_head,1.0,subtract,-12.188000679016113,-12.20265007019043,-11.817073822021484,-11.821268081665039,0.0041942596435546875,,1.0704455375671387
87452,3068687,relevance_end_5,4,decoder_cross_attn,2,per_head,1.5,subtract,-12.188000679016113,-12.20265007019043,-11.817073822021484,-11.823352813720703,0.00627899169921875,,1.0704455375671387
87452,3068687,relevance_end_5,7,decoder_cross_attn,6,per_head,0.5,subtract,-12.188000679016113,-12.20265007019043,-11.817073822021484,-11.820484161376953,0.00341033935546875,,1.165013313293457
87452,3068687,relevance_end_5,7,decoder_cross_attn,6,per_head,1.0,subtract,-12.188000679016113,-12.20265007019043,-11.817073822021484,-11.823898315429688,0.006824493408203125,,1.165013313293457
87452,3068687,relevance_end_5,7,decoder_cross_attn,6,per_head,1.5,subtract,-12.188000679016113,-12.20265007019043,-11.817073822021484,-11.827327728271484,0.01025390625,,1.165013313293457
87452,3068687,relevance_end_5,11,decoder_cross_attn,2,per_head,0.5,subtract,-12.188000679016113,-12.20265007019043,-11.817073822021484,-11.8231840133667,0.006110191345214844,,2.1183841228485107
87452,3068687,relevance_end_5,11,decoder_cross_attn,2,per_head,1.0,subtract,-12.188000679016113,-12.20265007019043,-11.817073822021484,-11.829280853271484,0.01220703125,,2.1183841228485107
87452,3068687,relevance_end_5,11,decoder_cross_attn,2,per_head,1.5,subtract,-12.188000679016113,-12.20265007019043,-11.817073822021484,-11.835372924804688,0.018299102783203125,,2.1183841228485107
87452,3068687,relevance_end_5,5,decoder_cross_attn,7,per_head,0.5,subtract,-12.188000679016113,-12.20265007019043,-11.817073822021484,-11.82217025756836,0.005096435546875,,1.3838692903518677
87452,3068687,relevance_end_5,5,decoder_cross_attn,7,per_head,1.0,subtract,-12.188000679016113,-12.20265007019043,-11.817073822021484,-11.827259063720703,0.01018524169921875,,1.3838692903518677
87452,3068687,relevance_end_5,5,decoder_cross_attn,7,per_head,1.5,subtract,-12.188000679016113,-12.20265007019043,-11.817073822021484,-11.832332611083984,0.0152587890625,,1.3838692903518677
87452,3068687,relevance_end_5,6,decoder_cross_attn,9,per_head,0.5,subtract,-12.188000679016113,-12.20265007019043,-11.817073822021484,-11.8245210647583,0.007447242736816406,,1.6831058263778687
87452,3068687,relevance_end_5,6,decoder_cross_attn,9,per_head,1.0,subtract,-12.188000679016113,-12.20265007019043,-11.817073822021484,-11.832079887390137,0.015006065368652344,,1.6831058263778687
87452,3068687,relevance_end_5,6,decoder_cross_attn,9,per_head,1.5,subtract,-12.188000679016113,-12.20265007019043,-11.817073822021484,-11.839666366577148,0.022592544555664062,,1.6831058263778687
87452,3068687,relevance_end_5,0,decoder_cross_attn,5,per_head,0.5,subtract,-12.188000679016113,-12.20265007019043,-11.817073822021484,-11.819517135620117,0.0024433135986328125,,0.8403618335723877
87452,3068687,relevance_end_5,0,decoder_cross_attn,5,per_head,1.0,subtract,-12.188000679016113,-12.20265007019043,-11.817073822021484,-11.821976661682129,0.004902839660644531,,0.8403618335723877
87452,3068687,relevance_end_5,0,decoder_cross_attn,5,per_head,1.5,subtract,-12.188000679016113,-12.20265007019043,-11.817073822021484,-11.824403762817383,0.0073299407958984375,,0.8403618335723877
87452,3068687,relevance_end_5,6,decoder_cross_attn,7,per_head,0.5,subtract,-12.188000679016113,-12.20265007019043,-11.817073822021484,-11.826409339904785,0.009335517883300781,,2.008059024810791
87452,3068687,relevance_end_5,6,decoder_cross_attn,7,per_head,1.0,subtract,-12.188000679016113,-12.20265007019043,-11.817073822021484,-11.835833549499512,0.018759727478027344,,2.008059024810791
87452,3068687,relevance_end_5,6,decoder_cross_attn,7,per_head,1.5,subtract,-12.188000679016113,-12.20265007019043,-11.817073822021484,-11.84525203704834,0.02817821502685547,,2.008059024810791
87452,3068687,relevance_end_5,11,decoder_cross_attn,3,per_head,0.5,add,-12.188000679016113,-12.20265007019043,-11.817073822021484,-12.167274475097656,,0.02072620391845703,4.913106441497803
87452,3068687,relevance_end_5,11,decoder_cross_attn,3,per_head,1.0,add,-12.188000679016113,-12.20265007019043,-11.817073822021484,-12.146459579467773,,0.041541099548339844,4.913106441497803
87452,3068687,relevance_end_5,11,decoder_cross_attn,3,per_head,1.5,add,-12.188000679016113,-12.20265007019043,-11.817073822021484,-12.125600814819336,,0.062399864196777344,4.913106441497803
87452,3068687,relevance_end_5,11,decoder_cross_attn,6,per_head,0.5,add,-12.188000679016113,-12.20265007019043,-11.817073822021484,-12.176921844482422,,0.011078834533691406,3.656248092651367
87452,3068687,relevance_end_5,11,decoder_cross_attn,6,per_head,1.0,add,-12.188000679016113,-12.20265007019043,-11.817073822021484,-12.165799140930176,,0.0222015380859375,3.656248092651367
87452,3068687,relevance_end_5,11,decoder_cross_attn,6,per_head,1.5,add,-12.188000679016113,-12.20265007019043,-11.817073822021484,-12.15463638305664,,0.033364295959472656,3.656248092651367
87452,3068687,relevance_end_5,11,decoder_cross_attn,11,per_head,0.5,add,-12.188000679016113,-12.20265007019043,-11.817073822021484,-12.17088794708252,,0.01711273193359375,3.6226985454559326
87452,3068687,relevance_end_5,11,decoder_cross_attn,11,per_head,1.0,add,-12.188000679016113,-12.20265007019043,-11.817073822021484,-12.153739929199219,,0.03426074981689453,3.6226985454559326
87452,3068687,relevance_end_5,11,decoder_cross_attn,11,per_head,1.5,add,-12.188000679016113,-12.20265007019043,-11.817073822021484,-12.136554718017578,,0.051445960998535156,3.6226985454559326
87452,3068687,relevance_end_5,11,decoder_cross_attn,0,per_head,0.5,add,-12.188000679016113,-12.20265007019043,-11.817073822021484,-12.181303024291992,,0.006697654724121094,2.1161696910858154
87452,3068687,relevance_end_5,11,decoder_cross_attn,0,per_head,1.0,add,-12.188000679016113,-12.20265007019043,-11.817073822021484,-12.174586296081543,,0.013414382934570312,2.1161696910858154
87452,3068687,relevance_end_5,11,decoder_cross_attn,0,per_head,1.5,add,-12.188000679016113,-12.20265007019043,-11.817073822021484,-12.167850494384766,,0.020150184631347656,2.1161696910858154
87452,3068687,relevance_end_5,11,decoder_self_attn,3,per_head,0.5,add,-12.188000679016113,-12.20265007019043,-11.817073822021484,-12.189525604248047,,-0.0015249252319335938,2.173255205154419
87452,3068687,relevance_end_5,11,decoder_self_attn,3,per_head,1.0,add,-12.188000679016113,-12.20265007019043,-11.817073822021484,-12.191062927246094,,-0.0030622482299804688,2.173255205154419
87452,3068687,relevance_end_5,11,decoder_self_attn,3,per_head,1.5,add,-12.188000679016113,-12.20265007019043,-11.817073822021484,-12.192582130432129,,-0.004581451416015625,2.173255205154419
87452,3068687,relevance_end_5,9,decoder_cross_attn,2,per_head,0.5,add,-12.188000679016113,-12.20265007019043,-11.817073822021484,-12.167919158935547,,0.020081520080566406,4.228691101074219
87452,3068687,relevance_end_5,9,decoder_cross_attn,2,per_head,1.0,add,-12.188000679016113,-12.20265007019043,-11.817073822021484,-12.147666931152344,,0.04033374786376953,4.228691101074219
87452,3068687,relevance_end_5,9,decoder_cross_attn,2,per_head,1.5,add,-12.188000679016113,-12.20265007019043,-11.817073822021484,-12.127315521240234,,0.060685157775878906,4.228691101074219
87452,3068687,relevance_end_5,10,decoder_cross_attn,0,per_head,0.5,add,-12.188000679016113,-12.20265007019043,-11.817073822021484,-12.202497482299805,,-0.014496803283691406,12.12502384185791
87452,3068687,relevance_end_5,10,decoder_cross_attn,0,per_head,1.0,add,-12.188000679016113,-12.20265007019043,-11.817073822021484,-12.215599060058594,,-0.02759838104248047,12.12502384185791
87452,3068687,relevance_end_5,10,decoder_cross_attn,0,per_head,1.5,add,-12.188000679016113,-12.20265007019043,-11.817073822021484,-12.226117134094238,,-0.038116455078125,12.12502384185791
87452,3068687,relevance_end_5,10,decoder_cross_attn,3,per_head,0.5,add,-12.188000679016113,-12.20265007019043,-11.817073822021484,-12.185063362121582,,0.00293731689453125,2.247756242752075
87452,3068687,relevance_end_5,10,decoder_cross_attn,3,per_head,1.0,add,-12.188000679016113,-12.20265007019043,-11.817073822021484,-12.181950569152832,,0.00605010986328125,2.247756242752075
87452,3068687,relevance_end_5,10,decoder_cross_attn,3,per_head,1.5,add,-12.188000679016113,-12.20265007019043,-11.817073822021484,-12.178764343261719,,0.009236335754394531,2.247756242752075
87452,3068687,relevance_end_5,8,decoder_cross_attn,7,per_head,0.5,add,-12.188000679016113,-12.20265007019043,-11.817073822021484,-12.16937255859375,,0.01862812042236328,2.599320650100708
87452,3068687,relevance_end_5,8,decoder_cross_attn,7,per_head,1.0,add,-12.188000679016113,-12.20265007019043,-11.817073822021484,-12.150650978088379,,0.037349700927734375,2.599320650100708
87452,3068687,relevance_end_5,8,decoder_cross_attn,7,per_head,1.5,add,-12.188000679016113,-12.20265007019043,-11.817073822021484,-12.131874084472656,,0.05612659454345703,2.599320650100708
87452,3068687,relevance_end_5,9,decoder_cross_attn,7,per_head,0.5,add,-12.188000679016113,-12.20265007019043,-11.817073822021484,-12.18368911743164,,0.004311561584472656,3.426360607147217
87452,3068687,relevance_end_5,9,decoder_cross_attn,7,per_head,1.0,add,-12.188000679016113,-12.20265007019043,-11.817073822021484,-12.179329872131348,,0.008670806884765625,3.426360607147217
87452,3068687,relevance_end_5,9,decoder_cross_attn,7,per_head,1.5,add,-12.188000679016113,-12.20265007019043,-11.817073822021484,-12.17486572265625,,0.013134956359863281,3.426360607147217
87452,3068687,relevance_end_5,11,decoder_cross_attn,1,per_head,0.5,add,-12.188000679016113,-12.20265007019043,-11.817073822021484,-12.18514633178711,,0.0028543472290039062,2.567375898361206
87452,3068687,relevance_end_5,11,decoder_cross_attn,1,per_head,1.0,add,-12.188000679016113,-12.20265007019043,-11.817073822021484,-12.182268142700195,,0.005732536315917969,2.567375898361206
87452,3068687,relevance_end_5,11,decoder_cross_attn,1,per_head,1.5,add,-12.188000679016113,-12.20265007019043,-11.817073822021484,-12.179364204406738,,0.008636474609375,2.567375898361206
87452,3068687,relevance_end_5,8,decoder_cross_attn,0,per_head,0.5,add,-12.188000679016113,-12.20265007019043,-11.817073822021484,-12.185267448425293,,0.0027332305908203125,2.3537819385528564
87452,3068687,relevance_end_5,8,decoder_cross_attn,0,per_head,1.0,add,-12.188000679016113,-12.20265007019043,-11.817073822021484,-12.182482719421387,,0.0055179595947265625,2.3537819385528564
87452,3068687,relevance_end_5,8,decoder_cross_attn,0,per_head,1.5,add,-12.188000679016113,-12.20265007019043,-11.817073822021484,-12.179697036743164,,0.008303642272949219,2.3537819385528564
87452,3068687,relevance_end_5,7,decoder_cross_attn,3,per_head,0.5,add,-12.188000679016113,-12.20265007019043,-11.817073822021484,-12.176900863647461,,0.011099815368652344,2.7912943363189697
87452,3068687,relevance_end_5,7,decoder_cross_attn,3,per_head,1.0,add,-12.188000679016113,-12.20265007019043,-11.817073822021484,-12.165525436401367,,0.022475242614746094,2.7912943363189697
87452,3068687,relevance_end_5,7,decoder_cross_attn,3,per_head,1.5,add,-12.188000679016113,-12.20265007019043,-11.817073822021484,-12.154027938842773,,0.033972740173339844,2.7912943363189697
87452,3068687,relevance_end_5,10,decoder_cross_attn,6,per_head,0.5,add,-12.188000679016113,-12.20265007019043,-11.817073822021484,-12.184200286865234,,0.0038003921508789062,1.9554365873336792
87452,3068687,relevance_end_5,10,decoder_cross_attn,6,per_head,1.0,add,-12.188000679016113,-12.20265007019043,-11.817073822021484,-12.180388450622559,,0.0076122283935546875,1.9554365873336792
87452,3068687,relevance_end_5,10,decoder_cross_attn,6,per_head,1.5,add,-12.188000679016113,-12.20265007019043,-11.817073822021484,-12.176575660705566,,0.011425018310546875,1.9554365873336792
87452,3068687,relevance_end_5,7,decoder_cross_attn,5,per_head,0.5,add,-12.188000679016113,-12.20265007019043,-11.817073822021484,-12.186552047729492,,0.0014486312866210938,2.274880886077881
87452,3068687,relevance_end_5,7,decoder_cross_attn,5,per_head,1.0,add,-12.188000679016113,-12.20265007019043,-11.817073822021484,-12.185004234313965,,0.0029964447021484375,2.274880886077881
87452,3068687,relevance_end_5,7,decoder_cross_attn,5,per_head,1.5,add,-12.188000679016113,-12.20265007019043,-11.817073822021484,-12.183433532714844,,0.004567146301269531,2.274880886077881
87452,3068687,relevance_end_5,4,decoder_cross_attn,2,per_head,0.5,add,-12.188000679016113,-12.20265007019043,-11.817073822021484,-12.185823440551758,,0.0021772384643554688,1.0704455375671387
87452,3068687,relevance_end_5,4,decoder_cross_attn,2,per_head,1.0,add,-12.188000679016113,-12.20265007019043,-11.817073822021484,-12.183629989624023,,0.004370689392089844,1.0704455375671387
87452,3068687,relevance_end_5,4,decoder_cross_attn,2,per_head,1.5,add,-12.188000679016113,-12.20265007019043,-11.817073822021484,-12.181415557861328,,0.006585121154785156,1.0704455375671387
87452,3068687,relevance_end_5,7,decoder_cross_attn,6,per_head,0.5,add,-12.188000679016113,-12.20265007019043,-11.817073822021484,-12.184508323669434,,0.0034923553466796875,1.165013313293457
87452,3068687,relevance_end_5,7,decoder_cross_attn,6,per_head,1.0,add,-12.188000679016113,-12.20265007019043,-11.817073822021484,-12.180997848510742,,0.007002830505371094,1.165013313293457
87452,3068687,relevance_end_5,7,decoder_cross_attn,6,per_head,1.5,add,-12.188000679016113,-12.20265007019043,-11.817073822021484,-12.177480697631836,,0.010519981384277344,1.165013313293457
87452,3068687,relevance_end_5,11,decoder_cross_attn,2,per_head,0.5,add,-12.188000679016113,-12.20265007019043,-11.817073822021484,-12.181974411010742,,0.006026268005371094,2.1183841228485107
87452,3068687,relevance_end_5,11,decoder_cross_attn,2,per_head,1.0,add,-12.188000679016113,-12.20265007019043,-11.817073822021484,-12.175931930541992,,0.012068748474121094,2.1183841228485107
87452,3068687,relevance_end_5,11,decoder_cross_attn,2,per_head,1.5,add,-12.188000679016113,-12.20265007019043,-11.817073822021484,-12.169878005981445,,0.01812267303466797,2.1183841228485107
87452,3068687,relevance_end_5,5,decoder_cross_attn,7,per_head,0.5,add,-12.188000679016113,-12.20265007019043,-11.817073822021484,-12.182965278625488,,0.005035400390625,1.3838692903518677
87452,3068687,relevance_end_5,5,decoder_cross_attn,7,per_head,1.0,add,-12.188000679016113,-12.20265007019043,-11.817073822021484,-12.177862167358398,,0.010138511657714844,1.3838692903518677
87452,3068687,relevance_end_5,5,decoder_cross_attn,7,per_head,1.5,add,-12.188000679016113,-12.20265007019043,-11.817073822021484,-12.172731399536133,,0.015269279479980469,1.3838692903518677
87452,3068687,relevance_end_5,6,decoder_cross_attn,9,per_head,0.5,add,-12.188000679016113,-12.20265007019043,-11.817073822021484,-12.180530548095703,,0.007470130920410156,1.6831058263778687
87452,3068687,relevance_end_5,6,decoder_cross_attn,9,per_head,1.0,add,-12.188000679016113,-12.20265007019043,-11.817073822021484,-12.17287826538086,,0.015122413635253906,1.6831058263778687
87452,3068687,relevance_end_5,6,decoder_cross_attn,9,per_head,1.5,add,-12.188000679016113,-12.20265007019043,-11.817073822021484,-12.1653413772583,,0.0226593017578125,1.6831058263778687
87452,3068687,relevance_end_5,0,decoder_cross_attn,5,per_head,0.5,add,-12.188000679016113,-12.20265007019043,-11.817073822021484,-12.185749053955078,,0.0022516250610351562,0.8403618335723877
87452,3068687,relevance_end_5,0,decoder_cross_attn,5,per_head,1.0,add,-12.188000679016113,-12.20265007019043,-11.817073822021484,-12.183429718017578,,0.004570960998535156,0.8403618335723877
87452,3068687,relevance_end_5,0,decoder_cross_attn,5,per_head,1.5,add,-12.188000679016113,-12.20265007019043,-11.817073822021484,-12.181048393249512,,0.0069522857666015625,0.8403618335723877
87452,3068687,relevance_end_5,6,decoder_cross_attn,7,per_head,0.5,add,-12.188000679016113,-12.20265007019043,-11.817073822021484,-12.178250312805176,,0.0097503662109375,2.008059024810791
87452,3068687,relevance_end_5,6,decoder_cross_attn,7,per_head,1.0,add,-12.188000679016113,-12.20265007019043,-11.817073822021484,-12.16840648651123,,0.019594192504882812,2.008059024810791
87452,3068687,relevance_end_5,6,decoder_cross_attn,7,per_head,1.5,add,-12.188000679016113,-12.20265007019043,-11.817073822021484,-12.158428192138672,,0.029572486877441406,2.008059024810791
1106007,5434099,relevance_end_5,11,decoder_cross_attn,3,per_head,0.5,subtract,-8.385602951049805,-8.373346328735352,-8.018426895141602,-8.041268348693848,0.022841453552246094,,4.913106441497803
1106007,5434099,relevance_end_5,11,decoder_cross_attn,3,per_head,1.0,subtract,-8.385602951049805,-8.373346328735352,-8.018426895141602,-8.063807487487793,0.045380592346191406,,4.913106441497803
1106007,5434099,relevance_end_5,11,decoder_cross_attn,3,per_head,1.5,subtract,-8.385602951049805,-8.373346328735352,-8.018426895141602,-8.086015701293945,0.06758880615234375,,4.913106441497803
1106007,5434099,relevance_end_5,11,decoder_cross_attn,6,per_head,0.5,subtract,-8.385602951049805,-8.373346328735352,-8.018426895141602,-8.030838012695312,0.012411117553710938,,3.656248092651367
1106007,5434099,relevance_end_5,11,decoder_cross_attn,6,per_head,1.0,subtract,-8.385602951049805,-8.373346328735352,-8.018426895141602,-8.043301582336426,0.02487468719482422,,3.656248092651367
1106007,5434099,relevance_end_5,11,decoder_cross_attn,6,per_head,1.5,subtract,-8.385602951049805,-8.373346328735352,-8.018426895141602,-8.055774688720703,0.03734779357910156,,3.656248092651367
1106007,5434099,relevance_end_5,11,decoder_cross_attn,11,per_head,0.5,subtract,-8.385602951049805,-8.373346328735352,-8.018426895141602,-8.037168502807617,0.018741607666015625,,3.6226985454559326
1106007,5434099,relevance_end_5,11,decoder_cross_attn,11,per_head,1.0,subtract,-8.385602951049805,-8.373346328735352,-8.018426895141602,-8.05588436126709,0.03745746612548828,,3.6226985454559326
1106007,5434099,relevance_end_5,11,decoder_cross_attn,11,per_head,1.5,subtract,-8.385602951049805,-8.373346328735352,-8.018426895141602,-8.074568748474121,0.05614185333251953,,3.6226985454559326
1106007,5434099,relevance_end_5,11,decoder_cross_attn,0,per_head,0.5,subtract,-8.385602951049805,-8.373346328735352,-8.018426895141602,-8.026010513305664,0.0075836181640625,,2.1161696910858154
1106007,5434099,relevance_end_5,11,decoder_cross_attn,0,per_head,1.0,subtract,-8.385602951049805,-8.373346328735352,-8.018426895141602,-8.03358268737793,0.015155792236328125,,2.1161696910858154
1106007,5434099,relevance_end_5,11,decoder_cross_attn,0,per_head,1.5,subtract,-8.385602951049805,-8.373346328735352,-8.018426895141602,-8.041142463684082,0.02271556854248047,,2.1161696910858154
1106007,5434099,relevance_end_5,11,decoder_self_attn,3,per_head,0.5,subtract,-8.385602951049805,-8.373346328735352,-8.018426895141602,-8.018545150756836,0.000118255615234375,,2.173255205154419
1106007,5434099,relevance_end_5,11,decoder_self_attn,3,per_head,1.0,subtract,-8.385602951049805,-8.373346328735352,-8.018426895141602,-8.018655776977539,0.0002288818359375,,2.173255205154419
1106007,5434099,relevance_end_5,11,decoder_self_attn,3,per_head,1.5,subtract,-8.385602951049805,-8.373346328735352,-8.018426895141602,-8.01875114440918,0.000324249267578125,,2.173255205154419
1106007,5434099,relevance_end_5,9,decoder_cross_attn,2,per_head,0.5,subtract,-8.385602951049805,-8.373346328735352,-8.018426895141602,-8.041009902954102,0.0225830078125,,4.228691101074219
1106007,5434099,relevance_end_5,9,decoder_cross_attn,2,per_head,1.0,subtract,-8.385602951049805,-8.373346328735352,-8.018426895141602,-8.063224792480469,0.04479789733886719,,4.228691101074219
1106007,5434099,relevance_end_5,9,decoder_cross_attn,2,per_head,1.5,subtract,-8.385602951049805,-8.373346328735352,-8.018426895141602,-8.085518836975098,0.0670919418334961,,4.228691101074219
1106007,5434099,relevance_end_5,10,decoder_cross_attn,0,per_head,0.5,subtract,-8.385602951049805,-8.373346328735352,-8.018426895141602,-8.024999618530273,0.006572723388671875,,12.12502384185791
1106007,5434099,relevance_end_5,10,decoder_cross_attn,0,per_head,1.0,subtract,-8.385602951049805,-8.373346328735352,-8.018426895141602,-8.030288696289062,0.011861801147460938,,12.12502384185791
1106007,5434099,relevance_end_5,10,decoder_cross_attn,0,per_head,1.5,subtract,-8.385602951049805,-8.373346328735352,-8.018426895141602,-8.032411575317383,0.01398468017578125,,12.12502384185791
1106007,5434099,relevance_end_5,10,decoder_cross_attn,3,per_head,0.5,subtract,-8.385602951049805,-8.373346328735352,-8.018426895141602,-8.024453163146973,0.006026268005371094,,2.247756242752075
1106007,5434099,relevance_end_5,10,decoder_cross_attn,3,per_head,1.0,subtract,-8.385602951049805,-8.373346328735352,-8.018426895141602,-8.030478477478027,0.012051582336425781,,2.247756242752075
1106007,5434099,relevance_end_5,10,decoder_cross_attn,3,per_head,1.5,subtract,-8.385602951049805,-8.373346328735352,-8.018426895141602,-8.036492347717285,0.018065452575683594,,2.247756242752075
1106007,5434099,relevance_end_5,8,decoder_cross_attn,7,per_head,0.5,subtract,-8.385602951049805,-8.373346328735352,-8.018426895141602,-8.039265632629395,0.02083873748779297,,2.599320650100708
1106007,5434099,relevance_end_5,8,decoder_cross_attn,7,per_head,1.0,subtract,-8.385602951049805,-8.373346328735352,-8.018426895141602,-8.059746742248535,0.041319847106933594,,2.599320650100708
1106007,5434099,relevance_end_5,8,decoder_cross_attn,7,per_head,1.5,subtract,-8.385602951049805,-8.373346328735352,-8.018426895141602,-8.080070495605469,0.06164360046386719,,2.599320650100708
1106007,5434099,relevance_end_5,9,decoder_cross_attn,7,per_head,0.5,subtract,-8.385602951049805,-8.373346328735352,-8.018426895141602,-8.027193069458008,0.00876617431640625,,3.426360607147217
1106007,5434099,relevance_end_5,9,decoder_cross_attn,7,per_head,1.0,subtract,-8.385602951049805,-8.373346328735352,-8.018426895141602,-8.035745620727539,0.0173187255859375,,3.426360607147217
1106007,5434099,relevance_end_5,9,decoder_cross_attn,7,per_head,1.5,subtract,-8.385602951049805,-8.373346328735352,-8.018426895141602,-8.04426383972168,0.025836944580078125,,3.426360607147217
1106007,5434099,relevance_end_5,11,decoder_cross_attn,1,per_head,0.5,subtract,-8.385602951049805,-8.373346328735352,-8.018426895141602,-8.022340774536133,0.00391387939453125,,2.567375898361206
1106007,5434099,relevance_end_5,11,decoder_cross_attn,1,per_head,1.0,subtract,-8.385602951049805,-8.373346328735352,-8.018426895141602,-8.026236534118652,0.007809638977050781,,2.567375898361206
1106007,5434099,relevance_end_5,11,decoder_cross_attn,1,per_head,1.5,subtract,-8.385602951049805,-8.373346328735352,-8.018426895141602,-8.030132293701172,0.011705398559570312,,2.567375898361206
1106007,5434099,relevance_end_5,8,decoder_cross_attn,0,per_head,0.5,subtract,-8.385602951049805,-8.373346328735352,-8.018426895141602,-8.024306297302246,0.005879402160644531,,2.3537819385528564
1106007,5434099,relevance_end_5,8,decoder_cross_attn,0,per_head,1.0,subtract,-8.385602951049805,-8.373346328735352,-8.018426895141602,-8.029977798461914,0.0115509033203125,,2.3537819385528564
1106007,5434099,relevance_end_5,8,decoder_cross_attn,0,per_head,1.5,subtract,-8.385602951049805,-8.373346328735352,-8.018426895141602,-8.035558700561523,0.017131805419921875,,2.3537819385528564
1106007,5434099,relevance_end_5,7,decoder_cross_attn,3,per_head,0.5,subtract,-8.385602951049805,-8.373346328735352,-8.018426895141602,-8.032966613769531,0.014539718627929688,,2.7912943363189697
1106007,5434099,relevance_end_5,7,decoder_cross_attn,3,per_head,1.0,subtract,-8.385602951049805,-8.373346328735352,-8.018426895141602,-8.047250747680664,0.0288238525390625,,2.7912943363189697
1106007,5434099,relevance_end_5,7,decoder_cross_attn,3,per_head,1.5,subtract,-8.385602951049805,-8.373346328735352,-8.018426895141602,-8.061346054077148,0.042919158935546875,,2.7912943363189697
1106007,5434099,relevance_end_5,10,decoder_cross_attn,6,per_head,0.5,subtract,-8.385602951049805,-8.373346328735352,-8.018426895141602,-8.023801803588867,0.005374908447265625,,1.9554365873336792
1106007,5434099,relevance_end_5,10,decoder_cross_attn,6,per_head,1.0,subtract,-8.385602951049805,-8.373346328735352,-8.018426895141602,-8.029169082641602,0.0107421875,,1.9554365873336792
1106007,5434099,relevance_end_5,10,decoder_cross_attn,6,per_head,1.5,subtract,-8.385602951049805,-8.373346328735352,-8.018426895141602,-8.034540176391602,0.01611328125,,1.9554365873336792
1106007,5434099,relevance_end_5,7,decoder_cross_attn,5,per_head,0.5,subtract,-8.385602951049805,-8.373346328735352,-8.018426895141602,-8.02293586730957,0.00450897216796875,,2.274880886077881
1106007,5434099,relevance_end_5,7,decoder_cross_attn,5,per_head,1.0,subtract,-8.385602951049805,-8.373346328735352,-8.018426895141602,-8.027265548706055,0.008838653564453125,,2.274880886077881
1106007,5434099,relevance_end_5,7,decoder_cross_attn,5,per_head,1.5,subtract,-8.385602951049805,-8.373346328735352,-8.018426895141602,-8.031529426574707,0.013102531433105469,,2.274880886077881
1106007,5434099,relevance_end_5,4,decoder_cross_attn,2,per_head,0.5,subtract,-8.385602951049805,-8.373346328735352,-8.018426895141602,-8.022375106811523,0.003948211669921875,,1.0704455375671387
1106007,5434099,relevance_end_5,4,decoder_cross_attn,2,per_head,1.0,subtract,-8.385602951049805,-8.373346328735352,-8.018426895141602,-8.026323318481445,0.00789642333984375,,1.0704455375671387
1106007,5434099,relevance_end_5,4,decoder_cross_attn,2,per_head,1.5,subtract,-8.385602951049805,-8.373346328735352,-8.018426895141602,-8.03027629852295,0.011849403381347656,,1.0704455375671387
1106007,5434099,relevance_end_5,7,decoder_cross_attn,6,per_head,0.5,subtract,-8.385602951049805,-8.373346328735352,-8.018426895141602,-8.022651672363281,0.0042247772216796875,,1.165013313293457
1106007,5434099,relevance_end_5,7,decoder_cross_attn,6,per_head,1.0,subtract,-8.385602951049805,-8.373346328735352,-8.018426895141602,-8.026870727539062,0.008443832397460938,,1.165013313293457
1106007,5434099,relevance_end_5,7,decoder_cross_attn,6,per_head,1.5,subtract,-8.385602951049805,-8.373346328735352,-8.018426895141602,-8.03107738494873,0.012650489807128906,,1.165013313293457
1106007,5434099,relevance_end_5,11,decoder_cross_attn,2,per_head,0.5,subtract,-8.385602951049805,-8.373346328735352,-8.018426895141602,-8.025736808776855,0.007309913635253906,,2.1183841228485107
1106007,5434099,relevance_end_5,11,decoder_cross_attn,2,per_head,1.0,subtract,-8.385602951049805,-8.373346328735352,-8.018426895141602,-8.033035278320312,0.014608383178710938,,2.1183841228485107
1106007,5434099,relevance_end_5,11,decoder_cross_attn,2,per_head,1.5,subtract,-8.385602951049805,-8.373346328735352,-8.018426895141602,-8.040324211120605,0.021897315979003906,,2.1183841228485107
1106007,5434099,relevance_end_5,5,decoder_cross_attn,7,per_head,0.5,subtract,-8.385602951049805,-8.373346328735352,-8.018426895141602,-8.02522087097168,0.006793975830078125,,1.3838692903518677
1106007,5434099,relevance_end_5,5,decoder_cross_attn,7,per_head,1.0,subtract,-8.385602951049805,-8.373346328735352,-8.018426895141602,-8.032011032104492,0.013584136962890625,,1.3838692903518677
1106007,5434099,relevance_end_5,5,decoder_cross_attn,7,per_head,1.5,subtract,-8.385602951049805,-8.373346328735352,-8.018426895141602,-8.038780212402344,0.020353317260742188,,1.3838692903518677
1106007,5434099,relevance_end_5,6,decoder_cross_attn,9,per_head,0.5,subtract,-8.385602951049805,-8.373346328735352,-8.018426895141602,-8.024724006652832,0.006297111511230469,,1.6831058263778687
1106007,5434099,relevance_end_5,6,decoder_cross_attn,9,per_head,1.0,subtract,-8.385602951049805,-8.373346328735352,-8.018426895141602,-8.030998229980469,0.012571334838867188,,1.6831058263778687
1106007,5434099,relevance_end_5,6,decoder_cross_attn,9,per_head,1.5,subtract,-8.385602951049805,-8.373346328735352,-8.018426895141602,-8.03720760345459,0.01878070831298828,,1.6831058263778687
1106007,5434099,relevance_end_5,0,decoder_cross_attn,5,per_head,0.5,subtract,-8.385602951049805,-8.373346328735352,-8.018426895141602,-8.022040367126465,0.0036134719848632812,,0.8403618335723877
1106007,5434099,relevance_end_5,0,decoder_cross_attn,5,per_head,1.0,subtract,-8.385602951049805,-8.373346328735352,-8.018426895141602,-8.025635719299316,0.007208824157714844,,0.8403618335723877
1106007,5434099,relevance_end_5,0,decoder_cross_attn,5,per_head,1.5,subtract,-8.385602951049805,-8.373346328735352,-8.018426895141602,-8.02922248840332,0.01079559326171875,,0.8403618335723877
1106007,5434099,relevance_end_5,6,decoder_cross_attn,7,per_head,0.5,subtract,-8.385602951049805,-8.373346328735352,-8.018426895141602,-8.032039642333984,0.013612747192382812,,2.008059024810791
1106007,5434099,relevance_end_5,6,decoder_cross_attn,7,per_head,1.0,subtract,-8.385602951049805,-8.373346328735352,-8.018426895141602,-8.045646667480469,0.027219772338867188,,2.008059024810791
1106007,5434099,relevance_end_5,6,decoder_cross_attn,7,per_head,1.5,subtract,-8.385602951049805,-8.373346328735352,-8.018426895141602,-8.058929443359375,0.04050254821777344,,2.008059024810791
1106007,5434099,relevance_end_5,11,decoder_cross_attn,3,per_head,0.5,add,-8.385602951049805,-8.373346328735352,-8.018426895141602,-8.36348819732666,,0.02211475372314453,4.913106441497803
1106007,5434099,relevance_end_5,11,decoder_cross_attn,3,per_head,1.0,add,-8.385602951049805,-8.373346328735352,-8.018426895141602,-8.341327667236328,,0.04427528381347656,4.913106441497803
1106007,5434099,relevance_end_5,11,decoder_cross_attn,3,per_head,1.5,add,-8.385602951049805,-8.373346328735352,-8.018426895141602,-8.319124221801758,,0.06647872924804688,4.913106441497803
1106007,5434099,relevance_end_5,11,decoder_cross_attn,6,per_head,0.5,add,-8.385602951049805,-8.373346328735352,-8.018426895141602,-8.37328052520752,,0.012322425842285156,3.656248092651367
1106007,5434099,relevance_end_5,11,decoder_cross_attn,6,per_head,1.0,add,-8.385602951049805,-8.373346328735352,-8.018426895141602,-8.360931396484375,,0.024671554565429688,3.656248092651367
1106007,5434099,relevance_end_5,11,decoder_cross_attn,6,per_head,1.5,add,-8.385602951049805,-8.373346328735352,-8.018426895141602,-8.348608016967773,,0.03699493408203125,3.656248092651367
1106007,5434099,relevance_end_5,11,decoder_cross_attn,11,per_head,0.5,add,-8.385602951049805,-8.373346328735352,-8.018426895141602,-8.367076873779297,,0.018526077270507812,3.6226985454559326
1106007,5434099,relevance_end_5,11,decoder_cross_attn,11,per_head,1.0,add,-8.385602951049805,-8.373346328735352,-8.018426895141602,-8.348540306091309,,0.037062644958496094,3.6226985454559326
1106007,5434099,relevance_end_5,11,decoder_cross_attn,11,per_head,1.5,add,-8.385602951049805,-8.373346328735352,-8.018426895141602,-8.329976081848145,,0.055626869201660156,3.6226985454559326
1106007,5434099,relevance_end_5,11,decoder_cross_attn,0,per_head,0.5,add,-8.385602951049805,-8.373346328735352,-8.018426895141602,-8.378117561340332,,0.007485389709472656,2.1161696910858154
1106007,5434099,relevance_end_5,11,decoder_cross_attn,0,per_head,1.0,add,-8.385602951049805,-8.373346328735352,-8.018426895141602,-8.370624542236328,,0.014978408813476562,2.1161696910858154
1106007,5434099,relevance_end_5,11,decoder_cross_attn,0,per_head,1.5,add,-8.385602951049805,-8.373346328735352,-8.018426895141602,-8.363118171691895,,0.022484779357910156,2.1161696910858154
1106007,5434099,relevance_end_5,11,decoder_self_attn,3,per_head,0.5,add,-8.385602951049805,-8.373346328735352,-8.018426895141602,-8.385404586791992,,0.0001983642578125,2.173255205154419
1106007,5434099,relevance_end_5,11,decoder_self_attn,3,per_head,1.0,add,-8.385602951049805,-8.373346328735352,-8.018426895141602,-8.385198593139648,,0.00040435791015625,2.173255205154419
1106007,5434099,relevance_end_5,11,decoder_self_attn,3,per_head,1.5,add,-8.385602951049805,-8.373346328735352,-8.018426895141602,-8.38497257232666,,0.0006303787231445312,2.173255205154419
1106007,5434099,relevance_end_5,9,decoder_cross_attn,2,per_head,0.5,add,-8.385602951049805,-8.373346328735352,-8.018426895141602,-8.36361312866211,,0.021989822387695312,4.228691101074219
1106007,5434099,relevance_end_5,9,decoder_cross_attn,2,per_head,1.0,add,-8.385602951049805,-8.373346328735352,-8.018426895141602,-8.341035842895508,,0.044567108154296875,4.228691101074219
1106007,5434099,relevance_end_5,9,decoder_cross_attn,2,per_head,1.5,add,-8.385602951049805,-8.373346328735352,-8.018426895141602,-8.318225860595703,,0.06737709045410156,4.228691101074219
1106007,5434099,relevance_end_5,10,decoder_cross_attn,0,per_head,0.5,add,-8.385602951049805,-8.373346328735352,-8.018426895141602,-8.379842758178711,,0.00576019287109375,12.12502384185791
1106007,5434099,relevance_end_5,10,decoder_cross_attn,0,per_head,1.0,add,-8.385602951049805,-8.373346328735352,-8.018426895141602,-8.373167037963867,,0.0124359130859375,12.12502384185791
1106007,5434099,relevance_end_5,10,decoder_cross_attn,0,per_head,1.5,add,-8.385602951049805,-8.373346328735352,-8.018426895141602,-8.365937232971191,,0.01966571807861328,12.12502384185791
1106007,5434099,relevance_end_5,10,decoder_cross_attn,3,per_head,0.5,add,-8.385602951049805,-8.373346328735352,-8.018426895141602,-8.379973411560059,,0.005629539489746094,2.247756242752075
1106007,5434099,relevance_end_5,10,decoder_cross_attn,3,per_head,1.0,add,-8.385602951049805,-8.373346328735352,-8.018426895141602,-8.37433910369873,,0.011263847351074219,2.247756242752075
1106007,5434099,relevance_end_5,10,decoder_cross_attn,3,per_head,1.5,add,-8.385602951049805,-8.373346328735352,-8.018426895141602,-8.368703842163086,,0.01689910888671875,2.247756242752075
1106007,5434099,relevance_end_5,8,decoder_cross_attn,7,per_head,0.5,add,-8.385602951049805,-8.373346328735352,-8.018426895141602,-8.366255760192871,,0.019347190856933594,2.599320650100708
1106007,5434099,relevance_end_5,8,decoder_cross_attn,7,per_head,1.0,add,-8.385602951049805,-8.373346328735352,-8.018426895141602,-8.346766471862793,,0.03883647918701172,2.599320650100708
1106007,5434099,relevance_end_5,8,decoder_cross_attn,7,per_head,1.5,add,-8.385602951049805,-8.373346328735352,-8.018426895141602,-8.326822280883789,,0.058780670166015625,2.599320650100708
1106007,5434099,relevance_end_5,9,decoder_cross_attn,7,per_head,0.5,add,-8.385602951049805,-8.373346328735352,-8.018426895141602,-8.376473426818848,,0.009129524230957031,3.426360607147217
1106007,5434099,relevance_end_5,9,decoder_cross_attn,7,per_head,1.0,add,-8.385602951049805,-8.373346328735352,-8.018426895141602,-8.367290496826172,,0.018312454223632812,3.426360607147217
1106007,5434099,relevance_end_5,9,decoder_cross_attn,7,per_head,1.5,add,-8.385602951049805,-8.373346328735352,-8.018426895141602,-8.358074188232422,,0.027528762817382812,3.426360607147217
1106007,5434099,relevance_end_5,11,decoder_cross_attn,1,per_head,0.5,add,-8.385602951049805,-8.373346328735352,-8.018426895141602,-8.38178539276123,,0.0038175582885742188,2.567375898361206
1106007,5434099,relevance_end_5,11,decoder_cross_attn,1,per_head,1.0,add,-8.385602951049805,-8.373346328735352,-8.018426895141602,-8.377952575683594,,0.0076503753662109375,2.567375898361206
1106007,5434099,relevance_end_5,11,decoder_cross_attn,1,per_head,1.5,add,-8.385602951049805,-8.373346328735352,-8.018426895141602,-8.37409496307373,,0.011507987976074219,2.567375898361206
1106007,5434099,relevance_end_5,8,decoder_cross_attn,0,per_head,0.5,add,-8.385602951049805,-8.373346328735352,-8.018426895141602,-8.379637718200684,,0.005965232849121094,2.3537819385528564
1106007,5434099,relevance_end_5,8,decoder_cross_attn,0,per_head,1.0,add,-8.385602951049805,-8.373346328735352,-8.018426895141602,-8.37363052368164,,0.011972427368164062,2.3537819385528564
1106007,5434099,relevance_end_5,8,decoder_cross_attn,0,per_head,1.5,add,-8.385602951049805,-8.373346328735352,-8.018426895141602,-8.36762809753418,,0.017974853515625,2.3537819385528564
1106007,5434099,relevance_end_5,7,decoder_cross_attn,3,per_head,0.5,add,-8.385602951049805,-8.373346328735352,-8.018426895141602,-8.371007919311523,,0.01459503173828125,2.7912943363189697
1106007,5434099,relevance_end_5,7,decoder_cross_attn,3,per_head,1.0,add,-8.385602951049805,-8.373346328735352,-8.018426895141602,-8.356305122375488,,0.029297828674316406,2.7912943363189697
1106007,5434099,relevance_end_5,7,decoder_cross_attn,3,per_head,1.5,add,-8.385602951049805,-8.373346328735352,-8.018426895141602,-8.341591835021973,,0.04401111602783203,2.7912943363189697
1106007,5434099,relevance_end_5,10,decoder_cross_attn,6,per_head,0.5,add,-8.385602951049805,-8.373346328735352,-8.018426895141602,-8.380546569824219,,0.0050563812255859375,1.9554365873336792
1106007,5434099,relevance_end_5,10,decoder_cross_attn,6,per_head,1.0,add,-8.385602951049805,-8.373346328735352,-8.018426895141602,-8.375487327575684,,0.010115623474121094,1.9554365873336792
1106007,5434099,relevance_end_5,10,decoder_cross_attn,6,per_head,1.5,add,-8.385602951049805,-8.373346328735352,-8.018426895141602,-8.3704195022583,,0.015183448791503906,1.9554365873336792
1106007,5434099,relevance_end_5,7,decoder_cross_attn,5,per_head,0.5,add,-8.385602951049805,-8.373346328735352,-8.018426895141602,-8.3812894821167,,0.004313468933105469,2.274880886077881
1106007,5434099,relevance_end_5,7,decoder_cross_attn,5,per_head,1.0,add,-8.385602951049805,-8.373346328735352,-8.018426895141602,-8.376938819885254,,0.008664131164550781,2.274880886077881
1106007,5434099,relevance_end_5,7,decoder_cross_attn,5,per_head,1.5,add,-8.385602951049805,-8.373346328735352,-8.018426895141602,-8.37255573272705,,0.013047218322753906,2.274880886077881
1106007,5434099,relevance_end_5,4,decoder_cross_attn,2,per_head,0.5,add,-8.385602951049805,-8.373346328735352,-8.018426895141602,-8.381876945495605,,0.0037260055541992188,1.0704455375671387
1106007,5434099,relevance_end_5,4,decoder_cross_attn,2,per_head,1.0,add,-8.385602951049805,-8.373346328735352,-8.018426895141602,-8.378096580505371,,0.007506370544433594,1.0704455375671387
1106007,5434099,relevance_end_5,4,decoder_cross_attn,2,per_head,1.5,add,-8.385602951049805,-8.373346328735352,-8.018426895141602,-8.374292373657227,,0.011310577392578125,1.0704455375671387
1106007,5434099,relevance_end_5,7,decoder_cross_attn,6,per_head,0.5,add,-8.385602951049805,-8.373346328735352,-8.018426895141602,-8.38180923461914,,0.0037937164306640625,1.165013313293457
1106007,5434099,relevance_end_5,7,decoder_cross_attn,6,per_head,1.0,add,-8.385602951049805,-8.373346328735352,-8.018426895141602,-8.378007888793945,,0.007595062255859375,1.165013313293457
1106007,5434099,relevance_end_5,7,decoder_cross_attn,6,per_head,1.5,add,-8.385602951049805,-8.373346328735352,-8.018426895141602,-8.374198913574219,,0.011404037475585938,1.165013313293457
1106007,5434099,relevance_end_5,11,decoder_cross_attn,2,per_head,0.5,add,-8.385602951049805,-8.373346328735352,-8.018426895141602,-8.378387451171875,,0.0072154998779296875,2.1183841228485107
1106007,5434099,relevance_end_5,11,decoder_cross_attn,2,per_head,1.0,add,-8.385602951049805,-8.373346328735352,-8.018426895141602,-8.371162414550781,,0.014440536499023438,2.1183841228485107
1106007,5434099,relevance_end_5,11,decoder_cross_attn,2,per_head,1.5,add,-8.385602951049805,-8.373346328735352,-8.018426895141602,-8.363924026489258,,0.021678924560546875,2.1183841228485107
1106007,5434099,relevance_end_5,5,decoder_cross_attn,7,per_head,0.5,add,-8.385602951049805,-8.373346328735352,-8.018426895141602,-8.378989219665527,,0.006613731384277344,1.3838692903518677
1106007,5434099,relevance_end_5,5,decoder_cross_attn,7,per_head,1.0,add,-8.385602951049805,-8.373346328735352,-8.018426895141602,-8.372356414794922,,0.013246536254882812,1.3838692903518677
1106007,5434099,relevance_end_5,5,decoder_cross_attn,7,per_head,1.5,add,-8.385602951049805,-8.373346328735352,-8.018426895141602,-8.365701675415039,,0.019901275634765625,1.3838692903518677
1106007,5434099,relevance_end_5,6,decoder_cross_attn,9,per_head,0.5,add,-8.385602951049805,-8.373346328735352,-8.018426895141602,-8.37942123413086,,0.0061817169189453125,1.6831058263778687
1106007,5434099,relevance_end_5,6,decoder_cross_attn,9,per_head,1.0,add,-8.385602951049805,-8.373346328735352,-8.018426895141602,-8.373239517211914,,0.012363433837890625,1.6831058263778687
1106007,5434099,relevance_end_5,6,decoder_cross_attn,9,per_head,1.5,add,-8.385602951049805,-8.373346328735352,-8.018426895141602,-8.36698055267334,,0.018622398376464844,1.6831058263778687
1106007,5434099,relevance_end_5,0,decoder_cross_attn,5,per_head,0.5,add,-8.385602951049805,-8.373346328735352,-8.018426895141602,-8.382328033447266,,0.0032749176025390625,0.8403618335723877
1106007,5434099,relevance_end_5,0,decoder_cross_attn,5,per_head,1.0,add,-8.385602951049805,-8.373346328735352,-8.018426895141602,-8.379058837890625,,0.0065441131591796875,0.8403618335723877
1106007,5434099,relevance_end_5,0,decoder_cross_attn,5,per_head,1.5,add,-8.385602951049805,-8.373346328735352,-8.018426895141602,-8.375753402709961,,0.00984954833984375,0.8403618335723877
1106007,5434099,relevance_end_5,6,decoder_cross_attn,7,per_head,0.5,add,-8.385602951049805,-8.373346328735352,-8.018426895141602,-8.372817993164062,,0.012784957885742188,2.008059024810791
1106007,5434099,relevance_end_5,6,decoder_cross_attn,7,per_head,1.0,add,-8.385602951049805,-8.373346328735352,-8.018426895141602,-8.359932899475098,,0.02567005157470703,2.008059024810791
1106007,5434099,relevance_end_5,6,decoder_cross_attn,7,per_head,1.5,add,-8.385602951049805,-8.373346328735352,-8.018426895141602,-8.347000122070312,,0.03860282897949219,2.008059024810791
1113437,6597538,relevance_end_5,11,decoder_cross_attn,3,per_head,0.5,subtract,-2.642916679382324,-2.7929916381835938,-2.452739715576172,-2.475513458251953,0.02277374267578125,,4.913106441497803
1113437,6597538,relevance_end_5,11,decoder_cross_attn,3,per_head,1.0,subtract,-2.642916679382324,-2.7929916381835938,-2.452739715576172,-2.4983091354370117,0.045569419860839844,,4.913106441497803
1113437,6597538,relevance_end_5,11,decoder_cross_attn,3,per_head,1.5,subtract,-2.642916679382324,-2.7929916381835938,-2.452739715576172,-2.5211830139160156,0.06844329833984375,,4.913106441497803
1113437,6597538,relevance_end_5,11,decoder_cross_attn,6,per_head,0.5,subtract,-2.642916679382324,-2.7929916381835938,-2.452739715576172,-2.4674153327941895,0.014675617218017578,,3.656248092651367
1113437,6597538,relevance_end_5,11,decoder_cross_attn,6,per_head,1.0,subtract,-2.642916679382324,-2.7929916381835938,-2.452739715576172,-2.482085704803467,0.029345989227294922,,3.656248092651367
1113437,6597538,relevance_end_5,11,decoder_cross_attn,6,per_head,1.5,subtract,-2.642916679382324,-2.7929916381835938,-2.452739715576172,-2.4967827796936035,0.04404306411743164,,3.656248092651367
1113437,6597538,relevance_end_5,11,decoder_cross_attn,11,per_head,0.5,subtract,-2.642916679382324,-2.7929916381835938,-2.452739715576172,-2.473590850830078,0.02085113525390625,,3.6226985454559326
1113437,6597538,relevance_end_5,11,decoder_cross_attn,11,per_head,1.0,subtract,-2.642916679382324,-2.7929916381835938,-2.452739715576172,-2.4944353103637695,0.041695594787597656,,3.6226985454559326
1113437,6597538,relevance_end_5,11,decoder_cross_attn,11,per_head,1.5,subtract,-2.642916679382324,-2.7929916381835938,-2.452739715576172,-2.5151495933532715,0.06240987777709961,,3.6226985454559326
1113437,6597538,relevance_end_5,11,decoder_cross_attn,0,per_head,0.5,subtract,-2.642916679382324,-2.7929916381835938,-2.452739715576172,-2.461672306060791,0.00893259048461914,,2.1161696910858154
1113437,6597538,relevance_end_5,11,decoder_cross_attn,0,per_head,1.0,subtract,-2.642916679382324,-2.7929916381835938,-2.452739715576172,-2.4706268310546875,0.017887115478515625,,2.1161696910858154
1113437,6597538,relevance_end_5,11,decoder_cross_attn,0,per_head,1.5,subtract,-2.642916679382324,-2.7929916381835938,-2.452739715576172,-2.479618549346924,0.026878833770751953,,2.1161696910858154
1113437,6597538,relevance_end_5,11,decoder_self_attn,3,per_head,0.5,subtract,-2.642916679382324,-2.7929916381835938,-2.452739715576172,-2.450686454772949,-0.0020532608032226562,,2.173255205154419
1113437,6597538,relevance_end_5,11,decoder_self_attn,3,per_head,1.0,subtract,-2.642916679382324,-2.7929916381835938,-2.452739715576172,-2.4486217498779297,-0.0041179656982421875,,2.173255205154419
1113437,6597538,relevance_end_5,11,decoder_self_attn,3,per_head,1.5,subtract,-2.642916679382324,-2.7929916381835938,-2.452739715576172,-2.4465861320495605,-0.006153583526611328,,2.173255205154419
1113437,6597538,relevance_end_5,9,decoder_cross_attn,2,per_head,0.5,subtract,-2.642916679382324,-2.7929916381835938,-2.452739715576172,-2.4791507720947266,0.026411056518554688,,4.228691101074219
1113437,6597538,relevance_end_5,9,decoder_cross_attn,2,per_head,1.0,subtract,-2.642916679382324,-2.7929916381835938,-2.452739715576172,-2.5050458908081055,0.052306175231933594,,4.228691101074219
1113437,6597538,relevance_end_5,9,decoder_cross_attn,2,per_head,1.5,subtract,-2.642916679382324,-2.7929916381835938,-2.452739715576172,-2.5308847427368164,0.07814502716064453,,4.228691101074219
1113437,6597538,relevance_end_5,10,decoder_cross_attn,0,per_head,0.5,subtract,-2.642916679382324,-2.7929916381835938,-2.452739715576172,-2.4645748138427734,0.011835098266601562,,12.12502384185791
1113437,6597538,relevance_end_5,10,decoder_cross_attn,0,per_head,1.0,subtract,-2.642916679382324,-2.7929916381835938,-2.452739715576172,-2.475863456726074,0.023123741149902344,,12.12502384185791
1113437,6597538,relevance_end_5,10,decoder_cross_attn,0,per_head,1.5,subtract,-2.642916679382324,-2.7929916381835938,-2.452739715576172,-2.48647403717041,0.03373432159423828,,12.12502384185791
1113437,6597538,relevance_end_5,10,decoder_cross_attn,3,per_head,0.5,subtract,-2.642916679382324,-2.7929916381835938,-2.452739715576172,-2.4600257873535156,0.00728607177734375,,2.247756242752075
1113437,6597538,relevance_end_5,10,decoder_cross_attn,3,per_head,1.0,subtract,-2.642916679382324,-2.7929916381835938,-2.452739715576172,-2.4673819541931152,0.01464223861694336,,2.247756242752075
1113437,6597538,relevance_end_5,10,decoder_cross_attn,3,per_head,1.5,subtract,-2.642916679382324,-2.7929916381835938,-2.452739715576172,-2.4747605323791504,0.022020816802978516,,2.247756242752075
1113437,6597538,relevance_end_5,8,decoder_cross_attn,7,per_head,0.5,subtract,-2.642916679382324,-2.7929916381835938,-2.452739715576172,-2.479095935821533,0.026356220245361328,,2.599320650100708
1113437,6597538,relevance_end_5,8,decoder_cross_attn,7,per_head,1.0,subtract,-2.642916679382324,-2.7929916381835938,-2.452739715576172,-2.50553560256958,0.0527958869934082,,2.599320650100708
1113437,6597538,relevance_end_5,8,decoder_cross_attn,7,per_head,1.5,subtract,-2.642916679382324,-2.7929916381835938,-2.452739715576172,-2.531900405883789,0.07916069030761719,,2.599320650100708
1113437,6597538,relevance_end_5,9,decoder_cross_attn,7,per_head,0.5,subtract,-2.642916679382324,-2.7929916381835938,-2.452739715576172,-2.4655442237854004,0.012804508209228516,,3.426360607147217
1113437,6597538,relevance_end_5,9,decoder_cross_attn,7,per_head,1.0,subtract,-2.642916679382324,-2.7929916381835938,-2.452739715576172,-2.478428840637207,0.025689125061035156,,3.426360607147217
1113437,6597538,relevance_end_5,9,decoder_cross_attn,7,per_head,1.5,subtract,-2.642916679382324,-2.7929916381835938,-2.452739715576172,-2.4913887977600098,0.03864908218383789,,3.426360607147217
1113437,6597538,relevance_end_5,11,decoder_cross_attn,1,per_head,0.5,subtract,-2.642916679382324,-2.7929916381835938,-2.452739715576172,-2.4589486122131348,0.006208896636962891,,2.567375898361206
1113437,6597538,relevance_end_5,11,decoder_cross_attn,1,per_head,1.0,subtract,-2.642916679382324,-2.7929916381835938,-2.452739715576172,-2.4651966094970703,0.012456893920898438,,2.567375898361206
1113437,6597538,relevance_end_5,11,decoder_cross_attn,1,per_head,1.5,subtract,-2.642916679382324,-2.7929916381835938,-2.452739715576172,-2.471465587615967,0.018725872039794922,,2.567375898361206
1113437,6597538,relevance_end_5,8,decoder_cross_attn,0,per_head,0.5,subtract,-2.642916679382324,-2.7929916381835938,-2.452739715576172,-2.4584035873413086,0.005663871765136719,,2.3537819385528564
1113437,6597538,relevance_end_5,8,decoder_cross_attn,0,per_head,1.0,subtract,-2.642916679382324,-2.7929916381835938,-2.452739715576172,-2.4640259742736816,0.011286258697509766,,2.3537819385528564
1113437,6597538,relevance_end_5,8,decoder_cross_attn,0,per_head,1.5,subtract,-2.642916679382324,-2.7929916381835938,-2.452739715576172,-2.469670295715332,0.016930580139160156,,2.3537819385528564
1113437,6597538,relevance_end_5,7,decoder_cross_attn,3,per_head,0.5,subtract,-2.642916679382324,-2.7929916381835938,-2.452739715576172,-2.4642438888549805,0.011504173278808594,,2.7912943363189697
1113437,6597538,relevance_end_5,7,decoder_cross_attn,3,per_head,1.0,subtract,-2.642916679382324,-2.7929916381835938,-2.452739715576172,-2.475788116455078,0.02304840087890625,,2.7912943363189697
1113437,6597538,relevance_end_5,7,decoder_cross_attn,3,per_head,1.5,subtract,-2.642916679382324,-2.7929916381835938,-2.452739715576172,-2.487356185913086,0.03461647033691406,,2.7912943363189697
1113437,6597538,relevance_end_5,10,decoder_cross_attn,6,per_head,0.5,subtract,-2.642916679382324,-2.7929916381835938,-2.452739715576172,-2.4594950675964355,0.006755352020263672,,1.9554365873336792
1113437,6597538,relevance_end_5,10,decoder_cross_attn,6,per_head,1.0,subtract,-2.642916679382324,-2.7929916381835938,-2.452739715576172,-2.466252326965332,0.013512611389160156,,1.9554365873336792
1113437,6597538,relevance_end_5,10,decoder_cross_attn,6,per_head,1.5,subtract,-2.642916679382324,-2.7929916381835938,-2.452739715576172,-2.473013401031494,0.020273685455322266,,1.9554365873336792
1113437,6597538,relevance_end_5,7,decoder_cross_attn,5,per_head,0.5,subtract,-2.642916679382324,-2.7929916381835938,-2.452739715576172,-2.461472988128662,0.008733272552490234,,2.274880886077881
1113437,6597538,relevance_end_5,7,decoder_cross_attn,5,per_head,1.0,subtract,-2.642916679382324,-2.7929916381835938,-2.452739715576172,-2.470184803009033,0.017445087432861328,,2.274880886077881
1113437,6597538,relevance_end_5,7,decoder_cross_attn,5,per_head,1.5,subtract,-2.642916679382324,-2.7929916381835938,-2.452739715576172,-2.478854179382324,0.026114463806152344,,2.274880886077881
1113437,6597538,relevance_end_5,4,decoder_cross_attn,2,per_head,0.5,subtract,-2.642916679382324,-2.7929916381835938,-2.452739715576172,-2.4575772285461426,0.004837512969970703,,1.0704455375671387
1113437,6597538,relevance_end_5,4,decoder_cross_attn,2,per_head,1.0,subtract,-2.642916679382324,-2.7929916381835938,-2.452739715576172,-2.4625277519226074,0.009788036346435547,,1.0704455375671387
1113437,6597538,relevance_end_5,4,decoder_cross_attn,2,per_head,1.5,subtract,-2.642916679382324,-2.7929916381835938,-2.452739715576172,-2.467555522918701,0.014815807342529297,,1.0704455375671387
1113437,6597538,relevance_end_5,7,decoder_cross_attn,6,per_head,0.5,subtract,-2.642916679382324,-2.7929916381835938,-2.452739715576172,-2.458911418914795,0.006171703338623047,,1.165013313293457
1113437,6597538,relevance_end_5,7,decoder_cross_attn,6,per_head,1.0,subtract,-2.642916679382324,-2.7929916381835938,-2.452739715576172,-2.4650707244873047,0.012331008911132812,,1.165013313293457
1113437,6597538,relevance_end_5,7,decoder_cross_attn,6,per_head,1.5,subtract,-2.642916679382324,-2.7929916381835938,-2.452739715576172,-2.4712414741516113,0.018501758575439453,,1.165013313293457
1113437,6597538,relevance_end_5,11,decoder_cross_attn,2,per_head,0.5,subtract,-2.642916679382324,-2.7929916381835938,-2.452739715576172,-2.461811065673828,0.00907135009765625,,2.1183841228485107
1113437,6597538,relevance_end_5,11,decoder_cross_attn,2,per_head,1.0,subtract,-2.642916679382324,-2.7929916381835938,-2.452739715576172,-2.470876693725586,0.018136978149414062,,2.1183841228485107
1113437,6597538,relevance_end_5,11,decoder_cross_attn,2,per_head,1.5,subtract,-2.642916679382324,-2.7929916381835938,-2.452739715576172,-2.4799370765686035,0.02719736099243164,,2.1183841228485107
1113437,6597538,relevance_end_5,5,decoder_cross_attn,7,per_head,0.5,subtract,-2.642916679382324,-2.7929916381835938,-2.452739715576172,-2.4591636657714844,0.0064239501953125,,1.3838692903518677
1113437,6597538,relevance_end_5,5,decoder_cross_attn,7,per_head,1.0,subtract,-2.642916679382324,-2.7929916381835938,-2.452739715576172,-2.4655818939208984,0.012842178344726562,,1.3838692903518677
1113437,6597538,relevance_end_5,5,decoder_cross_attn,7,per_head,1.5,subtract,-2.642916679382324,-2.7929916381835938,-2.452739715576172,-2.4719953536987305,0.019255638122558594,,1.3838692903518677
1113437,6597538,relevance_end_5,6,decoder_cross_attn,9,per_head,0.5,subtract,-2.642916679382324,-2.7929916381835938,-2.452739715576172,-2.4611783027648926,0.008438587188720703,,1.6831058263778687
1113437,6597538,relevance_end_5,6,decoder_cross_attn,9,per_head,1.0,subtract,-2.642916679382324,-2.7929916381835938,-2.452739715576172,-2.469615936279297,0.016876220703125,,1.6831058263778687
1113437,6597538,relevance_end_5,6,decoder_cross_attn,9,per_head,1.5,subtract,-2.642916679382324,-2.7929916381835938,-2.452739715576172,-2.478036403656006,0.025296688079833984,,1.6831058263778687
1113437,6597538,relevance_end_5,0,decoder_cross_attn,5,per_head,0.5,subtract,-2.642916679382324,-2.7929916381835938,-2.452739715576172,-2.4573912620544434,0.004651546478271484,,0.8403618335723877
1113437,6597538,relevance_end_5,0,decoder_cross_attn,5,per_head,1.0,subtract,-2.642916679382324,-2.7929916381835938,-2.452739715576172,-2.4621691703796387,0.009429454803466797,,0.8403618335723877
1113437,6597538,relevance_end_5,0,decoder_cross_attn,5,per_head,1.5,subtract,-2.642916679382324,-2.7929916381835938,-2.452739715576172,-2.4669508934020996,0.014211177825927734,,0.8403618335723877
1113437,6597538,relevance_end_5,6,decoder_cross_attn,7,per_head,0.5,subtract,-2.642916679382324,-2.7929916381835938,-2.452739715576172,-2.4670448303222656,0.01430511474609375,,2.008059024810791
1113437,6597538,relevance_end_5,6,decoder_cross_attn,7,per_head,1.0,subtract,-2.642916679382324,-2.7929916381835938,-2.452739715576172,-2.4813294410705566,0.028589725494384766,,2.008059024810791
1113437,6597538,relevance_end_5,6,decoder_cross_attn,7,per_head,1.5,subtract,-2.642916679382324,-2.7929916381835938,-2.452739715576172,-2.4956493377685547,0.04290962219238281,,2.008059024810791
1113437,6597538,relevance_end_5,11,decoder_cross_attn,3,per_head,0.5,add,-2.642916679382324,-2.7929916381835938,-2.452739715576172,-2.620309829711914,,0.022606849670410156,4.913106441497803
1113437,6597538,relevance_end_5,11,decoder_cross_attn,3,per_head,1.0,add,-2.642916679382324,-2.7929916381835938,-2.452739715576172,-2.597545623779297,,0.045371055603027344,4.913106441497803
1113437,6597538,relevance_end_5,11,decoder_cross_attn,3,per_head,1.5,add,-2.642916679382324,-2.7929916381835938,-2.452739715576172,-2.57474946975708,,0.06816720962524414,4.913106441497803
1113437,6597538,relevance_end_5,11,decoder_cross_attn,6,per_head,0.5,add,-2.642916679382324,-2.7929916381835938,-2.452739715576172,-2.628119945526123,,0.014796733856201172,3.656248092651367
1113437,6597538,relevance_end_5,11,decoder_cross_attn,6,per_head,1.0,add,-2.642916679382324,-2.7929916381835938,-2.452739715576172,-2.613309860229492,,0.02960681915283203,3.656248092651367
1113437,6597538,relevance_end_5,11,decoder_cross_attn,6,per_head,1.5,add,-2.642916679382324,-2.7929916381835938,-2.452739715576172,-2.598480224609375,,0.04443645477294922,3.656248092651367
1113437,6597538,relevance_end_5,11,decoder_cross_attn,11,per_head,0.5,add,-2.642916679382324,-2.7929916381835938,-2.452739715576172,-2.622154712677002,,0.020761966705322266,3.6226985454559326
1113437,6597538,relevance_end_5,11,decoder_cross_attn,11,per_head,1.0,add,-2.642916679382324,-2.7929916381835938,-2.452739715576172,-2.6011219024658203,,0.041794776916503906,3.6226985454559326
1113437,6597538,relevance_end_5,11,decoder_cross_attn,11,per_head,1.5,add,-2.642916679382324,-2.7929916381835938,-2.452739715576172,-2.5800833702087402,,0.06283330917358398,3.6226985454559326
1113437,6597538,relevance_end_5,11,decoder_cross_attn,0,per_head,0.5,add,-2.642916679382324,-2.7929916381835938,-2.452739715576172,-2.6339645385742188,,0.008952140808105469,2.1161696910858154
1113437,6597538,relevance_end_5,11,decoder_cross_attn,0,per_head,1.0,add,-2.642916679382324,-2.7929916381835938,-2.452739715576172,-2.625009536743164,,0.017907142639160156,2.1161696910858154
1113437,6597538,relevance_end_5,11,decoder_cross_attn,0,per_head,1.5,add,-2.642916679382324,-2.7929916381835938,-2.452739715576172,-2.6160526275634766,,0.026864051818847656,2.1161696910858154
1113437,6597538,relevance_end_5,11,decoder_self_attn,3,per_head,0.5,add,-2.642916679382324,-2.7929916381835938,-2.452739715576172,-2.64461612701416,,-0.0016994476318359375,2.173255205154419
1113437,6597538,relevance_end_5,11,decoder_self_attn,3,per_head,1.0,add,-2.642916679382324,-2.7929916381835938,-2.452739715576172,-2.6462974548339844,,-0.0033807754516601562,2.173255205154419
1113437,6597538,relevance_end_5,11,decoder_self_attn,3,per_head,1.5,add,-2.642916679382324,-2.7929916381835938,-2.452739715576172,-2.647960662841797,,-0.005043983459472656,2.173255205154419
1113437,6597538,relevance_end_5,9,decoder_cross_attn,2,per_head,0.5,add,-2.642916679382324,-2.7929916381835938,-2.452739715576172,-2.613892078399658,,0.029024600982666016,4.228691101074219
1113437,6597538,relevance_end_5,9,decoder_cross_attn,2,per_head,1.0,add,-2.642916679382324,-2.7929916381835938,-2.452739715576172,-2.5849246978759766,,0.057991981506347656,4.228691101074219
1113437,6597538,relevance_end_5,9,decoder_cross_attn,2,per_head,1.5,add,-2.642916679382324,-2.7929916381835938,-2.452739715576172,-2.5562686920166016,,0.08664798736572266,4.228691101074219
1113437,6597538,relevance_end_5,10,decoder_cross_attn,0,per_head,0.5,add,-2.642916679382324,-2.7929916381835938,-2.452739715576172,-2.6268434524536133,,0.016073226928710938,12.12502384185791
1113437,6597538,relevance_end_5,10,decoder_cross_attn,0,per_head,1.0,add,-2.642916679382324,-2.7929916381835938,-2.452739715576172,-2.607448101043701,,0.03546857833862305,12.12502384185791
1113437,6597538,relevance_end_5,10,decoder_cross_attn,0,per_head,1.5,add,-2.642916679382324,-2.7929916381835938,-2.452739715576172,-2.5850071907043457,,0.057909488677978516,12.12502384185791
1113437,6597538,relevance_end_5,10,decoder_cross_attn,3,per_head,0.5,add,-2.642916679382324,-2.7929916381835938,-2.452739715576172,-2.635660171508789,,0.007256507873535156,2.247756242752075
1113437,6597538,relevance_end_5,10,decoder_cross_attn,3,per_head,1.0,add,-2.642916679382324,-2.7929916381835938,-2.452739715576172,-2.628408908843994,,0.014507770538330078,2.247756242752075
1113437,6597538,relevance_end_5,10,decoder_cross_attn,3,per_head,1.5,add,-2.642916679382324,-2.7929916381835938,-2.452739715576172,-2.6211609840393066,,0.021755695343017578,2.247756242752075
1113437,6597538,relevance_end_5,8,decoder_cross_attn,7,per_head,0.5,add,-2.642916679382324,-2.7929916381835938,-2.452739715576172,-2.614652633666992,,0.02826404571533203,2.599320650100708
1113437,6597538,relevance_end_5,8,decoder_cross_attn,7,per_head,1.0,add,-2.642916679382324,-2.7929916381835938,-2.452739715576172,-2.586275577545166,,0.0566411018371582,2.599320650100708
1113437,6597538,relevance_end_5,8,decoder_cross_attn,7,per_head,1.5,add,-2.642916679382324,-2.7929916381835938,-2.452739715576172,-2.5580849647521973,,0.08483171463012695,2.599320650100708
1113437,6597538,relevance_end_5,9,decoder_cross_attn,7,per_head,0.5,add,-2.642916679382324,-2.7929916381835938,-2.452739715576172,-2.6291728019714355,,0.013743877410888672,3.426360607147217
1113437,6597538,relevance_end_5,9,decoder_cross_attn,7,per_head,1.0,add,-2.642916679382324,-2.7929916381835938,-2.452739715576172,-2.6155238151550293,,0.027392864227294922,3.426360607147217
1113437,6597538,relevance_end_5,9,decoder_cross_attn,7,per_head,1.5,add,-2.642916679382324,-2.7929916381835938,-2.452739715576172,-2.6019935607910156,,0.040923118591308594,3.426360607147217
1113437,6597538,relevance_end_5,11,decoder_cross_attn,1,per_head,0.5,add,-2.642916679382324,-2.7929916381835938,-2.452739715576172,-2.636819362640381,,0.006097316741943359,2.567375898361206
1113437,6597538,relevance_end_5,11,decoder_cross_attn,1,per_head,1.0,add,-2.642916679382324,-2.7929916381835938,-2.452739715576172,-2.6305761337280273,,0.012340545654296875,2.567375898361206
1113437,6597538,relevance_end_5,11,decoder_cross_attn,1,per_head,1.5,add,-2.642916679382324,-2.7929916381835938,-2.452739715576172,-2.624267578125,,0.01864910125732422,2.567375898361206
1113437,6597538,relevance_end_5,8,decoder_cross_attn,0,per_head,0.5,add,-2.642916679382324,-2.7929916381835938,-2.452739715576172,-2.6366348266601562,,0.006281852722167969,2.3537819385528564
1113437,6597538,relevance_end_5,8,decoder_cross_attn,0,per_head,1.0,add,-2.642916679382324,-2.7929916381835938,-2.452739715576172,-2.6303558349609375,,0.012560844421386719,2.3537819385528564
1113437,6597538,relevance_end_5,8,decoder_cross_attn,0,per_head,1.5,add,-2.642916679382324,-2.7929916381835938,-2.452739715576172,-2.624128818511963,,0.018787860870361328,2.3537819385528564
1113437,6597538,relevance_end_5,7,decoder_cross_attn,3,per_head,0.5,add,-2.642916679382324,-2.7929916381835938,-2.452739715576172,-2.6309242248535156,,0.011992454528808594,2.7912943363189697
1113437,6597538,relevance_end_5,7,decoder_cross_attn,3,per_head,1.0,add,-2.642916679382324,-2.7929916381835938,-2.452739715576172,-2.619002342224121,,0.023914337158203125,2.7912943363189697
1113437,6597538,relevance_end_5,7,decoder_cross_attn,3,per_head,1.5,add,-2.642916679382324,-2.7929916381835938,-2.452739715576172,-2.607128620147705,,0.03578805923461914,2.7912943363189697
1113437,6597538,relevance_end_5,10,decoder_cross_attn,6,per_head,0.5,add,-2.642916679382324,-2.7929916381835938,-2.452739715576172,-2.6363964080810547,,0.006520271301269531,1.9554365873336792
1113437,6597538,relevance_end_5,10,decoder_cross_attn,6,per_head,1.0,add,-2.642916679382324,-2.7929916381835938,-2.452739715576172,-2.629878044128418,,0.01303863525390625,1.9554365873336792
1113437,6597538,relevance_end_5,10,decoder_cross_attn,6,per_head,1.5,add,-2.642916679382324,-2.7929916381835938,-2.452739715576172,-2.623354911804199,,0.019561767578125,1.9554365873336792
1113437,6597538,relevance_end_5,7,decoder_cross_attn,5,per_head,0.5,add,-2.642916679382324,-2.7929916381835938,-2.452739715576172,-2.6337499618530273,,0.009166717529296875,2.274880886077881
1113437,6597538,relevance_end_5,7,decoder_cross_attn,5,per_head,1.0,add,-2.642916679382324,-2.7929916381835938,-2.452739715576172,-2.6245779991149902,,0.018338680267333984,2.274880886077881
1113437,6597538,relevance_end_5,7,decoder_cross_attn,5,per_head,1.5,add,-2.642916679382324,-2.7929916381835938,-2.452739715576172,-2.6154942512512207,,0.027422428131103516,2.274880886077881
1113437,6597538,relevance_end_5,4,decoder_cross_attn,2,per_head,0.5,add,-2.642916679382324,-2.7929916381835938,-2.452739715576172,-2.6374993324279785,,0.005417346954345703,1.0704455375671387
1113437,6597538,relevance_end_5,4,decoder_cross_attn,2,per_head,1.0,add,-2.642916679382324,-2.7929916381835938,-2.452739715576172,-2.6320886611938477,,0.010828018188476562,1.0704455375671387
1113437,6597538,relevance_end_5,4,decoder_cross_attn,2,per_head,1.5,add,-2.642916679382324,-2.7929916381835938,-2.452739715576172,-2.626677989959717,,0.016238689422607422,1.0704455375671387
1113437,6597538,relevance_end_5,7,decoder_cross_attn,6,per_head,0.5,add,-2.642916679382324,-2.7929916381835938,-2.452739715576172,-2.636585235595703,,0.006331443786621094,1.165013313293457
1113437,6597538,relevance_end_5,7,decoder_cross_attn,6,per_head,1.0,add,-2.642916679382324,-2.7929916381835938,-2.452739715576172,-2.6302480697631836,,0.012668609619140625,1.165013313293457
1113437,6597538,relevance_end_5,7,decoder_cross_attn,6,per_head,1.5,add,-2.642916679382324,-2.7929916381835938,-2.452739715576172,-2.6239166259765625,,0.01900005340576172,1.165013313293457
1113437,6597538,relevance_end_5,11,decoder_cross_attn,2,per_head,0.5,add,-2.642916679382324,-2.7929916381835938,-2.452739715576172,-2.633922576904297,,0.008994102478027344,2.1183841228485107
1113437,6597538,relevance_end_5,11,decoder_cross_attn,2,per_head,1.0,add,-2.642916679382324,-2.7929916381835938,-2.452739715576172,-2.624817371368408,,0.018099308013916016,2.1183841228485107
1113437,6597538,relevance_end_5,11,decoder_cross_attn,2,per_head,1.5,add,-2.642916679382324,-2.7929916381835938,-2.452739715576172,-2.6156277656555176,,0.02728891372680664,2.1183841228485107
1113437,6597538,relevance_end_5,5,decoder_cross_attn,7,per_head,0.5,add,-2.642916679382324,-2.7929916381835938,-2.452739715576172,-2.6357250213623047,,0.007191658020019531,1.3838692903518677
1113437,6597538,relevance_end_5,5,decoder_cross_attn,7,per_head,1.0,add,-2.642916679382324,-2.7929916381835938,-2.452739715576172,-2.6285176277160645,,0.014399051666259766,1.3838692903518677
1113437,6597538,relevance_end_5,5,decoder_cross_attn,7,per_head,1.5,add,-2.642916679382324,-2.7929916381835938,-2.452739715576172,-2.6212282180786133,,0.021688461303710938,1.3838692903518677
1113437,6597538,relevance_end_5,6,decoder_cross_attn,9,per_head,0.5,add,-2.642916679382324,-2.7929916381835938,-2.452739715576172,-2.6342763900756836,,0.008640289306640625,1.6831058263778687
1113437,6597538,relevance_end_5,6,decoder_cross_attn,9,per_head,1.0,add,-2.642916679382324,-2.7929916381835938,-2.452739715576172,-2.625504970550537,,0.01741170883178711,1.6831058263778687
1113437,6597538,relevance_end_5,6,decoder_cross_attn,9,per_head,1.5,add,-2.642916679382324,-2.7929916381835938,-2.452739715576172,-2.6166887283325195,,0.026227951049804688,1.6831058263778687
1113437,6597538,relevance_end_5,0,decoder_cross_attn,5,per_head,0.5,add,-2.642916679382324,-2.7929916381835938,-2.452739715576172,-2.6374945640563965,,0.005422115325927734,0.8403618335723877
1113437,6597538,relevance_end_5,0,decoder_cross_attn,5,per_head,1.0,add,-2.642916679382324,-2.7929916381835938,-2.452739715576172,-2.632099151611328,,0.010817527770996094,0.8403618335723877
1113437,6597538,relevance_end_5,0,decoder_cross_attn,5,per_head,1.5,add,-2.642916679382324,-2.7929916381835938,-2.452739715576172,-2.626725673675537,,0.01619100570678711,0.8403618335723877
1113437,6597538,relevance_end_5,6,decoder_cross_attn,7,per_head,0.5,add,-2.642916679382324,-2.7929916381835938,-2.452739715576172,-2.627220630645752,,0.015696048736572266,2.008059024810791
1113437,6597538,relevance_end_5,6,decoder_cross_attn,7,per_head,1.0,add,-2.642916679382324,-2.7929916381835938,-2.452739715576172,-2.611355781555176,,0.03156089782714844,2.008059024810791
1113437,6597538,relevance_end_5,6,decoder_cross_attn,7,per_head,1.5,add,-2.642916679382324,-2.7929916381835938,-2.452739715576172,-2.5954275131225586,,0.047489166259765625,2.008059024810791
